date,hy_spread,yield_curve,oil_wti,copper,vix,ig_spread,breakeven_10y,dollar_index
1976-06-01,,0.68,,,,,,
1976-06-02,,0.71,,,,,,
1976-06-03,,0.7,,,,,,
1976-06-04,,0.77,,,,,,
1976-06-07,,0.79,,,,,,
1976-06-08,,0.79,,,,,,
1976-06-09,,0.82,,,,,,
1976-06-10,,0.86,,,,,,
1976-06-11,,0.83,,,,,,
1976-06-14,,0.83,,,,,,
1976-06-15,,0.83,,,,,,
1976-06-16,,0.81,,,,,,
1976-06-17,,0.79,,,,,,
1976-06-18,,0.82,,,,,,
1976-06-21,,0.85,,,,,,
1976-06-22,,0.8,,,,,,
1976-06-23,,0.8,,,,,,
1976-06-24,,0.82,,,,,,
1976-06-25,,0.81,,,,,,
1976-06-28,,0.84,,,,,,
1976-06-29,,0.84,,,,,,
1976-06-30,,0.84,,,,,,
1976-07-01,,0.86,,,,,,
1976-07-02,,0.85,,,,,,
1976-07-06,,0.86,,,,,,
1976-07-07,,0.85,,,,,,
1976-07-08,,0.9,,,,,,
1976-07-09,,1.01,,,,,,
1976-07-12,,1.04,,,,,,
1976-07-13,,1.03,,,,,,
1976-07-14,,1.03,,,,,,
1976-07-15,,1.05,,,,,,
1976-07-16,,0.98,,,,,,
1976-07-19,,0.97,,,,,,
1976-07-20,,0.96,,,,,,
1976-07-21,,0.96,,,,,,
1976-07-22,,0.95,,,,,,
1976-07-23,,0.94,,,,,,
1976-07-26,,1.01,,,,,,
1976-07-27,,1.09,,,,,,
1976-07-28,,1.06,,,,,,
1976-07-29,,1.1,,,,,,
1976-07-30,,1.12,,,,,,
1976-08-02,,1.1,,,,,,
1976-08-03,,1.1,,,,,,
1976-08-04,,1.08,,,,,,
1976-08-05,,1.08,,,,,,
1976-08-06,,1.13,,,,,,
1976-08-09,,1.16,,,,,,
1976-08-10,,1.16,,,,,,
1976-08-11,,1.16,,,,,,
1976-08-12,,1.17,,,,,,
1976-08-13,,1.18,,,,,,
1976-08-16,,1.17,,,,,,
1976-08-17,,1.18,,,,,,
1976-08-18,,1.17,,,,,,
1976-08-19,,1.15,,,,,,
1976-08-20,,1.08,,,,,,
1976-08-23,,1.11,,,,,,
1976-08-24,,1.12,,,,,,
1976-08-25,,1.16,,,,,,
1976-08-26,,1.14,,,,,,
1976-08-27,,1.12,,,,,,
1976-08-30,,1.14,,,,,,
1976-08-31,,1.16,,,,,,
1976-09-01,,1.14,,,,,,
1976-09-02,,1.13,,,,,,
1976-09-03,,1.13,,,,,,
1976-09-07,,1.18,,,,,,
1976-09-08,,1.2,,,,,,
1976-09-09,,1.17,,,,,,
1976-09-10,,1.18,,,,,,
1976-09-13,,1.17,,,,,,
1976-09-14,,1.15,,,,,,
1976-09-15,,1.17,,,,,,
1976-09-16,,1.19,,,,,,
1976-09-17,,1.23,,,,,,
1976-09-20,,1.18,,,,,,
1976-09-21,,1.21,,,,,,
1976-09-22,,1.17,,,,,,
1976-09-23,,1.19,,,,,,
1976-09-24,,1.14,,,,,,
1976-09-27,,1.19,,,,,,
1976-09-28,,1.2,,,,,,
1976-09-29,,1.2,,,,,,
1976-09-30,,1.22,,,,,,
1976-10-01,,1.25,,,,,,
1976-10-04,,1.27,,,,,,
1976-10-05,,1.28,,,,,,
1976-10-06,,1.33,,,,,,
1976-10-07,,1.34,,,,,,
1976-10-08,,1.51,,,,,,
1976-10-12,,1.55,,,,,,
1976-10-13,,1.53,,,,,,
1976-10-14,,1.53,,,,,,
1976-10-15,,1.56,,,,,,
1976-10-18,,1.54,,,,,,
1976-10-19,,1.5,,,,,,
1976-10-20,,1.43,,,,,,
1976-10-21,,1.41,,,,,,
1976-10-22,,1.41,,,,,,
1976-10-25,,1.42,,,,,,
1976-10-26,,1.43,,,,,,
1976-10-27,,1.44,,,,,,
1976-10-28,,1.42,,,,,,
1976-10-29,,1.39,,,,,,
1976-11-01,,1.35,,,,,,
1976-11-03,,1.37,,,,,,
1976-11-04,,1.43,,,,,,
1976-11-05,,1.4,,,,,,
1976-11-08,,1.42,,,,,,
1976-11-09,,1.39,,,,,,
1976-11-10,,1.42,,,,,,
1976-11-12,,1.42,,,,,,
1976-11-15,,1.41,,,,,,
1976-11-16,,1.47,,,,,,
1976-11-17,,1.5,,,,,,
1976-11-18,,1.5,,,,,,
1976-11-19,,1.57,,,,,,
1976-11-22,,1.61,,,,,,
1976-11-23,,1.57,,,,,,
1976-11-24,,1.58,,,,,,
1976-11-26,,1.58,,,,,,
1976-11-29,,1.56,,,,,,
1976-11-30,,1.59,,,,,,
1976-12-01,,1.57,,,,,,
1976-12-02,,1.58,,,,,,
1976-12-03,,1.55,,,,,,
1976-12-06,,1.5,,,,,,
1976-12-07,,1.47,,,,,,
1976-12-08,,1.48,,,,,,
1976-12-09,,1.48,,,,,,
1976-12-10,,1.51,,,,,,
1976-12-13,,1.47,,,,,,
1976-12-14,,1.5,,,,,,
1976-12-15,,1.5,,,,,,
1976-12-16,,1.48,,,,,,
1976-12-17,,1.48,,,,,,
1976-12-20,,1.5,,,,,,
1976-12-21,,1.48,,,,,,
1976-12-22,,1.52,,,,,,
1976-12-23,,1.48,,,,,,
1976-12-27,,1.47,,,,,,
1976-12-28,,1.47,,,,,,
1976-12-29,,1.45,,,,,,
1976-12-30,,1.42,,,,,,
1976-12-31,,1.47,,,,,,
1977-01-03,,1.42,,,,,,
1977-01-04,,1.4,,,,,,
1977-01-05,,1.4,,,,,,
1977-01-06,,1.36,,,,,,
1977-01-07,,1.39,,,,,,
1977-01-10,,1.41,,,,,,
1977-01-11,,1.41,,,,,,
1977-01-12,,1.42,,,,,,
1977-01-13,,1.39,,,,,,
1977-01-14,,1.32,,,,,,
1977-01-17,,1.3,,,,,,
1977-01-18,,1.3,,,,,,
1977-01-19,,1.26,,,,,,
1977-01-20,,1.25,,,,,,
1977-01-21,,1.26,,,,,,
1977-01-24,,1.25,,,,,,
1977-01-25,,1.24,,,,,,
1977-01-26,,1.24,,,,,,
1977-01-27,,1.17,,,,,,
1977-01-28,,1.18,,,,,,
1977-01-31,,1.22,,,,,,
1977-02-01,,1.21,,,,,,
1977-02-02,,1.19,,,,,,
1977-02-03,,1.26,,,,,,
1977-02-04,,1.25,,,,,,
1977-02-07,,1.3,,,,,,
1977-02-08,,1.29,,,,,,
1977-02-09,,1.33,,,,,,
1977-02-10,,1.3,,,,,,
1977-02-11,,1.34,,,,,,
1977-02-14,,1.32,,,,,,
1977-02-15,,1.32,,,,,,
1977-02-16,,1.32,,,,,,
1977-02-17,,1.27,,,,,,
1977-02-18,,1.35,,,,,,
1977-02-22,,1.33,,,,,,
1977-02-23,,1.36,,,,,,
1977-02-24,,1.3,,,,,,
1977-02-25,,1.34,,,,,,
1977-02-28,,1.37,,,,,,
1977-03-01,,1.33,,,,,,
1977-03-02,,1.33,,,,,,
1977-03-03,,1.35,,,,,,
1977-03-04,,1.38,,,,,,
1977-03-07,,1.38,,,,,,
1977-03-08,,1.38,,,,,,
1977-03-09,,1.38,,,,,,
1977-03-10,,1.38,,,,,,
1977-03-11,,1.35,,,,,,
1977-03-14,,1.39,,,,,,
1977-03-15,,1.38,,,,,,
1977-03-16,,1.36,,,,,,
1977-03-17,,1.33,,,,,,
1977-03-18,,1.36,,,,,,
1977-03-21,,1.4,,,,,,
1977-03-22,,1.39,,,,,,
1977-03-23,,1.4,,,,,,
1977-03-24,,1.39,,,,,,
1977-03-25,,1.38,,,,,,
1977-03-28,,1.36,,,,,,
1977-03-29,,1.39,,,,,,
1977-03-30,,1.39,,,,,,
1977-03-31,,1.41,,,,,,
1977-04-01,,1.41,,,,,,
1977-04-04,,1.41,,,,,,
1977-04-05,,1.46,,,,,,
1977-04-06,,1.42,,,,,,
1977-04-07,,1.41,,,,,,
1977-04-11,,1.43,,,,,,
1977-04-12,,1.41,,,,,,
1977-04-13,,1.4,,,,,,
1977-04-14,,1.49,,,,,,
1977-04-15,,1.47,,,,,,
1977-04-18,,1.45,,,,,,
1977-04-19,,1.43,,,,,,
1977-04-20,,1.37,,,,,,
1977-04-21,,1.39,,,,,,
1977-04-22,,1.37,,,,,,
1977-04-25,,1.39,,,,,,
1977-04-26,,1.38,,,,,,
1977-04-27,,1.37,,,,,,
1977-04-28,,1.37,,,,,,
1977-04-29,,1.31,,,,,,
1977-05-02,,1.3,,,,,,
1977-05-03,,1.29,,,,,,
1977-05-04,,1.34,,,,,,
1977-05-05,,1.31,,,,,,
1977-05-06,,1.26,,,,,,
1977-05-09,,1.25,,,,,,
1977-05-10,,1.25,,,,,,
1977-05-11,,1.18,,,,,,
1977-05-12,,1.18,,,,,,
1977-05-13,,1.2,,,,,,
1977-05-16,,1.2,,,,,,
1977-05-17,,1.2,,,,,,
1977-05-18,,1.19,,,,,,
1977-05-19,,1.12,,,,,,
1977-05-20,,1.06,,,,,,
1977-05-23,,1.08,,,,,,
1977-05-24,,1.11,,,,,,
1977-05-25,,1.16,,,,,,
1977-05-26,,1.18,,,,,,
1977-05-27,,1.18,,,,,,
1977-05-31,,1.2,,,,,,
1977-06-01,,1.14,,,,,,
1977-06-02,,1.19,,,,,,
1977-06-03,,1.17,,,,,,
1977-06-06,,1.19,,,,,,
1977-06-07,,1.19,,,,,,
1977-06-08,,1.21,,,,,,
1977-06-09,,1.19,,,,,,
1977-06-10,,1.15,,,,,,
1977-06-13,,1.14,,,,,,
1977-06-14,,1.14,,,,,,
1977-06-15,,1.12,,,,,,
1977-06-16,,1.12,,,,,,
1977-06-17,,1.14,,,,,,
1977-06-20,,1.16,,,,,,
1977-06-21,,1.14,,,,,,
1977-06-22,,1.13,,,,,,
1977-06-23,,1.14,,,,,,
1977-06-24,,1.1,,,,,,
1977-06-27,,1.14,,,,,,
1977-06-28,,1.1,,,,,,
1977-06-29,,1.14,,,,,,
1977-06-30,,1.12,,,,,,
1977-07-01,,1.22,,,,,,
1977-07-05,,1.23,,,,,,
1977-07-06,,1.23,,,,,,
1977-07-07,,1.14,,,,,,
1977-07-08,,1.12,,,,,,
1977-07-11,,1.11,,,,,,
1977-07-12,,1.1,,,,,,
1977-07-13,,1.09,,,,,,
1977-07-15,,1.05,,,,,,
1977-07-18,,1.04,,,,,,
1977-07-19,,1.02,,,,,,
1977-07-20,,0.97,,,,,,
1977-07-21,,0.94,,,,,,
1977-07-22,,0.96,,,,,,
1977-07-25,,0.99,,,,,,
1977-07-26,,1.0,,,,,,
1977-07-27,,0.99,,,,,,
1977-07-28,,0.93,,,,,,
1977-07-29,,0.92,,,,,,
1977-08-01,,0.94,,,,,,
1977-08-02,,0.9,,,,,,
1977-08-03,,0.89,,,,,,
1977-08-04,,0.91,,,,,,
1977-08-05,,0.89,,,,,,
1977-08-08,,0.89,,,,,,
1977-08-09,,0.87,,,,,,
1977-08-10,,0.87,,,,,,
1977-08-11,,0.83,,,,,,
1977-08-12,,0.8,,,,,,
1977-08-15,,0.77,,,,,,
1977-08-16,,0.74,,,,,,
1977-08-17,,0.72,,,,,,
1977-08-18,,0.74,,,,,,
1977-08-19,,0.73,,,,,,
1977-08-22,,0.73,,,,,,
1977-08-23,,0.72,,,,,,
1977-08-24,,0.68,,,,,,
1977-08-25,,0.7,,,,,,
1977-08-26,,0.65,,,,,,
1977-08-29,,0.69,,,,,,
1977-08-30,,0.71,,,,,,
1977-08-31,,0.69,,,,,,
1977-09-01,,0.73,,,,,,
1977-09-02,,0.71,,,,,,
1977-09-06,,0.72,,,,,,
1977-09-07,,0.72,,,,,,
1977-09-08,,0.74,,,,,,
1977-09-09,,0.6,,,,,,
1977-09-12,,0.6,,,,,,
1977-09-13,,0.62,,,,,,
1977-09-14,,0.6,,,,,,
1977-09-15,,0.63,,,,,,
1977-09-16,,0.64,,,,,,
1977-09-19,,0.66,,,,,,
1977-09-20,,0.66,,,,,,
1977-09-21,,0.65,,,,,,
1977-09-22,,0.54,,,,,,
1977-09-23,,0.53,,,,,,
1977-09-26,,0.53,,,,,,
1977-09-27,,0.58,,,,,,
1977-09-28,,0.57,,,,,,
1977-09-29,,0.6,,,,,,
1977-09-30,,0.59,,,,,,
1977-10-03,,0.57,,,,,,
1977-10-04,,0.56,,,,,,
1977-10-05,,0.54,,,,,,
1977-10-06,,0.55,,,,,,
1977-10-07,,0.52,,,,,,
1977-10-11,,0.48,,,,,,
1977-10-12,,0.4,,,,,,
1977-10-13,,0.35,,,,,,
1977-10-14,,0.37,,,,,,
1977-10-17,,0.33,,,,,,
1977-10-18,,0.32,,,,,,
1977-10-19,,0.32,,,,,,
1977-10-20,,0.34,,,,,,
1977-10-21,,0.33,,,,,,
1977-10-24,,0.36,,,,,,
1977-10-25,,0.38,,,,,,
1977-10-26,,0.4,,,,,,
1977-10-27,,0.42,,,,,,
1977-10-28,,0.42,,,,,,
1977-10-31,,0.39,,,,,,
1977-11-01,,0.4,,,,,,
1977-11-02,,0.45,,,,,,
1977-11-03,,0.46,,,,,,
1977-11-04,,0.44,,,,,,
1977-11-07,,0.45,,,,,,
1977-11-09,,0.44,,,,,,
1977-11-10,,0.44,,,,,,
1977-11-14,,0.46,,,,,,
1977-11-15,,0.45,,,,,,
1977-11-16,,0.43,,,,,,
1977-11-17,,0.44,,,,,,
1977-11-18,,0.43,,,,,,
1977-11-21,,0.44,,,,,,
1977-11-22,,0.4,,,,,,
1977-11-23,,0.41,,,,,,
1977-11-25,,0.42,,,,,,
1977-11-28,,0.42,,,,,,
1977-11-29,,0.44,,,,,,
1977-11-30,,0.44,,,,,,
1977-12-01,,0.45,,,,,,
1977-12-02,,0.44,,,,,,
1977-12-05,,0.45,,,,,,
1977-12-06,,0.48,,,,,,
1977-12-07,,0.47,,,,,,
1977-12-08,,0.48,,,,,,
1977-12-09,,0.48,,,,,,
1977-12-12,,0.48,,,,,,
1977-12-13,,0.49,,,,,,
1977-12-14,,0.5,,,,,,
1977-12-15,,0.53,,,,,,
1977-12-16,,0.54,,,,,,
1977-12-19,,0.56,,,,,,
1977-12-20,,0.6,,,,,,
1977-12-21,,0.56,,,,,,
1977-12-22,,0.49,,,,,,
1977-12-23,,0.51,,,,,,
1977-12-27,,0.52,,,,,,
1977-12-28,,0.53,,,,,,
1977-12-29,,0.56,,,,,,
1977-12-30,,0.56,,,,,,
1978-01-03,,0.59,,,,,,
1978-01-04,,0.58,,,,,,
1978-01-05,,0.57,,,,,,
1978-01-06,,0.57,,,,,,
1978-01-09,,0.43,,,,,,
1978-01-10,,0.44,,,,,,
1978-01-11,,0.43,,,,,,
1978-01-12,,0.42,,,,,,
1978-01-13,,0.41,,,,,,
1978-01-16,,0.43,,,,,,
1978-01-17,,0.44,,,,,,
1978-01-18,,0.44,,,,,,
1978-01-19,,0.42,,,,,,
1978-01-20,,0.42,,,,,,
1978-01-23,,0.44,,,,,,
1978-01-24,,0.46,,,,,,
1978-01-25,,0.47,,,,,,
1978-01-26,,0.47,,,,,,
1978-01-27,,0.49,,,,,,
1978-01-30,,0.49,,,,,,
1978-01-31,,0.47,,,,,,
1978-02-01,,0.49,,,,,,
1978-02-02,,0.48,,,,,,
1978-02-03,,0.49,,,,,,
1978-02-06,,0.49,,,,,,
1978-02-07,,0.47,,,,,,
1978-02-08,,0.48,,,,,,
1978-02-09,,0.49,,,,,,
1978-02-10,,0.49,,,,,,
1978-02-14,,0.48,,,,,,
1978-02-15,,0.49,,,,,,
1978-02-16,,0.46,,,,,,
1978-02-17,,0.46,,,,,,
1978-02-21,,0.45,,,,,,
1978-02-22,,0.45,,,,,,
1978-02-23,,0.43,,,,,,
1978-02-24,,0.43,,,,,,
1978-02-27,,0.43,,,,,,
1978-02-28,,0.47,,,,,,
1978-03-01,,0.46,,,,,,
1978-03-02,,0.45,,,,,,
1978-03-03,,0.45,,,,,,
1978-03-06,,0.47,,,,,,
1978-03-07,,0.47,,,,,,
1978-03-08,,0.49,,,,,,
1978-03-09,,0.46,,,,,,
1978-03-10,,0.46,,,,,,
1978-03-13,,0.45,,,,,,
1978-03-14,,0.45,,,,,,
1978-03-15,,0.46,,,,,,
1978-03-16,,0.46,,,,,,
1978-03-17,,0.45,,,,,,
1978-03-20,,0.44,,,,,,
1978-03-21,,0.44,,,,,,
1978-03-22,,0.44,,,,,,
1978-03-23,,0.45,,,,,,
1978-03-27,,0.51,,,,,,
1978-03-28,,0.48,,,,,,
1978-03-29,,0.47,,,,,,
1978-03-30,,0.48,,,,,,
1978-03-31,,0.45,,,,,,
1978-04-03,,0.44,,,,,,
1978-04-04,,0.43,,,,,,
1978-04-05,,0.42,,,,,,
1978-04-06,,0.43,,,,,,
1978-04-07,,0.42,,,,,,
1978-04-10,,0.43,,,,,,
1978-04-11,,0.45,,,,,,
1978-04-12,,0.47,,,,,,
1978-04-13,,0.48,,,,,,
1978-04-14,,0.51,,,,,,
1978-04-17,,0.48,,,,,,
1978-04-18,,0.46,,,,,,
1978-04-19,,0.36,,,,,,
1978-04-20,,0.35,,,,,,
1978-04-21,,0.35,,,,,,
1978-04-24,,0.36,,,,,,
1978-04-25,,0.38,,,,,,
1978-04-26,,0.37,,,,,,
1978-04-27,,0.35,,,,,,
1978-04-28,,0.27,,,,,,
1978-05-01,,0.33,,,,,,
1978-05-02,,0.34,,,,,,
1978-05-03,,0.37,,,,,,
1978-05-04,,0.37,,,,,,
1978-05-05,,0.38,,,,,,
1978-05-08,,0.37,,,,,,
1978-05-09,,0.36,,,,,,
1978-05-10,,0.36,,,,,,
1978-05-11,,0.34,,,,,,
1978-05-12,,0.36,,,,,,
1978-05-15,,0.37,,,,,,
1978-05-16,,0.37,,,,,,
1978-05-17,,0.35,,,,,,
1978-05-18,,0.33,,,,,,
1978-05-19,,0.31,,,,,,
1978-05-22,,0.31,,,,,,
1978-05-23,,0.3,,,,,,
1978-05-24,,0.29,,,,,,
1978-05-25,,0.3,,,,,,
1978-05-26,,0.32,,,,,,
1978-05-31,,0.3,,,,,,
1978-06-01,,0.29,,,,,,
1978-06-02,,0.3,,,,,,
1978-06-05,,0.31,,,,,,
1978-06-06,,0.3,,,,,,
1978-06-07,,0.3,,,,,,
1978-06-08,,0.31,,,,,,
1978-06-09,,0.32,,,,,,
1978-06-12,,0.29,,,,,,
1978-06-13,,0.3,,,,,,
1978-06-14,,0.29,,,,,,
1978-06-15,,0.29,,,,,,
1978-06-16,,0.24,,,,,,
1978-06-19,,0.2,,,,,,
1978-06-20,,0.2,,,,,,
1978-06-21,,0.09,,,,,,
1978-06-22,,0.09,,,,,,
1978-06-23,,0.11,,,,,,
1978-06-26,,0.11,,,,,,
1978-06-27,,0.14,,,,,,
1978-06-28,,0.13,,,,,,
1978-06-29,,0.15,,,,,,
1978-06-30,,0.14,,,,,,
1978-07-03,,0.15,,,,,,
1978-07-05,,0.18,,,,,,
1978-07-06,,0.18,,,,,,
1978-07-07,,0.18,,,,,,
1978-07-10,,0.18,,,,,,
1978-07-11,,0.2,,,,,,
1978-07-12,,0.19,,,,,,
1978-07-13,,0.18,,,,,,
1978-07-14,,0.17,,,,,,
1978-07-17,,0.17,,,,,,
1978-07-18,,0.17,,,,,,
1978-07-19,,0.16,,,,,,
1978-07-20,,0.16,,,,,,
1978-07-21,,0.08,,,,,,
1978-07-24,,0.1,,,,,,
1978-07-25,,0.12,,,,,,
1978-07-26,,0.14,,,,,,
1978-07-27,,0.11,,,,,,
1978-07-28,,0.1,,,,,,
1978-07-31,,0.09,,,,,,
1978-08-01,,0.09,,,,,,
1978-08-02,,0.04,,,,,,
1978-08-03,,0.13,,,,,,
1978-08-04,,0.12,,,,,,
1978-08-07,,0.18,,,,,,
1978-08-08,,0.16,,,,,,
1978-08-09,,0.17,,,,,,
1978-08-10,,0.21,,,,,,
1978-08-11,,0.19,,,,,,
1978-08-14,,0.16,,,,,,
1978-08-15,,0.17,,,,,,
1978-08-16,,0.05,,,,,,
1978-08-17,,0.0,,,,,,
1978-08-18,,-0.04,,,,,,
1978-08-21,,-0.06,,,,,,
1978-08-22,,-0.06,,,,,,
1978-08-23,,-0.1,,,,,,
1978-08-24,,-0.06,,,,,,
1978-08-25,,-0.07,,,,,,
1978-08-28,,-0.06,,,,,,
1978-08-29,,-0.07,,,,,,
1978-08-30,,-0.06,,,,,,
1978-08-31,,-0.07,,,,,,
1978-09-01,,-0.12,,,,,,
1978-09-05,,-0.12,,,,,,
1978-09-06,,-0.09,,,,,,
1978-09-07,,-0.1,,,,,,
1978-09-08,,-0.12,,,,,,
1978-09-11,,-0.12,,,,,,
1978-09-12,,-0.16,,,,,,
1978-09-13,,-0.15,,,,,,
1978-09-14,,-0.13,,,,,,
1978-09-15,,-0.14,,,,,,
1978-09-18,,-0.15,,,,,,
1978-09-19,,-0.16,,,,,,
1978-09-20,,-0.14,,,,,,
1978-09-21,,-0.18,,,,,,
1978-09-22,,-0.17,,,,,,
1978-09-25,,-0.19,,,,,,
1978-09-26,,-0.22,,,,,,
1978-09-27,,-0.2,,,,,,
1978-09-28,,-0.18,,,,,,
1978-09-29,,-0.14,,,,,,
1978-10-02,,-0.13,,,,,,
1978-10-03,,-0.12,,,,,,
1978-10-04,,-0.1,,,,,,
1978-10-05,,-0.09,,,,,,
1978-10-06,,-0.11,,,,,,
1978-10-10,,-0.12,,,,,,
1978-10-11,,-0.14,,,,,,
1978-10-12,,-0.18,,,,,,
1978-10-13,,-0.17,,,,,,
1978-10-16,,-0.14,,,,,,
1978-10-17,,-0.17,,,,,,
1978-10-18,,-0.21,,,,,,
1978-10-19,,-0.2,,,,,,
1978-10-20,,-0.19,,,,,,
1978-10-23,,-0.18,,,,,,
1978-10-24,,-0.21,,,,,,
1978-10-25,,-0.31,,,,,,
1978-10-26,,-0.33,,,,,,
1978-10-27,,-0.34,,,,,,
1978-10-30,,-0.47,,,,,,
1978-10-31,,-0.53,,,,,,
1978-11-01,,-0.78,,,,,,
1978-11-02,,-0.69,,,,,,
1978-11-03,,-0.63,,,,,,
1978-11-06,,-0.6,,,,,,
1978-11-08,,-0.63,,,,,,
1978-11-09,,-0.63,,,,,,
1978-11-10,,-0.6,,,,,,
1978-11-13,,-0.57,,,,,,
1978-11-14,,-0.59,,,,,,
1978-11-15,,-0.58,,,,,,
1978-11-16,,-0.49,,,,,,
1978-11-17,,-0.47,,,,,,
1978-11-20,,-0.47,,,,,,
1978-11-21,,-0.46,,,,,,
1978-11-22,,-0.6,,,,,,
1978-11-24,,-0.74,,,,,,
1978-11-27,,-0.74,,,,,,
1978-11-28,,-0.74,,,,,,
1978-11-29,,-0.69,,,,,,
1978-11-30,,-0.69,,,,,,
1978-12-01,,-0.7,,,,,,
1978-12-04,,-0.69,,,,,,
1978-12-05,,-0.65,,,,,,
1978-12-06,,-0.65,,,,,,
1978-12-07,,-0.61,,,,,,
1978-12-08,,-0.61,,,,,,
1978-12-11,,-0.62,,,,,,
1978-12-12,,-0.6,,,,,,
1978-12-13,,-0.56,,,,,,
1978-12-14,,-0.58,,,,,,
1978-12-15,,-0.58,,,,,,
1978-12-18,,-0.73,,,,,,
1978-12-19,,-0.77,,,,,,
1978-12-20,,-0.8,,,,,,
1978-12-21,,-0.82,,,,,,
1978-12-22,,-0.85,,,,,,
1978-12-26,,-0.85,,,,,,
1978-12-27,,-0.86,,,,,,
1978-12-28,,-0.82,,,,,,
1978-12-29,,-0.83,,,,,,
1979-01-02,,-0.82,,,,,,
1979-01-03,,-0.82,,,,,,
1979-01-04,,-0.77,,,,,,
1979-01-05,,-0.77,,,,,,
1979-01-08,,-0.78,,,,,,
1979-01-09,,-0.76,,,,,,
1979-01-10,,-0.78,,,,,,
1979-01-11,,-0.77,,,,,,
1979-01-12,,-0.78,,,,,,
1979-01-15,,-0.76,,,,,,
1979-01-16,,-0.76,,,,,,
1979-01-17,,-0.73,,,,,,
1979-01-18,,-0.74,,,,,,
1979-01-19,,-0.76,,,,,,
1979-01-22,,-0.74,,,,,,
1979-01-23,,-0.75,,,,,,
1979-01-24,,-0.77,,,,,,
1979-01-25,,-0.8,,,,,,
1979-01-26,,-0.74,,,,,,
1979-01-29,,-0.71,,,,,,
1979-01-30,,-0.73,,,,,,
1979-01-31,,-0.69,,,,,,
1979-02-01,,-0.67,,,,,,
1979-02-02,,-0.59,,,,,,
1979-02-05,,-0.58,,,,,,
1979-02-06,,-0.58,,,,,,
1979-02-07,,-0.58,,,,,,
1979-02-08,,-0.61,,,,,,
1979-02-09,,-0.59,,,,,,
1979-02-13,,-0.58,,,,,,
1979-02-14,,-0.55,,,,,,
1979-02-15,,-0.56,,,,,,
1979-02-16,,-0.57,,,,,,
1979-02-20,,-0.57,,,,,,
1979-02-21,,-0.56,,,,,,
1979-02-22,,-0.7,,,,,,
1979-02-23,,-0.71,,,,,,
1979-02-26,,-0.71,,,,,,
1979-02-27,,-0.7,,,,,,
1979-02-28,,-0.72,,,,,,
1979-03-01,,-0.7,,,,,,
1979-03-02,,-0.71,,,,,,
1979-03-05,,-0.72,,,,,,
1979-03-06,,-0.69,,,,,,
1979-03-07,,-0.71,,,,,,
1979-03-08,,-0.66,,,,,,
1979-03-09,,-0.68,,,,,,
1979-03-12,,-0.7,,,,,,
1979-03-13,,-0.69,,,,,,
1979-03-14,,-0.7,,,,,,
1979-03-15,,-0.68,,,,,,
1979-03-16,,-0.72,,,,,,
1979-03-19,,-0.69,,,,,,
1979-03-20,,-0.66,,,,,,
1979-03-21,,-0.66,,,,,,
1979-03-22,,-0.65,,,,,,
1979-03-23,,-0.65,,,,,,
1979-03-26,,-0.64,,,,,,
1979-03-27,,-0.62,,,,,,
1979-03-28,,-0.64,,,,,,
1979-03-29,,-0.61,,,,,,
1979-03-30,,-0.61,,,,,,
1979-04-02,,-0.63,,,,,,
1979-04-03,,-0.63,,,,,,
1979-04-04,,-0.62,,,,,,
1979-04-05,,-0.61,,,,,,
1979-04-06,,-0.65,,,,,,
1979-04-09,,-0.67,,,,,,
1979-04-10,,-0.64,,,,,,
1979-04-11,,-0.65,,,,,,
1979-04-12,,-0.65,,,,,,
1979-04-16,,-0.67,,,,,,
1979-04-17,,-0.61,,,,,,
1979-04-18,,-0.56,,,,,,
1979-04-19,,-0.53,,,,,,
1979-04-20,,-0.54,,,,,,
1979-04-23,,-0.52,,,,,,
1979-04-24,,-0.51,,,,,,
1979-04-25,,-0.54,,,,,,
1979-04-26,,-0.53,,,,,,
1979-04-27,,-0.61,,,,,,
1979-04-30,,-0.56,,,,,,
1979-05-01,,-0.55,,,,,,
1979-05-02,,-0.57,,,,,,
1979-05-03,,-0.55,,,,,,
1979-05-04,,-0.54,,,,,,
1979-05-07,,-0.52,,,,,,
1979-05-08,,-0.53,,,,,,
1979-05-09,,-0.54,,,,,,
1979-05-10,,-0.56,,,,,,
1979-05-11,,-0.56,,,,,,
1979-05-14,,-0.57,,,,,,
1979-05-15,,-0.55,,,,,,
1979-05-16,,-0.53,,,,,,
1979-05-17,,-0.48,,,,,,
1979-05-18,,-0.48,,,,,,
1979-05-21,,-0.51,,,,,,
1979-05-22,,-0.54,,,,,,
1979-05-23,,-0.58,,,,,,
1979-05-24,,-0.52,,,,,,
1979-05-25,,-0.49,,,,,,
1979-05-29,,-0.49,,,,,,
1979-05-31,,-0.5,,,,,,
1979-06-01,,-0.51,,,,,,
1979-06-04,,-0.5,,,,,,
1979-06-05,,-0.48,,,,,,
1979-06-06,,-0.46,,,,,,
1979-06-07,,-0.4,,,,,,
1979-06-08,,-0.35,,,,,,
1979-06-11,,-0.33,,,,,,
1979-06-12,,-0.26,,,,,,
1979-06-13,,-0.25,,,,,,
1979-06-14,,-0.25,,,,,,
1979-06-15,,-0.28,,,,,,
1979-06-18,,-0.31,,,,,,
1979-06-19,,-0.29,,,,,,
1979-06-20,,-0.31,,,,,,
1979-06-21,,-0.32,,,,,,
1979-06-22,,-0.29,,,,,,
1979-06-25,,-0.27,,,,,,
1979-06-26,,-0.15,,,,,,
1979-06-27,,-0.12,,,,,,
1979-06-28,,-0.15,,,,,,
1979-06-29,,-0.16,,,,,,
1979-07-02,,-0.17,,,,,,
1979-07-03,,-0.18,,,,,,
1979-07-05,,-0.18,,,,,,
1979-07-06,,-0.18,,,,,,
1979-07-09,,-0.18,,,,,,
1979-07-10,,-0.12,,,,,,
1979-07-11,,-0.07,,,,,,
1979-07-12,,-0.06,,,,,,
1979-07-13,,-0.07,,,,,,
1979-07-16,,-0.09,,,,,,
1979-07-17,,-0.09,,,,,,
1979-07-18,,-0.07,,,,,,
1979-07-19,,-0.1,,,,,,
1979-07-20,,-0.26,,,,,,
1979-07-23,,-0.25,,,,,,
1979-07-24,,-0.27,,,,,,
1979-07-25,,-0.37,,,,,,
1979-07-26,,-0.28,,,,,,
1979-07-27,,-0.36,,,,,,
1979-07-30,,-0.29,,,,,,
1979-07-31,,-0.3,,,,,,
1979-08-01,,-0.24,,,,,,
1979-08-02,,-0.29,,,,,,
1979-08-03,,-0.35,,,,,,
1979-08-06,,-0.36,,,,,,
1979-08-07,,-0.31,,,,,,
1979-08-08,,-0.32,,,,,,
1979-08-09,,-0.3,,,,,,
1979-08-10,,-0.33,,,,,,
1979-08-13,,-0.34,,,,,,
1979-08-14,,-0.34,,,,,,
1979-08-15,,-0.41,,,,,,
1979-08-16,,-0.39,,,,,,
1979-08-17,,-0.43,,,,,,
1979-08-20,,-0.43,,,,,,
1979-08-21,,-0.47,,,,,,
1979-08-22,,-0.51,,,,,,
1979-08-23,,-0.58,,,,,,
1979-08-24,,-0.58,,,,,,
1979-08-27,,-0.56,,,,,,
1979-08-28,,-0.58,,,,,,
1979-08-29,,-0.59,,,,,,
1979-08-30,,-0.56,,,,,,
1979-08-31,,-0.6,,,,,,
1979-09-04,,-0.68,,,,,,
1979-09-05,,-0.7,,,,,,
1979-09-06,,-0.68,,,,,,
1979-09-07,,-0.76,,,,,,
1979-09-10,,-0.77,,,,,,
1979-09-11,,-0.75,,,,,,
1979-09-12,,-0.74,,,,,,
1979-09-13,,-0.76,,,,,,
1979-09-14,,-0.73,,,,,,
1979-09-17,,-0.76,,,,,,
1979-09-18,,-0.78,,,,,,
1979-09-19,,-0.77,,,,,,
1979-09-20,,-0.74,,,,,,
1979-09-21,,-0.74,,,,,,
1979-09-24,,-0.67,,,,,,
1979-09-25,,-0.69,,,,,,
1979-09-26,,-0.66,,,,,,
1979-09-27,,-0.67,,,,,,
1979-09-28,,-0.66,,,,,,
1979-10-01,,-0.63,,,,,,
1979-10-02,,-0.67,,,,,,
1979-10-03,,-0.64,,,,,,
1979-10-04,,-0.76,,,,,,
1979-10-05,,-0.79,,,,,,
1979-10-09,,-1.19,,,,,,
1979-10-10,,-1.31,,,,,,
1979-10-11,,-1.09,,,,,,
1979-10-12,,-1.02,,,,,,
1979-10-15,,-1.08,,,,,,
1979-10-16,,-1.12,,,,,,
1979-10-17,,-1.2,,,,,,
1979-10-18,,-1.34,,,,,,
1979-10-19,,-1.47,,,,,,
1979-10-22,,-1.47,,,,,,
1979-10-23,,-1.61,,,,,,
1979-10-24,,-1.69,,,,,,
1979-10-25,,-1.61,,,,,,
1979-10-26,,-1.38,,,,,,
1979-10-29,,-1.41,,,,,,
1979-10-30,,-1.37,,,,,,
1979-10-31,,-1.34,,,,,,
1979-11-01,,-1.29,,,,,,
1979-11-02,,-1.35,,,,,,
1979-11-05,,-1.3,,,,,,
1979-11-07,,-1.36,,,,,,
1979-11-08,,-1.33,,,,,,
1979-11-09,,-1.1,,,,,,
1979-11-13,,-1.01,,,,,,
1979-11-14,,-1.07,,,,,,
1979-11-15,,-1.06,,,,,,
1979-11-16,,-1.2,,,,,,
1979-11-19,,-1.28,,,,,,
1979-11-20,,-1.34,,,,,,
1979-11-21,,-1.44,,,,,,
1979-11-23,,-1.18,,,,,,
1979-11-26,,-1.07,,,,,,
1979-11-27,,-0.87,,,,,,
1979-11-28,,-0.86,,,,,,
1979-11-29,,-0.89,,,,,,
1979-11-30,,-0.95,,,,,,
1979-12-03,,-0.98,,,,,,
1979-12-04,,-0.98,,,,,,
1979-12-05,,-0.94,,,,,,
1979-12-06,,-0.95,,,,,,
1979-12-07,,-0.91,,,,,,
1979-12-10,,-0.98,,,,,,
1979-12-11,,-1.14,,,,,,
1979-12-12,,-1.27,,,,,,
1979-12-13,,-1.16,,,,,,
1979-12-14,,-1.02,,,,,,
1979-12-17,,-1.03,,,,,,
1979-12-18,,-0.97,,,,,,
1979-12-19,,-1.05,,,,,,
1979-12-20,,-1.02,,,,,,
1979-12-21,,-1.03,,,,,,
1979-12-24,,-0.99,,,,,,
1979-12-26,,-0.95,,,,,,
1979-12-27,,-0.93,,,,,,
1979-12-28,,-0.89,,,,,,
1979-12-31,,-0.9,,,,,,
1980-01-02,,-0.89,,,,,,
1980-01-03,,-0.85,,,,,,
1980-01-04,,-0.81,,,,,,
1980-01-07,,-0.72,,,,,,
1980-01-08,,-0.69,,,,,,
1980-01-09,,-0.66,,,,,,
1980-01-10,,-0.67,,,,,,
1980-01-11,,-0.65,,,,,,
1980-01-14,,-0.65,,,,,,
1980-01-15,,-0.67,,,,,,
1980-01-16,,-0.65,,,,,,
1980-01-17,,-0.66,,,,,,
1980-01-18,,-0.7,,,,,,
1980-01-21,,-0.62,,,,,,
1980-01-22,,-0.71,,,,,,
1980-01-23,,-0.71,,,,,,
1980-01-24,,-0.67,,,,,,
1980-01-25,,-0.72,,,,,,
1980-01-28,,-0.64,,,,,,
1980-01-29,,-0.67,,,,,,
1980-01-30,,-0.68,,,,,,
1980-01-31,,-0.62,,,,,,
1980-02-01,,-0.75,,,,,,
1980-02-04,,-0.72,,,,,,
1980-02-05,,-0.76,,,,,,
1980-02-06,,-0.5,,,,,,
1980-02-07,,-0.5,,,,,,
1980-02-08,,-0.51,,,,,,
1980-02-11,,-0.59,,,,,,
1980-02-13,,-0.66,,,,,,
1980-02-14,,-0.63,,,,,,
1980-02-15,,-0.93,,,,,,
1980-02-19,,-1.11,,,,,,
1980-02-20,,-1.19,,,,,,
1980-02-21,,-1.29,,,,,,
1980-02-22,,-1.46,,,,,,
1980-02-25,,-1.35,,,,,,
1980-02-26,,-1.26,,,,,,
1980-02-27,,-1.36,,,,,,
1980-02-28,,-1.49,,,,,,
1980-02-29,,-2.01,,,,,,
1980-03-03,,-2.04,,,,,,
1980-03-04,,-1.95,,,,,,
1980-03-05,,-1.96,,,,,,
1980-03-06,,-2.14,,,,,,
1980-03-07,,-2.34,,,,,,
1980-03-10,,-2.08,,,,,,
1980-03-11,,-2.02,,,,,,
1980-03-12,,-2.12,,,,,,
1980-03-13,,-2.19,,,,,,
1980-03-14,,-2.28,,,,,,
1980-03-17,,-2.24,,,,,,
1980-03-18,,-2.02,,,,,,
1980-03-19,,-1.98,,,,,,
1980-03-20,,-2.41,,,,,,
1980-03-21,,-2.27,,,,,,
1980-03-24,,-2.19,,,,,,
1980-03-25,,-2.09,,,,,,
1980-03-26,,-2.23,,,,,,
1980-03-27,,-2.14,,,,,,
1980-03-28,,-2.17,,,,,,
1980-03-31,,-1.99,,,,,,
1980-04-01,,-1.9,,,,,,
1980-04-02,,-1.89,,,,,,
1980-04-03,,-1.99,,,,,,
1980-04-07,,-1.72,,,,,,
1980-04-08,,-1.68,,,,,,
1980-04-09,,-1.48,,,,,,
1980-04-10,,-1.51,,,,,,
1980-04-11,,-1.43,,,,,,
1980-04-14,,-1.34,,,,,,
1980-04-15,,-1.15,,,,,,
1980-04-16,,-1.07,,,,,,
1980-04-17,,-0.84,,,,,,
1980-04-18,,-0.71,,,,,,
1980-04-21,,-0.66,,,,,,
1980-04-22,,-0.61,,,,,,
1980-04-23,,-0.49,,,,,,
1980-04-24,,-0.46,,,,,,
1980-04-25,,-0.44,,,,,,
1980-04-28,,-0.11,,,,,,
1980-04-29,,-0.07,,,,,,
1980-04-30,,-0.05,,,,,,
1980-05-01,,-0.13,,,,,,
1980-05-02,,0.2,,,,,,
1980-05-05,,0.33,,,,,,
1980-05-06,,0.4,,,,,,
1980-05-07,,0.55,,,,,,
1980-05-08,,0.7,,,,,,
1980-05-09,,0.45,,,,,,
1980-05-12,,0.78,,,,,,
1980-05-13,,0.75,,,,,,
1980-05-14,,0.87,,,,,,
1980-05-15,,0.83,,,,,,
1980-05-16,,0.61,,,,,,
1980-05-19,,0.75,,,,,,
1980-05-20,,0.96,,,,,,
1980-05-21,,0.94,,,,,,
1980-05-22,,0.97,,,,,,
1980-05-23,,1.12,,,,,,
1980-05-27,,1.14,,,,,,
1980-05-28,,1.06,,,,,,
1980-05-29,,1.08,,,,,,
1980-05-30,,1.0,,,,,,
1980-06-02,,0.97,,,,,,
1980-06-03,,0.96,,,,,,
1980-06-04,,1.01,,,,,,
1980-06-05,,1.05,,,,,,
1980-06-06,,1.09,,,,,,
1980-06-09,,1.12,,,,,,
1980-06-10,,1.04,,,,,,
1980-06-11,,1.05,,,,,,
1980-06-12,,1.07,,,,,,
1980-06-13,,1.12,,,,,,
1980-06-16,,1.09,,,,,,
1980-06-17,,1.13,,,,,,
1980-06-18,,0.98,,,,,,
1980-06-19,,0.88,,,,,,
1980-06-20,,1.06,,,,,,
1980-06-23,,1.04,,,,,,
1980-06-24,,1.04,,,,,,
1980-06-25,,1.06,,,,,,
1980-06-26,,1.07,,,,,,
1980-06-27,,1.1,,,,,,
1980-06-30,,1.12,,,,,,
1980-07-01,,1.12,,,,,,
1980-07-02,,1.18,,,,,,
1980-07-03,,1.24,,,,,,
1980-07-07,,1.26,,,,,,
1980-07-08,,1.29,,,,,,
1980-07-09,,1.31,,,,,,
1980-07-10,,1.31,,,,,,
1980-07-11,,1.31,,,,,,
1980-07-14,,1.17,,,,,,
1980-07-15,,1.19,,,,,,
1980-07-16,,1.28,,,,,,
1980-07-17,,1.32,,,,,,
1980-07-18,,1.27,,,,,,
1980-07-21,,1.2,,,,,,
1980-07-22,,1.16,,,,,,
1980-07-23,,1.17,,,,,,
1980-07-24,,1.19,,,,,,
1980-07-25,,1.2,,,,,,
1980-07-28,,1.22,,,,,,
1980-07-29,,1.17,,,,,,
1980-07-30,,1.2,,,,,,
1980-07-31,,1.04,,,,,,
1980-08-01,,0.98,,,,,,
1980-08-04,,1.03,,,,,,
1980-08-05,,1.03,,,,,,
1980-08-06,,1.11,,,,,,
1980-08-07,,1.04,,,,,,
1980-08-08,,1.06,,,,,,
1980-08-11,,0.96,,,,,,
1980-08-12,,0.95,,,,,,
1980-08-13,,0.86,,,,,,
1980-08-14,,0.83,,,,,,
1980-08-15,,0.74,,,,,,
1980-08-18,,0.36,,,,,,
1980-08-19,,0.33,,,,,,
1980-08-20,,0.11,,,,,,
1980-08-21,,0.03,,,,,,
1980-08-22,,0.04,,,,,,
1980-08-25,,0.06,,,,,,
1980-08-26,,0.08,,,,,,
1980-08-27,,0.15,,,,,,
1980-08-28,,0.12,,,,,,
1980-08-29,,0.19,,,,,,
1980-09-02,,0.27,,,,,,
1980-09-03,,0.35,,,,,,
1980-09-04,,0.39,,,,,,
1980-09-05,,0.32,,,,,,
1980-09-08,,0.18,,,,,,
1980-09-09,,0.06,,,,,,
1980-09-10,,0.11,,,,,,
1980-09-11,,0.05,,,,,,
1980-09-12,,-0.03,,,,,,
1980-09-15,,-0.17,,,,,,
1980-09-16,,-0.16,,,,,,
1980-09-17,,-0.22,,,,,,
1980-09-18,,-0.31,,,,,,
1980-09-19,,-0.26,,,,,,
1980-09-22,,-0.31,,,,,,
1980-09-23,,-0.24,,,,,,
1980-09-24,,-0.23,,,,,,
1980-09-25,,-0.2,,,,,,
1980-09-26,,-0.41,,,,,,
1980-09-29,,-0.31,,,,,,
1980-09-30,,-0.27,,,,,,
1980-10-01,,-0.24,,,,,,
1980-10-02,,-0.23,,,,,,
1980-10-03,,-0.11,,,,,,
1980-10-06,,-0.06,,,,,,
1980-10-07,,-0.01,,,,,,
1980-10-08,,-0.18,,,,,,
1980-10-09,,-0.21,,,,,,
1980-10-10,,-0.2,,,,,,
1980-10-14,,-0.3,,,,,,
1980-10-15,,-0.29,,,,,,
1980-10-16,,-0.22,,,,,,
1980-10-17,,-0.29,,,,,,
1980-10-20,,-0.36,,,,,,
1980-10-21,,-0.41,,,,,,
1980-10-22,,-0.43,,,,,,
1980-10-23,,-0.49,,,,,,
1980-10-24,,-0.51,,,,,,
1980-10-27,,-0.6,,,,,,
1980-10-28,,-0.59,,,,,,
1980-10-29,,-0.5,,,,,,
1980-10-30,,-0.56,,,,,,
1980-10-31,,-0.62,,,,,,
1980-11-03,,-0.77,,,,,,
1980-11-05,,-0.77,,,,,,
1980-11-06,,-0.53,,,,,,
1980-11-07,,-0.7,,,,,,
1980-11-10,,-0.51,,,,,,
1980-11-12,,-0.39,,,,,,
1980-11-13,,-0.4,,,,,,
1980-11-14,,-0.46,,,,,,
1980-11-17,,-0.76,,,,,,
1980-11-18,,-0.85,,,,,,
1980-11-19,,-0.86,,,,,,
1980-11-20,,-0.94,,,,,,
1980-11-21,,-1.03,,,,,,
1980-11-24,,-1.12,,,,,,
1980-11-25,,-1.25,,,,,,
1980-11-26,,-1.35,,,,,,
1980-11-28,,-1.41,,,,,,
1980-12-01,,-1.33,,,,,,
1980-12-02,,-1.3,,,,,,
1980-12-03,,-1.12,,,,,,
1980-12-04,,-1.24,,,,,,
1980-12-05,,-1.49,,,,,,
1980-12-08,,-1.54,,,,,,
1980-12-09,,-1.44,,,,,,
1980-12-10,,-1.44,,,,,,
1980-12-11,,-1.4,,,,,,
1980-12-12,,-1.53,,,,,,
1980-12-15,,-1.58,,,,,,
1980-12-16,,-1.61,,,,,,
1980-12-17,,-1.7,,,,,,
1980-12-18,,-1.67,,,,,,
1980-12-19,,-1.41,,,,,,
1980-12-22,,-1.1,,,,,,
1980-12-23,,-0.69,,,,,,
1980-12-24,,-0.95,,,,,,
1980-12-26,,-0.7,,,,,,
1980-12-29,,-0.67,,,,,,
1980-12-30,,-0.58,,,,,,
1980-12-31,,-0.63,,,,,,
1981-01-02,,-0.68,,,,,,
1981-01-05,,-0.13,,,,,,
1981-01-06,,-0.31,,,,,,
1981-01-07,,-0.54,,,,,,
1981-01-08,,-0.74,,,,,,
1981-01-09,,-0.96,,,,,,
1981-01-12,,-0.72,,,,,,
1981-01-13,,-0.77,,,,,,
1981-01-14,,-0.42,,,,,,
1981-01-15,,-0.63,,,,,,
1981-01-16,,-0.55,,,,,,
1981-01-19,,-0.98,,,,,,
1981-01-20,,-0.98,,,,,,
1981-01-21,,-1.02,,,,,,
1981-01-22,,-0.96,,,,,,
1981-01-23,,-0.9,,,,,,
1981-01-26,,-0.7,,,,,,
1981-01-27,,-0.67,,,,,,
1981-01-28,,-0.71,,,,,,
1981-01-29,,-0.62,,,,,,
1981-01-30,,-0.58,,,,,,
1981-02-02,,-0.65,,,,,,
1981-02-03,,-0.72,,,,,,
1981-02-04,,-0.77,,,,,,
1981-02-05,,-0.68,,,,,,
1981-02-06,,-0.8,,,,,,
1981-02-09,,-0.76,,,,,,
1981-02-10,,-0.83,,,,,,
1981-02-11,,-0.92,,,,,,
1981-02-13,,-0.8,,,,,,
1981-02-17,,-0.64,,,,,,
1981-02-18,,-0.68,,,,,,
1981-02-19,,-0.63,,,,,,
1981-02-20,,-0.65,,,,,,
1981-02-23,,-0.73,,,,,,
1981-02-24,,-0.79,,,,,,
1981-02-25,,-0.71,,,,,,
1981-02-26,,-0.63,,,,,,
1981-02-27,,-0.65,,,,,,
1981-03-02,,-0.78,,,,,,
1981-03-03,,-0.7,,,,,,
1981-03-04,,-0.76,,,,,,
1981-03-05,,-0.74,,,,,,
1981-03-06,,-0.71,,,,,,
1981-03-09,,-0.75,,,,,,
1981-03-10,,-0.66,,,,,,
1981-03-11,,-0.67,,,,,,
1981-03-12,,-0.67,,,,,,
1981-03-13,,-0.59,,,,,,
1981-03-16,,-0.45,,,,,,
1981-03-17,,-0.52,,,,,,
1981-03-18,,-0.17,,,,,,
1981-03-19,,-0.17,,,,,,
1981-03-20,,-0.11,,,,,,
1981-03-23,,-0.23,,,,,,
1981-03-24,,-0.25,,,,,,
1981-03-25,,-0.3,,,,,,
1981-03-26,,-0.28,,,,,,
1981-03-27,,-0.31,,,,,,
1981-03-30,,-0.1,,,,,,
1981-03-31,,-0.04,,,,,,
1981-04-01,,-0.05,,,,,,
1981-04-02,,-0.15,,,,,,
1981-04-03,,-0.17,,,,,,
1981-04-06,,-0.39,,,,,,
1981-04-07,,-0.29,,,,,,
1981-04-08,,-0.28,,,,,,
1981-04-09,,-0.42,,,,,,
1981-04-10,,-0.31,,,,,,
1981-04-13,,-0.37,,,,,,
1981-04-14,,-0.34,,,,,,
1981-04-15,,-0.45,,,,,,
1981-04-16,,-0.44,,,,,,
1981-04-20,,-0.64,,,,,,
1981-04-21,,-0.61,,,,,,
1981-04-22,,-0.63,,,,,,
1981-04-23,,-0.71,,,,,,
1981-04-24,,-0.78,,,,,,
1981-04-27,,-0.81,,,,,,
1981-04-28,,-0.72,,,,,,
1981-04-29,,-0.62,,,,,,
1981-04-30,,-0.73,,,,,,
1981-05-01,,-0.67,,,,,,
1981-05-04,,-0.9,,,,,,
1981-05-05,,-1.25,,,,,,
1981-05-06,,-1.27,,,,,,
1981-05-07,,-1.36,,,,,,
1981-05-08,,-1.46,,,,,,
1981-05-11,,-1.4,,,,,,
1981-05-12,,-1.47,,,,,,
1981-05-13,,-1.45,,,,,,
1981-05-14,,-1.56,,,,,,
1981-05-15,,-1.48,,,,,,
1981-05-18,,-1.39,,,,,,
1981-05-19,,-1.52,,,,,,
1981-05-20,,-1.63,,,,,,
1981-05-21,,-1.7,,,,,,
1981-05-22,,-1.66,,,,,,
1981-05-26,,-1.42,,,,,,
1981-05-27,,-1.43,,,,,,
1981-05-28,,-1.23,,,,,,
1981-05-29,,-0.9,,,,,,
1981-06-01,,-1.01,,,,,,
1981-06-02,,-1.08,,,,,,
1981-06-03,,-1.1,,,,,,
1981-06-04,,-1.25,,,,,,
1981-06-05,,-1.17,,,,,,
1981-06-08,,-0.95,,,,,,
1981-06-09,,-1.04,,,,,,
1981-06-10,,-1.0,,,,,,
1981-06-11,,-1.08,,,,,,
1981-06-12,,-1.09,,,,,,
1981-06-15,,-0.94,,,,,,
1981-06-16,,-1.03,,,,,,
1981-06-17,,-1.14,,,,,,
1981-06-18,,-1.09,,,,,,
1981-06-19,,-1.19,,,,,,
1981-06-22,,-1.05,,,,,,
1981-06-23,,-1.03,,,,,,
1981-06-24,,-1.05,,,,,,
1981-06-25,,-0.95,,,,,,
1981-06-26,,-0.9,,,,,,
1981-06-29,,-0.8,,,,,,
1981-06-30,,-0.8,,,,,,
1981-07-01,,-0.9,,,,,,
1981-07-02,,-0.92,,,,,,
1981-07-06,,-0.87,,,,,,
1981-07-07,,-0.88,,,,,,
1981-07-08,,-0.91,,,,,,
1981-07-09,,-1.02,,,,,,
1981-07-10,,-0.94,,,,,,
1981-07-13,,-0.84,,,,,,
1981-07-14,,-0.92,,,,,,
1981-07-15,,-0.96,,,,,,
1981-07-16,,-1.0,,,,,,
1981-07-17,,-0.98,,,,,,
1981-07-20,,-1.37,,,,,,
1981-07-21,,-1.39,,,,,,
1981-07-22,,-1.32,,,,,,
1981-07-23,,-1.28,,,,,,
1981-07-24,,-1.23,,,,,,
1981-07-27,,-1.14,,,,,,
1981-07-28,,-1.25,,,,,,
1981-07-29,,-1.15,,,,,,
1981-07-30,,-1.17,,,,,,
1981-07-31,,-1.17,,,,,,
1981-08-03,,-1.21,,,,,,
1981-08-04,,-1.21,,,,,,
1981-08-05,,-1.16,,,,,,
1981-08-06,,-1.17,,,,,,
1981-08-07,,-1.22,,,,,,
1981-08-10,,-1.18,,,,,,
1981-08-11,,-1.27,,,,,,
1981-08-12,,-1.41,,,,,,
1981-08-13,,-1.48,,,,,,
1981-08-14,,-1.45,,,,,,
1981-08-17,,-1.51,,,,,,
1981-08-18,,-1.51,,,,,,
1981-08-19,,-1.55,,,,,,
1981-08-20,,-1.36,,,,,,
1981-08-21,,-1.34,,,,,,
1981-08-24,,-1.54,,,,,,
1981-08-25,,-1.32,,,,,,
1981-08-26,,-1.38,,,,,,
1981-08-27,,-1.39,,,,,,
1981-08-28,,-1.32,,,,,,
1981-08-31,,-1.32,,,,,,
1981-09-01,,-1.37,,,,,,
1981-09-02,,-1.38,,,,,,
1981-09-03,,-1.42,,,,,,
1981-09-04,,-1.38,,,,,,
1981-09-08,,-1.36,,,,,,
1981-09-09,,-1.42,,,,,,
1981-09-10,,-1.42,,,,,,
1981-09-11,,-1.42,,,,,,
1981-09-14,,-1.23,,,,,,
1981-09-15,,-1.05,,,,,,
1981-09-16,,-0.98,,,,,,
1981-09-17,,-1.06,,,,,,
1981-09-18,,-1.11,,,,,,
1981-09-21,,-1.01,,,,,,
1981-09-22,,-1.01,,,,,,
1981-09-23,,-0.88,,,,,,
1981-09-24,,-0.86,,,,,,
1981-09-25,,-0.85,,,,,,
1981-09-28,,-0.92,,,,,,
1981-09-29,,-0.83,,,,,,
1981-09-30,,-0.85,,,,,,
1981-10-01,,-0.82,,,,,,
1981-10-02,,-0.93,,,,,,
1981-10-05,,-0.68,,,,,,
1981-10-06,,-0.71,,,,,,
1981-10-07,,-0.69,,,,,,
1981-10-08,,-0.79,,,,,,
1981-10-09,,-0.47,,,,,,
1981-10-13,,-0.42,,,,,,
1981-10-14,,-0.48,,,,,,
1981-10-15,,-0.43,,,,,,
1981-10-16,,-0.52,,,,,,
1981-10-19,,-0.53,,,,,,
1981-10-20,,-0.39,,,,,,
1981-10-21,,-0.21,,,,,,
1981-10-22,,-0.18,,,,,,
1981-10-23,,-0.11,,,,,,
1981-10-26,,0.04,,,,,,
1981-10-27,,-0.02,,,,,,
1981-10-28,,0.02,,,,,,
1981-10-29,,-0.01,,,,,,
1981-10-30,,0.04,,,,,,
1981-11-02,,0.13,,,,,,
1981-11-04,,0.07,,,,,,
1981-11-05,,-0.01,,,,,,
1981-11-06,,0.08,,,,,,
1981-11-09,,0.22,,,,,,
1981-11-10,,0.18,,,,,,
1981-11-12,,0.42,,,,,,
1981-11-13,,0.35,,,,,,
1981-11-16,,0.38,,,,,,
1981-11-17,,0.47,,,,,,
1981-11-18,,0.81,,,,,,
1981-11-19,,0.82,,,,,,
1981-11-20,,0.93,,,,,,
1981-11-23,,0.94,,,,,,
1981-11-24,,0.98,,,,,,
1981-11-25,,0.85,,,,,,
1981-11-27,,0.81,,,,,,
1981-11-30,,0.77,,,,,,
1981-12-01,,0.66,,,,,,
1981-12-02,,0.6,,,,,,
1981-12-03,,0.57,,,,,,
1981-12-04,,0.92,,,,,,
1981-12-07,,0.92,,,,,,
1981-12-08,,0.85,,,,,,
1981-12-09,,0.77,,,,,,
1981-12-10,,0.64,,,,,,
1981-12-11,,0.49,,,,,,
1981-12-14,,0.23,,,,,,
1981-12-15,,0.45,,,,,,
1981-12-16,,0.49,,,,,,
1981-12-17,,0.34,,,,,,
1981-12-18,,0.32,,,,,,
1981-12-21,,0.22,,,,,,
1981-12-22,,0.25,,,,,,
1981-12-23,,0.02,,,,,,
1981-12-24,,0.06,,,,,,
1981-12-28,,-0.01,,,,,,
1981-12-29,,0.14,,,,,,
1981-12-30,,0.27,,,,,,
1981-12-31,,0.35,,,,,,
1982-01-04,,0.32,,,,,,
1982-01-05,,0.35,,,,,,
1982-01-06,,0.4,,,,,,
1982-01-07,,0.3,,,,,,
1982-01-08,,0.37,,,,,,
1982-01-11,,0.26,,,,,,
1982-01-12,,0.13,,,,,,
1982-01-13,,0.05,,,,,,
1982-01-14,,-0.01,,,,,,
1982-01-15,,0.01,,,,,,
1982-01-18,,-0.08,,,,,,
1982-01-19,,0.01,,,,,,
1982-01-20,,-0.21,,,,,,
1982-01-21,,-0.34,,,,,,
1982-01-22,,-0.37,,,,,,
1982-01-25,,-0.31,,,,,,
1982-01-26,,-0.16,,,,,,
1982-01-27,,-0.06,,,,,,
1982-01-28,,-0.04,,,,,,
1982-01-29,,-0.1,,,,,,
1982-02-01,,-0.46,,,,,,
1982-02-02,,-0.38,,,,,,
1982-02-03,,-0.24,,,,,,
1982-02-04,,-0.2,,,,,,
1982-02-05,,-0.24,,,,,,
1982-02-08,,-0.21,,,,,,
1982-02-09,,-0.2,,,,,,
1982-02-10,,-0.27,,,,,,
1982-02-11,,-0.36,,,,,,
1982-02-16,,-0.51,,,,,,
1982-02-17,,-0.68,,,,,,
1982-02-18,,-0.71,,,,,,
1982-02-19,,-0.7,,,,,,
1982-02-22,,-0.48,,,,,,
1982-02-23,,-0.4,,,,,,
1982-02-24,,-0.37,,,,,,
1982-02-25,,-0.34,,,,,,
1982-02-26,,-0.41,,,,,,
1982-03-01,,-0.4,,,,,,
1982-03-02,,-0.4,,,,,,
1982-03-03,,-0.4,,,,,,
1982-03-04,,-0.29,,,,,,
1982-03-05,,-0.2,,,,,,
1982-03-08,,-0.04,,,,,,
1982-03-09,,-0.24,,,,,,
1982-03-10,,-0.24,,,,,,
1982-03-11,,-0.3,,,,,,
1982-03-12,,-0.38,,,,,,
1982-03-15,,-0.47,,,,,,
1982-03-16,,-0.44,,,,,,
1982-03-17,,-0.27,,,,,,
1982-03-18,,-0.37,,,,,,
1982-03-19,,-0.46,,,,,,
1982-03-22,,-0.35,,,,,,
1982-03-23,,-0.35,,,,,,
1982-03-24,,-0.23,,,,,,
1982-03-25,,-0.34,,,,,,
1982-03-26,,-0.34,,,,,,
1982-03-29,,-0.37,,,,,,
1982-03-30,,-0.44,,,,,,
1982-03-31,,-0.34,,,,,,
1982-04-01,,-0.32,,,,,,
1982-04-02,,-0.34,,,,,,
1982-04-05,,-0.21,,,,,,
1982-04-06,,-0.24,,,,,,
1982-04-07,,-0.36,,,,,,
1982-04-08,,-0.3,,,,,,
1982-04-12,,-0.39,,,,,,
1982-04-13,,-0.34,,,,,,
1982-04-14,,-0.4,,,,,,
1982-04-15,,-0.48,,,,,,
1982-04-16,,-0.53,,,,,,
1982-04-19,,-0.52,,,,,,
1982-04-20,,-0.42,,,,,,
1982-04-21,,-0.35,,,,,,
1982-04-22,,-0.35,,,,,,
1982-04-23,,-0.33,,,,,,
1982-04-26,,-0.32,,,,,,
1982-04-27,,-0.25,,,,,,
1982-04-28,,-0.22,,,,,,
1982-04-29,,-0.15,,,,,,
1982-04-30,,-0.12,,,,,,
1982-05-03,,-0.18,,,,,,
1982-05-04,,-0.3,,,,,,
1982-05-05,,-0.24,,,,,,
1982-05-06,,-0.24,,,,,,
1982-05-07,,-0.19,,,,,,
1982-05-10,,-0.22,,,,,,
1982-05-11,,-0.27,,,,,,
1982-05-12,,-0.21,,,,,,
1982-05-13,,-0.33,,,,,,
1982-05-14,,-0.38,,,,,,
1982-05-17,,-0.28,,,,,,
1982-05-18,,-0.25,,,,,,
1982-05-19,,-0.14,,,,,,
1982-05-20,,0.05,,,,,,
1982-05-21,,-0.05,,,,,,
1982-05-24,,-0.04,,,,,,
1982-05-25,,-0.06,,,,,,
1982-05-26,,0.06,,,,,,
1982-05-27,,0.09,,,,,,
1982-05-28,,0.09,,,,,,
1982-06-01,,0.01,,,,,,
1982-06-02,,-0.09,,,,,,
1982-06-03,,0.0,,,,,,
1982-06-04,,-0.05,,,,,,
1982-06-07,,-0.03,,,,,,
1982-06-08,,-0.06,,,,,,
1982-06-09,,-0.12,,,,,,
1982-06-10,,-0.1,,,,,,
1982-06-11,,-0.15,,,,,,
1982-06-14,,-0.16,,,,,,
1982-06-15,,-0.2,,,,,,
1982-06-16,,-0.19,,,,,,
1982-06-17,,-0.31,,,,,,
1982-06-18,,-0.34,,,,,,
1982-06-21,,-0.29,,,,,,
1982-06-22,,-0.24,,,,,,
1982-06-23,,-0.23,,,,,,
1982-06-24,,-0.24,,,,,,
1982-06-25,,-0.22,,,,,,
1982-06-28,,-0.2,,,,,,
1982-06-29,,-0.22,,,,,,
1982-06-30,,-0.22,,,,,,
1982-07-01,,-0.2,,,,,,
1982-07-02,,-0.21,,,,,,
1982-07-06,,-0.24,,,,,,
1982-07-07,,-0.19,,,,,,
1982-07-08,,-0.07,,,,,,
1982-07-09,,-0.02,,,,,,
1982-07-12,,0.01,,,,,,
1982-07-13,,-0.11,,,,,,
1982-07-14,,-0.13,,,,,,
1982-07-15,,-0.11,,,,,,
1982-07-16,,-0.01,,,,,,
1982-07-19,,0.16,,,,,,
1982-07-20,,0.26,,,,,,
1982-07-21,,0.47,,,,,,
1982-07-22,,0.47,,,,,,
1982-07-23,,0.52,,,,,,
1982-07-26,,0.58,,,,,,
1982-07-27,,0.51,,,,,,
1982-07-28,,0.52,,,,,,
1982-07-29,,0.41,,,,,,
1982-07-30,,0.51,,,,,,
1982-08-02,,0.59,,,,,,
1982-08-03,,0.61,,,,,,
1982-08-04,,0.75,,,,,,
1982-08-05,,0.62,,,,,,
1982-08-06,,0.61,,,,,,
1982-08-09,,0.62,,,,,,
1982-08-10,,0.54,,,,,,
1982-08-11,,0.56,,,,,,
1982-08-12,,0.62,,,,,,
1982-08-13,,0.45,,,,,,
1982-08-16,,0.73,,,,,,
1982-08-17,,0.82,,,,,,
1982-08-18,,0.81,,,,,,
1982-08-19,,0.86,,,,,,
1982-08-20,,1.04,,,,,,
1982-08-23,,0.9,,,,,,
1982-08-24,,0.85,,,,,,
1982-08-25,,0.77,,,,,,
1982-08-26,,0.88,,,,,,
1982-08-27,,0.84,,,,,,
1982-08-30,,0.8,,,,,,
1982-08-31,,0.82,,,,,,
1982-09-01,,0.76,,,,,,
1982-09-02,,0.65,,,,,,
1982-09-03,,0.78,,,,,,
1982-09-07,,0.73,,,,,,
1982-09-08,,0.64,,,,,,
1982-09-09,,0.66,,,,,,
1982-09-10,,0.67,,,,,,
1982-09-13,,0.7,,,,,,
1982-09-14,,0.68,,,,,,
1982-09-15,,0.44,,,,,,
1982-09-16,,0.46,,,,,,
1982-09-17,,0.55,,,,,,
1982-09-20,,0.49,,,,,,
1982-09-21,,0.5,,,,,,
1982-09-22,,0.43,,,,,,
1982-09-23,,0.44,,,,,,
1982-09-24,,0.44,,,,,,
1982-09-27,,0.3,,,,,,
1982-09-28,,0.43,,,,,,
1982-09-29,,0.42,,,,,,
1982-09-30,,0.5,,,,,,
1982-10-01,,0.38,,,,,,
1982-10-04,,0.21,,,,,,
1982-10-05,,0.27,,,,,,
1982-10-06,,0.29,,,,,,
1982-10-07,,0.45,,,,,,
1982-10-08,,0.68,,,,,,
1982-10-12,,0.84,,,,,,
1982-10-13,,0.71,,,,,,
1982-10-14,,0.77,,,,,,
1982-10-15,,0.75,,,,,,
1982-10-18,,0.78,,,,,,
1982-10-19,,0.74,,,,,,
1982-10-20,,0.97,,,,,,
1982-10-21,,0.9,,,,,,
1982-10-22,,0.94,,,,,,
1982-10-25,,1.02,,,,,,
1982-10-26,,0.98,,,,,,
1982-10-27,,0.96,,,,,,
1982-10-28,,0.88,,,,,,
1982-10-29,,0.86,,,,,,
1982-11-01,,0.88,,,,,,
1982-11-03,,0.81,,,,,,
1982-11-04,,0.78,,,,,,
1982-11-05,,0.75,,,,,,
1982-11-08,,0.74,,,,,,
1982-11-09,,0.77,,,,,,
1982-11-10,,0.71,,,,,,
1982-11-12,,0.71,,,,,,
1982-11-15,,0.74,,,,,,
1982-11-16,,0.77,,,,,,
1982-11-17,,0.69,,,,,,
1982-11-18,,0.65,,,,,,
1982-11-19,,0.63,,,,,,
1982-11-22,,0.7,,,,,,
1982-11-23,,0.8,,,,,,
1982-11-24,,0.79,,,,,,
1982-11-26,,0.75,,,,,,
1982-11-29,,0.84,,,,,,
1982-11-30,,0.83,,,,,,
1982-12-01,,0.78,,,,,,
1982-12-02,,0.79,,,,,,
1982-12-03,,0.75,,,,,,
1982-12-06,,0.73,,,,,,
1982-12-07,,0.76,,,,,,
1982-12-08,,0.77,,,,,,
1982-12-09,,0.75,,,,,,
1982-12-10,,0.79,,,,,,
1982-12-13,,0.77,,,,,,
1982-12-14,,0.92,,,,,,
1982-12-15,,1.01,,,,,,
1982-12-16,,1.0,,,,,,
1982-12-17,,0.98,,,,,,
1982-12-20,,1.03,,,,,,
1982-12-21,,1.0,,,,,,
1982-12-22,,0.98,,,,,,
1982-12-23,,0.95,,,,,,
1982-12-27,,0.9,,,,,,
1982-12-28,,0.92,,,,,,
1982-12-29,,0.93,,,,,,
1982-12-30,,0.92,,,,,,
1982-12-31,,0.88,,,,,,
1983-01-03,,1.03,,,,,,
1983-01-04,,0.94,,,,,,
1983-01-05,,0.96,,,,,,
1983-01-06,,1.0,,,,,,
1983-01-07,,1.1,,,,,,
1983-01-10,,1.14,,,,,,
1983-01-11,,1.15,,,,,,
1983-01-12,,1.1,,,,,,
1983-01-13,,1.16,,,,,,
1983-01-14,,1.19,,,,,,
1983-01-17,,1.11,,,,,,
1983-01-18,,1.16,,,,,,
1983-01-19,,1.21,,,,,,
1983-01-20,,1.17,,,,,,
1983-01-21,,1.15,,,,,,
1983-01-24,,1.16,,,,,,
1983-01-25,,1.18,,,,,,
1983-01-26,,1.17,,,,,,
1983-01-27,,1.18,,,,,,
1983-01-28,,1.24,,,,,,
1983-01-31,,1.22,,,,,,
1983-02-01,,1.18,,,,,,
1983-02-02,,1.17,,,,,,
1983-02-03,,1.22,,,,,,
1983-02-04,,1.17,,,,,,
1983-02-07,,1.16,,,,,,
1983-02-08,,1.16,,,,,,
1983-02-09,,1.11,,,,,,
1983-02-10,,1.09,,,,,,
1983-02-11,,1.1,,,,,,
1983-02-14,,1.02,,,,,,
1983-02-15,,1.07,,,,,,
1983-02-16,,1.12,,,,,,
1983-02-17,,1.06,,,,,,
1983-02-18,,1.04,,,,,,
1983-02-22,,1.05,,,,,,
1983-02-23,,1.0,,,,,,
1983-02-24,,1.02,,,,,,
1983-02-25,,0.98,,,,,,
1983-02-28,,0.96,,,,,,
1983-03-01,,0.96,,,,,,
1983-03-02,,0.96,,,,,,
1983-03-03,,0.99,,,,,,
1983-03-04,,1.02,,,,,,
1983-03-07,,0.97,,,,,,
1983-03-08,,0.9,,,,,,
1983-03-09,,0.86,,,,,,
1983-03-10,,0.88,,,,,,
1983-03-11,,0.93,,,,,,
1983-03-14,,0.9,,,,,,
1983-03-15,,0.89,,,,,,
1983-03-16,,0.88,,,,,,
1983-03-17,,0.85,,,,,,
1983-03-18,,0.8,,,,,,
1983-03-21,,0.81,,,,,,
1983-03-22,,0.78,,,,,,
1983-03-23,,0.77,,,,,,
1983-03-24,,0.76,,,,,,
1983-03-25,,0.73,,,,,,
1983-03-28,,0.74,,,,,,
1983-03-29,,0.72,,,,,,
1983-03-30,,0.71,,,,,,
1983-03-31,,0.75,,,,,,
1983-04-04,,0.73,,,,,,
1983-04-05,,0.77,,,,,,
1983-04-06,,0.8,,,,,,
1983-04-07,,0.84,,,,,,
1983-04-08,,0.84,,,,,,
1983-04-11,,0.88,,,,,,
1983-04-12,,0.84,,,,,,
1983-04-13,,0.82,,,,,,
1983-04-14,,0.8,,,,,,
1983-04-15,,0.8,,,,,,
1983-04-18,,0.8,,,,,,
1983-04-19,,0.81,,,,,,
1983-04-20,,0.81,,,,,,
1983-04-21,,0.82,,,,,,
1983-04-22,,0.84,,,,,,
1983-04-25,,0.88,,,,,,
1983-04-26,,0.88,,,,,,
1983-04-27,,0.87,,,,,,
1983-04-28,,0.89,,,,,,
1983-04-29,,0.92,,,,,,
1983-05-02,,0.97,,,,,,
1983-05-03,,0.99,,,,,,
1983-05-04,,0.93,,,,,,
1983-05-05,,0.91,,,,,,
1983-05-06,,0.96,,,,,,
1983-05-09,,0.92,,,,,,
1983-05-10,,0.92,,,,,,
1983-05-11,,0.96,,,,,,
1983-05-12,,0.94,,,,,,
1983-05-13,,0.95,,,,,,
1983-05-16,,0.9,,,,,,
1983-05-17,,0.93,,,,,,
1983-05-18,,0.94,,,,,,
1983-05-19,,0.88,,,,,,
1983-05-20,,0.9,,,,,,
1983-05-23,,0.83,,,,,,
1983-05-24,,0.81,,,,,,
1983-05-25,,0.82,,,,,,
1983-05-26,,0.74,,,,,,
1983-05-27,,0.72,,,,,,
1983-05-31,,0.79,,,,,,
1983-06-01,,0.8,,,,,,
1983-06-02,,0.82,,,,,,
1983-06-03,,0.78,,,,,,
1983-06-06,,0.7,,,,,,
1983-06-07,,0.67,,,,,,
1983-06-08,,0.72,,,,,,
1983-06-09,,0.76,,,,,,
1983-06-10,,0.69,,,,,,
1983-06-13,,0.64,,,,,,
1983-06-14,,0.68,,,,,,
1983-06-15,,0.66,,,,,,
1983-06-16,,0.59,,,,,,
1983-06-17,,0.61,,,,,,
1983-06-20,,0.54,,,,,,
1983-06-21,,0.52,,,,,,
1983-06-22,,0.52,,,,,,
1983-06-23,,0.57,,,,,,
1983-06-24,,0.59,,,,,,
1983-06-27,,0.67,,,,,,
1983-06-28,,0.69,,,,,,
1983-06-29,,0.72,,,,,,
1983-06-30,,0.73,,,,,,
1983-07-01,,0.76,,,,,,
1983-07-05,,0.69,,,,,,
1983-07-06,,0.67,,,,,,
1983-07-07,,0.7,,,,,,
1983-07-08,,0.64,,,,,,
1983-07-11,,0.72,,,,,,
1983-07-12,,0.68,,,,,,
1983-07-13,,0.69,,,,,,
1983-07-14,,0.66,,,,,,
1983-07-15,,0.69,,,,,,
1983-07-18,,0.65,,,,,,
1983-07-19,,0.67,,,,,,
1983-07-20,,0.64,,,,,,
1983-07-21,,0.66,,,,,,
1983-07-22,,0.66,,,,,,
1983-07-25,,0.67,,,,,,
1983-07-26,,0.72,,,,,,
1983-07-27,,0.74,,,,,,
1983-07-28,,0.8,,,,,,
1983-07-29,,0.73,,,,,,
1983-08-01,,0.71,,,,,,
1983-08-02,,0.68,,,,,,
1983-08-03,,0.79,,,,,,
1983-08-04,,0.85,,,,,,
1983-08-05,,0.83,,,,,,
1983-08-08,,0.83,,,,,,
1983-08-09,,0.8,,,,,,
1983-08-10,,0.76,,,,,,
1983-08-11,,0.72,,,,,,
1983-08-12,,0.69,,,,,,
1983-08-15,,0.68,,,,,,
1983-08-16,,0.74,,,,,,
1983-08-17,,0.79,,,,,,
1983-08-18,,0.85,,,,,,
1983-08-19,,0.82,,,,,,
1983-08-22,,0.79,,,,,,
1983-08-23,,0.78,,,,,,
1983-08-24,,0.78,,,,,,
1983-08-25,,0.79,,,,,,
1983-08-26,,0.77,,,,,,
1983-08-29,,0.77,,,,,,
1983-08-30,,0.82,,,,,,
1983-08-31,,0.8,,,,,,
1983-09-01,,0.81,,,,,,
1983-09-02,,0.83,,,,,,
1983-09-06,,0.82,,,,,,
1983-09-07,,0.82,,,,,,
1983-09-08,,0.82,,,,,,
1983-09-09,,0.8,,,,,,
1983-09-12,,0.85,,,,,,
1983-09-13,,0.86,,,,,,
1983-09-14,,0.88,,,,,,
1983-09-15,,0.87,,,,,,
1983-09-16,,0.85,,,,,,
1983-09-19,,0.94,,,,,,
1983-09-20,,0.87,,,,,,
1983-09-21,,0.91,,,,,,
1983-09-22,,0.86,,,,,,
1983-09-23,,0.88,,,,,,
1983-09-26,,0.92,,,,,,
1983-09-27,,0.88,,,,,,
1983-09-28,,0.9,,,,,,
1983-09-29,,0.86,,,,,,
1983-09-30,,0.91,,,,,,
1983-10-03,,0.92,,,,,,
1983-10-04,,0.9,,,,,,
1983-10-05,,0.9,,,,,,
1983-10-06,,0.89,,,,,,
1983-10-07,,0.88,,,,,,
1983-10-11,,0.89,,,,,,
1983-10-12,,0.94,,,,,,
1983-10-13,,0.94,,,,,,
1983-10-14,,0.93,,,,,,
1983-10-17,,0.98,,,,,,
1983-10-18,,1.01,,,,,,
1983-10-19,,0.94,,,,,,
1983-10-20,,0.93,,,,,,
1983-10-21,,0.95,,,,,,
1983-10-24,,0.98,,,,,,
1983-10-25,,1.07,,,,,,
1983-10-26,,1.09,,,,,,
1983-10-27,,1.06,,,,,,
1983-10-28,,1.07,,,,,,
1983-10-31,,1.13,,,,,,
1983-11-01,,1.05,,,,,,
1983-11-02,,1.08,,,,,,
1983-11-03,,1.12,,,,,,
1983-11-04,,1.09,,,,,,
1983-11-07,,1.06,,,,,,
1983-11-09,,1.1,,,,,,
1983-11-10,,1.08,,,,,,
1983-11-14,,1.08,,,,,,
1983-11-15,,1.04,,,,,,
1983-11-16,,1.04,,,,,,
1983-11-17,,1.04,,,,,,
1983-11-18,,1.04,,,,,,
1983-11-21,,1.0,,,,,,
1983-11-22,,0.97,,,,,,
1983-11-23,,0.95,,,,,,
1983-11-25,,0.92,,,,,,
1983-11-28,,0.94,,,,,,
1983-11-29,,0.93,,,,,,
1983-11-30,,0.96,,,,,,
1983-12-01,,0.97,,,,,,
1983-12-02,,0.98,,,,,,
1983-12-05,,0.98,,,,,,
1983-12-06,,1.02,,,,,,
1983-12-07,,1.04,,,,,,
1983-12-08,,1.06,,,,,,
1983-12-09,,1.05,,,,,,
1983-12-12,,1.05,,,,,,
1983-12-13,,1.02,,,,,,
1983-12-14,,1.05,,,,,,
1983-12-15,,1.03,,,,,,
1983-12-16,,1.01,,,,,,
1983-12-19,,1.0,,,,,,
1983-12-20,,0.99,,,,,,
1983-12-21,,0.95,,,,,,
1983-12-22,,0.94,,,,,,
1983-12-23,,0.93,,,,,,
1983-12-27,,0.9,,,,,,
1983-12-28,,0.96,,,,,,
1983-12-29,,0.95,,,,,,
1983-12-30,,0.97,,,,,,
1984-01-03,,0.99,,,,,,
1984-01-04,,1.01,,,,,,
1984-01-05,,1.02,,,,,,
1984-01-06,,1.05,,,,,,
1984-01-09,,1.02,,,,,,
1984-01-10,,1.05,,,,,,
1984-01-11,,1.04,,,,,,
1984-01-12,,1.05,,,,,,
1984-01-13,,1.09,,,,,,
1984-01-16,,1.02,,,,,,
1984-01-17,,1.02,,,,,,
1984-01-18,,1.03,,,,,,
1984-01-19,,1.03,,,,,,
1984-01-20,,1.04,,,,,,
1984-01-23,,1.02,,,,,,
1984-01-24,,1.0,,,,,,
1984-01-25,,0.99,,,,,,
1984-01-26,,1.01,,,,,,
1984-01-27,,1.01,,,,,,
1984-01-30,,1.09,,,,,,
1984-01-31,,1.09,,,,,,
1984-02-01,,1.08,,,,,,
1984-02-02,,1.06,,,,,,
1984-02-03,,1.07,,,,,,
1984-02-06,,1.03,,,,,,
1984-02-07,,1.05,,,,,,
1984-02-08,,1.07,,,,,,
1984-02-09,,1.07,,,,,,
1984-02-10,,1.1,,,,,,
1984-02-14,,1.07,,,,,,
1984-02-15,,1.08,,,,,,
1984-02-16,,1.08,,,,,,
1984-02-17,,1.05,,,,,,
1984-02-21,,1.06,,,,,,
1984-02-22,,1.01,,,,,,
1984-02-23,,1.02,,,,,,
1984-02-24,,1.05,,,,,,
1984-02-27,,1.03,,,,,,
1984-02-28,,1.05,,,,,,
1984-02-29,,1.05,,,,,,
1984-03-01,,1.02,,,,,,
1984-03-02,,1.07,,,,,,
1984-03-05,,1.06,,,,,,
1984-03-06,,1.08,,,,,,
1984-03-07,,1.14,,,,,,
1984-03-08,,1.09,,,,,,
1984-03-09,,1.09,,,,,,
1984-03-12,,1.06,,,,,,
1984-03-13,,1.05,,,,,,
1984-03-14,,1.05,,,,,,
1984-03-15,,1.03,,,,,,
1984-03-16,,1.07,,,,,,
1984-03-19,,1.06,,,,,,
1984-03-20,,0.99,,,,,,
1984-03-21,,0.88,,,,,,
1984-03-22,,0.9,,,,,,
1984-03-23,,0.89,,,,,,
1984-03-26,,0.9,,,,,,
1984-03-27,,0.88,,,,,,
1984-03-28,,0.94,,,,,,
1984-03-29,,0.92,,,,,,
1984-03-30,,0.93,,,,,,
1984-04-02,,0.95,,,,,,
1984-04-03,,0.92,,,,,,
1984-04-04,,0.91,,,,,,
1984-04-05,,0.95,,,,,,
1984-04-06,,0.96,,,,,,
1984-04-09,,0.92,,,,,,
1984-04-10,,0.98,,,,,,
1984-04-11,,0.97,,,,,,
1984-04-12,,0.91,,,,,,
1984-04-13,,0.91,,,,,,
1984-04-16,,0.91,,,,,,
1984-04-17,,0.98,,,,,,
1984-04-18,,1.01,,,,,,
1984-04-19,,1.0,,,,,,
1984-04-23,,1.02,,,,,,
1984-04-24,,1.02,,,,,,
1984-04-25,,0.9,,,,,,
1984-04-26,,0.9,,,,,,
1984-04-27,,0.9,,,,,,
1984-04-30,,0.93,,,,,,
1984-05-01,,0.94,,,,,,
1984-05-02,,0.94,,,,,,
1984-05-03,,0.93,,,,,,
1984-05-04,,0.92,,,,,,
1984-05-07,,0.89,,,,,,
1984-05-08,,0.86,,,,,,
1984-05-09,,0.89,,,,,,
1984-05-10,,0.93,,,,,,
1984-05-11,,0.91,,,,,,
1984-05-14,,1.01,,,,,,
1984-05-15,,0.97,,,,,,
1984-05-16,,0.99,,,,,,
1984-05-17,,1.03,,,,,,
1984-05-18,,0.98,,,,,,
1984-05-21,,0.95,,,,,,
1984-05-22,,0.94,,,,,,
1984-05-23,,0.87,,,,,,
1984-05-24,,0.95,,,,,,
1984-05-25,,0.98,,,,,,
1984-05-29,,0.91,,,,,,
1984-05-30,,0.95,,,,,,
1984-05-31,,0.91,,,,,,
1984-06-01,,0.91,,,,,,
1984-06-04,,0.79,,,,,,
1984-06-05,,0.77,,,,,,
1984-06-06,,0.79,,,,,,
1984-06-07,,0.73,,,,,,
1984-06-08,,0.72,,,,,,
1984-06-11,,0.58,,,,,,
1984-06-12,,0.62,,,,,,
1984-06-13,,0.61,,,,,,
1984-06-14,,0.64,,,,,,
1984-06-15,,0.58,,,,,,
1984-06-18,,0.52,,,,,,
1984-06-19,,0.59,,,,,,
1984-06-20,,0.57,,,,,,
1984-06-21,,0.58,,,,,,
1984-06-22,,0.59,,,,,,
1984-06-25,,0.63,,,,,,
1984-06-26,,0.62,,,,,,
1984-06-27,,0.64,,,,,,
1984-06-28,,0.63,,,,,,
1984-06-29,,0.67,,,,,,
1984-07-02,,0.7,,,,,,
1984-07-03,,0.68,,,,,,
1984-07-05,,0.7,,,,,,
1984-07-06,,0.62,,,,,,
1984-07-09,,0.52,,,,,,
1984-07-10,,0.53,,,,,,
1984-07-11,,0.49,,,,,,
1984-07-12,,0.46,,,,,,
1984-07-13,,0.45,,,,,,
1984-07-16,,0.43,,,,,,
1984-07-17,,0.44,,,,,,
1984-07-18,,0.43,,,,,,
1984-07-19,,0.43,,,,,,
1984-07-20,,0.51,,,,,,
1984-07-23,,0.48,,,,,,
1984-07-24,,0.46,,,,,,
1984-07-25,,0.42,,,,,,
1984-07-26,,0.34,,,,,,
1984-07-27,,0.36,,,,,,
1984-07-30,,0.39,,,,,,
1984-07-31,,0.34,,,,,,
1984-08-01,,0.33,,,,,,
1984-08-02,,0.26,,,,,,
1984-08-03,,0.31,,,,,,
1984-08-06,,0.31,,,,,,
1984-08-07,,0.28,,,,,,
1984-08-08,,0.29,,,,,,
1984-08-09,,0.28,,,,,,
1984-08-10,,0.33,,,,,,
1984-08-13,,0.29,,,,,,
1984-08-14,,0.33,,,,,,
1984-08-15,,0.35,,,,,,
1984-08-16,,0.3,,,,,,
1984-08-17,,0.3,,,,,,
1984-08-20,,0.27,,,,,,
1984-08-21,,0.21,,,,,,
1984-08-22,,0.2,,,,,,
1984-08-23,,0.25,,,,,,
1984-08-24,,0.25,,,,,,
1984-08-27,,0.27,,,,,,
1984-08-28,,0.27,,,,,,
1984-08-29,,0.27,,,,,,
1984-08-30,,0.28,,,,,,
1984-08-31,,0.25,,,,,,
1984-09-04,,0.29,,,,,,
1984-09-05,,0.29,,,,,,
1984-09-06,,0.27,,,,,,
1984-09-07,,0.25,,,,,,
1984-09-10,,0.35,,,,,,
1984-09-11,,0.28,,,,,,
1984-09-12,,0.25,,,,,,
1984-09-13,,0.23,,,,,,
1984-09-14,,0.27,,,,,,
1984-09-17,,0.24,,,,,,
1984-09-18,,0.25,,,,,,
1984-09-19,,0.31,,,,,,
1984-09-20,,0.34,,,,,,
1984-09-21,,0.39,,,,,,
1984-09-24,,0.42,,,,,,
1984-09-25,,0.44,,,,,,
1984-09-26,,0.41,,,,,,
1984-09-27,,0.36,,,,,,
1984-09-28,,0.4,,,,,,
1984-10-01,,0.45,,,,,,
1984-10-02,,0.47,,,,,,
1984-10-03,,0.48,,,,,,
1984-10-04,,0.5,,,,,,
1984-10-05,,0.46,,,,,,
1984-10-09,,0.49,,,,,,
1984-10-10,,0.47,,,,,,
1984-10-11,,0.53,,,,,,
1984-10-12,,0.56,,,,,,
1984-10-15,,0.56,,,,,,
1984-10-16,,0.55,,,,,,
1984-10-17,,0.58,,,,,,
1984-10-18,,0.56,,,,,,
1984-10-19,,0.54,,,,,,
1984-10-22,,0.55,,,,,,
1984-10-23,,0.61,,,,,,
1984-10-24,,0.64,,,,,,
1984-10-25,,0.7,,,,,,
1984-10-26,,0.66,,,,,,
1984-10-29,,0.65,,,,,,
1984-10-30,,0.62,,,,,,
1984-10-31,,0.7,,,,,,
1984-11-01,,0.73,,,,,,
1984-11-02,,0.7,,,,,,
1984-11-05,,0.81,,,,,,
1984-11-07,,0.92,,,,,,
1984-11-08,,0.86,,,,,,
1984-11-09,,0.9,,,,,,
1984-11-13,,0.89,,,,,,
1984-11-14,,0.9,,,,,,
1984-11-15,,0.95,,,,,,
1984-11-16,,0.98,,,,,,
1984-11-19,,0.94,,,,,,
1984-11-20,,0.94,,,,,,
1984-11-21,,1.0,,,,,,
1984-11-23,,0.95,,,,,,
1984-11-26,,0.95,,,,,,
1984-11-27,,0.97,,,,,,
1984-11-28,,1.03,,,,,,
1984-11-29,,1.05,,,,,,
1984-11-30,,1.08,,,,,,
1984-12-03,,1.06,,,,,,
1984-12-04,,1.08,,,,,,
1984-12-05,,1.12,,,,,,
1984-12-06,,1.12,,,,,,
1984-12-07,,1.19,,,,,,
1984-12-10,,1.19,,,,,,
1984-12-11,,1.17,,,,,,
1984-12-12,,1.19,,,,,,
1984-12-13,,1.3,,,,,,
1984-12-14,,1.36,,,,,,
1984-12-17,,1.42,,,,,,
1984-12-18,,1.44,,,,,,
1984-12-19,,1.45,,,,,,
1984-12-20,,1.43,,,,,,
1984-12-21,,1.4,,,,,,
1984-12-24,,1.48,,,,,,
1984-12-26,,1.5,,,,,,
1984-12-27,,1.49,,,,,,
1984-12-28,,1.44,,,,,,
1984-12-31,,1.53,,,,,,
1985-01-02,,1.67,,,,,,
1985-01-03,,1.56,,,,,,
1985-01-04,,1.59,,,,,,
1985-01-07,,1.49,,,,,,
1985-01-08,,1.46,,,,,,
1985-01-09,,1.52,,,,,,
1985-01-10,,1.48,,,,,,
1985-01-11,,1.51,,,,,,
1985-01-14,,1.53,,,,,,
1985-01-15,,1.49,,,,,,
1985-01-16,,1.52,,,,,,
1985-01-17,,1.5,,,,,,
1985-01-18,,1.48,,,,,,
1985-01-22,,1.44,,,,,,
1985-01-23,,1.38,,,,,,
1985-01-24,,1.32,,,,,,
1985-01-25,,1.35,,,,,,
1985-01-28,,1.32,,,,,,
1985-01-29,,1.32,,,,,,
1985-01-30,,1.32,,,,,,
1985-01-31,,1.27,,,,,,
1985-02-01,,1.25,,,,,,
1985-02-04,,1.32,,,,,,
1985-02-05,,1.31,,,,,,
1985-02-06,,1.37,,,,,,
1985-02-07,,1.35,,,,,,
1985-02-08,,1.34,,,,,,
1985-02-11,,1.36,,,,,,
1985-02-13,,1.36,,,,,,
1985-02-14,,1.31,,,,,,
1985-02-15,,1.36,,,,,,
1985-02-19,,1.36,,,,,,
1985-02-20,,1.39,,,,,,
1985-02-21,,1.35,,,,,,
1985-02-22,,1.42,,,,,,
1985-02-25,,1.39,,,,,,
1985-02-26,,1.36,,,,,,
1985-02-27,,1.33,,,,,,
1985-02-28,,1.25,,,,,,
1985-03-01,,1.13,,,,,,
1985-03-04,,1.15,,,,,,
1985-03-05,,1.15,,,,,,
1985-03-06,,1.17,,,,,,
1985-03-07,,1.11,,,,,,
1985-03-08,,1.15,,,,,,
1985-03-11,,1.16,,,,,,
1985-03-12,,1.16,,,,,,
1985-03-13,,1.11,,,,,,
1985-03-14,,1.06,,,,,,
1985-03-15,,1.11,,,,,,
1985-03-18,,1.13,,,,,,
1985-03-19,,1.14,,,,,,
1985-03-20,,1.06,,,,,,
1985-03-21,,1.13,,,,,,
1985-03-22,,1.13,,,,,,
1985-03-25,,1.15,,,,,,
1985-03-26,,1.14,,,,,,
1985-03-27,,1.21,,,,,,
1985-03-28,,1.22,,,,,,
1985-03-29,,1.22,,,,,,
1985-04-01,,1.21,,,,,,
1985-04-02,,1.22,,,,,,
1985-04-03,,1.24,,,,,,
1985-04-04,,1.22,,,,,,
1985-04-08,,1.28,,,,,,
1985-04-09,,1.28,,,,,,
1985-04-10,,1.27,,,,,,
1985-04-11,,1.3,,,,,,
1985-04-12,,1.3,,,,,,
1985-04-15,,1.28,,,,,,
1985-04-16,,1.39,,,,,,
1985-04-17,,1.36,,,,,,
1985-04-18,,1.4,,,,,,
1985-04-19,,1.35,,,,,,
1985-04-22,,1.41,,,,,,
1985-04-23,,1.37,,,,,,
1985-04-24,,1.44,,,,,,
1985-04-25,,1.47,,,,,,
1985-04-26,,1.47,,,,,,
1985-04-29,,1.5,,,,,,
1985-04-30,,1.5,,,,,,
1985-05-01,,1.45,,,,,,
1985-05-02,,1.43,,,,,,
1985-05-03,,1.5,,,,,,
1985-05-06,,1.49,,,,,,
1985-05-07,,1.51,,,,,,
1985-05-08,,1.53,,,,,,
1985-05-09,,1.53,,,,,,
1985-05-10,,1.42,,,,,,
1985-05-13,,1.4,,,,,,
1985-05-14,,1.4,,,,,,
1985-05-15,,1.49,,,,,,
1985-05-16,,1.5,,,,,,
1985-05-17,,1.47,,,,,,
1985-05-20,,1.46,,,,,,
1985-05-21,,1.49,,,,,,
1985-05-22,,1.51,,,,,,
1985-05-23,,1.43,,,,,,
1985-05-24,,1.44,,,,,,
1985-05-28,,1.38,,,,,,
1985-05-29,,1.41,,,,,,
1985-05-30,,1.36,,,,,,
1985-05-31,,1.36,,,,,,
1985-06-03,,1.33,,,,,,
1985-06-04,,1.37,,,,,,
1985-06-05,,1.41,,,,,,
1985-06-06,,1.38,,,,,,
1985-06-07,,1.37,,,,,,
1985-06-10,,1.29,,,,,,
1985-06-11,,1.3,,,,,,
1985-06-12,,1.4,,,,,,
1985-06-13,,1.45,,,,,,
1985-06-14,,1.53,,,,,,
1985-06-17,,1.49,,,,,,
1985-06-18,,1.53,,,,,,
1985-06-19,,1.54,,,,,,
1985-06-20,,1.55,,,,,,
1985-06-21,,1.54,,,,,,
1985-06-24,,1.58,,,,,,
1985-06-25,,1.54,,,,,,
1985-06-26,,1.6,,,,,,
1985-06-27,,1.58,,,,,,
1985-06-28,,1.58,,,,,,
1985-07-01,,1.53,,,,,,
1985-07-02,,1.54,,,,,,
1985-07-03,,1.57,,,,,,
1985-07-05,,1.57,,,,,,
1985-07-08,,1.53,,,,,,
1985-07-09,,1.53,,,,,,
1985-07-10,,1.52,,,,,,
1985-07-11,,1.49,,,,,,
1985-07-12,,1.45,,,,,,
1985-07-15,,1.46,,,,,,
1985-07-16,,1.48,,,,,,
1985-07-17,,1.49,,,,,,
1985-07-18,,1.54,,,,,,
1985-07-19,,1.52,,,,,,
1985-07-22,,1.51,,,,,,
1985-07-23,,1.5,,,,,,
1985-07-24,,1.52,,,,,,
1985-07-25,,1.56,,,,,,
1985-07-26,,1.61,,,,,,
1985-07-29,,1.64,,,,,,
1985-07-30,,1.62,,,,,,
1985-07-31,,1.56,,,,,,
1985-08-01,,1.47,,,,,,
1985-08-02,,1.51,,,,,,
1985-08-05,,1.51,,,,,,
1985-08-06,,1.52,,,,,,
1985-08-07,,1.47,,,,,,
1985-08-08,,1.44,,,,,,
1985-08-09,,1.42,,,,,,
1985-08-12,,1.43,,,,,,
1985-08-13,,1.5,,,,,,
1985-08-14,,1.42,,,,,,
1985-08-15,,1.4,,,,,,
1985-08-16,,1.36,,,,,,
1985-08-19,,1.34,,,,,,
1985-08-20,,1.34,,,,,,
1985-08-21,,1.3,,,,,,
1985-08-22,,1.29,,,,,,
1985-08-23,,1.27,,,,,,
1985-08-26,,1.3,,,,,,
1985-08-27,,1.31,,,,,,
1985-08-28,,1.31,,,,,,
1985-08-29,,1.31,,,,,,
1985-08-30,,1.32,,,,,,
1985-09-03,,1.29,,,,,,
1985-09-04,,1.31,,,,,,
1985-09-05,,1.35,,,,,,
1985-09-06,,1.35,,,,,,
1985-09-09,,1.36,,,,,,
1985-09-10,,1.38,,,,,,
1985-09-11,,1.38,,,,,,
1985-09-12,,1.37,,,,,,
1985-09-13,,1.37,,,,,,
1985-09-16,,1.38,,,,,,
1985-09-17,,1.36,,,,,,
1985-09-18,,1.36,,,,,,
1985-09-19,,1.3,,,,,,
1985-09-20,,1.35,,,,,,
1985-09-23,,1.5,,,,,,
1985-09-24,,1.51,,,,,,
1985-09-25,,1.56,,,,,,
1985-09-26,,1.5,,,,,,
1985-09-30,,1.43,,,,,,
1985-10-01,,1.46,,,,,,
1985-10-02,,1.46,,,,,,
1985-10-03,,1.48,,,,,,
1985-10-04,,1.52,,,,,,
1985-10-07,,1.45,,,,,,
1985-10-08,,1.4,,,,,,
1985-10-09,,1.4,,,,,,
1985-10-10,,1.39,,,,,,
1985-10-11,,1.38,,,,,,
1985-10-15,,1.36,,,,,,
1985-10-16,,1.36,,,,,,
1985-10-17,,1.36,,,,,,
1985-10-18,,1.36,,,,,,
1985-10-21,,1.35,,,,,,
1985-10-22,,1.32,,,,,,
1985-10-23,,1.3,,,,,,
1985-10-24,,1.25,,,,,,
1985-10-25,,1.33,,,,,,
1985-10-28,,1.37,,,,,,
1985-10-29,,1.29,,,,,,
1985-10-30,,1.29,,,,,,
1985-10-31,,1.31,,,,,,
1985-11-01,,1.28,,,,,,
1985-11-04,,1.27,,,,,,
1985-11-05,,1.24,,,,,,
1985-11-06,,1.26,,,,,,
1985-11-07,,1.24,,,,,,
1985-11-08,,1.27,,,,,,
1985-11-12,,1.21,,,,,,
1985-11-13,,1.2,,,,,,
1985-11-14,,1.21,,,,,,
1985-11-15,,1.26,,,,,,
1985-11-18,,1.21,,,,,,
1985-11-19,,1.21,,,,,,
1985-11-20,,1.18,,,,,,
1985-11-21,,1.07,,,,,,
1985-11-22,,1.14,,,,,,
1985-11-25,,1.16,,,,,,
1985-11-26,,1.15,,,,,,
1985-11-27,,1.12,,,,,,
1985-11-29,,1.13,,,,,,
1985-12-02,,1.15,,,,,,
1985-12-03,,1.16,,,,,,
1985-12-04,,1.14,,,,,,
1985-12-05,,1.15,,,,,,
1985-12-06,,1.18,,,,,,
1985-12-09,,1.14,,,,,,
1985-12-10,,1.13,,,,,,
1985-12-11,,1.2,,,,,,
1985-12-12,,1.2,,,,,,
1985-12-13,,1.24,,,,,,
1985-12-16,,1.16,,,,,,
1985-12-17,,1.1,,,,,,
1985-12-18,,1.07,,,,,,
1985-12-19,,1.1,,,,,,
1985-12-20,,1.03,,,,,,
1985-12-23,,1.07,,,,,,
1985-12-24,,1.05,,,,,,
1985-12-26,,1.05,,,,,,
1985-12-27,,1.0,,,,,,
1985-12-30,,1.02,,,,,,
1985-12-31,,1.02,,,,,,
1986-01-02,,1.02,25.56,,,,,
1986-01-03,,1.02,26.0,,,,,
1986-01-06,,1.03,26.53,,,,,
1986-01-07,,0.97,25.85,,,,,
1986-01-08,,1.04,25.87,,,,,
1986-01-09,,1.0,26.03,,,,,
1986-01-10,,1.03,25.65,,,,,
1986-01-13,,1.11,25.08,,,,,
1986-01-14,,1.1,24.97,,,,,
1986-01-15,,1.07,25.18,,,,,
1986-01-16,,1.09,23.98,,,,,
1986-01-17,,1.05,23.63,,,,,
1986-01-20,,1.05,21.33,,,,,
1986-01-21,,1.02,20.61,,,,,
1986-01-22,,1.09,20.25,,,,,
1986-01-23,,1.06,19.93,,,,,
1986-01-24,,1.1,19.45,,,,,
1986-01-27,,1.06,20.87,,,,,
1986-01-28,,1.03,19.45,,,,,
1986-01-29,,1.04,19.61,,,,,
1986-01-30,,1.06,19.58,,,,,
1986-01-31,,1.09,18.95,,,,,
1986-02-03,,1.05,17.42,,,,,
1986-02-04,,1.02,15.58,,,,,
1986-02-05,,0.98,16.28,,,,,
1986-02-06,,1.01,16.6,,,,,
1986-02-07,,0.96,17.7,,,,,
1986-02-10,,0.92,16.78,,,,,
1986-02-11,,0.89,16.28,,,,,
1986-02-12,,0.83,15.74,,,,,
1986-02-13,,0.79,16.43,,,,,
1986-02-14,,0.69,16.03,,,,,
1986-02-18,,0.68,14.7,,,,,
1986-02-19,,0.64,15.08,,,,,
1986-02-20,,0.62,14.13,,,,,
1986-02-21,,0.55,13.63,,,,,
1986-02-24,,0.53,14.68,,,,,
1986-02-25,,0.51,14.68,,,,,
1986-02-26,,0.48,14.62,,,,,
1986-02-27,,0.43,14.05,,,,,
1986-02-28,,0.42,13.23,,,,,
1986-03-03,,0.44,11.98,,,,,
1986-03-04,,0.55,11.98,,,,,
1986-03-05,,0.58,12.03,,,,,
1986-03-06,,0.66,13.13,,,,,
1986-03-07,,0.67,12.24,,,,,
1986-03-10,,0.6,12.94,,,,,
1986-03-11,,0.55,13.23,,,,,
1986-03-12,,0.51,14.05,,,,,
1986-03-13,,0.54,12.6,,,,,
1986-03-14,,0.54,12.55,,,,,
1986-03-17,,0.55,13.28,,,,,
1986-03-18,,0.6,14.03,,,,,
1986-03-19,,0.65,13.25,,,,,
1986-03-20,,0.61,12.75,,,,,
1986-03-21,,0.61,13.95,,,,,
1986-03-24,,0.59,12.2,,,,,
1986-03-25,,0.58,12.43,,,,,
1986-03-26,,0.53,12.03,,,,,
1986-03-27,,0.45,11.35,,,,,
1986-03-31,,0.47,10.25,,,,,
1986-04-01,,0.48,11.13,,,,,
1986-04-02,,0.43,11.35,,,,,
1986-04-03,,0.47,11.7,,,,,
1986-04-04,,0.6,12.75,,,,,
1986-04-07,,0.61,14.39,,,,,
1986-04-08,,0.61,12.83,,,,,
1986-04-09,,0.69,13.0,,,,,
1986-04-10,,0.65,13.45,,,,,
1986-04-11,,0.64,13.63,,,,,
1986-04-14,,0.66,12.94,,,,,
1986-04-15,,0.69,12.72,,,,,
1986-04-16,,0.59,11.5,,,,,
1986-04-17,,0.59,11.75,,,,,
1986-04-18,,0.65,11.88,,,,,
1986-04-21,,0.58,12.48,,,,,
1986-04-22,,0.67,13.13,,,,,
1986-04-23,,0.69,13.7,,,,,
1986-04-24,,0.62,13.65,,,,,
1986-04-25,,0.67,14.23,,,,,
1986-04-28,,0.62,13.34,,,,,
1986-04-29,,0.53,13.63,,,,,
1986-04-30,,0.55,13.38,,,,,
1986-05-01,,0.6,13.8,,,,,
1986-05-02,,0.63,14.65,,,,,
1986-05-05,,0.63,14.32,,,,,
1986-05-06,,0.64,14.43,,,,,
1986-05-07,,0.6,15.13,,,,,
1986-05-08,,0.62,15.7,,,,,
1986-05-09,,0.63,15.83,,,,,
1986-05-12,,0.69,15.75,,,,,
1986-05-13,,0.63,15.65,,,,,
1986-05-14,,0.66,15.53,,,,,
1986-05-15,,0.63,15.68,,,,,
1986-05-16,,0.67,16.08,,,,,
1986-05-19,,0.7,17.13,,,,,
1986-05-20,,0.65,16.18,,,,,
1986-05-21,,0.7,15.53,,,,,
1986-05-22,,0.68,16.04,,,,,
1986-05-23,,0.65,16.95,,,,,
1986-05-27,,0.59,15.1,,,,,
1986-05-28,,0.56,14.65,,,,,
1986-05-29,,0.64,14.5,,,,,
1986-05-30,,0.69,14.3,,,,,
1986-06-02,,0.82,13.8,,,,,
1986-06-03,,0.7,13.35,,,,,
1986-06-04,,0.76,13.15,,,,,
1986-06-05,,0.77,13.21,,,,,
1986-06-06,,0.68,12.73,,,,,
1986-06-09,,0.74,12.61,,,,,
1986-06-10,,0.69,12.38,,,,,
1986-06-11,,0.62,13.52,,,,,
1986-06-12,,0.67,13.69,,,,,
1986-06-13,,0.58,13.83,,,,,
1986-06-16,,0.53,13.65,,,,,
1986-06-17,,0.55,13.65,,,,,
1986-06-18,,0.56,13.62,,,,,
1986-06-19,,0.59,13.73,,,,,
1986-06-20,,0.54,14.44,,,,,
1986-06-23,,0.52,14.05,,,,,
1986-06-24,,0.49,13.98,,,,,
1986-06-25,,0.51,13.23,,,,,
1986-06-26,,0.51,13.14,,,,,
1986-06-27,,0.54,13.38,,,,,
1986-06-30,,0.54,12.8,,,,,
1986-07-01,,0.57,12.39,,,,,
1986-07-02,,0.56,12.04,,,,,
1986-07-03,,0.6,11.7,,,,,
1986-07-07,,0.61,11.18,,,,,
1986-07-08,,0.6,11.19,,,,,
1986-07-09,,0.58,11.0,,,,,
1986-07-10,,0.58,11.13,,,,,
1986-07-11,,0.7,11.13,,,,,
1986-07-14,,0.67,11.23,,,,,
1986-07-15,,0.6,11.85,,,,,
1986-07-16,,0.61,12.68,,,,,
1986-07-17,,0.57,12.3,,,,,
1986-07-18,,0.6,12.8,,,,,
1986-07-21,,0.58,13.07,,,,,
1986-07-22,,0.6,10.88,,,,,
1986-07-23,,0.66,10.83,,,,,
1986-07-24,,0.68,10.95,,,,,
1986-07-25,,0.66,10.83,,,,,
1986-07-28,,0.77,11.09,,,,,
1986-07-29,,0.7,11.63,,,,,
1986-07-30,,0.74,11.73,,,,,
1986-07-31,,0.77,11.23,,,,,
1986-08-01,,0.78,11.56,,,,,
1986-08-04,,0.77,14.0,,,,,
1986-08-05,,0.81,14.35,,,,,
1986-08-06,,0.86,14.8,,,,,
1986-08-07,,0.84,15.18,,,,,
1986-08-08,,0.76,14.83,,,,,
1986-08-11,,0.74,14.92,,,,,
1986-08-12,,0.77,15.5,,,,,
1986-08-13,,0.78,15.28,,,,,
1986-08-14,,0.77,15.43,,,,,
1986-08-15,,0.78,15.83,,,,,
1986-08-18,,0.77,15.58,,,,,
1986-08-19,,0.73,14.98,,,,,
1986-08-20,,0.83,15.23,,,,,
1986-08-21,,0.88,15.23,,,,,
1986-08-22,,0.93,15.48,,,,,
1986-08-25,,0.96,15.48,,,,,
1986-08-26,,0.95,15.78,,,,,
1986-08-27,,0.94,15.83,,,,,
1986-08-28,,0.97,15.83,,,,,
1986-08-29,,1.01,15.93,,,,,
1986-09-02,,1.04,16.43,,,,,
1986-09-03,,1.06,16.03,,,,,
1986-09-04,,1.04,16.18,,,,,
1986-09-05,,1.07,15.63,,,,,
1986-09-08,,1.08,15.63,,,,,
1986-09-09,,1.05,15.0,,,,,
1986-09-10,,1.08,14.9,,,,,
1986-09-11,,1.14,15.05,,,,,
1986-09-12,,1.2,15.06,,,,,
1986-09-15,,1.14,14.31,,,,,
1986-09-16,,1.15,13.8,,,,,
1986-09-17,,1.09,14.03,,,,,
1986-09-18,,1.15,14.55,,,,,
1986-09-19,,1.15,14.47,,,,,
1986-09-22,,1.13,13.94,,,,,
1986-09-23,,1.12,14.3,,,,,
1986-09-24,,1.11,14.55,,,,,
1986-09-25,,1.1,14.28,,,,,
1986-09-26,,1.08,14.43,,,,,
1986-09-29,,1.08,14.93,,,,,
1986-09-30,,1.07,14.7,,,,,
1986-10-01,,1.05,15.23,,,,,
1986-10-02,,1.07,15.38,,,,,
1986-10-03,,1.15,14.86,,,,,
1986-10-06,,1.14,14.83,,,,,
1986-10-07,,1.15,15.6,,,,,
1986-10-08,,1.2,15.35,,,,,
1986-10-09,,1.18,15.05,,,,,
1986-10-10,,1.2,14.98,,,,,
1986-10-14,,1.23,14.55,,,,,
1986-10-15,,1.24,14.83,,,,,
1986-10-16,,1.24,14.53,,,,,
1986-10-17,,1.19,14.85,,,,,
1986-10-20,,1.19,15.17,,,,,
1986-10-21,,1.17,15.22,,,,,
1986-10-22,,1.15,14.85,,,,,
1986-10-23,,1.12,14.88,,,,,
1986-10-24,,1.12,14.93,,,,,
1986-10-27,,1.1,14.4,,,,,
1986-10-28,,1.11,14.18,,,,,
1986-10-29,,1.09,13.73,,,,,
1986-10-30,,1.07,15.08,,,,,
1986-10-31,,1.08,15.25,,,,,
1986-11-03,,1.08,14.7,,,,,
1986-11-04,,1.08,15.05,,,,,
1986-11-05,,0.98,14.93,,,,,
1986-11-06,,1.03,15.08,,,,,
1986-11-07,,1.05,15.15,,,,,
1986-11-10,,0.96,15.3,,,,,
1986-11-11,,0.96,15.39,,,,,
1986-11-12,,0.97,15.33,,,,,
1986-11-13,,0.98,15.55,,,,,
1986-11-14,,0.96,15.68,,,,,
1986-11-17,,0.9,15.62,,,,,
1986-11-18,,0.95,15.65,,,,,
1986-11-19,,0.98,15.52,,,,,
1986-11-20,,0.93,15.1,,,,,
1986-11-21,,0.96,15.13,,,,,
1986-11-24,,0.92,14.98,,,,,
1986-11-25,,0.92,15.05,,,,,
1986-11-26,,0.94,15.0,,,,,
1986-11-28,,0.94,15.0,,,,,
1986-12-01,,0.93,15.29,,,,,
1986-12-02,,0.86,15.22,,,,,
1986-12-03,,0.89,15.13,,,,,
1986-12-04,,0.86,15.2,,,,,
1986-12-05,,0.88,15.14,,,,,
1986-12-08,,0.86,15.01,,,,,
1986-12-09,,0.86,14.93,,,,,
1986-12-10,,0.86,15.12,,,,,
1986-12-11,,0.88,15.49,,,,,
1986-12-12,,0.89,16.13,,,,,
1986-12-15,,0.86,16.38,,,,,
1986-12-16,,0.83,16.11,,,,,
1986-12-17,,0.81,15.83,,,,,
1986-12-18,,0.8,16.28,,,,,
1986-12-19,,0.81,16.55,,,,,
1986-12-22,,0.8,16.95,,,,,
1986-12-23,,0.78,16.93,,,,,
1986-12-24,,0.77,17.26,,,,,
1986-12-26,,0.78,17.26,,,,,
1986-12-29,,0.8,17.65,,,,,
1986-12-30,,0.81,17.73,,,,,
1986-12-31,,0.88,17.93,,,,,
1987-01-02,,0.88,18.13,,,,,
1987-01-05,,0.84,17.98,,,,,
1987-01-06,,0.83,18.21,,,,,
1987-01-07,,0.83,18.28,,,,,
1987-01-08,,0.84,18.63,,,,,
1987-01-09,,0.82,18.78,,,,,
1987-01-12,,0.85,19.0,,,,,
1987-01-13,,0.88,18.86,,,,,
1987-01-14,,0.87,19.13,,,,,
1987-01-15,,0.86,19.09,,,,,
1987-01-16,,0.81,19.13,,,,,
1987-01-19,,0.81,18.7,,,,,
1987-01-20,,0.84,18.73,,,,,
1987-01-21,,0.84,18.6,,,,,
1987-01-22,,0.86,18.76,,,,,
1987-01-23,,0.86,18.59,,,,,
1987-01-26,,0.91,18.63,,,,,
1987-01-27,,0.92,18.48,,,,,
1987-01-28,,0.89,18.56,,,,,
1987-01-29,,0.89,18.68,,,,,
1987-01-30,,0.85,18.73,,,,,
1987-02-02,,0.87,18.59,,,,,
1987-02-03,,0.87,18.38,,,,,
1987-02-04,,0.85,18.26,,,,,
1987-02-05,,0.87,18.56,,,,,
1987-02-06,,0.81,18.44,,,,,
1987-02-09,,0.8,18.37,,,,,
1987-02-10,,0.84,18.43,,,,,
1987-02-11,,0.79,18.03,,,,,
1987-02-12,,0.84,18.05,,,,,
1987-02-13,,0.85,17.83,,,,,
1987-02-17,,0.85,17.78,,,,,
1987-02-18,,0.87,17.44,,,,,
1987-02-19,,0.9,17.48,,,,,
1987-02-20,,0.91,17.83,,,,,
1987-02-23,,0.88,17.15,,,,,
1987-02-24,,0.86,16.75,,,,,
1987-02-25,,0.84,16.43,,,,,
1987-02-26,,0.86,16.98,,,,,
1987-02-27,,0.84,16.45,,,,,
1987-03-02,,0.83,16.43,,,,,
1987-03-03,,0.84,17.4,,,,,
1987-03-04,,0.82,17.4,,,,,
1987-03-05,,0.81,18.0,,,,,
1987-03-06,,0.81,18.13,,,,,
1987-03-09,,0.8,18.13,,,,,
1987-03-10,,0.79,18.27,,,,,
1987-03-11,,0.79,18.33,,,,,
1987-03-12,,0.79,18.42,,,,,
1987-03-13,,0.8,18.39,,,,,
1987-03-16,,0.81,18.61,,,,,
1987-03-17,,0.78,18.94,,,,,
1987-03-18,,0.81,18.75,,,,,
1987-03-19,,0.83,18.61,,,,,
1987-03-20,,0.82,18.7,,,,,
1987-03-23,,0.83,18.6,,,,,
1987-03-24,,0.83,18.6,,,,,
1987-03-25,,0.8,18.48,,,,,
1987-03-26,,0.82,18.63,,,,,
1987-03-27,,0.84,18.65,,,,,
1987-03-30,,0.91,18.67,,,,,
1987-03-31,,0.97,18.82,,,,,
1987-04-01,,0.94,18.78,,,,,
1987-04-02,,0.96,18.9,,,,,
1987-04-03,,0.97,18.68,,,,,
1987-04-06,,0.97,18.71,,,,,
1987-04-07,,1.03,18.69,,,,,
1987-04-08,,1.02,18.68,,,,,
1987-04-09,,1.04,18.64,,,,,
1987-04-10,,1.01,18.26,,,,,
1987-04-13,,0.99,18.07,,,,,
1987-04-14,,1.09,18.09,,,,,
1987-04-15,,1.08,18.46,,,,,
1987-04-16,,1.13,18.58,,,,,
1987-04-20,,1.14,18.66,,,,,
1987-04-21,,1.1,18.97,,,,,
1987-04-22,,1.01,19.03,,,,,
1987-04-23,,1.03,19.03,,,,,
1987-04-24,,0.99,19.01,,,,,
1987-04-27,,0.87,18.83,,,,,
1987-04-28,,0.85,18.73,,,,,
1987-04-29,,0.92,18.66,,,,,
1987-04-30,,0.83,18.76,,,,,
1987-05-01,,0.92,18.84,,,,,
1987-05-04,,0.91,18.93,,,,,
1987-05-05,,0.85,19.18,,,,,
1987-05-06,,0.92,19.22,,,,,
1987-05-07,,0.9,19.08,,,,,
1987-05-08,,0.86,19.28,,,,,
1987-05-11,,0.91,19.43,,,,,
1987-05-12,,0.87,19.37,,,,,
1987-05-13,,0.87,19.39,,,,,
1987-05-14,,0.91,19.56,,,,,
1987-05-15,,0.85,19.84,,,,,
1987-05-18,,0.8,19.91,,,,,
1987-05-19,,0.9,19.97,,,,,
1987-05-20,,0.87,19.75,,,,,
1987-05-21,,0.81,19.95,,,,,
1987-05-22,,0.81,19.68,,,,,
1987-05-26,,0.76,19.35,,,,,
1987-05-27,,0.76,19.38,,,,,
1987-05-28,,0.75,19.28,,,,,
1987-05-29,,0.8,19.36,,,,,
1987-06-01,,0.78,19.55,,,,,
1987-06-02,,0.87,19.7,,,,,
1987-06-03,,0.86,19.87,,,,,
1987-06-04,,0.82,19.75,,,,,
1987-06-05,,0.84,19.79,,,,,
1987-06-08,,0.85,19.94,,,,,
1987-06-09,,0.85,19.84,,,,,
1987-06-10,,0.88,19.83,,,,,
1987-06-11,,0.86,19.85,,,,,
1987-06-12,,0.81,19.93,,,,,
1987-06-15,,0.81,20.07,,,,,
1987-06-16,,0.81,20.27,,,,,
1987-06-17,,0.81,20.41,,,,,
1987-06-18,,0.83,20.5,,,,,
1987-06-19,,0.85,20.65,,,,,
1987-06-22,,0.81,20.49,,,,,
1987-06-23,,0.78,19.95,,,,,
1987-06-24,,0.77,20.13,,,,,
1987-06-25,,0.78,20.15,,,,,
1987-06-26,,0.81,20.34,,,,,
1987-06-29,,0.86,20.38,,,,,
1987-06-30,,0.9,20.22,,,,,
1987-07-01,,0.92,20.47,,,,,
1987-07-02,,0.92,20.61,,,,,
1987-07-03,,0.92,20.61,,,,,
1987-07-06,,0.91,20.92,,,,,
1987-07-07,,0.92,20.76,,,,,
1987-07-08,,0.97,20.94,,,,,
1987-07-09,,0.99,21.32,,,,,
1987-07-10,,1.0,21.34,,,,,
1987-07-13,,1.02,21.38,,,,,
1987-07-14,,1.01,21.65,,,,,
1987-07-15,,1.06,22.23,,,,,
1987-07-16,,1.07,22.44,,,,,
1987-07-17,,1.02,22.44,,,,,
1987-07-20,,1.03,22.23,,,,,
1987-07-21,,1.04,21.75,,,,,
1987-07-22,,1.07,21.73,,,,,
1987-07-23,,1.1,21.23,,,,,
1987-07-24,,1.05,20.58,,,,,
1987-07-27,,1.01,20.5,,,,,
1987-07-28,,1.01,21.35,,,,,
1987-07-29,,0.97,21.49,,,,,
1987-07-30,,0.98,21.47,,,,,
1987-07-31,,1.03,21.43,,,,,
1987-08-03,,1.09,22.21,,,,,
1987-08-04,,1.09,21.82,,,,,
1987-08-05,,1.06,21.37,,,,,
1987-08-06,,1.08,21.17,,,,,
1987-08-07,,1.01,21.01,,,,,
1987-08-10,,1.03,20.7,,,,,
1987-08-11,,1.04,21.07,,,,,
1987-08-12,,1.05,20.96,,,,,
1987-08-13,,0.99,20.76,,,,,
1987-08-14,,0.96,20.53,,,,,
1987-08-17,,0.94,19.85,,,,,
1987-08-18,,1.02,19.84,,,,,
1987-08-19,,1.01,19.71,,,,,
1987-08-20,,0.97,19.47,,,,,
1987-08-21,,0.98,19.2,,,,,
1987-08-24,,0.97,19.18,,,,,
1987-08-25,,0.94,19.3,,,,,
1987-08-26,,0.92,19.49,,,,,
1987-08-27,,0.97,19.69,,,,,
1987-08-28,,1.01,19.44,,,,,
1987-08-31,,1.03,19.76,,,,,
1987-09-01,,1.07,19.61,,,,,
1987-09-02,,1.13,19.62,,,,,
1987-09-03,,1.1,19.48,,,,,
1987-09-04,,1.04,19.34,,,,,
1987-09-07,,1.04,19.34,,,,,
1987-09-08,,1.04,18.99,,,,,
1987-09-09,,1.05,19.43,,,,,
1987-09-10,,1.06,19.72,,,,,
1987-09-11,,1.02,19.42,,,,,
1987-09-14,,1.08,19.64,,,,,
1987-09-15,,1.14,19.66,,,,,
1987-09-16,,1.17,19.71,,,,,
1987-09-17,,1.14,19.58,,,,,
1987-09-18,,1.08,19.58,,,,,
1987-09-21,,1.12,19.77,,,,,
1987-09-22,,1.06,19.35,,,,,
1987-09-23,,1.09,19.66,,,,,
1987-09-24,,1.09,19.61,,,,,
1987-09-25,,1.05,19.47,,,,,
1987-09-28,,1.04,19.48,,,,,
1987-09-29,,1.04,19.58,,,,,
1987-09-30,,1.03,19.62,,,,,
1987-10-01,,1.04,19.62,,,,,
1987-10-02,,0.99,19.88,,,,,
1987-10-05,,1.03,19.81,,,,,
1987-10-06,,0.99,19.33,,,,,
1987-10-07,,0.98,19.68,,,,,
1987-10-08,,0.83,19.77,,,,,
1987-10-09,,0.93,19.67,,,,,
1987-10-12,,0.93,19.67,,,,,
1987-10-13,,0.96,19.66,,,,,
1987-10-14,,0.99,19.79,,,,,
1987-10-15,,0.95,19.77,,,,,
1987-10-16,,1.01,20.23,,,,,
1987-10-19,,1.22,19.79,,,,,
1987-10-20,,1.31,19.79,,,,,
1987-10-21,,1.4,19.93,,,,,
1987-10-22,,1.21,20.19,,,,,
1987-10-23,,1.22,20.18,,,,,
1987-10-26,,1.23,20.0,,,,,
1987-10-27,,1.26,20.15,,,,,
1987-10-28,,1.36,20.1,,,,,
1987-10-29,,1.36,19.93,,,,,
1987-10-30,,1.3,19.96,,,,,
1987-11-02,,1.26,19.64,,,,,
1987-11-03,,1.24,19.39,,,,,
1987-11-04,,1.25,19.09,,,,,
1987-11-05,,1.22,19.02,,,,,
1987-11-06,,1.14,18.73,,,,,
1987-11-09,,1.14,18.66,,,,,
1987-11-10,,1.18,18.98,,,,,
1987-11-11,,1.18,18.92,,,,,
1987-11-12,,1.13,18.93,,,,,
1987-11-13,,1.09,18.89,,,,,
1987-11-16,,1.04,18.69,,,,,
1987-11-17,,1.13,18.28,,,,,
1987-11-18,,1.11,18.62,,,,,
1987-11-19,,1.14,18.55,,,,,
1987-11-20,,1.13,18.87,,,,,
1987-11-23,,1.13,19.31,,,,,
1987-11-24,,1.16,18.73,,,,,
1987-11-25,,1.2,18.63,,,,,
1987-11-27,,1.24,18.63,,,,,
1987-11-30,,1.26,18.52,,,,,
1987-12-01,,1.24,18.44,,,,,
1987-12-02,,1.22,18.59,,,,,
1987-12-03,,1.22,18.87,,,,,
1987-12-04,,1.22,18.68,,,,,
1987-12-07,,1.21,18.3,,,,,
1987-12-08,,1.21,18.06,,,,,
1987-12-09,,1.17,18.53,,,,,
1987-12-10,,1.23,18.51,,,,,
1987-12-11,,1.26,18.31,,,,,
1987-12-14,,1.22,17.47,,,,,
1987-12-15,,1.17,16.75,,,,,
1987-12-16,,1.11,15.97,,,,,
1987-12-17,,1.14,15.97,,,,,
1987-12-18,,1.07,15.57,,,,,
1987-12-21,,1.04,15.12,,,,,
1987-12-22,,1.04,16.6,,,,,
1987-12-23,,1.0,16.64,,,,,
1987-12-24,,0.99,16.54,,,,,
1987-12-28,,1.02,16.46,,,,,
1987-12-29,,0.99,16.95,,,,,
1987-12-30,,1.03,16.97,,,,,
1987-12-31,,1.06,16.74,,,,,
1988-01-04,,1.06,17.77,,,,,
1988-01-05,,1.0,17.89,,,,,
1988-01-06,,1.03,17.73,,,,,
1988-01-07,,1.04,17.3,,,,,
1988-01-08,,1.05,17.33,,,,,
1988-01-11,,1.14,16.63,,,,,
1988-01-12,,1.13,16.76,,,,,
1988-01-13,,1.11,16.56,,,,,
1988-01-14,,1.1,17.1,,,,,
1988-01-15,,0.99,16.92,,,,,
1988-01-18,,0.99,17.28,,,,,
1988-01-19,,0.99,17.3,,,,,
1988-01-20,,1.02,17.2,,,,,
1988-01-21,,1.01,17.21,,,,,
1988-01-22,,0.98,16.99,,,,,
1988-01-25,,0.96,17.11,,,,,
1988-01-26,,0.98,16.96,,,,,
1988-01-27,,1.01,16.64,,,,,
1988-01-28,,1.04,16.94,,,,,
1988-01-29,,1.04,16.97,,,,,
1988-02-01,,1.04,16.83,,,,,
1988-02-02,,0.97,16.92,,,,,
1988-02-03,,0.97,17.12,,,,,
1988-02-04,,1.0,17.17,,,,,
1988-02-05,,1.02,17.34,,,,,
1988-02-08,,1.03,17.7,,,,,
1988-02-09,,1.04,17.38,,,,,
1988-02-10,,1.04,17.12,,,,,
1988-02-11,,1.04,17.17,,,,,
1988-02-12,,1.06,16.84,,,,,
1988-02-15,,1.06,16.84,,,,,
1988-02-16,,1.05,16.8,,,,,
1988-02-17,,1.08,16.62,,,,,
1988-02-18,,1.05,16.5,,,,,
1988-02-19,,1.05,16.73,,,,,
1988-02-22,,1.04,16.64,,,,,
1988-02-23,,1.01,16.8,,,,,
1988-02-24,,1.03,16.58,,,,,
1988-02-25,,1.06,15.86,,,,,
1988-02-26,,1.02,15.77,,,,,
1988-02-29,,1.03,15.98,,,,,
1988-03-01,,1.04,15.57,,,,,
1988-03-02,,1.06,15.69,,,,,
1988-03-03,,1.04,15.35,,,,,
1988-03-04,,1.08,15.63,,,,,
1988-03-07,,1.08,15.35,,,,,
1988-03-08,,1.08,15.58,,,,,
1988-03-09,,1.1,15.52,,,,,
1988-03-10,,1.1,16.04,,,,,
1988-03-11,,1.09,16.2,,,,,
1988-03-14,,1.09,15.57,,,,,
1988-03-15,,1.11,15.81,,,,,
1988-03-16,,1.12,16.03,,,,,
1988-03-17,,1.13,16.39,,,,,
1988-03-18,,1.18,16.61,,,,,
1988-03-21,,1.15,16.52,,,,,
1988-03-22,,1.13,16.02,,,,,
1988-03-23,,1.08,16.58,,,,,
1988-03-24,,1.05,16.73,,,,,
1988-03-25,,1.06,17.07,,,,,
1988-03-28,,1.16,17.05,,,,,
1988-03-29,,1.14,17.08,,,,,
1988-03-30,,1.14,17.06,,,,,
1988-03-31,,1.16,17.09,,,,,
1988-04-04,,1.1,16.99,,,,,
1988-04-05,,1.07,16.72,,,,,
1988-04-06,,1.04,16.8,,,,,
1988-04-07,,1.06,17.05,,,,,
1988-04-08,,1.05,16.87,,,,,
1988-04-11,,1.09,17.87,,,,,
1988-04-12,,1.08,18.06,,,,,
1988-04-13,,1.11,18.12,,,,,
1988-04-14,,1.11,18.4,,,,,
1988-04-15,,1.14,18.32,,,,,
1988-04-18,,1.21,18.5,,,,,
1988-04-19,,1.24,17.92,,,,,
1988-04-20,,1.18,17.93,,,,,
1988-04-21,,1.18,18.34,,,,,
1988-04-22,,1.14,18.13,,,,,
1988-04-25,,1.14,18.36,,,,,
1988-04-26,,1.16,18.54,,,,,
1988-04-27,,1.17,18.32,,,,,
1988-04-28,,1.17,17.91,,,,,
1988-04-29,,1.14,18.1,,,,,
1988-05-02,,1.16,17.12,,,,,
1988-05-03,,1.12,17.3,,,,,
1988-05-04,,1.13,17.23,,,,,
1988-05-05,,1.13,17.41,,,,,
1988-05-06,,1.14,17.63,,,,,
1988-05-09,,1.08,17.56,,,,,
1988-05-10,,1.07,17.5,,,,,
1988-05-11,,1.1,17.48,,,,,
1988-05-12,,1.09,17.49,,,,,
1988-05-13,,1.1,17.53,,,,,
1988-05-16,,1.08,17.7,,,,,
1988-05-17,,1.13,17.72,,,,,
1988-05-18,,1.15,17.39,,,,,
1988-05-19,,1.14,17.43,,,,,
1988-05-20,,1.14,17.41,,,,,
1988-05-23,,1.11,17.01,,,,,
1988-05-24,,1.08,17.04,,,,,
1988-05-25,,1.03,17.39,,,,,
1988-05-26,,0.98,17.54,,,,,
1988-05-27,,1.01,17.45,,,,,
1988-05-30,,1.01,17.45,,,,,
1988-05-31,,0.99,17.54,,,,,
1988-06-01,,0.94,17.6,,,,,
1988-06-02,,0.94,17.67,,,,,
1988-06-03,,0.91,17.51,,,,,
1988-06-06,,0.93,17.28,,,,,
1988-06-07,,0.98,17.32,,,,,
1988-06-08,,0.96,17.35,,,,,
1988-06-09,,0.99,17.09,,,,,
1988-06-10,,0.93,16.7,,,,,
1988-06-13,,0.93,16.43,,,,,
1988-06-14,,0.89,16.85,,,,,
1988-06-15,,0.87,16.56,,,,,
1988-06-16,,0.93,16.62,,,,,
1988-06-17,,0.92,16.43,,,,,
1988-06-20,,0.88,16.02,,,,,
1988-06-21,,0.88,15.82,,,,,
1988-06-22,,0.86,16.03,,,,,
1988-06-23,,0.83,15.86,,,,,
1988-06-24,,0.82,16.03,,,,,
1988-06-27,,0.84,15.86,,,,,
1988-06-28,,0.82,16.01,,,,,
1988-06-29,,0.85,15.37,,,,,
1988-06-30,,0.8,15.2,,,,,
1988-07-01,,0.79,14.92,,,,,
1988-07-05,,0.78,15.11,,,,,
1988-07-06,,0.84,15.44,,,,,
1988-07-07,,0.82,15.83,,,,,
1988-07-08,,0.79,15.42,,,,,
1988-07-11,,0.77,14.56,,,,,
1988-07-12,,0.81,14.61,,,,,
1988-07-13,,0.85,14.35,,,,,
1988-07-14,,0.79,14.84,,,,,
1988-07-15,,0.77,14.85,,,,,
1988-07-18,,0.8,15.84,,,,,
1988-07-19,,0.78,15.16,,,,,
1988-07-20,,0.8,15.76,,,,,
1988-07-21,,0.77,16.28,,,,,
1988-07-22,,0.76,16.27,,,,,
1988-07-25,,0.73,16.09,,,,,
1988-07-26,,0.74,15.99,,,,,
1988-07-27,,0.7,16.18,,,,,
1988-07-28,,0.72,16.08,,,,,
1988-07-29,,0.73,16.37,,,,,
1988-08-01,,0.71,16.07,,,,,
1988-08-02,,0.68,15.57,,,,,
1988-08-03,,0.7,15.2,,,,,
1988-08-04,,0.68,15.12,,,,,
1988-08-05,,0.65,15.31,,,,,
1988-08-08,,0.64,15.84,,,,,
1988-08-09,,0.61,15.56,,,,,
1988-08-10,,0.66,15.65,,,,,
1988-08-11,,0.67,15.75,,,,,
1988-08-12,,0.68,15.54,,,,,
1988-08-15,,0.67,15.59,,,,,
1988-08-16,,0.63,15.51,,,,,
1988-08-17,,0.64,15.46,,,,,
1988-08-18,,0.61,15.59,,,,,
1988-08-19,,0.61,15.77,,,,,
1988-08-22,,0.61,15.75,,,,,
1988-08-23,,0.61,15.71,,,,,
1988-08-24,,0.61,15.55,,,,,
1988-08-25,,0.63,15.33,,,,,
1988-08-26,,0.6,15.35,,,,,
1988-08-29,,0.55,15.24,,,,,
1988-08-30,,0.54,15.39,,,,,
1988-08-31,,0.54,15.19,,,,,
1988-09-01,,0.57,15.05,,,,,
1988-09-02,,0.55,14.79,,,,,
1988-09-05,,0.55,14.79,,,,,
1988-09-06,,0.52,14.25,,,,,
1988-09-07,,0.54,14.29,,,,,
1988-09-08,,0.54,14.51,,,,,
1988-09-09,,0.51,14.14,,,,,
1988-09-12,,0.53,14.48,,,,,
1988-09-13,,0.54,14.55,,,,,
1988-09-14,,0.52,15.38,,,,,
1988-09-15,,0.52,14.86,,,,,
1988-09-16,,0.53,14.5,,,,,
1988-09-19,,0.53,14.72,,,,,
1988-09-20,,0.52,15.08,,,,,
1988-09-21,,0.53,15.19,,,,,
1988-09-22,,0.51,15.25,,,,,
1988-09-23,,0.5,14.26,,,,,
1988-09-26,,0.48,14.16,,,,,
1988-09-27,,0.49,14.22,,,,,
1988-09-28,,0.47,14.07,,,,,
1988-09-29,,0.45,13.91,,,,,
1988-09-30,,0.44,13.33,,,,,
1988-10-03,,0.43,13.03,,,,,
1988-10-04,,0.44,13.03,,,,,
1988-10-05,,0.44,12.58,,,,,
1988-10-06,,0.44,12.62,,,,,
1988-10-07,,0.44,12.99,,,,,
1988-10-10,,0.44,13.59,,,,,
1988-10-11,,0.46,13.63,,,,,
1988-10-12,,0.49,14.02,,,,,
1988-10-13,,0.48,14.26,,,,,
1988-10-14,,0.48,14.9,,,,,
1988-10-17,,0.46,15.16,,,,,
1988-10-18,,0.45,14.63,,,,,
1988-10-19,,0.44,15.33,,,,,
1988-10-20,,0.41,14.44,,,,,
1988-10-21,,0.43,14.22,,,,,
1988-10-24,,0.41,12.94,,,,,
1988-10-25,,0.41,13.36,,,,,
1988-10-26,,0.45,13.45,,,,,
1988-10-27,,0.45,13.67,,,,,
1988-10-28,,0.42,13.79,,,,,
1988-10-31,,0.4,13.54,,,,,
1988-11-01,,0.43,13.52,,,,,
1988-11-02,,0.44,13.78,,,,,
1988-11-03,,0.42,13.89,,,,,
1988-11-04,,0.46,14.04,,,,,
1988-11-07,,0.41,14.08,,,,,
1988-11-08,,0.38,13.7,,,,,
1988-11-09,,0.34,13.88,,,,,
1988-11-10,,0.3,13.99,,,,,
1988-11-11,,0.3,13.99,,,,,
1988-11-14,,0.29,14.25,,,,,
1988-11-15,,0.23,14.03,,,,,
1988-11-16,,0.25,13.68,,,,,
1988-11-17,,0.31,13.3,,,,,
1988-11-18,,0.28,13.47,,,,,
1988-11-21,,0.23,13.73,,,,,
1988-11-22,,0.21,14.78,,,,,
1988-11-23,,0.21,14.11,,,,,
1988-11-24,,0.21,14.11,,,,,
1988-11-25,,0.19,15.43,,,,,
1988-11-28,,0.16,14.93,,,,,
1988-11-29,,0.17,15.0,,,,,
1988-11-30,,0.22,15.42,,,,,
1988-12-01,,0.15,15.63,,,,,
1988-12-02,,0.06,15.69,,,,,
1988-12-05,,0.04,15.36,,,,,
1988-12-06,,0.07,15.51,,,,,
1988-12-07,,0.07,15.8,,,,,
1988-12-08,,0.02,15.48,,,,,
1988-12-09,,0.04,15.9,,,,,
1988-12-12,,0.03,16.08,,,,,
1988-12-13,,-0.01,15.93,,,,,
1988-12-14,,-0.01,16.33,,,,,
1988-12-15,,-0.01,16.39,,,,,
1988-12-16,,-0.01,16.81,,,,,
1988-12-19,,-0.03,16.24,,,,,
1988-12-20,,-0.03,17.68,,,,,
1988-12-21,,-0.02,17.27,,,,,
1988-12-22,,0.03,17.36,,,,,
1988-12-23,,0.01,16.63,,,,,
1988-12-27,,-0.02,16.98,,,,,
1988-12-28,,-0.02,17.03,,,,,
1988-12-29,,0.0,16.81,,,,,
1988-12-30,,0.0,17.12,,,,,
1989-01-03,,0.02,17.38,,,,,
1989-01-04,,-0.03,16.99,,,,,
1989-01-05,,-0.05,17.45,,,,,
1989-01-06,,-0.07,17.56,,,,,
1989-01-09,,-0.06,17.74,,,,,
1989-01-10,,-0.01,17.8,,,,,
1989-01-11,,-0.05,18.16,,,,,
1989-01-12,,-0.06,18.11,,,,,
1989-01-13,,-0.08,18.49,,,,,
1989-01-16,,-0.08,18.88,,,,,
1989-01-17,,-0.1,19.03,,,,,
1989-01-18,,-0.14,19.2,,,,,
1989-01-19,,-0.09,19.28,,,,,
1989-01-20,,-0.1,18.85,,,,,
1989-01-23,,-0.13,17.66,,,,,
1989-01-24,,-0.14,17.96,,,,,
1989-01-25,,-0.11,18.23,,,,,
1989-01-26,,-0.15,17.68,,,,,
1989-01-27,,-0.12,17.74,,,,,
1989-01-30,,-0.1,17.32,,,,,
1989-01-31,,-0.11,17.0,,,,,
1989-02-01,,-0.13,17.5,,,,,
1989-02-02,,-0.14,17.72,,,,,
1989-02-03,,-0.22,17.51,,,,,
1989-02-06,,-0.24,17.38,,,,,
1989-02-07,,-0.23,17.55,,,,,
1989-02-08,,-0.26,17.49,,,,,
1989-02-09,,-0.15,17.42,,,,,
1989-02-10,,-0.18,17.11,,,,,
1989-02-13,,-0.19,17.61,,,,,
1989-02-14,,-0.2,17.6,,,,,
1989-02-15,,-0.19,18.23,,,,,
1989-02-16,,-0.16,18.35,,,,,
1989-02-17,,-0.17,18.6,,,,,
1989-02-20,,-0.17,18.6,,,,,
1989-02-21,,-0.19,18.64,,,,,
1989-02-22,,-0.19,18.5,,,,,
1989-02-23,,-0.24,18.49,,,,,
1989-02-24,,-0.28,18.06,,,,,
1989-02-27,,-0.26,18.16,,,,,
1989-02-28,,-0.23,18.21,,,,,
1989-03-01,,-0.19,18.3,,,,,
1989-03-02,,-0.21,18.68,,,,,
1989-03-03,,-0.19,18.67,,,,,
1989-03-06,,-0.2,18.73,,,,,
1989-03-07,,-0.22,18.12,,,,,
1989-03-08,,-0.25,18.57,,,,,
1989-03-09,,-0.24,18.53,,,,,
1989-03-10,,-0.32,18.53,,,,,
1989-03-13,,-0.29,19.05,,,,,
1989-03-14,,-0.32,19.47,,,,,
1989-03-15,,-0.31,19.84,,,,,
1989-03-16,,-0.31,19.86,,,,,
1989-03-17,,-0.35,20.34,,,,,
1989-03-20,,-0.37,19.53,,,,,
1989-03-21,,-0.39,20.08,,,,,
1989-03-22,,-0.36,20.21,,,,,
1989-03-23,,-0.38,20.16,,,,,
1989-03-27,,-0.41,20.55,,,,,
1989-03-28,,-0.45,19.93,,,,,
1989-03-29,,-0.44,20.2,,,,,
1989-03-30,,-0.45,21.03,,,,,
1989-03-31,,-0.43,20.27,,,,,
1989-04-03,,-0.35,20.03,,,,,
1989-04-04,,-0.3,20.59,,,,,
1989-04-05,,-0.28,20.07,,,,,
1989-04-06,,-0.34,19.85,,,,,
1989-04-07,,-0.3,20.03,,,,,
1989-04-10,,-0.3,20.65,,,,,
1989-04-11,,-0.3,20.56,,,,,
1989-04-12,,-0.3,20.66,,,,,
1989-04-13,,-0.32,20.26,,,,,
1989-04-14,,-0.25,20.68,,,,,
1989-04-17,,-0.28,21.23,,,,,
1989-04-18,,-0.22,21.74,,,,,
1989-04-19,,-0.22,22.66,,,,,
1989-04-20,,-0.26,24.62,,,,,
1989-04-21,,-0.29,23.38,,,,,
1989-04-24,,-0.31,20.64,,,,,
1989-04-25,,-0.29,21.32,,,,,
1989-04-26,,-0.23,21.2,,,,,
1989-04-27,,-0.18,20.83,,,,,
1989-04-28,,-0.2,20.38,,,,,
1989-05-01,,-0.22,20.66,,,,,
1989-05-02,,-0.19,19.73,,,,,
1989-05-03,,-0.15,20.13,,,,,
1989-05-04,,-0.15,20.57,,,,,
1989-05-05,,-0.05,20.08,,,,,
1989-05-08,,-0.05,19.41,,,,,
1989-05-09,,-0.08,19.54,,,,,
1989-05-10,,-0.11,19.56,,,,,
1989-05-11,,-0.04,20.13,,,,,
1989-05-12,,-0.01,20.12,,,,,
1989-05-15,,-0.09,20.53,,,,,
1989-05-16,,-0.13,20.58,,,,,
1989-05-17,,-0.16,20.15,,,,,
1989-05-18,,-0.22,20.25,,,,,
1989-05-19,,-0.23,20.58,,,,,
1989-05-22,,-0.26,20.92,,,,,
1989-05-23,,-0.23,21.77,,,,,
1989-05-24,,-0.19,19.68,,,,,
1989-05-25,,-0.25,19.46,,,,,
1989-05-26,,-0.23,19.55,,,,,
1989-05-29,,-0.23,19.55,,,,,
1989-05-30,,-0.23,19.96,,,,,
1989-05-31,,-0.22,19.93,,,,,
1989-06-01,,-0.21,19.83,,,,,
1989-06-02,,-0.09,20.18,,,,,
1989-06-05,,-0.08,20.5,,,,,
1989-06-06,,-0.09,20.38,,,,,
1989-06-07,,-0.11,19.7,,,,,
1989-06-08,,-0.06,19.94,,,,,
1989-06-09,,-0.13,19.87,,,,,
1989-06-12,,-0.13,19.3,,,,,
1989-06-13,,-0.16,19.5,,,,,
1989-06-14,,-0.16,20.37,,,,,
1989-06-15,,-0.15,20.56,,,,,
1989-06-16,,-0.18,19.98,,,,,
1989-06-19,,-0.18,20.88,,,,,
1989-06-20,,-0.19,19.88,,,,,
1989-06-21,,-0.16,19.74,,,,,
1989-06-22,,-0.17,19.53,,,,,
1989-06-23,,-0.14,19.71,,,,,
1989-06-26,,-0.17,20.28,,,,,
1989-06-27,,-0.16,20.38,,,,,
1989-06-28,,-0.1,20.04,,,,,
1989-06-29,,-0.04,20.27,,,,,
1989-06-30,,0.02,20.29,,,,,
1989-07-03,,0.07,20.55,,,,,
1989-07-04,,0.07,20.29,,,,,
1989-07-05,,0.12,20.98,,,,,
1989-07-06,,0.14,20.35,,,,,
1989-07-07,,0.19,20.78,,,,,
1989-07-10,,0.18,20.38,,,,,
1989-07-11,,0.19,20.75,,,,,
1989-07-12,,0.26,20.2,,,,,
1989-07-13,,0.26,20.42,,,,,
1989-07-14,,0.21,20.36,,,,,
1989-07-17,,0.2,20.49,,,,,
1989-07-18,,0.18,20.21,,,,,
1989-07-19,,0.19,19.83,,,,,
1989-07-20,,0.2,19.92,,,,,
1989-07-21,,0.16,19.86,,,,,
1989-07-24,,0.12,18.76,,,,,
1989-07-25,,0.17,18.52,,,,,
1989-07-26,,0.27,18.32,,,,,
1989-07-27,,0.27,18.15,,,,,
1989-07-28,,0.31,17.96,,,,,
1989-07-31,,0.29,18.33,,,,,
1989-08-01,,0.28,17.91,,,,,
1989-08-02,,0.23,18.28,,,,,
1989-08-03,,0.2,18.18,,,,,
1989-08-04,,0.08,18.05,,,,,
1989-08-07,,0.02,17.91,,,,,
1989-08-08,,0.04,18.06,,,,,
1989-08-09,,0.06,18.23,,,,,
1989-08-10,,0.03,18.58,,,,,
1989-08-11,,-0.03,18.46,,,,,
1989-08-14,,-0.07,18.6,,,,,
1989-08-15,,-0.08,18.78,,,,,
1989-08-16,,-0.05,18.99,,,,,
1989-08-17,,-0.08,18.67,,,,,
1989-08-18,,-0.11,18.82,,,,,
1989-08-21,,-0.12,19.1,,,,,
1989-08-22,,-0.14,19.01,,,,,
1989-08-23,,-0.12,19.15,,,,,
1989-08-24,,-0.12,19.02,,,,,
1989-08-25,,-0.13,18.53,,,,,
1989-08-28,,-0.14,18.69,,,,,
1989-08-29,,-0.17,18.59,,,,,
1989-08-30,,-0.16,18.85,,,,,
1989-08-31,,-0.16,18.83,,,,,
1989-09-01,,-0.18,18.88,,,,,
1989-09-04,,-0.18,18.88,,,,,
1989-09-05,,-0.18,19.08,,,,,
1989-09-06,,-0.18,19.41,,,,,
1989-09-07,,-0.18,19.4,,,,,
1989-09-08,,-0.13,19.77,,,,,
1989-09-11,,-0.07,19.77,,,,,
1989-09-12,,-0.05,19.68,,,,,
1989-09-13,,-0.02,19.87,,,,,
1989-09-14,,0.04,19.73,,,,,
1989-09-15,,0.03,19.96,,,,,
1989-09-18,,-0.03,19.87,,,,,
1989-09-19,,-0.05,19.68,,,,,
1989-09-20,,-0.12,19.68,,,,,
1989-09-21,,-0.12,19.69,,,,,
1989-09-22,,-0.12,19.21,,,,,
1989-09-25,,-0.11,19.49,,,,,
1989-09-26,,-0.06,19.62,,,,,
1989-09-27,,-0.09,19.61,,,,,
1989-09-28,,-0.11,19.99,,,,,
1989-09-29,,-0.15,20.15,,,,,
1989-10-02,,-0.2,19.99,,,,,
1989-10-03,,-0.16,20.15,,,,,
1989-10-04,,-0.15,20.17,,,,,
1989-10-05,,-0.16,19.95,,,,,
1989-10-06,,-0.07,19.89,,,,,
1989-10-09,,-0.07,20.04,,,,,
1989-10-10,,-0.03,20.21,,,,,
1989-10-11,,-0.01,20.18,,,,,
1989-10-12,,0.03,20.49,,,,,
1989-10-13,,0.18,20.91,,,,,
1989-10-16,,0.13,20.64,,,,,
1989-10-17,,0.17,20.68,,,,,
1989-10-18,,0.18,20.58,,,,,
1989-10-19,,0.09,20.37,,,,,
1989-10-20,,0.06,20.04,,,,,
1989-10-23,,0.04,19.67,,,,,
1989-10-24,,0.09,19.7,,,,,
1989-10-25,,0.1,19.6,,,,,
1989-10-26,,0.1,19.48,,,,,
1989-10-27,,0.07,19.79,,,,,
1989-10-30,,0.07,19.74,,,,,
1989-10-31,,0.07,19.88,,,,,
1989-11-01,,0.04,20.09,,,,,
1989-11-02,,0.06,20.01,,,,,
1989-11-03,,-0.05,20.23,,,,,
1989-11-06,,-0.04,20.06,,,,,
1989-11-07,,0.03,19.97,,,,,
1989-11-08,,0.09,19.97,,,,,
1989-11-09,,0.1,19.62,,,,,
1989-11-10,,0.09,19.84,,,,,
1989-11-13,,0.07,19.62,,,,,
1989-11-14,,0.12,19.58,,,,,
1989-11-15,,0.13,19.69,,,,,
1989-11-16,,0.11,19.88,,,,,
1989-11-17,,0.11,19.93,,,,,
1989-11-20,,0.09,20.13,,,,,
1989-11-21,,0.08,20.52,,,,,
1989-11-22,,0.15,19.8,,,,,
1989-11-23,,0.15,19.8,,,,,
1989-11-24,,0.16,19.84,,,,,
1989-11-27,,0.06,19.65,,,,,
1989-11-28,,0.08,19.33,,,,,
1989-11-29,,0.08,19.4,,,,,
1989-11-30,,0.09,19.87,,,,,
1989-12-01,,0.11,20.26,,,,,
1989-12-04,,0.1,20.24,,,,,
1989-12-05,,0.1,20.22,,,,,
1989-12-06,,0.05,20.46,,,,,
1989-12-07,,0.03,20.45,,,,,
1989-12-08,,0.04,20.41,,,,,
1989-12-11,,0.05,20.69,,,,,
1989-12-12,,0.04,20.8,,,,,
1989-12-13,,0.0,20.75,,,,,
1989-12-14,,0.04,20.67,,,,,
1989-12-15,,0.05,21.13,,,,,
1989-12-18,,0.02,22.2,,,,,
1989-12-19,,0.06,22.17,,,,,
1989-12-20,,0.13,21.58,,,,,
1989-12-21,,0.09,21.53,,,,,
1989-12-22,,0.08,21.31,,,,,
1989-12-26,,0.05,21.91,,,,,
1989-12-27,,0.04,21.78,,,,,
1989-12-28,,0.04,21.6,,,,,
1989-12-29,,0.06,21.84,,,,,
1990-01-02,,0.07,22.88,,17.24,,,
1990-01-03,,0.05,23.81,,18.19,,,
1990-01-04,,0.06,23.41,,19.22,,,
1990-01-05,,0.09,23.07,,20.11,,,
1990-01-08,,0.12,21.64,,20.26,,,
1990-01-09,,0.11,22.25,,22.2,,,
1990-01-10,,0.12,22.9,,22.44,,,
1990-01-11,,0.13,23.15,,20.05,,,
1990-01-12,,0.17,23.17,,24.64,,,
1990-01-15,,0.17,22.36,,26.34,,,
1990-01-16,,0.1,22.61,,24.18,,,
1990-01-17,,0.1,22.11,,24.16,,,
1990-01-18,,0.07,22.78,,24.34,,,
1990-01-19,,0.06,23.7,,22.5,,,
1990-01-22,,0.09,22.57,,26.7,,,
1990-01-23,,0.08,22.34,,24.72,,,
1990-01-24,,0.18,23.43,,25.39,,,
1990-01-25,,0.18,24.48,,25.63,,,
1990-01-26,,0.21,22.56,,26.28,,,
1990-01-29,,0.2,22.79,,26.44,,,
1990-01-30,,0.21,22.29,,27.25,,,
1990-01-31,,0.15,22.69,,25.36,,,
1990-02-01,,0.14,22.71,,24.87,,,
1990-02-02,,0.13,23.04,,24.32,,,
1990-02-05,,0.16,22.44,,24.54,,,
1990-02-06,,0.15,22.36,,24.69,,,
1990-02-07,,0.1,22.4,,24.29,,,
1990-02-08,,0.12,22.11,,23.77,,,
1990-02-09,,0.06,21.82,,23.69,,,
1990-02-12,,0.08,22.02,,24.38,,,
1990-02-13,,0.14,21.88,,23.76,,,
1990-02-14,,0.09,22.12,,22.05,,,
1990-02-15,,0.08,22.86,,19.71,,,
1990-02-16,,0.06,22.46,,20.78,,,
1990-02-19,,0.06,22.46,,20.78,,,
1990-02-20,,0.1,22.2,,22.78,,,
1990-02-21,,0.12,21.87,,23.89,,,
1990-02-22,,0.09,21.4,,22.54,,,
1990-02-23,,0.1,21.13,,23.69,,,
1990-02-26,,0.08,21.81,,23.56,,,
1990-02-27,,0.07,21.62,,22.69,,,
1990-02-28,,0.08,21.55,,21.99,,,
1990-03-01,,0.06,21.19,,21.9,,,
1990-03-02,,0.06,21.36,,21.34,,,
1990-03-05,,0.1,21.62,,22.03,,,
1990-03-06,,0.05,21.3,,20.55,,,
1990-03-07,,0.04,20.93,,19.1,,,
1990-03-08,,-0.02,20.8,,19.74,,,
1990-03-09,,-0.08,20.42,,20.3,,,
1990-03-12,,-0.08,20.26,,20.07,,,
1990-03-13,,-0.04,20.15,,21.05,,,
1990-03-14,,-0.04,20.07,,19.65,,,
1990-03-15,,-0.05,20.38,,18.81,,,
1990-03-16,,-0.05,20.09,,17.62,,,
1990-03-19,,-0.09,19.6,,18.29,,,
1990-03-20,,-0.14,19.34,,19.06,,,
1990-03-21,,-0.14,19.59,,20.1,,,
1990-03-22,,-0.09,19.85,,22.74,,,
1990-03-23,,-0.09,20.28,,20.46,,,
1990-03-26,,-0.1,20.48,,19.59,,,
1990-03-27,,-0.07,20.36,,21.01,,,
1990-03-28,,-0.06,20.09,,19.77,,,
1990-03-29,,-0.02,20.03,,18.46,,,
1990-03-30,,0.01,20.34,,19.73,,,
1990-04-02,,0.03,20.51,,22.84,,,
1990-04-03,,0.02,20.23,,20.44,,,
1990-04-04,,0.01,19.78,,22.03,,,
1990-04-05,,0.03,19.48,,21.21,,,
1990-04-06,,0.04,19.15,,21.76,,,
1990-04-09,,0.05,18.32,,22.3,,,
1990-04-10,,0.06,17.56,,21.69,,,
1990-04-11,,0.07,18.19,,17.73,,,
1990-04-12,,0.07,17.76,,19.8,,,
1990-04-16,,0.07,17.87,,20.75,,,
1990-04-17,,0.07,17.37,,20.38,,,
1990-04-18,,0.07,16.95,,22.67,,,
1990-04-19,,0.06,17.93,,22.46,,,
1990-04-20,,0.13,17.9,,23.33,,,
1990-04-23,,0.11,18.6,,24.16,,,
1990-04-24,,0.08,17.85,,21.7,,,
1990-04-25,,0.06,17.49,,20.86,,,
1990-04-26,,0.04,18.5,,20.25,,,
1990-04-27,,0.08,18.57,,22.19,,,
1990-04-30,,0.08,18.5,,19.52,,,
1990-05-01,,0.06,18.76,,18.43,,,
1990-05-02,,0.04,18.63,,19.32,,,
1990-05-03,,0.06,17.98,,17.81,,,
1990-05-04,,0.14,17.98,,17.28,,,
1990-05-07,,0.13,18.3,,17.65,,,
1990-05-08,,0.16,18.26,,18.49,,,
1990-05-09,,0.13,19.01,,18.64,,,
1990-05-10,,0.13,19.03,,18.59,,,
1990-05-11,,0.09,18.96,,19.81,,,
1990-05-14,,0.1,19.73,,20.14,,,
1990-05-15,,0.11,19.52,,19.49,,,
1990-05-16,,0.14,19.05,,17.71,,,
1990-05-17,,0.13,18.89,,17.27,,,
1990-05-18,,0.12,18.78,,17.2,,,
1990-05-21,,0.13,18.26,,16.72,,,
1990-05-22,,0.11,17.51,,17.84,,,
1990-05-23,,0.1,16.25,,17.18,,,
1990-05-24,,0.13,16.02,,17.7,,,
1990-05-25,,0.16,16.12,,17.32,,,
1990-05-29,,0.14,18.0,,18.75,,,
1990-05-30,,0.14,17.88,,17.44,,,
1990-05-31,,0.1,17.47,,17.37,,,
1990-06-01,,0.11,17.51,,17.09,,,
1990-06-04,,0.13,17.09,,18.39,,,
1990-06-05,,0.13,16.41,,18.97,,,
1990-06-06,,0.12,16.91,,17.42,,,
1990-06-07,,0.12,16.65,,16.88,,,
1990-06-08,,0.13,16.78,,17.58,,,
1990-06-11,,0.12,16.82,,16.34,,,
1990-06-12,,0.12,17.39,,16.6,,,
1990-06-13,,0.13,17.6,,17.38,,,
1990-06-14,,0.14,17.11,,17.4,,,
1990-06-15,,0.13,16.64,,15.9,,,
1990-06-18,,0.11,15.92,,17.71,,,
1990-06-19,,0.1,15.55,,15.23,,,
1990-06-20,,0.12,15.43,,15.27,,,
1990-06-21,,0.11,16.09,,14.72,,,
1990-06-22,,0.11,16.5,,19.36,,,
1990-06-25,,0.13,16.15,,17.06,,,
1990-06-26,,0.15,17.12,,16.29,,,
1990-06-27,,0.15,16.7,,16.0,,,
1990-06-28,,0.16,17.18,,16.18,,,
1990-06-29,,0.19,17.05,,15.5,,,
1990-07-02,,0.18,16.94,,16.26,,,
1990-07-03,,0.2,16.73,,16.11,,,
1990-07-04,,0.2,16.73,,16.11,,,
1990-07-05,,0.2,16.5,,17.25,,,
1990-07-06,,0.19,16.49,,16.41,,,
1990-07-09,,0.18,16.63,,16.66,,,
1990-07-10,,0.17,17.05,,16.92,,,
1990-07-11,,0.17,17.45,,16.68,,,
1990-07-12,,0.3,18.69,,17.06,,,
1990-07-13,,0.32,18.37,,17.09,,,
1990-07-16,,0.29,18.67,,16.75,,,
1990-07-17,,0.31,18.23,,16.66,,,
1990-07-18,,0.37,18.57,,18.9,,,
1990-07-19,,0.38,19.07,,18.56,,,
1990-07-20,,0.4,19.61,,15.63,,,
1990-07-23,,0.43,19.88,,23.68,,,
1990-07-24,,0.41,19.84,,21.79,,,
1990-07-25,,0.41,19.33,,20.19,,,
1990-07-26,,0.41,20.33,,20.26,,,
1990-07-27,,0.42,20.07,,21.12,,,
1990-07-30,,0.41,20.24,,21.16,,,
1990-07-31,,0.45,20.57,,21.11,,,
1990-08-01,,0.44,21.59,,21.64,,,
1990-08-02,,0.51,23.71,,20.43,,,
1990-08-03,,0.64,23.79,,28.74,,,
1990-08-06,,0.81,28.73,,35.91,,,
1990-08-07,,0.74,29.6,,32.75,,,
1990-08-08,,0.75,26.19,,28.27,,,
1990-08-09,,0.67,25.69,,24.39,,,
1990-08-10,,0.73,26.38,,25.75,,,
1990-08-13,,0.77,27.07,,25.74,,,
1990-08-14,,0.72,26.7,,24.18,,,
1990-08-15,,0.7,26.54,,23.31,,,
1990-08-16,,0.67,27.4,,27.16,,,
1990-08-17,,0.69,28.65,,27.53,,,
1990-08-20,,0.68,28.63,,26.46,,,
1990-08-21,,0.65,28.46,,28.9,,,
1990-08-22,,0.65,30.52,,30.55,,,
1990-08-23,,0.74,31.67,,36.47,,,
1990-08-24,,0.73,31.1,,33.93,,,
1990-08-27,,0.69,27.36,,29.63,,,
1990-08-28,,0.71,27.73,,29.12,,,
1990-08-29,,0.68,26.15,,27.38,,,
1990-08-30,,0.74,26.96,,29.89,,,
1990-08-31,,0.79,27.45,,29.9,,,
1990-09-03,,0.79,27.45,,29.9,,,
1990-09-04,,0.81,29.3,,29.58,,,
1990-09-05,,0.82,30.0,,28.52,,,
1990-09-06,,0.78,31.51,,30.19,,,
1990-09-07,,0.77,30.09,,28.73,,,
1990-09-10,,0.76,30.83,,29.34,,,
1990-09-11,,0.73,30.29,,28.38,,,
1990-09-12,,0.77,30.85,,28.12,,,
1990-09-13,,0.81,31.2,,29.33,,,
1990-09-14,,0.84,31.79,,30.56,,,
1990-09-17,,0.85,33.73,,29.55,,,
1990-09-18,,0.87,33.48,,28.82,,,
1990-09-19,,0.8,33.18,,27.88,,,
1990-09-20,,0.81,34.44,,28.66,,,
1990-09-21,,0.87,36.21,,30.04,,,
1990-09-24,,0.83,39.05,,30.56,,,
1990-09-25,,0.84,38.33,,28.81,,,
1990-09-26,,0.84,39.12,,28.19,,,
1990-09-27,,0.86,39.77,,28.67,,,
1990-09-28,,0.8,39.53,,29.11,,,
1990-10-01,,0.77,37.08,,28.06,,,
1990-10-02,,0.77,34.43,,27.28,,,
1990-10-03,,0.83,37.04,,27.9,,,
1990-10-04,,0.8,36.76,,27.51,,,
1990-10-05,,0.84,37.87,,27.85,,,
1990-10-08,,0.84,38.88,,28.04,,,
1990-10-09,,0.89,40.73,,30.71,,,
1990-10-10,,0.9,39.3,,31.19,,,
1990-10-11,,0.93,41.07,,33.98,,,
1990-10-12,,0.9,39.42,,31.94,,,
1990-10-15,,0.88,38.0,,31.64,,,
1990-10-16,,0.87,39.34,,31.45,,,
1990-10-17,,0.84,36.03,,31.37,,,
1990-10-18,,0.8,37.03,,29.6,,,
1990-10-19,,0.77,33.82,,27.86,,,
1990-10-22,,0.78,28.46,,27.27,,,
1990-10-23,,0.81,29.95,,27.57,,,
1990-10-24,,0.82,30.8,,28.28,,,
1990-10-25,,0.82,34.35,,29.04,,,
1990-10-26,,0.83,33.03,,30.75,,,
1990-10-29,,0.88,35.28,,31.54,,,
1990-10-30,,0.91,34.93,,30.52,,,
1990-10-31,,0.88,35.31,,30.04,,,
1990-11-01,,0.89,35.3,,30.25,,,
1990-11-02,,0.89,33.95,,30.03,,,
1990-11-05,,0.87,32.05,,29.85,,,
1990-11-06,,0.87,32.41,,29.11,,,
1990-11-07,,0.9,35.48,,30.87,,,
1990-11-08,,0.91,35.61,,30.79,,,
1990-11-09,,0.88,33.91,,26.96,,,
1990-11-12,,0.88,32.08,,25.6,,,
1990-11-13,,0.77,33.3,,24.58,,,
1990-11-14,,0.78,31.18,,22.89,,,
1990-11-15,,0.77,31.05,,22.57,,,
1990-11-16,,0.72,29.91,,21.34,,,
1990-11-19,,0.73,31.45,,20.95,,,
1990-11-20,,0.69,29.5,,20.09,,,
1990-11-21,,0.74,30.08,,21.09,,,
1990-11-22,,0.74,30.08,,21.09,,,
1990-11-23,,0.75,32.35,,20.98,,,
1990-11-26,,0.72,33.28,,22.76,,,
1990-11-27,,0.78,33.05,,22.86,,,
1990-11-28,,0.74,33.28,,22.96,,,
1990-11-29,,0.74,32.93,,23.91,,,
1990-11-30,,0.73,29.08,,22.16,,,
1990-12-03,,0.71,29.4,,22.29,,,
1990-12-04,,0.74,29.05,,22.03,,,
1990-12-05,,0.7,27.18,,20.94,,,
1990-12-06,,0.7,26.35,,22.62,,,
1990-12-07,,0.7,26.61,,22.59,,,
1990-12-10,,0.7,27.08,,23.58,,,
1990-12-11,,0.68,26.5,,23.75,,,
1990-12-12,,0.69,25.3,,21.28,,,
1990-12-13,,0.67,26.45,,23.05,,,
1990-12-14,,0.7,26.6,,23.85,,,
1990-12-17,,0.71,27.1,,24.85,,,
1990-12-18,,0.71,27.85,,23.11,,,
1990-12-19,,0.79,28.26,,23.08,,,
1990-12-20,,0.8,27.5,,23.13,,,
1990-12-21,,0.81,27.08,,22.66,,,
1990-12-24,,0.85,26.95,,24.03,,,
1990-12-26,,0.88,27.35,,24.18,,,
1990-12-27,,0.86,26.95,,24.81,,,
1990-12-28,,0.89,27.58,,25.05,,,
1990-12-31,,0.93,28.48,,26.38,,,
1991-01-02,,0.89,26.53,,26.62,,,
1991-01-03,,0.85,25.61,,27.93,,,
1991-01-04,,0.85,24.88,,27.19,,,
1991-01-07,,0.93,27.25,,28.95,,,
1991-01-08,,1.01,27.5,,30.38,,,
1991-01-09,,1.15,28.0,,33.3,,,
1991-01-10,,1.02,27.55,,31.33,,,
1991-01-11,,1.06,27.43,,32.63,,,
1991-01-14,,1.05,30.13,,36.2,,,
1991-01-15,,1.06,30.35,,36.16,,,
1991-01-16,,1.03,32.25,,33.2,,,
1991-01-17,,0.86,21.48,,27.45,,,
1991-01-18,,0.89,20.05,,25.39,,,
1991-01-21,,0.89,21.63,,24.33,,,
1991-01-22,,0.94,24.91,,24.9,,,
1991-01-23,,0.96,24.08,,23.92,,,
1991-01-24,,0.96,25.63,,22.86,,,
1991-01-25,,0.96,24.15,,22.2,,,
1991-01-28,,0.94,21.03,,23.05,,,
1991-01-29,,0.95,21.73,,23.17,,,
1991-01-30,,0.98,21.08,,21.37,,,
1991-01-31,,0.98,21.9,,20.91,,,
1991-02-01,,1.08,21.33,,21.04,,,
1991-02-04,,1.06,21.23,,21.86,,,
1991-02-05,,1.05,20.7,,21.46,,,
1991-02-06,,0.97,21.48,,22.68,,,
1991-02-07,,1.02,21.33,,23.6,,,
1991-02-08,,0.97,21.78,,23.38,,,
1991-02-11,,1.0,22.44,,22.56,,,
1991-02-12,,1.0,22.78,,22.26,,,
1991-02-13,,1.0,22.38,,20.86,,,
1991-02-14,,1.03,22.25,,21.48,,,
1991-02-15,,0.96,20.73,,19.57,,,
1991-02-18,,0.96,20.73,,19.57,,,
1991-02-19,,0.93,20.08,,19.84,,,
1991-02-20,,0.97,20.18,,22.26,,,
1991-02-21,,0.98,18.48,,20.78,,,
1991-02-22,,0.93,17.43,,21.01,,,
1991-02-25,,0.92,17.43,,22.86,,,
1991-02-26,,0.96,18.48,,20.38,,,
1991-02-27,,0.96,19.03,,21.26,,,
1991-02-28,,0.98,19.28,,21.23,,,
1991-03-01,,0.94,19.43,,21.23,,,
1991-03-04,,0.96,20.33,,20.86,,,
1991-03-05,,0.95,20.5,,20.45,,,
1991-03-06,,0.96,19.78,,20.55,,,
1991-03-07,,0.95,19.33,,21.05,,,
1991-03-08,,1.05,19.34,,20.81,,,
1991-03-11,,1.01,19.0,,20.88,,,
1991-03-12,,1.02,20.06,,18.82,,,
1991-03-13,,1.02,20.48,,16.09,,,
1991-03-14,,1.07,20.05,,14.94,,,
1991-03-15,,1.09,19.88,,14.9,,,
1991-03-18,,1.06,19.78,,15.79,,,
1991-03-19,,1.03,20.68,,16.11,,,
1991-03-20,,1.0,20.4,,16.04,,,
1991-03-21,,1.03,20.78,,16.86,,,
1991-03-22,,1.0,19.88,,16.49,,,
1991-03-25,,0.99,19.47,,16.76,,,
1991-03-26,,0.97,19.78,,16.31,,,
1991-03-27,,1.01,19.45,,16.55,,,
1991-03-28,,1.03,19.63,,16.88,,,
1991-04-01,,1.06,19.28,,17.42,,,
1991-04-02,,1.06,19.38,,17.4,,,
1991-04-03,,1.06,19.48,,17.61,,,
1991-04-04,,1.06,19.98,,18.01,,,
1991-04-05,,1.07,20.03,,17.63,,,
1991-04-08,,1.07,20.28,,17.41,,,
1991-04-09,,1.09,20.58,,20.12,,,
1991-04-10,,1.08,21.08,,19.73,,,
1991-04-11,,1.14,20.98,,17.24,,,
1991-04-12,,1.1,21.54,,18.45,,,
1991-04-15,,1.05,21.85,,16.5,,,
1991-04-16,,1.05,21.6,,15.82,,,
1991-04-17,,1.05,21.73,,15.47,,,
1991-04-18,,1.03,21.08,,16.26,,,
1991-04-19,,1.07,21.16,,15.68,,,
1991-04-22,,1.08,21.68,,16.78,,,
1991-04-23,,1.07,21.03,,17.02,,,
1991-04-24,,1.11,21.0,,16.72,,,
1991-04-25,,1.14,20.95,,17.15,,,
1991-04-26,,1.17,21.28,,17.27,,,
1991-04-29,,1.17,21.3,,18.27,,,
1991-04-30,,1.22,20.99,,18.24,,,
1991-05-01,,1.21,21.28,,17.77,,,
1991-05-02,,1.21,21.17,,17.52,,,
1991-05-03,,1.24,21.43,,17.24,,,
1991-05-06,,1.23,21.73,,17.92,,,
1991-05-07,,1.24,21.72,,17.46,,,
1991-05-08,,1.2,21.83,,17.78,,,
1991-05-09,,1.18,21.92,,17.17,,,
1991-05-10,,1.25,21.25,,17.54,,,
1991-05-13,,1.23,20.89,,17.66,,,
1991-05-14,,1.28,20.73,,18.0,,,
1991-05-15,,1.29,21.04,,18.38,,,
1991-05-16,,1.28,20.91,,17.24,,,
1991-05-17,,1.22,21.19,,16.64,,,
1991-05-20,,1.24,21.39,,17.1,,,
1991-05-21,,1.22,20.95,,16.07,,,
1991-05-22,,1.29,20.85,,16.16,,,
1991-05-23,,1.36,20.95,,16.11,,,
1991-05-24,,1.41,21.04,,15.23,,,
1991-05-28,,1.41,21.34,,15.67,,,
1991-05-29,,1.46,21.04,,15.9,,,
1991-05-30,,1.42,21.3,,16.02,,,
1991-05-31,,1.38,21.16,,15.93,,,
1991-06-03,,1.35,21.16,,16.87,,,
1991-06-04,,1.35,20.9,,16.17,,,
1991-06-05,,1.36,20.45,,16.4,,,
1991-06-06,,1.37,20.38,,16.93,,,
1991-06-07,,1.31,20.28,,16.98,,,
1991-06-10,,1.28,19.84,,17.47,,,
1991-06-11,,1.3,19.85,,17.32,,,
1991-06-12,,1.28,20.08,,17.72,,,
1991-06-13,,1.26,19.71,,16.99,,,
1991-06-14,,1.27,19.7,,15.98,,,
1991-06-17,,1.28,19.97,,15.5,,,
1991-06-18,,1.32,20.11,,16.14,,,
1991-06-19,,1.38,19.99,,17.44,,,
1991-06-20,,1.43,20.22,,16.75,,,
1991-06-21,,1.38,20.1,,16.51,,,
1991-06-24,,1.37,19.92,,18.28,,,
1991-06-25,,1.29,20.03,,17.85,,,
1991-06-26,,1.32,20.12,,17.98,,,
1991-06-27,,1.32,20.41,,17.87,,,
1991-06-28,,1.34,20.56,,19.55,,,
1991-07-01,,1.29,20.78,,18.64,,,
1991-07-02,,1.27,20.92,,17.63,,,
1991-07-03,,1.29,20.69,,19.47,,,
1991-07-04,,1.29,20.69,,19.47,,,
1991-07-05,,1.3,20.91,,18.35,,,
1991-07-08,,1.34,21.29,,20.29,,,
1991-07-09,,1.36,21.35,,19.76,,,
1991-07-10,,1.38,21.43,,19.19,,,
1991-07-11,,1.38,21.32,,17.39,,,
1991-07-12,,1.38,21.74,,18.29,,,
1991-07-15,,1.38,21.5,,17.78,,,
1991-07-16,,1.37,21.7,,17.49,,,
1991-07-17,,1.36,22.2,,17.52,,,
1991-07-18,,1.4,21.97,,15.77,,,
1991-07-19,,1.39,22.16,,15.5,,,
1991-07-22,,1.37,21.74,,16.9,,,
1991-07-23,,1.37,21.25,,16.58,,,
1991-07-24,,1.36,21.41,,16.41,,,
1991-07-25,,1.33,21.11,,15.74,,,
1991-07-26,,1.35,21.48,,15.45,,,
1991-07-29,,1.38,21.38,,15.67,,,
1991-07-30,,1.37,21.55,,15.47,,,
1991-07-31,,1.39,21.7,,15.18,,,
1991-08-01,,1.36,21.33,,15.47,,,
1991-08-02,,1.37,21.35,,15.26,,,
1991-08-05,,1.35,21.5,,15.92,,,
1991-08-06,,1.4,21.39,,15.54,,,
1991-08-07,,1.39,21.38,,15.56,,,
1991-08-08,,1.46,21.6,,15.98,,,
1991-08-09,,1.49,21.64,,15.45,,,
1991-08-12,,1.46,21.71,,15.26,,,
1991-08-13,,1.43,21.52,,14.73,,,
1991-08-14,,1.45,21.3,,15.09,,,
1991-08-15,,1.51,21.39,,15.19,,,
1991-08-16,,1.53,21.29,,16.01,,,
1991-08-19,,1.59,22.5,,21.19,,,
1991-08-20,,1.64,22.3,,18.86,,,
1991-08-21,,1.53,21.44,,15.62,,,
1991-08-22,,1.51,21.93,,14.59,,,
1991-08-23,,1.42,21.78,,14.41,,,
1991-08-26,,1.43,21.98,,14.81,,,
1991-08-27,,1.48,21.86,,15.46,,,
1991-08-28,,1.52,21.77,,15.31,,,
1991-08-29,,1.49,22.02,,14.82,,,
1991-08-30,,1.46,22.28,,14.46,,,
1991-09-03,,1.48,22.28,,16.57,,,
1991-09-04,,1.5,21.76,,17.18,,,
1991-09-05,,1.52,21.75,,17.31,,,
1991-09-06,,1.5,21.56,,16.76,,,
1991-09-09,,1.5,21.36,,17.73,,,
1991-09-10,,1.52,21.44,,18.22,,,
1991-09-11,,1.51,21.66,,17.96,,,
1991-09-12,,1.47,21.51,,16.21,,,
1991-09-13,,1.48,21.71,,17.88,,,
1991-09-16,,1.46,21.84,,17.82,,,
1991-09-17,,1.44,21.73,,17.68,,,
1991-09-18,,1.44,21.87,,17.56,,,
1991-09-19,,1.41,21.79,,17.56,,,
1991-09-20,,1.39,22.02,,17.08,,,
1991-09-23,,1.38,22.2,,16.38,,,
1991-09-24,,1.45,22.24,,16.04,,,
1991-09-25,,1.46,22.11,,15.68,,,
1991-09-26,,1.51,22.23,,15.35,,,
1991-09-27,,1.47,22.42,,16.31,,,
1991-09-30,,1.48,22.25,,15.85,,,
1991-10-01,,1.46,22.1,,14.81,,,
1991-10-02,,1.48,22.34,,15.81,,,
1991-10-03,,1.49,22.7,,17.04,,,
1991-10-04,,1.48,22.64,,15.63,,,
1991-10-07,,1.47,22.99,,18.58,,,
1991-10-08,,1.54,23.02,,17.81,,,
1991-10-09,,1.58,23.18,,18.54,,,
1991-10-10,,1.6,23.01,,17.8,,,
1991-10-11,,1.58,23.19,,17.6,,,
1991-10-14,,1.58,23.48,,16.71,,,
1991-10-15,,1.61,23.89,,16.22,,,
1991-10-16,,1.59,23.67,,14.85,,,
1991-10-17,,1.62,23.96,,16.32,,,
1991-10-18,,1.58,24.12,,15.87,,,
1991-10-21,,1.63,24.03,,16.66,,,
1991-10-22,,1.65,23.47,,16.55,,,
1991-10-23,,1.68,23.14,,16.26,,,
1991-10-24,,1.72,23.47,,15.62,,,
1991-10-25,,1.75,23.18,,15.75,,,
1991-10-28,,1.77,23.24,,15.45,,,
1991-10-29,,1.73,23.09,,15.55,,,
1991-10-30,,1.75,23.11,,15.46,,,
1991-10-31,,1.77,23.29,,15.48,,,
1991-11-01,,1.83,23.85,,15.6,,,
1991-11-04,,1.87,23.82,,16.35,,,
1991-11-05,,1.86,23.78,,16.48,,,
1991-11-06,,1.88,23.44,,16.47,,,
1991-11-07,,1.81,23.29,,15.97,,,
1991-11-08,,1.78,23.0,,15.43,,,
1991-11-11,,1.78,22.66,,14.89,,,
1991-11-12,,1.72,22.58,,14.04,,,
1991-11-13,,1.76,22.28,,13.95,,,
1991-11-14,,1.75,22.55,,13.96,,,
1991-11-15,,1.79,22.79,,21.18,,,
1991-11-18,,1.78,22.38,,18.28,,,
1991-11-19,,1.87,21.88,,20.34,,,
1991-11-20,,1.86,22.17,,20.4,,,
1991-11-21,,1.89,21.93,,19.11,,,
1991-11-22,,1.95,21.85,,21.2,,,
1991-11-25,,1.95,22.15,,21.92,,,
1991-11-26,,1.97,21.04,,19.8,,,
1991-11-27,,1.99,21.38,,19.84,,,
1991-11-28,,1.99,21.38,,19.84,,,
1991-11-29,,2.0,21.48,,20.26,,,
1991-12-02,,1.99,21.1,,20.18,,,
1991-12-03,,1.99,20.61,,19.7,,,
1991-12-04,,1.95,20.75,,19.54,,,
1991-12-05,,1.99,20.42,,20.19,,,
1991-12-06,,2.07,19.87,,19.04,,,
1991-12-09,,2.13,19.39,,19.74,,,
1991-12-10,,2.14,19.24,,19.89,,,
1991-12-11,,2.18,19.54,,20.57,,,
1991-12-12,,2.13,19.94,,19.08,,,
1991-12-13,,2.13,20.09,,17.88,,,
1991-12-16,,2.15,19.78,,17.62,,,
1991-12-17,,2.16,19.45,,18.12,,,
1991-12-18,,2.08,19.39,,17.78,,,
1991-12-19,,2.06,19.12,,17.96,,,
1991-12-20,,2.17,18.28,,17.65,,,
1991-12-23,,2.09,18.58,,16.61,,,
1991-12-24,,2.04,18.68,,15.67,,,
1991-12-26,,2.0,18.63,,15.44,,,
1991-12-27,,1.97,18.82,,15.7,,,
1991-12-30,,1.96,18.63,,17.63,,,
1991-12-31,,1.94,19.15,,19.31,,,
1992-01-01,,1.94,19.15,2150.57962901611,19.31,,,
1992-01-02,,2.01,19.43,2150.57962901611,18.95,,,
1992-01-03,,2.05,19.22,2150.57962901611,18.75,,,
1992-01-06,,2.06,19.24,2150.57962901611,18.96,,,
1992-01-07,,2.09,18.72,2150.57962901611,19.23,,,
1992-01-08,,2.11,17.95,2150.57962901611,18.72,,,
1992-01-09,,2.02,17.89,2150.57962901611,18.96,,,
1992-01-10,,2.0,18.26,2150.57962901611,18.45,,,
1992-01-13,,1.99,18.77,2150.57962901611,18.01,,,
1992-01-14,,2.03,18.4,2150.57962901611,17.01,,,
1992-01-15,,1.98,18.83,2150.57962901611,17.39,,,
1992-01-16,,2.06,18.94,2150.57962901611,17.64,,,
1992-01-17,,2.07,19.11,2150.57962901611,16.32,,,
1992-01-20,,2.07,18.92,2150.57962901611,16.42,,,
1992-01-21,,2.06,18.5,2150.57962901611,17.92,,,
1992-01-22,,2.14,18.73,2150.57962901611,16.75,,,
1992-01-23,,2.18,18.38,2150.57962901611,16.46,,,
1992-01-24,,2.12,18.75,2150.57962901611,16.24,,,
1992-01-27,,2.09,19.35,2150.57962901611,16.67,,,
1992-01-28,,2.06,19.09,2150.57962901611,17.67,,,
1992-01-29,,2.1,18.92,2150.57962901611,17.62,,,
1992-01-30,,2.14,18.95,2150.57962901611,17.49,,,
1992-01-31,,2.2,18.93,2150.57962901611,17.4,,,
1992-02-01,,2.2,18.93,2208.89225860596,17.4,,,
1992-02-03,,2.21,18.97,2208.89225860596,18.2,,,
1992-02-04,,2.17,19.26,2208.89225860596,17.96,,,
1992-02-05,,2.14,19.5,2208.89225860596,18.22,,,
1992-02-06,,2.15,19.48,2208.89225860596,18.79,,,
1992-02-07,,2.23,19.91,2208.89225860596,18.51,,,
1992-02-10,,2.27,19.69,2208.89225860596,18.56,,,
1992-02-11,,2.22,19.36,2208.89225860596,17.7,,,
1992-02-12,,2.22,19.29,2208.89225860596,17.37,,,
1992-02-13,,2.18,19.7,2208.89225860596,17.45,,,
1992-02-14,,2.14,19.42,2208.89225860596,17.03,,,
1992-02-17,,2.14,19.42,2208.89225860596,17.03,,,
1992-02-18,,2.23,18.14,2208.89225860596,18.22,,,
1992-02-19,,2.14,18.42,2208.89225860596,17.16,,,
1992-02-20,,2.11,18.52,2208.89225860596,16.72,,,
1992-02-21,,1.99,18.6,2208.89225860596,16.87,,,
1992-02-24,,2.01,18.37,2208.89225860596,17.13,,,
1992-02-25,,2.01,18.3,2208.89225860596,16.35,,,
1992-02-26,,1.96,18.44,2208.89225860596,16.64,,,
1992-02-27,,2.01,18.77,2208.89225860596,16.51,,,
1992-02-28,,2.0,18.69,2208.89225860596,16.68,,,
1992-03-01,,2.0,18.69,2231.78550956421,16.68,,,
1992-03-02,,1.93,18.36,2231.78550956421,16.88,,,
1992-03-03,,1.95,18.67,2231.78550956421,17.26,,,
1992-03-04,,1.93,18.62,2231.78550956421,17.89,,,
1992-03-05,,1.89,18.58,2231.78550956421,18.47,,,
1992-03-06,,1.88,18.53,2231.78550956421,19.75,,,
1992-03-09,,1.88,18.65,2231.78550956421,19.68,,,
1992-03-10,,1.87,18.62,2231.78550956421,18.68,,,
1992-03-11,,1.93,18.5,2231.78550956421,19.79,,,
1992-03-12,,1.88,18.86,2231.78550956421,19.72,,,
1992-03-13,,1.85,19.16,2231.78550956421,18.35,,,
1992-03-16,,1.82,19.15,2231.78550956421,18.46,,,
1992-03-17,,1.79,19.27,2231.78550956421,16.79,,,
1992-03-18,,1.78,19.05,2231.78550956421,16.69,,,
1992-03-19,,1.78,19.27,2231.78550956421,16.52,,,
1992-03-20,,1.78,18.78,2231.78550956421,16.82,,,
1992-03-23,,1.75,18.91,2231.78550956421,16.73,,,
1992-03-24,,1.75,19.06,2231.78550956421,16.32,,,
1992-03-25,,1.81,19.0,2231.78550956421,16.19,,,
1992-03-26,,1.88,19.31,2231.78550956421,16.29,,,
1992-03-27,,1.86,19.19,2231.78550956421,16.02,,,
1992-03-30,,1.93,19.25,2231.78550956421,15.97,,,
1992-03-31,,1.94,19.49,2231.78550956421,16.18,,,
1992-04-01,,1.93,19.85,2214.16681599274,16.48,,,
1992-04-02,,1.92,19.79,2214.16681599274,17.06,,,
1992-04-03,,2.05,20.25,2214.16681599274,16.72,,,
1992-04-06,,2.05,20.44,2214.16681599274,16.72,,,
1992-04-07,,2.07,20.29,2214.16681599274,18.81,,,
1992-04-08,,2.11,20.64,2214.16681599274,20.15,,,
1992-04-09,,2.26,20.33,2214.16681599274,17.89,,,
1992-04-10,,2.21,20.45,2214.16681599274,16.85,,,
1992-04-13,,2.22,20.24,2214.16681599274,16.99,,,
1992-04-14,,2.2,19.81,2214.16681599274,15.98,,,
1992-04-15,,2.15,19.93,2214.16681599274,15.15,,,
1992-04-16,,2.11,20.25,2214.16681599274,14.85,,,
1992-04-20,,2.14,20.26,2214.16681599274,15.93,,,
1992-04-21,,2.17,20.17,2214.16681599274,16.53,,,
1992-04-22,,2.16,19.92,2214.16681599274,15.96,,,
1992-04-23,,2.18,19.91,2214.16681599274,15.83,,,
1992-04-24,,2.22,20.05,2214.16681599274,15.71,,,
1992-04-27,,2.18,20.31,2214.16681599274,16.49,,,
1992-04-28,,2.17,20.29,2214.16681599274,16.24,,,
1992-04-29,,2.21,20.77,2214.16681599274,15.95,,,
1992-04-30,,2.15,20.88,2214.16681599274,15.53,,,
1992-05-01,,2.23,20.88,2219.31505581207,16.61,,,
1992-05-04,,2.26,21.13,2219.31505581207,16.92,,,
1992-05-05,,2.26,20.78,2219.31505581207,16.66,,,
1992-05-06,,2.21,20.79,2219.31505581207,16.81,,,
1992-05-07,,2.15,20.73,2219.31505581207,16.54,,,
1992-05-08,,2.12,20.85,2219.31505581207,15.65,,,
1992-05-11,,2.16,21.02,2219.31505581207,15.17,,,
1992-05-12,,2.17,20.98,2219.31505581207,15.68,,,
1992-05-13,,2.2,20.75,2219.31505581207,15.19,,,
1992-05-14,,2.21,20.56,2219.31505581207,15.49,,,
1992-05-15,,2.17,20.7,2219.31505581207,14.82,,,
1992-05-18,,2.16,20.54,2219.31505581207,14.62,,,
1992-05-19,,2.2,20.12,2219.31505581207,13.57,,,
1992-05-20,,2.12,20.2,2219.31505581207,13.62,,,
1992-05-21,,2.05,20.79,2219.31505581207,13.92,,,
1992-05-22,,2.11,20.79,2219.31505581207,13.73,,,
1992-05-26,,2.11,21.8,2219.31505581207,14.92,,,
1992-05-27,,2.16,22.0,2219.31505581207,13.99,,,
1992-05-28,,2.14,21.97,2219.31505581207,13.77,,,
1992-05-29,,2.14,22.13,2219.31505581207,13.86,,,
1992-06-01,,2.1,22.07,2296.44193858643,14.43,,,
1992-06-02,,2.12,22.2,2296.44193858643,14.57,,,
1992-06-03,,2.14,22.45,2296.44193858643,14.35,,,
1992-06-04,,2.12,22.53,2296.44193858643,13.66,,,
1992-06-05,,2.18,22.65,2296.44193858643,14.65,,,
1992-06-08,,2.2,22.43,2296.44193858643,15.19,,,
1992-06-09,,2.22,22.23,2296.44193858643,15.97,,,
1992-06-10,,2.22,22.49,2296.44193858643,16.62,,,
1992-06-11,,2.24,22.33,2296.44193858643,16.29,,,
1992-06-12,,2.23,22.28,2296.44193858643,14.95,,,
1992-06-15,,2.23,22.38,2296.44193858643,14.76,,,
1992-06-16,,2.22,22.23,2296.44193858643,15.22,,,
1992-06-17,,2.23,22.3,2296.44193858643,18.08,,,
1992-06-18,,2.25,22.23,2296.44193858643,18.2,,,
1992-06-19,,2.24,22.16,2296.44193858643,16.31,,,
1992-06-22,,2.25,22.47,2296.44193858643,16.66,,,
1992-06-23,,2.15,22.74,2296.44193858643,14.53,,,
1992-06-24,,2.24,23.03,2296.44193858643,14.4,,,
1992-06-25,,2.25,22.73,2296.44193858643,14.4,,,
1992-06-26,,2.27,22.42,2296.44193858643,14.67,,,
1992-06-29,,2.29,22.27,2296.44193858643,13.21,,,
1992-06-30,,2.31,21.84,2296.44193858643,13.35,,,
1992-07-01,,2.28,21.9,2527.28502240143,13.34,,,
1992-07-02,,2.38,22.08,2527.28502240143,13.88,,,
1992-07-03,,2.38,22.08,2527.28502240143,13.88,,,
1992-07-06,,2.44,21.87,2527.28502240143,14.87,,,
1992-07-07,,2.47,21.51,2527.28502240143,15.83,,,
1992-07-08,,2.51,21.38,2527.28502240143,15.53,,,
1992-07-09,,2.51,21.38,2527.28502240143,14.6,,,
1992-07-10,,2.55,21.25,2527.28502240143,13.7,,,
1992-07-13,,2.57,21.38,2527.28502240143,14.01,,,
1992-07-14,,2.65,21.42,2527.28502240143,13.5,,,
1992-07-15,,2.65,21.73,2527.28502240143,12.52,,,
1992-07-16,,2.62,21.8,2527.28502240143,12.27,,,
1992-07-17,,2.63,21.56,2527.28502240143,12.6,,,
1992-07-20,,2.6,21.78,2527.28502240143,12.66,,,
1992-07-21,,2.55,21.91,2527.28502240143,12.6,,,
1992-07-22,,2.56,21.99,2527.28502240143,13.57,,,
1992-07-23,,2.52,22.11,2527.28502240143,13.33,,,
1992-07-24,,2.48,21.95,2527.28502240143,13.37,,,
1992-07-27,,2.42,22.09,2527.28502240143,13.9,,,
1992-07-28,,2.36,22.03,2527.28502240143,13.05,,,
1992-07-29,,2.35,21.98,2527.28502240143,13.44,,,
1992-07-30,,2.36,21.82,2527.28502240143,13.5,,,
1992-07-31,,2.3,21.83,2527.28502240143,13.17,,,
1992-08-01,,2.3,21.83,2513.46998458252,13.17,,,
1992-08-03,,2.32,21.6,2513.46998458252,13.83,,,
1992-08-04,,2.35,21.23,2513.46998458252,13.58,,,
1992-08-05,,2.35,21.18,2513.46998458252,13.82,,,
1992-08-06,,2.36,21.41,2513.46998458252,14.23,,,
1992-08-07,,2.39,21.27,2513.46998458252,13.94,,,
1992-08-10,,2.4,21.12,2513.46998458252,14.51,,,
1992-08-11,,2.35,21.0,2513.46998458252,15.09,,,
1992-08-12,,2.29,21.13,2513.46998458252,14.88,,,
1992-08-13,,2.36,21.35,2513.46998458252,15.34,,,
1992-08-14,,2.39,21.31,2513.46998458252,14.66,,,
1992-08-17,,2.43,21.47,2513.46998458252,14.61,,,
1992-08-18,,2.44,21.54,2513.46998458252,13.84,,,
1992-08-19,,2.41,21.33,2513.46998458252,14.35,,,
1992-08-20,,2.42,21.4,2513.46998458252,14.48,,,
1992-08-21,,2.4,21.19,2513.46998458252,15.01,,,
1992-08-24,,2.41,21.85,2513.46998458252,16.19,,,
1992-08-25,,2.41,21.6,2513.46998458252,15.62,,,
1992-08-26,,2.42,21.24,2513.46998458252,14.5,,,
1992-08-27,,2.41,21.14,2513.46998458252,13.66,,,
1992-08-28,,2.47,21.3,2513.46998458252,13.14,,,
1992-08-31,,2.47,21.46,2513.46998458252,13.58,,,
1992-09-01,,2.44,21.72,2419.61418178101,13.4,,,
1992-09-02,,2.44,21.65,2419.61418178101,12.73,,,
1992-09-03,,2.45,21.69,2419.61418178101,12.88,,,
1992-09-04,,2.51,21.77,2419.61418178101,12.98,,,
1992-09-07,,2.51,21.77,2419.61418178101,12.98,,,
1992-09-08,,2.46,21.98,2419.61418178101,13.65,,,
1992-09-09,,2.46,22.0,2419.61418178101,13.36,,,
1992-09-10,,2.48,21.93,2419.61418178101,12.92,,,
1992-09-11,,2.5,22.0,2419.61418178101,12.47,,,
1992-09-14,,2.52,22.35,2419.61418178101,13.0,,,
1992-09-15,,2.51,22.13,2419.61418178101,13.63,,,
1992-09-16,,2.54,22.39,2419.61418178101,14.72,,,
1992-09-17,,2.54,22.23,2419.61418178101,14.31,,,
1992-09-18,,2.55,21.96,2419.61418178101,13.74,,,
1992-09-21,,2.51,21.91,2419.61418178101,13.45,,,
1992-09-22,,2.52,21.78,2419.61418178101,13.88,,,
1992-09-23,,2.57,21.78,2419.61418178101,13.83,,,
1992-09-24,,2.57,21.57,2419.61418178101,13.44,,,
1992-09-25,,2.63,21.51,2419.61418178101,14.8,,,
1992-09-28,,2.6,21.78,2419.61418178101,15.19,,,
1992-09-29,,2.57,21.66,2419.61418178101,14.97,,,
1992-09-30,,2.57,21.83,2419.61418178101,14.28,,,
1992-10-01,,2.56,21.83,2262.45696237183,16.31,,,
1992-10-02,,2.55,21.93,2262.45696237183,17.79,,,
1992-10-05,,2.56,21.76,2262.45696237183,20.01,,,
1992-10-06,,2.56,21.85,2262.45696237183,19.95,,,
1992-10-07,,2.58,21.89,2262.45696237183,21.02,,,
1992-10-08,,2.58,21.99,2262.45696237183,19.26,,,
1992-10-09,,2.52,21.99,2262.45696237183,20.51,,,
1992-10-12,,2.52,22.28,2262.45696237183,19.49,,,
1992-10-13,,2.52,22.12,2262.45696237183,17.9,,,
1992-10-14,,2.49,22.16,2262.45696237183,18.42,,,
1992-10-15,,2.51,22.37,2262.45696237183,17.11,,,
1992-10-16,,2.56,22.31,2262.45696237183,17.01,,,
1992-10-19,,2.54,22.18,2262.45696237183,17.31,,,
1992-10-20,,2.52,21.88,2262.45696237183,16.87,,,
1992-10-21,,2.51,21.49,2262.45696237183,16.62,,,
1992-10-22,,2.5,21.22,2262.45696237183,15.84,,,
1992-10-23,,2.46,21.11,2262.45696237183,16.46,,,
1992-10-26,,2.44,21.14,2262.45696237183,16.32,,,
1992-10-27,,2.46,21.03,2262.45696237183,16.24,,,
1992-10-28,,2.43,21.17,2262.45696237183,15.95,,,
1992-10-29,,2.38,20.71,2262.45696237183,15.47,,,
1992-10-30,,2.4,20.68,2262.45696237183,16.15,,,
1992-11-01,,2.4,20.68,2161.78909368286,16.15,,,
1992-11-02,,2.41,20.77,2161.78909368286,16.67,,,
1992-11-03,,2.43,20.6,2161.78909368286,17.33,,,
1992-11-04,,2.45,20.33,2161.78909368286,16.28,,,
1992-11-05,,2.48,20.62,2161.78909368286,15.38,,,
1992-11-06,,2.49,20.26,2161.78909368286,14.69,,,
1992-11-09,,2.43,20.63,2161.78909368286,14.23,,,
1992-11-10,,2.41,20.54,2161.78909368286,14.37,,,
1992-11-11,,2.41,20.46,2161.78909368286,13.99,,,
1992-11-12,,2.35,20.19,2161.78909368286,14.37,,,
1992-11-13,,2.28,20.04,2161.78909368286,14.61,,,
1992-11-16,,2.22,20.37,2161.78909368286,14.86,,,
1992-11-17,,2.19,20.32,2161.78909368286,15.01,,,
1992-11-18,,2.2,20.21,2161.78909368286,14.55,,,
1992-11-19,,2.22,20.5,2161.78909368286,14.33,,,
1992-11-20,,2.18,20.37,2161.78909368286,13.67,,,
1992-11-23,,2.17,20.01,2161.78909368286,13.4,,,
1992-11-24,,2.21,20.06,2161.78909368286,12.66,,,
1992-11-25,,2.14,20.29,2161.78909368286,12.5,,,
1992-11-27,,2.16,20.29,2161.78909368286,12.58,,,
1992-11-30,,2.16,19.91,2161.78909368286,13.01,,,
1992-12-01,,2.13,19.56,2211.95028749237,12.8,,,
1992-12-02,,2.12,19.38,2211.95028749237,12.56,,,
1992-12-03,,2.13,19.08,2211.95028749237,12.03,,,
1992-12-04,,2.14,18.95,2211.95028749237,11.81,,,
1992-12-07,,2.16,19.17,2211.95028749237,12.0,,,
1992-12-08,,2.14,18.69,2211.95028749237,11.73,,,
1992-12-09,,2.15,18.86,2211.95028749237,12.58,,,
1992-12-10,,2.1,19.26,2211.95028749237,12.75,,,
1992-12-11,,2.02,19.09,2211.95028749237,12.34,,,
1992-12-14,,2.03,19.06,2211.95028749237,12.66,,,
1992-12-15,,2.06,18.94,2211.95028749237,12.41,,,
1992-12-16,,2.1,19.42,2211.95028749237,12.58,,,
1992-12-17,,2.08,19.68,2211.95028749237,12.14,,,
1992-12-18,,2.1,19.81,2211.95028749237,11.66,,,
1992-12-21,,2.07,19.92,2211.95028749237,11.65,,,
1992-12-22,,2.01,19.79,2211.95028749237,11.75,,,
1992-12-23,,2.05,19.97,2211.95028749237,11.51,,,
1992-12-24,,2.09,19.97,2211.95028749237,11.57,,,
1992-12-28,,2.08,19.77,2211.95028749237,12.22,,,
1992-12-29,,2.08,19.62,2211.95028749237,12.29,,,
1992-12-30,,2.14,19.63,2211.95028749237,12.6,,,
1992-12-31,,2.14,19.49,2211.95028749237,12.57,,,
1993-01-01,,2.14,19.49,2264.21397077332,12.57,,,
1993-01-04,,2.12,19.03,2264.21397077332,13.36,,,
1993-01-05,,2.13,19.13,2264.21397077332,13.35,,,
1993-01-06,,2.11,19.03,2264.21397077332,13.37,,,
1993-01-07,,2.12,18.92,2264.21397077332,14.72,,,
1993-01-08,,2.25,18.9,2264.21397077332,13.77,,,
1993-01-11,,2.23,18.78,2264.21397077332,12.86,,,
1993-01-12,,2.24,18.21,2264.21397077332,12.78,,,
1993-01-13,,2.25,18.51,2264.21397077332,12.42,,,
1993-01-14,,2.25,18.71,2264.21397077332,11.99,,,
1993-01-15,,2.29,18.89,2264.21397077332,11.57,,,
1993-01-18,,2.29,18.94,2264.21397077332,11.49,,,
1993-01-19,,2.2,18.4,2264.21397077332,12.06,,,
1993-01-20,,2.2,18.35,2264.21397077332,12.15,,,
1993-01-21,,2.24,18.71,2264.21397077332,11.69,,,
1993-01-22,,2.27,18.64,2264.21397077332,11.3,,,
1993-01-25,,2.22,19.51,2264.21397077332,11.38,,,
1993-01-26,,2.2,19.67,2264.21397077332,11.45,,,
1993-01-27,,2.24,19.66,2264.21397077332,12.01,,,
1993-01-28,,2.24,20.38,2264.21397077332,12.04,,,
1993-01-29,,2.19,20.27,2264.21397077332,12.42,,,
1993-02-01,,2.19,20.32,2212.18139313507,12.33,,,
1993-02-02,,2.21,20.0,2212.18139313507,12.25,,,
1993-02-03,,2.18,20.0,2212.18139313507,12.12,,,
1993-02-04,,2.2,20.29,2212.18139313507,12.29,,,
1993-02-05,,2.25,20.27,2212.18139313507,12.9,,,
1993-02-08,,2.21,20.07,2212.18139313507,13.22,,,
1993-02-09,,2.21,20.12,2212.18139313507,13.48,,,
1993-02-10,,2.13,20.2,2212.18139313507,13.43,,,
1993-02-11,,2.17,20.29,2212.18139313507,12.69,,,
1993-02-12,,2.15,19.96,2212.18139313507,12.38,,,
1993-02-16,,2.2,19.59,2212.18139313507,15.76,,,
1993-02-17,,2.22,19.3,2212.18139313507,15.9,,,
1993-02-18,,2.22,19.44,2212.18139313507,15.56,,,
1993-02-19,,2.16,19.69,2212.18139313507,15.02,,,
1993-02-22,,2.1,20.08,2212.18139313507,14.7,,,
1993-02-23,,2.02,20.49,2212.18139313507,15.04,,,
1993-02-24,,2.04,20.28,2212.18139313507,14.72,,,
1993-02-25,,2.08,20.63,2212.18139313507,13.76,,,
1993-02-26,,2.11,20.53,2212.18139313507,13.16,,,
1993-03-01,,2.06,20.62,2152.38020099945,13.6,,,
1993-03-02,,2.07,20.48,2152.38020099945,12.49,,,
1993-03-03,,2.07,20.46,2152.38020099945,13.13,,,
1993-03-04,,2.08,21.05,2152.38020099945,13.44,,,
1993-03-05,,1.99,20.85,2152.38020099945,14.08,,,
1993-03-08,,1.88,20.63,2152.38020099945,16.22,,,
1993-03-09,,1.89,20.71,2152.38020099945,14.17,,,
1993-03-10,,1.92,20.42,2152.38020099945,13.91,,,
1993-03-11,,1.95,20.12,2152.38020099945,14.26,,,
1993-03-12,,2.0,20.38,2152.38020099945,15.66,,,
1993-03-15,,2.07,20.18,2152.38020099945,14.74,,,
1993-03-16,,2.04,20.04,2152.38020099945,14.51,,,
1993-03-17,,2.04,20.14,2152.38020099945,14.53,,,
1993-03-18,,2.02,20.29,2152.38020099945,14.17,,,
1993-03-19,,2.0,20.05,2152.38020099945,13.23,,,
1993-03-22,,2.04,19.52,2152.38020099945,13.66,,,
1993-03-23,,2.03,19.98,2152.38020099945,13.02,,,
1993-03-24,,2.02,19.97,2152.38020099945,12.44,,,
1993-03-25,,2.06,20.12,2152.38020099945,12.08,,,
1993-03-26,,2.07,20.42,2152.38020099945,12.21,,,
1993-03-29,,2.11,20.27,2152.38020099945,12.63,,,
1993-03-30,,2.11,20.27,2152.38020099945,12.23,,,
1993-03-31,,2.07,20.44,2152.38020099945,12.53,,,
1993-04-01,,2.12,20.54,1953.62060192108,13.02,,,
1993-04-02,,2.17,20.67,1953.62060192108,14.5,,,
1993-04-05,,2.17,20.59,1953.62060192108,14.12,,,
1993-04-06,,2.15,20.33,1953.62060192108,14.24,,,
1993-04-07,,2.14,20.35,1953.62060192108,13.64,,,
1993-04-08,,2.12,20.22,1953.62060192108,12.83,,,
1993-04-12,,2.1,20.43,1953.62060192108,11.93,,,
1993-04-13,,2.11,20.28,1953.62060192108,11.7,,,
1993-04-14,,2.12,20.38,1953.62060192108,11.76,,,
1993-04-15,,2.09,20.21,1953.62060192108,10.96,,,
1993-04-16,,2.09,20.09,1953.62060192108,11.29,,,
1993-04-19,,2.09,19.99,1953.62060192108,12.06,,,
1993-04-20,,2.09,20.05,1953.62060192108,11.94,,,
1993-04-21,,2.09,19.99,1953.62060192108,12.11,,,
1993-04-22,,2.1,19.79,1953.62060192108,12.68,,,
1993-04-23,,2.14,19.93,1953.62060192108,13.36,,,
1993-04-26,,2.15,19.83,1953.62060192108,15.25,,,
1993-04-27,,2.14,20.21,1953.62060192108,13.93,,,
1993-04-28,,2.17,20.21,1953.62060192108,13.12,,,
1993-04-29,,2.2,20.63,1953.62060192108,12.8,,,
1993-04-30,,2.22,20.54,1953.62060192108,12.42,,,
1993-05-01,,2.22,20.54,1799.35169844818,12.42,,,
1993-05-03,,2.21,20.58,1799.35169844818,12.9,,,
1993-05-04,,2.17,20.4,1799.35169844818,12.14,,,
1993-05-05,,2.13,20.46,1799.35169844818,12.38,,,
1993-05-06,,2.09,20.49,1799.35169844818,13.22,,,
1993-05-07,,2.13,20.43,1799.35169844818,13.01,,,
1993-05-10,,2.1,20.42,1799.35169844818,13.72,,,
1993-05-11,,2.1,20.38,1799.35169844818,13.35,,,
1993-05-12,,2.14,20.19,1799.35169844818,13.56,,,
1993-05-13,,2.11,19.8,1799.35169844818,14.76,,,
1993-05-14,,2.06,19.51,1799.35169844818,14.39,,,
1993-05-17,,2.02,19.51,1799.35169844818,14.13,,,
1993-05-18,,2.07,19.32,1799.35169844818,14.19,,,
1993-05-19,,2.08,19.15,1799.35169844818,14.29,,,
1993-05-20,,2.06,19.56,1799.35169844818,13.98,,,
1993-05-21,,2.02,19.6,1799.35169844818,14.51,,,
1993-05-24,,1.97,19.43,1799.35169844818,14.1,,,
1993-05-25,,1.98,19.75,1799.35169844818,14.04,,,
1993-05-26,,1.92,19.92,1799.35169844818,12.88,,,
1993-05-27,,1.89,20.05,1799.35169844818,13.1,,,
1993-05-28,,1.92,20.04,1799.35169844818,13.47,,,
1993-06-01,,1.91,20.2,1857.87070840454,13.67,,,
1993-06-02,,1.88,20.05,1857.87070840454,13.48,,,
1993-06-03,,1.88,19.77,1857.87070840454,13.54,,,
1993-06-04,,1.8,19.79,1857.87070840454,12.86,,,
1993-06-07,,1.78,19.6,1857.87070840454,14.07,,,
1993-06-08,,1.76,19.65,1857.87070840454,14.74,,,
1993-06-09,,1.78,19.66,1857.87070840454,13.96,,,
1993-06-10,,1.78,19.27,1857.87070840454,13.31,,,
1993-06-11,,1.82,18.99,1857.87070840454,12.71,,,
1993-06-14,,1.84,18.9,1857.87070840454,12.33,,,
1993-06-15,,1.85,18.6,1857.87070840454,11.99,,,
1993-06-16,,1.87,18.87,1857.87070840454,11.87,,,
1993-06-17,,1.85,18.7,1857.87070840454,11.66,,,
1993-06-18,,1.81,18.71,1857.87070840454,12.24,,,
1993-06-21,,1.76,18.63,1857.87070840454,12.25,,,
1993-06-22,,1.76,18.35,1857.87070840454,11.65,,,
1993-06-23,,1.71,18.44,1857.87070840454,12.04,,,
1993-06-24,,1.73,18.36,1857.87070840454,12.25,,,
1993-06-25,,1.74,18.83,1857.87070840454,11.25,,,
1993-06-28,,1.74,18.89,1857.87070840454,11.11,,,
1993-06-29,,1.76,18.99,1857.87070840454,11.29,,,
1993-06-30,,1.77,18.82,1857.87070840454,11.26,,,
1993-07-01,,1.81,18.44,1927.33981992645,11.51,,,
1993-07-02,,1.83,17.93,1927.33981992645,11.33,,,
1993-07-06,,1.8,18.29,1927.33981992645,13.87,,,
1993-07-07,,1.8,18.06,1927.33981992645,13.05,,,
1993-07-08,,1.78,17.79,1927.33981992645,12.24,,,
1993-07-09,,1.78,17.92,1927.33981992645,10.8,,,
1993-07-12,,1.76,18.12,1927.33981992645,10.85,,,
1993-07-13,,1.74,18.05,1927.33981992645,11.02,,,
1993-07-14,,1.75,17.43,1927.33981992645,10.78,,,
1993-07-15,,1.73,17.73,1927.33981992645,10.6,,,
1993-07-16,,1.72,17.29,1927.33981992645,10.96,,,
1993-07-19,,1.72,17.68,1927.33981992645,11.46,,,
1993-07-20,,1.66,17.2,1927.33981992645,11.05,,,
1993-07-21,,1.68,17.6,1927.33981992645,11.97,,,
1993-07-22,,1.68,17.57,1927.33981992645,11.69,,,
1993-07-23,,1.7,17.67,1927.33981992645,11.32,,,
1993-07-26,,1.71,18.11,1927.33981992645,11.32,,,
1993-07-27,,1.67,18.5,1927.33981992645,11.34,,,
1993-07-28,,1.69,18.25,1927.33981992645,11.37,,,
1993-07-29,,1.69,18.12,1927.33981992645,11.25,,,
1993-07-30,,1.7,17.94,1927.33981992645,11.73,,,
1993-08-01,,1.7,17.94,1951.07137548676,11.73,,,
1993-08-02,,1.66,17.9,1951.07137548676,11.47,,,
1993-08-03,,1.66,17.81,1951.07137548676,11.49,,,
1993-08-04,,1.71,17.82,1951.07137548676,11.71,,,
1993-08-05,,1.74,17.54,1951.07137548676,12.03,,,
1993-08-06,,1.77,17.3,1951.07137548676,12.33,,,
1993-08-09,,1.76,17.58,1951.07137548676,12.39,,,
1993-08-10,,1.72,17.58,1951.07137548676,12.31,,,
1993-08-11,,1.65,17.87,1951.07137548676,12.07,,,
1993-08-12,,1.71,18.16,1951.07137548676,12.38,,,
1993-08-13,,1.72,18.14,1951.07137548676,12.19,,,
1993-08-16,,1.7,17.84,1951.07137548676,12.01,,,
1993-08-17,,1.68,17.95,1951.07137548676,11.59,,,
1993-08-18,,1.71,17.68,1951.07137548676,11.52,,,
1993-08-19,,1.71,17.64,1951.07137548676,11.63,,,
1993-08-20,,1.68,18.09,1951.07137548676,11.62,,,
1993-08-23,,1.63,18.42,1951.07137548676,12.15,,,
1993-08-24,,1.65,18.38,1951.07137548676,11.8,,,
1993-08-25,,1.66,18.45,1951.07137548676,12.1,,,
1993-08-26,,1.6,18.4,1951.07137548676,12.14,,,
1993-08-27,,1.61,18.82,1951.07137548676,11.91,,,
1993-08-30,,1.58,18.63,1951.07137548676,11.74,,,
1993-08-31,,1.57,18.24,1951.07137548676,11.85,,,
1993-09-01,,1.58,17.92,1858.24999750519,11.48,,,
1993-09-02,,1.58,17.97,1858.24999750519,11.87,,,
1993-09-03,,1.6,17.72,1858.24999750519,11.16,,,
1993-09-07,,1.53,17.14,1858.24999750519,12.9,,,
1993-09-08,,1.45,17.0,1858.24999750519,13.24,,,
1993-09-09,,1.47,16.97,1858.24999750519,12.67,,,
1993-09-10,,1.49,16.74,1858.24999750519,11.7,,,
1993-09-13,,1.44,16.98,1858.24999750519,12.16,,,
1993-09-14,,1.46,16.94,1858.24999750519,13.15,,,
1993-09-15,,1.5,16.85,1858.24999750519,12.7,,,
1993-09-16,,1.49,16.85,1858.24999750519,13.36,,,
1993-09-17,,1.49,17.1,1858.24999750519,13.39,,,
1993-09-20,,1.5,17.68,1858.24999750519,14.6,,,
1993-09-21,,1.57,18.12,1858.24999750519,17.3,,,
1993-09-22,,1.55,17.53,1858.24999750519,13.75,,,
1993-09-23,,1.55,17.52,1858.24999750519,13.36,,,
1993-09-24,,1.52,17.52,1858.24999750519,12.47,,,
1993-09-27,,1.49,17.52,1858.24999750519,12.49,,,
1993-09-28,,1.49,18.07,1858.24999750519,12.19,,,
1993-09-29,,1.51,18.73,1858.24999750519,12.63,,,
1993-09-30,,1.51,18.72,1858.24999750519,12.99,,,
1993-10-01,,1.5,18.63,1646.99992897491,11.83,,,
1993-10-04,,1.49,18.4,1646.99992897491,12.85,,,
1993-10-05,,1.49,18.43,1646.99992897491,12.97,,,
1993-10-06,,1.5,18.43,1646.99992897491,12.68,,,
1993-10-07,,1.5,18.49,1646.99992897491,13.14,,,
1993-10-08,,1.48,18.53,1646.99992897491,12.04,,,
1993-10-11,,1.48,18.76,1646.99992897491,12.26,,,
1993-10-12,,1.45,18.7,1646.99992897491,12.41,,,
1993-10-13,,1.43,18.65,1646.99992897491,11.38,,,
1993-10-14,,1.41,18.5,1646.99992897491,11.0,,,
1993-10-15,,1.38,18.24,1646.99992897491,10.87,,,
1993-10-18,,1.43,18.13,1646.99992897491,11.33,,,
1993-10-19,,1.41,18.04,1646.99992897491,11.61,,,
1993-10-20,,1.4,18.25,1646.99992897491,11.32,,,
1993-10-21,,1.46,18.28,1646.99992897491,11.2,,,
1993-10-22,,1.51,17.92,1646.99992897491,11.48,,,
1993-10-25,,1.52,17.36,1646.99992897491,11.83,,,
1993-10-26,,1.5,17.55,1646.99992897491,11.83,,,
1993-10-27,,1.45,17.66,1646.99992897491,12.01,,,
1993-10-28,,1.44,17.3,1646.99992897491,11.88,,,
1993-10-29,,1.44,16.97,1646.99992897491,11.46,,,
1993-11-01,,1.45,17.5,1632.56810484467,11.78,,,
1993-11-02,,1.47,17.03,1632.56810484467,11.74,,,
1993-11-03,,1.54,17.47,1632.56810484467,13.26,,,
1993-11-04,,1.54,17.38,1632.56810484467,14.68,,,
1993-11-05,,1.55,17.09,1632.56810484467,14.97,,,
1993-11-08,,1.57,16.69,1632.56810484467,14.31,,,
1993-11-09,,1.52,16.71,1632.56810484467,13.94,,,
1993-11-10,,1.55,16.54,1632.56810484467,13.72,,,
1993-11-11,,1.55,16.91,1632.56810484467,13.88,,,
1993-11-12,,1.55,16.72,1632.56810484467,13.33,,,
1993-11-15,,1.58,16.78,1632.56810484467,14.46,,,
1993-11-16,,1.56,16.69,1632.56810484467,15.11,,,
1993-11-17,,1.56,17.08,1632.56810484467,15.57,,,
1993-11-18,,1.57,16.67,1632.56810484467,14.65,,,
1993-11-19,,1.62,16.55,1632.56810484467,15.03,,,
1993-11-22,,1.63,16.67,1632.56810484467,15.9,,,
1993-11-23,,1.63,16.39,1632.56810484467,14.27,,,
1993-11-24,,1.66,15.73,1632.56810484467,13.51,,,
1993-11-26,,1.62,15.53,1632.56810484467,13.77,,,
1993-11-29,,1.59,15.3,1632.56810484467,14.12,,,
1993-11-30,,1.61,15.36,1632.56810484467,13.76,,,
1993-12-01,,1.62,15.45,1723.6250736618,13.83,,,
1993-12-02,,1.59,14.93,1723.6250736618,13.51,,,
1993-12-03,,1.56,15.03,1723.6250736618,12.69,,,
1993-12-06,,1.53,14.57,1723.6250736618,12.84,,,
1993-12-07,,1.54,14.53,1723.6250736618,12.41,,,
1993-12-08,,1.53,14.61,1723.6250736618,12.46,,,
1993-12-09,,1.5,14.65,1723.6250736618,12.43,,,
1993-12-10,,1.52,15.04,1723.6250736618,12.6,,,
1993-12-13,,1.55,14.5,1723.6250736618,10.98,,,
1993-12-14,,1.57,14.47,1723.6250736618,11.13,,,
1993-12-15,,1.61,14.39,1723.6250736618,11.03,,,
1993-12-16,,1.61,14.21,1723.6250736618,10.9,,,
1993-12-17,,1.61,13.98,1723.6250736618,11.08,,,
1993-12-20,,1.61,14.2,1723.6250736618,10.75,,,
1993-12-21,,1.59,14.32,1723.6250736618,10.08,,,
1993-12-22,,1.55,14.61,1723.6250736618,9.31,,,
1993-12-23,,1.54,14.48,1723.6250736618,9.48,,,
1993-12-27,,1.52,14.09,1723.6250736618,9.7,,,
1993-12-28,,1.52,14.11,1723.6250736618,9.82,,,
1993-12-29,,1.54,14.45,1723.6250736618,10.46,,,
1993-12-30,,1.57,14.19,1723.6250736618,10.69,,,
1993-12-31,,1.58,14.19,1723.6250736618,11.66,,,
1994-01-01,,1.58,14.19,1807.07136699066,11.66,,,
1994-01-03,,1.62,14.52,1807.07136699066,12.57,,,
1994-01-04,,1.59,14.66,1807.07136699066,11.91,,,
1994-01-05,,1.59,15.3,1807.07136699066,10.94,,,
1994-01-06,,1.6,15.36,1807.07136699066,11.27,,,
1994-01-07,,1.61,15.33,1807.07136699066,10.96,,,
1994-01-10,,1.59,14.65,1807.07136699066,10.74,,,
1994-01-11,,1.59,14.95,1807.07136699066,11.29,,,
1994-01-12,,1.55,14.36,1807.07136699066,11.65,,,
1994-01-13,,1.58,14.56,1807.07136699066,12.08,,,
1994-01-14,,1.61,14.81,1807.07136699066,11.15,,,
1994-01-17,,1.61,15.15,1807.07136699066,11.88,,,
1994-01-18,,1.6,14.92,1807.07136699066,11.63,,,
1994-01-19,,1.64,15.25,1807.07136699066,11.76,,,
1994-01-20,,1.64,14.95,1807.07136699066,11.16,,,
1994-01-21,,1.64,14.85,1807.07136699066,11.09,,,
1994-01-24,,1.65,15.09,1807.07136699066,11.6,,,
1994-01-25,,1.67,15.26,1807.07136699066,11.38,,,
1994-01-26,,1.64,15.5,1807.07136699066,11.17,,,
1994-01-27,,1.62,15.48,1807.07136699066,10.3,,,
1994-01-28,,1.6,15.37,1807.07136699066,9.94,,,
1994-01-31,,1.58,15.24,1807.07136699066,10.63,,,
1994-02-01,,1.57,15.91,1865.07501472778,10.65,,,
1994-02-02,,1.57,16.06,1865.07501472778,10.61,,,
1994-02-03,,1.53,15.97,1865.07501472778,10.75,,,
1994-02-04,,1.52,15.63,1865.07501472778,15.25,,,
1994-02-07,,1.55,15.31,1865.07501472778,13.96,,,
1994-02-08,,1.57,15.12,1865.07501472778,13.66,,,
1994-02-09,,1.49,14.64,1865.07501472778,13.3,,,
1994-02-10,,1.46,14.59,1865.07501472778,14.24,,,
1994-02-11,,1.44,14.71,1865.07501472778,14.46,,,
1994-02-14,,1.46,14.15,1865.07501472778,14.28,,,
1994-02-15,,1.44,14.13,1865.07501472778,13.4,,,
1994-02-16,,1.45,13.89,1865.07501472778,13.13,,,
1994-02-17,,1.5,14.26,1865.07501472778,13.79,,,
1994-02-18,,1.52,14.21,1865.07501472778,14.7,,,
1994-02-22,,1.48,14.28,1865.07501472778,13.52,,,
1994-02-23,,1.46,14.18,1865.07501472778,13.91,,,
1994-02-24,,1.5,14.82,1865.07501472778,15.96,,,
1994-02-25,,1.49,14.48,1865.07501472778,14.8,,,
1994-02-28,,1.48,14.5,1865.07501472778,14.87,,,
1994-03-01,,1.47,14.78,1913.17391866455,15.83,,,
1994-03-02,,1.51,14.8,1913.17391866455,16.08,,,
1994-03-03,,1.52,14.74,1913.17391866455,16.36,,,
1994-03-04,,1.5,14.57,1913.17391866455,16.0,,,
1994-03-07,,1.45,14.14,1913.17391866455,14.26,,,
1994-03-08,,1.46,14.17,1913.17391866455,16.23,,,
1994-03-09,,1.42,14.23,1913.17391866455,14.41,,,
1994-03-10,,1.52,14.19,1913.17391866455,16.55,,,
1994-03-11,,1.51,14.47,1913.17391866455,14.87,,,
1994-03-14,,1.51,14.52,1913.17391866455,16.61,,,
1994-03-15,,1.48,14.82,1913.17391866455,14.78,,,
1994-03-16,,1.44,15.03,1913.17391866455,14.51,,,
1994-03-17,,1.46,14.83,1913.17391866455,12.76,,,
1994-03-18,,1.46,14.88,1913.17391866455,13.32,,,
1994-03-21,,1.46,15.37,1913.17391866455,14.34,,,
1994-03-22,,1.41,15.04,1913.17391866455,13.39,,,
1994-03-23,,1.44,14.94,1913.17391866455,12.31,,,
1994-03-24,,1.5,15.21,1913.17391866455,13.43,,,
1994-03-25,,1.51,15.19,1913.17391866455,13.67,,,
1994-03-28,,1.51,14.15,1913.17391866455,14.9,,,
1994-03-29,,1.52,14.41,1913.17391866455,16.49,,,
1994-03-30,,1.59,14.4,1913.17391866455,18.59,,,
1994-03-31,,1.56,14.78,1913.17391866455,20.45,,,
1994-04-01,,1.56,14.78,1881.36846713562,20.45,,,
1994-04-04,,1.59,15.67,1881.36846713562,23.87,,,
1994-04-05,,1.52,15.67,1881.36846713562,18.13,,,
1994-04-06,,1.53,15.77,1881.36846713562,17.38,,,
1994-04-07,,1.49,15.59,1881.36846713562,16.98,,,
1994-04-08,,1.51,15.57,1881.36846713562,16.92,,,
1994-04-11,,1.49,15.86,1881.36846713562,16.61,,,
1994-04-12,,1.47,15.74,1881.36846713562,16.42,,,
1994-04-13,,1.5,15.96,1881.36846713562,17.02,,,
1994-04-14,,1.48,16.2,1881.36846713562,16.27,,,
1994-04-15,,1.46,16.58,1881.36846713562,15.98,,,
1994-04-18,,1.44,16.64,1881.36846713562,17.22,,,
1994-04-19,,1.4,16.43,1881.36846713562,16.93,,,
1994-04-20,,1.38,16.65,1881.36846713562,17.01,,,
1994-04-21,,1.32,17.56,1881.36846713562,14.93,,,
1994-04-22,,1.31,17.84,1881.36846713562,14.94,,,
1994-04-25,,1.25,17.66,1881.36846713562,14.26,,,
1994-04-26,,1.27,16.82,1881.36846713562,13.8,,,
1994-04-27,,1.27,16.7,1881.36846713562,13.8,,,
1994-04-28,,1.29,16.57,1881.36846713562,14.51,,,
1994-04-29,,1.33,16.92,1881.36846713562,13.77,,,
1994-05-01,,1.33,16.92,2144.50007046051,13.77,,,
1994-05-02,,1.28,17.18,2144.50007046051,14.11,,,
1994-05-03,,1.27,16.93,2144.50007046051,13.81,,,
1994-05-04,,1.25,16.85,2144.50007046051,14.29,,,
1994-05-05,,1.23,17.28,2144.50007046051,14.56,,,
1994-05-06,,1.23,17.74,2144.50007046051,15.08,,,
1994-05-09,,1.23,17.72,2144.50007046051,16.16,,,
1994-05-10,,1.2,17.62,2144.50007046051,15.19,,,
1994-05-11,,1.2,17.84,2144.50007046051,15.55,,,
1994-05-12,,1.23,18.27,2144.50007046051,15.46,,,
1994-05-13,,1.24,18.2,2144.50007046051,14.54,,,
1994-05-16,,1.21,17.99,2144.50007046051,14.67,,,
1994-05-17,,1.15,17.61,2144.50007046051,14.08,,,
1994-05-18,,1.2,18.02,2144.50007046051,12.55,,,
1994-05-19,,1.23,18.49,2144.50007046051,12.33,,,
1994-05-20,,1.22,18.93,2144.50007046051,12.79,,,
1994-05-23,,1.25,18.69,2144.50007046051,13.49,,,
1994-05-24,,1.23,18.4,2144.50007046051,12.73,,,
1994-05-25,,1.19,17.83,2144.50007046051,12.43,,,
1994-05-26,,1.17,17.76,2144.50007046051,12.5,,,
1994-05-27,,1.15,18.02,2144.50007046051,12.49,,,
1994-05-31,,1.16,18.3,2144.50007046051,13.03,,,
1994-06-01,,1.14,18.29,2363.09102303009,12.72,,,
1994-06-02,,1.14,18.25,2363.09102303009,12.73,,,
1994-06-03,,1.14,18.11,2363.09102303009,12.19,,,
1994-06-06,,1.13,18.1,2363.09102303009,13.03,,,
1994-06-07,,1.15,17.78,2363.09102303009,13.05,,,
1994-06-08,,1.18,18.28,2363.09102303009,13.32,,,
1994-06-09,,1.18,18.67,2363.09102303009,13.21,,,
1994-06-10,,1.18,18.48,2363.09102303009,12.69,,,
1994-06-13,,1.16,18.82,2363.09102303009,11.92,,,
1994-06-14,,1.19,18.94,2363.09102303009,11.6,,,
1994-06-15,,1.22,19.75,2363.09102303009,11.52,,,
1994-06-16,,1.24,19.83,2363.09102303009,11.22,,,
1994-06-17,,1.26,20.72,2363.09102303009,12.31,,,
1994-06-20,,1.24,20.68,2363.09102303009,13.96,,,
1994-06-21,,1.18,20.08,2363.09102303009,14.7,,,
1994-06-22,,1.16,19.59,2363.09102303009,14.02,,,
1994-06-23,,1.16,19.38,2363.09102303009,14.12,,,
1994-06-24,,1.16,19.28,2363.09102303009,16.72,,,
1994-06-27,,1.13,18.96,2363.09102303009,15.53,,,
1994-06-28,,1.13,19.14,2363.09102303009,15.04,,,
1994-06-29,,1.12,18.82,2363.09102303009,14.42,,,
1994-06-30,,1.15,19.37,2363.09102303009,14.97,,,
1994-07-01,,1.15,19.52,2447.23803404999,14.36,,,
1994-07-05,,1.17,19.62,2447.23803404999,14.92,,,
1994-07-06,,1.21,19.3,2447.23803404999,14.7,,,
1994-07-07,,1.19,19.15,2447.23803404999,14.01,,,
1994-07-08,,1.17,19.48,2447.23803404999,13.26,,,
1994-07-11,,1.18,20.17,2447.23803404999,13.83,,,
1994-07-12,,1.19,20.4,2447.23803404999,13.4,,,
1994-07-13,,1.19,20.14,2447.23803404999,12.42,,,
1994-07-14,,1.2,20.18,2447.23803404999,11.64,,,
1994-07-15,,1.21,19.89,2447.23803404999,11.28,,,
1994-07-18,,1.21,19.38,2447.23803404999,11.44,,,
1994-07-19,,1.21,19.49,2447.23803404999,11.65,,,
1994-07-20,,1.19,19.15,2447.23803404999,11.7,,,
1994-07-21,,1.16,19.32,2447.23803404999,11.65,,,
1994-07-22,,1.14,19.59,2447.23803404999,11.22,,,
1994-07-25,,1.14,19.42,2447.23803404999,11.46,,,
1994-07-26,,1.12,19.26,2447.23803404999,11.66,,,
1994-07-27,,1.12,19.46,2447.23803404999,11.93,,,
1994-07-28,,1.08,19.87,2447.23803404999,12.03,,,
1994-07-29,,1.13,20.3,2447.23803404999,11.13,,,
1994-08-01,,1.1,20.65,2409.74997397766,11.17,,,
1994-08-02,,1.13,20.22,2409.74997397766,11.27,,,
1994-08-03,,1.13,20.06,2409.74997397766,11.35,,,
1994-08-04,,1.14,20.14,2409.74997397766,12.18,,,
1994-08-05,,1.1,19.37,2409.74997397766,12.34,,,
1994-08-08,,1.06,19.41,2409.74997397766,12.41,,,
1994-08-09,,1.07,19.29,2409.74997397766,12.54,,,
1994-08-10,,1.09,18.96,2409.74997397766,11.91,,,
1994-08-11,,1.1,18.67,2409.74997397766,12.13,,,
1994-08-12,,1.05,18.05,2409.74997397766,11.09,,,
1994-08-15,,1.04,18.24,2409.74997397766,12.06,,,
1994-08-16,,0.98,17.64,2409.74997397766,11.39,,,
1994-08-17,,1.01,18.08,2409.74997397766,11.54,,,
1994-08-18,,1.05,17.73,2409.74997397766,12.07,,,
1994-08-19,,1.04,17.56,2409.74997397766,12.83,,,
1994-08-22,,1.04,16.87,2409.74997397766,12.62,,,
1994-08-23,,1.02,17.09,2409.74997397766,11.75,,,
1994-08-24,,1.04,17.54,2409.74997397766,11.57,,,
1994-08-25,,1.05,17.49,2409.74997397766,12.02,,,
1994-08-26,,1.03,17.14,2409.74997397766,12.19,,,
1994-08-29,,1.04,17.62,2409.74997397766,11.82,,,
1994-08-30,,1.02,17.4,2409.74997397766,11.23,,,
1994-08-31,,1.02,17.6,2409.74997397766,11.97,,,
1994-09-01,,1.04,17.47,2504.84103139343,11.86,,,
1994-09-02,,1.04,17.52,2504.84103139343,11.4,,,
1994-09-06,,1.05,17.62,2504.84103139343,11.69,,,
1994-09-07,,1.07,17.84,2504.84103139343,11.81,,,
1994-09-08,,1.08,17.62,2504.84103139343,11.86,,,
1994-09-09,,1.09,17.53,2504.84103139343,13.12,,,
1994-09-12,,1.09,17.39,2504.84103139343,14.01,,,
1994-09-13,,1.09,17.0,2504.84103139343,13.77,,,
1994-09-14,,1.08,16.72,2504.84103139343,13.09,,,
1994-09-15,,1.07,16.72,2504.84103139343,11.88,,,
1994-09-16,,1.1,16.84,2504.84103139343,12.8,,,
1994-09-19,,1.1,17.21,2504.84103139343,13.06,,,
1994-09-20,,1.09,17.24,2504.84103139343,14.45,,,
1994-09-21,,1.04,17.06,2504.84103139343,14.49,,,
1994-09-22,,1.06,17.65,2504.84103139343,13.89,,,
1994-09-23,,1.05,17.76,2504.84103139343,14.53,,,
1994-09-26,,1.03,17.68,2504.84103139343,14.56,,,
1994-09-27,,1.09,17.48,2504.84103139343,14.13,,,
1994-09-28,,1.06,17.69,2504.84103139343,13.25,,,
1994-09-29,,1.04,17.96,2504.84103139343,13.97,,,
1994-09-30,,1.0,18.36,2504.84103139343,14.28,,,
1994-10-01,,1.0,18.36,2546.02375416412,14.28,,,
1994-10-03,,0.97,18.16,2546.02375416412,15.44,,,
1994-10-04,,1.02,17.97,2546.02375416412,16.66,,,
1994-10-05,,1.04,18.01,2546.02375416412,15.92,,,
1994-10-06,,1.07,18.24,2546.02375416412,16.24,,,
1994-10-07,,1.05,18.27,2546.02375416412,14.92,,,
1994-10-10,,1.05,17.95,2546.02375416412,14.72,,,
1994-10-11,,1.02,17.74,2546.02375416412,13.55,,,
1994-10-12,,1.02,17.13,2546.02375416412,14.51,,,
1994-10-13,,1.01,17.03,2546.02375416412,14.9,,,
1994-10-14,,1.04,16.98,2546.02375416412,13.32,,,
1994-10-17,,1.01,17.11,2546.02375416412,14.76,,,
1994-10-18,,1.03,17.34,2546.02375416412,14.59,,,
1994-10-19,,1.02,17.43,2546.02375416412,15.13,,,
1994-10-20,,1.03,17.57,2546.02375416412,15.99,,,
1994-10-21,,1.01,17.31,2546.02375416412,15.91,,,
1994-10-24,,1.02,17.5,2546.02375416412,16.97,,,
1994-10-25,,1.01,17.71,2546.02375416412,16.13,,,
1994-10-26,,0.98,18.01,2546.02375416412,15.7,,,
1994-10-27,,0.99,18.17,2546.02375416412,15.67,,,
1994-10-28,,1.0,18.25,2546.02375416412,14.56,,,
1994-10-31,,0.97,18.16,2546.02375416412,14.56,,,
1994-11-01,,0.98,18.66,2803.54541098175,14.84,,,
1994-11-02,,1.0,18.9,2803.54541098175,15.34,,,
1994-11-03,,0.98,18.97,2803.54541098175,15.58,,,
1994-11-04,,0.99,18.76,2803.54541098175,16.75,,,
1994-11-07,,0.99,18.38,2803.54541098175,17.37,,,
1994-11-08,,0.99,18.46,2803.54541098175,16.3,,,
1994-11-09,,0.93,18.16,2803.54541098175,16.42,,,
1994-11-10,,0.92,18.18,2803.54541098175,16.0,,,
1994-11-11,,0.92,18.07,2803.54541098175,16.5,,,
1994-11-14,,0.88,17.48,2803.54541098175,16.68,,,
1994-11-15,,0.82,17.58,2803.54541098175,16.66,,,
1994-11-16,,0.82,17.38,2803.54541098175,15.56,,,
1994-11-17,,0.82,17.63,2803.54541098175,15.91,,,
1994-11-18,,0.78,17.47,2803.54541098175,16.0,,,
1994-11-21,,0.73,17.43,2803.54541098175,16.13,,,
1994-11-22,,0.71,17.7,2803.54541098175,17.24,,,
1994-11-23,,0.63,18.05,2803.54541098175,18.41,,,
1994-11-25,,0.61,18.05,2803.54541098175,17.44,,,
1994-11-28,,0.53,18.1,2803.54541098175,16.83,,,
1994-11-29,,0.51,17.97,2803.54541098175,16.15,,,
1994-11-30,,0.51,18.06,2803.54541098175,15.95,,,
1994-12-01,,0.5,17.77,2980.69999645081,16.69,,,
1994-12-02,,0.37,17.0,2980.69999645081,16.55,,,
1994-12-05,,0.25,16.88,2980.69999645081,16.1,,,
1994-12-06,,0.29,16.93,2980.69999645081,16.05,,,
1994-12-07,,0.33,16.86,2980.69999645081,16.28,,,
1994-12-08,,0.28,17.14,2980.69999645081,18.15,,,
1994-12-09,,0.26,17.12,2980.69999645081,16.04,,,
1994-12-12,,0.23,16.92,2980.69999645081,15.46,,,
1994-12-13,,0.12,16.98,2980.69999645081,14.48,,,
1994-12-14,,0.21,16.96,2980.69999645081,13.03,,,
1994-12-15,,0.25,16.6,2980.69999645081,12.87,,,
1994-12-16,,0.22,16.84,2980.69999645081,12.79,,,
1994-12-19,,0.22,16.91,2980.69999645081,13.02,,,
1994-12-20,,0.25,16.98,2980.69999645081,12.98,,,
1994-12-21,,0.22,17.07,2980.69999645081,12.05,,,
1994-12-22,,0.14,17.15,2980.69999645081,12.42,,,
1994-12-23,,0.11,17.41,2980.69999645081,11.82,,,
1994-12-27,,0.09,17.63,2980.69999645081,12.07,,,
1994-12-28,,0.09,17.74,2980.69999645081,12.81,,,
1994-12-29,,0.13,17.69,2980.69999645081,12.86,,,
1994-12-30,,0.15,17.77,2980.69999645081,13.2,,,
1995-01-01,,0.15,17.77,3003.26189506836,13.2,,,
1995-01-03,,0.15,17.45,3003.26189506836,14.25,,,
1995-01-04,,0.2,17.56,3003.26189506836,13.53,,,
1995-01-05,,0.22,17.76,3003.26189506836,13.5,,,
1995-01-06,,0.23,17.69,3003.26189506836,13.13,,,
1995-01-09,,0.21,17.4,3003.26189506836,13.33,,,
1995-01-10,,0.21,17.42,3003.26189506836,12.52,,,
1995-01-11,,0.21,17.7,3003.26189506836,12.15,,,
1995-01-12,,0.24,17.72,3003.26189506836,12.83,,,
1995-01-13,,0.3,17.52,3003.26189506836,11.1,,,
1995-01-16,,0.3,17.89,3003.26189506836,11.14,,,
1995-01-17,,0.26,18.47,3003.26189506836,11.79,,,
1995-01-18,,0.23,18.72,3003.26189506836,11.57,,,
1995-01-19,,0.25,18.7,3003.26189506836,11.86,,,
1995-01-20,,0.32,18.46,3003.26189506836,12.15,,,
1995-01-23,,0.33,18.16,3003.26189506836,12.79,,,
1995-01-24,,0.29,18.53,3003.26189506836,11.94,,,
1995-01-25,,0.3,18.82,3003.26189506836,11.46,,,
1995-01-26,,0.37,18.23,3003.26189506836,11.25,,,
1995-01-27,,0.37,17.95,3003.26189506836,11.25,,,
1995-01-30,,0.42,18.2,3003.26189506836,12.26,,,
1995-01-31,,0.34,18.48,3003.26189506836,11.96,,,
1995-02-01,,0.33,18.48,2870.45015814514,11.73,,,
1995-02-02,,0.28,18.54,2870.45015814514,11.13,,,
1995-02-03,,0.35,18.78,2870.45015814514,10.98,,,
1995-02-06,,0.35,18.58,2870.45015814514,11.22,,,
1995-02-07,,0.33,18.43,2870.45015814514,11.17,,,
1995-02-08,,0.35,18.36,2870.45015814514,11.42,,,
1995-02-09,,0.35,18.28,2870.45015814514,11.63,,,
1995-02-10,,0.29,18.47,2870.45015814514,11.28,,,
1995-02-13,,0.29,18.29,2870.45015814514,11.41,,,
1995-02-14,,0.3,18.44,2870.45015814514,11.43,,,
1995-02-15,,0.33,18.46,2870.45015814514,11.52,,,
1995-02-16,,0.38,18.63,2870.45015814514,11.61,,,
1995-02-17,,0.36,18.94,2870.45015814514,11.71,,,
1995-02-21,,0.35,18.86,2870.45015814514,12.05,,,
1995-02-22,,0.42,18.84,2870.45015814514,11.39,,,
1995-02-23,,0.42,18.59,2870.45015814514,11.15,,,
1995-02-24,,0.44,18.7,2870.45015814514,10.84,,,
1995-02-27,,0.45,18.64,2870.45015814514,12.51,,,
1995-02-28,,0.43,18.52,2870.45015814514,11.75,,,
1995-03-01,,0.42,18.31,2919.67397804871,11.65,,,
1995-03-02,,0.42,18.4,2919.67397804871,12.02,,,
1995-03-03,,0.47,18.63,2919.67397804871,11.45,,,
1995-03-06,,0.45,18.56,2919.67397804871,12.17,,,
1995-03-07,,0.44,18.59,2919.67397804871,14.22,,,
1995-03-08,,0.43,18.3,2919.67397804871,13.72,,,
1995-03-09,,0.47,17.98,2919.67397804871,13.36,,,
1995-03-10,,0.4,17.92,2919.67397804871,12.38,,,
1995-03-13,,0.43,18.19,2919.67397804871,12.15,,,
1995-03-14,,0.4,17.9,2919.67397804871,12.1,,,
1995-03-15,,0.38,18.12,2919.67397804871,12.42,,,
1995-03-16,,0.37,18.18,2919.67397804871,11.95,,,
1995-03-17,,0.43,18.27,2919.67397804871,11.8,,,
1995-03-20,,0.43,18.58,2919.67397804871,11.34,,,
1995-03-21,,0.45,18.44,2919.67397804871,11.53,,,
1995-03-22,,0.46,18.91,2919.67397804871,11.29,,,
1995-03-23,,0.46,18.85,2919.67397804871,11.43,,,
1995-03-24,,0.45,18.68,2919.67397804871,11.19,,,
1995-03-27,,0.43,19.08,2919.67397804871,11.83,,,
1995-03-28,,0.43,18.95,2919.67397804871,11.33,,,
1995-03-29,,0.43,19.21,2919.67397804871,12.51,,,
1995-03-30,,0.42,19.17,2919.67397804871,12.62,,,
1995-03-31,,0.4,19.18,2919.67397804871,13.37,,,
1995-04-01,,0.4,19.18,2894.88882296448,13.37,,,
1995-04-03,,0.39,19.05,2894.88882296448,13.5,,,
1995-04-04,,0.41,19.11,2894.88882296448,12.62,,,
1995-04-05,,0.42,19.57,2894.88882296448,12.96,,,
1995-04-06,,0.43,19.74,2894.88882296448,12.81,,,
1995-04-07,,0.46,19.67,2894.88882296448,12.85,,,
1995-04-10,,0.46,19.61,2894.88882296448,12.79,,,
1995-04-11,,0.44,19.84,2894.88882296448,12.73,,,
1995-04-12,,0.45,19.5,2894.88882296448,12.04,,,
1995-04-13,,0.52,19.16,2894.88882296448,11.48,,,
1995-04-17,,0.56,19.8,2894.88882296448,12.33,,,
1995-04-18,,0.6,20.14,2894.88882296448,12.96,,,
1995-04-19,,0.55,20.4,2894.88882296448,13.09,,,
1995-04-20,,0.59,20.52,2894.88882296448,12.1,,,
1995-04-21,,0.57,20.46,2894.88882296448,11.86,,,
1995-04-24,,0.55,20.13,2894.88882296448,11.92,,,
1995-04-25,,0.53,20.31,2894.88882296448,12.41,,,
1995-04-26,,0.51,20.18,2894.88882296448,12.28,,,
1995-04-27,,0.49,20.48,2894.88882296448,11.93,,,
1995-04-28,,0.47,20.36,2894.88882296448,11.75,,,
1995-05-01,,0.47,20.53,2771.57125569763,12.14,,,
1995-05-02,,0.49,20.18,2771.57125569763,11.88,,,
1995-05-03,,0.49,19.88,2771.57125569763,11.69,,,
1995-05-04,,0.5,20.3,2771.57125569763,12.64,,,
1995-05-05,,0.53,20.33,2771.57125569763,12.06,,,
1995-05-08,,0.52,20.32,2771.57125569763,12.22,,,
1995-05-09,,0.53,19.67,2771.57125569763,12.75,,,
1995-05-10,,0.55,19.76,2771.57125569763,13.08,,,
1995-05-11,,0.48,19.4,2771.57125569763,12.98,,,
1995-05-12,,0.47,19.55,2771.57125569763,11.84,,,
1995-05-15,,0.46,19.91,2771.57125569763,12.38,,,
1995-05-16,,0.46,20.01,2771.57125569763,12.2,,,
1995-05-17,,0.42,19.94,2771.57125569763,12.36,,,
1995-05-18,,0.43,19.99,2771.57125569763,13.13,,,
1995-05-19,,0.42,20.06,2771.57125569763,12.81,,,
1995-05-22,,0.44,19.86,2771.57125569763,11.68,,,
1995-05-23,,0.42,19.81,2771.57125569763,11.55,,,
1995-05-24,,0.43,19.34,2771.57125569763,11.26,,,
1995-05-25,,0.4,19.12,2771.57125569763,11.63,,,
1995-05-26,,0.43,18.7,2771.57125569763,12.2,,,
1995-05-30,,0.41,18.78,2771.57125569763,12.52,,,
1995-05-31,,0.41,18.88,2771.57125569763,12.85,,,
1995-06-01,,0.49,18.89,2987.68194348755,12.21,,,
1995-06-02,,0.56,19.14,2987.68194348755,12.98,,,
1995-06-05,,0.54,19.25,2987.68194348755,13.45,,,
1995-06-06,,0.51,19.16,2987.68194348755,13.0,,,
1995-06-07,,0.46,19.08,2987.68194348755,12.84,,,
1995-06-08,,0.4,18.94,2987.68194348755,12.89,,,
1995-06-09,,0.39,18.83,2987.68194348755,12.76,,,
1995-06-12,,0.41,18.87,2987.68194348755,11.91,,,
1995-06-13,,0.51,18.93,2987.68194348755,11.29,,,
1995-06-14,,0.48,19.05,2987.68194348755,11.29,,,
1995-06-15,,0.45,18.9,2987.68194348755,11.23,,,
1995-06-16,,0.44,18.8,2987.68194348755,10.75,,,
1995-06-19,,0.48,18.23,2987.68194348755,11.21,,,
1995-06-20,,0.44,18.01,2987.68194348755,11.16,,,
1995-06-21,,0.45,17.59,2987.68194348755,11.32,,,
1995-06-22,,0.43,17.76,2987.68194348755,11.44,,,
1995-06-23,,0.42,17.81,2987.68194348755,11.12,,,
1995-06-26,,0.4,17.67,2987.68194348755,11.8,,,
1995-06-27,,0.45,17.95,2987.68194348755,12.37,,,
1995-06-28,,0.43,17.98,2987.68194348755,11.74,,,
1995-06-29,,0.39,17.59,2987.68194348755,11.59,,,
1995-06-30,,0.42,17.38,2987.68194348755,11.38,,,
1995-07-01,,0.42,17.38,3076.4500581665,11.38,,,
1995-07-03,,0.42,17.33,3076.4500581665,11.57,,,
1995-07-05,,0.41,17.21,3076.4500581665,12.1,,,
1995-07-06,,0.49,17.42,3076.4500581665,11.52,,,
1995-07-07,,0.5,17.14,3076.4500581665,11.77,,,
1995-07-10,,0.48,17.35,3076.4500581665,12.19,,,
1995-07-11,,0.5,17.31,3076.4500581665,12.25,,,
1995-07-12,,0.51,17.49,3076.4500581665,12.31,,,
1995-07-13,,0.48,17.25,3076.4500581665,12.56,,,
1995-07-14,,0.45,17.32,3076.4500581665,12.08,,,
1995-07-17,,0.45,17.28,3076.4500581665,12.26,,,
1995-07-18,,0.48,17.33,3076.4500581665,12.68,,,
1995-07-19,,0.54,17.33,3076.4500581665,13.49,,,
1995-07-20,,0.52,17.03,3076.4500581665,12.78,,,
1995-07-21,,0.58,17.07,3076.4500581665,12.37,,,
1995-07-24,,0.49,17.17,3076.4500581665,12.55,,,
1995-07-25,,0.49,17.45,3076.4500581665,12.77,,,
1995-07-26,,0.51,17.47,3076.4500581665,13.18,,,
1995-07-27,,0.52,17.51,3076.4500581665,13.18,,,
1995-07-28,,0.57,17.43,3076.4500581665,13.18,,,
1995-07-31,,0.57,17.62,3076.4500581665,13.49,,,
1995-08-01,,0.56,17.59,3040.13619641418,13.56,,,
1995-08-02,,0.58,17.95,3040.13619641418,13.66,,,
1995-08-03,,0.59,17.72,3040.13619641418,13.78,,,
1995-08-04,,0.59,17.74,3040.13619641418,13.21,,,
1995-08-07,,0.58,17.65,3040.13619641418,13.1,,,
1995-08-08,,0.57,17.86,3040.13619641418,13.06,,,
1995-08-09,,0.54,17.77,3040.13619641418,12.75,,,
1995-08-10,,0.56,17.91,3040.13619641418,13.0,,,
1995-08-11,,0.54,17.86,3040.13619641418,12.9,,,
1995-08-14,,0.54,17.48,3040.13619641418,13.24,,,
1995-08-15,,0.46,17.4,3040.13619641418,12.35,,,
1995-08-16,,0.47,17.59,3040.13619641418,12.45,,,
1995-08-17,,0.45,17.65,3040.13619641418,12.13,,,
1995-08-18,,0.44,17.87,3040.13619641418,12.03,,,
1995-08-21,,0.46,18.26,3040.13619641418,13.42,,,
1995-08-22,,0.47,18.54,3040.13619641418,12.6,,,
1995-08-23,,0.49,18.79,3040.13619641418,13.17,,,
1995-08-24,,0.5,19.6,3040.13619641418,12.94,,,
1995-08-25,,0.48,19.91,3040.13619641418,12.33,,,
1995-08-28,,0.49,17.84,3040.13619641418,12.48,,,
1995-08-29,,0.43,17.87,3040.13619641418,12.65,,,
1995-08-30,,0.45,17.74,3040.13619641418,12.03,,,
1995-08-31,,0.43,17.89,3040.13619641418,11.52,,,
1995-09-01,,0.44,18.08,2910.42504276428,11.29,,,
1995-09-05,,0.41,18.49,2910.42504276428,11.65,,,
1995-09-06,,0.41,18.27,2910.42504276428,11.65,,,
1995-09-07,,0.41,18.27,2910.42504276428,11.85,,,
1995-09-08,,0.39,18.44,2910.42504276428,11.16,,,
1995-09-11,,0.41,18.49,2910.42504276428,11.51,,,
1995-09-12,,0.39,18.76,2910.42504276428,11.46,,,
1995-09-13,,0.38,18.53,2910.42504276428,11.35,,,
1995-09-14,,0.4,18.87,2910.42504276428,11.1,,,
1995-09-15,,0.4,18.94,2910.42504276428,11.58,,,
1995-09-18,,0.4,18.92,2910.42504276428,12.34,,,
1995-09-19,,0.39,19.01,2910.42504276428,12.67,,,
1995-09-20,,0.37,18.53,2910.42504276428,12.35,,,
1995-09-21,,0.38,17.89,2910.42504276428,12.5,,,
1995-09-22,,0.4,17.27,2910.42504276428,12.46,,,
1995-09-25,,0.37,17.38,2910.42504276428,13.22,,,
1995-09-26,,0.4,17.47,2910.42504276428,12.9,,,
1995-09-27,,0.38,17.64,2910.42504276428,12.9,,,
1995-09-28,,0.36,17.72,2910.42504276428,12.46,,,
1995-09-29,,0.34,17.54,2910.42504276428,12.74,,,
1995-10-01,,0.34,17.54,2810.06817431793,12.74,,,
1995-10-02,,0.33,17.67,2810.06817431793,13.95,,,
1995-10-03,,0.33,17.56,2810.06817431793,14.5,,,
1995-10-04,,0.37,17.32,2810.06817431793,14.86,,,
1995-10-05,,0.34,16.86,2810.06817431793,15.74,,,
1995-10-06,,0.33,17.03,2810.06817431793,13.98,,,
1995-10-09,,0.33,17.36,2810.06817431793,14.85,,,
1995-10-10,,0.33,17.29,2810.06817431793,14.97,,,
1995-10-11,,0.34,17.28,2810.06817431793,14.57,,,
1995-10-12,,0.35,17.08,2810.06817431793,14.24,,,
1995-10-13,,0.3,17.38,2810.06817431793,13.67,,,
1995-10-16,,0.3,17.6,2810.06817431793,14.62,,,
1995-10-17,,0.32,17.59,2810.06817431793,14.03,,,
1995-10-18,,0.32,17.57,2810.06817431793,14.05,,,
1995-10-19,,0.31,17.34,2810.06817431793,13.55,,,
1995-10-20,,0.32,17.44,2810.06817431793,13.46,,,
1995-10-23,,0.31,17.48,2810.06817431793,14.17,,,
1995-10-24,,0.34,17.61,2810.06817431793,13.85,,,
1995-10-25,,0.36,17.58,2810.06817431793,14.49,,,
1995-10-26,,0.45,17.61,2810.06817431793,15.59,,,
1995-10-27,,0.41,17.54,2810.06817431793,14.63,,,
1995-10-30,,0.42,17.67,2810.06817431793,14.26,,,
1995-10-31,,0.42,17.67,2810.06817431793,13.83,,,
1995-11-01,,0.46,17.74,2981.61903664856,13.41,,,
1995-11-02,,0.46,17.94,2981.61903664856,13.19,,,
1995-11-03,,0.45,17.93,2981.61903664856,12.26,,,
1995-11-06,,0.45,17.68,2981.61903664856,12.74,,,
1995-11-07,,0.45,17.62,2981.61903664856,13.05,,,
1995-11-08,,0.45,17.82,2981.61903664856,12.16,,,
1995-11-09,,0.48,17.83,2981.61903664856,12.46,,,
1995-11-10,,0.48,17.83,2981.61903664856,12.97,,,
1995-11-13,,0.49,17.78,2981.61903664856,13.2,,,
1995-11-14,,0.5,17.89,2981.61903664856,13.38,,,
1995-11-15,,0.47,17.92,2981.61903664856,12.95,,,
1995-11-16,,0.47,18.16,2981.61903664856,12.57,,,
1995-11-17,,0.46,18.56,2981.61903664856,12.49,,,
1995-11-20,,0.47,18.14,2981.61903664856,12.37,,,
1995-11-21,,0.43,17.89,2981.61903664856,11.74,,,
1995-11-22,,0.42,17.93,2981.61903664856,11.81,,,
1995-11-24,,0.42,17.93,2981.61903664856,11.87,,,
1995-11-27,,0.42,18.37,2981.61903664856,12.43,,,
1995-11-28,,0.43,18.28,2981.61903664856,11.57,,,
1995-11-29,,0.42,18.27,2981.61903664856,11.65,,,
1995-11-30,,0.4,18.27,2981.61903664856,11.58,,,
1995-12-01,,0.39,18.43,2918.21064537659,11.11,,,
1995-12-04,,0.36,18.61,2918.21064537659,10.66,,,
1995-12-05,,0.36,18.66,2918.21064537659,11.65,,,
1995-12-06,,0.35,18.76,2918.21064537659,12.7,,,
1995-12-07,,0.33,18.69,2918.21064537659,12.74,,,
1995-12-08,,0.34,18.97,2918.21064537659,11.12,,,
1995-12-11,,0.33,18.62,2918.21064537659,11.06,,,
1995-12-12,,0.33,18.8,2918.21064537659,10.63,,,
1995-12-13,,0.35,19.01,2918.21064537659,10.36,,,
1995-12-14,,0.36,19.14,2918.21064537659,11.07,,,
1995-12-15,,0.39,19.51,2918.21064537659,11.44,,,
1995-12-18,,0.42,19.71,2918.21064537659,14.55,,,
1995-12-19,,0.45,19.05,2918.21064537659,13.16,,,
1995-12-20,,0.43,18.87,2918.21064537659,12.2,,,
1995-12-21,,0.44,18.83,2918.21064537659,10.77,,,
1995-12-22,,0.43,19.12,2918.21064537659,11.51,,,
1995-12-26,,0.42,19.25,2918.21064537659,11.49,,,
1995-12-27,,0.43,19.49,2918.21064537659,11.98,,,
1995-12-28,,0.43,19.47,2918.21064537659,12.25,,,
1995-12-29,,0.4,19.54,2918.21064537659,12.52,,,
1996-01-01,,0.4,19.54,2604.99992943115,12.52,,,
1996-01-02,,0.42,19.83,2604.99992943115,12.19,,,
1996-01-03,,0.41,19.9,2604.99992943115,12.1,,,
1996-01-04,,0.48,19.96,2604.99992943115,13.78,,,
1996-01-05,,0.49,20.26,2604.99992943115,13.58,,,
1996-01-08,,0.48,20.5,2604.99992943115,13.11,,,
1996-01-09,,0.52,19.86,2604.99992943115,15.21,,,
1996-01-10,,0.58,19.66,2604.99992943115,16.4,,,
1996-01-11,,0.56,18.87,2604.99992943115,14.69,,,
1996-01-12,,0.58,18.28,2604.99992943115,14.23,,,
1996-01-15,,0.58,18.42,2604.99992943115,14.99,,,
1996-01-16,,0.58,18.12,2604.99992943115,14.09,,,
1996-01-17,,0.53,18.58,2604.99992943115,14.25,,,
1996-01-18,,0.52,19.12,2604.99992943115,13.58,,,
1996-01-19,,0.51,18.94,2604.99992943115,12.7,,,
1996-01-22,,0.53,18.49,2604.99992943115,13.34,,,
1996-01-23,,0.57,18.58,2604.99992943115,13.56,,,
1996-01-24,,0.55,18.95,2604.99992943115,12.54,,,
1996-01-25,,0.59,18.06,2604.99992943115,12.94,,,
1996-01-26,,0.57,17.68,2604.99992943115,12.0,,,
1996-01-29,,0.59,17.33,2604.99992943115,12.19,,,
1996-01-30,,0.61,17.65,2604.99992943115,12.42,,,
1996-01-31,,0.67,17.76,2604.99992943115,12.53,,,
1996-02-01,,0.7,17.63,2544.66672335968,12.65,,,
1996-02-02,,0.76,17.83,2544.66672335968,13.23,,,
1996-02-05,,0.75,17.53,2544.66672335968,13.46,,,
1996-02-06,,0.75,17.74,2544.66672335968,14.59,,,
1996-02-07,,0.74,17.71,2544.66672335968,14.11,,,
1996-02-08,,0.76,17.79,2544.66672335968,13.89,,,
1996-02-09,,0.81,17.83,2544.66672335968,14.63,,,
1996-02-12,,0.78,18.01,2544.66672335968,14.69,,,
1996-02-13,,0.78,18.96,2544.66672335968,14.94,,,
1996-02-14,,0.8,18.86,2544.66672335968,15.59,,,
1996-02-15,,0.83,19.02,2544.66672335968,16.13,,,
1996-02-16,,0.86,19.16,2544.66672335968,15.37,,,
1996-02-20,,0.83,21.07,2544.66672335968,16.8,,,
1996-02-21,,0.82,21.63,2544.66672335968,14.47,,,
1996-02-22,,0.81,22.14,2544.66672335968,14.56,,,
1996-02-23,,0.84,20.97,2544.66672335968,14.78,,,
1996-02-26,,0.83,19.45,2544.66672335968,16.38,,,
1996-02-27,,0.78,19.65,2544.66672335968,16.63,,,
1996-02-28,,0.68,19.3,2544.66672335968,16.72,,,
1996-02-29,,0.69,19.59,2544.66672335968,17.04,,,
1996-03-01,,0.73,19.45,2563.34994940033,16.72,,,
1996-03-04,,0.71,19.24,2563.34994940033,16.67,,,
1996-03-05,,0.68,19.65,2563.34994940033,16.1,,,
1996-03-06,,0.69,20.16,2563.34994940033,16.56,,,
1996-03-07,,0.67,19.87,2563.34994940033,16.49,,,
1996-03-08,,0.68,19.66,2563.34994940033,20.7,,,
1996-03-11,,0.62,19.92,2563.34994940033,19.4,,,
1996-03-12,,0.58,20.42,2563.34994940033,19.09,,,
1996-03-13,,0.62,20.49,2563.34994940033,18.13,,,
1996-03-14,,0.66,21.18,2563.34994940033,16.93,,,
1996-03-15,,0.59,21.99,2563.34994940033,16.54,,,
1996-03-18,,0.54,23.23,2563.34994940033,17.31,,,
1996-03-19,,0.56,24.56,2563.34994940033,18.35,,,
1996-03-20,,0.58,22.74,2563.34994940033,18.66,,,
1996-03-21,,0.56,22.44,2563.34994940033,17.74,,,
1996-03-22,,0.58,22.85,2563.34994940033,17.05,,,
1996-03-25,,0.57,23.23,2563.34994940033,17.84,,,
1996-03-26,,0.53,22.38,2563.34994940033,17.8,,,
1996-03-27,,0.53,21.64,2563.34994940033,17.89,,,
1996-03-28,,0.53,21.45,2563.34994940033,18.16,,,
1996-03-29,,0.55,21.43,2563.34994940033,18.88,,,
1996-04-01,,0.52,22.29,2594.17496803894,17.9,,,
1996-04-02,,0.51,22.68,2594.17496803894,16.45,,,
1996-04-03,,0.5,22.22,2594.17496803894,16.33,,,
1996-04-04,,0.5,22.75,2594.17496803894,16.18,,,
1996-04-05,,0.48,22.75,2594.17496803894,16.18,,,
1996-04-08,,0.52,23.01,2594.17496803894,18.72,,,
1996-04-09,,0.5,23.23,2594.17496803894,17.32,,,
1996-04-10,,0.53,24.08,2594.17496803894,20.22,,,
1996-04-11,,0.56,25.15,2594.17496803894,19.65,,,
1996-04-12,,0.56,24.29,2594.17496803894,17.38,,,
1996-04-15,,0.54,25.13,2594.17496803894,16.83,,,
1996-04-16,,0.57,24.48,2594.17496803894,16.45,,,
1996-04-17,,0.56,24.67,2594.17496803894,17.07,,,
1996-04-18,,0.56,23.47,2594.17496803894,16.41,,,
1996-04-19,,0.58,23.96,2594.17496803894,15.12,,,
1996-04-22,,0.56,23.94,2594.17496803894,15.38,,,
1996-04-23,,0.59,24.39,2594.17496803894,15.01,,,
1996-04-24,,0.62,24.0,2594.17496803894,14.91,,,
1996-04-25,,0.57,24.35,2594.17496803894,14.72,,,
1996-04-26,,0.62,22.33,2594.17496803894,14.75,,,
1996-04-29,,0.61,22.07,2594.17496803894,15.45,,,
1996-04-30,,0.63,20.95,2594.17496803894,15.83,,,
1996-05-01,,0.65,20.81,2658.76193080902,16.07,,,
1996-05-02,,0.69,20.78,2658.76193080902,18.62,,,
1996-05-03,,0.7,21.19,2658.76193080902,16.7,,,
1996-05-06,,0.71,21.06,2658.76193080902,16.92,,,
1996-05-07,,0.67,21.07,2658.76193080902,16.87,,,
1996-05-08,,0.63,21.13,2658.76193080902,15.78,,,
1996-05-09,,0.7,20.65,2658.76193080902,16.99,,,
1996-05-10,,0.71,21.01,2658.76193080902,15.61,,,
1996-05-13,,0.66,21.23,2658.76193080902,15.16,,,
1996-05-14,,0.65,21.35,2658.76193080902,14.9,,,
1996-05-15,,0.64,21.28,2658.76193080902,15.59,,,
1996-05-16,,0.62,20.79,2658.76193080902,15.71,,,
1996-05-17,,0.61,20.64,2658.76193080902,15.13,,,
1996-05-20,,0.6,22.28,2658.76193080902,15.8,,,
1996-05-21,,0.62,21.95,2658.76193080902,16.0,,,
1996-05-22,,0.6,23.02,2658.76193080902,15.5,,,
1996-05-23,,0.63,22.35,2658.76193080902,16.17,,,
1996-05-24,,0.62,21.58,2658.76193080902,15.54,,,
1996-05-28,,0.62,21.1,2658.76193080902,16.92,,,
1996-05-29,,0.61,20.65,2658.76193080902,17.15,,,
1996-05-30,,0.6,19.95,2658.76193080902,16.02,,,
1996-05-31,,0.58,19.77,2658.76193080902,16.07,,,
1996-06-01,,0.58,19.77,2177.59998270721,16.07,,,
1996-06-03,,0.61,19.86,2177.59998270721,16.86,,,
1996-06-04,,0.62,20.28,2177.59998270721,16.18,,,
1996-06-05,,0.58,19.73,2177.59998270721,16.04,,,
1996-06-06,,0.6,20.06,2177.59998270721,16.84,,,
1996-06-07,,0.53,20.28,2177.59998270721,16.1,,,
1996-06-10,,0.57,20.18,2177.59998270721,16.78,,,
1996-06-11,,0.62,20.13,2177.59998270721,16.68,,,
1996-06-12,,0.64,20.13,2177.59998270721,17.0,,,
1996-06-13,,0.65,20.03,2177.59998270721,17.12,,,
1996-06-14,,0.66,20.28,2177.59998270721,18.64,,,
1996-06-17,,0.63,21.43,2177.59998270721,17.46,,,
1996-06-18,,0.65,21.53,2177.59998270721,17.45,,,
1996-06-19,,0.65,20.73,2177.59998270721,17.54,,,
1996-06-20,,0.6,20.68,2177.59998270721,16.97,,,
1996-06-21,,0.61,20.38,2177.59998270721,15.8,,,
1996-06-24,,0.62,20.1,2177.59998270721,15.91,,,
1996-06-25,,0.61,20.13,2177.59998270721,15.43,,,
1996-06-26,,0.61,20.63,2177.59998270721,15.23,,,
1996-06-27,,0.62,20.98,2177.59998270721,14.19,,,
1996-06-28,,0.62,20.92,2177.59998270721,13.68,,,
1996-07-01,,0.59,21.48,1983.93479971771,13.78,,,
1996-07-02,,0.58,21.08,1983.93479971771,14.19,,,
1996-07-03,,0.58,21.38,1983.93479971771,14.21,,,
1996-07-05,,0.62,21.65,1983.93479971771,16.09,,,
1996-07-08,,0.62,21.33,1983.93479971771,16.42,,,
1996-07-09,,0.59,21.52,1983.93479971771,15.49,,,
1996-07-10,,0.61,21.56,1983.93479971771,15.51,,,
1996-07-11,,0.62,21.96,1983.93479971771,17.81,,,
1996-07-12,,0.59,21.9,1983.93479971771,17.09,,,
1996-07-15,,0.57,22.43,1983.93479971771,20.11,,,
1996-07-16,,0.61,22.28,1983.93479971771,20.1,,,
1996-07-17,,0.6,21.65,1983.93479971771,19.22,,,
1996-07-18,,0.56,21.68,1983.93479971771,17.93,,,
1996-07-19,,0.6,20.95,1983.93479971771,17.26,,,
1996-07-22,,0.61,21.05,1983.93479971771,20.41,,,
1996-07-23,,0.57,21.58,1983.93479971771,21.55,,,
1996-07-24,,0.61,20.97,1983.93479971771,21.44,,,
1996-07-25,,0.59,21.05,1983.93479971771,19.39,,,
1996-07-26,,0.6,20.13,1983.93479971771,17.45,,,
1996-07-29,,0.61,20.28,1983.93479971771,20.09,,,
1996-07-30,,0.59,20.28,1983.93479971771,20.53,,,
1996-07-31,,0.58,20.46,1983.93479971771,19.46,,,
1996-08-01,,0.57,20.95,2017.85720584564,18.76,,,
1996-08-02,,0.6,21.35,2017.85720584564,16.19,,,
1996-08-05,,0.6,21.25,2017.85720584564,17.36,,,
1996-08-06,,0.61,21.08,2017.85720584564,16.93,,,
1996-08-07,,0.58,21.35,2017.85720584564,16.24,,,
1996-08-08,,0.59,21.45,2017.85720584564,16.04,,,
1996-08-09,,0.57,21.6,2017.85720584564,15.77,,,
1996-08-12,,0.57,22.25,2017.85720584564,15.57,,,
1996-08-13,,0.6,22.35,2017.85720584564,16.41,,,
1996-08-14,,0.61,22.1,2017.85720584564,15.96,,,
1996-08-15,,0.62,21.95,2017.85720584564,15.46,,,
1996-08-16,,0.61,22.6,2017.85720584564,14.81,,,
1996-08-19,,0.62,23.1,2017.85720584564,15.27,,,
1996-08-20,,0.62,22.53,2017.85720584564,14.73,,,
1996-08-21,,0.62,22.15,2017.85720584564,14.52,,,
1996-08-22,,0.62,22.48,2017.85720584564,13.71,,,
1996-08-23,,0.63,22.23,2017.85720584564,14.18,,,
1996-08-26,,0.62,21.55,2017.85720584564,15.38,,,
1996-08-27,,0.61,21.35,2017.85720584564,15.11,,,
1996-08-28,,0.62,21.75,2017.85720584564,15.1,,,
1996-08-29,,0.63,22.2,2017.85720584564,16.22,,,
1996-08-30,,0.62,22.25,2017.85720584564,17.01,,,
1996-09-01,,0.62,22.25,1935.07143060913,17.01,,,
1996-09-03,,0.57,23.35,1935.07143060913,18.47,,,
1996-09-04,,0.56,23.25,1935.07143060913,18.64,,,
1996-09-05,,0.6,23.45,1935.07143060913,20.51,,,
1996-09-06,,0.61,23.85,1935.07143060913,17.1,,,
1996-09-09,,0.58,23.75,1935.07143060913,16.36,,,
1996-09-10,,0.6,24.15,1935.07143060913,16.25,,,
1996-09-11,,0.6,24.75,1935.07143060913,16.06,,,
1996-09-12,,0.61,24.95,1935.07143060913,15.97,,,
1996-09-13,,0.64,24.5,1935.07143060913,15.2,,,
1996-09-16,,0.59,23.3,1935.07143060913,15.43,,,
1996-09-17,,0.59,23.4,1935.07143060913,15.74,,,
1996-09-18,,0.57,23.85,1935.07143060913,15.86,,,
1996-09-19,,0.58,23.45,1935.07143060913,16.03,,,
1996-09-20,,0.59,23.6,1935.07143060913,15.65,,,
1996-09-23,,0.59,23.83,1935.07143060913,16.46,,,
1996-09-24,,0.61,24.55,1935.07143060913,16.45,,,
1996-09-25,,0.63,24.6,1935.07143060913,16.22,,,
1996-09-26,,0.61,24.05,1935.07143060913,16.11,,,
1996-09-27,,0.61,24.6,1935.07143060913,16.1,,,
1996-09-30,,0.62,24.2,1935.07143060913,16.95,,,
1996-10-01,,0.62,24.35,1960.19567519531,17.05,,,
1996-10-02,,0.63,24.05,1960.19567519531,16.78,,,
1996-10-03,,0.61,24.85,1960.19567519531,16.77,,,
1996-10-04,,0.63,24.75,1960.19567519531,14.8,,,
1996-10-07,,0.64,25.25,1960.19567519531,15.11,,,
1996-10-08,,0.63,25.45,1960.19567519531,15.58,,,
1996-10-09,,0.59,25.0,1960.19567519531,16.09,,,
1996-10-10,,0.6,24.3,1960.19567519531,16.26,,,
1996-10-11,,0.63,24.65,1960.19567519531,15.07,,,
1996-10-14,,0.63,25.5,1960.19567519531,15.13,,,
1996-10-15,,0.63,25.45,1960.19567519531,15.83,,,
1996-10-16,,0.63,25.1,1960.19567519531,15.6,,,
1996-10-17,,0.62,25.4,1960.19567519531,15.41,,,
1996-10-18,,0.61,25.8,1960.19567519531,15.08,,,
1996-10-21,,0.61,25.85,1960.19567519531,15.98,,,
1996-10-22,,0.61,25.79,1960.19567519531,16.4,,,
1996-10-23,,0.62,24.78,1960.19567519531,16.45,,,
1996-10-24,,0.63,24.55,1960.19567519531,16.89,,,
1996-10-25,,0.64,24.8,1960.19567519531,17.29,,,
1996-10-28,,0.64,24.75,1960.19567519531,18.34,,,
1996-10-29,,0.63,24.15,1960.19567519531,18.28,,,
1996-10-30,,0.61,24.4,1960.19567519531,18.48,,,
1996-10-31,,0.6,23.25,1960.19567519531,18.11,,,
1996-11-01,,0.59,23.0,2215.42864607391,17.89,,,
1996-11-04,,0.58,22.8,2215.42864607391,18.04,,,
1996-11-05,,0.54,22.65,2215.42864607391,17.65,,,
1996-11-06,,0.54,22.75,2215.42864607391,16.97,,,
1996-11-07,,0.51,22.8,2215.42864607391,17.21,,,
1996-11-08,,0.53,23.6,2215.42864607391,15.78,,,
1996-11-11,,0.53,23.35,2215.42864607391,14.04,,,
1996-11-12,,0.46,23.4,2215.42864607391,15.36,,,
1996-11-13,,0.49,24.25,2215.42864607391,14.89,,,
1996-11-14,,0.49,24.35,2215.42864607391,13.79,,,
1996-11-15,,0.51,24.15,2215.42864607391,14.36,,,
1996-11-18,,0.5,23.85,2215.42864607391,15.12,,,
1996-11-19,,0.49,24.5,2215.42864607391,15.23,,,
1996-11-20,,0.49,23.75,2215.42864607391,15.94,,,
1996-11-21,,0.48,23.9,2215.42864607391,15.77,,,
1996-11-22,,0.46,24.15,2215.42864607391,14.92,,,
1996-11-25,,0.46,25.75,2215.42864607391,15.91,,,
1996-11-26,,0.47,23.7,2215.42864607391,16.97,,,
1996-11-27,,0.48,23.7,2215.42864607391,16.96,,,
1996-11-29,,0.47,23.7,2215.42864607391,17.14,,,
1996-12-01,,0.47,23.7,2264.59527826385,17.14,,,
1996-12-02,,0.47,24.7,2264.59527826385,17.93,,,
1996-12-03,,0.45,24.8,2264.59527826385,18.68,,,
1996-12-04,,0.47,25.0,2264.59527826385,17.93,,,
1996-12-05,,0.51,25.6,2264.59527826385,18.14,,,
1996-12-06,,0.53,25.6,2264.59527826385,18.82,,,
1996-12-09,,0.51,25.15,2264.59527826385,17.75,,,
1996-12-10,,0.52,24.25,2264.59527826385,17.88,,,
1996-12-11,,0.56,23.4,2264.59527826385,19.68,,,
1996-12-12,,0.56,23.75,2264.59527826385,20.45,,,
1996-12-13,,0.56,24.45,2264.59527826385,21.09,,,
1996-12-16,,0.57,25.7,2264.59527826385,21.99,,,
1996-12-17,,0.55,25.7,2264.59527826385,20.77,,,
1996-12-18,,0.57,26.05,2264.59527826385,19.42,,,
1996-12-19,,0.53,26.55,2264.59527826385,18.77,,,
1996-12-20,,0.52,26.1,2264.59527826385,18.85,,,
1996-12-23,,0.49,26.4,2264.59527826385,19.5,,,
1996-12-24,,0.51,25.05,2264.59527826385,18.68,,,
1996-12-26,,0.5,25.1,2264.59527826385,18.59,,,
1996-12-27,,0.49,25.2,2264.59527826385,19.13,,,
1996-12-30,,0.51,25.35,2264.59527826385,19.51,,,
1996-12-31,3.13,0.55,25.9,2264.59527826385,20.92,0.6,,
1997-01-01,3.13,0.55,25.9,2427.27279402924,20.92,0.6,,
1997-01-02,3.06,0.57,25.55,2427.27279402924,21.14,0.6,,
1997-01-03,3.09,0.57,25.55,2427.27279402924,19.13,0.61,,
1997-01-06,3.1,0.57,26.25,2427.27279402924,19.89,0.61,,
1997-01-07,3.1,0.59,26.25,2427.27279402924,19.35,0.61,,
1997-01-08,3.07,0.59,26.55,2427.27279402924,20.24,0.6,,
1997-01-09,3.13,0.58,26.3,2427.27279402924,20.91,0.62,,
1997-01-10,3.16,0.57,26.15,2427.27279402924,19.63,0.73,,
1997-01-13,3.04,0.56,25.2,2427.27279402924,19.84,0.61,,
1997-01-14,3.09,0.55,25.1,2427.27279402924,19.27,0.61,,
1997-01-15,3.07,0.55,25.95,2427.27279402924,19.4,0.61,,
1997-01-16,3.02,0.57,25.45,2427.27279402924,19.61,0.6,,
1997-01-17,3.04,0.56,25.4,2427.27279402924,18.63,0.6,,
1997-01-20,3.03,0.56,25.1,2427.27279402924,18.6,0.6,,
1997-01-21,3.05,0.53,24.8,2427.27279402924,17.81,0.61,,
1997-01-22,2.99,0.56,24.4,2427.27279402924,17.09,0.6,,
1997-01-23,2.97,0.54,23.85,2427.27279402924,18.47,0.6,,
1997-01-24,2.94,0.57,23.85,2427.27279402924,19.33,0.6,,
1997-01-27,2.9,0.58,23.85,2427.27279402924,20.16,0.6,,
1997-01-28,2.92,0.6,23.9,2427.27279402924,20.74,0.6,,
1997-01-29,2.94,0.59,24.5,2427.27279402924,20.23,0.6,,
1997-01-30,2.97,0.6,24.8,2427.27279402924,19.47,0.6,,
1997-01-31,3.04,0.59,24.15,2427.27279402924,19.47,0.61,,
1997-02-01,3.04,0.59,24.15,2406.63156159363,19.47,0.61,,
1997-02-03,3.08,0.58,24.2,2406.63156159363,19.58,0.61,,
1997-02-04,3.08,0.57,24.0,2406.63156159363,19.43,0.61,,
1997-02-05,3.05,0.56,23.9,2406.63156159363,21.06,0.6,,
1997-02-06,3.03,0.58,23.05,2406.63156159363,20.16,0.6,,
1997-02-07,3.06,0.57,22.3,2406.63156159363,18.9,0.61,,
1997-02-10,3.04,0.56,22.45,2406.63156159363,20.65,0.6,,
1997-02-11,3.03,0.55,22.35,2406.63156159363,19.97,0.6,,
1997-02-12,3.01,0.49,21.75,2406.63156159363,19.48,0.6,,
1997-02-13,3.04,0.49,22.1,2406.63156159363,19.23,0.6,,
1997-02-14,3.05,0.49,22.4,2406.63156159363,19.18,0.59,,
1997-02-18,3.01,0.48,22.5,2406.63156159363,19.7,0.59,,
1997-02-19,2.98,0.48,22.65,2406.63156159363,20.61,0.6,,
1997-02-20,2.89,0.53,21.95,2406.63156159363,21.41,0.59,,
1997-02-21,2.89,0.51,21.6,2406.63156159363,20.55,0.59,,
1997-02-24,2.85,0.5,21.0,2406.63156159363,19.84,0.59,,
1997-02-25,2.83,0.5,20.95,2406.63156159363,19.98,0.59,,
1997-02-26,2.71,0.5,21.1,2406.63156159363,20.74,0.59,,
1997-02-27,2.71,0.49,20.8,2406.63156159363,21.08,0.59,,
1997-02-28,2.73,0.47,20.3,2406.63156159363,21.1,0.59,,
1997-03-01,2.73,0.47,20.3,2420.1842087265,21.1,0.59,,
1997-03-03,2.71,0.47,20.25,2420.1842087265,20.89,0.57,,
1997-03-04,2.67,0.49,20.75,2420.1842087265,20.62,0.56,,
1997-03-05,2.71,0.47,20.5,2420.1842087265,19.49,0.56,,
1997-03-06,2.7,0.47,21.0,2420.1842087265,20.48,0.56,,
1997-03-07,2.74,0.47,21.35,2420.1842087265,19.32,0.57,,
1997-03-10,2.74,0.46,20.5,2420.1842087265,19.0,0.56,,
1997-03-11,2.72,0.48,20.15,2420.1842087265,19.25,0.56,,
1997-03-12,2.69,0.48,20.6,2420.1842087265,19.61,0.57,,
1997-03-13,2.62,0.51,20.65,2420.1842087265,19.79,0.57,,
1997-03-14,2.66,0.53,21.3,2420.1842087265,19.81,0.57,,
1997-03-17,2.66,0.5,20.9,2420.1842087265,20.95,0.57,,
1997-03-18,2.67,0.5,22.0,2420.1842087265,21.26,0.57,,
1997-03-19,2.67,0.5,22.0,2420.1842087265,21.74,0.56,,
1997-03-20,2.68,0.48,22.0,2420.1842087265,21.22,0.57,,
1997-03-21,2.69,0.45,21.7,2420.1842087265,19.69,0.57,,
1997-03-24,2.71,0.43,21.0,2420.1842087265,20.06,0.56,,
1997-03-25,2.69,0.42,20.95,2420.1842087265,19.26,0.57,,
1997-03-26,2.71,0.42,20.65,2420.1842087265,18.32,0.56,,
1997-03-27,2.67,0.45,20.7,2420.1842087265,20.5,0.56,,
1997-03-31,2.84,0.47,20.35,2420.1842087265,22.14,0.57,,
1997-04-01,2.9,0.48,20.3,2389.31814949341,20.84,0.58,,
1997-04-02,2.94,0.46,19.55,2389.31814949341,21.3,0.58,,
1997-04-03,2.95,0.46,19.45,2389.31814949341,21.19,0.58,,
1997-04-04,2.92,0.48,19.15,2389.31814949341,19.23,0.58,,
1997-04-07,2.95,0.46,19.25,2389.31814949341,18.51,0.59,,
1997-04-08,2.93,0.47,19.35,2389.31814949341,18.44,0.59,,
1997-04-09,2.91,0.47,19.25,2389.31814949341,18.56,0.58,,
1997-04-10,2.92,0.45,19.55,2389.31814949341,19.01,0.58,,
1997-04-11,2.87,0.45,19.5,2389.31814949341,19.76,0.58,,
1997-04-14,2.88,0.44,19.9,2389.31814949341,19.09,0.58,,
1997-04-15,2.93,0.43,19.6,2389.31814949341,18.25,0.58,,
1997-04-16,2.91,0.41,19.35,2389.31814949341,17.64,0.58,,
1997-04-17,2.92,0.42,19.5,2389.31814949341,18.71,0.58,,
1997-04-18,2.91,0.42,19.9,2389.31814949341,18.75,0.58,,
1997-04-21,2.87,0.41,20.35,2389.31814949341,20.1,0.58,,
1997-04-22,2.89,0.41,19.6,2389.31814949341,19.52,0.6,,
1997-04-23,2.83,0.42,19.65,2389.31814949341,20.48,0.6,,
1997-04-24,2.78,0.41,19.85,2389.31814949341,20.83,0.59,,
1997-04-25,2.78,0.4,19.8,2389.31814949341,21.15,0.59,,
1997-04-28,2.81,0.41,19.85,2389.31814949341,21.34,0.6,,
1997-04-29,2.91,0.43,20.4,2389.31814949341,19.81,0.61,,
1997-04-30,2.94,0.43,20.2,2389.31814949341,20.06,0.59,,
1997-05-01,2.91,0.42,19.9,2513.29993523407,19.87,0.59,,
1997-05-02,2.9,0.42,19.6,2513.29993523407,17.51,0.59,,
1997-05-05,2.86,0.39,19.6,2513.29993523407,20.13,0.59,,
1997-05-06,2.83,0.38,19.7,2513.29993523407,20.85,0.59,,
1997-05-07,2.79,0.4,19.6,2513.29993523407,21.34,0.59,,
1997-05-08,2.79,0.39,20.35,2513.29993523407,21.26,0.59,,
1997-05-09,2.81,0.43,20.45,2513.29993523407,20.11,0.59,,
1997-05-12,2.82,0.42,21.4,2513.29993523407,20.25,0.59,,
1997-05-13,2.73,0.41,21.1,2513.29993523407,20.81,0.59,,
1997-05-14,2.69,0.42,21.35,2513.29993523407,21.09,0.57,,
1997-05-15,2.7,0.42,21.3,2513.29993523407,19.91,0.59,,
1997-05-16,2.68,0.42,22.1,2513.29993523407,21.57,0.58,,
1997-05-19,2.67,0.43,21.5,2513.29993523407,21.48,0.59,,
1997-05-20,2.69,0.45,21.2,2513.29993523407,19.26,0.59,,
1997-05-21,2.67,0.49,21.6,2513.29993523407,19.28,0.59,,
1997-05-22,2.63,0.49,21.6,2513.29993523407,18.77,0.58,,
1997-05-23,2.64,0.49,21.25,2513.29993523407,18.08,0.59,,
1997-05-27,2.6,0.49,20.75,2513.29993523407,19.36,0.59,,
1997-05-28,2.61,0.46,20.7,2513.29993523407,19.28,0.59,,
1997-05-29,2.61,0.45,21.15,2513.29993523407,19.02,0.59,,
1997-05-30,2.65,0.45,21.0,2513.29993523407,19.19,0.6,,
1997-05-31,2.68,0.45,21.0,2513.29993523407,19.19,0.61,,
1997-06-01,2.68,0.45,21.0,2611.28570015411,19.19,0.61,,
1997-06-02,2.66,0.43,21.15,2611.28570015411,20.85,0.6,,
1997-06-03,2.68,0.43,20.35,2611.28570015411,20.01,0.59,,
1997-06-04,2.65,0.42,20.3,2611.28570015411,20.1,0.59,,
1997-06-05,2.6,0.42,19.8,2611.28570015411,20.36,0.59,,
1997-06-06,2.7,0.39,19.0,2611.28570015411,18.94,0.59,,
1997-06-09,2.59,0.4,18.85,2611.28570015411,19.46,0.58,,
1997-06-10,2.56,0.4,18.85,2611.28570015411,19.04,0.58,,
1997-06-11,2.55,0.37,18.75,2611.28570015411,18.85,0.58,,
1997-06-12,2.59,0.41,19.0,2611.28570015411,18.51,0.58,,
1997-06-13,2.62,0.4,18.95,2611.28570015411,19.27,0.57,,
1997-06-16,2.6,0.38,19.1,2611.28570015411,19.77,0.57,,
1997-06-17,2.58,0.38,19.3,2611.28570015411,20.17,0.57,,
1997-06-18,2.62,0.38,18.9,2611.28570015411,20.45,0.57,,
1997-06-19,2.61,0.36,18.75,2611.28570015411,20.1,0.57,,
1997-06-20,2.64,0.35,18.6,2611.28570015411,20.2,0.57,,
1997-06-23,2.61,0.36,18.9,2611.28570015411,21.19,0.57,,
1997-06-24,2.6,0.39,18.71,2611.28570015411,20.74,0.57,,
1997-06-25,2.59,0.4,19.12,2611.28570015411,21.5,0.57,,
1997-06-26,2.61,0.45,18.84,2611.28570015411,21.82,0.57,,
1997-06-27,2.63,0.43,19.42,2611.28570015411,21.22,0.57,,
1997-06-30,2.67,0.43,19.82,2611.28570015411,21.53,0.58,,
1997-07-01,2.7,0.43,20.11,2449.19570404663,21.0,0.58,,
1997-07-02,2.71,0.4,20.39,2449.19570404663,19.7,0.57,,
1997-07-03,2.79,0.38,19.48,2449.19570404663,17.82,0.58,,
1997-07-07,2.82,0.35,19.53,2449.19570404663,19.13,0.57,,
1997-07-08,2.8,0.35,19.67,2449.19570404663,18.76,0.57,,
1997-07-09,2.8,0.35,19.4,2449.19570404663,20.4,0.57,,
1997-07-10,2.78,0.35,19.22,2449.19570404663,19.92,0.57,,
1997-07-11,2.76,0.34,19.39,2449.19570404663,19.06,0.57,,
1997-07-14,2.71,0.32,18.92,2449.19570404663,19.58,0.56,,
1997-07-15,2.69,0.34,19.81,2449.19570404663,19.0,0.57,,
1997-07-16,2.71,0.33,19.57,2449.19570404663,19.36,0.57,,
1997-07-17,2.7,0.32,19.92,2449.19570404663,20.54,0.57,,
1997-07-18,2.67,0.33,19.22,2449.19570404663,22.28,0.56,,
1997-07-21,2.66,0.33,19.25,2449.19570404663,23.51,0.56,,
1997-07-22,2.72,0.25,19.25,2449.19570404663,21.77,0.57,,
1997-07-23,2.69,0.29,19.68,2449.19570404663,21.3,0.55,,
1997-07-24,2.69,0.29,19.71,2449.19570404663,20.96,0.56,,
1997-07-25,2.66,0.31,19.71,2449.19570404663,20.82,0.56,,
1997-07-28,2.68,0.3,19.67,2449.19570404663,21.84,0.56,,
1997-07-29,2.7,0.32,20.08,2449.19570404663,22.02,0.55,,
1997-07-30,2.73,0.29,20.43,2449.19570404663,21.39,0.55,,
1997-07-31,2.71,0.28,20.19,2449.19570404663,21.48,0.56,,
1997-08-01,2.57,0.31,20.27,2250.10004305115,22.29,0.56,,
1997-08-04,2.55,0.32,20.81,2250.10004305115,21.94,0.56,,
1997-08-05,2.55,0.3,20.79,2250.10004305115,20.64,0.56,,
1997-08-06,2.56,0.3,20.46,2250.10004305115,20.05,0.57,,
1997-08-07,2.52,0.31,20.09,2250.10004305115,19.77,0.55,,
1997-08-08,2.49,0.36,19.58,2250.10004305115,22.46,0.55,,
1997-08-11,2.5,0.37,19.73,2250.10004305115,22.77,0.56,,
1997-08-12,2.51,0.39,19.91,2250.10004305115,23.75,0.56,,
1997-08-13,2.53,0.41,20.19,2250.10004305115,24.52,0.57,,
1997-08-14,2.54,0.35,20.02,2250.10004305115,23.11,0.57,,
1997-08-15,2.56,0.4,20.08,2250.10004305115,24.45,0.57,,
1997-08-18,2.61,0.39,19.94,2250.10004305115,24.37,0.57,,
1997-08-19,2.6,0.36,20.04,2250.10004305115,22.64,0.57,,
1997-08-20,2.58,0.36,20.07,2250.10004305115,21.09,0.57,,
1997-08-21,2.55,0.35,19.83,2250.10004305115,23.83,0.57,,
1997-08-22,2.52,0.4,19.7,2250.10004305115,24.74,0.56,,
1997-08-25,2.5,0.38,19.29,2250.10004305115,24.1,0.57,,
1997-08-26,2.51,0.39,19.31,2250.10004305115,24.73,0.57,,
1997-08-27,2.51,0.37,19.65,2250.10004305115,24.26,0.57,,
1997-08-28,2.57,0.36,19.59,2250.10004305115,24.51,0.58,,
1997-08-29,2.54,0.37,19.66,2250.10004305115,24.76,0.57,,
1997-08-31,2.59,0.37,19.66,2250.10004305115,24.76,0.57,,
1997-09-01,2.59,0.37,19.66,2104.30955452118,24.76,0.57,,
1997-09-02,2.62,0.37,19.73,2104.30955452118,24.53,0.58,,
1997-09-03,2.6,0.37,19.65,2104.30955452118,24.95,0.58,,
1997-09-04,2.61,0.35,19.46,2104.30955452118,25.27,0.57,,
1997-09-05,2.6,0.39,19.61,2104.30955452118,24.31,0.58,,
1997-09-08,2.6,0.35,19.43,2104.30955452118,24.4,0.58,,
1997-09-09,2.59,0.36,19.5,2104.30955452118,23.89,0.58,,
1997-09-10,2.55,0.37,19.5,2104.30955452118,24.64,0.58,,
1997-09-11,2.55,0.39,19.41,2104.30955452118,25.99,0.58,,
1997-09-12,2.62,0.36,19.37,2104.30955452118,25.17,0.59,,
1997-09-15,2.61,0.35,19.3,2104.30955452118,25.74,0.58,,
1997-09-16,2.69,0.3,19.67,2104.30955452118,23.77,0.58,,
1997-09-17,2.65,0.31,19.44,2104.30955452118,24.1,0.58,,
1997-09-18,2.59,0.3,19.41,2104.30955452118,23.48,0.57,,
1997-09-19,2.59,0.28,19.37,2104.30955452118,22.74,0.57,,
1997-09-22,2.59,0.27,19.61,2104.30955452118,22.08,0.57,,
1997-09-23,2.57,0.3,19.71,2104.30955452118,22.0,0.57,,
1997-09-24,2.61,0.26,20.03,2104.30955452118,22.64,0.57,,
1997-09-25,2.54,0.28,20.38,2104.30955452118,22.96,0.57,,
1997-09-26,2.57,0.28,20.87,2104.30955452118,22.26,0.57,,
1997-09-29,2.55,0.3,21.29,2104.30955452118,22.23,0.57,,
1997-09-30,2.59,0.32,21.13,2104.30955452118,22.91,0.54,,
1997-10-01,2.63,0.29,21.02,2050.6955684021,22.32,0.55,,
1997-10-02,2.63,0.28,21.82,2050.6955684021,22.27,0.54,,
1997-10-03,2.61,0.29,22.86,2050.6955684021,21.54,0.53,,
1997-10-06,2.63,0.28,21.97,2050.6955684021,21.61,0.55,,
1997-10-07,2.62,0.27,21.88,2050.6955684021,20.29,0.54,,
1997-10-08,2.49,0.29,22.19,2050.6955684021,20.77,0.54,,
1997-10-09,2.51,0.29,22.01,2050.6955684021,22.31,0.54,,
1997-10-10,2.51,0.29,22.01,2050.6955684021,19.75,0.64,,
1997-10-13,2.54,0.29,21.34,2050.6955684021,20.26,0.64,,
1997-10-14,2.51,0.26,20.75,2050.6955684021,19.99,0.54,,
1997-10-15,2.48,0.26,20.65,2050.6955684021,20.05,0.54,,
1997-10-16,2.47,0.25,20.98,2050.6955684021,20.53,0.54,,
1997-10-17,2.44,0.26,21.41,2050.6955684021,21.69,0.55,,
1997-10-20,2.45,0.25,20.69,2050.6955684021,20.72,0.55,,
1997-10-21,2.45,0.22,20.68,2050.6955684021,19.53,0.55,,
1997-10-22,2.46,0.21,21.44,2050.6955684021,19.86,0.55,,
1997-10-23,2.55,0.25,21.18,2050.6955684021,22.99,0.57,,
1997-10-24,2.58,0.22,20.99,2050.6955684021,23.17,0.57,,
1997-10-27,2.84,0.29,21.03,2050.6955684021,31.12,0.6,,
1997-10-28,2.82,0.24,20.4,2050.6955684021,31.22,0.59,,
1997-10-29,2.83,0.24,20.82,2050.6955684021,33.75,0.59,,
1997-10-30,2.89,0.23,21.26,2050.6955684021,38.2,0.59,,
1997-10-31,2.99,0.21,21.1,2050.6955684021,35.09,0.67,,
1997-11-01,2.99,0.21,21.1,1918.49994499359,35.09,0.67,,
1997-11-03,2.91,0.22,20.91,1918.49994499359,32.09,0.68,,
1997-11-04,2.84,0.22,20.64,1918.49994499359,32.24,0.68,,
1997-11-05,2.81,0.22,20.44,1918.49994499359,32.18,0.69,,
1997-11-06,2.83,0.2,20.46,1918.49994499359,32.57,0.7,,
1997-11-07,2.83,0.19,20.8,1918.49994499359,36.27,0.69,,
1997-11-10,2.81,0.18,20.46,1918.49994499359,36.63,0.69,,
1997-11-11,2.8,0.18,20.54,1918.49994499359,36.38,0.69,,
1997-11-12,2.83,0.19,20.53,1918.49994499359,37.84,0.69,,
1997-11-13,2.86,0.17,20.76,1918.49994499359,36.64,0.7,,
1997-11-14,2.88,0.16,21.01,1918.49994499359,33.66,0.7,,
1997-11-17,2.89,0.15,20.29,1918.49994499359,31.58,0.7,,
1997-11-18,2.88,0.14,20.01,1918.49994499359,31.55,0.71,,
1997-11-19,2.91,0.12,19.82,1918.49994499359,29.93,0.7,,
1997-11-20,2.89,0.11,19.17,1918.49994499359,27.32,0.71,,
1997-11-21,2.9,0.14,19.76,1918.49994499359,26.65,0.7,,
1997-11-24,2.87,0.15,19.41,1918.49994499359,29.8,0.71,,
1997-11-25,2.87,0.14,19.35,1918.49994499359,28.95,0.71,,
1997-11-26,2.85,0.12,19.13,1918.49994499359,28.95,0.71,,
1997-11-27,2.85,0.12,19.13,1918.49994499359,28.95,0.71,,
1997-11-28,2.84,0.1,19.13,1918.49994499359,27.43,0.72,,
1997-11-30,2.9,0.1,19.13,1918.49994499359,27.43,0.72,,
1997-12-01,2.9,0.08,18.76,1761.45239143524,26.01,0.72,,
1997-12-02,2.87,0.08,18.67,1761.45239143524,25.66,0.72,,
1997-12-03,2.88,0.09,18.81,1761.45239143524,23.92,0.72,,
1997-12-04,2.87,0.13,18.49,1761.45239143524,23.84,0.72,,
1997-12-05,2.81,0.12,18.72,1761.45239143524,22.65,0.72,,
1997-12-08,2.77,0.11,18.86,1761.45239143524,23.22,0.73,,
1997-12-09,2.79,0.14,18.79,1761.45239143524,23.36,0.73,,
1997-12-10,2.82,0.15,18.15,1761.45239143524,24.55,0.73,,
1997-12-11,2.88,0.14,18.18,1761.45239143524,27.63,0.72,,
1997-12-12,2.94,0.11,18.21,1761.45239143524,27.92,0.73,,
1997-12-15,2.89,0.1,18.18,1761.45239143524,27.37,0.75,,
1997-12-16,2.9,0.09,18.19,1761.45239143524,26.11,0.75,,
1997-12-17,2.87,0.11,18.22,1761.45239143524,26.33,0.75,,
1997-12-18,2.89,0.08,18.51,1761.45239143524,27.19,0.75,,
1997-12-19,2.93,0.06,18.46,1761.45239143524,29.18,0.73,,
1997-12-22,2.93,0.03,18.29,1761.45239143524,28.56,0.76,,
1997-12-23,2.94,0.04,18.39,1761.45239143524,29.86,0.77,,
1997-12-24,2.94,0.09,18.36,1761.45239143524,30.27,0.77,,
1997-12-26,2.93,0.06,18.19,1761.45239143524,29.27,0.76,,
1997-12-29,2.92,0.07,17.64,1761.45239143524,26.79,0.76,,
1997-12-30,2.91,0.09,17.6,1761.45239143524,24.38,0.77,,
1997-12-31,2.96,0.09,17.65,1761.45239143524,24.01,0.7,,
1998-01-01,2.96,0.09,17.65,1687.60000986328,24.01,0.7,,
1998-01-02,3.02,0.08,17.41,1687.60000986328,23.42,0.71,,
1998-01-05,3.09,0.05,16.95,1687.60000986328,24.36,0.71,,
1998-01-06,3.1,0.1,16.64,1687.60000986328,25.66,0.72,,
1998-01-07,3.07,0.13,16.91,1687.60000986328,25.07,0.71,,
1998-01-08,3.1,0.18,17.01,1687.60000986328,26.01,0.71,,
1998-01-09,3.16,0.23,16.65,1687.60000986328,28.69,0.72,,
1998-01-12,3.16,0.19,16.53,1687.60000986328,28.02,0.72,,
1998-01-13,3.14,0.16,16.44,1687.60000986328,25.17,0.73,,
1998-01-14,3.1,0.16,16.54,1687.60000986328,23.75,0.73,,
1998-01-15,3.07,0.19,16.35,1687.60000986328,23.45,0.72,,
1998-01-16,3.01,0.19,16.48,1687.60000986328,21.65,0.73,,
1998-01-19,3.01,0.19,16.48,1687.60000986328,21.65,0.73,,
1998-01-20,2.98,0.2,16.43,1687.60000986328,21.65,0.73,,
1998-01-21,2.99,0.21,16.05,1687.60000986328,22.53,0.74,,
1998-01-22,2.98,0.26,15.93,1687.60000986328,23.16,0.73,,
1998-01-23,2.9,0.28,15.65,1687.60000986328,23.32,0.73,,
1998-01-26,2.92,0.24,16.96,1687.60000986328,23.97,0.74,,
1998-01-27,2.89,0.24,17.06,1687.60000986328,22.27,0.73,,
1998-01-28,2.89,0.23,17.35,1687.60000986328,22.06,0.75,,
1998-01-29,2.95,0.22,17.93,1687.60000986328,21.65,0.75,,
1998-01-30,2.98,0.21,17.21,1687.60000986328,21.47,0.77,,
1998-01-31,3.0,0.21,17.21,1687.60000986328,21.47,0.78,,
1998-02-01,3.0,0.21,17.21,1663.99998604431,21.47,0.78,,
1998-02-02,2.96,0.21,17.07,1663.99998604431,21.36,0.78,,
1998-02-03,2.98,0.22,16.43,1663.99998604431,20.67,0.77,,
1998-02-04,2.98,0.25,16.42,1663.99998604431,20.55,0.78,,
1998-02-05,2.94,0.26,16.63,1663.99998604431,21.29,0.77,,
1998-02-06,2.93,0.24,16.72,1663.99998604431,20.51,0.78,,
1998-02-09,2.92,0.24,16.59,1663.99998604431,21.55,0.78,,
1998-02-10,2.93,0.23,16.48,1663.99998604431,20.66,0.78,,
1998-02-11,2.96,0.14,16.17,1663.99998604431,20.38,0.78,,
1998-02-12,2.95,0.13,15.97,1663.99998604431,19.73,0.77,,
1998-02-13,2.97,0.13,16.03,1663.99998604431,19.84,0.77,,
1998-02-16,2.96,0.13,16.03,1663.99998604431,19.84,0.76,,
1998-02-17,2.94,0.1,15.64,1663.99998604431,20.76,0.72,,
1998-02-18,2.94,0.12,16.24,1663.99998604431,19.66,0.76,,
1998-02-19,2.93,0.12,16.12,1663.99998604431,19.88,0.76,,
1998-02-20,2.91,0.13,16.13,1663.99998604431,19.0,0.76,,
1998-02-23,2.88,0.12,15.23,1663.99998604431,18.99,0.76,,
1998-02-24,2.83,0.12,15.14,1663.99998604431,19.35,0.76,,
1998-02-25,2.87,0.08,15.28,1663.99998604431,18.62,0.76,,
1998-02-26,2.86,0.07,15.41,1663.99998604431,18.63,0.76,,
1998-02-27,2.88,0.07,15.44,1663.99998604431,18.55,0.75,,
1998-02-28,2.87,0.07,15.44,1663.99998604431,18.55,0.76,,
1998-03-01,2.87,0.07,15.44,1747.15916341095,18.55,0.76,,
1998-03-02,2.8,0.12,15.32,1747.15916341095,19.19,0.74,,
1998-03-03,2.79,0.13,15.28,1747.15916341095,19.04,0.74,,
1998-03-04,2.81,0.13,15.33,1747.15916341095,19.58,0.74,,
1998-03-05,2.82,0.16,15.34,1747.15916341095,20.93,0.74,,
1998-03-06,2.85,0.15,14.9,1747.15916341095,19.14,0.74,,
1998-03-09,2.88,0.1,14.58,1747.15916341095,20.23,0.73,,
1998-03-10,2.89,0.12,14.54,1747.15916341095,19.43,0.74,,
1998-03-11,2.89,0.1,14.3,1747.15916341095,18.89,0.74,,
1998-03-12,2.93,0.06,14.4,1747.15916341095,18.25,0.74,,
1998-03-13,2.91,0.08,14.19,1747.15916341095,18.71,0.73,,
1998-03-16,2.91,0.07,13.41,1747.15916341095,18.51,0.73,,
1998-03-17,2.88,0.06,13.67,1747.15916341095,18.66,0.73,,
1998-03-18,2.85,0.06,14.36,1747.15916341095,18.29,0.73,,
1998-03-19,2.84,0.06,14.43,1747.15916341095,17.76,0.73,,
1998-03-20,2.84,0.05,14.31,1747.15916341095,18.69,0.73,,
1998-03-23,2.83,0.05,16.14,1747.15916341095,19.98,0.73,,
1998-03-24,2.82,0.08,15.52,1747.15916341095,20.51,0.72,,
1998-03-25,2.78,0.06,16.69,1747.15916341095,22.54,0.73,,
1998-03-26,2.75,0.06,16.92,1747.15916341095,22.81,0.73,,
1998-03-27,2.73,0.05,16.84,1747.15916341095,23.47,0.73,,
1998-03-30,2.71,0.07,16.32,1747.15916341095,24.66,0.72,,
1998-03-31,2.83,0.07,15.75,1747.15916341095,24.22,0.72,,
1998-04-01,2.84,0.07,15.69,1800.12507817535,23.37,0.72,,
1998-04-02,2.88,0.04,16.04,1800.12507817535,21.98,0.72,,
1998-04-03,2.94,0.05,16.08,1800.12507817535,21.82,0.74,,
1998-04-06,2.89,0.06,15.48,1800.12507817535,22.47,0.73,,
1998-04-07,2.9,0.08,15.39,1800.12507817535,23.66,0.74,,
1998-04-08,2.87,0.09,15.71,1800.12507817535,23.17,0.72,,
1998-04-09,2.86,0.09,15.61,1800.12507817535,21.51,0.73,,
1998-04-13,2.81,0.07,15.35,1800.12507817535,22.77,0.72,,
1998-04-14,2.85,0.06,15.18,1800.12507817535,21.61,0.72,,
1998-04-15,2.84,0.05,15.64,1800.12507817535,20.89,0.72,,
1998-04-16,2.86,0.06,15.97,1800.12507817535,22.06,0.72,,
1998-04-17,2.85,0.05,15.49,1800.12507817535,20.76,0.72,,
1998-04-20,2.82,0.08,15.52,1800.12507817535,20.39,0.73,,
1998-04-21,2.8,0.08,15.57,1800.12507817535,19.91,0.74,,
1998-04-22,2.8,0.08,15.07,1800.12507817535,19.44,0.74,,
1998-04-23,2.8,0.08,13.09,1800.12507817535,20.6,0.72,,
1998-04-24,2.81,0.06,13.23,1800.12507817535,21.97,0.72,,
1998-04-27,2.79,0.09,15.43,1800.12507817535,26.09,0.72,,
1998-04-28,2.78,0.11,15.9,1800.12507817535,24.17,0.72,,
1998-04-29,2.79,0.1,15.43,1800.12507817535,22.78,0.72,,
1998-04-30,2.98,0.09,15.56,1800.12507817535,21.18,0.72,,
1998-05-01,2.98,0.08,16.25,1731.65792903595,19.34,0.71,,
1998-05-04,2.95,0.08,15.98,1731.65792903595,20.32,0.71,,
1998-05-05,2.93,0.09,15.48,1731.65792903595,21.46,0.72,,
1998-05-06,2.97,0.11,15.45,1731.65792903595,22.79,0.72,,
1998-05-07,2.97,0.11,15.26,1731.65792903595,23.39,0.72,,
1998-05-08,2.95,0.1,15.21,1731.65792903595,20.57,0.72,,
1998-05-11,2.9,0.13,15.26,1731.65792903595,21.05,0.71,,
1998-05-12,2.98,0.11,15.21,1731.65792903595,20.98,0.72,,
1998-05-13,3.0,0.05,15.01,1731.65792903595,20.44,0.72,,
1998-05-14,2.98,0.04,15.15,1731.65792903595,19.64,0.71,,
1998-05-15,2.97,0.05,14.51,1731.65792903595,20.44,0.7,,
1998-05-18,3.02,0.05,14.15,1731.65792903595,21.69,0.71,,
1998-05-19,3.02,0.06,13.01,1731.65792903595,20.39,0.7,,
1998-05-20,3.04,0.04,13.36,1731.65792903595,19.89,0.71,,
1998-05-21,3.0,0.02,14.21,1731.65792903595,19.38,0.71,,
1998-05-22,3.01,0.01,14.81,1731.65792903595,18.99,0.71,,
1998-05-25,3.01,0.01,14.81,1731.65792903595,18.99,0.71,,
1998-05-26,3.04,-0.02,14.9,1731.65792903595,22.07,0.7,,
1998-05-27,3.05,0.03,14.98,1731.65792903595,22.59,0.7,,
1998-05-28,3.04,0.01,14.88,1731.65792903595,20.74,0.7,,
1998-05-29,3.05,0.03,15.21,1731.65792903595,21.32,0.7,,
1998-05-31,3.18,0.03,15.21,1731.65792903595,21.32,0.71,,
1998-06-01,3.2,0.01,14.99,1656.59518632507,22.83,0.72,,
1998-06-02,3.18,0.03,14.81,1656.59518632507,22.0,0.72,,
1998-06-03,3.18,0.02,14.94,1656.59518632507,22.85,0.72,,
1998-06-04,3.15,0.01,15.24,1656.59518632507,21.22,0.72,,
1998-06-05,3.16,0.0,15.13,1656.59518632507,19.78,0.72,,
1998-06-08,3.15,0.0,14.49,1656.59518632507,20.58,0.72,,
1998-06-09,3.15,-0.01,13.76,1656.59518632507,20.52,0.72,,
1998-06-10,3.2,-0.04,13.54,1656.59518632507,21.48,0.72,,
1998-06-11,3.24,-0.01,12.67,1656.59518632507,23.57,0.73,,
1998-06-12,3.26,0.0,12.66,1656.59518632507,22.78,0.73,,
1998-06-15,3.3,-0.05,11.69,1656.59518632507,25.94,0.73,,
1998-06-16,3.29,-0.05,12.38,1656.59518632507,24.8,0.73,,
1998-06-17,3.25,-0.01,12.55,1656.59518632507,22.89,0.73,,
1998-06-18,3.26,-0.03,11.8,1656.59518632507,22.4,0.72,,
1998-06-19,3.28,-0.05,11.8,1656.59518632507,21.92,0.73,,
1998-06-22,3.29,-0.06,13.54,1656.59518632507,21.94,0.72,,
1998-06-23,3.31,-0.04,14.65,1656.59518632507,20.17,0.73,,
1998-06-24,3.28,-0.03,14.54,1656.59518632507,20.02,0.73,,
1998-06-25,3.28,-0.07,13.9,1656.59518632507,20.25,0.73,,
1998-06-26,3.28,-0.05,14.21,1656.59518632507,19.36,0.73,,
1998-06-29,3.27,-0.04,14.29,1656.59518632507,19.57,0.73,,
1998-06-30,3.37,-0.05,14.3,1656.59518632507,19.71,0.75,,
1998-07-01,3.39,-0.02,14.47,1655.66672697449,18.0,0.77,,
1998-07-02,3.41,-0.02,14.58,1655.66672697449,17.67,0.77,,
1998-07-03,3.41,-0.02,14.58,1655.66672697449,17.67,0.77,,
1998-07-06,3.42,-0.04,13.87,1655.66672697449,18.63,0.76,,
1998-07-07,3.39,-0.02,13.83,1655.66672697449,18.62,0.76,,
1998-07-08,3.36,-0.01,14.01,1655.66672697449,17.82,0.76,,
1998-07-09,3.39,-0.02,14.01,1655.66672697449,18.16,0.76,,
1998-07-10,3.38,0.01,13.96,1655.66672697449,17.92,0.79,,
1998-07-13,3.34,0.02,14.06,1655.66672697449,18.26,0.79,,
1998-07-14,3.33,0.03,14.87,1655.66672697449,17.88,0.8,,
1998-07-15,3.3,0.02,14.9,1655.66672697449,17.89,0.79,,
1998-07-16,3.29,0.04,14.54,1655.66672697449,16.97,0.79,,
1998-07-17,3.29,0.05,14.02,1655.66672697449,16.23,0.8,,
1998-07-20,3.3,0.02,13.44,1655.66672697449,17.34,0.81,,
1998-07-21,3.3,-0.01,13.83,1655.66672697449,20.1,0.82,,
1998-07-22,3.29,-0.02,14.29,1655.66672697449,20.32,0.83,,
1998-07-23,3.31,-0.01,13.97,1655.66672697449,23.01,0.84,,
1998-07-24,3.3,-0.03,13.93,1655.66672697449,23.01,0.86,,
1998-07-27,3.3,-0.01,14.37,1655.66672697449,23.13,0.76,,
1998-07-28,3.26,0.04,14.2,1655.66672697449,25.25,0.74,,
1998-07-29,3.29,0.03,14.13,1655.66672697449,24.79,0.77,,
1998-07-30,3.3,0.01,14.25,1655.66672697449,22.66,0.79,,
1998-07-31,3.38,0.01,14.27,1655.66672697449,24.8,0.82,,
1998-08-01,3.38,0.01,14.27,1619.92507875671,24.8,0.82,,
1998-08-03,3.42,0.0,13.93,1619.92507875671,25.98,0.81,,
1998-08-04,3.48,0.0,13.69,1619.92507875671,31.06,0.81,,
1998-08-05,3.5,0.04,13.8,1619.92507875671,29.83,0.81,,
1998-08-06,3.5,0.05,13.87,1619.92507875671,28.2,0.82,,
1998-08-07,3.55,0.06,13.85,1619.92507875671,27.02,0.81,,
1998-08-10,3.58,0.07,13.11,1619.92507875671,28.75,0.82,,
1998-08-11,3.75,0.06,12.87,1619.92507875671,31.91,0.82,,
1998-08-12,3.76,0.08,12.76,1619.92507875671,28.55,0.83,,
1998-08-13,3.76,0.07,13.44,1619.92507875671,29.92,0.82,,
1998-08-14,3.78,0.06,13.4,1619.92507875671,34.34,0.83,,
1998-08-17,3.83,0.06,13.26,1619.92507875671,31.86,0.83,,
1998-08-18,3.84,0.05,13.13,1619.92507875671,28.4,0.84,,
1998-08-19,3.86,0.08,13.21,1619.92507875671,28.69,0.84,,
1998-08-20,3.9,0.06,13.62,1619.92507875671,30.0,0.85,,
1998-08-21,4.09,0.07,13.44,1619.92507875671,33.14,0.86,,
1998-08-24,4.16,0.08,13.78,1619.92507875671,31.8,0.87,,
1998-08-25,4.23,0.07,13.9,1619.92507875671,30.33,0.87,,
1998-08-26,4.36,0.14,13.67,1619.92507875671,31.14,0.88,,
1998-08-27,4.7,0.14,13.35,1619.92507875671,38.55,0.89,,
1998-08-28,4.87,0.16,13.54,1619.92507875671,39.6,1.0,,
1998-08-31,5.2,0.14,13.29,1619.92507875671,44.28,1.27,,
1998-09-01,5.26,0.19,13.62,1646.77269191284,36.48,1.25,,
1998-09-02,5.26,0.14,13.72,1646.77269191284,36.76,1.26,,
1998-09-03,5.33,0.12,14.7,1646.77269191284,41.43,1.26,,
1998-09-04,5.36,0.11,14.59,1646.77269191284,43.31,1.26,,
1998-09-07,5.35,0.11,14.59,1646.77269191284,43.31,1.25,,
1998-09-08,5.3,0.13,14.34,1646.77269191284,37.9,1.23,,
1998-09-09,5.43,0.16,14.37,1646.77269191284,39.66,1.25,,
1998-09-10,5.68,0.19,14.71,1646.77269191284,45.29,1.26,,
1998-09-11,5.7,0.17,14.39,1646.77269191284,43.74,1.26,,
1998-09-14,5.67,0.15,14.46,1646.77269191284,38.57,1.25,,
1998-09-15,5.66,0.17,14.72,1646.77269191284,36.58,1.24,,
1998-09-16,5.67,0.13,14.6,1646.77269191284,35.94,1.26,,
1998-09-17,5.7,0.1,15.07,1646.77269191284,39.23,1.25,,
1998-09-18,5.79,0.09,15.53,1646.77269191284,38.63,1.25,,
1998-09-21,5.78,0.06,15.58,1646.77269191284,38.58,1.24,,
1998-09-22,5.72,0.07,15.73,1646.77269191284,36.62,1.25,,
1998-09-23,5.72,0.17,15.8,1646.77269191284,32.47,1.26,,
1998-09-24,5.73,0.21,15.99,1646.77269191284,34.66,1.27,,
1998-09-25,5.76,0.17,15.8,1646.77269191284,34.55,1.27,,
1998-09-28,5.74,0.16,15.74,1646.77269191284,34.87,1.27,,
1998-09-29,5.76,0.12,16.01,1646.77269191284,36.08,1.3,,
1998-09-30,5.95,0.14,16.19,1646.77269191284,40.95,1.32,,
1998-10-01,6.06,0.16,15.52,1585.49992534637,43.48,1.32,,
1998-10-02,6.11,0.14,15.71,1585.49992534637,40.47,1.35,,
1998-10-05,6.29,0.12,15.24,1585.49992534637,42.81,1.36,,
1998-10-06,6.27,0.14,15.6,1585.49992534637,41.2,1.35,,
1998-10-07,6.21,0.22,15.03,1585.49992534637,43.51,1.35,,
1998-10-08,6.39,0.46,14.57,1585.49992534637,45.74,1.34,,
1998-10-09,6.32,0.58,14.64,1585.49992534637,42.2,1.36,,
1998-10-12,6.32,0.58,14.47,1585.49992534637,40.07,1.37,,
1998-10-13,6.37,0.6,14.27,1585.49992534637,40.23,1.38,,
1998-10-14,6.59,0.5,14.09,1585.49992534637,38.96,1.39,,
1998-10-15,6.67,0.45,14.08,1585.49992534637,33.34,1.41,,
1998-10-16,6.78,0.58,14.16,1585.49992534637,34.82,1.4,,
1998-10-19,6.78,0.57,13.39,1585.49992534637,33.13,1.41,,
1998-10-20,6.65,0.59,13.45,1585.49992534637,33.11,1.41,,
1998-10-21,6.59,0.47,14.14,1585.49992534637,33.21,1.41,,
1998-10-22,6.49,0.46,14.0,1585.49992534637,31.53,1.4,,
1998-10-23,6.37,0.5,14.06,1585.49992534637,32.27,1.37,,
1998-10-26,6.38,0.5,14.39,1585.49992534637,32.38,1.4,,
1998-10-27,6.43,0.51,14.19,1585.49992534637,32.95,1.39,,
1998-10-28,6.49,0.59,14.35,1585.49992534637,32.42,1.4,,
1998-10-29,6.5,0.54,14.31,1585.49992534637,29.5,1.43,,
1998-10-30,6.36,0.52,14.48,1585.49992534637,28.05,1.46,,
1998-10-31,6.52,0.52,14.48,1585.49992534637,28.05,1.48,,
1998-11-01,6.52,0.52,14.48,1573.72497511139,28.05,1.48,,
1998-11-02,6.33,0.51,14.45,1573.72497511139,27.26,1.46,,
1998-11-03,6.27,0.53,14.24,1573.72497511139,27.76,1.47,,
1998-11-04,6.11,0.4,14.09,1573.72497511139,27.37,1.47,,
1998-11-05,6.09,0.35,13.93,1573.72497511139,26.01,1.44,,
1998-11-06,5.95,0.34,13.93,1573.72497511139,25.7,1.43,,
1998-11-09,5.93,0.31,13.39,1573.72497511139,28.09,1.42,,
1998-11-10,5.88,0.31,13.54,1573.72497511139,28.17,1.41,,
1998-11-11,5.85,0.31,13.63,1573.72497511139,28.47,1.41,,
1998-11-12,5.82,0.3,14.04,1573.72497511139,29.28,1.41,,
1998-11-13,5.73,0.28,13.57,1573.72497511139,29.03,1.42,,
1998-11-16,5.62,0.29,12.81,1573.72497511139,28.9,1.41,,
1998-11-17,5.53,0.29,12.46,1573.72497511139,27.95,1.39,,
1998-11-18,5.54,0.22,12.33,1573.72497511139,27.13,1.4,,
1998-11-19,5.47,0.19,12.21,1573.72497511139,25.5,1.4,,
1998-11-20,5.45,0.16,12.2,1573.72497511139,22.47,1.39,,
1998-11-23,5.41,0.21,12.51,1573.72497511139,21.84,1.38,,
1998-11-24,5.36,0.21,11.48,1573.72497511139,23.28,1.36,,
1998-11-25,5.33,0.17,10.86,1573.72497511139,22.15,1.33,,
1998-11-26,5.33,0.17,10.86,1573.72497511139,22.15,1.33,,
1998-11-27,5.34,0.19,10.86,1573.72497511139,22.09,1.32,,
1998-11-30,5.44,0.2,11.37,1573.72497511139,26.01,1.23,,
1998-12-01,5.48,0.23,11.27,1475.76309447174,24.97,1.23,,
1998-12-02,5.55,0.23,11.31,1475.76309447174,25.43,1.23,,
1998-12-03,5.55,0.22,11.25,1475.76309447174,28.7,1.22,,
1998-12-04,5.53,0.16,11.2,1475.76309447174,25.31,1.23,,
1998-12-07,5.45,0.15,11.61,1475.76309447174,24.9,1.21,,
1998-12-08,5.54,0.14,11.33,1475.76309447174,25.58,1.21,,
1998-12-09,5.56,0.14,11.2,1475.76309447174,25.66,1.2,,
1998-12-10,5.61,0.14,10.82,1475.76309447174,26.81,1.21,,
1998-12-11,5.56,0.15,10.86,1475.76309447174,27.72,1.22,,
1998-12-14,5.64,0.16,11.3,1475.76309447174,31.31,1.25,,
1998-12-15,5.59,0.15,11.64,1475.76309447174,29.42,1.25,,
1998-12-16,5.64,0.18,12.55,1475.76309447174,29.96,1.25,,
1998-12-17,5.64,0.16,11.05,1475.76309447174,27.96,1.24,,
1998-12-18,5.63,0.13,10.95,1475.76309447174,25.04,1.23,,
1998-12-21,5.58,0.08,10.86,1475.76309447174,23.86,1.23,,
1998-12-22,5.53,0.11,10.99,1475.76309447174,22.78,1.24,,
1998-12-23,5.43,0.08,11.12,1475.76309447174,20.21,1.24,,
1998-12-24,5.39,0.08,11.03,1475.76309447174,21.48,1.25,,
1998-12-28,5.44,0.05,11.59,1475.76309447174,23.5,1.29,,
1998-12-29,5.48,0.11,11.82,1475.76309447174,22.18,1.33,,
1998-12-30,5.51,0.09,11.75,1475.76309447174,23.34,1.47,,
1998-12-31,5.66,0.11,12.14,1475.76309447174,24.42,1.19,,
1999-01-01,5.66,0.11,12.14,1432.00002842255,24.42,1.19,,
1999-01-04,5.63,0.11,12.42,1432.00002842255,26.17,1.2,,
1999-01-05,5.57,0.1,12.04,1432.00002842255,24.46,1.21,,
1999-01-06,5.56,0.11,12.84,1432.00002842255,23.34,1.21,,
1999-01-07,5.53,0.14,12.99,1432.00002842255,24.37,1.2,,
1999-01-08,5.41,0.15,13.06,1432.00002842255,23.28,1.16,,
1999-01-11,5.37,0.16,13.43,1432.00002842255,25.46,1.14,,
1999-01-12,5.46,0.14,12.91,1432.00002842255,28.1,1.16,,
1999-01-13,5.6,0.13,12.33,1432.00002842255,30.11,1.17,,
1999-01-14,5.67,0.16,12.23,1432.00002842255,32.98,1.16,,
1999-01-15,5.62,0.1,12.21,1432.00002842255,29.24,1.17,,
1999-01-18,5.63,0.1,12.21,1432.00002842255,29.24,1.18,,
1999-01-19,5.55,0.09,12.13,1432.00002842255,29.24,1.16,,
1999-01-20,5.49,0.1,11.82,1432.00002842255,28.6,1.17,,
1999-01-21,5.54,0.07,12.45,1432.00002842255,30.92,1.19,,
1999-01-22,5.59,0.05,12.62,1432.00002842255,31.95,1.18,,
1999-01-25,5.56,0.08,12.41,1432.00002842255,31.13,1.17,,
1999-01-26,5.54,0.06,12.16,1432.00002842255,29.23,1.18,,
1999-01-27,5.54,0.11,12.4,1432.00002842255,29.73,1.19,,
1999-01-28,5.53,0.09,12.52,1432.00002842255,28.11,1.18,,
1999-01-29,5.53,0.08,12.81,1432.00002842255,26.25,1.15,,
1999-01-31,5.6,0.08,12.81,1432.00002842255,26.25,1.16,,
1999-02-01,5.54,0.1,12.36,1412.95,27.67,1.16,,
1999-02-02,5.49,0.09,12.21,1412.95,28.16,1.15,,
1999-02-03,5.45,0.11,12.42,1412.95,27.88,1.16,,
1999-02-04,5.41,0.12,11.94,1412.95,29.48,1.17,,
1999-02-05,5.36,0.14,11.85,1412.95,29.67,1.14,,
1999-02-08,5.36,0.14,11.65,1412.95,30.27,1.14,,
1999-02-09,5.41,0.12,11.66,1412.95,31.36,1.17,,
1999-02-10,5.35,0.13,11.88,1412.95,30.45,1.12,,
1999-02-11,5.33,0.13,11.94,1412.95,27.42,1.12,,
1999-02-12,5.24,0.15,11.9,1412.95,29.76,1.14,,
1999-02-15,5.22,0.15,11.9,1412.95,29.76,1.13,,
1999-02-16,5.25,0.1,11.38,1412.95,29.65,1.13,,
1999-02-17,5.29,0.09,11.49,1412.95,30.65,1.12,,
1999-02-18,5.23,0.11,11.97,1412.95,30.45,1.09,,
1999-02-19,5.23,0.12,11.79,1412.95,29.3,1.1,,
1999-02-22,5.31,0.12,11.97,1412.95,25.87,1.12,,
1999-02-23,5.26,0.1,12.44,1412.95,26.49,1.1,,
1999-02-24,5.22,0.13,12.49,1412.95,27.21,1.11,,
1999-02-25,5.15,0.17,12.61,1412.95,28.01,1.08,,
1999-02-26,5.21,0.16,12.31,1412.95,27.88,1.08,,
1999-02-28,5.21,0.16,12.31,1412.95,27.88,1.09,,
1999-03-01,5.15,0.2,12.28,1378.47727272727,28.37,1.08,,
1999-03-02,5.24,0.17,12.66,1378.47727272727,29.22,1.09,,
1999-03-03,5.2,0.2,12.92,1378.47727272727,29.04,1.06,,
1999-03-04,5.2,0.21,13.32,1378.47727272727,26.67,1.07,,
1999-03-05,5.28,0.2,13.33,1378.47727272727,24.08,1.07,,
1999-03-08,5.3,0.17,13.63,1378.47727272727,24.54,1.06,,
1999-03-09,5.34,0.16,13.78,1378.47727272727,25.02,1.06,,
1999-03-10,5.29,0.16,14.74,1378.47727272727,24.79,1.06,,
1999-03-11,5.27,0.16,14.3,1378.47727272727,24.37,1.05,,
1999-03-12,5.29,0.16,14.51,1378.47727272727,24.84,1.06,,
1999-03-15,5.28,0.16,14.48,1378.47727272727,25.24,1.04,,
1999-03-16,5.3,0.14,14.6,1378.47727272727,25.15,1.04,,
1999-03-17,5.28,0.13,15.11,1378.47727272727,25.57,1.03,,
1999-03-18,5.29,0.12,15.11,1378.47727272727,24.13,1.03,,
1999-03-19,5.21,0.13,15.26,1378.47727272727,24.32,1.02,,
1999-03-22,5.18,0.13,15.39,1378.47727272727,25.0,1.02,,
1999-03-23,5.23,0.17,15.36,1378.47727272727,27.27,1.04,,
1999-03-24,5.22,0.19,15.18,1378.47727272727,26.6,1.03,,
1999-03-25,5.17,0.19,15.66,1378.47727272727,24.33,1.02,,
1999-03-26,5.18,0.22,16.16,1378.47727272727,24.04,1.02,,
1999-03-29,5.14,0.26,16.46,1378.47727272727,23.54,1.02,,
1999-03-30,5.19,0.24,16.66,1378.47727272727,22.73,1.02,,
1999-03-31,5.19,0.26,16.66,1378.47727272727,23.26,1.07,,
1999-04-01,5.11,0.26,16.65,1463.725,22.06,1.03,,
1999-04-02,5.17,0.24,16.65,1463.725,22.06,1.03,,
1999-04-05,5.18,0.24,16.94,1463.725,22.19,1.04,,
1999-04-06,5.18,0.2,16.79,1463.725,22.65,1.04,,
1999-04-07,5.13,0.21,16.02,1463.725,22.81,1.04,,
1999-04-08,5.18,0.17,15.92,1463.725,22.59,1.04,,
1999-04-09,5.16,0.17,16.59,1463.725,21.77,1.05,,
1999-04-12,5.14,0.13,16.44,1463.725,21.93,1.04,,
1999-04-13,5.09,0.18,16.73,1463.725,22.73,1.05,,
1999-04-14,5.05,0.18,16.51,1463.725,24.94,1.04,,
1999-04-15,5.0,0.21,16.85,1463.725,23.93,1.04,,
1999-04-16,4.96,0.21,17.34,1463.725,23.9,1.03,,
1999-04-19,4.99,0.19,17.82,1463.725,26.42,1.02,,
1999-04-20,5.02,0.21,17.79,1463.725,25.02,1.03,,
1999-04-21,5.0,0.18,18.05,1463.725,23.31,1.03,,
1999-04-22,4.93,0.2,18.02,1463.725,22.62,1.03,,
1999-04-23,4.93,0.22,17.96,1463.725,22.76,1.03,,
1999-04-26,4.95,0.19,17.67,1463.725,23.53,1.04,,
1999-04-27,4.95,0.18,17.82,1463.725,23.36,1.04,,
1999-04-28,4.92,0.25,18.43,1463.725,24.4,1.04,,
1999-04-29,4.98,0.27,18.53,1463.725,25.06,1.05,,
1999-04-30,4.76,0.28,18.69,1463.725,25.07,1.07,,
1999-05-01,4.76,0.28,18.69,1510.44736842105,25.07,1.07,,
1999-05-03,4.7,0.3,18.83,1510.44736842105,24.15,1.04,,
1999-05-04,4.65,0.3,18.94,1510.44736842105,25.62,1.04,,
1999-05-05,4.71,0.31,18.89,1510.44736842105,25.19,1.04,,
1999-05-06,4.61,0.33,18.23,1510.44736842105,27.44,1.03,,
1999-05-07,4.62,0.35,18.23,1510.44736842105,25.36,1.03,,
1999-05-10,4.67,0.39,18.57,1510.44736842105,26.62,1.02,,
1999-05-11,4.65,0.4,17.84,1510.44736842105,25.62,1.02,,
1999-05-12,4.68,0.32,17.44,1510.44736842105,26.13,1.02,,
1999-05-13,4.76,0.29,18.11,1510.44736842105,25.02,1.02,,
1999-05-14,4.66,0.32,18.04,1510.44736842105,26.86,1.02,,
1999-05-17,4.64,0.35,17.76,1510.44736842105,27.28,1.01,,
1999-05-18,4.6,0.3,17.09,1510.44736842105,27.26,0.96,,
1999-05-19,4.69,0.23,16.77,1510.44736842105,25.08,1.02,,
1999-05-20,4.72,0.25,17.04,1510.44736842105,24.46,1.05,,
1999-05-21,4.77,0.22,17.22,1510.44736842105,24.4,1.04,,
1999-05-24,4.81,0.22,16.77,1510.44736842105,27.62,1.03,,
1999-05-25,4.81,0.19,17.25,1510.44736842105,28.9,1.06,,
1999-05-26,4.78,0.22,17.32,1510.44736842105,27.57,1.05,,
1999-05-27,4.72,0.19,17.18,1510.44736842105,28.12,1.05,,
1999-05-28,4.74,0.22,16.85,1510.44736842105,25.39,1.08,,
1999-05-31,4.75,0.22,16.85,1510.44736842105,25.39,1.09,,
1999-06-01,4.65,0.24,16.31,1422.15909090909,26.62,1.09,,
1999-06-02,4.65,0.25,16.61,1422.15909090909,26.21,1.08,,
1999-06-03,4.69,0.26,16.81,1422.15909090909,26.2,1.09,,
1999-06-04,4.7,0.26,17.36,1422.15909090909,23.43,1.09,,
1999-06-07,4.72,0.25,17.91,1422.15909090909,23.78,1.1,,
1999-06-08,4.69,0.26,17.66,1422.15909090909,24.02,1.1,,
1999-06-09,4.64,0.26,17.98,1422.15909090909,23.9,1.09,,
1999-06-10,4.66,0.26,17.82,1422.15909090909,25.32,1.09,,
1999-06-11,4.6,0.32,18.45,1422.15909090909,25.9,1.09,,
1999-06-14,4.65,0.32,18.24,1422.15909090909,26.51,1.1,,
1999-06-15,4.63,0.32,18.61,1422.15909090909,25.91,1.1,,
1999-06-16,4.66,0.33,17.92,1422.15909090909,22.4,1.1,,
1999-06-17,4.77,0.3,18.25,1422.15909090909,21.95,1.1,,
1999-06-18,4.73,0.28,18.01,1422.15909090909,21.75,1.1,,
1999-06-21,4.68,0.28,17.79,1422.15909090909,21.81,1.1,,
1999-06-22,4.66,0.29,17.62,1422.15909090909,21.7,1.1,,
1999-06-23,4.61,0.3,18.42,1422.15909090909,21.32,1.1,,
1999-06-24,4.58,0.3,18.26,1422.15909090909,23.06,1.1,,
1999-06-25,4.6,0.29,18.17,1422.15909090909,21.76,1.09,,
1999-06-28,4.66,0.28,18.22,1422.15909090909,22.63,1.09,,
1999-06-29,4.69,0.25,18.56,1422.15909090909,22.51,1.09,,
1999-06-30,4.87,0.28,19.33,1422.15909090909,21.09,1.15,,
1999-07-01,4.79,0.27,19.39,1639.18181818182,19.69,1.14,,
1999-07-02,4.79,0.24,19.7,1639.18181818182,18.66,1.13,,
1999-07-05,4.8,0.24,19.7,1639.18181818182,18.66,1.13,,
1999-07-06,4.75,0.24,19.78,1639.18181818182,20.73,1.13,,
1999-07-07,4.74,0.28,19.98,1639.18181818182,20.35,1.14,,
1999-07-08,4.79,0.26,19.76,1639.18181818182,20.24,1.14,,
1999-07-09,4.78,0.23,19.94,1639.18181818182,17.96,1.14,,
1999-07-12,4.87,0.21,19.92,1639.18181818182,19.73,1.14,,
1999-07-13,4.86,0.21,20.33,1639.18181818182,19.95,1.13,,
1999-07-14,4.82,0.19,19.89,1639.18181818182,19.71,1.13,,
1999-07-15,4.77,0.19,20.26,1639.18181818182,18.68,1.13,,
1999-07-16,4.79,0.18,20.66,1639.18181818182,17.42,1.13,,
1999-07-19,4.82,0.2,20.28,1639.18181818182,19.07,1.13,,
1999-07-20,4.83,0.22,19.38,1639.18181818182,21.79,1.13,,
1999-07-21,4.83,0.21,19.54,1639.18181818182,21.46,1.13,,
1999-07-22,4.78,0.26,19.84,1639.18181818182,23.05,1.13,,
1999-07-23,4.77,0.26,20.41,1639.18181818182,23.32,1.13,,
1999-07-26,4.77,0.25,20.49,1639.18181818182,24.98,1.16,,
1999-07-27,4.85,0.26,20.4,1639.18181818182,23.23,1.17,,
1999-07-28,4.86,0.27,20.61,1639.18181818182,22.85,1.16,,
1999-07-29,4.82,0.26,21.09,1639.18181818182,24.52,1.16,,
1999-07-30,4.81,0.29,20.52,1639.18181818182,24.64,1.21,,
1999-07-31,4.66,0.29,20.52,1639.18181818182,24.64,1.21,,
1999-08-01,4.66,0.29,20.52,1646.7380952381,24.64,1.21,,
1999-08-02,4.66,0.27,20.46,1646.7380952381,25.59,1.21,,
1999-08-03,4.69,0.3,20.21,1646.7380952381,26.27,1.2,,
1999-08-04,4.75,0.32,20.49,1646.7380952381,27.4,1.21,,
1999-08-05,4.84,0.33,20.67,1646.7380952381,27.01,1.22,,
1999-08-06,4.74,0.33,20.89,1646.7380952381,26.6,1.21,,
1999-08-09,4.65,0.34,21.26,1646.7380952381,27.66,1.23,,
1999-08-10,4.69,0.37,21.31,1646.7380952381,28.45,1.24,,
1999-08-11,4.73,0.29,21.54,1646.7380952381,25.39,1.23,,
1999-08-12,4.7,0.3,21.42,1646.7380952381,25.03,1.23,,
1999-08-13,4.78,0.27,21.67,1646.7380952381,22.31,1.24,,
1999-08-16,4.76,0.23,21.34,1646.7380952381,23.07,1.23,,
1999-08-17,4.83,0.21,21.7,1646.7380952381,21.67,1.23,,
1999-08-18,4.87,0.22,21.54,1646.7380952381,23.3,1.24,,
1999-08-19,4.87,0.24,21.86,1646.7380952381,24.39,1.24,,
1999-08-20,4.89,0.23,21.66,1646.7380952381,22.95,1.24,,
1999-08-23,4.89,0.23,21.61,1646.7380952381,22.55,1.23,,
1999-08-24,4.94,0.2,21.36,1646.7380952381,22.4,1.23,,
1999-08-25,5.03,0.2,20.66,1646.7380952381,20.96,1.24,,
1999-08-26,5.0,0.19,21.09,1646.7380952381,21.21,1.25,,
1999-08-27,4.93,0.2,21.31,1646.7380952381,21.83,1.24,,
1999-08-30,4.88,0.22,21.93,1646.7380952381,24.63,1.24,,
1999-08-31,4.9,0.25,22.15,1646.7380952381,24.45,1.28,,
1999-09-01,4.91,0.25,21.79,1749.68181818182,22.93,1.28,,
1999-09-02,4.9,0.29,21.54,1749.68181818182,24.53,1.29,,
1999-09-03,4.99,0.25,22.0,1749.68181818182,20.98,1.28,,
1999-09-06,4.99,0.25,22.0,1749.68181818182,20.98,1.27,,
1999-09-07,4.94,0.26,22.58,1749.68181818182,23.44,1.28,,
1999-09-08,4.96,0.26,22.64,1749.68181818182,23.82,1.28,,
1999-09-09,4.94,0.26,23.24,1749.68181818182,23.01,1.27,,
1999-09-10,5.01,0.25,23.55,1749.68181818182,22.03,1.27,,
1999-09-13,5.0,0.26,24.18,1749.68181818182,22.89,1.26,,
1999-09-14,4.98,0.25,23.86,1749.68181818182,23.77,1.26,,
1999-09-15,5.01,0.27,24.1,1749.68181818182,24.56,1.25,,
1999-09-16,5.05,0.27,24.52,1749.68181818182,25.25,1.25,,
1999-09-17,5.07,0.24,24.72,1749.68181818182,23.3,1.25,,
1999-09-20,5.06,0.24,24.32,1749.68181818182,24.03,1.25,,
1999-09-21,5.07,0.27,24.48,1749.68181818182,25.65,1.25,,
1999-09-22,5.09,0.25,24.26,1749.68181818182,25.19,1.25,,
1999-09-23,5.15,0.24,24.76,1749.68181818182,27.84,1.24,,
1999-09-24,5.26,0.2,24.81,1749.68181818182,27.79,1.26,,
1999-09-27,5.22,0.21,24.63,1749.68181818182,26.4,1.26,,
1999-09-28,5.17,0.24,24.52,1749.68181818182,26.06,1.25,,
1999-09-29,5.1,0.29,24.69,1749.68181818182,26.49,1.25,,
1999-09-30,5.07,0.27,24.54,1749.68181818182,25.41,1.21,,
1999-10-01,5.06,0.27,24.51,1723.28571428571,24.93,1.21,,
1999-10-04,5.05,0.25,23.71,1723.28571428571,24.46,1.19,,
1999-10-05,5.12,0.24,23.37,1723.28571428571,24.79,1.29,,
1999-10-06,5.03,0.23,23.24,1723.28571428571,22.06,1.23,,
1999-10-07,4.99,0.23,22.46,1723.28571428571,23.58,1.21,,
1999-10-08,5.0,0.24,20.81,1723.28571428571,20.49,1.22,,
1999-10-11,4.99,0.24,21.58,1723.28571428571,20.63,1.2,,
1999-10-12,4.96,0.25,22.93,1723.28571428571,22.84,1.19,,
1999-10-13,4.98,0.25,22.93,1723.28571428571,25.96,1.23,,
1999-10-14,4.93,0.27,22.46,1723.28571428571,26.05,1.19,,
1999-10-15,4.94,0.27,22.81,1723.28571428571,28.75,1.14,,
1999-10-18,4.99,0.27,22.44,1723.28571428571,28.19,1.2,,
1999-10-19,4.99,0.26,22.36,1723.28571428571,26.56,1.24,,
1999-10-20,4.91,0.25,22.21,1723.28571428571,23.9,1.17,,
1999-10-21,4.97,0.27,22.74,1723.28571428571,24.02,1.22,,
1999-10-22,4.93,0.25,23.48,1723.28571428571,21.64,1.19,,
1999-10-25,4.89,0.24,23.22,1723.28571428571,23.6,1.14,,
1999-10-26,4.94,0.22,23.17,1723.28571428571,24.26,1.19,,
1999-10-27,4.99,0.25,22.71,1723.28571428571,24.2,1.16,,
1999-10-28,5.08,0.25,21.59,1723.28571428571,21.34,1.19,,
1999-10-29,5.17,0.23,21.79,1723.28571428571,22.2,1.17,,
1999-10-31,5.13,0.23,21.79,1723.28571428571,22.2,1.17,,
1999-11-01,5.13,0.23,22.44,1726.77272727273,22.09,1.21,,
1999-11-02,5.15,0.23,22.49,1726.77272727273,23.1,1.21,,
1999-11-03,5.14,0.22,22.59,1726.77272727273,23.16,1.21,,
1999-11-04,5.14,0.21,23.17,1726.77272727273,23.0,1.21,,
1999-11-05,5.16,0.2,22.93,1726.77272727273,21.66,1.22,,
1999-11-08,5.15,0.21,23.28,1726.77272727273,21.87,1.2,,
1999-11-09,5.13,0.2,24.21,1726.77272727273,22.7,1.2,,
1999-11-10,5.12,0.19,24.37,1726.77272727273,22.26,1.2,,
1999-11-11,5.14,0.19,24.33,1726.77272727273,22.07,1.22,,
1999-11-12,5.18,0.15,24.91,1726.77272727273,21.65,1.2,,
1999-11-15,5.17,0.15,25.31,1726.77272727273,22.74,1.21,,
1999-11-16,5.13,0.12,26.04,1726.77272727273,20.73,1.19,,
1999-11-17,5.1,0.14,26.57,1726.77272727273,20.96,1.21,,
1999-11-18,5.07,0.16,25.71,1726.77272727273,19.76,1.21,,
1999-11-19,5.05,0.15,26.61,1726.77272727273,19.11,1.21,,
1999-11-22,5.02,0.14,28.03,1726.77272727273,19.98,1.2,,
1999-11-23,5.01,0.15,26.91,1726.77272727273,21.0,1.2,,
1999-11-24,4.99,0.12,27.22,1726.77272727273,20.26,1.2,,
1999-11-25,5.0,0.12,27.22,1726.77272727273,20.26,1.2,,
1999-11-26,4.97,0.13,27.22,1726.77272727273,22.33,1.19,,
1999-11-29,4.9,0.17,25.84,1726.77272727273,23.57,1.17,,
1999-11-30,4.91,0.17,24.87,1726.77272727273,24.18,1.17,,
1999-12-01,4.86,0.17,25.01,1764.88235294118,22.23,1.17,,
1999-12-02,4.89,0.18,25.88,1764.88235294118,21.77,1.17,,
1999-12-03,4.91,0.18,25.71,1764.88235294118,19.32,1.17,,
1999-12-06,4.92,0.18,26.67,1764.88235294118,20.58,1.16,,
1999-12-07,4.93,0.16,26.36,1764.88235294118,21.09,1.17,,
1999-12-08,4.85,0.17,26.69,1764.88235294118,21.25,1.16,,
1999-12-09,4.86,0.18,26.0,1764.88235294118,21.19,1.17,,
1999-12-10,4.88,0.15,25.21,1764.88235294118,21.48,1.17,,
1999-12-13,4.87,0.15,25.37,1764.88235294118,21.72,1.18,,
1999-12-14,4.79,0.15,25.87,1764.88235294118,23.06,1.17,,
1999-12-15,4.73,0.15,26.28,1764.88235294118,22.03,1.17,,
1999-12-16,4.72,0.16,26.74,1764.88235294118,21.91,1.16,,
1999-12-17,4.72,0.15,26.76,1764.88235294118,21.35,1.16,,
1999-12-20,4.69,0.15,26.55,1764.88235294118,23.78,1.15,,
1999-12-21,4.68,0.17,26.34,1764.88235294118,22.66,1.15,,
1999-12-22,4.66,0.15,25.51,1764.88235294118,22.43,1.15,,
1999-12-23,4.66,0.17,25.86,1764.88235294118,21.12,1.15,,
1999-12-24,4.66,0.17,25.86,1764.88235294118,21.12,1.15,,
1999-12-27,4.68,0.19,26.36,1764.88235294118,23.07,1.15,,
1999-12-28,4.66,0.2,26.81,1764.88235294118,22.97,1.14,,
1999-12-29,4.7,0.19,26.41,1764.88235294118,23.09,1.12,,
1999-12-30,4.71,0.2,25.76,1764.88235294118,24.76,1.12,,
1999-12-31,4.76,0.21,25.76,1764.88235294118,24.64,1.16,,
2000-01-01,4.76,0.21,25.76,1843.85,24.64,1.16,,
2000-01-03,4.68,0.2,25.76,1843.85,24.21,1.16,,
2000-01-04,4.81,0.19,25.56,1843.85,27.01,1.16,,
2000-01-05,4.77,0.24,24.65,1843.85,26.41,1.18,,
2000-01-06,4.82,0.22,24.79,1843.85,25.73,1.18,,
2000-01-07,4.86,0.21,24.79,1843.85,21.72,1.2,,
2000-01-10,4.81,0.19,24.71,1843.85,21.71,1.18,,
2000-01-11,4.74,0.22,25.69,1843.85,22.5,1.17,,
2000-01-12,4.72,0.23,26.3,1843.85,22.84,1.16,,
2000-01-13,4.82,0.23,26.63,1843.85,21.71,1.18,,
2000-01-14,4.77,0.25,28.01,1843.85,19.66,1.19,,
2000-01-17,4.77,0.25,28.01,1843.85,19.66,1.2,,
2000-01-18,4.75,0.28,28.98,1843.85,21.5,1.19,,
2000-01-19,4.77,0.27,29.11,1843.85,21.72,1.19,,
2000-01-20,4.74,0.3,29.67,1843.85,21.75,1.18,,
2000-01-21,4.73,0.31,29.71,1843.85,20.82,1.19,,
2000-01-24,4.82,0.26,29.25,1843.85,24.07,1.19,,
2000-01-25,4.81,0.26,30.28,1843.85,23.02,1.18,,
2000-01-26,4.81,0.24,27.66,1843.85,23.03,1.18,,
2000-01-27,4.8,0.17,27.22,1843.85,23.54,1.18,,
2000-01-28,4.8,0.08,27.27,1843.85,26.14,1.17,,
2000-01-31,4.87,0.07,27.65,1843.85,24.95,1.22,,
2000-02-01,4.87,0.02,28.28,1807.025,23.45,1.21,,
2000-02-02,4.86,-0.03,27.52,1807.025,23.12,1.19,,
2000-02-03,4.99,-0.07,28.26,1807.025,22.01,1.2,,
2000-02-04,4.87,-0.1,28.67,1807.025,21.54,1.17,,
2000-02-07,4.82,-0.04,28.4,1807.025,22.79,1.18,,
2000-02-08,4.82,-0.1,28.05,1807.025,21.25,1.19,,
2000-02-09,4.79,-0.13,28.71,1807.025,22.9,1.2,,
2000-02-10,4.77,0.0,29.49,1807.025,23.07,1.21,,
2000-02-11,4.81,-0.02,29.51,1807.025,24.42,1.21,,
2000-02-14,4.88,-0.06,30.3,1807.025,24.38,1.21,,
2000-02-15,4.83,-0.1,30.17,1807.025,22.92,1.21,,
2000-02-16,4.86,-0.07,30.01,1807.025,23.51,1.21,,
2000-02-17,4.82,-0.11,29.37,1807.025,23.17,1.2,,
2000-02-18,4.9,-0.17,29.51,1807.025,26.0,1.21,,
2000-02-21,4.9,-0.17,29.51,1807.025,26.0,1.21,,
2000-02-22,5.02,-0.21,29.63,1807.025,25.86,1.22,,
2000-02-23,4.94,-0.17,30.19,1807.025,23.89,1.21,,
2000-02-24,5.04,-0.16,30.23,1807.025,24.38,1.22,,
2000-02-25,5.07,-0.09,30.34,1807.025,25.2,1.22,,
2000-02-28,5.01,-0.1,30.11,1807.025,24.68,1.26,,
2000-02-29,5.08,-0.11,30.57,1807.025,23.37,1.29,,
2000-03-01,5.11,-0.13,31.71,1739.8,21.64,1.3,,
2000-03-02,5.11,-0.12,31.51,1739.8,21.06,1.31,,
2000-03-03,5.13,-0.11,31.46,1739.8,19.21,1.32,,
2000-03-06,5.1,-0.13,32.19,1739.8,21.5,1.32,,
2000-03-07,5.15,-0.09,33.9,1739.8,24.31,1.32,,
2000-03-08,5.16,-0.12,31.22,1739.8,23.82,1.32,,
2000-03-09,5.19,-0.13,31.61,1739.8,22.21,1.32,,
2000-03-10,5.16,-0.16,31.76,1739.8,21.24,1.31,,
2000-03-13,5.21,-0.16,32.11,1739.8,22.85,1.33,,
2000-03-14,5.29,-0.17,31.93,1739.8,24.41,1.34,,
2000-03-15,5.34,-0.21,30.47,1739.8,22.34,1.34,,
2000-03-16,5.4,-0.24,31.1,1739.8,20.77,1.34,,
2000-03-17,5.41,-0.3,30.86,1739.8,22.37,1.34,,
2000-03-20,5.42,-0.34,29.33,1739.8,22.96,1.34,,
2000-03-21,5.46,-0.37,28.01,1739.8,21.7,1.35,,
2000-03-22,5.51,-0.37,27.28,1739.8,21.49,1.35,,
2000-03-23,5.55,-0.44,27.47,1739.8,22.26,1.34,,
2000-03-24,5.47,-0.44,27.86,1739.8,23.31,1.34,,
2000-03-27,5.47,-0.45,27.59,1739.8,24.53,1.35,,
2000-03-28,5.57,-0.43,27.1,1739.8,24.86,1.37,,
2000-03-29,5.68,-0.41,26.36,1739.8,24.1,1.37,,
2000-03-30,5.84,-0.46,26.67,1739.8,25.47,1.45,,
2000-03-31,5.75,-0.47,26.86,1739.8,24.11,1.48,,
2000-04-01,5.75,-0.47,26.86,1681.9075,24.11,1.48,,
2000-04-03,5.78,-0.45,26.28,1681.9075,24.03,1.48,,
2000-04-04,5.94,-0.45,25.46,1681.9075,27.12,1.49,,
2000-04-05,5.94,-0.45,25.76,1681.9075,28.41,1.49,,
2000-04-06,5.87,-0.45,25.51,1681.9075,27.15,1.49,,
2000-04-07,5.9,-0.52,24.97,1681.9075,24.39,1.51,,
2000-04-10,5.95,-0.51,23.91,1681.9075,25.99,1.53,,
2000-04-11,5.89,-0.47,24.17,1681.9075,27.25,1.55,,
2000-04-12,5.82,-0.43,25.49,1681.9075,28.98,1.54,,
2000-04-13,5.87,-0.46,25.29,1681.9075,29.4,1.55,,
2000-04-14,5.92,-0.42,25.48,1681.9075,33.49,1.57,,
2000-04-17,5.84,-0.32,26.06,1681.9075,28.95,1.55,,
2000-04-18,5.81,-0.28,25.92,1681.9075,26.12,1.55,,
2000-04-19,5.85,-0.34,27.38,1681.9075,27.02,1.55,,
2000-04-20,5.85,-0.39,27.29,1681.9075,25.85,1.56,,
2000-04-24,5.88,-0.36,27.41,1681.9075,27.37,1.54,,
2000-04-25,5.77,-0.34,26.41,1681.9075,25.24,1.55,,
2000-04-26,5.77,-0.36,24.69,1681.9075,26.97,1.57,,
2000-04-27,5.69,-0.4,25.53,1681.9075,26.19,1.59,,
2000-04-28,5.71,-0.45,25.71,1681.9075,26.2,1.63,,
2000-04-30,5.88,-0.45,25.71,1681.9075,26.2,1.61,,
2000-05-01,5.83,-0.44,25.84,1785.09782608696,25.88,1.62,,
2000-05-02,5.79,-0.4,26.86,1785.09782608696,28.5,1.62,,
2000-05-03,5.77,-0.33,26.6,1785.09782608696,31.63,1.62,,
2000-05-04,5.74,-0.31,27.08,1785.09782608696,30.77,1.61,,
2000-05-05,5.73,-0.33,27.37,1785.09782608696,27.53,1.61,,
2000-05-08,5.72,-0.3,28.05,1785.09782608696,28.2,1.62,,
2000-05-09,5.75,-0.33,28.46,1785.09782608696,28.93,1.63,,
2000-05-10,5.82,-0.37,28.1,1785.09782608696,29.87,1.64,,
2000-05-11,5.84,-0.39,29.25,1785.09782608696,27.76,1.64,,
2000-05-12,5.78,-0.4,29.64,1785.09782608696,26.05,1.65,,
2000-05-15,5.78,-0.41,29.95,1785.09782608696,24.86,1.66,,
2000-05-16,5.82,-0.46,29.76,1785.09782608696,24.34,1.68,,
2000-05-17,5.83,-0.42,29.38,1785.09782608696,23.98,1.69,,
2000-05-18,5.8,-0.37,30.28,1785.09782608696,23.96,1.68,,
2000-05-19,5.89,-0.35,30.02,1785.09782608696,25.44,1.68,,
2000-05-22,5.95,-0.37,28.62,1785.09782608696,26.0,1.68,,
2000-05-23,5.99,-0.38,28.61,1785.09782608696,25.87,1.69,,
2000-05-24,6.01,-0.32,29.89,1785.09782608696,24.32,1.69,,
2000-05-25,6.13,-0.32,30.43,1785.09782608696,24.58,1.74,,
2000-05-26,6.18,-0.36,29.76,1785.09782608696,24.47,1.73,,
2000-05-29,6.19,-0.36,29.76,1785.09782608696,24.47,1.74,,
2000-05-30,6.15,-0.36,30.36,1785.09782608696,23.62,1.74,,
2000-05-31,6.16,-0.4,29.03,1785.09782608696,23.65,1.77,,
2000-06-01,6.22,-0.41,30.19,1752.07272727273,22.36,1.77,,
2000-06-02,6.21,-0.37,30.34,1752.07272727273,21.48,1.78,,
2000-06-05,6.23,-0.37,29.87,1752.07272727273,22.71,1.75,,
2000-06-06,6.2,-0.37,29.78,1752.07272727273,23.05,1.75,,
2000-06-07,6.18,-0.39,29.29,1752.07272727273,22.48,1.72,,
2000-06-08,6.18,-0.43,29.78,1752.07272727273,22.77,1.73,,
2000-06-09,6.12,-0.43,30.22,1752.07272727273,22.14,1.72,,
2000-06-12,6.15,-0.43,31.76,1752.07272727273,22.32,1.72,,
2000-06-13,6.15,-0.38,32.73,1752.07272727273,21.67,1.71,,
2000-06-14,6.18,-0.38,32.72,1752.07272727273,21.48,1.71,,
2000-06-15,6.12,-0.39,32.7,1752.07272727273,20.68,1.7,,
2000-06-16,6.19,-0.39,32.35,1752.07272727273,20.5,1.7,,
2000-06-19,6.18,-0.4,31.57,1752.07272727273,20.63,1.69,,
2000-06-20,6.14,-0.4,33.07,1752.07272727273,20.88,1.69,,
2000-06-21,6.07,-0.39,33.64,1752.07272727273,20.61,1.68,,
2000-06-22,6.06,-0.38,34.72,1752.07272727273,22.0,1.69,,
2000-06-23,5.99,-0.36,34.76,1752.07272727273,22.34,1.68,,
2000-06-26,6.05,-0.39,31.56,1752.07272727273,22.45,1.69,,
2000-06-27,6.05,-0.4,32.01,1752.07272727273,21.8,1.69,,
2000-06-28,6.04,-0.32,31.86,1752.07272727273,20.29,1.69,,
2000-06-29,6.11,-0.33,32.73,1752.07272727273,19.7,1.69,,
2000-06-30,6.17,-0.35,32.44,1752.07272727273,19.54,1.71,,
2000-07-01,6.17,-0.35,32.44,1803.14285714286,19.54,1.71,,
2000-07-03,6.2,-0.31,32.44,1803.14285714286,19.83,1.71,,
2000-07-04,6.21,-0.31,32.44,1803.14285714286,19.83,1.71,,
2000-07-05,6.21,-0.3,30.76,1803.14285714286,21.16,1.71,,
2000-07-06,6.18,-0.29,30.19,1803.14285714286,20.94,1.71,,
2000-07-07,6.2,-0.28,30.26,1803.14285714286,19.22,1.71,,
2000-07-10,6.17,-0.27,29.51,1803.14285714286,20.33,1.71,,
2000-07-11,6.14,-0.26,29.61,1803.14285714286,20.11,1.7,,
2000-07-12,6.14,-0.25,30.34,1803.14285714286,20.03,1.7,,
2000-07-13,6.18,-0.3,31.41,1803.14285714286,20.03,1.7,,
2000-07-14,6.06,-0.31,31.31,1803.14285714286,19.32,1.69,,
2000-07-17,5.98,-0.29,30.71,1803.14285714286,19.45,1.68,,
2000-07-18,5.97,-0.28,31.94,1803.14285714286,19.75,1.67,,
2000-07-19,5.98,-0.3,31.1,1803.14285714286,19.65,1.67,,
2000-07-20,6.1,-0.31,30.94,1803.14285714286,18.94,1.68,,
2000-07-21,6.11,-0.31,28.56,1803.14285714286,18.94,1.67,,
2000-07-24,6.07,-0.31,27.97,1803.14285714286,19.92,1.68,,
2000-07-25,6.09,-0.31,27.89,1803.14285714286,19.39,1.68,,
2000-07-26,6.06,-0.25,27.81,1803.14285714286,19.67,1.65,,
2000-07-27,6.13,-0.25,28.21,1803.14285714286,19.6,1.67,,
2000-07-28,6.15,-0.26,28.22,1803.14285714286,20.84,1.66,,
2000-07-31,6.26,-0.26,27.5,1803.14285714286,20.74,1.69,,
2000-08-01,6.31,-0.27,27.85,1857.12391304348,20.55,1.68,,
2000-08-02,6.33,-0.25,28.27,1857.12391304348,20.0,1.69,,
2000-08-03,6.33,-0.27,28.92,1857.12391304348,19.99,1.69,,
2000-08-04,6.38,-0.24,29.94,1857.12391304348,18.62,1.69,,
2000-08-07,6.33,-0.23,28.93,1857.12391304348,19.03,1.69,,
2000-08-08,6.34,-0.23,29.26,1857.12391304348,18.79,1.68,,
2000-08-09,6.33,-0.37,30.38,1857.12391304348,19.18,1.68,,
2000-08-10,6.37,-0.4,31.09,1857.12391304348,19.19,1.69,,
2000-08-11,6.33,-0.46,31.02,1857.12391304348,18.55,1.69,,
2000-08-14,6.37,-0.47,31.92,1857.12391304348,17.88,1.68,,
2000-08-15,6.34,-0.47,31.43,1857.12391304348,17.98,1.68,,
2000-08-16,6.34,-0.47,31.91,1857.12391304348,18.02,1.68,,
2000-08-17,6.36,-0.49,31.88,1857.12391304348,17.48,1.68,,
2000-08-18,6.4,-0.49,31.97,1857.12391304348,17.05,1.69,,
2000-08-21,6.4,-0.49,32.42,1857.12391304348,17.35,1.7,,
2000-08-22,6.39,-0.49,31.24,1857.12391304348,17.47,1.71,,
2000-08-23,6.43,-0.47,31.23,1857.12391304348,17.38,1.71,,
2000-08-24,6.44,-0.46,33.41,1857.12391304348,17.04,1.72,,
2000-08-25,6.42,-0.46,34.01,1857.12391304348,16.53,1.71,,
2000-08-28,6.36,-0.45,32.92,1857.12391304348,16.54,1.72,,
2000-08-29,6.3,-0.45,32.73,1857.12391304348,16.89,1.71,,
2000-08-30,6.28,-0.43,33.25,1857.12391304348,17.69,1.71,,
2000-08-31,6.43,-0.45,33.09,1857.12391304348,16.84,1.72,,
2000-09-01,6.48,-0.41,33.42,1961.89285714286,17.53,1.72,,
2000-09-04,6.49,-0.41,33.42,1961.89285714286,17.53,1.72,,
2000-09-05,6.41,-0.4,33.92,1961.89285714286,19.82,1.72,,
2000-09-06,6.37,-0.39,34.97,1961.89285714286,20.79,1.72,,
2000-09-07,6.3,-0.38,35.18,1961.89285714286,19.42,1.72,,
2000-09-08,6.32,-0.38,33.62,1961.89285714286,18.46,1.72,,
2000-09-11,6.3,-0.35,35.14,1961.89285714286,18.4,1.72,,
2000-09-12,6.31,-0.34,34.25,1961.89285714286,18.59,1.71,,
2000-09-13,6.35,-0.35,33.87,1961.89285714286,18.32,1.71,,
2000-09-14,6.33,-0.32,34.37,1961.89285714286,18.26,1.72,,
2000-09-15,6.3,-0.23,35.87,1961.89285714286,18.52,1.7,,
2000-09-18,6.35,-0.16,36.75,1961.89285714286,20.25,1.7,,
2000-09-19,6.41,-0.19,36.96,1961.89285714286,19.54,1.69,,
2000-09-20,6.43,-0.2,37.22,1961.89285714286,19.93,1.68,,
2000-09-21,6.45,-0.23,33.84,1961.89285714286,20.18,1.68,,
2000-09-22,6.5,-0.24,32.66,1961.89285714286,20.74,1.69,,
2000-09-25,6.49,-0.27,31.5,1961.89285714286,21.41,1.67,,
2000-09-26,6.56,-0.26,31.78,1961.89285714286,21.88,1.69,,
2000-09-27,6.65,-0.17,31.23,1961.89285714286,21.67,1.67,,
2000-09-28,6.69,-0.2,30.26,1961.89285714286,19.47,1.65,,
2000-09-29,6.72,-0.18,30.87,1961.89285714286,20.57,1.65,,
2000-09-30,6.77,-0.18,30.87,1961.89285714286,20.57,1.66,,
2000-10-01,6.77,-0.18,30.87,1894.37272727273,20.57,1.66,,
2000-10-02,6.77,-0.15,32.05,1894.37272727273,21.23,1.66,,
2000-10-03,6.74,-0.13,31.86,1894.37272727273,21.85,1.66,,
2000-10-04,6.77,-0.13,30.91,1894.37272727273,21.54,1.67,,
2000-10-05,6.84,-0.15,30.66,1894.37272727273,21.03,1.68,,
2000-10-06,6.87,-0.16,30.86,1894.37272727273,22.71,1.68,,
2000-10-09,6.89,-0.16,31.98,1894.37272727273,24.02,1.69,,
2000-10-10,6.96,-0.18,33.29,1894.37272727273,24.86,1.71,,
2000-10-11,7.11,-0.16,33.2,1894.37272727273,26.57,1.72,,
2000-10-12,7.21,-0.13,36.06,1894.37272727273,30.51,1.74,,
2000-10-13,7.31,-0.11,34.96,1894.37272727273,27.6,1.76,,
2000-10-16,7.28,-0.15,33.18,1894.37272727273,26.79,1.76,,
2000-10-17,7.47,-0.15,33.36,1894.37272727273,27.84,1.79,,
2000-10-18,7.58,-0.16,33.51,1894.37272727273,28.72,1.81,,
2000-10-19,7.58,-0.2,33.06,1894.37272727273,25.09,1.8,,
2000-10-20,7.59,-0.2,34.31,1894.37272727273,24.24,1.81,,
2000-10-23,7.65,-0.23,34.9,1894.37272727273,24.69,1.83,,
2000-10-24,7.61,-0.23,34.53,1894.37272727273,24.28,1.83,,
2000-10-25,7.55,-0.2,33.62,1894.37272727273,26.65,1.82,,
2000-10-26,7.62,-0.21,33.75,1894.37272727273,28.62,1.83,,
2000-10-27,7.62,-0.22,32.78,1894.37272727273,26.47,1.84,,
2000-10-30,7.62,-0.23,32.86,1894.37272727273,25.46,1.87,,
2000-10-31,7.79,-0.17,32.7,1894.37272727273,23.63,1.89,,
2000-11-01,7.75,-0.14,33.14,1795.60227272727,24.28,1.88,,
2000-11-02,7.8,-0.13,32.59,1795.60227272727,23.92,1.88,,
2000-11-03,7.75,-0.11,32.62,1795.60227272727,23.67,1.87,,
2000-11-06,7.73,-0.12,33.02,1795.60227272727,24.52,1.86,,
2000-11-07,7.75,-0.12,33.44,1795.60227272727,24.91,1.86,,
2000-11-08,7.73,-0.12,32.92,1795.60227272727,25.66,1.86,,
2000-11-09,7.81,-0.12,33.87,1795.60227272727,27.2,1.86,,
2000-11-10,7.85,-0.1,34.05,1795.60227272727,28.53,1.87,,
2000-11-13,7.9,-0.13,34.3,1795.60227272727,29.06,1.87,,
2000-11-14,7.9,-0.16,34.72,1795.60227272727,26.81,1.86,,
2000-11-15,7.91,-0.18,35.54,1795.60227272727,26.15,1.87,,
2000-11-16,7.96,-0.19,34.84,1795.60227272727,25.05,1.87,,
2000-11-17,7.99,-0.17,35.62,1795.60227272727,24.81,1.88,,
2000-11-20,8.09,-0.19,35.98,1795.60227272727,27.43,1.9,,
2000-11-21,8.24,-0.19,35.54,1795.60227272727,26.62,1.9,,
2000-11-22,8.37,-0.23,36.06,1795.60227272727,27.71,1.92,,
2000-11-23,8.37,-0.23,36.06,1795.60227272727,27.71,1.92,,
2000-11-24,8.36,-0.23,36.06,1795.60227272727,26.0,1.92,,
2000-11-27,8.42,-0.22,36.24,1795.60227272727,26.93,1.94,,
2000-11-28,8.51,-0.2,34.02,1795.60227272727,27.64,1.95,,
2000-11-29,8.69,-0.14,34.58,1795.60227272727,27.49,1.96,,
2000-11-30,9.06,-0.13,33.61,1795.60227272727,29.65,1.99,,
2000-12-01,8.98,-0.1,32.06,1852.4,27.48,1.99,,
2000-12-04,9.06,-0.06,31.28,1852.4,27.78,2.01,,
2000-12-05,9.1,-0.06,29.25,1852.4,24.99,2.03,,
2000-12-06,9.12,-0.1,30.24,1852.4,25.07,2.02,,
2000-12-07,9.13,-0.13,29.36,1852.4,25.34,2.04,,
2000-12-08,9.09,-0.15,28.31,1852.4,22.41,2.04,,
2000-12-11,9.02,-0.15,29.75,1852.4,23.51,2.02,,
2000-12-12,8.94,-0.18,29.81,1852.4,24.88,2.02,,
2000-12-13,8.89,-0.16,28.75,1852.4,23.63,2.02,,
2000-12-14,8.94,-0.2,28.06,1852.4,24.86,2.0,,
2000-12-15,8.88,-0.18,28.86,1852.4,26.55,1.99,,
2000-12-18,8.91,-0.16,29.52,1852.4,27.7,1.99,,
2000-12-19,8.87,-0.16,29.34,1852.4,27.17,1.99,,
2000-12-20,8.98,-0.16,25.83,1852.4,31.74,1.98,,
2000-12-21,9.05,-0.11,26.06,1852.4,29.66,1.99,,
2000-12-22,9.06,-0.08,26.16,1852.4,27.55,2.0,,
2000-12-26,9.07,-0.06,27.0,1852.4,28.73,2.02,,
2000-12-27,9.04,0.01,26.55,1852.4,28.14,2.02,,
2000-12-28,9.0,-0.05,25.82,1852.4,26.57,2.03,,
2000-12-29,9.0,0.01,26.72,1852.4,26.85,2.03,,
2000-12-31,9.16,0.01,26.72,1852.4,26.85,2.02,,
2001-01-01,9.16,0.01,26.72,1787.05681818182,26.85,2.02,,
2001-01-02,9.36,0.05,27.29,1787.05681818182,29.99,2.04,,
2001-01-03,9.13,0.22,27.93,1787.05681818182,26.6,2.02,,
2001-01-04,9.11,0.26,27.95,1787.05681818182,26.97,2.0,,
2001-01-05,9.12,0.37,28.02,1787.05681818182,28.67,2.01,,
2001-01-08,9.06,0.4,27.44,1787.05681818182,29.84,1.99,,
2001-01-09,8.88,0.34,27.72,1787.05681818182,27.99,1.96,,
2001-01-10,8.73,0.34,29.42,1787.05681818182,26.8,1.95,,
2001-01-11,8.56,0.37,29.42,1787.05681818182,25.79,1.94,,
2001-01-12,8.38,0.35,30.07,1787.05681818182,24.56,1.94,,
2001-01-15,8.32,0.35,30.07,1787.05681818182,24.56,1.93,,
2001-01-16,8.33,0.35,30.19,1787.05681818182,25.28,1.94,,
2001-01-17,8.31,0.35,29.77,1787.05681818182,24.93,1.94,,
2001-01-18,8.36,0.4,30.42,1787.05681818182,23.37,1.93,,
2001-01-19,8.21,0.44,32.12,1787.05681818182,23.24,1.91,,
2001-01-22,8.17,0.5,32.21,1787.05681818182,23.25,1.89,,
2001-01-23,8.09,0.48,31.66,1787.05681818182,21.57,1.82,,
2001-01-24,8.05,0.52,31.46,1787.05681818182,22.03,1.85,,
2001-01-25,8.05,0.51,31.61,1787.05681818182,22.64,1.83,,
2001-01-26,8.05,0.51,29.79,1787.05681818182,22.57,1.84,,
2001-01-29,8.03,0.55,29.07,1787.05681818182,22.61,1.83,,
2001-01-30,8.02,0.54,29.12,1787.05681818182,22.57,1.79,,
2001-01-31,7.87,0.57,28.62,1787.05681818182,22.02,1.76,,
2001-02-01,7.83,0.55,29.88,1766.125,21.66,1.74,,
2001-02-02,7.73,0.52,31.27,1766.125,21.95,1.74,,
2001-02-05,7.69,0.5,30.55,1766.125,22.19,1.75,,
2001-02-06,7.62,0.5,30.27,1766.125,21.98,1.76,,
2001-02-07,7.64,0.4,31.27,1766.125,21.67,1.76,,
2001-02-08,7.6,0.37,31.57,1766.125,21.46,1.76,,
2001-02-09,7.63,0.36,30.93,1766.125,22.03,1.77,,
2001-02-12,7.6,0.38,30.52,1766.125,21.92,1.78,,
2001-02-13,7.56,0.32,30.12,1766.125,21.37,1.77,,
2001-02-14,7.49,0.29,29.55,1766.125,21.52,1.77,,
2001-02-15,7.38,0.3,28.96,1766.125,20.27,1.78,,
2001-02-16,7.49,0.36,29.22,1766.125,22.12,1.78,,
2001-02-19,7.5,0.36,29.22,1766.125,22.12,1.78,,
2001-02-20,7.51,0.38,28.6,1766.125,24.69,1.78,,
2001-02-21,7.54,0.46,28.64,1766.125,25.75,1.78,,
2001-02-22,7.6,0.52,28.52,1766.125,26.76,1.8,,
2001-02-23,7.67,0.57,28.83,1766.125,27.21,1.81,,
2001-02-26,7.69,0.59,28.27,1766.125,25.43,1.82,,
2001-02-27,7.68,0.52,28.26,1766.125,26.49,1.81,,
2001-02-28,7.7,0.51,27.35,1766.125,28.35,1.81,,
2001-03-01,7.68,0.46,27.78,1742.15909090909,28.08,1.78,,
2001-03-02,7.64,0.47,27.89,1742.15909090909,27.43,1.79,,
2001-03-05,7.61,0.49,28.61,1742.15909090909,27.12,1.78,,
2001-03-06,7.59,0.5,28.4,1742.15909090909,25.89,1.78,,
2001-03-07,7.61,0.49,28.95,1742.15909090909,24.12,1.77,,
2001-03-08,7.59,0.46,28.31,1742.15909090909,24.29,1.76,,
2001-03-09,7.53,0.48,27.97,1742.15909090909,25.62,1.76,,
2001-03-12,7.6,0.46,27.91,1742.15909090909,30.32,1.77,,
2001-03-13,7.63,0.49,27.45,1742.15909090909,27.55,1.78,,
2001-03-14,7.84,0.52,26.49,1742.15909090909,29.61,1.79,,
2001-03-15,7.88,0.59,26.56,1742.15909090909,28.56,1.79,,
2001-03-16,8.0,0.52,26.68,1742.15909090909,29.91,1.78,,
2001-03-19,8.02,0.5,26.17,1742.15909090909,29.78,1.77,,
2001-03-20,8.09,0.54,25.99,1742.15909090909,30.96,1.78,,
2001-03-21,8.22,0.56,26.43,1742.15909090909,31.93,1.78,,
2001-03-22,8.4,0.56,26.19,1742.15909090909,32.84,1.79,,
2001-03-23,8.3,0.56,27.31,1742.15909090909,30.45,1.8,,
2001-03-26,8.2,0.58,27.4,1742.15909090909,29.04,1.79,,
2001-03-27,8.03,0.59,27.62,1742.15909090909,27.04,1.78,,
2001-03-28,8.08,0.67,26.43,1742.15909090909,28.58,1.8,,
2001-03-29,8.13,0.71,26.47,1742.15909090909,29.17,1.79,,
2001-03-30,8.2,0.75,26.37,1742.15909090909,28.64,1.78,,
2001-03-31,8.18,0.75,26.37,1742.15909090909,28.64,1.77,,
2001-04-01,8.18,0.75,26.37,1665.97222222222,28.64,1.77,,
2001-04-02,8.21,0.76,25.7,1665.97222222222,31.21,1.77,,
2001-04-03,8.48,0.79,26.65,1665.97222222222,34.72,1.8,,
2001-04-04,8.61,0.82,27.16,1665.97222222222,34.07,1.83,,
2001-04-05,8.63,0.79,27.24,1665.97222222222,29.94,1.89,,
2001-04-06,8.75,0.82,27.07,1665.97222222222,31.69,1.81,,
2001-04-09,8.78,0.83,27.45,1665.97222222222,31.91,1.82,,
2001-04-10,8.55,0.85,28.47,1665.97222222222,29.44,1.82,,
2001-04-11,8.5,0.83,28.42,1665.97222222222,28.46,1.81,,
2001-04-12,8.44,0.81,28.75,1665.97222222222,26.12,1.81,,
2001-04-16,8.3,0.79,28.81,1665.97222222222,26.33,1.81,,
2001-04-17,8.4,0.8,27.89,1665.97222222222,25.61,1.81,,
2001-04-18,8.46,0.88,27.83,1665.97222222222,24.13,1.82,,
2001-04-19,8.61,0.98,27.92,1665.97222222222,24.16,1.79,,
2001-04-20,8.64,1.03,27.0,1665.97222222222,25.38,1.78,,
2001-04-23,8.9,1.05,26.97,1665.97222222222,28.16,1.79,,
2001-04-24,9.02,1.06,25.24,1665.97222222222,28.49,1.78,,
2001-04-25,8.26,1.08,25.93,1665.97222222222,27.4,1.78,,
2001-04-26,8.29,1.06,28.47,1665.97222222222,25.96,1.79,,
2001-04-27,8.17,1.06,28.35,1665.97222222222,24.02,1.79,,
2001-04-30,8.06,1.05,28.48,1665.97222222222,25.48,1.63,,
2001-05-01,7.95,1.07,28.37,1684.85,24.2,1.61,,
2001-05-02,7.8,1.04,27.89,1684.85,24.23,1.6,,
2001-05-03,7.83,1.0,28.66,1684.85,25.78,1.61,,
2001-05-04,7.86,1.07,28.41,1684.85,23.91,1.63,,
2001-05-07,7.85,1.09,27.79,1684.85,24.86,1.62,,
2001-05-08,7.83,1.14,27.35,1684.85,24.44,1.62,,
2001-05-09,7.88,1.13,28.39,1684.85,24.35,1.62,,
2001-05-10,7.79,1.14,28.5,1684.85,24.0,1.62,,
2001-05-11,7.6,1.15,28.59,1684.85,23.54,1.61,,
2001-05-14,7.7,1.17,28.83,1684.85,24.26,1.61,,
2001-05-15,7.61,1.22,28.9,1684.85,23.71,1.59,,
2001-05-16,7.66,1.23,28.77,1684.85,21.89,1.57,,
2001-05-17,7.65,1.13,29.02,1684.85,21.47,1.55,,
2001-05-18,7.63,1.04,29.9,1684.85,21.23,1.57,,
2001-05-21,7.6,1.04,29.96,1684.85,20.76,1.56,,
2001-05-22,7.61,1.08,29.75,1684.85,21.35,1.56,,
2001-05-23,7.62,1.12,28.85,1684.85,22.08,1.56,,
2001-05-24,7.53,1.2,27.97,1684.85,20.57,1.55,,
2001-05-25,7.53,1.21,28.08,1684.85,20.6,1.55,,
2001-05-28,7.55,1.21,28.08,1684.85,20.6,1.55,,
2001-05-29,7.52,1.21,28.76,1684.85,22.14,1.54,,
2001-05-30,7.56,1.2,28.71,1684.85,22.76,1.53,,
2001-05-31,7.68,1.21,28.39,1684.85,22.64,1.55,,
2001-06-01,7.65,1.17,27.88,1610.46904761905,21.59,1.53,,
2001-06-04,7.69,1.16,28.14,1610.46904761905,21.38,1.53,,
2001-06-05,7.76,1.17,27.84,1610.46904761905,19.58,1.51,,
2001-06-06,7.75,1.15,27.56,1610.46904761905,20.39,1.51,,
2001-06-07,7.71,1.19,27.91,1610.46904761905,19.67,1.51,,
2001-06-08,7.67,1.21,28.43,1610.46904761905,19.92,1.51,,
2001-06-11,7.71,1.21,28.94,1610.46904761905,20.7,1.51,,
2001-06-12,7.78,1.18,29.13,1610.46904761905,20.7,1.51,,
2001-06-13,7.86,1.2,28.81,1610.46904761905,21.45,1.51,,
2001-06-14,8.09,1.22,29.12,1610.46904761905,23.12,1.51,,
2001-06-15,8.04,1.26,28.52,1610.46904761905,22.81,1.52,,
2001-06-18,8.19,1.29,27.55,1610.46904761905,23.17,1.54,,
2001-06-19,8.28,1.27,27.49,1610.46904761905,22.34,1.54,,
2001-06-20,8.38,1.26,26.52,1610.46904761905,21.71,1.56,,
2001-06-21,8.4,1.23,26.85,1610.46904761905,19.38,1.56,,
2001-06-22,8.47,1.21,27.02,1610.46904761905,20.02,1.56,,
2001-06-25,8.45,1.2,27.11,1610.46904761905,20.67,1.55,,
2001-06-26,8.42,1.21,26.97,1610.46904761905,21.2,1.55,,
2001-06-27,8.34,1.2,25.67,1610.46904761905,20.88,1.54,,
2001-06-28,8.29,1.13,25.75,1610.46904761905,20.01,1.54,,
2001-06-29,8.16,1.17,26.37,1610.46904761905,19.06,1.55,,
2001-06-30,8.16,1.17,26.37,1610.46904761905,19.06,1.55,,
2001-07-01,8.16,1.17,26.37,1526.77045454545,19.06,1.55,,
2001-07-02,8.18,1.16,26.02,1526.77045454545,18.76,1.56,,
2001-07-03,8.1,1.17,26.28,1526.77045454545,18.92,1.52,,
2001-07-04,8.11,1.17,26.28,1526.77045454545,18.92,1.52,,
2001-07-05,8.07,1.2,27.07,1526.77045454545,20.09,1.55,,
2001-07-06,8.13,1.25,28.1,1526.77045454545,21.63,1.55,,
2001-07-09,8.13,1.22,27.63,1526.77045454545,22.48,1.53,,
2001-07-10,8.2,1.24,27.22,1526.77045454545,23.25,1.54,,
2001-07-11,8.21,1.24,27.07,1526.77045454545,24.01,1.54,,
2001-07-12,8.28,1.2,26.85,1526.77045454545,22.09,1.55,,
2001-07-13,8.27,1.15,26.57,1526.77045454545,21.14,1.54,,
2001-07-16,8.28,1.14,26.02,1526.77045454545,22.91,1.54,,
2001-07-17,8.31,1.13,25.33,1526.77045454545,22.61,1.54,,
2001-07-18,8.45,1.16,24.65,1526.77045454545,23.6,1.54,,
2001-07-19,8.42,1.15,24.65,1526.77045454545,22.51,1.54,,
2001-07-20,8.39,1.17,25.67,1526.77045454545,22.34,1.53,,
2001-07-23,8.37,1.15,25.88,1526.77045454545,23.74,1.51,,
2001-07-24,8.37,1.16,26.18,1526.77045454545,25.24,1.51,,
2001-07-25,8.31,1.22,26.71,1526.77045454545,24.0,1.51,,
2001-07-26,8.27,1.25,26.74,1526.77045454545,23.01,1.51,,
2001-07-27,8.28,1.26,26.98,1526.77045454545,22.0,1.51,,
2001-07-30,8.32,1.25,26.6,1526.77045454545,22.69,1.5,,
2001-07-31,8.27,1.28,26.7,1526.77045454545,21.62,1.5,,
2001-08-01,8.09,1.28,26.83,1466.41136363636,20.56,1.49,,
2001-08-02,7.95,1.28,27.86,1466.41136363636,20.09,1.49,,
2001-08-03,7.92,1.29,27.51,1466.41136363636,19.89,1.49,,
2001-08-06,7.91,1.31,27.7,1466.41136363636,21.89,1.49,,
2001-08-07,7.87,1.3,28.17,1466.41136363636,21.01,1.49,,
2001-08-08,7.95,1.22,27.62,1466.41136363636,22.32,1.49,,
2001-08-09,7.93,1.27,27.72,1466.41136363636,21.75,1.49,,
2001-08-10,7.99,1.26,28.12,1466.41136363636,20.55,1.49,,
2001-08-13,8.07,1.27,27.85,1466.41136363636,20.42,1.5,,
2001-08-14,8.04,1.23,28.1,1466.41136363636,20.48,1.5,,
2001-08-15,7.96,1.2,27.51,1466.41136363636,20.91,1.51,,
2001-08-16,8.01,1.2,27.47,1466.41136363636,21.54,1.52,,
2001-08-17,8.11,1.17,26.65,1466.41136363636,23.84,1.53,,
2001-08-20,8.07,1.17,27.2,1466.41136363636,22.87,1.54,,
2001-08-21,8.12,1.18,27.93,1466.41136363636,24.4,1.55,,
2001-08-22,8.11,1.15,27.17,1466.41136363636,22.44,1.53,,
2001-08-23,8.15,1.17,25.63,1466.41136363636,22.23,1.53,,
2001-08-24,8.13,1.17,28.34,1466.41136363636,19.71,1.53,,
2001-08-27,8.14,1.16,26.69,1466.41136363636,20.56,1.53,,
2001-08-28,8.19,1.14,27.16,1466.41136363636,22.0,1.52,,
2001-08-29,8.23,1.11,27.07,1466.41136363636,23.03,1.52,,
2001-08-30,8.23,1.18,26.65,1466.41136363636,25.41,1.52,,
2001-08-31,8.05,1.21,26.65,1466.41136363636,24.92,1.53,,
2001-09-01,8.05,1.21,26.65,1427.69736842105,24.92,1.53,,
2001-09-03,8.04,1.21,26.65,1427.69736842105,24.92,1.53,,
2001-09-04,7.87,1.16,26.94,1427.69736842105,25.85,1.53,,
2001-09-05,7.95,1.18,27.03,1427.69736842105,26.35,1.55,,
2001-09-06,8.09,1.21,27.54,1427.69736842105,28.61,1.56,,
2001-09-07,8.22,1.27,27.99,1427.69736842105,30.99,1.57,,
2001-09-10,8.22,1.31,27.66,1427.69736842105,31.84,1.59,,
2001-09-11,8.22,1.31,27.65,1427.69736842105,31.84,1.59,,
2001-09-12,8.22,1.31,27.64,1427.69736842105,31.84,1.59,,
2001-09-13,8.22,1.65,28.58,1427.69736842105,31.84,1.59,,
2001-09-14,9.41,1.7,29.59,1427.69736842105,31.84,1.8,,
2001-09-17,9.58,1.67,28.84,1427.69736842105,41.76,1.83,,
2001-09-18,9.51,1.76,27.81,1427.69736842105,38.87,1.88,,
2001-09-19,9.6,1.88,26.73,1427.69736842105,40.56,1.82,,
2001-09-20,9.69,1.84,26.6,1427.69736842105,43.74,1.84,,
2001-09-21,9.89,1.79,25.46,1427.69736842105,42.66,1.87,,
2001-09-24,9.95,1.79,21.46,1427.69736842105,37.75,2.03,,
2001-09-25,9.88,1.84,21.63,1427.69736842105,35.81,1.88,,
2001-09-26,9.97,1.83,22.4,1427.69736842105,35.26,1.88,,
2001-09-27,10.07,1.8,22.8,1427.69736842105,34.0,1.9,,
2001-09-28,10.25,1.74,23.44,1427.69736842105,31.93,1.85,,
2001-09-30,10.18,1.74,23.44,1427.69736842105,31.93,1.85,,
2001-10-01,10.14,1.73,23.12,1377.37608695652,32.32,1.85,,
2001-10-02,10.17,1.76,22.7,1377.37608695652,31.18,1.85,,
2001-10-03,10.14,1.73,22.17,1377.37608695652,31.34,1.85,,
2001-10-04,10.11,1.78,22.7,1377.37608695652,31.97,1.84,,
2001-10-05,10.1,1.81,22.32,1377.37608695652,33.39,1.84,,
2001-10-08,10.06,1.81,22.25,1377.37608695652,35.12,1.84,,
2001-10-09,10.0,1.88,22.55,1377.37608695652,34.83,1.85,,
2001-10-10,9.92,1.83,22.51,1377.37608695652,31.6,1.86,,
2001-10-11,9.81,1.81,23.49,1377.37608695652,31.5,1.85,,
2001-10-12,9.77,1.87,22.49,1377.37608695652,35.27,1.84,,
2001-10-15,9.65,1.84,22.37,1377.37608695652,35.31,1.84,,
2001-10-16,9.63,1.82,22.01,1377.37608695652,32.88,1.85,,
2001-10-17,9.61,1.79,21.89,1377.37608695652,35.08,1.83,,
2001-10-18,9.61,1.81,21.33,1377.37608695652,34.95,1.84,,
2001-10-19,9.6,1.86,21.99,1377.37608695652,34.11,1.83,,
2001-10-22,9.6,1.84,21.78,1377.37608695652,32.25,1.83,,
2001-10-23,9.57,1.85,21.28,1377.37608695652,32.0,1.83,,
2001-10-24,9.61,1.89,22.0,1377.37608695652,30.95,1.84,,
2001-10-25,9.62,1.93,21.75,1377.37608695652,29.46,1.85,,
2001-10-26,9.62,1.9,22.07,1377.37608695652,28.42,1.86,,
2001-10-29,9.64,1.95,22.1,1377.37608695652,31.64,1.87,,
2001-10-30,9.73,1.96,21.83,1377.37608695652,33.46,1.89,,
2001-10-31,9.61,1.86,21.2,1377.37608695652,33.56,1.93,,
2001-11-01,9.56,1.75,20.47,1434.29318181818,32.31,1.93,,
2001-11-02,9.46,1.89,20.24,1434.29318181818,30.71,1.94,,
2001-11-05,9.48,1.85,20.0,1434.29318181818,30.5,1.94,,
2001-11-06,9.5,1.93,19.93,1434.29318181818,28.8,1.92,,
2001-11-07,9.53,1.9,20.11,1434.29318181818,29.13,1.93,,
2001-11-08,9.36,1.9,21.21,1434.29318181818,28.62,1.92,,
2001-11-09,9.29,1.89,22.23,1434.29318181818,27.44,1.91,,
2001-11-12,9.3,1.89,21.26,1434.29318181818,29.35,1.9,,
2001-11-13,9.24,1.87,21.56,1434.29318181818,26.47,1.89,,
2001-11-14,9.06,1.84,19.63,1434.29318181818,26.56,1.86,,
2001-11-15,8.62,1.81,17.5,1434.29318181818,25.56,1.83,,
2001-11-16,8.38,1.82,18.09,1434.29318181818,25.07,1.81,,
2001-11-19,8.48,1.88,17.74,1434.29318181818,24.46,1.8,,
2001-11-20,8.37,1.92,18.71,1434.29318181818,24.12,1.8,,
2001-11-21,8.25,1.87,18.38,1434.29318181818,24.19,1.78,,
2001-11-22,8.24,1.87,18.38,1434.29318181818,24.19,1.78,,
2001-11-23,8.15,1.84,18.38,1434.29318181818,23.25,1.74,,
2001-11-26,8.17,1.83,18.69,1434.29318181818,23.79,1.73,,
2001-11-27,8.18,1.87,19.57,1434.29318181818,24.0,1.7,,
2001-11-28,8.13,1.86,19.37,1434.29318181818,25.9,1.71,,
2001-11-29,8.33,1.92,18.55,1434.29318181818,25.18,1.71,,
2001-11-30,8.39,1.94,19.46,1434.29318181818,23.84,1.71,,
2001-12-01,8.39,1.94,19.46,1472.84705882353,23.84,1.71,,
2001-12-03,8.38,1.93,20.27,1472.84705882353,25.77,1.74,,
2001-12-04,8.47,1.89,19.71,1472.84705882353,24.08,1.74,,
2001-12-05,8.25,1.85,19.62,1472.84705882353,23.02,1.72,,
2001-12-06,8.12,1.85,18.69,1472.84705882353,23.71,1.68,,
2001-12-07,8.01,2.01,19.08,1472.84705882353,23.49,1.67,,
2001-12-10,8.2,2.07,18.32,1472.84705882353,25.62,1.69,,
2001-12-11,8.31,2.1,18.04,1472.84705882353,25.3,1.72,,
2001-12-12,8.42,2.05,18.38,1472.84705882353,24.87,1.72,,
2001-12-13,8.33,2.04,18.2,1472.84705882353,25.91,1.73,,
2001-12-14,8.34,2.04,19.31,1472.84705882353,24.63,1.72,,
2001-12-17,8.17,2.05,19.28,1472.84705882353,24.26,1.62,,
2001-12-18,8.33,2.03,19.38,1472.84705882353,23.29,1.73,,
2001-12-19,8.41,1.97,19.37,1472.84705882353,22.58,1.73,,
2001-12-20,8.37,1.93,18.67,1472.84705882353,23.67,1.72,,
2001-12-21,8.32,1.95,19.3,1472.84705882353,22.5,1.7,,
2001-12-24,8.3,1.96,19.3,1472.84705882353,22.62,1.7,,
2001-12-26,8.26,1.96,21.32,1472.84705882353,22.29,1.69,,
2001-12-27,8.33,1.94,21.07,1472.84705882353,21.59,1.68,,
2001-12-28,8.33,1.99,20.42,1472.84705882353,21.4,1.68,,
2001-12-31,8.24,2.0,19.96,1472.84705882353,23.8,1.65,,
2002-01-01,8.24,2.0,19.96,1508.22727272727,23.8,1.65,,
2002-01-02,8.12,1.98,21.13,1508.22727272727,22.71,1.64,,
2002-01-03,8.03,1.97,20.65,1508.22727272727,21.34,1.63,,
2002-01-04,7.99,1.99,21.47,1508.22727272727,20.45,1.62,,
2002-01-07,8.06,2.01,21.42,1508.22727272727,21.94,1.63,,
2002-01-08,8.05,2.03,20.82,1508.22727272727,21.83,1.64,,
2002-01-09,8.04,2.07,20.32,1508.22727272727,22.13,1.64,,
2002-01-10,8.08,2.06,20.48,1508.22727272727,22.36,1.65,,
2002-01-11,8.17,2.16,19.67,1508.22727272727,22.6,1.65,,
2002-01-14,8.17,2.12,18.88,1508.22727272727,23.58,1.65,,
2002-01-15,8.26,2.09,18.99,1508.22727272727,22.7,1.65,,
2002-01-16,8.27,2.04,18.96,1508.22727272727,23.45,1.66,,
2002-01-17,8.22,2.02,18.2,1508.22727272727,22.25,1.67,,
2002-01-18,8.28,2.03,18.02,1508.22727272727,22.52,1.65,,
2002-01-21,8.29,2.03,18.02,1508.22727272727,22.52,1.65,,
2002-01-22,8.27,1.99,18.36,1508.22727272727,23.61,1.65,,
2002-01-23,8.22,1.98,19.1,1508.22727272727,21.88,1.65,,
2002-01-24,8.18,1.92,19.57,1508.22727272727,21.15,1.62,,
2002-01-25,8.14,1.93,19.8,1508.22727272727,21.01,1.62,,
2002-01-28,8.11,1.93,20.05,1508.22727272727,21.14,1.61,,
2002-01-29,8.26,1.97,19.3,1508.22727272727,24.35,1.64,,
2002-01-30,8.29,1.96,19.11,1508.22727272727,23.22,1.72,,
2002-01-31,7.89,1.91,19.71,1508.22727272727,21.09,1.71,,
2002-02-01,7.81,1.94,20.4,1561.3675,21.12,1.71,,
2002-02-04,7.91,1.95,20.02,1561.3675,24.87,1.76,,
2002-02-05,7.98,1.93,20.06,1561.3675,25.45,1.83,,
2002-02-06,8.02,1.94,19.77,1561.3675,26.09,1.87,,
2002-02-07,8.02,1.94,19.75,1561.3675,25.11,1.87,,
2002-02-08,8.08,1.95,20.25,1561.3675,23.26,1.83,,
2002-02-11,8.09,1.96,21.29,1561.3675,21.78,1.85,,
2002-02-12,8.03,1.93,20.76,1561.3675,21.62,1.83,,
2002-02-13,7.99,1.92,21.19,1561.3675,20.85,1.83,,
2002-02-14,8.05,1.88,21.19,1561.3675,21.77,1.81,,
2002-02-15,8.11,1.89,21.47,1561.3675,22.37,1.84,,
2002-02-18,8.12,1.89,21.47,1561.3675,22.37,1.84,,
2002-02-19,8.12,1.9,20.77,1561.3675,24.43,1.86,,
2002-02-20,8.19,1.88,20.31,1561.3675,22.66,1.87,,
2002-02-21,8.2,1.88,20.81,1561.3675,23.8,1.86,,
2002-02-22,8.28,1.87,20.92,1561.3675,22.86,1.87,,
2002-02-25,8.31,1.85,20.24,1561.3675,21.84,1.84,,
2002-02-26,8.25,1.85,21.37,1561.3675,21.68,1.82,,
2002-02-27,8.31,1.75,21.4,1561.3675,21.49,1.82,,
2002-02-28,8.19,1.82,21.78,1561.3675,21.59,1.81,,
2002-03-01,7.99,1.8,22.37,1607.3925,19.96,1.78,,
2002-03-04,7.92,1.78,22.55,1607.3925,20.5,1.78,,
2002-03-05,7.83,1.77,23.18,1607.3925,20.3,1.77,,
2002-03-06,7.77,1.8,23.32,1607.3925,19.94,1.76,,
2002-03-07,7.51,1.86,23.62,1607.3925,20.04,1.73,,
2002-03-08,7.34,1.73,23.87,1607.3925,19.27,1.71,,
2002-03-11,7.33,1.74,24.36,1607.3925,19.84,1.7,,
2002-03-12,7.32,1.76,24.55,1607.3925,19.59,1.71,,
2002-03-13,7.36,1.79,24.14,1607.3925,19.46,1.72,,
2002-03-14,7.2,1.77,24.48,1607.3925,19.2,1.7,,
2002-03-15,7.18,1.72,24.47,1607.3925,18.42,1.69,,
2002-03-18,7.2,1.65,25.03,1607.3925,18.93,1.7,,
2002-03-19,7.18,1.69,25.02,1607.3925,18.16,1.7,,
2002-03-20,7.08,1.69,24.92,1607.3925,18.46,1.69,,
2002-03-21,7.1,1.66,25.74,1607.3925,18.15,1.69,,
2002-03-22,7.08,1.63,25.56,1607.3925,17.77,1.68,,
2002-03-25,7.06,1.63,25.69,1607.3925,18.48,1.68,,
2002-03-26,7.13,1.67,25.75,1607.3925,18.13,1.69,,
2002-03-27,7.13,1.69,25.79,1607.3925,17.7,1.7,,
2002-03-28,7.11,1.7,26.21,1607.3925,17.4,1.71,,
2002-03-31,7.08,1.7,26.21,1607.3925,17.4,1.71,,
2002-04-01,7.0,1.7,26.82,1588.57142857143,18.73,1.7,,
2002-04-02,7.06,1.73,27.75,1588.57142857143,19.16,1.71,,
2002-04-03,7.15,1.75,27.55,1588.57142857143,20.2,1.7,,
2002-04-04,7.15,1.71,26.64,1588.57142857143,19.78,1.71,,
2002-04-05,7.21,1.73,26.21,1588.57142857143,19.13,1.72,,
2002-04-08,7.18,1.74,26.16,1588.57142857143,19.61,1.72,,
2002-04-09,7.2,1.74,25.45,1588.57142857143,19.47,1.72,,
2002-04-10,7.15,1.76,26.15,1588.57142857143,18.19,1.72,,
2002-04-11,7.17,1.75,24.93,1588.57142857143,20.3,1.75,,
2002-04-12,7.26,1.77,23.51,1588.57142857143,19.42,1.74,,
2002-04-15,7.27,1.77,24.53,1588.57142857143,19.82,1.74,,
2002-04-16,7.21,1.77,24.92,1588.57142857143,18.11,1.75,,
2002-04-17,7.14,1.83,25.94,1588.57142857143,18.43,1.72,,
2002-04-18,7.13,1.85,25.86,1588.57142857143,19.29,1.7,,
2002-04-19,7.14,1.85,26.43,1588.57142857143,18.3,1.71,,
2002-04-22,7.18,1.82,26.28,1588.57142857143,19.77,1.75,,
2002-04-23,7.17,1.79,26.28,1588.57142857143,20.28,1.78,,
2002-04-24,7.2,1.83,26.28,1588.57142857143,20.77,1.79,,
2002-04-25,7.22,1.85,26.36,1588.57142857143,20.95,1.81,,
2002-04-26,7.24,1.86,27.12,1588.57142857143,22.14,1.82,,
2002-04-29,7.19,1.87,27.45,1588.57142857143,24.05,1.87,,
2002-04-30,6.88,1.87,27.32,1588.57142857143,21.91,1.88,,
2002-05-01,6.89,1.87,26.58,1597.02272727273,20.06,1.92,,
2002-05-02,6.87,1.88,26.31,1597.02272727273,20.07,1.92,,
2002-05-03,6.94,1.91,26.75,1597.02272727273,20.19,1.9,,
2002-05-06,6.96,1.91,26.11,1597.02272727273,22.56,1.91,,
2002-05-07,7.02,1.95,26.79,1597.02272727273,21.94,1.92,,
2002-05-08,6.89,1.92,27.76,1597.02272727273,20.39,1.89,,
2002-05-09,6.89,1.93,27.78,1597.02272727273,21.56,1.89,,
2002-05-10,6.97,1.96,27.92,1597.02272727273,22.41,1.89,,
2002-05-13,6.96,1.95,28.62,1597.02272727273,20.72,1.89,,
2002-05-14,6.89,1.92,29.17,1597.02272727273,19.35,1.89,,
2002-05-15,6.93,1.91,28.17,1597.02272727273,19.19,1.88,,
2002-05-16,7.05,1.92,28.0,1597.02272727273,18.5,1.89,,
2002-05-17,7.01,1.86,28.19,1597.02272727273,17.7,1.88,,
2002-05-20,7.07,1.88,28.24,1597.02272727273,19.24,1.88,,
2002-05-21,7.11,1.9,27.35,1597.02272727273,20.05,1.87,,
2002-05-22,7.15,1.9,27.01,1597.02272727273,19.58,1.87,,
2002-05-23,7.1,1.88,26.6,1597.02272727273,18.23,1.86,,
2002-05-24,7.08,1.88,26.69,1597.02272727273,18.9,1.84,,
2002-05-27,7.08,1.88,26.69,1597.02272727273,18.9,1.84,,
2002-05-28,7.09,1.86,25.08,1597.02272727273,20.31,1.83,,
2002-05-29,7.16,1.87,25.64,1597.02272727273,20.39,1.82,,
2002-05-30,7.22,1.89,24.78,1597.02272727273,20.61,1.83,,
2002-05-31,7.28,1.86,25.37,1597.02272727273,19.98,1.62,,
2002-06-01,7.28,1.86,25.37,1650.59444444444,19.98,1.62,,
2002-06-03,7.27,1.87,25.1,1650.59444444444,23.37,1.63,,
2002-06-04,7.35,1.91,25.32,1650.59444444444,23.89,1.62,,
2002-06-05,7.31,1.92,25.02,1650.59444444444,22.61,1.61,,
2002-06-06,7.35,1.91,24.89,1650.59444444444,24.16,1.62,,
2002-06-07,7.41,1.94,24.72,1650.59444444444,23.51,1.64,,
2002-06-10,7.48,1.92,24.24,1650.59444444444,23.72,1.64,,
2002-06-11,7.57,1.93,24.21,1650.59444444444,24.45,1.66,,
2002-06-12,7.7,1.93,24.79,1650.59444444444,24.15,1.68,,
2002-06-13,7.75,1.94,25.54,1650.59444444444,25.02,1.67,,
2002-06-14,7.9,1.91,25.9,1650.59444444444,25.96,1.69,,
2002-06-17,7.85,1.93,25.98,1650.59444444444,24.64,1.68,,
2002-06-18,7.85,1.95,25.36,1650.59444444444,24.24,1.68,,
2002-06-19,7.97,1.95,25.57,1650.59444444444,26.06,1.7,,
2002-06-20,7.95,1.92,25.62,1650.59444444444,27.48,1.72,,
2002-06-21,8.14,1.91,25.51,1650.59444444444,27.23,1.73,,
2002-06-24,8.19,1.94,26.31,1650.59444444444,26.98,1.76,,
2002-06-25,8.27,1.96,26.06,1650.59444444444,27.84,1.76,,
2002-06-26,9.06,1.98,26.67,1650.59444444444,28.42,1.86,,
2002-06-27,9.14,1.99,26.77,1650.59444444444,26.29,1.86,,
2002-06-28,9.23,1.96,26.79,1650.59444444444,25.4,1.9,,
2002-06-30,8.75,1.96,26.79,1650.59444444444,25.4,1.87,,
2002-07-01,8.69,1.97,26.79,1588.2847826087,27.11,1.85,,
2002-07-02,8.93,1.99,26.83,1588.2847826087,28.96,1.9,,
2002-07-03,9.02,2.0,26.82,1588.2847826087,29.42,1.92,,
2002-07-04,9.02,2.0,26.82,1588.2847826087,29.42,1.92,,
2002-07-05,8.96,2.0,26.82,1588.2847826087,27.11,1.89,,
2002-07-08,8.99,2.0,26.14,1588.2847826087,28.25,1.89,,
2002-07-09,8.98,2.04,26.16,1588.2847826087,30.22,1.88,,
2002-07-10,9.06,2.05,26.73,1588.2847826087,34.1,1.88,,
2002-07-11,9.26,2.05,27.01,1588.2847826087,33.85,1.92,,
2002-07-12,9.26,2.07,27.48,1588.2847826087,32.94,1.92,,
2002-07-15,9.19,2.11,27.23,1588.2847826087,35.03,1.96,,
2002-07-16,9.13,2.09,27.68,1588.2847826087,36.65,1.97,,
2002-07-17,9.19,2.08,27.88,1588.2847826087,35.45,2.0,,
2002-07-18,9.26,2.11,27.5,1588.2847826087,35.12,1.98,,
2002-07-19,9.37,2.13,27.83,1588.2847826087,38.17,2.03,,
2002-07-22,9.49,2.11,26.61,1588.2847826087,41.87,2.07,,
2002-07-23,9.71,2.13,26.61,1588.2847826087,44.92,2.14,,
2002-07-24,9.96,2.11,26.78,1588.2847826087,39.86,2.3,,
2002-07-25,9.98,2.15,26.67,1588.2847826087,39.27,2.3,,
2002-07-26,10.13,2.23,26.55,1588.2847826087,35.51,2.38,,
2002-07-29,10.01,2.21,26.54,1588.2847826087,31.33,2.38,,
2002-07-30,9.99,2.21,27.43,1588.2847826087,31.92,2.37,,
2002-07-31,9.71,2.28,27.02,1588.2847826087,32.03,2.27,,
2002-08-01,9.54,2.32,26.51,1482.91666666667,36.95,2.26,,
2002-08-02,9.76,2.34,26.87,1482.91666666667,41.29,2.29,,
2002-08-05,9.91,2.36,26.55,1482.91666666667,45.08,2.38,,
2002-08-06,9.81,2.31,27.18,1482.91666666667,42.03,2.4,,
2002-08-07,9.89,2.37,26.58,1482.91666666667,38.73,2.38,,
2002-08-08,9.85,2.3,26.67,1482.91666666667,36.33,2.38,,
2002-08-09,9.92,2.17,26.87,1482.91666666667,35.33,2.41,,
2002-08-12,10.0,2.12,27.84,1482.91666666667,37.05,2.42,,
2002-08-13,10.15,2.12,28.35,1482.91666666667,35.82,2.44,,
2002-08-14,10.2,1.94,28.19,1482.91666666667,32.36,2.41,,
2002-08-15,10.01,1.95,28.99,1482.91666666667,29.43,2.38,,
2002-08-16,9.93,2.04,29.24,1482.91666666667,28.81,2.36,,
2002-08-19,9.93,2.04,29.86,1482.91666666667,28.61,2.34,,
2002-08-20,9.94,2.05,30.12,1482.91666666667,29.59,2.29,,
2002-08-21,9.88,2.08,30.37,1482.91666666667,28.23,2.27,,
2002-08-22,9.65,2.08,30.11,1482.91666666667,27.75,2.25,,
2002-08-23,9.62,2.06,29.99,1482.91666666667,29.32,2.24,,
2002-08-26,9.55,2.03,29.23,1482.91666666667,29.89,2.23,,
2002-08-27,9.44,2.03,28.84,1482.91666666667,30.11,2.22,,
2002-08-28,9.48,1.99,28.31,1482.91666666667,33.32,2.22,,
2002-08-29,9.51,2.02,28.83,1482.91666666667,33.67,2.23,,
2002-08-30,9.5,2.0,28.97,1482.91666666667,32.64,2.22,,
2002-08-31,9.61,2.0,28.97,1482.91666666667,32.64,2.22,,
2002-09-01,9.61,2.0,28.97,1478.93333333333,32.64,2.22,,
2002-09-02,9.6,2.0,28.97,1478.93333333333,32.64,2.22,,
2002-09-03,9.76,1.97,27.76,1478.93333333333,39.97,2.27,,
2002-09-04,9.75,1.94,28.28,1478.93333333333,37.44,2.28,,
2002-09-05,9.82,1.96,29.06,1478.93333333333,38.86,2.29,,
2002-09-06,9.69,1.97,29.51,1478.93333333333,36.33,2.28,,
2002-09-09,9.69,1.92,29.8,1478.93333333333,36.45,2.28,,
2002-09-10,9.7,1.88,29.62,1478.93333333333,35.08,2.26,,
2002-09-11,9.59,1.89,29.77,1478.93333333333,34.81,2.26,,
2002-09-12,9.63,1.86,28.95,1478.93333333333,37.5,2.24,,
2002-09-13,9.65,1.85,29.83,1478.93333333333,35.82,2.23,,
2002-09-16,9.61,1.83,29.14,1478.93333333333,36.74,2.21,,
2002-09-17,9.6,1.81,29.08,1478.93333333333,38.01,2.2,,
2002-09-18,9.65,1.82,29.57,1478.93333333333,37.52,2.21,,
2002-09-19,9.82,1.86,29.49,1478.93333333333,40.65,2.23,,
2002-09-20,9.92,1.85,29.65,1478.93333333333,38.98,2.26,,
2002-09-23,10.12,1.77,30.85,1478.93333333333,39.68,2.29,,
2002-09-24,10.26,1.76,30.79,1478.93333333333,40.52,2.35,,
2002-09-25,10.18,1.77,30.69,1478.93333333333,37.33,2.33,,
2002-09-26,10.17,1.82,30.31,1478.93333333333,34.6,2.32,,
2002-09-27,10.3,1.87,30.53,1478.93333333333,36.97,2.33,,
2002-09-30,10.33,1.91,30.59,1478.93333333333,39.69,2.37,,
2002-10-01,10.21,1.92,30.71,1486.17173913043,34.12,2.36,,
2002-10-02,10.34,1.96,30.59,1486.17173913043,36.83,2.35,,
2002-10-03,10.48,1.95,29.73,1486.17173913043,37.31,2.37,,
2002-10-04,10.55,1.91,29.65,1486.17173913043,39.46,2.42,,
2002-10-07,10.71,1.87,29.65,1486.17173913043,42.64,2.47,,
2002-10-08,10.87,1.85,29.56,1486.17173913043,41.02,2.57,,
2002-10-09,11.17,1.89,29.31,1486.17173913043,42.13,2.67,,
2002-10-10,11.2,1.93,28.96,1486.17173913043,37.55,2.72,,
2002-10-11,11.07,1.98,29.36,1486.17173913043,35.7,2.65,,
2002-10-14,11.09,1.98,30.06,1486.17173913043,36.04,2.65,,
2002-10-15,10.73,1.99,29.73,1486.17173913043,34.02,2.59,,
2002-10-16,10.73,2.04,29.28,1486.17173913043,36.0,2.62,,
2002-10-17,10.64,2.06,29.61,1486.17173913043,34.1,2.61,,
2002-10-18,10.65,2.05,29.56,1486.17173913043,33.53,2.62,,
2002-10-21,10.54,2.01,28.31,1486.17173913043,33.11,2.6,,
2002-10-22,10.53,2.06,27.93,1486.17173913043,34.09,2.59,,
2002-10-23,10.54,2.06,28.19,1486.17173913043,33.2,2.6,,
2002-10-24,10.53,2.07,27.87,1486.17173913043,34.03,2.58,,
2002-10-25,10.57,2.14,27.09,1486.17173913043,30.0,2.57,,
2002-10-28,10.55,2.22,27.25,1486.17173913043,31.07,2.54,,
2002-10-29,10.67,2.18,26.81,1486.17173913043,32.27,2.55,,
2002-10-30,10.62,2.25,26.85,1486.17173913043,31.23,2.55,,
2002-10-31,10.59,2.25,27.18,1486.17173913043,31.14,2.46,,
2002-11-01,10.47,2.25,27.04,1581.03571428571,29.3,2.45,,
2002-11-04,10.3,2.28,26.89,1581.03571428571,30.82,2.41,,
2002-11-05,10.19,2.28,26.06,1581.03571428571,31.23,2.38,,
2002-11-06,10.1,2.22,25.72,1581.03571428571,30.73,2.32,,
2002-11-07,10.12,2.02,25.36,1581.03571428571,31.42,2.28,,
2002-11-08,10.16,1.98,25.83,1581.03571428571,29.41,2.3,,
2002-11-11,10.18,1.98,26.02,1581.03571428571,31.3,2.3,,
2002-11-12,10.15,2.05,26.19,1581.03571428571,30.58,2.3,,
2002-11-13,10.11,2.08,25.28,1581.03571428571,31.24,2.3,,
2002-11-14,9.94,2.14,25.4,1581.03571428571,28.67,2.22,,
2002-11-15,9.78,2.14,25.5,1581.03571428571,26.65,2.18,,
2002-11-18,9.7,2.11,26.71,1581.03571428571,27.66,2.12,,
2002-11-19,9.61,2.08,26.41,1581.03571428571,27.41,2.1,,
2002-11-20,9.39,2.1,27.0,1581.03571428571,25.32,2.06,,
2002-11-21,9.15,2.09,27.07,1581.03571428571,23.81,2.01,,
2002-11-22,9.04,2.08,27.73,1581.03571428571,23.16,2.0,,
2002-11-25,9.01,2.1,27.01,1581.03571428571,24.07,2.0,,
2002-11-26,9.14,2.11,26.6,1581.03571428571,25.97,2.02,,
2002-11-27,8.94,2.13,26.87,1581.03571428571,27.25,1.98,,
2002-11-28,8.94,2.13,26.87,1581.03571428571,27.25,1.98,,
2002-11-29,9.01,2.14,26.87,1581.03571428571,27.5,2.0,,
2002-11-30,8.83,2.14,26.87,1581.03571428571,27.5,1.98,,
2002-12-01,8.83,2.14,26.87,1592.96428571429,27.5,1.98,,
2002-12-02,8.67,2.15,27.27,1592.96428571429,27.46,1.93,,
2002-12-03,8.67,2.16,27.34,1592.96428571429,28.33,1.95,,
2002-12-04,8.81,2.16,26.8,1592.96428571429,28.92,1.97,,
2002-12-05,8.89,2.16,27.27,1592.96428571429,30.1,1.97,,
2002-12-06,9.0,2.2,27.03,1592.96428571429,28.88,1.97,,
2002-12-09,9.08,2.18,27.29,1592.96428571429,30.78,1.98,,
2002-12-10,9.05,2.16,27.73,1592.96428571429,28.76,1.99,,
2002-12-11,9.09,2.16,27.49,1592.96428571429,27.76,1.97,,
2002-12-12,9.06,2.16,28.2,1592.96428571429,27.29,1.96,,
2002-12-13,8.99,2.2,28.39,1592.96428571429,28.18,1.96,,
2002-12-16,8.88,2.21,30.15,1592.96428571429,26.24,1.93,,
2002-12-17,8.9,2.24,30.04,1592.96428571429,26.66,1.9,,
2002-12-18,8.94,2.25,30.41,1592.96428571429,28.29,1.9,,
2002-12-19,9.03,2.22,30.57,1592.96428571429,30.21,1.9,,
2002-12-20,8.99,2.21,30.57,1592.96428571429,26.71,1.89,,
2002-12-23,9.0,2.19,32.09,1592.96428571429,26.2,1.9,,
2002-12-24,9.01,2.22,32.13,1592.96428571429,26.49,1.9,,
2002-12-26,9.02,2.23,32.61,1592.96428571429,27.37,1.9,,
2002-12-27,9.11,2.23,32.68,1592.96428571429,29.55,1.9,,
2002-12-30,9.13,2.21,31.41,1592.96428571429,29.62,1.89,,
2002-12-31,8.9,2.22,31.21,1592.96428571429,28.62,1.88,,
2003-01-01,8.9,2.22,31.21,1650.311363636364,28.62,1.88,,
2003-01-02,8.65,2.27,31.97,1650.311363636364,25.39,1.86,1.64,
2003-01-03,8.57,2.26,33.26,1650.311363636364,24.68,1.85,1.62,
2003-01-06,8.41,2.25,32.29,1650.311363636364,24.91,1.82,1.63,
2003-01-07,8.26,2.27,31.2,1650.311363636364,25.13,1.81,1.62,
2003-01-08,8.18,2.29,30.66,1650.311363636364,25.53,1.8,1.71,
2003-01-09,7.95,2.32,31.95,1650.311363636364,24.25,1.77,1.78,
2003-01-10,7.92,2.37,31.59,1650.311363636364,24.32,1.75,1.75,
2003-01-13,7.92,2.34,32.08,1650.311363636364,24.9,1.73,1.77,
2003-01-14,7.96,2.34,32.42,1650.311363636364,24.57,1.73,1.76,
2003-01-15,7.96,2.35,33.23,1650.311363636364,25.51,1.73,1.8,
2003-01-16,7.99,2.35,33.58,1650.311363636364,25.01,1.74,1.79,
2003-01-17,8.1,2.35,33.88,1650.311363636364,25.7,1.75,1.8,
2003-01-20,8.11,2.35,33.88,1650.311363636364,25.7,1.75,1.8,
2003-01-21,8.12,2.34,34.62,1650.311363636364,27.59,1.75,1.78,
2003-01-22,8.23,2.29,34.32,1650.311363636364,29.01,1.77,1.72,
2003-01-23,8.16,2.29,33.9,1650.311363636364,27.53,1.75,1.78,
2003-01-24,8.21,2.28,34.98,1650.311363636364,31.51,1.76,1.8,
2003-01-27,8.29,2.28,32.43,1650.311363636364,34.69,1.76,1.82,
2003-01-28,8.25,2.3,32.7,1650.311363636364,31.93,1.75,1.81,
2003-01-29,8.24,2.29,33.54,1650.311363636364,31.26,1.75,1.85,
2003-01-30,8.25,2.3,33.78,1650.311363636364,31.32,1.74,1.8,
2003-01-31,8.29,2.28,33.51,1650.311363636364,31.17,1.74,1.81,
2003-02-01,8.29,2.28,33.51,1682.145,31.17,1.74,1.81,
2003-02-03,8.21,2.29,32.84,1682.145,31.02,1.71,1.81,
2003-02-04,8.28,2.28,33.61,1682.145,32.76,1.71,1.84,
2003-02-05,8.23,2.29,33.91,1682.145,33.04,1.69,1.9,
2003-02-06,8.35,2.29,34.36,1682.145,33.35,1.7,1.88,
2003-02-07,8.39,2.33,35.05,1682.145,34.01,1.7,1.89,
2003-02-10,8.35,2.31,34.46,1682.145,33.99,1.69,1.93,
2003-02-11,8.37,2.33,35.43,1682.145,33.68,1.69,1.93,
2003-02-12,8.5,2.31,35.83,1682.145,34.33,1.69,1.89,
2003-02-13,8.69,2.32,36.63,1682.145,33.7,1.72,1.88,
2003-02-14,8.62,2.33,36.61,1682.145,32.62,1.71,1.92,
2003-02-17,8.58,2.33,36.61,1682.145,32.62,1.7,1.92,
2003-02-18,8.56,2.28,36.88,1682.145,31.11,1.7,1.89,
2003-02-19,8.53,2.27,37.02,1682.145,31.31,1.7,1.89,
2003-02-20,8.51,2.26,36.45,1682.145,31.16,1.69,1.94,
2003-02-21,8.42,2.27,36.76,1682.145,30.25,1.68,1.97,
2003-02-24,8.41,2.26,37.29,1682.145,31.98,1.67,1.99,
2003-02-25,8.45,2.23,36.06,1682.145,31.74,1.69,1.97,
2003-02-26,8.44,2.21,37.96,1682.145,31.94,1.68,1.94,
2003-02-27,8.4,2.18,36.83,1682.145,30.53,1.67,1.94,
2003-02-28,8.38,2.18,36.76,1682.145,29.63,1.66,1.94,
2003-03-01,8.38,2.18,36.76,1655.692857142857,29.63,1.66,1.94,
2003-03-03,8.29,2.16,36.1,1655.692857142857,30.43,1.63,1.91,
2003-03-04,8.31,2.16,36.95,1655.692857142857,31.83,1.64,1.88,
2003-03-05,8.33,2.17,36.86,1655.692857142857,30.38,1.67,1.88,
2003-03-06,8.31,2.2,37.21,1655.692857142857,31.37,1.67,1.93,
2003-03-07,8.34,2.24,37.76,1655.692857142857,31.08,1.69,1.91,
2003-03-10,8.38,2.24,37.18,1655.692857142857,33.31,1.7,1.9,
2003-03-11,8.33,2.22,36.81,1655.692857142857,33.61,1.7,1.92,
2003-03-12,8.32,2.15,37.87,1655.692857142857,33.51,1.71,1.92,
2003-03-13,8.16,2.15,36.05,1655.692857142857,31.76,1.68,2.01,
2003-03-14,8.17,2.16,35.41,1655.692857142857,30.98,1.68,1.83,
2003-03-17,8.04,2.19,34.92,1655.692857142857,31.75,1.67,1.85,
2003-03-18,7.91,2.19,31.55,1655.692857142857,30.43,1.66,1.83,
2003-03-19,7.88,2.26,30.01,1655.692857142857,31.54,1.65,1.83,
2003-03-20,7.84,2.26,28.62,1655.692857142857,30.44,1.65,1.81,
2003-03-21,7.69,2.31,27.18,1655.692857142857,28.67,1.62,1.82,
2003-03-24,7.81,2.27,29.51,1655.692857142857,30.39,1.62,1.8,
2003-03-25,7.8,2.28,33.42,1655.692857142857,28.75,1.62,1.8,
2003-03-26,7.78,2.28,28.71,1655.692857142857,28.23,1.6,1.81,
2003-03-27,7.76,2.33,30.31,1655.692857142857,27.96,1.59,1.85,
2003-03-28,7.75,2.36,30.21,1655.692857142857,27.75,1.58,1.83,
2003-03-31,7.72,2.32,31.14,1655.692857142857,29.15,1.58,1.8,
2003-04-01,7.61,2.34,29.48,1587.8675,28.36,1.57,1.82,
2003-04-02,7.36,2.34,28.55,1587.8675,28.02,1.56,1.83,
2003-04-03,7.31,2.38,29.05,1587.8675,28.21,1.54,1.81,
2003-04-04,7.24,2.41,28.41,1587.8675,29.13,1.55,1.8,
2003-04-07,7.11,2.38,27.76,1587.8675,28.45,1.53,1.82,
2003-04-08,7.21,2.36,27.97,1587.8675,27.13,1.54,1.77,
2003-04-09,7.31,2.38,28.93,1587.8675,27.11,1.54,1.8,
2003-04-10,7.28,2.35,27.2,1587.8675,25.6,1.54,1.79,
2003-04-11,7.21,2.35,28.28,1587.8675,24.44,1.53,1.77,
2003-04-14,7.12,2.3,28.41,1587.8675,23.41,1.53,1.82,
2003-04-15,7.07,2.29,29.46,1587.8675,22.56,1.5,1.8,
2003-04-16,7.05,2.29,29.16,1587.8675,22.52,1.47,1.76,
2003-04-17,6.97,2.27,30.1,1587.8675,21.5,1.45,1.76,
2003-04-21,6.92,2.29,30.76,1587.8675,21.95,1.43,1.75,
2003-04-22,6.86,2.31,29.92,1587.8675,20.7,1.41,1.74,
2003-04-23,6.71,2.32,28.04,1587.8675,20.8,1.39,1.76,
2003-04-24,6.69,2.31,27.52,1587.8675,20.33,1.38,1.71,
2003-04-25,6.68,2.34,25.92,1587.8675,20.8,1.37,1.73,
2003-04-28,6.64,2.33,25.25,1587.8675,20.84,1.36,1.76,
2003-04-29,6.55,2.34,25.32,1587.8675,20.76,1.35,1.74,
2003-04-30,6.44,2.38,26.09,1587.8675,21.21,1.34,1.73,
2003-05-01,6.37,2.38,26.05,1651.1,21.59,1.33,1.75,
2003-05-02,6.26,2.38,25.74,1651.1,20.63,1.3,1.75,
2003-05-05,6.25,2.37,26.43,1651.1,21.13,1.29,1.73,
2003-05-06,6.34,2.39,25.65,1651.1,20.8,1.28,1.67,
2003-05-07,6.46,2.27,26.24,1651.1,21.0,1.28,1.7,
2003-05-08,6.55,2.21,26.94,1651.1,21.24,1.28,1.7,
2003-05-09,6.53,2.24,27.65,1651.1,19.69,1.29,1.69,
2003-05-12,6.53,2.18,27.34,1651.1,19.52,1.29,1.68,
2003-05-13,6.53,2.16,28.51,1651.1,19.91,1.31,1.69,
2003-05-14,6.62,2.12,29.21,1651.1,20.0,1.32,1.66,
2003-05-15,6.55,2.07,28.57,1651.1,19.24,1.33,1.67,
2003-05-16,6.63,2.08,29.07,1651.1,18.4,1.33,1.62,
2003-05-19,6.66,2.11,28.84,1651.1,20.51,1.33,1.61,
2003-05-20,6.77,2.07,29.29,1651.1,21.29,1.35,1.65,
2003-05-21,6.8,2.01,29.51,1651.1,21.21,1.36,1.66,
2003-05-22,6.86,1.98,29.09,1651.1,19.78,1.36,1.63,
2003-05-23,6.87,1.96,29.74,1651.1,19.17,1.34,1.62,
2003-05-26,6.87,1.96,29.74,1651.1,19.17,1.34,1.62,
2003-05-27,6.88,2.08,29.24,1651.1,19.99,1.33,1.61,
2003-05-28,6.89,2.09,28.46,1651.1,20.03,1.33,1.61,
2003-05-29,6.87,2.04,29.15,1651.1,20.43,1.32,1.58,
2003-05-30,6.81,2.04,29.56,1651.1,19.47,1.32,1.6,
2003-05-31,6.79,2.04,29.56,1651.1,19.47,1.32,1.6,
2003-06-01,6.79,2.04,29.56,1685.107142857143,19.47,1.32,1.6,
2003-06-02,6.66,2.1,30.72,1685.107142857143,20.85,1.31,1.6,
2003-06-03,6.74,2.14,30.78,1685.107142857143,20.84,1.32,1.58,
2003-06-04,6.7,2.1,29.81,1685.107142857143,20.62,1.32,1.57,
2003-06-05,6.58,2.09,30.84,1685.107142857143,20.83,1.31,1.59,
2003-06-06,6.48,2.1,31.26,1685.107142857143,21.25,1.3,1.61,
2003-06-09,6.51,2.1,31.36,1685.107142857143,22.15,1.29,1.61,
2003-06-10,6.58,2.07,31.72,1685.107142857143,20.64,1.29,1.59,
2003-06-11,6.5,2.05,32.17,1685.107142857143,20.21,1.28,1.59,
2003-06-12,6.48,2.05,31.41,1685.107142857143,20.41,1.28,1.61,
2003-06-13,6.46,2.03,30.63,1685.107142857143,20.66,1.27,1.62,
2003-06-16,6.31,2.0,31.14,1685.107142857143,20.22,1.25,1.59,
2003-06-17,6.14,2.02,31.08,1685.107142857143,20.01,1.23,1.57,
2003-06-18,6.04,2.1,30.28,1685.107142857143,19.76,1.23,1.58,
2003-06-19,6.09,2.18,29.86,1685.107142857143,19.8,1.23,1.61,
2003-06-20,6.07,2.18,30.63,1685.107142857143,19.14,1.23,1.63,
2003-06-23,6.21,2.15,30.22,1685.107142857143,20.58,1.24,1.61,
2003-06-24,6.29,2.15,30.05,1685.107142857143,20.75,1.24,1.61,
2003-06-25,6.15,2.08,31.65,1685.107142857143,20.81,1.23,1.67,
2003-06-26,6.03,2.14,28.97,1685.107142857143,19.4,1.23,1.7,
2003-06-27,6.03,2.2,29.18,1685.107142857143,19.16,1.22,1.68,
2003-06-30,6.13,2.22,30.15,1685.107142857143,19.52,1.23,1.64,
2003-07-01,6.15,2.26,30.41,1712.826086956522,19.46,1.24,1.64,
2003-07-02,6.18,2.26,30.29,1712.826086956522,19.03,1.24,1.6,
2003-07-03,6.11,2.35,30.39,1712.826086956522,19.39,1.23,1.58,
2003-07-04,6.11,2.35,30.39,1712.826086956522,19.39,1.23,1.58,
2003-07-07,6.05,2.38,30.08,1712.826086956522,20.06,1.22,1.6,
2003-07-08,5.97,2.36,30.32,1712.826086956522,19.48,1.21,1.63,
2003-07-09,5.97,2.36,30.87,1712.826086956522,18.93,1.21,1.73,
2003-07-10,6.0,2.37,31.04,1712.826086956522,19.19,1.21,1.76,
2003-07-11,6.05,2.37,31.33,1712.826086956522,18.47,1.22,1.78,
2003-07-14,5.94,2.39,31.2,1712.826086956522,19.59,1.2,1.82,
2003-07-15,5.73,2.49,31.6,1712.826086956522,19.55,1.19,1.88,
2003-07-16,5.76,2.48,31.2,1712.826086956522,19.76,1.19,1.89,
2003-07-17,5.75,2.51,31.44,1712.826086956522,20.22,1.18,1.93,
2003-07-18,5.76,2.49,31.96,1712.826086956522,19.11,1.18,1.96,
2003-07-21,5.59,2.58,31.67,1712.826086956522,19.78,1.17,1.98,
2003-07-22,5.66,2.6,30.2,1712.826086956522,19.17,1.16,1.98,
2003-07-23,5.72,2.58,30.13,1712.826086956522,18.64,1.17,2.01,
2003-07-24,5.7,2.66,30.72,1712.826086956522,18.6,1.15,2.02,
2003-07-25,5.73,2.7,30.31,1712.826086956522,17.75,1.15,2.08,
2003-07-28,5.65,2.7,29.98,1712.826086956522,18.36,1.16,2.04,
2003-07-29,5.63,2.75,30.21,1712.826086956522,18.67,1.15,2.04,
2003-07-30,5.83,2.7,30.69,1712.826086956522,18.85,1.17,2.02,
2003-07-31,5.67,2.69,30.56,1712.826086956522,19.49,1.19,2.08,
2003-08-01,5.77,2.59,32.23,1756.725,20.75,1.2,2.04,
2003-08-04,5.84,2.64,31.8,1756.725,21.27,1.2,2.01,
2003-08-05,5.8,2.59,32.34,1756.725,22.68,1.21,2.04,
2003-08-06,6.06,2.54,31.77,1756.725,21.5,1.23,1.98,
2003-08-07,6.15,2.56,32.41,1756.725,20.26,1.23,2.01,
2003-08-08,6.13,2.55,32.23,1756.725,19.59,1.22,2.0,
2003-08-11,6.08,2.57,31.91,1756.725,19.75,1.22,2.07,
2003-08-12,6.13,2.66,31.91,1756.725,17.94,1.23,2.08,
2003-08-13,5.99,2.72,30.85,1756.725,18.77,1.24,2.17,
2003-08-14,6.06,2.69,30.85,1756.725,18.47,1.24,2.17,
2003-08-15,6.07,2.7,31.01,1756.725,18.27,1.23,2.19,
2003-08-18,6.05,2.62,30.81,1756.725,18.18,1.23,2.16,
2003-08-19,5.98,2.57,30.76,1756.725,17.86,1.22,2.14,
2003-08-20,5.81,2.61,30.96,1756.725,17.82,1.21,2.19,
2003-08-21,5.61,2.55,31.78,1756.725,17.84,1.19,2.24,
2003-08-22,5.62,2.51,31.64,1756.725,18.55,1.19,2.22,
2003-08-25,5.53,2.51,31.43,1756.725,19.53,1.18,2.22,
2003-08-26,5.55,2.54,32.01,1756.725,19.49,1.18,2.22,
2003-08-27,5.45,2.49,31.18,1756.725,19.13,1.18,2.18,
2003-08-28,5.5,2.49,31.41,1756.725,18.48,1.18,2.13,
2003-08-29,5.43,2.5,31.76,1756.725,18.63,1.17,2.16,
2003-08-31,5.46,2.5,31.76,1756.725,18.63,1.18,2.16,
2003-09-01,5.46,2.5,31.76,1789.670454545455,18.63,1.18,2.16,
2003-09-02,5.19,2.57,29.57,1789.670454545455,19.02,1.15,2.18,
2003-09-03,5.16,2.58,29.43,1789.670454545455,19.44,1.15,2.2,
2003-09-04,5.25,2.61,28.87,1789.670454545455,18.71,1.17,2.2,
2003-09-05,5.42,2.63,28.93,1789.670454545455,18.17,1.17,2.18,
2003-09-08,5.35,2.66,28.85,1789.670454545455,18.26,1.17,2.17,
2003-09-09,5.34,2.66,29.22,1789.670454545455,18.85,1.17,2.16,
2003-09-10,5.42,2.64,29.41,1789.670454545455,20.01,1.17,2.1,
2003-09-11,5.36,2.64,28.86,1789.670454545455,19.25,1.16,2.13,
2003-09-12,5.42,2.61,28.26,1789.670454545455,18.68,1.16,2.09,
2003-09-15,5.43,2.65,28.15,1789.670454545455,19.28,1.15,2.1,
2003-09-16,5.39,2.66,27.6,1789.670454545455,18.03,1.15,2.03,
2003-09-17,5.41,2.57,27.0,1789.670454545455,18.15,1.15,2.0,
2003-09-18,5.32,2.51,27.26,1789.670454545455,17.57,1.13,2.01,
2003-09-19,5.26,2.47,26.93,1789.670454545455,17.54,1.12,2.0,
2003-09-22,5.28,2.56,26.97,1789.670454545455,19.65,1.12,2.05,
2003-09-23,5.34,2.56,27.0,1789.670454545455,19.47,1.13,2.05,
2003-09-24,5.36,2.5,28.19,1789.670454545455,21.22,1.13,2.03,
2003-09-25,5.37,2.47,28.29,1789.670454545455,22.26,1.12,2.05,
2003-09-26,5.45,2.44,28.21,1789.670454545455,22.23,1.12,2.05,
2003-09-29,5.4,2.48,28.35,1789.670454545455,21.67,1.13,2.06,
2003-09-30,5.51,2.46,29.19,1789.670454545455,22.72,1.13,2.01,
2003-10-01,5.46,2.49,29.43,1925.582608695652,21.07,1.13,2.0,
2003-10-02,5.36,2.55,29.83,1925.582608695652,20.8,1.12,2.02,
2003-10-03,5.18,2.56,30.37,1925.582608695652,19.5,1.11,2.05,
2003-10-06,5.25,2.57,30.4,1925.582608695652,19.51,1.12,2.06,
2003-10-07,5.13,2.6,30.48,1925.582608695652,19.41,1.11,2.1,
2003-10-08,5.1,2.62,29.6,1925.582608695652,19.18,1.11,2.09,
2003-10-09,5.02,2.63,30.97,1925.582608695652,18.82,1.1,2.12,
2003-10-10,5.02,2.64,32.01,1925.582608695652,18.45,1.09,2.15,
2003-10-13,5.01,2.64,31.91,1925.582608695652,17.55,1.09,2.15,
2003-10-14,4.88,2.64,31.68,1925.582608695652,17.37,1.09,2.19,
2003-10-15,4.74,2.64,31.74,1925.582608695652,17.69,1.07,2.23,
2003-10-16,4.62,2.51,31.51,1925.582608695652,17.19,1.06,2.26,
2003-10-17,4.68,2.51,30.61,1925.582608695652,17.62,1.05,2.27,
2003-10-20,4.68,2.53,30.37,1925.582608695652,17.04,1.03,2.28,
2003-10-21,4.68,2.49,30.19,1925.582608695652,16.55,1.05,2.26,
2003-10-22,4.81,2.49,30.0,1925.582608695652,17.67,1.06,2.22,
2003-10-23,4.82,2.5,30.31,1925.582608695652,17.68,1.07,2.31,
2003-10-24,4.89,2.48,29.99,1925.582608695652,17.71,1.07,2.32,
2003-10-27,4.8,2.47,29.95,1925.582608695652,18.05,1.06,2.34,
2003-10-28,4.87,2.52,29.57,1925.582608695652,16.82,1.06,2.32,
2003-10-29,4.77,2.52,28.95,1925.582608695652,16.43,1.06,2.33,
2003-10-30,4.68,2.5,28.67,1925.582608695652,16.33,1.05,2.39,
2003-10-31,4.73,2.48,29.24,1925.582608695652,16.1,1.05,2.4,
2003-11-01,4.73,2.48,29.24,2053.275,16.1,1.05,2.4,
2003-11-03,4.65,2.5,28.81,2053.275,16.55,1.06,2.43,
2003-11-04,4.68,2.47,28.86,2053.275,16.55,1.06,2.4,
2003-11-05,4.62,2.44,30.29,2053.275,16.86,1.07,2.36,
2003-11-06,4.56,2.44,30.25,2053.275,16.74,1.07,2.37,
2003-11-07,4.52,2.44,30.73,2053.275,16.93,1.06,2.38,
2003-11-10,4.5,2.43,31.01,2053.275,17.62,1.06,2.4,
2003-11-11,4.5,2.43,31.21,2053.275,17.54,1.05,2.4,
2003-11-12,4.55,2.39,31.37,2053.275,16.75,1.03,2.4,
2003-11-13,4.69,2.38,31.89,2053.275,16.47,1.03,2.36,
2003-11-14,4.74,2.38,32.31,2053.275,16.94,1.03,2.35,
2003-11-17,4.74,2.38,31.75,2053.275,18.6,1.02,2.36,
2003-11-18,4.73,2.34,33.16,2053.275,19.11,1.02,2.34,
2003-11-19,4.65,2.34,32.84,2053.275,18.8,1.03,2.33,
2003-11-20,4.76,2.33,32.87,2053.275,19.48,1.03,2.24,
2003-11-21,4.75,2.31,32.26,2053.275,18.98,1.03,2.22,
2003-11-24,4.67,2.29,29.99,2053.275,17.44,1.02,2.24,
2003-11-25,4.62,2.3,30.02,2053.275,16.71,1.02,2.27,
2003-11-26,4.55,2.28,30.33,2053.275,16.23,1.01,2.29,
2003-11-27,4.55,2.28,30.33,2053.275,16.23,1.01,2.29,
2003-11-28,4.46,2.28,30.33,2053.275,16.32,1.01,2.31,
2003-11-30,4.48,2.28,30.33,2053.275,16.32,1.01,2.31,
2003-12-01,4.37,2.28,29.89,2202.035714285714,16.77,1.0,2.32,
2003-12-02,4.35,2.31,30.74,2202.035714285714,16.27,0.99,2.33,
2003-12-03,4.27,2.32,30.61,2202.035714285714,16.63,0.99,2.33,
2003-12-04,4.26,2.32,31.24,2202.035714285714,16.3,0.98,2.34,
2003-12-05,4.39,2.35,30.68,2202.035714285714,17.09,0.99,2.31,
2003-12-08,4.29,2.35,32.08,2202.035714285714,16.54,0.98,2.33,
2003-12-09,4.19,2.35,31.72,2202.035714285714,17.63,0.97,2.32,
2003-12-10,4.22,2.36,31.92,2202.035714285714,17.87,0.97,2.33,
2003-12-11,4.35,2.44,32.01,2202.035714285714,16.73,0.99,2.37,
2003-12-12,4.34,2.42,33.06,2202.035714285714,16.41,0.99,2.35,
2003-12-15,4.27,2.4,33.17,2202.035714285714,17.23,0.97,2.3,
2003-12-16,4.31,2.41,32.94,2202.035714285714,15.93,0.98,2.25,
2003-12-17,4.34,2.36,33.36,2202.035714285714,15.58,0.98,2.23,
2003-12-18,4.34,2.31,33.72,2202.035714285714,16.16,0.97,2.22,
2003-12-19,4.33,2.33,32.81,2202.035714285714,16.42,0.96,2.2,
2003-12-22,4.28,2.34,31.71,2202.035714285714,16.94,0.96,2.2,
2003-12-23,4.16,2.32,32.03,2202.035714285714,16.49,0.96,2.25,
2003-12-24,4.25,2.37,32.99,2202.035714285714,16.66,0.97,2.24,
2003-12-26,4.28,2.35,32.99,2202.035714285714,17.45,0.96,2.23,
2003-12-29,4.22,2.38,32.51,2202.035714285714,17.09,0.95,2.25,
2003-12-30,4.17,2.43,33.01,2202.035714285714,17.68,0.96,2.28,
2003-12-31,4.18,2.43,32.51,2202.035714285714,18.31,0.95,2.27,
2004-01-01,4.18,2.43,32.51,2421.47619047619,18.31,0.95,2.27,
2004-01-02,4.08,2.44,32.51,2421.47619047619,18.22,0.94,2.32,
2004-01-05,3.97,2.46,33.71,2421.47619047619,17.49,0.93,2.35,
2004-01-06,3.98,2.45,33.54,2421.47619047619,16.73,0.93,2.32,
2004-01-07,3.92,2.43,33.57,2421.47619047619,15.5,0.93,2.33,
2004-01-08,3.87,2.42,34.27,2421.47619047619,15.61,0.93,2.28,
2004-01-09,4.01,2.43,34.38,2421.47619047619,16.75,0.93,2.22,
2004-01-12,4.0,2.43,34.92,2421.47619047619,16.82,0.94,2.22,
2004-01-13,4.05,2.42,34.26,2421.47619047619,18.04,0.93,2.22,
2004-01-14,4.04,2.36,34.62,2421.47619047619,16.75,0.94,2.16,
2004-01-15,3.98,2.32,33.61,2421.47619047619,15.56,0.93,2.17,
2004-01-16,3.94,2.34,35.16,2421.47619047619,15.0,0.93,2.21,
2004-01-19,3.93,2.34,35.16,2421.47619047619,15.0,0.92,2.21,
2004-01-20,3.89,2.39,36.21,2421.47619047619,15.21,0.92,2.24,
2004-01-21,3.88,2.36,35.53,2421.47619047619,14.34,0.92,2.26,
2004-01-22,3.9,2.33,35.12,2421.47619047619,14.71,0.92,2.23,
2004-01-23,3.79,2.38,34.94,2421.47619047619,14.84,0.91,2.27,
2004-01-26,3.76,2.41,34.41,2421.47619047619,14.55,0.91,2.27,
2004-01-27,3.88,2.41,33.99,2421.47619047619,15.35,0.92,2.27,
2004-01-28,3.81,2.35,33.63,2421.47619047619,16.78,0.91,2.3,
2004-01-29,3.92,2.34,32.86,2421.47619047619,17.14,0.92,2.31,
2004-01-30,4.03,2.32,33.16,2421.47619047619,16.63,0.92,2.31,
2004-01-31,4.05,2.32,33.16,2421.47619047619,16.63,0.93,2.31,
2004-02-01,4.05,2.32,33.16,2751.7175,16.63,0.93,2.31,
2004-02-02,4.06,2.35,34.02,2751.7175,17.11,0.93,2.34,
2004-02-03,4.17,2.35,34.2,2751.7175,17.34,0.94,2.32,
2004-02-04,4.2,2.35,33.06,2751.7175,17.87,0.94,2.33,
2004-02-05,4.22,2.35,33.26,2751.7175,17.71,0.94,2.35,
2004-02-06,4.34,2.35,32.49,2751.7175,16.0,0.94,2.33,
2004-02-09,4.28,2.33,32.91,2751.7175,16.39,0.93,2.33,
2004-02-10,4.24,2.31,34.03,2751.7175,15.94,0.93,2.34,
2004-02-11,4.31,2.32,33.93,2751.7175,15.39,0.95,2.3,
2004-02-12,4.19,2.35,34.03,2751.7175,15.31,0.94,2.33,
2004-02-13,4.25,2.35,34.51,2751.7175,15.58,0.94,2.31,
2004-02-16,4.23,2.35,34.51,2751.7175,15.58,0.94,2.31,
2004-02-17,4.21,2.35,35.13,2751.7175,15.4,0.94,2.3,
2004-02-18,4.23,2.33,35.42,2751.7175,15.59,0.94,2.3,
2004-02-19,4.24,2.35,35.81,2751.7175,15.8,0.94,2.29,
2004-02-20,4.22,2.35,35.8,2751.7175,16.04,0.95,2.31,
2004-02-23,4.3,2.36,35.75,2751.7175,16.29,0.94,2.29,
2004-02-24,4.38,2.35,35.85,2751.7175,15.9,0.95,2.3,
2004-02-25,4.36,2.35,37.28,2751.7175,14.93,0.96,2.31,
2004-02-26,4.32,2.36,35.45,2751.7175,14.83,0.95,2.36,
2004-02-27,4.34,2.33,36.08,2751.7175,14.55,0.95,2.38,
2004-02-29,4.34,2.33,36.08,2751.7175,14.55,0.96,2.38,
2004-03-01,4.29,2.33,36.85,3000.282608695652,14.44,0.95,2.45,
2004-03-02,4.22,2.31,36.6,3000.282608695652,14.86,0.94,2.47,
2004-03-03,4.22,2.33,35.8,3000.282608695652,14.55,0.95,2.48,
2004-03-04,4.24,2.31,36.81,3000.282608695652,14.4,0.95,2.44,
2004-03-05,4.35,2.28,37.31,3000.282608695652,14.48,0.95,2.39,
2004-03-08,4.37,2.26,36.53,3000.282608695652,15.79,0.95,2.35,
2004-03-09,4.4,2.22,36.29,3000.282608695652,16.6,0.95,2.33,
2004-03-10,4.37,2.2,36.21,3000.282608695652,18.67,0.96,2.29,
2004-03-11,4.41,2.22,36.95,3000.282608695652,20.67,0.97,2.24,
2004-03-12,4.39,2.24,36.21,3000.282608695652,18.3,0.96,2.26,
2004-03-15,4.41,2.22,37.44,3000.282608695652,21.13,0.96,2.31,
2004-03-16,4.53,2.19,37.36,3000.282608695652,20.34,0.97,2.3,
2004-03-17,4.5,2.18,38.21,3000.282608695652,18.11,0.97,2.35,
2004-03-18,4.46,2.21,37.81,3000.282608695652,18.53,0.96,2.39,
2004-03-19,4.43,2.24,38.09,3000.282608695652,19.15,0.96,2.36,
2004-03-22,4.52,2.22,37.12,3000.282608695652,21.58,0.97,2.32,
2004-03-23,4.54,2.21,37.81,3000.282608695652,20.67,0.96,2.32,
2004-03-24,4.56,2.23,37.06,3000.282608695652,19.81,0.98,2.35,
2004-03-25,4.53,2.24,35.67,3000.282608695652,17.88,0.97,2.35,
2004-03-26,4.42,2.26,35.61,3000.282608695652,17.33,0.97,2.38,
2004-03-29,4.34,2.28,35.41,3000.282608695652,16.5,0.96,2.41,
2004-03-30,4.33,2.28,36.15,3000.282608695652,16.28,0.95,2.39,
2004-03-31,4.41,2.26,35.75,3000.282608695652,16.74,0.96,2.38,
2004-04-01,4.32,2.26,34.47,2926.975,16.65,0.96,2.43,
2004-04-02,4.16,2.29,34.39,2926.975,15.64,0.94,2.46,
2004-04-05,4.11,2.33,34.29,2926.975,14.97,0.94,2.49,
2004-04-06,4.14,2.33,35.09,2926.975,15.32,0.94,2.46,
2004-04-07,4.11,2.32,36.28,2926.975,15.76,0.94,2.37,
2004-04-08,4.06,2.33,37.14,2926.975,16.26,0.93,2.41,
2004-04-12,4.02,2.34,37.79,2926.975,15.28,0.92,2.44,
2004-04-13,3.96,2.34,37.09,2926.975,17.26,0.91,2.47,
2004-04-14,3.97,2.27,36.62,2926.975,15.62,0.92,2.49,
2004-04-15,3.95,2.32,37.74,2926.975,15.74,0.9,2.49,
2004-04-16,3.96,2.34,37.7,2926.975,14.94,0.9,2.5,
2004-04-19,3.94,2.32,37.46,2926.975,15.42,0.94,2.52,
2004-04-20,3.91,2.32,37.61,2926.975,16.67,0.94,2.46,
2004-04-21,3.91,2.23,36.61,2926.975,15.6,0.91,2.49,
2004-04-22,3.93,2.25,37.7,2926.975,14.61,0.91,2.42,
2004-04-23,3.81,2.19,37.22,2926.975,14.01,0.87,2.36,
2004-04-26,3.82,2.18,37.02,2926.975,14.77,0.89,2.43,
2004-04-27,3.85,2.22,37.49,2926.975,15.07,0.89,2.43,
2004-04-28,3.81,2.2,37.23,2926.975,16.29,0.9,2.4,
2004-04-29,3.83,2.21,37.5,2926.975,16.6,0.91,2.4,
2004-04-30,3.91,2.22,37.31,2926.975,17.19,0.91,2.42,
2004-05-01,3.91,2.22,37.31,2728.460526315789,17.19,0.91,2.42,
2004-05-03,3.93,2.19,38.26,2728.460526315789,16.62,0.91,2.44,
2004-05-04,3.98,2.24,38.86,2728.460526315789,16.55,0.92,2.46,
2004-05-05,3.97,2.27,39.69,2728.460526315789,15.77,0.93,2.51,
2004-05-06,4.04,2.24,39.41,2728.460526315789,17.05,0.95,2.48,
2004-05-07,3.99,2.15,39.98,2728.460526315789,18.13,0.94,2.55,
2004-05-10,4.21,2.2,38.9,2728.460526315789,19.77,0.97,2.56,
2004-05-11,4.24,2.18,40.3,2728.460526315789,18.57,0.97,2.58,
2004-05-12,4.31,2.21,40.3,2728.460526315789,18.14,0.98,2.66,
2004-05-13,4.37,2.18,40.94,2728.460526315789,18.86,0.98,2.67,
2004-05-14,4.48,2.2,41.42,2728.460526315789,18.47,0.98,2.63,
2004-05-17,4.56,2.19,41.53,2728.460526315789,19.96,0.99,2.63,
2004-05-18,4.46,2.16,40.32,2728.460526315789,19.33,0.98,2.69,
2004-05-19,4.32,2.18,41.61,2728.460526315789,18.93,0.98,2.76,
2004-05-20,4.4,2.17,40.92,2728.460526315789,18.67,0.98,2.76,
2004-05-21,4.32,2.16,39.83,2728.460526315789,18.49,0.98,2.72,
2004-05-24,4.29,2.16,42.03,2728.460526315789,18.08,0.98,2.74,
2004-05-25,4.28,2.15,41.45,2728.460526315789,15.96,0.98,2.7,
2004-05-26,4.28,2.15,40.6,2728.460526315789,15.97,0.99,2.68,
2004-05-27,4.32,2.14,39.25,2728.460526315789,15.28,0.98,2.63,
2004-05-28,4.24,2.12,39.9,2728.460526315789,15.5,0.97,2.66,
2004-05-31,4.28,2.12,39.9,2728.460526315789,15.5,0.98,2.66,
2004-06-01,4.25,2.11,42.33,2689.045454545455,16.3,0.99,2.74,
2004-06-02,4.23,2.09,39.96,2689.045454545455,16.08,0.99,2.7,
2004-06-03,4.25,2.08,39.29,2689.045454545455,17.03,1.0,2.66,
2004-06-04,4.16,2.08,38.44,2689.045454545455,16.78,0.99,2.67,
2004-06-07,4.16,2.11,38.72,2689.045454545455,15.39,0.99,2.67,
2004-06-08,4.1,2.05,37.18,2689.045454545455,15.01,0.98,2.63,
2004-06-09,4.05,2.03,37.6,2689.045454545455,15.39,0.98,2.62,
2004-06-10,4.06,2.0,38.45,2689.045454545455,15.04,0.98,2.63,
2004-06-11,4.05,2.0,38.45,2689.045454545455,15.04,0.98,2.63,
2004-06-14,4.0,1.92,37.58,2689.045454545455,16.07,0.98,2.63,
2004-06-15,4.12,1.92,37.18,2689.045454545455,15.05,0.98,2.53,
2004-06-16,4.05,1.9,37.33,2689.045454545455,14.79,0.98,2.56,
2004-06-17,4.06,1.9,38.51,2689.045454545455,15.15,0.97,2.55,
2004-06-18,4.02,1.91,38.68,2689.045454545455,14.99,0.97,2.57,
2004-06-21,4.02,1.9,37.69,2689.045454545455,15.26,0.97,2.54,
2004-06-22,3.98,1.92,38.11,2689.045454545455,14.31,0.97,2.55,
2004-06-23,3.98,1.93,37.56,2689.045454545455,13.98,0.97,2.53,
2004-06-24,4.01,1.92,37.81,2689.045454545455,14.81,0.97,2.51,
2004-06-25,4.0,1.92,37.34,2689.045454545455,15.19,0.98,2.5,
2004-06-28,3.91,1.9,36.25,2689.045454545455,16.07,0.97,2.53,
2004-06-29,3.96,1.87,35.6,2689.045454545455,15.47,0.98,2.5,
2004-06-30,4.1,1.92,36.92,2689.045454545455,14.34,0.99,2.52,
2004-07-01,4.13,1.93,38.56,2816.795454545455,15.2,1.0,2.53,
2004-07-02,4.17,1.94,38.37,2816.795454545455,15.08,1.0,2.52,
2004-07-05,4.18,1.94,38.37,2816.795454545455,15.08,1.0,2.52,
2004-07-06,4.13,1.93,39.56,2816.795454545455,16.25,0.99,2.52,
2004-07-07,4.12,1.94,39.18,2816.795454545455,15.81,1.0,2.5,
2004-07-08,4.1,1.94,40.27,2816.795454545455,16.2,1.0,2.47,
2004-07-09,4.08,1.94,39.9,2816.795454545455,15.78,1.0,2.47,
2004-07-12,4.08,1.93,39.3,2816.795454545455,14.96,0.99,2.44,
2004-07-13,4.02,1.92,39.55,2816.795454545455,14.46,0.99,2.47,
2004-07-14,3.98,1.88,40.98,2816.795454545455,13.76,0.99,2.48,
2004-07-15,3.94,1.86,40.7,2816.795454545455,14.71,0.98,2.49,
2004-07-16,4.02,1.84,41.1,2816.795454545455,14.34,0.98,2.44,
2004-07-19,3.98,1.82,41.55,2816.795454545455,15.17,0.97,2.42,
2004-07-20,3.86,1.8,40.86,2816.795454545455,14.17,0.96,2.42,
2004-07-21,3.84,1.79,40.63,2816.795454545455,16.41,0.97,2.45,
2004-07-22,3.91,1.79,41.51,2816.795454545455,15.75,0.97,2.45,
2004-07-23,3.95,1.76,41.82,2816.795454545455,16.5,0.97,2.45,
2004-07-26,3.95,1.74,41.45,2816.795454545455,17.3,0.96,2.44,
2004-07-27,3.92,1.8,41.83,2816.795454545455,16.55,0.96,2.47,
2004-07-28,3.96,1.83,42.81,2816.795454545455,16.15,0.96,2.5,
2004-07-29,3.94,1.85,42.69,2816.795454545455,15.68,0.96,2.53,
2004-07-30,3.99,1.82,43.72,2816.795454545455,15.32,0.96,2.49,
2004-07-31,4.02,1.82,43.72,2816.795454545455,15.32,0.96,2.49,
2004-08-01,4.02,1.82,43.72,2844.202380952381,15.32,0.96,2.49,
2004-08-02,4.04,1.82,43.83,2844.202380952381,15.37,0.99,2.48,
2004-08-03,4.05,1.79,44.13,2844.202380952381,16.03,0.99,2.47,
2004-08-04,4.06,1.79,42.73,2844.202380952381,16.21,0.99,2.45,
2004-08-05,4.05,1.79,44.39,2844.202380952381,18.32,0.99,2.47,
2004-08-06,4.19,1.84,43.95,2844.202380952381,19.34,1.0,2.42,
2004-08-09,4.16,1.83,44.86,2844.202380952381,18.89,0.99,2.43,
2004-08-10,4.12,1.77,44.51,2844.202380952381,17.47,0.99,2.42,
2004-08-11,4.11,1.76,44.72,2844.202380952381,18.04,0.99,2.44,
2004-08-12,4.17,1.75,45.52,2844.202380952381,19.08,0.99,2.46,
2004-08-13,4.2,1.75,46.61,2844.202380952381,17.98,0.99,2.45,
2004-08-16,4.16,1.75,46.02,2844.202380952381,17.57,0.99,2.44,
2004-08-17,4.18,1.77,46.75,2844.202380952381,17.02,0.99,2.39,
2004-08-18,4.13,1.79,47.36,2844.202380952381,16.23,0.98,2.4,
2004-08-19,4.12,1.79,48.66,2844.202380952381,16.96,0.98,2.46,
2004-08-20,4.07,1.78,47.6,2844.202380952381,16.0,0.98,2.45,
2004-08-23,4.01,1.78,46.0,2844.202380952381,15.88,0.98,2.42,
2004-08-24,4.0,1.78,45.68,2844.202380952381,15.33,0.97,2.41,
2004-08-25,3.97,1.75,43.83,2844.202380952381,14.98,0.97,2.38,
2004-08-26,3.99,1.74,43.06,2844.202380952381,14.91,0.97,2.36,
2004-08-27,3.97,1.75,43.11,2844.202380952381,14.71,0.96,2.37,
2004-08-30,3.98,1.72,42.32,2844.202380952381,15.44,0.96,2.36,
2004-08-31,4.06,1.72,42.23,2844.202380952381,15.29,0.95,2.35,
2004-09-01,4.07,1.72,43.89,2903.170454545455,14.91,0.96,2.36,
2004-09-02,3.99,1.74,44.04,2903.170454545455,14.28,0.95,2.37,
2004-09-03,3.89,1.69,43.94,2903.170454545455,13.91,0.94,2.42,
2004-09-06,3.89,1.69,43.94,2903.170454545455,13.91,0.94,2.42,
2004-09-07,3.93,1.68,43.18,2903.170454545455,14.07,0.94,2.4,
2004-09-08,3.96,1.68,42.77,2903.170454545455,14.06,0.94,2.36,
2004-09-09,3.89,1.72,44.53,2903.170454545455,14.01,0.94,2.39,
2004-09-10,3.88,1.69,42.84,2903.170454545455,13.76,0.94,2.36,
2004-09-13,3.86,1.66,43.86,2903.170454545455,13.17,0.93,2.35,
2004-09-14,3.85,1.68,44.62,2903.170454545455,13.56,0.93,2.34,
2004-09-15,3.82,1.67,43.83,2903.170454545455,14.64,0.93,2.32,
2004-09-16,3.93,1.64,44.03,2903.170454545455,14.39,0.93,2.27,
2004-09-17,3.83,1.61,45.63,2903.170454545455,14.03,0.92,2.29,
2004-09-20,3.88,1.61,46.33,2903.170454545455,14.43,0.92,2.27,
2004-09-21,3.85,1.56,47.11,2903.170454545455,13.66,0.91,2.25,
2004-09-22,3.87,1.5,48.41,2903.170454545455,14.74,0.92,2.27,
2004-09-23,3.77,1.45,48.37,2903.170454545455,14.8,0.91,2.26,
2004-09-24,3.78,1.42,48.86,2903.170454545455,14.28,0.92,2.26,
2004-09-27,3.83,1.42,49.56,2903.170454545455,14.62,0.92,2.29,
2004-09-28,3.83,1.47,49.76,2903.170454545455,13.83,0.92,2.32,
2004-09-29,3.79,1.49,49.53,2903.170454545455,13.21,0.92,2.34,
2004-09-30,3.83,1.51,49.56,2903.170454545455,13.34,0.92,2.37,
2004-10-01,3.78,1.58,50.16,3009.404761904762,12.75,0.91,2.38,
2004-10-04,3.78,1.54,49.85,3009.404761904762,13.41,0.91,2.33,
2004-10-05,3.78,1.53,51.08,3009.404761904762,13.95,0.91,2.34,
2004-10-06,3.7,1.53,51.98,3009.404761904762,13.28,0.91,2.33,
2004-10-07,3.66,1.54,52.56,3009.404761904762,14.5,0.91,2.37,
2004-10-08,3.73,1.54,53.4,3009.404761904762,15.05,0.91,2.37,
2004-10-11,3.73,1.54,53.65,3009.404761904762,14.71,0.91,2.37,
2004-10-12,3.74,1.56,53.49,3009.404761904762,15.05,0.9,2.37,
2004-10-13,3.76,1.56,53.86,3009.404761904762,15.42,0.91,2.37,
2004-10-14,3.79,1.55,54.69,3009.404761904762,16.43,0.91,2.35,
2004-10-15,3.74,1.54,54.89,3009.404761904762,15.04,0.91,2.37,
2004-10-18,3.77,1.52,53.59,3009.404761904762,14.71,0.91,2.36,
2004-10-19,3.78,1.5,53.28,3009.404761904762,15.13,0.91,2.37,
2004-10-20,3.84,1.48,54.93,3009.404761904762,14.85,0.93,2.35,
2004-10-21,3.78,1.44,54.51,3009.404761904762,14.54,0.93,2.39,
2004-10-22,3.78,1.45,55.83,3009.404761904762,15.28,0.93,2.36,
2004-10-25,3.76,1.45,55.52,3009.404761904762,16.58,0.93,2.36,
2004-10-26,3.72,1.47,56.37,3009.404761904762,16.39,0.93,2.38,
2004-10-27,3.61,1.48,52.52,3009.404761904762,15.72,0.92,2.38,
2004-10-28,3.58,1.5,50.95,3009.404761904762,15.39,0.92,2.41,
2004-10-29,3.56,1.49,51.78,3009.404761904762,16.27,0.91,2.42,
2004-10-31,3.63,1.49,51.78,3009.404761904762,16.27,0.91,2.42,
2004-11-01,3.56,1.5,50.1,3130.309090909091,16.27,0.92,2.44,
2004-11-02,3.54,1.5,49.6,3130.309090909091,16.18,0.91,2.49,
2004-11-03,3.49,1.49,50.9,3130.309090909091,14.04,0.91,2.48,
2004-11-04,3.43,1.47,48.8,3130.309090909091,13.97,0.9,2.45,
2004-11-05,3.29,1.41,49.65,3130.309090909091,13.84,0.89,2.5,
2004-11-08,3.28,1.42,49.1,3130.309090909091,13.8,0.89,2.5,
2004-11-09,3.29,1.42,47.4,3130.309090909091,13.61,0.89,2.48,
2004-11-10,3.27,1.43,48.7,3130.309090909091,13.08,0.89,2.5,
2004-11-11,3.27,1.43,47.5,3130.309090909091,13.04,0.89,2.5,
2004-11-12,3.31,1.34,47.3,3130.309090909091,13.33,0.88,2.49,
2004-11-15,3.28,1.31,46.95,3130.309090909091,13.38,0.88,2.53,
2004-11-16,3.26,1.3,46.1,3130.309090909091,13.21,0.88,2.53,
2004-11-17,3.31,1.29,46.85,3130.309090909091,13.21,0.88,2.51,
2004-11-18,3.29,1.26,46.3,3130.309090909091,12.98,0.87,2.48,
2004-11-19,3.21,1.25,48.9,3130.309090909091,13.5,0.87,2.53,
2004-11-22,3.24,1.23,48.48,3130.309090909091,12.97,0.87,2.56,
2004-11-23,3.21,1.21,48.74,3130.309090909091,12.67,0.86,2.54,
2004-11-24,3.19,1.19,49.14,3130.309090909091,12.72,0.86,2.56,
2004-11-25,3.21,1.19,49.14,3130.309090909091,12.72,0.85,2.56,
2004-11-26,3.15,1.21,49.14,3130.309090909091,12.79,0.86,2.58,
2004-11-29,3.12,1.27,49.71,3130.309090909091,13.3,0.85,2.6,
2004-11-30,3.17,1.34,49.16,3130.309090909091,13.24,0.86,2.61,
2004-12-01,3.15,1.37,45.56,3139.785714285714,12.97,0.86,2.59,
2004-12-02,3.13,1.36,43.31,3139.785714285714,12.98,0.85,2.57,
2004-12-03,3.2,1.33,42.56,3139.785714285714,12.96,0.86,2.54,
2004-12-06,3.21,1.31,42.96,3139.785714285714,13.19,0.85,2.54,
2004-12-07,3.18,1.28,41.51,3139.785714285714,13.67,0.85,2.54,
2004-12-08,3.23,1.23,41.96,3139.785714285714,13.19,0.85,2.52,
2004-12-09,3.18,1.26,42.41,3139.785714285714,12.88,0.85,2.55,
2004-12-10,3.17,1.21,40.71,3139.785714285714,12.76,0.85,2.5,
2004-12-13,3.15,1.18,41.06,3139.785714285714,12.54,0.85,2.51,
2004-12-14,3.15,1.15,41.76,3139.785714285714,12.73,0.85,2.52,
2004-12-15,3.15,1.12,44.21,3139.785714285714,12.35,0.84,2.52,
2004-12-16,3.06,1.18,44.16,3139.785714285714,12.27,0.84,2.55,
2004-12-17,3.06,1.18,46.31,3139.785714285714,11.95,0.84,2.57,
2004-12-20,3.05,1.15,45.57,3139.785714285714,11.83,0.84,2.59,
2004-12-21,3.07,1.13,45.76,3139.785714285714,11.55,0.83,2.59,
2004-12-22,3.05,1.17,44.05,3139.785714285714,11.45,0.84,2.58,
2004-12-23,3.05,1.21,42.19,3139.785714285714,11.23,0.84,2.61,
2004-12-27,2.99,1.23,41.26,3139.785714285714,12.14,0.83,2.63,
2004-12-28,2.99,1.23,41.78,3139.785714285714,12.0,0.83,2.62,
2004-12-29,2.96,1.21,43.69,3139.785714285714,11.62,0.83,2.6,
2004-12-30,2.99,1.17,43.36,3139.785714285714,12.56,0.82,2.57,
2004-12-31,3.1,1.16,43.36,3139.785714285714,13.29,0.83,2.56,
2005-01-01,3.1,1.16,43.36,3168.1,13.29,0.83,2.56,
2005-01-03,3.06,1.13,42.16,3168.1,14.08,0.83,2.53,
2005-01-04,2.97,1.09,43.96,3168.1,13.98,0.83,2.51,
2005-01-05,3.04,1.07,43.41,3168.1,14.09,0.84,2.5,
2005-01-06,3.09,1.11,45.51,3168.1,13.58,0.84,2.53,
2005-01-07,3.07,1.09,45.32,3168.1,13.49,0.84,2.49,
2005-01-10,3.1,1.06,45.31,3168.1,13.23,0.84,2.52,
2005-01-11,3.19,1.02,45.66,3168.1,13.19,0.84,2.5,
2005-01-12,3.2,1.03,46.46,3168.1,12.56,0.84,2.52,
2005-01-13,3.24,0.99,48.11,3168.1,12.84,0.85,2.5,
2005-01-14,3.22,0.99,48.41,3168.1,12.43,0.85,2.51,
2005-01-17,3.21,0.99,48.41,3168.1,12.43,0.84,2.51,
2005-01-18,3.24,0.95,48.46,3168.1,12.47,0.84,2.5,
2005-01-19,3.24,0.94,47.61,3168.1,13.18,0.85,2.5,
2005-01-20,3.33,0.96,47.01,3168.1,13.83,0.87,2.47,
2005-01-21,3.37,1.0,48.31,3168.1,14.36,0.87,2.47,
2005-01-24,3.37,0.94,48.61,3168.1,14.65,0.86,2.46,
2005-01-25,3.29,0.97,49.43,3168.1,14.06,0.85,2.46,
2005-01-26,3.27,0.94,48.8,3168.1,13.44,0.84,2.49,
2005-01-27,3.23,0.94,48.8,3168.1,13.24,0.84,2.5,
2005-01-28,3.27,0.91,47.15,3168.1,13.24,0.84,2.51,
2005-01-31,3.29,0.85,48.25,3168.1,12.82,0.85,2.49,
2005-02-01,3.26,0.86,47.1,3247.1,12.03,0.85,2.48,
2005-02-02,3.2,0.83,46.65,3247.1,11.66,0.84,2.45,
2005-02-03,3.15,0.84,46.4,3247.1,11.79,0.84,2.45,
2005-02-04,3.19,0.8,46.45,3247.1,11.21,0.83,2.44,
2005-02-07,3.17,0.76,45.35,3247.1,11.73,0.82,2.45,
2005-02-08,3.14,0.72,45.4,3247.1,11.6,0.82,2.48,
2005-02-09,3.22,0.76,45.45,3247.1,12.0,0.84,2.51,
2005-02-10,3.16,0.78,47.05,3247.1,11.51,0.84,2.5,
2005-02-11,3.12,0.76,47.15,3247.1,11.43,0.84,2.53,
2005-02-14,3.11,0.7,47.5,3247.1,11.52,0.83,2.54,
2005-02-15,3.06,0.73,47.3,3247.1,11.27,0.84,2.49,
2005-02-16,2.99,0.75,48.35,3247.1,11.1,0.83,2.51,
2005-02-17,2.99,0.81,47.5,3247.1,11.77,0.83,2.54,
2005-02-18,2.93,0.82,48.45,3247.1,11.18,0.82,2.6,
2005-02-21,2.93,0.82,48.45,3247.1,11.18,0.82,2.6,
2005-02-22,2.92,0.83,51.0,3247.1,13.14,0.82,2.62,
2005-02-23,2.93,0.81,51.73,3247.1,12.39,0.82,2.63,
2005-02-24,2.88,0.77,52.05,3247.1,11.57,0.81,2.64,
2005-02-25,2.85,0.73,52.2,3247.1,11.49,0.81,2.63,
2005-02-28,2.83,0.77,51.75,3247.1,12.08,0.81,2.66,
2005-03-01,2.81,0.79,51.67,3378.904761904762,12.04,0.8,2.69,
2005-03-02,2.84,0.81,53.0,3378.904761904762,12.5,0.79,2.69,
2005-03-03,2.83,0.8,53.6,3378.904761904762,12.93,0.8,2.7,
2005-03-04,2.86,0.75,53.7,3378.904761904762,11.94,0.79,2.67,
2005-03-07,2.82,0.7,53.9,3378.904761904762,12.26,0.79,2.68,
2005-03-08,2.76,0.76,54.55,3378.904761904762,12.4,0.79,2.71,
2005-03-09,2.71,0.86,54.75,3378.904761904762,12.7,0.79,2.75,
2005-03-10,2.78,0.8,53.52,3378.904761904762,12.49,0.79,2.72,
2005-03-11,2.73,0.83,54.4,3378.904761904762,12.8,0.79,2.74,
2005-03-14,2.77,0.77,54.9,3378.904761904762,12.39,0.79,2.7,
2005-03-15,2.77,0.79,55.05,3378.904761904762,13.15,0.8,2.72,
2005-03-16,2.89,0.8,56.5,3378.904761904762,13.49,0.83,2.73,
2005-03-17,3.0,0.77,56.4,3378.904761904762,13.29,0.84,2.74,
2005-03-18,2.98,0.79,56.8,3378.904761904762,13.14,0.84,2.74,
2005-03-21,3.08,0.81,56.7,3378.904761904762,13.61,0.86,2.73,
2005-03-22,3.08,0.77,55.95,3378.904761904762,14.27,0.87,2.76,
2005-03-23,3.19,0.77,49.43,3378.904761904762,14.06,0.88,2.69,
2005-03-24,3.18,0.72,49.7,3378.904761904762,13.42,0.88,2.7,
2005-03-28,3.19,0.74,54.06,3378.904761904762,13.75,0.88,2.7,
2005-03-29,3.28,0.73,54.26,3378.904761904762,14.49,0.89,2.69,
2005-03-30,3.38,0.7,53.96,3378.904761904762,13.64,0.91,2.67,
2005-03-31,3.52,0.7,55.31,3378.904761904762,14.02,0.93,2.71,
2005-04-01,3.55,0.71,57.26,3389.809523809524,14.09,0.93,2.69,
2005-04-04,3.59,0.73,56.86,3389.809523809524,14.11,0.95,2.68,
2005-04-05,3.53,0.73,55.83,3389.809523809524,13.68,0.94,2.67,
2005-04-06,3.48,0.74,55.88,3389.809523809524,13.15,0.94,2.64,
2005-04-07,3.41,0.77,54.16,3389.809523809524,12.33,0.94,2.64,
2005-04-08,3.39,0.73,53.46,3389.809523809524,12.62,0.94,2.66,
2005-04-11,3.47,0.7,53.71,3389.809523809524,11.98,0.97,2.63,
2005-04-12,3.58,0.67,51.54,3389.809523809524,11.3,0.96,2.65,
2005-04-13,3.61,0.72,50.21,3389.809523809524,13.31,0.98,2.64,
2005-04-14,3.75,0.77,51.11,3389.809523809524,14.53,1.0,2.65,
2005-04-15,3.89,0.73,50.61,3389.809523809524,17.74,1.02,2.6,
2005-04-18,3.98,0.72,50.52,3389.809523809524,16.56,1.04,2.61,
2005-04-19,4.0,0.71,52.33,3389.809523809524,14.96,1.04,2.59,
2005-04-20,3.94,0.7,52.45,3389.809523809524,16.92,1.02,2.62,
2005-04-21,3.82,0.67,52.49,3389.809523809524,14.41,1.0,2.66,
2005-04-22,3.86,0.64,54.16,3389.809523809524,15.38,0.99,2.65,
2005-04-25,3.88,0.62,53.16,3389.809523809524,14.62,1.0,2.63,
2005-04-26,3.92,0.61,54.33,3389.809523809524,14.91,1.0,2.62,
2005-04-27,4.04,0.61,51.37,3389.809523809524,14.87,1.0,2.6,
2005-04-28,4.16,0.6,51.92,3389.809523809524,16.86,1.01,2.61,
2005-04-29,4.15,0.55,49.2,3389.809523809524,15.31,1.02,2.6,
2005-04-30,4.19,0.55,49.2,3389.809523809524,15.31,1.02,2.6,
2005-05-01,4.19,0.55,49.2,3241.9,15.31,1.02,2.6,
2005-05-02,4.17,0.57,50.94,3241.9,15.12,1.03,2.6,
2005-05-03,4.13,0.53,49.6,3241.9,14.53,1.03,2.57,
2005-05-04,4.12,0.57,50.22,3241.9,13.85,1.03,2.57,
2005-05-05,4.13,0.61,51.12,3241.9,13.98,1.05,2.57,
2005-05-06,4.07,0.55,51.3,3241.9,14.05,1.07,2.59,
2005-05-09,4.05,0.53,52.04,3241.9,13.75,1.06,2.6,
2005-05-10,4.13,0.54,51.76,3241.9,14.91,1.06,2.58,
2005-05-11,4.23,0.53,50.39,3241.9,14.45,1.07,2.57,
2005-05-12,4.28,0.52,48.83,3241.9,16.12,1.08,2.52,
2005-05-13,4.39,0.51,48.65,3241.9,16.32,1.1,2.46,
2005-05-16,4.49,0.52,48.64,3241.9,15.68,1.1,2.47,
2005-05-17,4.57,0.51,48.97,3241.9,14.57,1.11,2.48,
2005-05-18,4.55,0.51,46.99,3241.9,13.63,1.11,2.42,
2005-05-19,4.4,0.47,47.0,3241.9,13.32,1.1,2.42,
2005-05-20,4.33,0.44,47.25,3241.9,13.14,1.09,2.46,
2005-05-23,4.29,0.42,48.68,3241.9,12.95,1.08,2.42,
2005-05-24,4.28,0.43,49.14,3241.9,12.69,1.09,2.42,
2005-05-25,4.16,0.47,50.37,3241.9,12.58,1.08,2.42,
2005-05-26,4.07,0.44,50.89,3241.9,12.24,1.07,2.39,
2005-05-27,4.02,0.44,51.65,3241.9,12.15,1.05,2.41,
2005-05-30,4.02,0.44,51.65,3241.9,12.15,1.05,2.41,
2005-05-31,4.13,0.4,52.08,3241.9,13.29,0.97,2.37,
2005-06-01,4.13,0.41,54.4,3529.727272727273,12.36,0.97,2.37,
2005-06-02,4.0,0.37,53.46,3529.727272727273,11.84,0.95,2.34,
2005-06-03,3.9,0.41,55.08,3529.727272727273,12.15,0.95,2.37,
2005-06-06,3.99,0.37,54.46,3529.727272727273,12.28,0.95,2.36,
2005-06-07,3.99,0.35,53.84,3529.727272727273,12.39,0.95,2.32,
2005-06-08,3.98,0.35,52.51,3529.727272727273,12.7,0.95,2.32,
2005-06-09,4.01,0.34,54.36,3529.727272727273,12.08,0.96,2.34,
2005-06-10,3.91,0.34,53.55,3529.727272727273,11.96,0.96,2.31,
2005-06-13,3.88,0.38,55.47,3529.727272727273,11.65,0.95,2.33,
2005-06-14,3.83,0.42,55.03,3529.727272727273,11.79,0.95,2.34,
2005-06-15,3.78,0.4,55.53,3529.727272727273,11.46,0.94,2.33,
2005-06-16,3.83,0.39,56.48,3529.727272727273,11.15,0.95,2.34,
2005-06-17,3.81,0.37,58.4,3529.727272727273,11.48,0.94,2.37,
2005-06-20,3.81,0.39,59.19,3529.727272727273,11.47,0.94,2.37,
2005-06-21,3.82,0.35,58.9,3529.727272727273,11.08,0.94,2.34,
2005-06-22,3.9,0.33,58.27,3529.727272727273,11.05,0.95,2.27,
2005-06-23,3.88,0.33,59.23,3529.727272727273,12.13,0.96,2.28,
2005-06-24,3.93,0.33,59.63,3529.727272727273,12.18,0.96,2.27,
2005-06-27,3.96,0.3,59.78,3529.727272727273,12.52,0.96,2.28,
2005-06-28,3.86,0.32,58.32,3529.727272727273,11.58,0.95,2.3,
2005-06-29,3.81,0.34,57.23,3529.727272727273,11.77,0.95,2.3,
2005-06-30,3.85,0.28,56.63,3529.727272727273,12.04,0.95,2.27,
2005-07-01,3.75,0.3,59.11,3608.47619047619,11.4,0.95,2.31,
2005-07-04,3.75,0.3,59.11,3608.47619047619,11.4,0.95,2.31,
2005-07-05,3.71,0.32,59.71,3608.47619047619,11.68,0.94,2.31,
2005-07-06,3.75,0.31,61.24,3608.47619047619,12.27,0.95,2.3,
2005-07-07,3.78,0.34,60.76,3608.47619047619,12.49,0.94,2.28,
2005-07-08,3.67,0.33,59.71,3608.47619047619,11.45,0.94,2.28,
2005-07-11,3.61,0.3,59.23,3608.47619047619,11.28,0.93,2.3,
2005-07-12,3.54,0.33,60.49,3608.47619047619,10.95,0.92,2.32,
2005-07-13,3.51,0.33,60.0,3608.47619047619,10.84,0.92,2.3,
2005-07-14,3.46,0.33,57.83,3608.47619047619,10.81,0.91,2.25,
2005-07-15,3.43,0.32,58.36,3608.47619047619,10.33,0.91,2.23,
2005-07-18,3.4,0.33,57.12,3608.47619047619,10.77,0.9,2.24,
2005-07-19,3.43,0.32,57.61,3608.47619047619,10.45,0.9,2.28,
2005-07-20,3.43,0.27,56.73,3608.47619047619,10.23,0.9,2.27,
2005-07-21,3.36,0.32,57.31,3608.47619047619,10.97,0.89,2.33,
2005-07-22,3.39,0.31,57.75,3608.47619047619,10.52,0.89,2.34,
2005-07-25,3.36,0.3,58.16,3608.47619047619,11.1,0.88,2.31,
2005-07-26,3.35,0.29,59.05,3608.47619047619,10.99,0.88,2.32,
2005-07-27,3.31,0.28,59.12,3608.47619047619,10.36,0.88,2.35,
2005-07-28,3.33,0.24,59.91,3608.47619047619,10.52,0.88,2.34,
2005-07-29,3.25,0.26,60.71,3608.47619047619,11.57,0.87,2.36,
2005-07-31,3.3,0.26,60.71,3608.47619047619,11.57,0.88,2.36,
2005-08-01,3.29,0.28,61.51,3791.909090909091,12.08,0.88,2.37,
2005-08-02,3.29,0.28,61.87,3791.909090909091,11.75,0.88,2.35,
2005-08-03,3.32,0.28,60.76,3791.909090909091,11.83,0.88,2.37,
2005-08-04,3.31,0.28,61.6,3791.909090909091,12.52,0.88,2.38,
2005-08-05,3.29,0.29,62.44,3791.909090909091,12.48,0.88,2.4,
2005-08-08,3.31,0.26,63.92,3791.909090909091,13.21,0.88,2.4,
2005-08-09,3.33,0.28,63.13,3791.909090909091,12.4,0.88,2.39,
2005-08-10,3.32,0.27,64.8,3791.909090909091,12.38,0.88,2.39,
2005-08-11,3.37,0.22,65.67,3791.909090909091,12.42,0.89,2.35,
2005-08-12,3.42,0.19,66.71,3791.909090909091,12.74,0.89,2.33,
2005-08-15,3.37,0.19,66.21,3791.909090909091,12.26,0.88,2.35,
2005-08-16,3.41,0.2,66.11,3791.909090909091,13.52,0.88,2.36,
2005-08-17,3.37,0.21,63.29,3791.909090909091,13.3,0.88,2.37,
2005-08-18,3.41,0.2,63.47,3791.909090909091,13.42,0.88,2.35,
2005-08-19,3.39,0.18,65.51,3791.909090909091,13.42,0.88,2.36,
2005-08-22,3.39,0.19,65.46,3791.909090909091,13.42,0.88,2.36,
2005-08-23,3.4,0.19,65.81,3791.909090909091,13.34,0.88,2.35,
2005-08-24,3.38,0.2,67.1,3791.909090909091,14.17,0.88,2.36,
2005-08-25,3.38,0.18,67.29,3791.909090909091,13.73,0.88,2.38,
2005-08-26,3.34,0.14,66.05,3791.909090909091,13.72,0.87,2.39,
2005-08-29,3.37,0.14,67.41,3791.909090909091,13.52,0.87,2.41,
2005-08-30,3.48,0.19,69.91,3791.909090909091,13.65,0.88,2.45,
2005-08-31,3.66,0.18,68.63,3791.909090909091,12.6,0.88,2.37,
2005-09-01,3.7,0.3,69.5,3850.659090909091,13.15,0.89,2.41,
2005-09-02,3.7,0.28,66.91,3850.659090909091,13.57,0.89,2.44,
2005-09-05,3.7,0.28,66.91,3850.659090909091,13.57,0.89,2.44,
2005-09-06,3.64,0.29,65.83,3850.659090909091,12.93,0.89,2.44,
2005-09-07,3.61,0.28,64.38,3850.659090909091,12.52,0.89,2.46,
2005-09-08,3.59,0.28,64.8,3850.659090909091,12.93,0.89,2.47,
2005-09-09,3.59,0.26,64.21,3850.659090909091,11.98,0.89,2.5,
2005-09-12,3.55,0.26,63.29,3850.659090909091,11.65,0.89,2.49,
2005-09-13,3.58,0.26,63.18,3850.659090909091,12.39,0.89,2.47,
2005-09-14,3.57,0.27,65.2,3850.659090909091,12.91,0.89,2.49,
2005-09-15,3.55,0.32,64.64,3850.659090909091,12.49,0.89,2.51,
2005-09-16,3.54,0.29,62.91,3850.659090909091,11.22,0.89,2.53,
2005-09-19,3.61,0.32,67.21,3850.659090909091,12.14,0.89,2.55,
2005-09-20,3.65,0.26,66.24,3850.659090909091,12.64,0.89,2.52,
2005-09-21,3.75,0.23,66.96,3850.659090909091,13.79,0.9,2.51,
2005-09-22,3.81,0.24,67.07,3850.659090909091,13.33,0.9,2.52,
2005-09-23,3.71,0.23,64.67,3850.659090909091,12.96,0.9,2.51,
2005-09-26,3.65,0.23,65.98,3850.659090909091,13.04,0.89,2.52,
2005-09-27,3.66,0.22,64.94,3850.659090909091,12.76,0.89,2.53,
2005-09-28,3.69,0.17,66.36,3850.659090909091,12.63,0.89,2.53,
2005-09-29,3.67,0.16,66.83,3850.659090909091,12.24,0.89,2.54,
2005-09-30,3.54,0.16,66.21,3850.659090909091,11.92,0.89,2.56,
2005-10-01,3.54,0.16,66.21,4056.166666666667,11.92,0.89,2.56,
2005-10-03,3.47,0.18,65.36,4056.166666666667,12.46,0.89,2.55,
2005-10-04,3.48,0.16,63.74,4056.166666666667,13.2,0.89,2.51,
2005-10-05,3.51,0.15,62.56,4056.166666666667,14.55,0.89,2.5,
2005-10-06,3.55,0.17,61.81,4056.166666666667,14.96,0.89,2.46,
2005-10-07,3.59,0.17,61.81,4056.166666666667,14.59,0.9,2.45,
2005-10-10,3.59,0.17,60.71,4056.166666666667,15.55,0.9,2.45,
2005-10-11,3.66,0.17,63.84,4056.166666666667,15.63,0.9,2.47,
2005-10-12,3.72,0.21,64.13,4056.166666666667,16.22,0.91,2.49,
2005-10-13,3.77,0.24,63.05,4056.166666666667,16.47,0.92,2.52,
2005-10-14,3.72,0.21,62.61,4056.166666666667,14.87,0.92,2.5,
2005-10-17,3.61,0.21,64.26,4056.166666666667,14.67,0.9,2.56,
2005-10-18,3.56,0.22,62.94,4056.166666666667,15.33,0.89,2.57,
2005-10-19,3.6,0.22,62.11,4056.166666666667,13.5,0.9,2.55,
2005-10-20,3.58,0.19,61.04,4056.166666666667,16.11,0.9,2.54,
2005-10-21,3.59,0.17,61.05,4056.166666666667,16.13,0.9,2.5,
2005-10-24,3.54,0.2,60.63,4056.166666666667,14.74,0.9,2.52,
2005-10-25,3.49,0.2,62.83,4056.166666666667,14.53,0.9,2.49,
2005-10-26,3.49,0.22,60.85,4056.166666666667,14.59,0.91,2.54,
2005-10-27,3.57,0.21,61.03,4056.166666666667,16.02,0.91,2.56,
2005-10-28,3.58,0.18,61.3,4056.166666666667,14.25,0.91,2.57,
2005-10-31,3.61,0.17,59.8,4056.166666666667,15.32,0.92,2.57,
2005-11-01,3.57,0.16,59.85,4278.159090909091,14.85,0.93,2.58,
2005-11-02,3.54,0.18,59.75,4278.159090909091,13.48,0.93,2.59,
2005-11-03,3.48,0.18,61.7,4278.159090909091,13.0,0.92,2.62,
2005-11-04,3.48,0.19,60.6,4278.159090909091,13.17,0.92,2.6,
2005-11-07,3.49,0.18,59.4,4278.159090909091,13.1,0.92,2.62,
2005-11-08,3.55,0.14,59.7,4278.159090909091,13.08,0.92,2.56,
2005-11-09,3.5,0.15,59.65,4278.159090909091,12.8,0.92,2.56,
2005-11-10,3.57,0.11,57.8,4278.159090909091,11.9,0.93,2.48,
2005-11-11,3.56,0.11,57.45,4278.159090909091,11.63,0.93,2.48,
2005-11-14,3.58,0.11,57.6,4278.159090909091,12.18,0.93,2.47,
2005-11-15,3.62,0.09,57.05,4278.159090909091,12.23,0.93,2.44,
2005-11-16,3.72,0.07,57.85,4278.159090909091,12.26,0.95,2.42,
2005-11-17,3.78,0.09,56.2,4278.159090909091,11.25,0.96,2.42,
2005-11-18,3.69,0.1,56.3,4278.159090909091,11.12,0.95,2.41,
2005-11-21,3.71,0.07,57.75,4278.159090909091,10.82,0.95,2.38,
2005-11-22,3.74,0.11,58.3,4278.159090909091,10.6,0.96,2.4,
2005-11-23,3.69,0.11,58.35,4278.159090909091,10.96,0.95,2.39,
2005-11-24,3.69,0.11,58.35,4278.159090909091,10.96,0.95,2.39,
2005-11-25,3.72,0.1,58.35,4278.159090909091,10.88,0.95,2.38,
2005-11-28,3.71,0.08,57.36,4278.159090909091,11.84,0.95,2.37,
2005-11-29,3.61,0.08,56.46,4278.159090909091,11.89,0.95,2.37,
2005-11-30,3.67,0.07,57.33,4278.159090909091,12.06,0.97,2.37,
2005-12-01,3.62,0.07,58.46,4577.025,11.24,0.96,2.37,
2005-12-02,3.63,0.09,59.31,4577.025,11.01,0.97,2.36,
2005-12-05,3.62,0.1,59.91,4577.025,11.6,0.97,2.4,
2005-12-06,3.68,0.07,59.96,4577.025,11.52,0.98,2.37,
2005-12-07,3.66,0.1,59.21,4577.025,12.18,0.98,2.34,
2005-12-08,3.7,0.1,60.66,4577.025,12.21,0.99,2.33,
2005-12-09,3.6,0.11,59.41,4577.025,11.69,0.98,2.36,
2005-12-12,3.59,0.11,61.36,4577.025,11.47,0.98,2.39,
2005-12-13,3.6,0.11,61.36,4577.025,11.11,0.98,2.38,
2005-12-14,3.66,0.08,60.86,4577.025,10.48,0.98,2.35,
2005-12-15,3.64,0.1,60.01,4577.025,10.73,0.98,2.35,
2005-12-16,3.65,0.08,58.01,4577.025,10.68,0.98,2.34,
2005-12-19,3.66,0.07,57.31,4577.025,11.38,0.98,2.34,
2005-12-20,3.65,0.05,57.81,4577.025,11.19,0.98,2.35,
2005-12-21,3.61,0.06,58.56,4577.025,10.81,0.99,2.35,
2005-12-22,3.66,0.04,58.08,4577.025,10.29,0.99,2.33,
2005-12-23,3.71,0.01,58.08,4577.025,10.27,0.99,2.31,
2005-12-27,3.73,-0.01,58.16,4577.025,11.57,0.99,2.29,
2005-12-28,3.69,0.01,59.81,4577.025,11.35,0.99,2.28,
2005-12-29,3.68,-0.01,60.26,4577.025,11.61,1.0,2.3,
2005-12-30,3.65,-0.02,61.06,4577.025,12.07,0.99,2.33,
2005-12-31,3.71,-0.02,61.06,4577.025,12.07,0.92,2.33,
2006-01-01,3.71,-0.02,61.06,4743.857142857143,12.07,0.92,2.33,
2006-01-02,3.71,-0.02,61.06,4743.857142857143,12.07,0.92,2.33,101.4155
2006-01-03,3.73,0.03,63.11,4743.857142857143,11.14,0.92,2.34,100.7558
2006-01-04,3.69,0.05,63.41,4743.857142857143,11.37,0.92,2.35,100.2288
2006-01-05,3.64,0.04,62.81,4743.857142857143,11.31,0.92,2.32,100.2992
2006-01-06,3.56,0.02,64.21,4743.857142857143,11.0,0.92,2.33,100.0241
2006-01-09,3.51,0.02,63.56,4743.857142857143,11.13,0.92,2.33,100.1794
2006-01-10,3.5,0.02,63.41,4743.857142857143,10.86,0.92,2.37,100.1436
2006-01-11,3.47,0.02,63.91,4743.857142857143,10.94,0.92,2.39,99.871
2006-01-12,3.53,0.03,63.96,4743.857142857143,11.2,0.92,2.41,100.0643
2006-01-13,3.62,0.02,63.86,4743.857142857143,11.23,0.93,2.39,99.9675
2006-01-16,3.6,0.02,63.86,4743.857142857143,11.23,0.92,2.39,99.9715
2006-01-17,3.64,0.01,66.36,4743.857142857143,11.91,0.94,2.39,100.2447
2006-01-18,3.64,0.01,65.76,4743.857142857143,12.25,0.92,2.37,100.4085
2006-01-19,3.58,0.01,66.86,4743.857142857143,11.98,0.92,2.41,100.1862
2006-01-20,3.6,0.0,68.16,4743.857142857143,14.56,0.92,2.43,99.9017
2006-01-23,3.59,0.01,68.06,4743.857142857143,13.93,0.92,2.42,99.3783
2006-01-24,3.54,0.03,66.83,4743.857142857143,13.31,0.92,2.43,99.3434
2006-01-25,3.44,0.03,65.6,4743.857142857143,12.87,0.91,2.46,99.348
2006-01-26,3.42,0.04,65.8,4743.857142857143,12.42,0.9,2.52,99.4798
2006-01-27,3.4,0.01,67.81,4743.857142857143,11.97,0.9,2.5,99.6433
2006-01-30,3.34,0.02,68.36,4743.857142857143,12.39,0.9,2.51,99.7144
2006-01-31,3.42,-0.01,67.86,4743.857142857143,12.95,0.9,2.53,99.4311
2006-02-01,3.35,-0.02,66.61,4974.975,12.36,0.9,2.55,99.6132
2006-02-02,3.35,-0.02,64.71,4974.975,13.23,0.89,2.53,99.7916
2006-02-03,3.38,-0.05,65.41,4974.975,12.96,0.89,2.54,100.118
2006-02-06,3.38,-0.07,65.11,4974.975,13.04,0.89,2.55,100.1372
2006-02-07,3.39,-0.04,63.01,4974.975,13.59,0.9,2.55,100.1759
2006-02-08,3.38,-0.08,62.51,4974.975,12.83,0.9,2.49,100.4879
2006-02-09,3.38,-0.12,62.66,4974.975,13.12,0.89,2.49,100.2117
2006-02-10,3.35,-0.1,62.01,4974.975,12.87,0.89,2.5,100.322
2006-02-13,3.37,-0.1,61.26,4974.975,13.35,0.89,2.5,100.3955
2006-02-14,3.36,-0.07,59.61,4974.975,12.25,0.89,2.48,100.3987
2006-02-15,3.32,-0.1,57.61,4974.975,12.31,0.89,2.48,100.4489
2006-02-16,3.29,-0.1,58.61,4974.975,11.48,0.88,2.49,100.5183
2006-02-17,3.3,-0.12,59.76,4974.975,12.01,0.88,2.51,100.3404
2006-02-20,3.3,-0.12,59.76,4974.975,12.01,0.88,2.51,100.3447
2006-02-21,3.29,-0.14,61.21,4974.975,12.41,0.88,2.53,100.2346
2006-02-22,3.31,-0.15,59.03,4974.975,11.88,0.88,2.52,100.3879
2006-02-23,3.27,-0.16,58.03,4974.975,11.87,0.87,2.53,100.1956
2006-02-24,3.28,-0.16,61.46,4974.975,11.46,0.88,2.56,100.2594
2006-02-27,3.28,-0.15,61.01,4974.975,11.59,0.87,2.55,100.0724
2006-02-28,3.37,-0.14,61.37,4974.975,12.34,0.9,2.53,99.7695
2006-03-01,3.33,-0.12,62.01,5123.673913043478,11.54,0.88,2.57,99.8355
2006-03-02,3.32,-0.08,63.36,5123.673913043478,11.72,0.87,2.59,99.5969
2006-03-03,3.29,-0.08,63.61,5123.673913043478,11.96,0.87,2.61,99.7024
2006-03-06,3.26,-0.03,62.46,5123.673913043478,12.74,0.87,2.6,99.9834
2006-03-07,3.3,-0.03,61.51,5123.673913043478,12.66,0.88,2.58,100.564
2006-03-08,3.31,0.01,60.06,5123.673913043478,12.32,0.88,2.53,100.8565
2006-03-09,3.32,0.02,60.51,5123.673913043478,12.68,0.88,2.54,100.7718
2006-03-10,3.3,0.02,59.91,5123.673913043478,11.85,0.88,2.53,100.9566
2006-03-13,3.27,0.03,61.81,5123.673913043478,11.37,0.88,2.53,100.8563
2006-03-14,3.34,0.05,63.01,5123.673913043478,10.74,0.88,2.54,100.312
2006-03-15,3.29,0.04,62.11,5123.673913043478,11.35,0.87,2.55,100.2121
2006-03-16,3.34,0.03,63.46,5123.673913043478,11.98,0.88,2.53,99.9049
2006-03-17,3.31,0.03,62.81,5123.673913043478,12.12,0.88,2.52,99.8614
2006-03-20,3.3,0.01,60.31,5123.673913043478,11.79,0.88,2.51,100.0491
2006-03-21,3.21,-0.01,60.41,5123.673913043478,11.62,0.88,2.48,100.4716
2006-03-22,3.2,-0.04,60.03,5123.673913043478,11.21,0.88,2.47,100.496
2006-03-23,3.18,-0.04,62.13,5123.673913043478,11.17,0.88,2.49,100.8256
2006-03-24,3.23,-0.05,63.9,5123.673913043478,11.19,0.88,2.47,100.7773
2006-03-27,3.19,-0.02,63.75,5123.673913043478,11.46,0.88,2.47,100.8359
2006-03-28,3.12,-0.02,65.65,5123.673913043478,11.58,0.88,2.49,100.7995
2006-03-29,3.14,-0.01,66.0,5123.673913043478,10.95,0.88,2.49,101.0474
2006-03-30,3.11,0.02,66.7,5123.673913043478,11.57,0.88,2.51,100.5698
2006-03-31,3.13,0.04,66.25,5123.673913043478,11.39,0.9,2.51,100.56
2006-04-01,3.13,0.04,66.25,6404.444444444444,11.39,0.9,2.51,100.56
2006-04-03,3.09,0.02,66.07,6404.444444444444,11.57,0.9,2.52,100.6204
2006-04-04,3.1,0.03,65.75,6404.444444444444,11.14,0.89,2.49,100.1319
2006-04-05,3.13,0.03,66.76,6404.444444444444,11.13,0.89,2.5,100.0792
2006-04-06,3.12,0.06,67.22,6404.444444444444,11.45,0.9,2.52,100.1578
2006-04-07,3.06,0.08,67.02,6404.444444444444,12.26,0.89,2.54,100.4187
2006-04-10,3.1,0.08,68.29,6404.444444444444,12.19,0.89,2.56,100.4091
2006-04-11,3.11,0.05,69.03,6404.444444444444,13.0,0.89,2.56,100.2903
2006-04-12,3.06,0.07,68.53,6404.444444444444,12.76,0.89,2.57,100.3589
2006-04-13,3.05,0.09,69.53,6404.444444444444,12.38,0.89,2.57,100.4759
2006-04-14,3.05,0.09,69.53,6404.444444444444,12.38,0.89,2.57,100.4697
2006-04-17,3.08,0.1,70.3,6404.444444444444,12.58,0.89,2.58,99.8719
2006-04-18,3.11,0.15,71.28,6404.444444444444,11.4,0.9,2.61,99.6747
2006-04-19,3.07,0.18,72.07,6404.444444444444,11.32,0.89,2.66,99.3467
2006-04-20,3.04,0.15,71.96,6404.444444444444,11.64,0.89,2.62,99.4974
2006-04-21,3.04,0.11,73.73,6404.444444444444,11.59,0.89,2.62,99.4345
2006-04-24,3.06,0.1,70.19,6404.444444444444,11.75,0.89,2.6,99.117
2006-04-25,2.98,0.12,67.43,6404.444444444444,11.75,0.88,2.6,98.9687
2006-04-26,2.97,0.13,71.71,6404.444444444444,11.76,0.88,2.61,98.8907
2006-04-27,3.0,0.18,70.76,6404.444444444444,11.84,0.88,2.64,98.5149
2006-04-28,3.0,0.2,71.8,6404.444444444444,11.59,0.88,2.68,98.1412
2006-04-30,3.04,0.2,71.8,6404.444444444444,11.59,0.89,2.68,98.1412
2006-05-01,2.96,0.2,73.75,8059.190476190476,12.54,0.87,2.72,97.9085
2006-05-02,2.97,0.2,74.62,8059.190476190476,11.99,0.87,2.69,97.6571
2006-05-03,2.94,0.21,72.26,8059.190476190476,11.99,0.87,2.68,97.5572
2006-05-04,2.93,0.19,69.98,8059.190476190476,11.86,0.87,2.67,97.4878
2006-05-05,2.96,0.18,70.09,8059.190476190476,11.62,0.87,2.67,97.2585
2006-05-08,2.94,0.15,69.75,8059.190476190476,12.0,0.87,2.67,97.1945
2006-05-09,2.92,0.16,70.71,8059.190476190476,11.99,0.87,2.7,96.9578
2006-05-10,2.9,0.12,72.15,8059.190476190476,11.78,0.87,2.7,96.6391
2006-05-11,2.88,0.15,73.0,8059.190476190476,12.49,0.87,2.71,96.5383
2006-05-12,2.88,0.18,71.87,8059.190476190476,14.19,0.87,2.72,96.8788
2006-05-15,2.92,0.16,69.25,8059.190476190476,13.57,0.87,2.68,97.3588
2006-05-16,2.99,0.14,69.4,8059.190476190476,13.35,0.88,2.66,97.1959
2006-05-17,3.03,0.19,68.65,8059.190476190476,16.26,0.89,2.69,97.4725
2006-05-18,3.09,0.14,69.63,8059.190476190476,16.99,0.9,2.67,97.7033
2006-05-19,3.08,0.09,68.44,8059.190476190476,17.18,0.9,2.62,97.933
2006-05-22,3.15,0.1,69.23,8059.190476190476,17.72,0.9,2.61,97.9377
2006-05-23,3.12,0.1,70.78,8059.190476190476,18.26,0.9,2.63,97.7045
2006-05-24,3.18,0.09,69.47,8059.190476190476,17.36,0.91,2.61,98.3936
2006-05-25,3.13,0.09,70.92,8059.190476190476,15.5,0.91,2.61,97.8423
2006-05-26,3.12,0.1,71.35,8059.190476190476,14.26,0.91,2.62,97.8995
2006-05-29,3.12,0.1,71.35,8059.190476190476,14.26,0.91,2.62,97.8936
2006-05-30,3.1,0.1,71.85,8059.190476190476,18.66,0.91,2.64,97.588
2006-05-31,3.12,0.08,71.42,8059.190476190476,16.44,0.92,2.64,97.7705
2006-06-01,3.13,0.07,70.11,7222.772727272727,14.52,0.92,2.65,97.7726
2006-06-02,3.22,0.08,72.73,7222.772727272727,14.32,0.93,2.63,97.5544
2006-06-05,3.19,0.03,72.5,7222.772727272727,16.65,0.93,2.62,97.3681
2006-06-06,3.24,0.02,72.43,7222.772727272727,17.34,0.93,2.57,98.1449
2006-06-07,3.22,0.0,70.9,7222.772727272727,17.8,0.93,2.54,98.1641
2006-06-08,3.26,-0.01,70.25,7222.772727272727,18.35,0.94,2.53,98.9313
2006-06-09,3.27,-0.03,71.62,7222.772727272727,18.12,0.94,2.53,98.5471
2006-06-12,3.25,-0.03,70.28,7222.772727272727,20.96,0.94,2.54,98.5494
2006-06-13,3.32,-0.05,68.48,7222.772727272727,23.81,0.95,2.53,98.9201
2006-06-14,3.32,-0.06,69.12,7222.772727272727,21.46,0.96,2.55,98.8338
2006-06-15,3.29,-0.04,69.78,7222.772727272727,15.9,0.95,2.58,98.8846
2006-06-16,3.26,-0.03,69.75,7222.772727272727,17.25,0.95,2.59,98.9127
2006-06-19,3.25,-0.05,69.21,7222.772727272727,17.83,0.96,2.56,99.145
2006-06-20,3.28,-0.04,69.3,7222.772727272727,16.69,0.96,2.57,99.0117
2006-06-21,3.34,-0.04,70.07,7222.772727272727,15.52,0.96,2.57,98.5544
2006-06-22,3.32,-0.03,70.62,7222.772727272727,15.88,0.96,2.59,99.0856
2006-06-23,3.31,-0.04,70.5,7222.772727272727,15.89,0.96,2.59,99.4216
2006-06-26,3.34,-0.02,71.63,7222.772727272727,15.62,0.97,2.58,99.3634
2006-06-27,3.36,-0.03,72.05,7222.772727272727,16.4,0.97,2.58,99.219
2006-06-28,3.33,-0.04,72.15,7222.772727272727,15.79,0.97,2.57,99.392
2006-06-29,3.33,0.01,73.5,7222.772727272727,13.03,0.97,2.61,99.2158
2006-06-30,3.35,-0.01,73.94,7222.772727272727,13.08,0.97,2.61,98.2483
2006-07-01,3.35,-0.01,73.94,7726.738095238095,13.08,0.97,2.61,98.2483
2006-07-03,3.33,-0.02,73.94,7726.738095238095,13.05,0.97,2.59,98.0371
2006-07-04,3.33,-0.02,73.94,7726.738095238095,13.05,0.97,2.59,98.0221
2006-07-05,3.27,-0.01,75.2,7726.738095238095,14.15,0.97,2.6,98.308
2006-07-06,3.31,-0.03,75.0,7726.738095238095,13.65,0.97,2.6,98.138
2006-07-07,3.33,-0.03,73.76,7726.738095238095,13.97,0.97,2.59,97.7508
2006-07-10,3.3,-0.04,73.5,7726.738095238095,14.02,0.97,2.57,97.9813
2006-07-11,3.33,-0.07,74.05,7726.738095238095,13.14,0.97,2.57,98.2132
2006-07-12,3.32,-0.07,74.99,7726.738095238095,14.49,0.97,2.56,98.5202
2006-07-13,3.39,-0.04,76.7,7726.738095238095,17.79,0.97,2.57,98.5583
2006-07-14,3.44,-0.01,76.8,7726.738095238095,18.05,0.98,2.57,98.6814
2006-07-17,3.42,-0.05,75.7,7726.738095238095,18.64,0.98,2.58,99.0767
2006-07-18,3.37,-0.06,73.87,7726.738095238095,17.74,0.97,2.58,99.1341
2006-07-19,3.42,-0.06,72.79,7726.738095238095,15.55,0.97,2.57,98.9262
2006-07-20,3.43,-0.03,74.0,7726.738095238095,16.21,0.97,2.58,98.6014
2006-07-21,3.41,-0.03,73.52,7726.738095238095,17.4,0.97,2.56,98.5221
2006-07-24,3.41,-0.05,74.29,7726.738095238095,14.98,0.97,2.56,98.7795
2006-07-25,3.38,-0.04,73.46,7726.738095238095,14.85,0.97,2.59,98.9388
2006-07-26,3.38,-0.02,73.82,7726.738095238095,14.62,0.97,2.6,98.742
2006-07-27,3.36,0.0,74.5,7726.738095238095,14.94,0.97,2.6,98.2283
2006-07-28,3.4,0.02,73.3,7726.738095238095,14.33,0.97,2.59,98.0539
2006-07-31,3.45,0.02,74.56,7726.738095238095,14.95,0.98,2.58,97.9996
2006-08-01,3.44,0.02,74.93,7690.25,15.05,0.98,2.59,98.1715
2006-08-02,3.42,-0.01,76.16,7690.25,14.34,0.98,2.6,97.9432
2006-08-03,3.42,-0.02,75.59,7690.25,14.46,0.98,2.61,98.0694
2006-08-04,3.44,0.0,74.78,7690.25,14.34,0.98,2.61,97.6005
2006-08-07,3.42,-0.03,77.05,7690.25,15.23,0.98,2.64,97.5088
2006-08-08,3.41,0.02,76.29,7690.25,15.23,0.98,2.66,97.6524
2006-08-09,3.41,0.01,76.28,7690.25,15.2,0.98,2.64,97.4402
2006-08-10,3.42,0.0,74.17,7690.25,14.46,0.98,2.63,97.8887
2006-08-11,3.39,0.01,74.38,7690.25,14.3,0.98,2.64,97.7863
2006-08-14,3.36,-0.01,73.33,7690.25,14.26,0.97,2.64,97.9677
2006-08-15,3.39,-0.01,72.95,7690.25,13.42,0.97,2.61,97.8043
2006-08-16,3.42,0.0,71.64,7690.25,12.41,0.97,2.59,97.3894
2006-08-17,3.38,-0.02,70.12,7690.25,12.24,0.97,2.59,97.3486
2006-08-18,3.41,-0.03,70.93,7690.25,11.64,0.97,2.58,97.7577
2006-08-21,3.43,-0.03,72.45,7690.25,12.22,0.97,2.59,97.3856
2006-08-22,3.43,-0.05,72.55,7690.25,12.19,0.97,2.6,97.6079
2006-08-23,3.43,-0.05,71.45,7690.25,12.4,0.97,2.57,97.5731
2006-08-24,3.43,-0.07,72.02,7690.25,12.4,0.97,2.53,97.7939
2006-08-25,3.44,-0.07,72.13,7690.25,12.31,0.97,2.55,97.8827
2006-08-28,3.41,-0.08,70.47,7690.25,12.18,0.97,2.52,97.8467
2006-08-29,3.41,-0.08,69.74,7690.25,12.28,0.97,2.5,97.7748
2006-08-30,3.42,-0.07,70.2,7690.25,12.22,0.97,2.48,97.5792
2006-08-31,3.49,-0.05,70.38,7690.25,12.31,0.97,2.5,97.644
2006-09-01,3.49,-0.04,69.24,7622.642857142857,11.96,0.98,2.48,97.5084
2006-09-04,3.49,-0.04,69.24,7622.642857142857,11.96,0.98,2.48,97.4981
2006-09-05,3.43,-0.02,68.7,7622.642857142857,12.63,0.97,2.47,97.4392
2006-09-06,3.4,-0.02,67.75,7622.642857142857,13.74,0.97,2.48,97.6087
2006-09-07,3.41,-0.02,67.37,7622.642857142857,13.88,0.97,2.46,97.8108
2006-09-08,3.42,-0.02,66.3,7622.642857142857,13.16,0.97,2.43,98.2119
2006-09-11,3.39,-0.03,65.42,7622.642857142857,12.99,0.97,2.42,98.3845
2006-09-12,3.4,-0.04,63.81,7622.642857142857,11.92,0.97,2.42,98.2781
2006-09-13,3.38,-0.03,64.09,7622.642857142857,11.18,0.97,2.42,98.1775
2006-09-14,3.35,-0.04,63.27,7622.642857142857,11.55,0.97,2.44,98.0088
2006-09-15,3.33,-0.07,63.3,7622.642857142857,11.76,0.96,2.42,98.2104
2006-09-18,3.33,-0.07,63.84,7622.642857142857,11.78,0.96,2.42,98.1332
2006-09-19,3.4,-0.05,61.77,7622.642857142857,11.98,0.97,2.39,98.1703
2006-09-20,3.39,-0.08,60.0,7622.642857142857,11.39,0.97,2.34,98.1556
2006-09-21,3.48,-0.06,61.62,7622.642857142857,12.25,0.97,2.34,97.9458
2006-09-22,3.53,-0.07,59.79,7622.642857142857,12.59,0.97,2.33,97.8667
2006-09-25,3.55,-0.07,60.74,7622.642857142857,12.12,0.97,2.32,97.9909
2006-09-26,3.5,-0.09,60.63,7622.642857142857,11.53,0.97,2.34,98.0555
2006-09-27,3.46,-0.06,62.96,7622.642857142857,11.58,0.97,2.34,98.0107
2006-09-28,3.44,-0.05,62.46,7622.642857142857,11.72,0.97,2.36,98.0381
2006-09-29,3.42,-0.07,62.9,7622.642857142857,11.98,0.97,2.37,98.1054
2006-09-30,3.44,-0.07,62.9,7622.642857142857,11.98,0.98,2.37,98.1054
2006-10-01,3.44,-0.07,62.9,7497.409090909091,11.98,0.98,2.37,98.1054
2006-10-02,3.44,-0.04,60.96,7497.409090909091,12.57,0.98,2.35,97.9247
2006-10-03,3.43,-0.05,58.64,7497.409090909091,12.24,0.97,2.33,98.1267
2006-10-04,3.45,-0.03,59.53,7497.409090909091,11.86,0.98,2.3,98.3682
2006-10-05,3.39,-0.04,60.02,7497.409090909091,11.98,0.97,2.3,98.2776
2006-10-06,3.31,-0.04,59.68,7497.409090909091,11.56,0.97,2.33,98.5619
2006-10-09,3.31,-0.04,59.93,7497.409090909091,11.68,0.97,2.33,98.5702
2006-10-10,3.27,-0.07,58.5,7497.409090909091,11.52,0.97,2.33,98.9125
2006-10-11,3.23,-0.07,57.56,7497.409090909091,11.62,0.96,2.33,98.9146
2006-10-12,3.22,-0.06,58.23,7497.409090909091,11.09,0.96,2.35,98.831
2006-10-13,3.19,-0.06,58.69,7497.409090909091,10.75,0.96,2.34,98.8002
2006-10-16,3.18,-0.06,59.91,7497.409090909091,11.09,0.96,2.34,98.71
2006-10-17,3.19,-0.05,58.91,7497.409090909091,11.73,0.96,2.32,98.5354
2006-10-18,3.18,-0.08,57.66,7497.409090909091,11.34,0.96,2.31,98.6164
2006-10-19,3.17,-0.06,58.55,7497.409090909091,10.9,0.95,2.3,98.2897
2006-10-20,3.17,-0.08,57.35,7497.409090909091,10.63,0.95,2.3,98.1629
2006-10-23,3.14,-0.07,56.74,7497.409090909091,11.08,0.95,2.3,98.4483
2006-10-24,3.15,-0.08,57.55,7497.409090909091,10.78,0.95,2.31,98.349
2006-10-25,3.19,-0.1,59.09,7497.409090909091,10.66,0.95,2.34,98.2057
2006-10-26,3.21,-0.08,60.27,7497.409090909091,10.56,0.95,2.32,97.8907
2006-10-27,3.23,-0.08,60.75,7497.409090909091,10.8,0.95,2.31,97.4914
2006-10-30,3.21,-0.1,58.41,7497.409090909091,11.2,0.95,2.29,97.5672
2006-10-31,3.29,-0.1,58.72,7497.409090909091,11.1,0.95,2.27,97.3901
2006-11-01,3.3,-0.09,58.64,7029.295454545455,11.51,0.95,2.28,97.4949
2006-11-02,3.24,-0.07,57.87,7029.295454545455,11.42,0.95,2.28,97.6556
2006-11-03,3.12,-0.1,59.13,7029.295454545455,11.16,0.94,2.32,97.7209
2006-11-06,3.13,-0.11,60.11,7029.295454545455,11.16,0.94,2.35,97.806
2006-11-07,3.14,-0.11,58.94,7029.295454545455,11.09,0.93,2.34,97.4453
2006-11-08,3.15,-0.11,59.93,7029.295454545455,10.75,0.93,2.35,97.58
2006-11-09,3.13,-0.13,61.18,7029.295454545455,11.01,0.93,2.34,97.5041
2006-11-10,3.15,-0.14,59.66,7029.295454545455,10.79,0.93,2.34,97.4638
2006-11-13,3.12,-0.15,58.59,7029.295454545455,10.86,0.92,2.32,97.7904
2006-11-14,3.13,-0.17,58.28,7029.295454545455,10.5,0.93,2.29,97.7475
2006-11-15,3.05,-0.19,58.79,7029.295454545455,10.31,0.92,2.31,97.8359
2006-11-16,2.99,-0.19,56.23,7029.295454545455,10.16,0.92,2.28,97.8098
2006-11-17,3.06,-0.15,55.9,7029.295454545455,10.05,0.93,2.28,97.9855
2006-11-20,3.07,-0.16,56.42,7029.295454545455,9.97,0.92,2.27,98.0254
2006-11-21,3.13,-0.17,58.01,7029.295454545455,9.9,0.92,2.27,98.0215
2006-11-22,3.14,-0.17,57.28,7029.295454545455,10.14,0.92,2.27,97.5315
2006-11-23,3.14,-0.17,57.28,7029.295454545455,10.14,0.92,2.27,97.5314
2006-11-24,3.15,-0.18,57.28,7029.295454545455,10.73,0.92,2.28,97.0657
2006-11-27,3.17,-0.17,60.3,7029.295454545455,12.3,0.93,2.3,96.9986
2006-11-28,3.22,-0.16,60.97,7029.295454545455,11.62,0.93,2.3,96.8428
2006-11-29,3.15,-0.17,62.45,7029.295454545455,10.83,0.92,2.3,96.8577
2006-11-30,3.2,-0.16,62.97,7029.295454545455,10.91,0.94,2.3,96.5779
2006-12-01,3.21,-0.09,63.43,6680.973684210526,11.66,0.94,2.33,96.4585
2006-12-04,3.2,-0.09,62.39,6680.973684210526,11.23,0.93,2.32,96.4319
2006-12-05,3.14,-0.07,62.4,6680.973684210526,11.27,0.93,2.34,96.2082
2006-12-06,3.07,-0.11,62.2,6680.973684210526,11.33,0.92,2.34,96.2839
2006-12-07,3.05,-0.09,62.54,6680.973684210526,12.67,0.92,2.34,96.3207
2006-12-08,3.0,-0.12,62.06,6680.973684210526,12.07,0.91,2.35,96.6123
2006-12-11,3.02,-0.15,61.26,6680.973684210526,10.71,0.92,2.35,96.6646
2006-12-12,3.06,-0.12,61.06,6680.973684210526,10.65,0.92,2.34,96.7119
2006-12-13,3.0,-0.12,61.34,6680.973684210526,10.18,0.92,2.36,96.7296
2006-12-14,3.0,-0.13,62.48,6680.973684210526,9.97,0.92,2.37,96.7946
2006-12-15,2.98,-0.13,63.4,6680.973684210526,10.05,0.92,2.31,96.9857
2006-12-18,2.99,-0.11,62.19,6680.973684210526,10.6,0.92,2.29,97.1559
2006-12-19,2.98,-0.11,62.87,6680.973684210526,10.3,0.92,2.29,96.9313
2006-12-20,2.97,-0.11,63.08,6680.973684210526,10.26,0.92,2.28,96.7762
2006-12-21,2.99,-0.11,62.05,6680.973684210526,10.53,0.92,2.26,96.9148
2006-12-22,2.93,-0.08,61.81,6680.973684210526,11.36,0.91,2.28,97.1113
2006-12-25,2.93,-0.08,61.81,6680.973684210526,11.36,0.91,2.28,97.1221
2006-12-26,2.93,-0.1,61.07,6680.973684210526,11.26,0.91,2.27,97.1786
2006-12-27,2.87,-0.11,60.31,6680.973684210526,10.64,0.91,2.27,97.2076
2006-12-28,2.83,-0.12,60.39,6680.973684210526,10.99,0.9,2.29,97.0656
2006-12-29,2.82,-0.11,60.85,6680.973684210526,11.56,0.9,2.3,97.0312
2006-12-31,2.89,-0.11,60.85,6680.973684210526,11.56,0.91,2.3,97.0312
2007-01-01,2.89,-0.11,60.85,5689.340909090909,11.56,0.91,2.3,97.0323
2007-01-02,2.91,-0.12,60.77,5689.340909090909,11.56,0.92,2.3,97.0323
2007-01-03,2.91,-0.09,58.31,5689.340909090909,12.04,0.91,2.31,97.1281
2007-01-04,2.95,-0.09,55.65,5689.340909090909,11.51,0.91,2.26,97.5251
2007-01-05,2.93,-0.11,56.29,5689.340909090909,12.14,0.91,2.27,97.7801
2007-01-08,2.92,-0.12,56.08,5689.340909090909,12.0,0.91,2.28,97.788
2007-01-09,2.89,-0.13,55.65,5689.340909090909,11.91,0.91,2.27,97.9642
2007-01-10,2.87,-0.12,53.95,5689.340909090909,11.47,0.91,2.27,98.0943
2007-01-11,2.82,-0.12,51.91,5689.340909090909,10.87,0.9,2.31,98.0845
2007-01-12,2.8,-0.11,52.96,5689.340909090909,10.15,0.9,2.28,97.921
2007-01-15,2.79,-0.11,52.96,5689.340909090909,10.15,0.9,2.28,97.9201
2007-01-16,2.78,-0.11,51.23,5689.340909090909,10.74,0.9,2.27,97.9816
2007-01-17,2.72,-0.12,52.3,5689.340909090909,10.59,0.89,2.29,97.7509
2007-01-18,2.73,-0.14,50.51,5689.340909090909,10.85,0.89,2.28,97.8286
2007-01-19,2.7,-0.15,51.98,5689.340909090909,10.4,0.89,2.31,97.6868
2007-01-22,2.69,-0.15,51.11,5689.340909090909,10.77,0.89,2.32,97.827
2007-01-23,2.65,-0.13,53.61,5689.340909090909,10.34,0.88,2.35,97.8117
2007-01-24,2.63,-0.12,54.24,5689.340909090909,9.89,0.88,2.37,97.908
2007-01-25,2.57,-0.11,53.49,5689.340909090909,11.22,0.87,2.39,97.8396
2007-01-26,2.59,-0.11,55.38,5689.340909090909,11.13,0.88,2.4,98.1491
2007-01-29,2.58,-0.09,54.01,5689.340909090909,11.45,0.87,2.4,98.2066
2007-01-30,2.62,-0.1,57.03,5689.340909090909,10.96,0.87,2.42,98.1515
2007-01-31,2.72,-0.11,58.17,5689.340909090909,10.42,0.89,2.43,97.964
2007-02-01,2.66,-0.12,57.35,5718.15,10.31,0.88,2.42,97.7101
2007-02-02,2.67,-0.11,59.01,5718.15,10.08,0.88,2.41,97.9743
2007-02-05,2.67,-0.11,58.69,5718.15,10.55,0.88,2.4,97.87
2007-02-06,2.67,-0.13,58.91,5718.15,10.65,0.88,2.37,97.7357
2007-02-07,2.65,-0.13,57.75,5718.15,10.32,0.88,2.34,97.7239
2007-02-08,2.65,-0.14,59.76,5718.15,10.44,0.88,2.34,97.8169
2007-02-09,2.59,-0.13,59.86,5718.15,11.1,0.87,2.36,97.7076
2007-02-12,2.59,-0.14,57.76,5718.15,11.61,0.87,2.34,97.9409
2007-02-13,2.58,-0.13,58.98,5718.15,10.34,0.87,2.36,97.7063
2007-02-14,2.62,-0.13,58.0,5718.15,10.23,0.87,2.36,97.2779
2007-02-15,2.59,-0.13,57.92,5718.15,10.22,0.87,2.32,97.1588
2007-02-16,2.57,-0.14,59.38,5718.15,10.02,0.86,2.33,97.164
2007-02-19,2.57,-0.14,59.38,5718.15,10.02,0.86,2.33,97.1545
2007-02-20,2.57,-0.13,58.32,5718.15,10.24,0.86,2.32,97.321
2007-02-21,2.53,-0.13,59.4,5718.15,10.2,0.86,2.36,97.27
2007-02-22,2.49,-0.14,60.28,5718.15,10.18,0.86,2.38,97.266
2007-02-23,2.55,-0.14,60.28,5718.15,10.58,0.86,2.38,97.1756
2007-02-26,2.58,-0.14,61.41,5718.15,11.15,0.86,2.37,97.2281
2007-02-27,2.79,-0.09,61.46,5718.15,18.31,0.89,2.36,97.0883
2007-02-28,2.82,-0.09,61.78,5718.15,15.42,0.9,2.36,97.2386
2007-03-01,2.83,-0.07,61.97,6465.295454545455,15.82,0.89,2.37,97.3358
2007-03-02,2.91,-0.04,61.58,6465.295454545455,18.61,0.9,2.37,97.3691
2007-03-05,2.99,-0.02,60.05,6465.295454545455,19.63,0.91,2.34,97.6716
2007-03-06,2.94,-0.05,60.66,6465.295454545455,15.96,0.91,2.34,97.5123
2007-03-07,2.91,-0.04,61.85,6465.295454545455,15.24,0.91,2.34,97.4558
2007-03-08,2.85,-0.05,61.63,6465.295454545455,14.29,0.91,2.34,97.5731
2007-03-09,2.75,-0.07,60.06,6465.295454545455,14.09,0.9,2.34,97.4559
2007-03-12,2.8,-0.06,58.94,6465.295454545455,13.99,0.91,2.34,97.3013
2007-03-13,2.92,-0.02,58.03,6465.295454545455,18.13,0.92,2.35,97.2203
2007-03-14,2.94,-0.01,58.15,6465.295454545455,17.27,0.92,2.35,97.2759
2007-03-15,2.88,-0.03,57.52,6465.295454545455,16.43,0.92,2.37,97.2476
2007-03-16,2.88,-0.03,57.06,6465.295454545455,16.79,0.93,2.39,97.0407
2007-03-19,2.85,-0.03,56.65,6465.295454545455,14.59,0.93,2.4,97.1062
2007-03-20,2.88,-0.04,56.41,6465.295454545455,13.27,0.93,2.39,96.7985
2007-03-21,2.91,0.02,56.98,6465.295454545455,12.19,0.94,2.39,96.6195
2007-03-22,2.81,0.02,60.21,6465.295454545455,12.93,0.93,2.43,96.3893
2007-03-23,2.79,0.02,61.07,6465.295454545455,12.95,0.93,2.43,96.5662
2007-03-26,2.82,0.04,61.77,6465.295454545455,13.16,0.93,2.44,96.5493
2007-03-27,2.81,0.04,62.98,6465.295454545455,13.48,0.93,2.46,96.4558
2007-03-28,2.84,0.09,64.11,6465.295454545455,14.98,0.93,2.45,96.4894
2007-03-29,2.82,0.06,66.1,6465.295454545455,15.14,0.93,2.46,96.5067
2007-03-30,2.8,0.07,65.94,6465.295454545455,14.64,0.93,2.44,96.3183
2007-03-31,2.85,0.07,65.94,6465.295454545455,14.64,0.95,2.44,96.3183
2007-04-01,2.85,0.07,65.94,7753.342105263158,14.64,0.95,2.44,96.3183
2007-04-02,2.86,0.05,66.03,7753.342105263158,14.53,0.94,2.44,96.3175
2007-04-03,2.83,0.04,64.59,7753.342105263158,13.46,0.94,2.42,96.3774
2007-04-04,2.87,0.05,64.4,7753.342105263158,13.24,0.95,2.43,96.3646
2007-04-05,2.84,0.05,64.26,7753.342105263158,13.23,0.95,2.46,96.1188
2007-04-06,2.84,0.01,64.26,7753.342105263158,13.23,0.95,2.49,96.2526
2007-04-09,2.76,0.02,61.51,7753.342105263158,13.14,0.94,2.48,96.293
2007-04-10,2.78,0.02,61.92,7753.342105263158,12.68,0.94,2.46,96.1179
2007-04-11,2.75,0.01,61.98,7753.342105263158,13.49,0.93,2.46,96.0293
2007-04-12,2.75,0.01,63.87,7753.342105263158,12.71,0.93,2.46,95.7999
2007-04-13,2.71,0.0,63.63,7753.342105263158,12.2,0.93,2.45,95.711
2007-04-16,2.7,0.0,63.63,7753.342105263158,11.98,0.93,2.44,95.5538
2007-04-17,2.72,0.01,63.14,7753.342105263158,12.14,0.94,2.4,95.3832
2007-04-18,2.73,0.02,63.14,7753.342105263158,12.42,0.94,2.4,95.3109
2007-04-19,2.71,0.04,61.81,7753.342105263158,12.54,0.94,2.41,95.2712
2007-04-20,2.68,0.04,63.56,7753.342105263158,12.07,0.93,2.41,95.1692
2007-04-23,2.68,0.04,65.33,7753.342105263158,13.04,0.93,2.41,95.1833
2007-04-24,2.7,0.05,64.1,7753.342105263158,13.12,0.93,2.42,95.1608
2007-04-25,2.67,0.03,65.33,7753.342105263158,13.21,0.93,2.44,94.8497
2007-04-26,2.63,0.02,65.08,7753.342105263158,12.79,0.93,2.43,95.1653
2007-04-27,2.63,0.04,66.45,7753.342105263158,12.45,0.93,2.46,95.0103
2007-04-30,2.74,0.03,65.78,7753.342105263158,14.22,0.94,2.43,94.8365
2007-05-01,2.74,0.01,64.43,7677.952380952381,13.51,0.94,2.45,95.0037
2007-05-02,2.72,0.0,63.78,7677.952380952381,13.08,0.94,2.43,95.0352
2007-05-03,2.67,-0.03,63.23,7677.952380952381,13.09,0.94,2.43,95.0167
2007-05-04,2.7,-0.03,61.89,7677.952380952381,12.91,0.94,2.41,94.9118
2007-05-07,2.69,-0.04,61.48,7677.952380952381,13.15,0.94,2.37,94.6914
2007-05-08,2.69,-0.05,62.26,7677.952380952381,13.21,0.94,2.36,94.8648
2007-05-09,2.64,-0.06,61.54,7677.952380952381,12.88,0.94,2.38,94.7933
2007-05-10,2.65,-0.05,61.85,7677.952380952381,13.6,0.94,2.38,94.9506
2007-05-11,2.63,-0.04,62.35,7677.952380952381,12.95,0.93,2.37,95.0035
2007-05-14,2.61,-0.04,62.55,7677.952380952381,13.96,0.93,2.37,94.8267
2007-05-15,2.57,-0.04,63.16,7677.952380952381,14.01,0.93,2.34,94.5574
2007-05-16,2.58,-0.02,62.57,7677.952380952381,13.5,0.93,2.33,94.8143
2007-05-17,2.55,-0.02,64.83,7677.952380952381,13.51,0.93,2.35,94.8339
2007-05-18,2.51,-0.01,64.93,7677.952380952381,12.76,0.92,2.35,94.6573
2007-05-21,2.5,-0.02,66.25,7677.952380952381,13.3,0.93,2.36,94.7026
2007-05-22,2.46,0.0,64.91,7677.952380952381,13.06,0.92,2.35,94.5753
2007-05-23,2.44,0.01,65.1,7677.952380952381,13.24,0.92,2.36,94.4557
2007-05-24,2.45,0.01,63.62,7677.952380952381,14.08,0.92,2.38,94.7025
2007-05-25,2.45,0.01,64.59,7677.952380952381,13.34,0.92,2.37,94.5022
2007-05-28,2.45,0.01,64.59,7677.952380952381,13.34,0.92,2.37,94.4959
2007-05-29,2.42,0.0,63.19,7677.952380952381,13.53,0.92,2.34,94.3533
2007-05-30,2.44,-0.01,63.47,7677.952380952381,12.83,0.93,2.36,94.549
2007-05-31,2.46,-0.02,64.02,7677.952380952381,13.05,0.94,2.36,94.3215
2007-06-01,2.41,-0.02,65.09,7514.238095238095,12.78,0.94,2.38,94.132
2007-06-04,2.44,-0.04,66.17,7514.238095238095,13.29,0.94,2.38,93.9969
2007-06-05,2.41,-0.01,65.63,7514.238095238095,13.63,0.94,2.38,93.9986
2007-06-06,2.48,0.0,65.97,7514.238095238095,14.87,0.94,2.39,94.1217
2007-06-07,2.48,0.08,66.93,7514.238095238095,17.06,0.95,2.41,94.3537
2007-06-08,2.51,0.11,64.78,7514.238095238095,14.84,0.96,2.43,94.7599
2007-06-11,2.5,0.13,65.93,7514.238095238095,14.71,0.96,2.42,94.6576
2007-06-12,2.49,0.18,65.36,7514.238095238095,16.67,0.96,2.43,94.6991
2007-06-13,2.53,0.12,66.17,7514.238095238095,14.73,0.96,2.45,94.9011
2007-06-14,2.49,0.13,67.62,7514.238095238095,13.64,0.95,2.46,94.9029
2007-06-15,2.51,0.11,68.04,7514.238095238095,13.94,0.95,2.43,94.6228
2007-06-18,2.52,0.14,69.06,7514.238095238095,13.42,0.95,2.42,94.5475
2007-06-19,2.6,0.15,69.15,7514.238095238095,12.85,0.95,2.42,94.3227
2007-06-20,2.59,0.17,68.5,7514.238095238095,14.67,0.95,2.41,94.3618
2007-06-21,2.66,0.18,68.35,7514.238095238095,14.21,0.96,2.42,94.6073
2007-06-22,2.69,0.22,68.85,7514.238095238095,15.75,0.97,2.44,94.4371
2007-06-25,2.8,0.22,68.83,7514.238095238095,16.65,0.97,2.42,94.5105
2007-06-26,2.79,0.2,67.78,7514.238095238095,18.89,0.98,2.4,94.4678
2007-06-27,2.88,0.18,68.98,7514.238095238095,15.53,0.98,2.39,94.5633
2007-06-28,2.83,0.16,69.61,7514.238095238095,15.54,0.99,2.39,94.2395
2007-06-29,2.89,0.16,70.47,7514.238095238095,16.23,0.99,2.38,94.1393
2007-06-30,2.98,0.16,70.47,7514.238095238095,16.23,1.0,2.38,94.1393
2007-07-01,2.98,0.16,70.47,7980.931818181818,16.23,1.0,2.38,94.1393
2007-07-02,3.03,0.14,71.11,7980.931818181818,15.4,1.01,2.39,93.634
2007-07-03,2.99,0.16,71.41,7980.931818181818,14.92,1.0,2.37,93.697
2007-07-04,2.99,0.16,71.41,7980.931818181818,14.92,1.0,2.37,93.6965
2007-07-05,2.92,0.17,71.81,7980.931818181818,15.48,1.0,2.4,93.7653
2007-07-06,2.9,0.2,72.8,7980.931818181818,14.72,1.0,2.4,93.5759
2007-07-09,2.93,0.19,72.14,7980.931818181818,15.16,1.0,2.41,93.5519
2007-07-10,3.12,0.18,72.8,7980.931818181818,17.57,1.01,2.39,93.3339
2007-07-11,3.16,0.2,72.58,7980.931818181818,16.64,1.02,2.38,93.3089
2007-07-12,3.08,0.19,72.55,7980.931818181818,15.54,1.02,2.39,93.1198
2007-07-13,3.06,0.17,73.89,7980.931818181818,15.15,1.02,2.38,93.0133
2007-07-16,3.07,0.16,74.11,7980.931818181818,15.59,1.03,2.36,92.9094
2007-07-17,3.05,0.17,74.03,7980.931818181818,15.63,1.03,2.35,92.9095
2007-07-18,3.2,0.18,75.03,7980.931818181818,16.0,1.04,2.38,92.7959
2007-07-19,3.2,0.17,75.9,7980.931818181818,15.23,1.05,2.39,92.7332
2007-07-20,3.37,0.17,75.53,7980.931818181818,16.95,1.08,2.36,92.7179
2007-07-23,3.44,0.17,74.65,7980.931818181818,16.81,1.09,2.34,92.6585
2007-07-24,3.61,0.17,73.38,7980.931818181818,18.55,1.1,2.36,92.505
2007-07-25,3.71,0.18,75.74,7980.931818181818,18.1,1.12,2.36,92.9189
2007-07-26,4.13,0.23,74.96,7980.931818181818,20.74,1.25,2.32,93.1186
2007-07-27,4.28,0.24,77.03,7980.931818181818,24.17,1.28,2.32,93.5485
2007-07-30,4.24,0.23,76.82,7980.931818181818,20.87,1.28,2.33,93.5918
2007-07-31,4.19,0.22,78.2,7980.931818181818,23.52,1.29,2.34,93.4264
2007-08-01,4.28,0.2,76.49,7500.204545454545,23.67,1.29,2.32,93.4011
2007-08-02,4.18,0.18,76.84,7500.204545454545,21.22,1.29,2.31,93.3038
2007-08-03,4.24,0.25,75.41,7500.204545454545,25.16,1.3,2.27,93.1039
2007-08-06,4.28,0.26,72.03,7500.204545454545,22.94,1.32,2.26,93.1112
2007-08-07,4.2,0.21,72.25,7500.204545454545,21.56,1.32,2.26,93.3171
2007-08-08,3.93,0.2,72.23,7500.204545454545,21.45,1.3,2.26,93.0989
2007-08-09,4.04,0.3,71.62,7500.204545454545,26.48,1.3,2.25,93.441
2007-08-10,4.12,0.34,71.49,7500.204545454545,28.3,1.32,2.25,93.5214
2007-08-13,4.08,0.32,71.6,7500.204545454545,26.57,1.32,2.26,93.6032
2007-08-14,4.16,0.34,72.4,7500.204545454545,27.68,1.34,2.24,94.0416
2007-08-15,4.27,0.42,73.36,7500.204545454545,30.67,1.37,2.23,94.5014
2007-08-16,4.59,0.52,70.99,7500.204545454545,30.83,1.44,2.21,94.9055
2007-08-17,4.48,0.5,71.9,7500.204545454545,29.99,1.45,2.23,94.319
2007-08-20,4.5,0.53,71.12,7500.204545454545,26.33,1.46,2.2,94.2138
2007-08-21,4.53,0.55,69.49,7500.204545454545,25.25,1.47,2.22,94.2676
2007-08-22,4.42,0.48,69.3,7500.204545454545,22.89,1.47,2.21,94.0998
2007-08-23,4.34,0.42,69.86,7500.204545454545,22.62,1.45,2.23,93.9827
2007-08-24,4.29,0.33,71.17,7500.204545454545,20.72,1.44,2.23,93.6863
2007-08-27,4.3,0.32,71.98,7500.204545454545,22.72,1.44,2.22,93.6109
2007-08-28,4.44,0.4,71.79,7500.204545454545,26.3,1.46,2.2,93.8394
2007-08-29,4.43,0.43,73.52,7500.204545454545,23.81,1.46,2.19,93.7174
2007-08-30,4.48,0.43,73.37,7500.204545454545,25.06,1.48,2.19,93.7324
2007-08-31,4.55,0.39,73.98,7500.204545454545,23.38,1.45,2.2,93.6674
2007-09-01,4.55,0.39,73.98,7671.35,23.38,1.45,2.2,93.6674
2007-09-03,4.55,0.39,73.98,7671.35,23.38,1.45,2.2,93.6691
2007-09-04,4.53,0.43,75.07,7671.35,22.78,1.47,2.2,93.6433
2007-09-05,4.6,0.45,75.74,7671.35,24.58,1.48,2.19,93.5453
2007-09-06,4.56,0.43,76.34,7671.35,23.99,1.5,2.19,93.4468
2007-09-07,4.73,0.48,76.7,7671.35,26.23,1.54,2.19,93.2939
2007-09-10,4.79,0.47,77.53,7671.35,27.38,1.56,2.2,93.2349
2007-09-11,4.74,0.42,78.16,7671.35,25.27,1.57,2.21,92.9244
2007-09-12,4.69,0.46,79.85,7671.35,24.96,1.58,2.23,92.6386
2007-09-13,4.57,0.41,80.05,7671.35,24.76,1.58,2.25,92.6172
2007-09-14,4.58,0.42,79.14,7671.35,24.92,1.58,2.27,92.7083
2007-09-17,4.52,0.4,80.55,7671.35,26.48,1.58,2.27,92.823
2007-09-18,4.46,0.5,81.51,7671.35,20.35,1.58,2.31,92.6584
2007-09-19,4.3,0.53,81.99,7671.35,20.03,1.56,2.32,92.1534
2007-09-20,4.21,0.59,83.85,7671.35,20.45,1.53,2.35,91.4212
2007-09-21,4.16,0.58,83.38,7671.35,19.0,1.51,2.33,91.4854
2007-09-24,4.1,0.58,82.51,7671.35,19.37,1.5,2.3,91.4017
2007-09-25,4.17,0.63,81.2,7671.35,18.6,1.5,2.29,91.3392
2007-09-26,4.14,0.66,80.31,7671.35,17.63,1.49,2.29,91.4335
2007-09-27,4.15,0.63,82.86,7671.35,17.0,1.49,2.31,91.3497
2007-09-28,4.16,0.62,81.64,7671.35,18.0,1.48,2.32,90.9446
2007-09-30,4.2,0.62,81.64,7671.35,18.0,1.49,2.32,90.9446
2007-10-01,4.19,0.54,80.31,8020.586956521739,17.84,1.49,2.3,90.8801
2007-10-02,4.2,0.56,80.0,8020.586956521739,18.49,1.49,2.31,91.12
2007-10-03,4.16,0.53,79.97,8020.586956521739,18.8,1.48,2.3,91.1038
2007-10-04,4.15,0.54,81.48,8020.586956521739,18.44,1.47,2.3,91.1632
2007-10-05,4.02,0.57,81.2,8020.586956521739,16.91,1.45,2.31,90.7393
2007-10-08,4.02,0.57,78.97,8020.586956521739,17.46,1.45,2.31,90.748
2007-10-09,3.95,0.52,80.23,8020.586956521739,16.12,1.44,2.33,90.8609
2007-10-10,3.91,0.5,81.3,8020.586956521739,16.67,1.42,2.32,90.7154
2007-10-11,3.86,0.53,83.05,8020.586956521739,18.88,1.4,2.34,90.4901
2007-10-12,3.83,0.47,83.73,8020.586956521739,17.73,1.4,2.34,90.5945
2007-10-15,3.81,0.47,86.19,8020.586956521739,19.25,1.39,2.35,90.5387
2007-10-16,3.91,0.54,87.58,8020.586956521739,20.02,1.4,2.35,90.7123
2007-10-17,4.07,0.57,87.19,8020.586956521739,18.54,1.42,2.35,90.515
2007-10-18,4.2,0.59,89.48,8020.586956521739,18.5,1.43,2.32,90.3084
2007-10-19,4.36,0.61,88.58,8020.586956521739,22.96,1.45,2.32,90.1014
2007-10-22,4.39,0.57,87.6,8020.586956521739,21.64,1.47,2.31,90.6777
2007-10-23,4.34,0.6,86.45,8020.586956521739,20.41,1.46,2.3,90.1899
2007-10-24,4.42,0.62,88.3,8020.586956521739,20.8,1.48,2.29,90.2262
2007-10-25,4.4,0.63,92.09,8020.586956521739,21.17,1.48,2.33,89.9925
2007-10-26,4.39,0.64,91.73,8020.586956521739,19.56,1.48,2.36,89.6508
2007-10-29,4.38,0.6,93.45,8020.586956521739,19.87,1.48,2.35,89.4118
2007-10-30,4.38,0.58,90.33,8020.586956521739,21.07,1.48,2.34,89.3252
2007-10-31,4.36,0.54,94.16,8020.586956521739,18.53,1.5,2.34,89.1389
2007-11-01,4.53,0.59,93.53,6957.431818181818,23.21,1.54,2.36,89.1628
2007-11-02,4.65,0.65,95.81,6957.431818181818,23.01,1.57,2.39,88.8924
2007-11-05,4.69,0.66,94.06,6957.431818181818,24.31,1.6,2.41,88.8851
2007-11-06,4.66,0.68,96.65,6957.431818181818,21.39,1.62,2.45,88.4938
2007-11-07,4.76,0.73,96.46,6957.431818181818,26.49,1.66,2.43,88.0631
2007-11-08,4.91,0.81,95.51,6957.431818181818,26.16,1.69,2.4,88.2631
2007-11-09,5.02,0.81,96.36,6957.431818181818,28.5,1.72,2.41,88.4615
2007-11-12,5.02,0.81,94.4,6957.431818181818,31.09,1.72,2.41,88.465
2007-11-13,5.07,0.72,91.18,6957.431818181818,24.1,1.74,2.4,89.1016
2007-11-14,5.04,0.71,94.02,6957.431818181818,25.94,1.74,2.4,88.9671
2007-11-15,5.25,0.82,93.37,6957.431818181818,28.06,1.77,2.36,89.4413
2007-11-16,5.37,0.82,94.81,6957.431818181818,25.49,1.79,2.35,89.3182
2007-11-19,5.61,0.89,95.75,6957.431818181818,26.01,1.83,2.37,89.5262
2007-11-20,5.71,0.92,99.16,6957.431818181818,24.88,1.85,2.38,89.2622
2007-11-21,5.87,1.01,98.57,6957.431818181818,26.84,1.89,2.38,89.3352
2007-11-22,5.87,1.01,98.57,6957.431818181818,26.84,1.89,2.38,89.3269
2007-11-23,5.8,0.94,98.24,6957.431818181818,25.61,1.88,2.38,89.2384
2007-11-26,5.92,0.91,97.66,6957.431818181818,28.91,1.91,2.38,89.145
2007-11-27,5.88,0.9,94.39,6957.431818181818,26.28,1.93,2.37,89.4082
2007-11-28,5.73,0.86,90.71,6957.431818181818,24.11,1.94,2.32,89.4195
2007-11-29,5.73,0.88,90.98,6957.431818181818,23.97,1.97,2.33,89.3681
2007-11-30,5.75,0.93,88.6,6957.431818181818,22.87,1.96,2.34,89.6212
2007-12-01,5.75,0.93,88.6,6630.736111111111,22.87,1.96,2.34,89.6212
2007-12-03,5.82,0.99,89.29,6630.736111111111,23.61,1.98,2.32,89.6403
2007-12-04,5.89,0.99,88.31,6630.736111111111,23.79,2.0,2.3,89.6672
2007-12-05,5.86,1.02,87.45,6630.736111111111,22.53,2.02,2.26,89.8751
2007-12-06,5.78,0.99,90.25,6630.736111111111,20.96,2.04,2.25,89.9268
2007-12-07,5.63,1.0,88.23,6630.736111111111,20.85,2.03,2.26,89.74
2007-12-10,5.55,0.98,87.72,6630.736111111111,20.74,2.03,2.26,89.6811
2007-12-11,5.68,1.04,90.12,6630.736111111111,23.59,2.05,2.25,89.7176
2007-12-12,5.61,0.98,94.41,6630.736111111111,22.47,2.03,2.27,89.7349
2007-12-13,5.58,0.97,92.35,6630.736111111111,22.56,2.04,2.31,90.1374
2007-12-14,5.54,0.93,91.31,6630.736111111111,23.27,2.03,2.34,90.4345
2007-12-17,5.58,0.96,90.69,6630.736111111111,24.52,2.03,2.34,90.5363
2007-12-18,5.66,0.95,89.93,6630.736111111111,22.64,2.03,2.34,90.5602
2007-12-19,5.71,0.94,91.11,6630.736111111111,21.68,2.03,2.33,90.6147
2007-12-20,5.79,0.95,90.88,6630.736111111111,20.58,2.04,2.3,90.4695
2007-12-21,5.68,0.99,93.19,6630.736111111111,18.47,2.03,2.34,90.3672
2007-12-24,5.65,0.99,94.0,6630.736111111111,18.6,2.03,2.35,90.1788
2007-12-25,5.65,0.99,94.0,6630.736111111111,18.6,2.03,2.35,90.1786
2007-12-26,5.59,0.99,95.89,6630.736111111111,18.66,2.03,2.35,89.9226
2007-12-27,5.64,0.97,96.63,6630.736111111111,20.26,2.03,2.36,89.684
2007-12-28,5.73,0.99,96.03,6630.736111111111,20.74,2.03,2.33,89.4069
2007-12-31,5.92,0.99,95.95,6630.736111111111,22.5,2.03,2.31,89.6304
2008-01-01,5.92,0.99,95.95,7078.909090909091,22.5,2.03,2.31,89.6297
2008-01-02,6.1,1.03,99.64,7078.909090909091,23.17,2.05,2.32,89.3514
2008-01-03,6.17,1.08,99.17,7078.909090909091,22.49,2.06,2.33,89.231
2008-01-04,6.36,1.14,97.9,7078.909090909091,23.94,2.09,2.32,89.2467
2008-01-07,6.45,1.1,95.08,7078.909090909091,23.79,2.11,2.29,89.5718
2008-01-08,6.51,1.1,96.43,7078.909090909091,25.43,2.12,2.29,89.3398
2008-01-09,6.73,1.13,95.64,7078.909090909091,24.12,2.17,2.26,89.6807
2008-01-10,6.63,1.2,93.92,7078.909090909091,23.45,2.17,2.23,89.6226
2008-01-11,6.68,1.23,92.74,7078.909090909091,23.68,2.17,2.26,89.5215
2008-01-14,6.66,1.23,94.23,7078.909090909091,22.9,2.16,2.28,89.2749
2008-01-15,6.74,1.19,91.87,7078.909090909091,23.34,2.18,2.27,89.1555
2008-01-16,6.83,1.23,90.8,7078.909090909091,24.38,2.19,2.24,89.6701
2008-01-17,6.99,1.22,90.11,7078.909090909091,28.46,2.22,2.23,89.6484
2008-01-18,7.04,1.3,90.55,7078.909090909091,27.18,2.24,2.24,89.8993
2008-01-21,7.05,1.3,90.55,7078.909090909091,27.18,2.24,2.24,89.9265
2008-01-22,7.39,1.44,89.64,7078.909090909091,31.01,2.31,2.24,89.84
2008-01-23,7.48,1.42,87.65,7078.909090909091,29.02,2.33,2.2,89.9138
2008-01-24,7.12,1.43,89.98,7078.909090909091,27.78,2.3,2.24,89.203
2008-01-25,6.99,1.38,90.37,7078.909090909091,29.08,2.3,2.27,89.2184
2008-01-28,7.03,1.41,90.99,7078.909090909091,27.78,2.29,2.28,88.9555
2008-01-29,6.85,1.4,91.66,7078.909090909091,27.32,2.28,2.32,88.8342
2008-01-30,6.78,1.48,92.34,7078.909090909091,27.62,2.29,2.33,88.7442
2008-01-31,6.95,1.5,91.67,7078.909090909091,26.2,2.3,2.34,88.6547
2008-02-01,6.96,1.53,89.03,7941.142857142857,24.02,2.3,2.31,88.4824
2008-02-04,6.92,1.6,90.07,7941.142857142857,25.99,2.31,2.3,88.4788
2008-02-05,7.06,1.68,88.32,7941.142857142857,28.24,2.31,2.27,89.076
2008-02-06,7.09,1.65,87.16,7941.142857142857,28.97,2.31,2.25,88.9987
2008-02-07,7.1,1.75,88.07,7941.142857142857,27.66,2.33,2.27,89.4221
2008-02-08,7.25,1.71,91.77,7941.142857142857,28.01,2.34,2.28,89.2226
2008-02-11,7.37,1.69,93.56,7941.142857142857,27.6,2.36,2.3,89.2149
2008-02-12,7.37,1.72,92.82,7941.142857142857,26.33,2.37,2.3,88.9539
2008-02-13,7.38,1.79,93.28,7941.142857142857,24.88,2.38,2.28,89.1382
2008-02-14,7.25,1.92,95.42,7941.142857142857,25.54,2.38,2.28,88.9055
2008-02-15,7.3,1.85,95.57,7941.142857142857,25.02,2.39,2.28,88.9006
2008-02-18,7.3,1.85,95.57,7941.142857142857,25.02,2.39,2.28,88.9004
2008-02-19,7.25,1.83,99.99,7941.142857142857,25.59,2.39,2.33,88.9626
2008-02-20,7.25,1.79,100.86,7941.142857142857,24.4,2.4,2.38,89.2572
2008-02-21,7.35,1.79,98.57,7941.142857142857,25.12,2.41,2.34,88.716
2008-02-22,7.35,1.81,99.03,7941.142857142857,24.06,2.42,2.35,88.7082
2008-02-25,7.21,1.78,99.4,7941.142857142857,23.03,2.42,2.38,88.5373
2008-02-26,7.17,1.84,100.83,7941.142857142857,21.9,2.43,2.44,88.0998
2008-02-27,7.18,1.84,99.59,7941.142857142857,22.69,2.44,2.43,87.3353
2008-02-28,7.37,1.84,102.6,7941.142857142857,23.53,2.47,2.45,87.0363
2008-02-29,7.67,1.88,101.78,7941.142857142857,26.54,2.52,2.43,87.1654
2008-03-01,7.67,1.88,101.78,8434.315789473683,26.54,2.52,2.43,87.1654
2008-03-03,7.75,1.93,102.42,8434.315789473683,26.28,2.55,2.46,87.2381
2008-03-04,7.76,1.98,99.72,8434.315789473683,25.52,2.6,2.48,87.3039
2008-03-05,7.68,2.04,104.45,8434.315789473683,24.6,2.64,2.54,87.1347
2008-03-06,7.79,2.09,105.51,8434.315789473683,27.55,2.72,2.55,86.9105
2008-03-07,7.92,2.03,105.12,8434.315789473683,27.49,2.75,2.55,87.1258
2008-03-10,8.08,1.99,107.9,8434.315789473683,29.38,2.8,2.56,87.1452
2008-03-11,7.95,1.86,108.73,8434.315789473683,26.36,2.84,2.55,87.1763
2008-03-12,8.13,1.86,109.86,8434.315789473683,27.22,2.86,2.54,86.728
2008-03-13,8.27,1.93,110.21,8434.315789473683,27.29,2.92,2.51,86.3891
2008-03-14,8.38,1.97,110.03,8434.315789473683,31.16,2.97,2.43,86.4301
2008-03-17,8.62,1.99,105.74,8434.315789473683,32.24,3.03,2.29,86.3417
2008-03-18,8.39,1.9,109.57,8434.315789473683,25.79,3.02,2.4,86.1191
2008-03-19,8.37,1.84,103.25,8434.315789473683,29.84,3.03,2.34,86.5755
2008-03-20,8.4,1.75,102.57,8434.315789473683,26.62,3.05,2.32,87.3293
2008-03-21,8.4,1.75,102.57,8434.315789473683,26.62,3.05,2.32,87.2111
2008-03-24,8.07,1.72,101.7,8434.315789473683,25.73,3.01,2.32,87.3103
2008-03-25,7.97,1.72,101.78,8434.315789473683,25.72,2.99,2.26,86.8339
2008-03-26,7.99,1.8,105.83,8434.315789473683,26.08,2.98,2.27,86.5513
2008-03-27,7.94,1.83,107.56,8434.315789473683,25.88,2.99,2.33,86.4583
2008-03-28,7.99,1.8,105.59,8434.315789473683,25.71,2.99,2.34,86.6369
2008-03-31,8.21,1.83,101.54,8434.315789473683,25.61,3.0,2.34,86.6881
2008-04-01,8.02,1.77,100.92,8714.181818181818,22.68,2.98,2.35,87.0276
2008-04-02,7.86,1.72,104.83,8714.181818181818,23.43,2.94,2.34,86.8886
2008-04-03,7.78,1.7,103.92,8714.181818181818,23.21,2.92,2.33,86.6424
2008-04-04,7.76,1.67,106.09,8714.181818181818,22.45,2.89,2.32,86.5108
2008-04-07,7.54,1.62,108.91,8714.181818181818,22.42,2.85,2.34,86.603
2008-04-08,7.58,1.71,108.54,8714.181818181818,22.36,2.84,2.32,86.7369
2008-04-09,7.71,1.72,110.89,8714.181818181818,22.81,2.86,2.3,86.5764
2008-04-10,7.7,1.71,110.07,8714.181818181818,21.98,2.86,2.29,86.5131
2008-04-11,7.76,1.73,110.14,8714.181818181818,23.46,2.87,2.3,86.5029
2008-04-14,7.74,1.75,111.71,8714.181818181818,23.82,2.87,2.3,86.3492
2008-04-15,7.65,1.76,113.77,8714.181818181818,22.78,2.85,2.32,86.4705
2008-04-16,7.46,1.74,114.8,8714.181818181818,20.53,2.84,2.31,85.9037
2008-04-17,7.36,1.62,114.8,8714.181818181818,20.37,2.82,2.31,86.1077
2008-04-18,7.15,1.58,116.56,8714.181818181818,20.13,2.77,2.32,86.5277
2008-04-21,7.13,1.55,117.48,8714.181818181818,20.5,2.74,2.31,86.2979
2008-04-22,7.07,1.5,119.17,8714.181818181818,20.87,2.72,2.31,85.927
2008-04-23,7.05,1.55,119.28,8714.181818181818,20.26,2.7,2.33,86.3841
2008-04-24,6.92,1.46,117.1,8714.181818181818,20.06,2.68,2.31,86.7154
2008-04-25,6.84,1.47,119.64,8714.181818181818,19.59,2.67,2.31,86.8337
2008-04-28,6.85,1.5,118.78,8714.181818181818,19.64,2.65,2.3,86.7635
2008-04-29,6.86,1.5,115.67,8714.181818181818,20.24,2.63,2.29,86.873
2008-04-30,6.86,1.48,113.7,8714.181818181818,20.79,2.6,2.27,86.8907
2008-05-01,6.81,1.41,112.6,8356.125,18.88,2.57,2.26,87.1347
2008-05-02,6.64,1.42,116.36,8356.125,18.18,2.53,2.36,87.2311
2008-05-05,6.65,1.46,119.94,8356.125,18.9,2.52,2.35,87.0636
2008-05-06,6.7,1.55,121.82,8356.125,18.21,2.52,2.38,86.847
2008-05-07,6.72,1.56,123.56,8356.125,19.73,2.52,2.36,87.3421
2008-05-08,6.83,1.54,123.77,8356.125,19.4,2.53,2.36,87.4575
2008-05-09,6.9,1.52,125.94,8356.125,19.41,2.53,2.38,87.2528
2008-05-12,6.9,1.48,124.02,8356.125,17.79,2.53,2.37,87.0403
2008-05-13,6.76,1.43,125.83,8356.125,17.98,2.51,2.39,87.1332
2008-05-14,6.65,1.39,124.21,8356.125,17.66,2.5,2.43,87.3659
2008-05-15,6.69,1.38,124.25,8356.125,16.3,2.5,2.43,87.1823
2008-05-16,6.63,1.38,126.5,8356.125,16.47,2.49,2.44,86.7855
2008-05-19,6.6,1.41,127.15,8356.125,17.01,2.49,2.47,86.8225
2008-05-20,6.68,1.44,128.93,8356.125,17.58,2.5,2.47,86.5627
2008-05-21,6.64,1.4,132.99,8356.125,18.59,2.5,2.51,86.1595
2008-05-22,6.59,1.36,130.04,8356.125,18.05,2.51,2.51,86.3223
2008-05-23,6.7,1.39,131.58,8356.125,19.55,2.52,2.49,86.1922
2008-05-26,6.7,1.39,131.58,8356.125,19.55,2.52,2.49,86.19
2008-05-27,6.72,1.38,128.81,8356.125,19.64,2.53,2.47,86.4459
2008-05-28,6.61,1.41,131.0,8356.125,19.07,2.52,2.45,86.4951
2008-05-29,6.55,1.41,126.7,8356.125,18.14,2.5,2.46,86.5616
2008-05-30,6.57,1.4,127.35,8356.125,17.83,2.5,2.48,86.5504
2008-05-31,6.53,1.4,127.35,8356.125,17.83,2.48,2.48,86.5504
2008-06-01,6.53,1.4,127.35,8292.0,17.83,2.48,2.48,86.5504
2008-06-02,6.67,1.47,127.75,8292.0,19.83,2.49,2.47,86.6321
2008-06-03,6.78,1.47,124.33,8292.0,20.24,2.5,2.41,86.8359
2008-06-04,6.79,1.51,122.3,8292.0,20.8,2.51,2.39,87.0999
2008-06-05,6.63,1.54,127.93,8292.0,18.63,2.5,2.43,87.0968
2008-06-06,6.68,1.54,138.51,8292.0,23.56,2.5,2.47,86.8028
2008-06-09,6.58,1.29,134.44,8292.0,23.12,2.48,2.48,86.9096
2008-06-10,6.49,1.2,131.38,8292.0,23.18,2.49,2.49,87.4705
2008-06-11,6.56,1.27,136.43,8292.0,24.12,2.5,2.48,87.2059
2008-06-12,6.43,1.2,136.91,8292.0,23.33,2.49,2.5,87.6187
2008-06-13,6.39,1.22,134.84,8292.0,21.22,2.49,2.5,87.7622
2008-06-16,6.37,1.23,134.52,8292.0,20.95,2.49,2.49,87.3911
2008-06-17,6.4,1.29,133.99,8292.0,21.13,2.48,2.48,87.2103
2008-06-18,6.53,1.27,136.54,8292.0,22.24,2.5,2.48,87.1872
2008-06-19,6.53,1.23,131.88,8292.0,21.58,2.5,2.47,87.0815
2008-06-20,6.7,1.28,134.78,8292.0,22.87,2.54,2.44,86.9036
2008-06-23,6.76,1.21,135.98,8292.0,22.64,2.55,2.44,87.2163
2008-06-24,7.01,1.23,136.49,8292.0,22.42,2.58,2.46,86.9666
2008-06-25,7.02,1.3,133.92,8292.0,21.14,2.59,2.47,87.0535
2008-06-26,7.27,1.39,138.91,8292.0,23.93,2.66,2.52,86.6793
2008-06-27,7.41,1.34,139.69,8292.0,23.44,2.68,2.51,86.643
2008-06-30,7.35,1.36,139.96,8292.0,23.95,2.74,2.51,86.7621
2008-07-01,7.48,1.38,141.06,8407.021739130436,23.65,2.77,2.52,86.8447
2008-07-02,7.53,1.39,143.74,8407.021739130436,25.92,2.77,2.56,86.4782
2008-07-03,7.63,1.45,145.31,8407.021739130436,24.79,2.79,2.57,86.8843
2008-07-04,7.63,1.45,145.31,8407.021739130436,24.79,2.79,2.57,86.8781
2008-07-07,7.76,1.48,141.38,8407.021739130436,25.78,2.79,2.52,86.9617
2008-07-08,7.87,1.44,136.06,8407.021739130436,23.15,2.82,2.46,86.9778
2008-07-09,7.82,1.44,135.88,8407.021739130436,25.23,2.84,2.46,86.5335
2008-07-10,7.9,1.39,141.47,8407.021739130436,25.59,2.85,2.43,86.5122
2008-07-11,7.88,1.37,144.96,8407.021739130436,27.49,2.88,2.48,86.221
2008-07-14,7.89,1.43,145.16,8407.021739130436,28.48,2.88,2.47,86.1079
2008-07-15,8.06,1.48,138.68,8407.021739130436,28.54,2.94,2.47,85.8731
2008-07-16,8.01,1.53,134.63,8407.021739130436,25.1,2.98,2.49,85.9285
2008-07-17,7.79,1.49,129.43,8407.021739130436,25.01,2.97,2.47,85.9387
2008-07-18,7.67,1.45,128.94,8407.021739130436,24.05,2.97,2.46,86.0735
2008-07-21,7.58,1.43,131.43,8407.021739130436,23.05,2.96,2.43,86.0151
2008-07-22,7.6,1.4,127.25,8407.021739130436,21.18,2.97,2.43,86.1909
2008-07-23,7.46,1.35,123.73,8407.021739130436,21.31,2.94,2.36,86.2664
2008-07-24,7.64,1.42,124.62,8407.021739130436,23.44,2.96,2.34,86.4017
2008-07-25,7.6,1.43,122.59,8407.021739130436,22.91,2.96,2.34,86.3916
2008-07-28,7.79,1.47,124.72,8407.021739130436,24.23,2.98,2.36,86.4666
2008-07-29,7.82,1.44,122.21,8407.021739130436,22.03,2.98,2.33,86.8175
2008-07-30,7.81,1.43,126.74,8407.021739130436,21.21,2.98,2.36,86.8167
2008-07-31,8.0,1.47,124.17,8407.021739130436,22.94,3.0,2.34,86.8567
2008-08-01,8.13,1.46,125.03,7633.8,22.57,3.0,2.34,86.8257
2008-08-04,8.14,1.45,121.45,7633.8,23.49,3.0,2.34,87.0611
2008-08-05,8.11,1.5,118.71,7633.8,21.14,3.0,2.3,87.3281
2008-08-06,8.05,1.5,118.57,7633.8,20.23,3.0,2.27,87.6004
2008-08-07,8.16,1.49,119.84,7633.8,21.15,3.01,2.24,87.8732
2008-08-08,8.14,1.43,115.42,7633.8,20.66,3.01,2.22,88.8939
2008-08-11,8.07,1.43,114.44,7633.8,20.12,3.01,2.19,89.035
2008-08-12,8.11,1.46,113.1,7633.8,21.17,3.03,2.19,89.1916
2008-08-13,8.09,1.44,115.96,7633.8,21.55,3.03,2.19,89.3211
2008-08-14,8.11,1.44,115.05,7633.8,20.34,3.04,2.22,89.3675
2008-08-15,8.12,1.44,113.46,7633.8,19.58,3.05,2.18,89.7244
2008-08-18,8.17,1.47,112.92,7633.8,20.98,3.06,2.15,89.5966
2008-08-19,8.23,1.51,114.39,7633.8,21.28,3.08,2.15,89.6465
2008-08-20,8.3,1.54,115.48,7633.8,20.42,3.11,2.19,89.6977
2008-08-21,8.29,1.51,121.23,7633.8,19.82,3.12,2.23,88.9128
2008-08-22,8.25,1.45,114.48,7633.8,18.81,3.12,2.18,89.2381
2008-08-25,8.32,1.46,114.85,7633.8,20.97,3.14,2.15,89.3094
2008-08-26,8.32,1.44,116.31,7633.8,20.49,3.15,2.16,89.7007
2008-08-27,8.34,1.46,118.17,7633.8,19.76,3.15,2.19,89.6419
2008-08-28,8.29,1.42,115.58,7633.8,19.43,3.16,2.17,89.8225
2008-08-29,8.28,1.47,115.55,7633.8,20.65,3.16,2.15,90.0567
2008-08-31,8.36,1.47,115.55,7633.8,20.65,3.17,2.15,90.0567
2008-09-01,8.36,1.47,115.55,6975.113636363636,20.65,3.17,2.15,90.08
2008-09-02,8.42,1.48,109.63,6975.113636363636,21.99,3.19,2.05,90.8438
2008-09-03,8.48,1.45,109.38,6975.113636363636,21.43,3.2,2.0,90.8286
2008-09-04,8.55,1.44,107.99,6975.113636363636,24.03,3.21,1.94,91.1621
2008-09-05,8.55,1.43,106.47,6975.113636363636,23.06,3.22,1.95,91.341
2008-09-08,8.46,1.36,106.35,6975.113636363636,22.64,3.21,1.98,91.663
2008-09-09,8.53,1.39,103.23,6975.113636363636,25.47,3.24,1.93,91.5779
2008-09-10,8.55,1.43,102.66,6975.113636363636,24.52,3.28,1.95,92.1283
2008-09-11,8.62,1.46,100.95,6975.113636363636,24.39,3.39,1.97,92.4901
2008-09-12,8.54,1.51,101.19,6975.113636363636,25.66,3.44,1.95,91.4706
2008-09-15,9.05,1.69,95.52,6975.113636363636,31.7,3.8,1.77,91.757
2008-09-16,9.29,1.59,91.49,6975.113636363636,30.3,4.11,1.63,92.0594
2008-09-17,9.64,1.77,97.39,6975.113636363636,36.22,4.28,1.6,92.0982
2008-09-18,9.83,1.76,97.5,6975.113636363636,33.1,4.4,1.6,91.7111
2008-09-19,9.21,1.62,104.05,6975.113636363636,32.07,4.15,1.93,91.0014
2008-09-22,9.21,1.7,122.61,6975.113636363636,33.85,4.09,1.98,90.1119
2008-09-23,9.39,1.74,107.85,6975.113636363636,35.72,4.17,1.86,90.1221
2008-09-24,9.67,1.77,106.84,6975.113636363636,35.19,4.26,1.75,90.4602
2008-09-25,9.87,1.72,111.54,6975.113636363636,32.82,4.36,1.79,90.4651
2008-09-26,10.25,1.74,106.77,6975.113636363636,34.74,4.59,1.75,90.6872
2008-09-29,10.75,1.91,96.29,6975.113636363636,46.72,4.65,1.58,91.3961
2008-09-30,10.96,1.85,100.7,6975.113636363636,39.39,4.55,1.6,92.3773
2008-10-01,11.24,1.95,98.23,4894.891304347826,39.81,4.61,1.51,92.511
2008-10-02,12.0,2.04,93.84,4894.891304347826,45.26,4.87,1.49,93.3792
2008-10-03,12.24,2.03,93.91,4894.891304347826,45.14,4.91,1.45,93.5414
2008-10-06,13.07,2.05,88.15,4894.891304347826,52.05,5.08,1.27,95.1629
2008-10-07,13.18,2.03,90.18,4894.891304347826,53.68,5.14,1.18,95.4889
2008-10-08,13.51,2.07,88.94,4894.891304347826,57.53,5.26,1.03,96.9684
2008-10-09,13.91,2.19,86.5,4894.891304347826,63.92,5.35,1.05,96.5143
2008-10-10,15.36,2.27,77.44,4894.891304347826,69.95,5.81,0.92,97.999
2008-10-13,15.38,2.27,81.17,4894.891304347826,54.99,5.82,0.92,97.9686
2008-10-14,14.5,2.26,78.69,4894.891304347826,55.13,5.49,1.03,96.2544
2008-10-15,15.14,2.4,74.38,4894.891304347826,69.25,5.54,1.02,97.2045
2008-10-16,15.72,2.38,69.81,4894.891304347826,67.61,5.73,0.97,98.368
2008-10-17,15.95,2.34,71.9,4894.891304347826,70.33,5.87,1.11,97.7255
2008-10-20,15.76,2.2,74.08,4894.891304347826,52.97,5.91,1.15,98.1605
2008-10-21,15.87,2.18,71.29,4894.891304347826,53.11,5.94,1.13,99.4242
2008-10-22,16.05,2.12,66.92,4894.891304347826,69.65,5.96,1.06,101.2131
2008-10-23,16.34,2.09,67.17,4894.891304347826,67.8,5.98,0.96,101.1071
2008-10-24,16.69,2.19,63.34,4894.891304347826,79.13,6.09,0.74,101.8442
2008-10-27,16.81,2.2,61.92,4894.891304347826,80.06,6.14,0.77,102.3415
2008-10-28,16.67,2.24,62.8,4894.891304347826,66.96,6.15,0.83,102.4236
2008-10-29,16.21,2.35,67.45,4894.891304347826,69.96,6.18,0.88,100.0967
2008-10-30,15.91,2.41,65.79,4894.891304347826,62.9,6.17,0.94,99.4568
2008-10-31,16.17,2.45,68.1,4894.891304347826,59.89,6.06,0.87,99.7662
2008-11-01,16.17,2.45,68.1,3729.1875,59.89,6.06,0.87,99.7662
2008-11-03,16.29,2.51,63.93,3729.1875,53.68,6.06,0.87,99.4345
2008-11-04,16.18,2.42,70.41,3729.1875,47.73,6.03,0.93,97.9957
2008-11-05,16.08,2.37,65.41,3729.1875,54.56,5.95,0.97,98.0953
2008-11-06,16.19,2.47,60.72,3729.1875,63.68,5.94,0.94,99.5364
2008-11-07,16.31,2.5,61.06,3729.1875,56.1,5.91,0.97,99.3944
2008-11-10,16.35,2.55,62.19,3729.1875,59.98,5.86,0.98,99.5897
2008-11-11,16.36,2.55,59.38,3729.1875,61.44,5.86,0.98,99.6041
2008-11-12,16.84,2.56,55.95,3729.1875,66.46,5.87,0.96,101.1947
2008-11-13,17.06,2.6,58.31,3729.1875,59.83,5.9,0.89,101.774
2008-11-14,17.16,2.5,57.18,3729.1875,66.31,5.88,0.85,100.9705
2008-11-17,17.43,2.46,55.14,3729.1875,69.15,5.93,0.83,101.1029
2008-11-18,17.96,2.38,54.42,3729.1875,67.64,5.98,0.61,101.3965
2008-11-19,18.61,2.29,53.64,3729.1875,74.26,6.06,0.4,101.8804
2008-11-20,19.48,2.1,48.86,3729.1875,80.86,6.22,0.04,103.2737
2008-11-21,19.92,2.11,49.22,3729.1875,72.67,6.36,0.05,103.6289
2008-11-24,19.87,2.04,53.63,3729.1875,64.7,6.36,0.24,101.502
2008-11-25,19.86,1.96,50.02,3729.1875,60.9,6.38,0.32,100.7997
2008-11-26,19.76,1.9,54.2,3729.1875,54.92,6.39,0.31,101.2566
2008-11-27,19.77,1.9,54.2,3729.1875,54.92,6.39,0.31,101.2564
2008-11-28,19.78,1.93,55.21,3729.1875,55.84,6.42,0.33,101.6468
2008-11-30,19.88,1.93,55.21,3729.1875,55.84,6.41,0.33,101.6468
2008-12-01,20.2,1.82,49.34,3105.095238095238,68.51,6.44,0.34,102.1744
2008-12-02,20.19,1.78,47.05,3105.095238095238,62.98,6.5,0.42,101.9891
2008-12-03,20.39,1.8,46.79,3105.095238095238,60.72,6.53,0.53,102.4251
2008-12-04,20.54,1.73,43.8,3105.095238095238,63.64,6.55,0.57,102.0715
2008-12-05,20.74,1.74,41.01,3105.095238095238,59.93,6.56,0.44,103.4902
2008-12-08,20.62,1.8,43.69,3105.095238095238,58.49,6.55,0.3,101.7227
2008-12-09,20.59,1.83,42.0,3105.095238095238,58.91,6.55,0.26,101.7346
2008-12-10,20.66,1.83,43.1,3105.095238095238,55.73,6.54,0.25,101.2913
2008-12-11,20.92,1.85,47.77,3105.095238095238,55.78,6.52,0.29,99.5101
2008-12-12,21.3,1.82,46.27,3105.095238095238,54.28,6.52,0.17,100.319
2008-12-15,21.82,1.78,44.61,3105.095238095238,56.76,6.51,0.1,99.1001
2008-12-16,21.44,1.72,43.84,3105.095238095238,52.37,6.51,0.16,98.4771
2008-12-17,21.06,1.47,40.17,3105.095238095238,49.84,6.42,0.34,96.8227
2008-12-18,20.72,1.4,36.73,3105.095238095238,47.34,6.35,0.23,96.8447
2008-12-19,20.43,1.39,33.17,3105.095238095238,44.93,6.3,0.15,98.1278
2008-12-22,20.18,1.29,31.1,3105.095238095238,44.56,6.28,0.15,98.1643
2008-12-23,19.82,1.28,30.28,3105.095238095238,45.02,6.25,0.15,98.2698
2008-12-24,19.79,1.3,32.94,3105.095238095238,44.21,6.21,0.13,98.2249
2008-12-25,19.79,1.3,32.94,3105.095238095238,44.21,6.21,0.13,98.2419
2008-12-26,19.55,1.27,37.58,3105.095238095238,43.38,6.2,0.13,98.2594
2008-12-29,19.25,1.35,39.89,3105.095238095238,43.9,6.19,0.11,97.9359
2008-12-30,18.48,1.36,38.95,3105.095238095238,41.63,6.12,0.09,98.3833
2008-12-31,18.12,1.49,44.6,3105.095238095238,40.0,6.04,0.11,98.6518
2009-01-01,18.12,1.49,44.6,3260.357142857143,40.0,6.04,0.11,98.6518
2009-01-02,17.84,1.58,46.17,3260.357142857143,39.19,6.03,0.17,98.6008
2009-01-05,17.44,1.71,48.61,3260.357142857143,39.08,5.96,0.15,98.9195
2009-01-06,16.68,1.71,48.56,3260.357142857143,38.56,5.82,0.42,98.7871
2009-01-07,16.42,1.7,42.75,3260.357142857143,43.39,5.74,0.47,98.089
2009-01-08,16.67,1.64,41.68,3260.357142857143,42.56,5.67,0.5,98.3223
2009-01-09,16.65,1.68,40.69,3260.357142857143,42.82,5.62,0.56,98.8752
2009-01-12,16.67,1.6,37.65,3260.357142857143,45.84,5.59,0.59,99.6022
2009-01-13,16.82,1.57,37.77,3260.357142857143,43.27,5.57,0.59,100.3597
2009-01-14,16.86,1.51,37.43,3260.357142857143,49.14,5.6,0.45,100.7546
2009-01-15,16.97,1.5,35.41,3260.357142857143,51.0,5.62,0.45,101.4653
2009-01-16,16.79,1.63,35.38,3260.357142857143,46.11,5.54,0.55,100.711
2009-01-19,16.81,1.63,35.38,3260.357142857143,46.11,5.54,0.55,100.711
2009-01-20,16.79,1.67,38.57,3260.357142857143,56.65,5.57,0.58,100.711
2009-01-21,16.71,1.78,42.56,3260.357142857143,46.42,5.57,0.58,102.1007
2009-01-22,16.69,1.87,42.33,3260.357142857143,47.29,5.57,0.65,101.8432
2009-01-23,16.73,1.82,45.12,3260.357142857143,47.27,5.56,0.72,102.1096
2009-01-26,16.74,1.85,46.5,3260.357142857143,45.69,5.53,0.78,100.9764
2009-01-27,16.76,1.72,41.67,3260.357142857143,42.25,5.47,0.82,101.1702
2009-01-28,16.4,1.82,42.04,3260.357142857143,39.66,5.4,0.9,100.5461
2009-01-29,16.22,1.92,41.58,3260.357142857143,42.63,5.38,1.04,101.3398
2009-01-30,16.22,1.93,41.73,3260.357142857143,44.84,5.35,1.14,102.1169
2009-01-31,16.26,1.93,41.73,3260.357142857143,44.84,5.31,1.14,102.1169
2009-02-01,16.26,1.93,41.73,3328.4125,44.84,5.31,1.14,102.1169
2009-02-02,16.4,1.87,41.35,3328.4125,45.52,5.32,1.07,102.5067
2009-02-03,16.3,1.93,40.87,3328.4125,43.06,5.31,1.13,101.8506
2009-02-04,16.15,1.97,40.27,3328.4125,43.85,5.29,1.17,101.9056
2009-02-05,16.13,1.97,41.15,3328.4125,43.73,5.28,1.11,101.9517
2009-02-06,16.05,2.06,40.24,3328.4125,43.37,5.25,1.23,101.7455
2009-02-09,15.98,2.02,39.58,3328.4125,43.64,5.2,1.41,100.9637
2009-02-10,16.07,1.98,37.54,3328.4125,46.67,5.19,1.25,101.7094
2009-02-11,16.17,1.85,35.93,3328.4125,44.53,5.16,1.12,102.24
2009-02-12,16.27,1.86,34.03,3328.4125,41.25,5.19,1.14,102.598
2009-02-13,16.21,1.92,37.63,3328.4125,42.93,5.19,1.21,102.2958
2009-02-16,16.06,1.92,37.63,3328.4125,42.93,5.19,1.21,102.2958
2009-02-17,16.45,1.77,34.96,3328.4125,48.66,5.23,1.11,103.7625
2009-02-18,16.59,1.77,34.67,3328.4125,48.46,5.29,1.11,104.0385
2009-02-19,16.48,1.84,39.6,3328.4125,47.08,5.31,1.12,103.7656
2009-02-20,16.76,1.82,39.35,3328.4125,49.3,5.41,1.11,104.0244
2009-02-23,16.85,1.82,37.66,3328.4125,52.62,5.44,1.08,103.7416
2009-02-24,17.22,1.77,38.86,3328.4125,45.49,5.54,0.98,103.9829
2009-02-25,17.17,1.86,41.64,3328.4125,44.67,5.54,0.97,104.3086
2009-02-26,17.18,1.9,43.18,3328.4125,44.66,5.56,0.96,104.1813
2009-02-27,17.39,2.02,44.15,3328.4125,46.35,5.58,0.96,104.9284
2009-02-28,17.38,2.02,44.15,3328.4125,46.35,5.48,0.96,104.9284
2009-03-01,17.38,2.02,44.15,3770.875,46.35,5.48,0.96,104.9284
2009-03-02,17.84,2.02,40.07,3770.875,52.65,5.56,0.91,105.9617
2009-03-03,18.09,2.02,41.57,3770.875,50.93,5.64,0.91,106.0249
2009-03-04,18.28,2.04,45.28,3770.875,47.56,5.75,0.92,105.4558
2009-03-05,18.59,1.93,43.54,3770.875,50.17,5.81,0.85,105.8064
2009-03-06,18.66,1.92,45.43,3770.875,49.33,5.87,0.81,105.3937
2009-03-09,18.86,1.93,47.01,3770.875,49.68,5.97,0.83,106.0182
2009-03-10,18.71,1.98,45.68,3770.875,44.37,5.99,0.84,105.1153
2009-03-11,18.38,1.92,42.46,3770.875,43.61,6.0,0.92,104.8499
2009-03-12,18.29,1.86,46.91,3770.875,41.18,6.0,1.01,104.89
2009-03-13,18.04,1.91,46.22,3770.875,42.36,6.0,1.02,104.1106
2009-03-16,17.63,1.97,47.33,3770.875,43.74,5.96,1.09,103.2005
2009-03-17,17.58,1.97,48.97,3770.875,40.8,5.95,1.12,103.2305
2009-03-18,17.97,1.69,48.12,3770.875,40.06,5.97,1.23,103.0005
2009-03-19,17.74,1.74,51.46,3770.875,43.68,5.97,1.3,100.3951
2009-03-20,17.74,1.76,51.55,3770.875,45.89,5.99,1.22,101.0581
2009-03-23,17.56,1.75,53.05,3770.875,43.23,5.99,1.28,101.103
2009-03-24,17.45,1.75,53.36,3770.875,42.93,5.98,1.32,101.0319
2009-03-25,17.26,1.85,52.24,3770.875,42.25,6.0,1.37,100.9674
2009-03-26,17.09,1.86,53.87,3770.875,40.36,5.98,1.46,101.097
2009-03-27,16.75,1.88,52.41,3770.875,41.04,5.96,1.4,101.8388
2009-03-30,16.89,1.89,48.49,3770.875,45.54,5.99,1.34,102.749
2009-03-31,17.03,1.9,49.64,3770.875,44.14,5.86,1.28,102.3761
2009-04-01,17.12,1.85,48.46,4436.925,42.28,5.86,1.31,102.1252
2009-04-02,16.78,1.89,52.61,4436.925,42.04,5.82,1.33,100.8733
2009-04-03,16.53,1.95,52.52,4436.925,39.7,5.81,1.38,100.6429
2009-04-06,16.43,2.01,51.1,4436.925,40.93,5.78,1.43,100.9428
2009-04-07,16.44,2.02,49.13,4436.925,40.39,5.75,1.32,100.9808
2009-04-08,16.36,1.93,49.37,4436.925,38.85,5.71,1.29,100.8948
2009-04-09,16.19,2.0,52.24,4436.925,36.53,5.63,1.34,100.7988
2009-04-10,16.19,2.0,52.24,4436.925,36.53,5.63,1.34,100.7597
2009-04-13,16.16,1.99,50.22,4436.925,37.81,5.6,1.33,100.1369
2009-04-14,15.85,1.94,49.51,4436.925,37.67,5.54,1.28,99.9097
2009-04-15,15.74,1.96,49.26,4436.925,36.17,5.47,1.27,100.1497
2009-04-16,15.44,1.95,49.97,4436.925,35.79,5.4,1.27,100.0517
2009-04-17,15.05,1.99,50.36,4436.925,33.94,5.32,1.28,100.5719
2009-04-20,15.17,1.95,45.82,4436.925,39.18,5.28,1.22,101.448
2009-04-21,15.35,1.98,46.65,4436.925,37.14,5.26,1.25,101.1794
2009-04-22,15.27,1.98,47.41,4436.925,38.1,5.23,1.33,101.1142
2009-04-23,15.17,1.99,48.46,4436.925,37.15,5.2,1.44,101.0065
2009-04-24,14.87,2.04,50.65,4436.925,36.82,5.16,1.5,100.0244
2009-04-27,14.91,2.05,49.29,4436.925,38.32,5.14,1.47,100.7258
2009-04-28,14.79,2.1,49.01,4436.925,37.95,5.1,1.51,101.3145
2009-04-29,14.46,2.18,50.19,4436.925,36.08,5.02,1.53,100.0009
2009-04-30,13.45,2.25,50.35,4436.925,36.5,4.87,1.47,100.1042
2009-05-01,13.34,2.29,52.18,4591.460526315789,35.3,4.81,1.41,100.0057
2009-05-04,13.23,2.25,54.45,4591.460526315789,34.53,4.78,1.42,99.134
2009-05-05,13.08,2.22,53.81,4591.460526315789,33.36,4.71,1.43,98.8529
2009-05-06,12.94,2.22,56.29,4591.460526315789,32.45,4.64,1.44,98.9044
2009-05-07,12.54,2.29,56.67,4591.460526315789,33.44,4.53,1.55,98.552
2009-05-08,12.41,2.29,58.58,4591.460526315789,32.05,4.44,1.52,98.1269
2009-05-11,12.58,2.25,57.79,4591.460526315789,32.87,4.44,1.47,97.747
2009-05-12,12.64,2.27,58.81,4591.460526315789,31.8,4.42,1.48,97.8269
2009-05-13,12.85,2.22,58.0,4591.460526315789,33.65,4.42,1.44,98.0276
2009-05-14,12.91,2.23,58.58,4591.460526315789,31.37,4.43,1.42,98.1271
2009-05-15,12.91,2.26,56.52,4591.460526315789,33.12,4.42,1.48,98.1063
2009-05-18,12.82,2.29,58.99,4591.460526315789,30.24,4.4,1.56,97.9412
2009-05-19,12.67,2.34,59.52,4591.460526315789,28.8,4.34,1.6,97.2827
2009-05-20,12.45,2.32,61.45,4591.460526315789,29.03,4.28,1.63,96.5707
2009-05-21,12.32,2.46,60.49,4591.460526315789,31.35,4.25,1.68,96.6039
2009-05-22,12.13,2.53,61.15,4591.460526315789,32.63,4.22,1.73,95.8788
2009-05-25,12.15,2.53,61.15,4591.460526315789,32.63,4.22,1.73,95.8788
2009-05-26,12.09,2.54,62.48,4591.460526315789,30.62,4.16,1.78,95.988
2009-05-27,11.87,2.75,63.41,4591.460526315789,32.36,4.09,1.88,95.9622
2009-05-28,11.74,2.7,65.09,4591.460526315789,31.67,4.02,1.8,96.1313
2009-05-29,11.76,2.55,66.31,4591.460526315789,28.92,3.94,1.8,95.268
2009-05-31,11.7,2.55,66.31,4591.460526315789,28.92,3.87,1.8,95.268
2009-06-01,11.36,2.74,68.59,5015.431818181818,30.04,3.82,1.91,94.8107
2009-06-02,11.19,2.69,68.58,5015.431818181818,29.63,3.71,1.96,94.6556
2009-06-03,11.17,2.65,66.14,5015.431818181818,31.02,3.65,1.88,95.0751
2009-06-04,11.01,2.76,68.8,5015.431818181818,30.18,3.63,1.89,95.2922
2009-06-05,10.7,2.52,68.43,5015.431818181818,29.62,3.56,1.96,96.0412
2009-06-08,10.6,2.49,68.05,5015.431818181818,29.77,3.52,1.97,96.6548
2009-06-09,10.59,2.53,70.02,5015.431818181818,28.27,3.5,1.98,95.9537
2009-06-10,10.42,2.6,71.38,5015.431818181818,28.46,3.44,2.07,96.1277
2009-06-11,10.43,2.53,72.69,5015.431818181818,28.11,3.4,1.99,95.4993
2009-06-12,10.41,2.51,72.13,5015.431818181818,28.15,3.38,1.9,95.836
2009-06-15,10.4,2.5,70.54,5015.431818181818,30.81,3.36,1.86,96.7519
2009-06-16,10.48,2.44,70.47,5015.431818181818,32.68,3.35,1.79,96.2616
2009-06-17,10.73,2.49,71.07,5015.431818181818,31.54,3.36,1.73,96.64
2009-06-18,10.74,2.58,71.42,5015.431818181818,30.03,3.34,1.88,96.1482
2009-06-19,10.75,2.54,69.6,5015.431818181818,27.99,3.31,1.88,96.0325
2009-06-22,10.93,2.55,67.09,5015.431818181818,31.17,3.32,1.83,96.8818
2009-06-23,11.03,2.51,68.81,5015.431818181818,30.58,3.31,1.81,96.5196
2009-06-24,11.01,2.53,68.14,5015.431818181818,29.05,3.31,1.79,96.2369
2009-06-25,11.09,2.43,69.7,5015.431818181818,26.36,3.32,1.73,96.7072
2009-06-26,11.09,2.42,69.16,5015.431818181818,25.93,3.33,1.67,96.1935
2009-06-29,11.05,2.4,71.47,5015.431818181818,25.35,3.33,1.68,96.242
2009-06-30,10.55,2.42,69.82,5015.431818181818,26.35,3.31,1.75,96.3761
2009-07-01,10.5,2.5,69.32,5228.413043478261,26.22,3.31,1.72,95.6581
2009-07-02,10.52,2.53,66.68,5228.413043478261,27.95,3.3,1.64,96.3216
2009-07-03,10.52,2.53,66.68,5228.413043478261,27.95,3.3,1.64,96.3216
2009-07-06,10.61,2.56,64.06,5228.413043478261,29.0,3.31,1.49,96.6174
2009-07-07,10.63,2.49,62.88,5228.413043478261,30.85,3.3,1.6,96.6321
2009-07-08,10.84,2.42,60.15,5228.413043478261,31.3,3.31,1.54,97.0204
2009-07-09,10.79,2.5,60.36,5228.413043478261,29.78,3.3,1.57,96.6219
2009-07-10,10.89,2.41,59.93,5228.413043478261,29.02,3.3,1.52,97.0819
2009-07-13,10.92,2.46,59.69,5228.413043478261,26.31,3.29,1.54,96.9995
2009-07-14,10.76,2.53,59.62,5228.413043478261,25.02,3.27,1.64,96.6599
2009-07-15,10.52,2.6,61.49,5228.413043478261,25.89,3.22,1.76,95.8004
2009-07-16,10.57,2.59,62.07,5228.413043478261,25.42,3.19,1.77,95.7241
2009-07-17,10.41,2.65,63.56,5228.413043478261,24.34,3.13,1.86,95.6036
2009-07-20,10.37,2.62,63.93,5228.413043478261,24.4,3.11,1.88,95.0903
2009-07-21,10.29,2.54,64.81,5228.413043478261,23.87,3.07,1.79,95.0564
2009-07-22,10.18,2.6,64.58,5228.413043478261,23.47,3.05,1.83,94.8659
2009-07-23,9.88,2.64,66.1,5228.413043478261,23.43,3.02,1.92,94.532
2009-07-24,9.8,2.65,66.96,5228.413043478261,23.09,2.98,1.89,94.7046
2009-07-27,9.66,2.67,68.34,5228.413043478261,24.28,2.95,1.9,94.6659
2009-07-28,9.56,2.6,67.24,5228.413043478261,25.01,2.91,1.86,94.5592
2009-07-29,9.44,2.52,63.42,5228.413043478261,25.61,2.86,1.85,95.1678
2009-07-30,9.33,2.48,66.9,5228.413043478261,25.4,2.78,1.89,94.8967
2009-07-31,9.22,2.39,69.26,5228.413043478261,25.92,2.73,1.81,94.2526
2009-08-01,9.22,2.39,69.26,6176.875,25.92,2.73,1.81,94.2526
2009-08-03,8.99,2.48,71.59,6176.875,25.56,2.7,1.88,93.6331
2009-08-04,8.88,2.5,71.4,6176.875,24.89,2.65,1.89,93.7281
2009-08-05,8.77,2.57,71.97,6176.875,24.9,2.61,1.95,93.7848
2009-08-06,8.73,2.57,71.96,6176.875,25.67,2.57,1.92,93.9358
2009-08-07,8.57,2.57,70.97,6176.875,24.76,2.54,2.01,94.4692
2009-08-10,8.58,2.56,70.59,6176.875,24.99,2.52,1.97,94.6087
2009-08-11,8.64,2.5,69.46,6176.875,25.99,2.53,1.91,94.8678
2009-08-12,8.78,2.54,70.08,6176.875,25.45,2.54,1.88,94.5394
2009-08-13,8.91,2.47,70.57,6176.875,24.71,2.53,1.79,94.2392
2009-08-14,8.94,2.48,67.51,6176.875,24.27,2.54,1.7,94.475
2009-08-17,9.17,2.44,66.72,6176.875,27.89,2.58,1.69,95.1024
2009-08-18,9.19,2.45,69.22,6176.875,26.18,2.6,1.73,95.1118
2009-08-19,9.25,2.44,72.54,6176.875,26.26,2.6,1.75,94.4084
2009-08-20,9.27,2.39,72.4,6176.875,25.09,2.6,1.82,94.3492
2009-08-21,9.13,2.43,73.12,6176.875,25.01,2.58,1.87,94.0103
2009-08-24,9.14,2.43,73.68,6176.875,25.14,2.57,1.81,93.9345
2009-08-25,9.12,2.4,71.6,6176.875,24.92,2.55,1.73,93.9066
2009-08-26,9.11,2.38,71.38,6176.875,24.95,2.54,1.72,94.8662
2009-08-27,9.07,2.43,72.49,6176.875,24.68,2.53,1.72,94.7943
2009-08-28,9.04,2.45,72.72,6176.875,24.76,2.52,1.7,94.4489
2009-08-31,9.12,2.43,69.97,6176.875,26.01,2.53,1.64,94.6202
2009-09-01,9.18,2.46,68.11,6195.75,29.15,2.54,1.64,95.2201
2009-09-02,9.23,2.4,68.03,6195.75,28.9,2.54,1.58,95.1575
2009-09-03,9.19,2.42,67.9,6195.75,27.1,2.54,1.64,94.959
2009-09-04,9.09,2.51,67.95,6195.75,25.26,2.53,1.75,94.5811
2009-09-07,9.1,2.51,67.95,6195.75,25.26,2.53,1.75,94.5811
2009-09-08,9.03,2.54,71.08,6195.75,25.62,2.51,1.81,93.7323
2009-09-09,8.98,2.55,71.27,6195.75,24.32,2.5,1.82,93.6915
2009-09-10,8.93,2.46,71.95,6195.75,23.55,2.47,1.77,93.6947
2009-09-11,8.78,2.44,69.34,6195.75,24.15,2.44,1.75,93.3225
2009-09-14,8.57,2.48,68.86,6195.75,23.86,2.42,1.77,93.6196
2009-09-15,8.35,2.51,70.81,6195.75,23.42,2.39,1.83,93.4427
2009-09-16,8.09,2.47,72.5,6195.75,23.69,2.36,1.86,92.9072
2009-09-17,8.09,2.44,72.48,6195.75,23.65,2.35,1.8,92.8287
2009-09-18,7.98,2.46,71.95,6195.75,23.92,2.33,1.81,93.1233
2009-09-21,8.0,2.47,69.74,6195.75,24.06,2.32,1.8,93.3547
2009-09-22,7.93,2.44,71.5,6195.75,23.08,2.3,1.81,92.8664
2009-09-23,7.88,2.48,68.74,6195.75,23.49,2.31,1.81,92.979
2009-09-24,7.87,2.47,65.74,6195.75,24.95,2.31,1.76,93.4708
2009-09-25,7.89,2.36,65.91,6195.75,25.61,2.31,1.74,93.5535
2009-09-28,7.95,2.33,66.69,6195.75,24.88,2.32,1.74,93.4669
2009-09-29,7.91,2.31,66.56,6195.75,25.19,2.33,1.72,93.7776
2009-09-30,7.93,2.36,70.46,6195.75,25.61,2.35,1.75,93.1907
2009-10-01,8.11,2.34,70.67,6305.988636363636,28.27,2.38,1.71,93.5995
2009-10-02,8.2,2.36,69.8,6305.988636363636,28.68,2.39,1.7,93.6756
2009-10-05,8.15,2.36,70.26,6305.988636363636,26.84,2.38,1.73,93.3356
2009-10-06,8.05,2.36,70.71,6305.988636363636,25.7,2.35,1.74,92.619
2009-10-07,8.11,2.34,69.6,6305.988636363636,24.68,2.35,1.76,92.794
2009-10-08,8.0,2.37,71.69,6305.988636363636,24.18,2.34,1.78,92.2074
2009-10-09,7.87,2.42,71.75,6305.988636363636,23.12,2.33,1.84,92.2984
2009-10-12,7.88,2.42,73.24,6305.988636363636,23.01,2.33,1.84,92.2984
2009-10-13,7.93,2.43,74.1,6305.988636363636,22.99,2.33,1.88,91.8273
2009-10-14,7.76,2.49,75.2,6305.988636363636,22.86,2.31,1.94,91.5047
2009-10-15,7.69,2.52,77.55,6305.988636363636,21.72,2.3,1.99,91.4367
2009-10-16,7.69,2.46,78.54,6305.988636363636,21.43,2.29,1.98,91.6541
2009-10-19,7.67,2.42,79.47,6305.988636363636,21.49,2.28,2.03,91.4406
2009-10-20,7.66,2.4,78.87,6305.988636363636,20.9,2.26,1.98,91.801
2009-10-21,7.58,2.42,81.03,6305.988636363636,22.22,2.25,1.99,91.3805
2009-10-22,7.52,2.47,80.82,6305.988636363636,20.69,2.23,1.95,91.6075
2009-10-23,7.45,2.47,80.11,6305.988636363636,22.27,2.21,2.0,91.7331
2009-10-26,7.35,2.53,78.61,6305.988636363636,24.31,2.19,2.0,92.0998
2009-10-27,7.47,2.5,79.45,6305.988636363636,24.83,2.18,2.0,92.5335
2009-10-28,7.59,2.49,77.39,6305.988636363636,27.91,2.18,1.96,92.8152
2009-10-29,7.56,2.55,79.84,6305.988636363636,24.76,2.18,2.03,92.4708
2009-10-30,7.66,2.51,77.04,6305.988636363636,30.69,2.18,2.0,92.6207
2009-10-31,7.6,2.51,77.04,6305.988636363636,30.69,2.18,2.0,92.6207
2009-11-01,7.6,2.51,77.04,6682.440476190476,30.69,2.18,2.0,92.6207
2009-11-02,7.6,2.53,78.08,6682.440476190476,29.78,2.19,2.04,92.4501
2009-11-03,7.61,2.58,79.58,6682.440476190476,28.81,2.19,2.05,92.9037
2009-11-04,7.55,2.66,80.3,6682.440476190476,27.72,2.19,2.12,92.3725
2009-11-05,7.56,2.67,79.64,6682.440476190476,25.43,2.18,2.16,92.3437
2009-11-06,7.6,2.68,77.4,6682.440476190476,24.19,2.18,2.17,92.3848
2009-11-09,7.57,2.65,79.44,6682.440476190476,23.15,2.17,2.22,91.6861
2009-11-10,7.52,2.65,79.01,6682.440476190476,22.84,2.16,2.19,91.6659
2009-11-11,7.52,2.65,79.16,6682.440476190476,23.04,2.16,2.19,91.6659
2009-11-12,7.54,2.63,77.25,6682.440476190476,24.24,2.16,2.12,91.9461
2009-11-13,7.52,2.61,76.34,6682.440476190476,23.36,2.16,2.12,91.5754
2009-11-16,7.55,2.55,78.91,6682.440476190476,22.89,2.15,2.12,91.194
2009-11-17,7.55,2.55,79.08,6682.440476190476,22.41,2.15,2.13,91.7419
2009-11-18,7.51,2.59,79.55,6682.440476190476,21.63,2.15,2.15,91.249
2009-11-19,7.55,2.62,77.47,6682.440476190476,22.63,2.15,2.14,91.7827
2009-11-20,7.54,2.61,76.83,6682.440476190476,22.19,2.15,2.15,91.9906
2009-11-23,7.52,2.6,76.49,6682.440476190476,21.16,2.15,2.17,91.4864
2009-11-24,7.56,2.59,74.88,6682.440476190476,20.47,2.16,2.11,91.5539
2009-11-25,7.57,2.55,77.25,6682.440476190476,20.48,2.16,2.12,90.9669
2009-11-26,7.57,2.55,77.25,6682.440476190476,20.48,2.16,2.12,90.9669
2009-11-27,7.64,2.53,75.95,6682.440476190476,24.85,2.19,2.06,91.5272
2009-11-30,7.65,2.54,77.19,6682.440476190476,24.51,2.21,2.08,91.3717
2009-12-01,7.58,2.61,78.39,6976.97619047619,21.92,2.21,2.14,90.8323
2009-12-02,7.49,2.6,76.62,6976.97619047619,21.12,2.19,2.14,90.8906
2009-12-03,7.4,2.65,76.42,6976.97619047619,22.46,2.17,2.15,90.9152
2009-12-04,7.24,2.64,75.41,6976.97619047619,21.25,2.15,2.14,91.3806
2009-12-07,7.26,2.66,73.89,6976.97619047619,22.1,2.13,2.13,91.5414
2009-12-08,7.31,2.67,72.59,6976.97619047619,23.69,2.13,2.09,91.9513
2009-12-09,7.26,2.69,70.67,6976.97619047619,22.66,2.12,2.09,92.014
2009-12-10,7.18,2.71,70.54,6976.97619047619,22.32,2.1,2.09,92.0073
2009-12-11,7.09,2.72,69.86,6976.97619047619,21.59,2.08,2.14,92.2946
2009-12-14,6.97,2.69,69.48,6976.97619047619,21.15,2.04,2.19,92.0305
2009-12-15,6.86,2.72,70.62,6976.97619047619,21.49,2.02,2.23,92.3635
2009-12-16,6.82,2.76,72.64,6976.97619047619,20.54,2.01,2.27,92.1496
2009-12-17,6.91,2.73,72.58,6976.97619047619,22.51,2.01,2.22,93.225
2009-12-18,6.84,2.73,73.3,6976.97619047619,21.68,1.99,2.24,93.1632
2009-12-21,6.72,2.8,72.71,6976.97619047619,20.49,1.98,2.3,93.1632
2009-12-22,6.65,2.81,73.48,6976.97619047619,19.54,1.96,2.33,93.2903
2009-12-23,6.6,2.81,76.03,6976.97619047619,19.71,1.96,2.31,92.9295
2009-12-24,6.54,2.82,76.83,6976.97619047619,19.47,1.94,2.32,92.8694
2009-12-28,6.5,2.76,78.67,6976.97619047619,19.93,1.93,2.35,92.6993
2009-12-29,6.49,2.73,78.87,6976.97619047619,20.01,1.91,2.36,92.8838
2009-12-30,6.5,2.72,79.35,6976.97619047619,19.96,1.9,2.36,93.0872
2009-12-31,6.39,2.71,79.39,6976.97619047619,21.68,1.9,2.37,92.9124
2010-01-01,6.39,2.71,79.39,7367.375,21.68,1.9,2.37,92.9124
2010-01-04,6.34,2.76,81.52,7367.375,20.04,1.88,2.38,92.3566
2010-01-05,6.3,2.76,81.74,7367.375,19.35,1.85,2.34,92.2236
2010-01-06,6.17,2.84,83.12,7367.375,19.16,1.83,2.37,92.0941
2010-01-07,6.03,2.82,82.6,7367.375,19.06,1.81,2.41,92.3684
2010-01-08,6.02,2.87,82.74,7367.375,18.13,1.78,2.42,92.1485
2010-01-11,5.99,2.9,82.54,7367.375,17.55,1.76,2.38,91.5997
2010-01-12,6.07,2.82,80.79,7367.375,18.25,1.76,2.39,91.7005
2010-01-13,6.03,2.83,79.66,7367.375,17.85,1.76,2.37,91.7272
2010-01-14,6.04,2.82,79.35,7367.375,17.63,1.76,2.36,91.5864
2010-01-15,6.1,2.81,77.96,7367.375,17.91,1.77,2.36,91.7668
2010-01-18,6.1,2.81,77.96,7367.375,17.91,1.77,2.36,91.7668
2010-01-19,6.11,2.8,78.98,7367.375,17.58,1.78,2.38,91.9611
2010-01-20,6.16,2.76,77.42,7367.375,18.68,1.78,2.37,92.6766
2010-01-21,6.24,2.75,75.84,7367.375,22.27,1.79,2.33,92.6627
2010-01-22,6.36,2.78,74.25,7367.375,27.31,1.8,2.31,92.943
2010-01-25,6.42,2.8,74.9,7367.375,25.41,1.82,2.33,92.9099
2010-01-26,6.44,2.78,74.67,7367.375,24.55,1.82,2.34,93.3298
2010-01-27,6.41,2.76,73.64,7367.375,23.14,1.82,2.31,93.2835
2010-01-28,6.41,2.81,73.62,7367.375,23.73,1.83,2.33,93.2635
2010-01-29,6.46,2.81,72.85,7367.375,24.62,1.83,2.33,93.7638
2010-01-31,6.54,2.81,72.85,7367.375,24.62,1.81,2.33,93.7638
2010-02-01,6.54,2.82,74.41,6867.675,22.59,1.84,2.39,93.7321
2010-02-02,6.54,2.81,77.21,6867.675,21.48,1.82,2.41,93.4136
2010-02-03,6.46,2.85,76.96,6867.675,21.6,1.82,2.43,93.6268
2010-02-04,6.59,2.82,73.13,6867.675,26.08,1.85,2.35,94.1401
2010-02-05,6.81,2.82,71.15,6867.675,26.11,1.88,2.27,94.6218
2010-02-08,6.85,2.83,71.87,6867.675,26.51,1.89,2.27,94.6218
2010-02-09,6.88,2.83,73.71,6867.675,26.0,1.9,2.3,94.6218
2010-02-10,6.93,2.81,74.48,6867.675,25.4,1.9,2.28,94.6218
2010-02-11,6.98,2.82,75.23,6867.675,23.96,1.91,2.26,94.6218
2010-02-12,7.03,2.85,74.11,6867.675,22.73,1.91,2.23,93.9976
2010-02-15,7.01,2.85,74.11,6867.675,22.73,1.9,2.23,93.9976
2010-02-16,7.02,2.84,76.98,6867.675,22.25,1.91,2.24,93.482
2010-02-17,6.8,2.87,77.27,6867.675,21.72,1.9,2.28,93.7171
2010-02-18,6.65,2.89,78.97,6867.675,20.63,1.88,2.31,93.8752
2010-02-19,6.56,2.83,79.77,6867.675,20.02,1.86,2.26,93.9569
2010-02-22,6.5,2.89,80.04,6867.675,19.94,1.85,2.25,93.7402
2010-02-23,6.6,2.82,78.61,6867.675,21.37,1.84,2.19,93.9794
2010-02-24,6.58,2.83,79.75,6867.675,20.27,1.84,2.19,93.9775
2010-02-25,6.65,2.82,77.99,6867.675,20.1,1.85,2.13,94.3797
2010-02-26,6.66,2.8,79.72,6867.675,19.5,1.84,2.13,93.6602
2010-02-28,6.71,2.8,79.72,6867.675,19.5,1.85,2.13,93.6602
2010-03-01,6.66,2.81,78.71,7466.934782608696,19.26,1.86,2.15,93.7979
2010-03-02,6.58,2.82,79.62,7466.934782608696,19.06,1.83,2.16,93.488
2010-03-03,6.54,2.81,80.91,7466.934782608696,18.83,1.83,2.17,92.9861
2010-03-04,6.49,2.75,80.21,7466.934782608696,18.72,1.83,2.17,93.4079
2010-03-05,6.37,2.78,81.5,7466.934782608696,17.42,1.8,2.21,93.2623
2010-03-08,6.27,2.82,81.85,7466.934782608696,17.79,1.78,2.23,93.2446
2010-03-09,6.23,2.82,81.5,7466.934782608696,17.92,1.77,2.23,93.1941
2010-03-10,6.16,2.81,82.07,7466.934782608696,18.57,1.76,2.24,93.0426
2010-03-11,6.15,2.76,82.1,7466.934782608696,18.06,1.75,2.24,93.0533
2010-03-12,6.11,2.74,81.26,7466.934782608696,17.58,1.74,2.26,92.6616
2010-03-15,6.12,2.75,79.79,7466.934782608696,18.0,1.73,2.25,92.9642
2010-03-16,6.16,2.73,81.75,7466.934782608696,17.69,1.72,2.24,92.595
2010-03-17,6.11,2.7,82.93,7466.934782608696,16.91,1.71,2.25,92.4446
2010-03-18,6.02,2.7,82.16,7466.934782608696,16.62,1.69,2.23,92.7451
2010-03-19,5.98,2.68,80.58,7466.934782608696,16.97,1.68,2.2,93.0407
2010-03-22,6.02,2.66,81.26,7466.934782608696,16.87,1.68,2.19,93.1333
2010-03-23,6.0,2.67,81.68,7466.934782608696,16.35,1.68,2.2,93.006
2010-03-24,5.85,2.76,80.29,7466.934782608696,17.55,1.66,2.24,93.6468
2010-03-25,5.78,2.81,80.25,7466.934782608696,18.4,1.64,2.26,93.5885
2010-03-26,5.8,2.82,79.75,7466.934782608696,17.77,1.63,2.24,93.6873
2010-03-29,5.79,2.84,81.92,7466.934782608696,17.59,1.63,2.22,93.2959
2010-03-30,5.77,2.82,82.14,7466.934782608696,17.13,1.63,2.22,93.2627
2010-03-31,5.84,2.82,83.45,7466.934782608696,17.59,1.61,2.24,92.8987
2010-04-01,5.82,2.84,84.53,7729.8375,17.47,1.61,2.28,92.6661
2010-04-02,5.82,2.85,84.53,7729.8375,17.47,1.61,2.27,92.9057
2010-04-05,5.65,2.83,86.36,7729.8375,17.02,1.59,2.31,92.6644
2010-04-06,5.65,2.84,86.54,7729.8375,16.23,1.57,2.3,92.7373
2010-04-07,5.72,2.83,85.64,7729.8375,16.62,1.58,2.34,92.7452
2010-04-08,5.7,2.82,85.17,7729.8375,16.48,1.58,2.33,92.7211
2010-04-09,5.68,2.82,84.6,7729.8375,16.14,1.57,2.34,92.4772
2010-04-12,5.68,2.8,84.07,7729.8375,15.58,1.56,2.35,92.243
2010-04-13,5.66,2.77,83.8,7729.8375,16.2,1.55,2.34,92.2689
2010-04-14,5.57,2.81,85.62,7729.8375,15.59,1.53,2.34,91.9297
2010-04-15,5.52,2.82,85.25,7729.8375,15.89,1.52,2.37,92.2029
2010-04-16,5.57,2.81,82.97,7729.8375,18.36,1.53,2.33,92.5253
2010-04-19,5.59,2.82,81.52,7729.8375,17.34,1.53,2.34,92.8577
2010-04-20,5.54,2.77,82.98,7729.8375,15.73,1.52,2.35,92.4338
2010-04-21,5.55,2.74,82.78,7729.8375,16.32,1.51,2.35,92.4482
2010-04-22,5.5,2.73,82.89,7729.8375,16.47,1.52,2.34,92.7277
2010-04-23,5.44,2.74,84.34,7729.8375,16.62,1.51,2.37,92.6622
2010-04-26,5.42,2.74,84.2,7729.8375,17.47,1.52,2.37,92.5187
2010-04-27,5.55,2.68,82.43,7729.8375,22.81,1.54,2.34,93.0956
2010-04-28,5.51,2.77,83.22,7729.8375,21.08,1.55,2.4,93.4856
2010-04-29,5.54,2.75,85.17,7729.8375,18.44,1.55,2.45,92.9013
2010-04-30,5.61,2.72,86.07,7729.8375,22.05,1.55,2.4,92.8423
2010-05-01,5.61,2.72,86.07,6843.157894736842,22.05,1.55,2.4,92.8423
2010-05-03,5.57,2.72,86.19,6843.157894736842,20.19,1.57,2.4,93.235
2010-05-04,5.68,2.67,82.73,6843.157894736842,23.84,1.6,2.32,93.8137
2010-05-05,5.91,2.7,80.0,6843.157894736842,24.91,1.64,2.28,94.3968
2010-05-06,6.26,2.66,77.18,6843.157894736842,32.8,1.76,2.16,95.3032
2010-05-07,6.47,2.62,75.1,6843.157894736842,40.95,1.84,2.15,95.2952
2010-05-10,6.25,2.7,76.89,6843.157894736842,28.84,1.77,2.24,94.3096
2010-05-11,6.34,2.71,76.37,6843.157894736842,28.32,1.79,2.25,94.4305
2010-05-12,6.18,2.67,75.65,6843.157894736842,25.52,1.77,2.28,94.5515
2010-05-13,6.14,2.68,74.38,6843.157894736842,26.68,1.76,2.27,94.5071
2010-05-14,6.33,2.65,71.61,6843.157894736842,31.24,1.79,2.18,95.3746
2010-05-17,6.36,2.66,70.08,6843.157894736842,30.84,1.79,2.16,95.9795
2010-05-18,6.46,2.62,69.38,6843.157894736842,33.55,1.81,2.13,95.6212
2010-05-19,6.59,2.56,69.91,6843.157894736842,35.32,1.86,2.04,96.5083
2010-05-20,6.92,2.49,68.28,6843.157894736842,45.79,1.96,1.89,96.9483
2010-05-21,7.02,2.44,68.03,6843.157894736842,40.1,1.97,1.87,96.2911
2010-05-24,6.97,2.46,68.23,6843.157894736842,38.32,1.98,1.88,96.6433
2010-05-25,7.24,2.37,64.78,6843.157894736842,34.61,2.06,1.85,97.5487
2010-05-26,7.07,2.39,71.52,6843.157894736842,35.02,2.04,1.91,97.1879
2010-05-27,6.88,2.47,74.56,6843.157894736842,29.68,2.02,2.01,96.3611
2010-05-28,6.9,2.55,74.0,6843.157894736842,32.07,2.02,1.99,96.3062
2010-05-31,6.98,2.55,74.0,6843.157894736842,32.07,2.02,1.99,96.3062
2010-06-01,7.04,2.51,72.7,6501.5,35.54,2.05,1.97,96.6123
2010-06-02,7.04,2.53,72.88,6501.5,30.17,2.07,1.99,96.615
2010-06-03,6.93,2.57,74.62,6501.5,29.46,2.05,2.05,96.461
2010-06-04,7.14,2.48,71.43,6501.5,35.48,2.08,1.94,97.1688
2010-06-07,7.18,2.43,71.55,6501.5,36.57,2.08,1.92,97.503
2010-06-08,7.27,2.44,71.88,6501.5,33.7,2.11,1.89,97.3425
2010-06-09,7.26,2.46,74.38,6501.5,33.73,2.12,1.92,96.8938
2010-06-10,7.19,2.54,75.48,6501.5,30.57,2.13,1.98,96.4877
2010-06-11,7.27,2.49,73.89,6501.5,28.79,2.13,1.95,96.5616
2010-06-14,7.16,2.51,74.99,6501.5,28.58,2.11,1.97,95.8082
2010-06-15,7.03,2.53,76.84,6501.5,25.87,2.11,2.0,95.7049
2010-06-16,6.97,2.52,77.67,6501.5,25.92,2.1,1.99,95.5668
2010-06-17,6.91,2.49,76.82,6501.5,25.05,2.09,1.99,95.4973
2010-06-18,6.82,2.5,77.18,6501.5,23.95,2.08,1.99,95.2981
2010-06-21,6.68,2.52,77.84,6501.5,24.88,2.05,2.02,94.8505
2010-06-22,6.75,2.47,77.15,6501.5,27.05,2.05,1.98,95.1165
2010-06-23,6.82,2.47,75.9,6501.5,26.91,2.06,1.94,95.4853
2010-06-24,6.89,2.47,75.96,6501.5,29.74,2.07,1.91,95.6194
2010-06-25,6.9,2.47,78.45,6501.5,28.53,2.07,1.91,95.4582
2010-06-28,6.93,2.43,78.26,6501.5,29.0,2.08,1.88,95.2696
2010-06-29,7.06,2.36,75.93,6501.5,34.13,2.09,1.83,96.0199
2010-06-30,7.13,2.36,75.59,6501.5,34.54,2.09,1.82,95.9934
2010-07-01,7.17,2.33,72.95,6750.568181818182,32.86,2.09,1.75,95.8018
2010-07-02,7.13,2.37,72.06,6750.568181818182,30.12,2.08,1.73,95.6345
2010-07-05,7.13,2.37,72.06,6750.568181818182,30.12,2.09,1.73,95.6345
2010-07-06,7.14,2.33,71.96,6750.568181818182,29.65,2.07,1.69,95.1069
2010-07-07,7.1,2.37,74.05,6750.568181818182,26.84,2.08,1.7,95.1795
2010-07-08,6.98,2.41,75.46,6750.568181818182,25.71,2.06,1.79,94.7734
2010-07-09,6.88,2.44,76.08,6750.568181818182,24.98,2.04,1.81,94.683
2010-07-12,6.85,2.43,74.93,6750.568181818182,24.43,2.03,1.82,94.9598
2010-07-13,6.7,2.48,77.16,6750.568181818182,24.56,2.0,1.87,94.3856
2010-07-14,6.68,2.45,77.02,6750.568181818182,24.89,1.98,1.84,94.3247
2010-07-15,6.73,2.39,76.67,6750.568181818182,25.14,1.98,1.79,94.1988
2010-07-16,6.77,2.35,75.96,6750.568181818182,26.25,1.98,1.71,94.5061
2010-07-19,6.77,2.38,76.53,6750.568181818182,25.97,1.98,1.7,94.602
2010-07-20,6.79,2.37,77.32,6750.568181818182,23.93,1.98,1.7,94.542
2010-07-21,6.75,2.32,76.27,6750.568181818182,25.64,1.97,1.71,94.4496
2010-07-22,6.67,2.36,79.01,6750.568181818182,24.63,1.96,1.75,94.1135
2010-07-23,6.59,2.42,78.68,6750.568181818182,23.47,1.93,1.78,94.1431
2010-07-26,6.54,2.41,78.93,6750.568181818182,22.73,1.91,1.79,93.7556
2010-07-27,6.43,2.43,77.46,6750.568181818182,23.19,1.87,1.82,93.7583
2010-07-28,6.47,2.42,77.06,6750.568181818182,24.25,1.87,1.81,93.7506
2010-07-29,6.48,2.44,78.3,6750.568181818182,24.13,1.86,1.82,93.6004
2010-07-30,6.57,2.39,78.85,6750.568181818182,23.5,1.88,1.8,93.2793
2010-07-31,6.59,2.39,78.85,6750.568181818182,23.5,1.89,1.8,93.2793
2010-08-01,6.59,2.39,78.85,7302.666666666667,23.5,1.89,1.8,93.2793
2010-08-02,6.54,2.43,81.25,7302.666666666667,22.01,1.88,1.86,92.7916
2010-08-03,6.55,2.41,82.52,7302.666666666667,22.63,1.88,1.87,92.6258
2010-08-04,6.49,2.42,82.49,7302.666666666667,22.21,1.87,1.86,92.731
2010-08-05,6.51,2.41,82.0,7302.666666666667,22.1,1.87,1.87,92.6401
2010-08-06,6.57,2.36,80.67,7302.666666666667,21.74,1.87,1.82,92.5915
2010-08-09,6.54,2.32,81.46,7302.666666666667,22.14,1.86,1.82,92.6726
2010-08-10,6.6,2.27,80.24,7302.666666666667,22.37,1.88,1.84,93.2197
2010-08-11,6.78,2.18,78.09,7302.666666666667,25.39,1.9,1.77,93.7778
2010-08-12,6.83,2.19,75.68,7302.666666666667,25.73,1.91,1.69,93.8905
2010-08-13,6.87,2.14,75.39,7302.666666666667,26.24,1.9,1.68,94.0457
2010-08-16,6.91,2.07,75.17,7302.666666666667,26.1,1.9,1.63,93.7902
2010-08-17,6.82,2.12,75.76,7302.666666666667,24.33,1.89,1.63,93.4239
2010-08-18,6.78,2.13,75.39,7302.666666666667,24.59,1.88,1.62,93.3719
2010-08-19,6.82,2.09,74.45,7302.666666666667,26.44,1.88,1.56,93.7141
2010-08-20,6.8,2.13,73.45,7302.666666666667,25.49,1.88,1.57,94.2087
2010-08-23,6.82,2.11,72.71,7302.666666666667,25.66,1.88,1.55,94.3295
2010-08-24,6.93,2.0,71.24,7302.666666666667,27.46,1.9,1.49,94.4362
2010-08-25,6.92,2.01,72.07,7302.666666666667,26.7,1.9,1.53,94.7372
2010-08-26,6.93,1.99,73.36,7302.666666666667,27.37,1.91,1.55,94.3523
2010-08-27,6.81,2.1,75.17,7302.666666666667,24.45,1.91,1.61,94.3462
2010-08-30,6.89,2.04,74.69,7302.666666666667,27.21,1.92,1.55,94.5922
2010-08-31,6.92,2.0,71.93,7302.666666666667,26.05,1.95,1.52,94.7204
2010-09-01,6.8,2.08,73.97,7729.590909090909,23.89,1.94,1.56,94.1148
2010-09-02,6.72,2.13,74.99,7729.590909090909,23.19,1.93,1.58,94.0852
2010-09-03,6.62,2.2,74.52,7729.590909090909,21.31,1.91,1.62,93.6952
2010-09-06,6.62,2.2,74.52,7729.590909090909,21.31,1.9,1.62,93.6952
2010-09-07,6.68,2.12,73.98,7729.590909090909,23.8,1.9,1.63,94.042
2010-09-08,6.59,2.14,74.65,7729.590909090909,23.25,1.89,1.64,93.7785
2010-09-09,6.47,2.2,74.25,7729.590909090909,22.81,1.88,1.72,93.7033
2010-09-10,6.37,2.23,76.4,7729.590909090909,21.99,1.87,1.79,93.6768
2010-09-13,6.36,2.21,77.17,7729.590909090909,21.21,1.85,1.8,93.0767
2010-09-14,6.36,2.18,76.78,7729.590909090909,21.56,1.84,1.75,92.6182
2010-09-15,6.31,2.24,75.92,7729.590909090909,22.1,1.85,1.77,92.9313
2010-09-16,6.25,2.29,74.58,7729.590909090909,21.72,1.84,1.77,92.9108
2010-09-17,6.24,2.27,73.63,7729.590909090909,22.01,1.84,1.75,92.9418
2010-09-20,6.25,2.25,74.81,7729.590909090909,21.5,1.83,1.78,92.7496
2010-09-21,6.32,2.18,72.96,7729.590909090909,22.35,1.83,1.83,92.6684
2010-09-22,6.35,2.12,72.98,7729.590909090909,22.51,1.84,1.82,92.0647
2010-09-23,6.37,2.11,73.4,7729.590909090909,23.87,1.84,1.79,92.0233
2010-09-24,6.32,2.17,74.63,7729.590909090909,21.71,1.84,1.81,91.5996
2010-09-27,6.36,2.1,76.51,7729.590909090909,22.54,1.84,1.75,91.4803
2010-09-28,6.36,2.11,76.15,7729.590909090909,22.6,1.84,1.79,91.3493
2010-09-29,6.29,2.08,77.85,7729.590909090909,23.25,1.84,1.78,91.1632
2010-09-30,6.26,2.11,79.95,7729.590909090909,23.7,1.84,1.78,91.3415
2010-10-01,6.22,2.12,81.57,8289.761904761905,22.5,1.84,1.79,90.836
2010-10-04,6.23,2.09,81.43,8289.761904761905,23.53,1.84,1.78,91.0015
2010-10-05,6.18,2.09,82.83,8289.761904761905,21.76,1.83,1.85,90.5622
2010-10-06,6.15,2.03,83.21,8289.761904761905,21.49,1.82,1.89,90.1411
2010-10-07,6.13,2.05,81.34,8289.761904761905,21.56,1.81,1.88,90.286
2010-10-08,6.12,2.06,82.66,8289.761904761905,20.71,1.81,1.96,90.1133
2010-10-11,6.11,2.06,82.18,8289.761904761905,18.96,1.81,1.96,90.1133
2010-10-12,6.08,2.07,81.67,8289.761904761905,18.93,1.8,1.95,90.2203
2010-10-13,6.02,2.09,83.03,8289.761904761905,19.07,1.8,2.02,89.7779
2010-10-14,5.97,2.14,82.71,8289.761904761905,19.88,1.81,2.11,89.5228
2010-10-15,5.95,2.22,81.23,8289.761904761905,19.03,1.82,2.09,89.6815
2010-10-18,6.02,2.14,83.06,8289.761904761905,19.09,1.82,2.05,89.8484
2010-10-19,6.04,2.13,79.57,8289.761904761905,20.63,1.82,2.06,90.5499
2010-10-20,6.06,2.16,81.93,8289.761904761905,19.79,1.83,2.04,90.1446
2010-10-21,6.0,2.2,80.03,8289.761904761905,19.27,1.82,2.07,90.138
2010-10-22,5.96,2.24,81.15,8289.761904761905,18.78,1.81,2.09,90.4063
2010-10-25,5.9,2.22,82.0,8289.761904761905,19.85,1.79,2.14,89.9328
2010-10-26,5.79,2.27,82.6,8289.761904761905,20.22,1.78,2.15,90.2818
2010-10-27,5.73,2.35,81.9,8289.761904761905,20.71,1.76,2.13,90.8038
2010-10-28,5.77,2.32,82.2,8289.761904761905,20.88,1.77,2.12,90.2407
2010-10-29,5.82,2.29,81.45,8289.761904761905,21.2,1.77,2.13,90.0935
2010-10-31,5.93,2.29,81.45,8289.761904761905,21.2,1.77,2.13,90.0935
2010-11-01,5.96,2.32,82.94,8458.420454545456,21.83,1.79,2.17,90.0307
2010-11-02,5.94,2.29,83.91,8458.420454545456,21.57,1.78,2.14,89.6847
2010-11-03,5.92,2.33,84.45,8458.420454545456,19.56,1.78,2.17,89.7079
2010-11-04,5.89,2.2,86.49,8458.420454545456,18.52,1.77,2.09,88.9831
2010-11-05,5.79,2.2,86.85,8458.420454545456,18.26,1.76,2.1,89.2441
2010-11-08,5.76,2.19,87.07,8458.420454545456,18.29,1.75,2.12,89.5711
2010-11-09,5.64,2.26,87.04,8458.420454545456,19.08,1.74,2.14,89.558
2010-11-10,5.75,2.21,87.77,8458.420454545456,18.47,1.75,2.09,89.9056
2010-11-11,5.75,2.21,87.77,8458.420454545456,18.64,1.75,2.09,89.9056
2010-11-12,5.75,2.25,84.89,8458.420454545456,20.61,1.76,2.05,90.1701
2010-11-15,5.67,2.39,84.88,8458.420454545456,20.2,1.76,2.05,90.4331
2010-11-16,5.89,2.34,82.33,8458.420454545456,22.58,1.76,1.98,91.1102
2010-11-17,5.89,2.39,80.43,8458.420454545456,21.76,1.77,2.05,90.9282
2010-11-18,5.8,2.38,81.88,8458.420454545456,18.75,1.75,2.07,90.649
2010-11-19,5.81,2.36,81.65,8458.420454545456,18.04,1.75,2.11,90.6986
2010-11-22,5.9,2.31,81.24,8458.420454545456,18.37,1.75,2.1,90.7023
2010-11-23,6.04,2.32,80.79,8458.420454545456,20.63,1.77,2.08,91.4318
2010-11-24,5.93,2.4,83.21,8458.420454545456,19.56,1.77,2.13,91.2179
2010-11-25,5.93,2.4,83.21,8458.420454545456,19.56,1.77,2.13,91.2179
2010-11-26,5.94,2.36,83.87,8458.420454545456,22.22,1.76,2.12,91.8152
2010-11-29,6.03,2.32,85.73,8458.420454545456,21.53,1.79,2.11,92.1997
2010-11-30,6.22,2.36,84.12,8458.420454545456,23.54,1.82,2.07,92.1494
2010-12-01,6.02,2.44,86.75,9152.857142857143,21.36,1.81,2.14,91.6799
2010-12-02,5.93,2.46,87.98,9152.857142857143,19.39,1.8,2.17,91.2651
2010-12-03,5.92,2.54,89.18,9152.857142857143,18.01,1.79,2.17,90.8788
2010-12-06,5.95,2.53,89.33,9152.857142857143,18.02,1.79,2.16,91.0167
2010-12-07,5.69,2.61,88.69,9152.857142857143,17.99,1.76,2.23,90.9732
2010-12-08,5.62,2.63,88.3,9152.857142857143,17.74,1.74,2.19,91.3376
2010-12-09,5.6,2.59,88.35,9152.857142857143,17.25,1.72,2.14,91.3923
2010-12-10,5.54,2.68,87.81,9152.857142857143,17.61,1.71,2.16,91.2831
2010-12-13,5.58,2.68,88.62,9152.857142857143,17.55,1.71,2.18,90.8837
2010-12-14,5.42,2.83,88.33,9152.857142857143,17.61,1.7,2.22,90.764
2010-12-15,5.4,2.85,88.66,9152.857142857143,17.94,1.69,2.31,91.094
2010-12-16,5.45,2.81,87.71,9152.857142857143,17.39,1.7,2.32,91.3773
2010-12-17,5.54,2.72,88.02,9152.857142857143,16.11,1.69,2.28,91.5555
2010-12-20,5.52,2.74,88.68,9152.857142857143,16.41,1.69,2.29,91.6398
2010-12-21,5.5,2.72,89.3,9152.857142857143,16.49,1.69,2.29,91.519
2010-12-22,5.45,2.71,89.83,9152.857142857143,15.45,1.68,2.33,91.429
2010-12-23,5.37,2.74,90.84,9152.857142857143,16.47,1.66,2.33,91.3013
2010-12-24,5.37,2.74,90.84,9152.857142857143,16.47,1.66,2.33,91.3013
2010-12-27,5.4,2.65,90.99,9152.857142857143,17.67,1.67,2.3,91.1963
2010-12-28,5.28,2.75,91.48,9152.857142857143,17.52,1.66,2.33,90.9848
2010-12-29,5.4,2.71,91.13,9152.857142857143,17.28,1.67,2.29,90.7669
2010-12-30,5.32,2.72,89.85,9152.857142857143,17.52,1.66,2.3,90.5146
2010-12-31,5.41,2.69,91.38,9152.857142857143,17.75,1.66,2.3,90.5146
2011-01-01,5.41,2.69,91.38,9533.2,17.75,1.66,2.3,90.5146
2011-01-03,5.32,2.75,91.59,9533.2,17.61,1.66,2.31,89.9524
2011-01-04,5.27,2.73,89.39,9533.2,17.38,1.64,2.35,90.3277
2011-01-05,5.11,2.79,90.3,9533.2,17.02,1.63,2.42,90.5715
2011-01-06,5.13,2.76,88.37,9533.2,17.4,1.62,2.41,90.9125
2011-01-07,5.23,2.74,88.07,9533.2,17.14,1.63,2.36,91.0001
2011-01-10,5.28,2.73,89.24,9533.2,17.54,1.64,2.36,91.03
2011-01-11,5.22,2.77,91.11,9533.2,16.89,1.63,2.4,90.8431
2011-01-12,5.17,2.79,91.85,9533.2,16.24,1.63,2.42,90.4111
2011-01-13,5.18,2.75,91.39,9533.2,16.39,1.63,2.37,89.9019
2011-01-14,5.12,2.76,91.53,9533.2,15.46,1.63,2.35,90.0461
2011-01-17,5.12,2.76,91.53,9533.2,15.46,1.62,2.35,90.0461
2011-01-18,5.1,2.79,91.38,9533.2,15.87,1.62,2.4,89.821
2011-01-19,5.11,2.77,90.85,9533.2,17.31,1.61,2.38,89.6948
2011-01-20,5.03,2.82,88.56,9533.2,17.99,1.61,2.25,90.1316
2011-01-21,5.05,2.81,88.22,9533.2,18.47,1.6,2.24,89.7204
2011-01-24,5.03,2.78,86.74,9533.2,17.65,1.59,2.25,89.5375
2011-01-25,5.06,2.73,85.08,9533.2,17.59,1.6,2.24,89.7279
2011-01-26,4.98,2.83,86.15,9533.2,16.64,1.59,2.29,89.5091
2011-01-27,4.99,2.83,84.45,9533.2,16.15,1.59,2.26,89.5728
2011-01-28,5.03,2.82,88.15,9533.2,20.04,1.6,2.27,89.8189
2011-01-31,5.08,2.84,90.99,9533.2,19.53,1.62,2.34,89.694
2011-02-01,4.99,2.87,89.54,9880.9375,17.63,1.61,2.37,89.1436
2011-02-02,4.89,2.85,89.78,9880.9375,17.3,1.59,2.36,89.0737
2011-02-03,4.83,2.87,89.42,9880.9375,16.69,1.58,2.35,89.2522
2011-02-04,4.68,2.91,87.87,9880.9375,15.93,1.55,2.38,89.391
2011-02-07,4.64,2.9,86.3,9880.9375,16.28,1.53,2.36,89.3556
2011-02-08,4.53,2.89,85.85,9880.9375,15.81,1.52,2.36,89.1241
2011-02-09,4.6,2.84,85.59,9880.9375,15.87,1.52,2.31,89.4166
2011-02-10,4.55,2.85,85.44,9880.9375,16.09,1.51,2.31,89.6266
2011-02-11,4.59,2.79,84.39,9880.9375,15.69,1.5,2.28,89.8784
2011-02-14,4.58,2.75,83.66,9880.9375,15.95,1.5,2.28,89.8543
2011-02-15,4.57,2.77,83.13,9880.9375,16.37,1.49,2.28,89.8871
2011-02-16,4.54,2.76,83.8,9880.9375,16.72,1.49,2.25,89.7059
2011-02-17,4.56,2.78,85.05,9880.9375,16.59,1.48,2.27,89.4102
2011-02-18,4.53,2.81,85.03,9880.9375,16.43,1.48,2.34,89.1974
2011-02-21,4.52,2.81,85.03,9880.9375,16.43,1.48,2.34,89.1974
2011-02-22,4.66,2.72,92.65,9880.9375,20.8,1.49,2.34,89.4617
2011-02-23,4.66,2.75,96.04,9880.9375,22.13,1.5,2.39,89.4186
2011-02-24,4.73,2.73,95.83,9880.9375,21.32,1.51,2.41,89.2346
2011-02-25,4.72,2.7,96.52,9880.9375,19.22,1.51,2.4,89.1664
2011-02-28,4.78,2.73,97.1,9880.9375,18.35,1.51,2.39,88.9391
2011-03-01,4.76,2.75,99.63,9503.358695652174,21.01,1.52,2.41,88.831
2011-03-02,4.72,2.77,102.27,9503.358695652174,20.7,1.51,2.45,88.7317
2011-03-03,4.6,2.79,101.92,9503.358695652174,18.6,1.49,2.49,88.637
2011-03-04,4.69,2.81,104.34,9503.358695652174,19.06,1.49,2.49,88.4898
2011-03-07,4.69,2.81,105.37,9503.358695652174,20.66,1.49,2.51,88.5207
2011-03-08,4.64,2.83,105.06,9503.358695652174,19.82,1.48,2.55,88.6454
2011-03-09,4.71,2.78,104.39,9503.358695652174,20.22,1.49,2.5,88.5328
2011-03-10,4.85,2.72,102.73,9503.358695652174,21.88,1.51,2.46,88.8698
2011-03-11,4.88,2.76,101.14,9503.358695652174,20.08,1.51,2.44,88.691
2011-03-14,4.93,2.75,101.2,9503.358695652174,21.13,1.51,2.43,88.5191
2011-03-15,5.09,2.7,97.23,9503.358695652174,24.32,1.55,2.4,88.7845
2011-03-16,5.16,2.64,97.99,9503.358695652174,29.4,1.57,2.37,88.9785
2011-03-17,5.1,2.65,101.47,9503.358695652174,26.37,1.57,2.43,88.6549
2011-03-18,5.02,2.67,101.06,9503.358695652174,24.44,1.55,2.43,88.5221
2011-03-21,4.93,2.67,102.36,9503.358695652174,20.61,1.54,2.44,88.2032
2011-03-22,4.91,2.66,104.53,9503.358695652174,20.21,1.53,2.39,88.0665
2011-03-23,4.91,2.67,105.21,9503.358695652174,19.17,1.53,2.38,88.3328
2011-03-24,4.84,2.7,105.04,9503.358695652174,18.0,1.52,2.47,88.0592
2011-03-25,4.79,2.67,104.89,9503.358695652174,17.91,1.5,2.44,88.1716
2011-03-28,4.76,2.66,103.54,9503.358695652174,19.44,1.5,2.46,88.3058
2011-03-29,4.73,2.69,104.34,9503.358695652174,18.16,1.49,2.47,88.3991
2011-03-30,4.76,2.67,103.8,9503.358695652174,17.71,1.5,2.47,88.2298
2011-03-31,4.77,2.67,106.19,9503.358695652174,17.74,1.5,2.48,88.0299
2011-04-01,4.72,2.66,107.55,9482.75,17.4,1.5,2.52,87.7993
2011-04-04,4.72,2.68,108.14,9482.75,17.5,1.5,2.54,87.8406
2011-04-05,4.65,2.66,107.82,9482.75,17.25,1.48,2.56,87.7483
2011-04-06,4.57,2.71,108.38,9482.75,16.9,1.47,2.57,87.4913
2011-04-07,4.56,2.77,109.82,9482.75,17.11,1.46,2.59,87.532
2011-04-08,4.53,2.76,112.27,9482.75,17.87,1.45,2.64,87.1493
2011-04-11,4.53,2.74,109.5,9482.75,16.59,1.45,2.63,87.094
2011-04-12,4.63,2.75,105.75,9482.75,17.09,1.46,2.62,87.2943
2011-04-13,4.65,2.74,106.6,9482.75,16.92,1.46,2.61,87.2093
2011-04-14,4.6,2.74,107.73,9482.75,16.27,1.46,2.62,87.0802
2011-04-15,4.68,2.72,109.17,9482.75,15.32,1.46,2.61,87.005
2011-04-18,4.74,2.71,106.7,9482.75,16.96,1.47,2.6,87.5081
2011-04-19,4.75,2.71,107.18,9482.75,15.83,1.48,2.63,87.0791
2011-04-20,4.66,2.74,110.84,9482.75,15.07,1.47,2.61,86.5642
2011-04-21,4.65,2.74,111.72,9482.75,14.69,1.46,2.59,86.2256
2011-04-22,4.65,2.74,111.72,9482.75,14.69,1.46,2.59,86.3742
2011-04-25,4.69,2.72,111.68,9482.75,15.77,1.46,2.6,86.4026
2011-04-26,4.71,2.69,111.72,9482.75,15.62,1.46,2.58,86.2576
2011-04-27,4.67,2.74,112.31,9482.75,15.35,1.46,2.58,86.2519
2011-04-28,4.73,2.72,112.38,9482.75,14.62,1.46,2.56,85.8419
2011-04-29,4.71,2.71,113.39,9482.75,14.75,1.46,2.57,85.5999
2011-04-30,4.76,2.71,113.39,9482.75,14.75,1.47,2.57,85.5999
2011-05-01,4.76,2.71,113.39,8931.675,14.75,1.47,2.57,85.5999
2011-05-02,4.74,2.7,113.03,8931.675,15.99,1.48,2.56,85.5199
2011-05-03,4.76,2.67,110.6,8931.675,16.7,1.47,2.55,85.6352
2011-05-04,4.76,2.65,108.79,8931.675,17.08,1.47,2.55,85.8917
2011-05-05,4.8,2.6,99.89,8931.675,18.2,1.48,2.48,86.508
2011-05-06,4.81,2.62,96.87,8931.675,18.4,1.48,2.48,86.4575
2011-05-09,4.82,2.6,100.32,8931.675,17.16,1.48,2.48,86.8346
2011-05-10,4.76,2.64,103.39,8931.675,15.91,1.48,2.49,86.6518
2011-05-11,4.79,2.63,97.88,8931.675,16.95,1.49,2.43,86.7195
2011-05-12,4.77,2.65,98.53,8931.675,16.03,1.49,2.43,87.0767
2011-05-13,4.8,2.61,99.21,8931.675,17.07,1.49,2.39,87.4176
2011-05-16,4.79,2.61,96.91,8931.675,18.24,1.5,2.34,87.3311
2011-05-17,4.82,2.57,96.4,8931.675,17.55,1.5,2.3,87.6307
2011-05-18,4.79,2.6,99.52,8931.675,16.23,1.5,2.36,87.295
2011-05-19,4.8,2.62,97.99,8931.675,15.52,1.5,2.26,87.2638
2011-05-20,4.82,2.6,99.15,8931.675,17.43,1.5,2.3,87.3044
2011-05-23,4.87,2.58,97.06,8931.675,18.27,1.51,2.29,87.8941
2011-05-24,4.89,2.56,99.13,8931.675,17.82,1.51,2.33,87.662
2011-05-25,4.92,2.59,100.78,8931.675,17.07,1.53,2.33,87.6136
2011-05-26,5.01,2.59,100.18,8931.675,16.09,1.54,2.31,87.5588
2011-05-27,5.01,2.59,100.58,8931.675,15.98,1.54,2.28,86.9525
2011-05-30,5.01,2.59,100.58,8931.675,15.98,1.54,2.28,86.9525
2011-05-31,5.09,2.6,102.7,8931.675,15.45,1.56,2.25,86.656
2011-06-01,5.15,2.52,100.3,9066.852272727272,18.3,1.57,2.22,86.5964
2011-06-02,5.15,2.59,100.41,9066.852272727272,18.09,1.59,2.26,86.8435
2011-06-03,5.24,2.57,100.28,9066.852272727272,17.95,1.6,2.24,86.4234
2011-06-06,5.25,2.58,99.07,9066.852272727272,18.49,1.6,2.25,86.4669
2011-06-07,5.28,2.62,99.18,9066.852272727272,18.07,1.6,2.25,86.3627
2011-06-08,5.38,2.59,100.77,9066.852272727272,18.79,1.62,2.22,86.5714
2011-06-09,5.38,2.58,101.95,9066.852272727272,17.77,1.62,2.21,86.5913
2011-06-10,5.43,2.58,99.3,9066.852272727272,18.86,1.62,2.2,87.042
2011-06-13,5.47,2.6,97.2,9066.852272727272,19.61,1.63,2.2,87.0579
2011-06-14,5.37,2.66,99.37,9066.852272727272,18.26,1.62,2.28,86.6771
2011-06-15,5.52,2.6,94.83,9066.852272727272,21.32,1.65,2.24,87.3342
2011-06-16,5.65,2.55,94.95,9066.852272727272,22.73,1.66,2.2,87.6917
2011-06-17,5.64,2.56,93.02,9066.852272727272,21.85,1.66,2.19,87.2179
2011-06-20,5.67,2.59,93.23,9066.852272727272,19.99,1.67,2.18,87.1908
2011-06-21,5.65,2.59,93.7,9066.852272727272,18.86,1.66,2.21,86.857
2011-06-22,5.62,2.62,94.96,9066.852272727272,18.52,1.67,2.19,86.8067
2011-06-23,5.75,2.58,90.7,9066.852272727272,19.29,1.69,2.22,87.455
2011-06-24,5.8,2.53,90.89,9066.852272727272,21.1,1.7,2.24,87.5014
2011-06-27,5.78,2.54,90.65,9066.852272727272,20.56,1.71,2.28,87.5225
2011-06-28,5.65,2.57,92.9,9066.852272727272,19.17,1.69,2.32,87.2178
2011-06-29,5.53,2.67,94.85,9066.852272727272,17.27,1.67,2.4,86.8014
2011-06-30,5.42,2.73,95.3,9066.852272727272,16.52,1.64,2.43,86.4786
2011-07-01,5.34,2.72,94.81,9650.464285714286,15.87,1.61,2.45,86.3613
2011-07-04,5.34,2.72,94.81,9650.464285714286,15.87,1.61,2.45,86.3613
2011-07-05,5.37,2.72,96.92,9650.464285714286,16.06,1.62,2.39,86.4253
2011-07-06,5.41,2.69,96.67,9650.464285714286,16.34,1.63,2.38,86.6825
2011-07-07,5.27,2.68,98.7,9650.464285714286,15.95,1.61,2.42,86.4825
2011-07-08,5.39,2.63,96.2,9650.464285714286,15.95,1.62,2.34,86.615
2011-07-11,5.56,2.57,95.16,9650.464285714286,18.39,1.64,2.31,87.1013
2011-07-12,5.6,2.55,97.41,9650.464285714286,19.87,1.66,2.32,87.1701
2011-07-13,5.57,2.55,98.04,9650.464285714286,19.91,1.66,2.33,86.5697
2011-07-14,5.49,2.6,95.75,9650.464285714286,20.8,1.65,2.3,86.5234
2011-07-15,5.51,2.57,97.24,9650.464285714286,19.53,1.67,2.33,86.5169
2011-07-18,5.54,2.57,95.94,9650.464285714286,20.95,1.68,2.36,86.9549
2011-07-19,5.54,2.52,97.49,9650.464285714286,19.21,1.68,2.37,86.4386
2011-07-20,5.46,2.56,98.11,9650.464285714286,19.09,1.68,2.34,86.2794
2011-07-21,5.36,2.63,98.96,9650.464285714286,17.56,1.67,2.35,85.8378
2011-07-22,5.35,2.59,99.53,9650.464285714286,17.52,1.66,2.38,85.8623
2011-07-25,5.33,2.61,98.97,9650.464285714286,19.35,1.66,2.45,85.8006
2011-07-26,5.35,2.58,99.61,9650.464285714286,20.23,1.65,2.42,85.4692
2011-07-27,5.32,2.57,97.4,9650.464285714286,22.98,1.65,2.45,85.7126
2011-07-28,5.37,2.56,97.48,9650.464285714286,23.74,1.64,2.46,85.8245
2011-07-29,5.51,2.46,95.68,9650.464285714286,25.25,1.65,2.44,85.7282
2011-07-31,5.58,2.46,95.68,9650.464285714286,25.25,1.66,2.44,85.7282
2011-08-01,5.63,2.39,94.98,8997.988636363636,23.66,1.66,2.44,86.0391
2011-08-02,5.8,2.33,93.78,8997.988636363636,24.79,1.68,2.37,86.0533
2011-08-03,5.87,2.31,91.87,8997.988636363636,23.38,1.68,2.28,86.0706
2011-08-04,6.16,2.2,86.75,8997.988636363636,31.66,1.73,2.23,86.9299
2011-08-05,6.24,2.3,86.89,8997.988636363636,32.0,1.74,2.26,87.1084
2011-08-08,6.84,2.13,81.27,8997.988636363636,48.0,1.9,2.2,87.1873
2011-08-09,7.19,2.01,79.32,8997.988636363636,35.06,1.96,2.2,87.3919
2011-08-10,7.3,1.98,83.05,8997.988636363636,42.99,2.01,2.3,87.3792
2011-08-11,7.39,2.15,85.48,8997.988636363636,39.0,2.09,2.28,87.3215
2011-08-12,7.3,2.04,85.19,8997.988636363636,36.36,2.08,2.26,87.177
2011-08-15,7.1,2.1,87.88,8997.988636363636,31.87,2.09,2.23,86.7515
2011-08-16,7.11,2.03,86.65,8997.988636363636,32.85,2.09,2.18,86.7115
2011-08-17,7.08,1.98,87.58,8997.988636363636,31.58,2.09,2.16,86.5518
2011-08-18,7.23,1.88,82.38,8997.988636363636,42.67,2.14,1.99,87.1271
2011-08-19,7.3,1.87,82.33,8997.988636363636,43.05,2.17,2.05,86.8286
2011-08-22,7.32,1.88,84.42,8997.988636363636,42.44,2.17,2.07,87.0753
2011-08-23,7.46,1.93,85.35,8997.988636363636,36.27,2.24,2.02,86.9001
2011-08-24,7.45,2.06,84.99,8997.988636363636,35.9,2.27,2.04,87.1316
2011-08-25,7.43,2.01,85.15,8997.988636363636,39.76,2.25,2.1,87.2306
2011-08-26,7.5,1.99,85.37,8997.988636363636,35.59,2.27,2.04,87.0751
2011-08-29,7.39,2.08,87.27,8997.988636363636,32.28,2.27,2.06,86.8433
2011-08-30,7.39,1.99,88.9,8997.988636363636,32.89,2.25,2.05,87.001
2011-08-31,7.3,2.03,88.81,8997.988636363636,31.62,2.21,2.05,86.7739
2011-09-01,7.26,1.96,88.93,8300.136363636364,31.82,2.2,2.08,86.8512
2011-09-02,7.33,1.82,86.45,8300.136363636364,33.92,2.21,2.02,87.1797
2011-09-05,7.34,1.82,86.45,8300.136363636364,33.92,2.21,2.02,87.1797
2011-09-06,7.54,1.77,85.99,8300.136363636364,37.0,2.24,1.93,88.1645
2011-09-07,7.41,1.84,89.34,8300.136363636364,33.38,2.24,1.96,87.9699
2011-09-08,7.42,1.81,89.05,8300.136363636364,34.32,2.24,2.0,88.1162
2011-09-09,7.51,1.76,87.24,8300.136363636364,38.52,2.27,1.96,88.9514
2011-09-12,7.64,1.73,88.19,8300.136363636364,38.59,2.32,1.94,89.2192
2011-09-13,7.62,1.79,90.21,8300.136363636364,36.91,2.33,1.93,89.2653
2011-09-14,7.55,1.84,88.91,8300.136363636364,34.6,2.33,1.91,89.419
2011-09-15,7.49,1.88,89.4,8300.136363636364,31.97,2.33,1.96,89.0647
2011-09-16,7.46,1.9,87.96,8300.136363636364,30.98,2.32,1.95,89.1108
2011-09-19,7.61,1.81,85.7,8300.136363636364,32.73,2.36,1.88,89.9336
2011-09-20,7.59,1.77,86.92,8300.136363636364,32.86,2.36,1.91,89.8777
2011-09-21,7.61,1.67,85.77,8300.136363636364,37.32,2.38,1.86,90.3453
2011-09-22,7.95,1.52,80.29,8300.136363636364,41.35,2.51,1.71,92.075
2011-09-23,8.01,1.61,79.58,8300.136363636364,41.25,2.55,1.74,91.6904
2011-09-26,8.0,1.66,79.97,8300.136363636364,39.02,2.55,1.79,91.7724
2011-09-27,7.92,1.75,84.18,8300.136363636364,37.71,2.53,1.88,90.8985
2011-09-28,8.03,1.76,80.94,8300.136363636364,41.08,2.54,1.87,91.0227
2011-09-29,8.16,1.72,81.87,8300.136363636364,38.84,2.54,1.82,91.3033
2011-09-30,8.41,1.67,78.93,8300.136363636364,42.96,2.57,1.75,91.9998
2011-10-01,8.41,1.67,78.93,7394.190476190476,42.96,2.57,1.75,91.9998
2011-10-03,8.72,1.56,77.34,7394.190476190476,45.45,2.62,1.73,92.5128
2011-10-04,9.1,1.56,75.4,7394.190476190476,40.82,2.72,1.76,92.9508
2011-10-05,8.98,1.67,79.41,7394.190476190476,37.81,2.72,1.8,92.3008
2011-10-06,8.72,1.72,82.32,7394.190476190476,36.27,2.7,1.88,91.9661
2011-10-07,8.55,1.8,82.7,7394.190476190476,36.2,2.65,1.94,91.2469
2011-10-10,8.56,1.8,85.14,7394.190476190476,33.02,2.65,1.94,91.2469
2011-10-11,8.34,1.86,85.54,7394.190476190476,32.86,2.6,1.95,90.9162
2011-10-12,8.07,1.95,85.3,7394.190476190476,31.26,2.55,1.98,90.3378
2011-10-13,8.05,1.9,83.96,7394.190476190476,30.7,2.54,1.92,90.6603
2011-10-14,7.89,1.98,86.8,7394.190476190476,28.24,2.51,1.98,90.2116
2011-10-17,7.88,1.9,86.38,7394.190476190476,33.39,2.49,1.94,90.266
2011-10-18,7.87,1.91,88.34,7394.190476190476,31.56,2.49,1.97,90.5907
2011-10-19,7.7,1.9,86.11,7394.190476190476,34.44,2.43,1.95,90.3317
2011-10-20,7.64,1.92,86.07,7394.190476190476,34.78,2.42,1.98,91.1026
2011-10-21,7.46,1.93,87.19,7394.190476190476,31.32,2.38,2.0,90.279
2011-10-24,7.31,1.95,91.12,7394.190476190476,29.26,2.34,2.02,89.8558
2011-10-25,7.29,1.88,92.98,7394.190476190476,32.22,2.32,2.02,89.9525
2011-10-26,7.2,1.95,90.2,7394.190476190476,29.86,2.31,2.08,90.0836
2011-10-27,6.83,2.11,93.96,7394.190476190476,25.46,2.19,2.18,88.7882
2011-10-28,6.85,2.06,93.32,7394.190476190476,24.53,2.17,2.15,88.6382
2011-10-31,7.07,1.92,93.19,7394.190476190476,29.96,2.22,2.09,89.2053
2011-11-01,7.42,1.78,92.19,7581.022727272727,34.77,2.29,2.05,90.7296
2011-11-02,7.35,1.8,92.51,7581.022727272727,32.74,2.28,2.1,90.244
2011-11-03,7.25,1.85,94.07,7581.022727272727,30.5,2.27,2.09,90.2961
2011-11-04,7.26,1.84,94.26,7581.022727272727,30.16,2.28,2.12,90.3154
2011-11-07,7.29,1.79,95.52,7581.022727272727,29.85,2.29,2.14,90.3832
2011-11-08,7.23,1.85,96.8,7581.022727272727,27.48,2.3,2.13,90.172
2011-11-09,7.48,1.76,95.74,7581.022727272727,36.16,2.36,2.04,90.6991
2011-11-10,7.46,1.8,97.78,7581.022727272727,32.81,2.37,2.08,90.8588
2011-11-11,7.46,1.8,98.99,7581.022727272727,30.04,2.37,2.08,90.8588
2011-11-14,7.44,1.8,98.14,7581.022727272727,31.13,2.39,2.05,90.7215
2011-11-15,7.49,1.8,99.37,7581.022727272727,31.22,2.41,2.02,91.1081
2011-11-16,7.54,1.75,102.59,7581.022727272727,33.51,2.44,1.96,91.1237
2011-11-17,7.62,1.69,98.82,7581.022727272727,34.51,2.48,1.9,91.1822
2011-11-18,7.61,1.72,97.67,7581.022727272727,32.0,2.49,1.96,91.3676
2011-11-21,7.79,1.7,96.73,7581.022727272727,32.91,2.55,1.9,91.9978
2011-11-22,7.9,1.68,97.76,7581.022727272727,31.97,2.61,1.89,92.0193
2011-11-23,8.03,1.63,96.16,7581.022727272727,33.98,2.64,1.9,92.7463
2011-11-24,8.03,1.63,96.16,7581.022727272727,33.98,2.64,1.9,92.7463
2011-11-25,8.0,1.69,96.91,7581.022727272727,34.47,2.65,1.92,93.1455
2011-11-28,7.95,1.71,98.21,7581.022727272727,32.13,2.66,1.95,92.4983
2011-11-29,7.95,1.73,99.79,7581.022727272727,30.64,2.67,1.99,92.2163
2011-11-30,7.79,1.83,100.36,7581.022727272727,27.8,2.66,2.05,91.4728
2011-12-01,7.69,1.84,100.2,7558.875,27.41,2.64,2.05,91.227
2011-12-02,7.65,1.8,100.97,7558.875,27.52,2.6,2.05,91.3532
2011-12-05,7.56,1.77,100.94,7558.875,27.84,2.56,2.05,91.1087
2011-12-06,7.5,1.83,101.25,7558.875,28.13,2.56,2.07,91.2817
2011-12-07,7.54,1.78,100.45,7558.875,28.67,2.56,2.03,91.2331
2011-12-08,7.56,1.77,98.35,7558.875,30.59,2.58,1.98,91.668
2011-12-09,7.53,1.85,99.4,7558.875,26.38,2.59,2.02,91.6122
2011-12-12,7.6,1.79,97.77,7558.875,25.67,2.61,2.04,92.3375
2011-12-13,7.6,1.72,100.24,7558.875,25.41,2.61,2.01,92.5456
2011-12-14,7.63,1.67,94.92,7558.875,26.04,2.62,1.96,93.2176
2011-12-15,7.62,1.66,93.84,7558.875,25.11,2.62,1.93,92.8858
2011-12-16,7.65,1.62,93.55,7558.875,24.29,2.62,1.91,92.8252
2011-12-19,7.65,1.58,93.86,7558.875,24.92,2.62,1.94,92.8685
2011-12-20,7.54,1.68,97.16,7558.875,23.22,2.62,2.04,92.432
2011-12-21,7.49,1.7,98.54,7558.875,21.43,2.62,2.05,92.5262
2011-12-22,7.45,1.69,99.42,7558.875,21.16,2.6,2.04,92.3883
2011-12-23,7.37,1.75,99.72,7558.875,20.73,2.6,2.07,92.3897
2011-12-27,7.37,1.72,101.29,7558.875,21.91,2.6,2.04,92.4137
2011-12-28,7.4,1.65,99.44,7558.875,23.52,2.58,2.0,92.8374
2011-12-29,7.36,1.63,99.68,7558.875,22.65,2.57,1.96,92.7398
2011-12-30,7.38,1.64,98.83,7558.875,23.4,2.56,1.96,92.4262
2011-12-31,7.23,1.64,98.83,7558.875,23.4,2.57,1.96,92.4262
2012-01-01,7.23,1.64,98.83,8061.916666666667,23.4,2.57,1.96,92.4262
2012-01-03,7.06,1.7,102.96,8061.916666666667,22.97,2.54,2.01,91.7551
2012-01-04,7.0,1.75,103.22,8061.916666666667,22.22,2.53,2.08,92.0345
2012-01-05,7.0,1.75,101.81,8061.916666666667,21.48,2.52,2.12,92.5773
2012-01-06,7.0,1.73,101.56,8061.916666666667,20.63,2.51,2.09,92.7183
2012-01-09,6.99,1.72,101.31,8061.916666666667,21.07,2.5,2.11,92.7418
2012-01-10,6.92,1.76,102.24,8061.916666666667,20.69,2.48,2.08,92.2461
2012-01-11,6.98,1.69,100.89,8061.916666666667,21.05,2.49,2.03,92.554
2012-01-12,6.93,1.72,99.03,8061.916666666667,20.47,2.47,2.04,92.2274
2012-01-13,7.02,1.65,98.69,8061.916666666667,20.91,2.48,2.03,92.5385
2012-01-16,6.98,1.65,98.69,8061.916666666667,20.91,2.47,2.03,92.5385
2012-01-17,6.99,1.66,100.7,8061.916666666667,22.2,2.46,2.04,92.0142
2012-01-18,6.93,1.68,100.61,8061.916666666667,20.89,2.44,2.07,91.6943
2012-01-19,6.77,1.75,100.32,8061.916666666667,19.87,2.4,2.01,91.3316
2012-01-20,6.69,1.79,98.15,8061.916666666667,18.28,2.38,2.04,91.3661
2012-01-23,6.62,1.83,99.47,8061.916666666667,18.67,2.34,2.07,90.986
2012-01-24,6.62,1.84,98.84,8061.916666666667,18.91,2.33,2.09,91.181
2012-01-25,6.63,1.79,99.23,8061.916666666667,18.31,2.32,2.13,91.277
2012-01-26,6.58,1.74,99.76,8061.916666666667,18.57,2.29,2.12,90.3962
2012-01-27,6.57,1.71,99.47,8061.916666666667,18.53,2.28,2.11,90.2559
2012-01-30,6.65,1.65,98.75,8061.916666666667,19.4,2.28,2.11,90.4762
2012-01-31,6.61,1.61,98.46,8061.916666666667,19.44,2.29,2.11,90.5538
2012-02-01,6.54,1.64,97.63,8441.488095238095,18.55,2.27,2.15,90.0963
2012-02-02,6.55,1.63,96.36,8441.488095238095,17.98,2.25,2.16,89.8765
2012-02-03,6.42,1.74,97.8,8441.488095238095,17.1,2.2,2.18,89.8491
2012-02-06,6.44,1.69,96.89,8441.488095238095,17.76,2.19,2.19,89.7907
2012-02-07,6.36,1.75,98.55,8441.488095238095,17.65,2.17,2.21,89.5968
2012-02-08,6.29,1.74,98.8,8441.488095238095,18.16,2.15,2.22,89.6555
2012-02-09,6.26,1.77,99.88,8441.488095238095,18.63,2.13,2.21,89.6246
2012-02-10,6.35,1.69,98.68,8441.488095238095,20.79,2.15,2.2,90.1024
2012-02-13,6.27,1.7,100.39,8441.488095238095,19.04,2.14,2.21,89.8895
2012-02-14,6.27,1.63,100.82,8441.488095238095,19.54,2.13,2.19,90.1919
2012-02-15,6.27,1.64,101.82,8441.488095238095,21.14,2.14,2.19,90.1932
2012-02-16,6.26,1.7,102.33,8441.488095238095,19.22,2.15,2.23,90.3109
2012-02-17,6.2,1.72,103.27,8441.488095238095,17.78,2.12,2.24,90.23
2012-02-20,6.2,1.72,103.27,8441.488095238095,17.78,2.12,2.24,90.23
2012-02-21,6.14,1.74,105.88,8441.488095238095,18.19,2.11,2.27,90.0117
2012-02-22,6.15,1.72,105.99,8441.488095238095,18.19,2.1,2.28,90.2472
2012-02-23,6.11,1.68,107.44,8441.488095238095,16.8,2.1,2.29,90.1108
2012-02-24,6.01,1.67,109.39,8441.488095238095,17.31,2.08,2.27,89.9104
2012-02-27,6.05,1.62,108.49,8441.488095238095,18.19,2.08,2.24,89.9635
2012-02-28,6.01,1.64,106.59,8441.488095238095,17.96,2.06,2.25,89.8103
2012-02-29,5.98,1.68,107.08,8441.488095238095,18.43,2.03,2.26,89.7487
2012-03-01,5.94,1.73,108.76,8470.784090909092,17.26,2.01,2.26,89.7817
2012-03-02,5.97,1.71,106.68,8470.784090909092,17.29,2.0,2.23,90.135
2012-03-05,6.01,1.69,106.7,8470.784090909092,18.05,2.0,2.2,90.2748
2012-03-06,6.25,1.66,104.71,8470.784090909092,20.87,2.03,2.17,90.8237
2012-03-07,6.18,1.68,106.16,8470.784090909092,19.07,2.03,2.2,90.6837
2012-03-08,6.11,1.71,106.65,8470.784090909092,17.95,2.02,2.24,90.2598
2012-03-09,6.09,1.71,107.4,8470.784090909092,17.11,2.01,2.28,90.4341
2012-03-12,6.06,1.71,106.34,8470.784090909092,15.64,2.0,2.28,90.6643
2012-03-13,5.97,1.79,106.7,8470.784090909092,14.8,1.98,2.34,90.5363
2012-03-14,5.83,1.89,105.49,8470.784090909092,15.31,1.94,2.36,90.9325
2012-03-15,5.87,1.92,105.19,8470.784090909092,15.42,1.93,2.37,90.7866
2012-03-16,5.86,1.94,107.03,8470.784090909092,14.47,1.91,2.4,90.5245
2012-03-19,5.79,2.0,108.09,8470.784090909092,15.04,1.9,2.42,90.292
2012-03-20,5.8,1.97,105.68,8470.784090909092,15.58,1.89,2.42,90.6065
2012-03-21,5.85,1.92,106.87,8470.784090909092,15.13,1.89,2.39,90.6761
2012-03-22,5.91,1.92,104.98,8470.784090909092,15.57,1.91,2.37,90.8225
2012-03-23,5.93,1.88,106.43,8470.784090909092,14.82,1.91,2.36,90.6156
2012-03-26,5.91,1.9,107.07,8470.784090909092,14.26,1.91,2.34,90.3266
2012-03-27,5.93,1.87,107.32,8470.784090909092,15.59,1.91,2.33,90.2796
2012-03-28,5.93,1.87,105.4,8470.784090909092,15.47,1.92,2.32,90.603
2012-03-29,6.02,1.85,102.79,8470.784090909092,15.48,1.93,2.31,90.7285
2012-03-30,5.95,1.9,103.03,8470.784090909092,15.5,1.92,2.32,90.4593
2012-03-31,5.99,1.9,103.03,8470.784090909092,15.5,1.92,2.32,90.4593
2012-04-01,5.99,1.9,103.03,8285.526315789473,15.5,1.92,2.32,90.4593
2012-04-02,5.99,1.89,105.25,8285.526315789473,15.64,1.92,2.36,90.247
2012-04-03,5.91,1.94,104.02,8285.526315789473,15.66,1.92,2.36,90.1921
2012-04-04,5.99,1.9,101.53,8285.526315789473,16.44,1.94,2.3,90.8284
2012-04-05,6.05,1.84,103.29,8285.526315789473,16.7,1.96,2.27,90.8781
2012-04-06,6.05,1.75,103.29,8285.526315789473,16.7,1.96,2.23,90.9375
2012-04-09,6.24,1.74,102.45,8285.526315789473,18.81,1.99,2.23,90.9624
2012-04-10,6.32,1.73,101.12,8285.526315789473,20.39,2.02,2.25,91.2728
2012-04-11,6.3,1.75,102.66,8285.526315789473,20.02,2.03,2.3,91.1768
2012-04-12,6.24,1.79,103.69,8285.526315789473,17.2,2.01,2.3,90.7694
2012-04-13,6.26,1.75,102.84,8285.526315789473,19.55,2.02,2.27,91.0558
2012-04-16,6.23,1.73,102.92,8285.526315789473,19.55,2.02,2.26,91.2355
2012-04-17,6.16,1.76,104.23,8285.526315789473,18.46,2.01,2.29,90.7661
2012-04-18,6.16,1.73,102.65,8285.526315789473,18.64,2.02,2.26,90.9326
2012-04-19,6.17,1.71,102.38,8285.526315789473,18.36,2.01,2.19,91.0833
2012-04-20,6.14,1.7,103.58,8285.526315789473,17.44,2.02,2.23,90.8066
2012-04-23,6.2,1.69,102.68,8285.526315789473,18.97,2.03,2.22,91.079
2012-04-24,6.14,1.73,103.1,8285.526315789473,18.1,2.03,2.25,90.8153
2012-04-25,6.05,1.75,103.72,8285.526315789473,16.82,2.02,2.25,90.756
2012-04-26,6.06,1.72,104.56,8285.526315789473,16.24,2.02,2.27,90.6428
2012-04-27,6.02,1.7,104.86,8285.526315789473,16.32,2.02,2.26,90.3269
2012-04-30,6.04,1.68,104.89,8285.526315789473,17.15,2.03,2.25,90.3634
2012-05-01,5.96,1.71,106.17,7896.909090909091,16.6,2.02,2.26,90.3227
2012-05-02,5.96,1.69,105.25,7896.909090909091,16.88,2.01,2.24,90.6144
2012-05-03,5.92,1.68,102.56,7896.909090909091,17.56,2.0,2.23,90.6839
2012-05-04,5.94,1.64,98.49,7896.909090909091,19.16,2.0,2.21,91.0497
2012-05-07,5.95,1.65,97.86,7896.909090909091,18.94,2.01,2.19,91.0747
2012-05-08,6.0,1.61,97.13,7896.909090909091,19.05,2.02,2.16,91.4107
2012-05-09,6.04,1.6,96.8,7896.909090909091,20.08,2.03,2.14,91.7632
2012-05-10,6.0,1.62,97.1,7896.909090909091,18.83,2.03,2.14,91.7077
2012-05-11,6.02,1.57,96.03,7896.909090909091,19.89,2.04,2.12,91.7306
2012-05-14,6.11,1.49,94.75,7896.909090909091,21.87,2.08,2.11,92.2491
2012-05-15,6.15,1.47,93.97,7896.909090909091,21.97,2.09,2.12,92.5235
2012-05-16,6.22,1.46,92.78,7896.909090909091,22.27,2.13,2.09,92.903
2012-05-17,6.44,1.38,92.53,7896.909090909091,24.49,2.18,2.05,92.9632
2012-05-18,6.52,1.39,91.51,7896.909090909091,25.1,2.23,2.1,93.1395
2012-05-21,6.63,1.45,92.57,7896.909090909091,22.01,2.24,2.16,93.0945
2012-05-22,6.55,1.49,91.44,7896.909090909091,22.48,2.23,2.17,93.1113
2012-05-23,6.66,1.45,89.4,7896.909090909091,22.33,2.25,2.14,93.8855
2012-05-24,6.62,1.48,90.36,7896.909090909091,21.54,2.25,2.14,93.8027
2012-05-25,6.63,1.45,90.64,7896.909090909091,21.76,2.24,2.13,93.9488
2012-05-28,6.63,1.45,90.64,7896.909090909091,21.76,2.24,2.13,93.9488
2012-05-29,6.59,1.44,90.75,7896.909090909091,21.03,2.23,2.11,93.875
2012-05-30,6.71,1.36,87.79,7896.909090909091,24.14,2.26,2.08,94.302
2012-05-31,6.96,1.32,86.52,7896.909090909091,24.06,2.29,2.09,94.6856
2012-06-01,7.16,1.22,83.17,7428.289473684211,26.66,2.33,2.06,94.6979
2012-06-04,7.17,1.28,83.95,7428.289473684211,26.12,2.33,2.09,94.5184
2012-06-05,7.23,1.32,84.31,7428.289473684211,24.68,2.33,2.13,94.6184
2012-06-06,7.06,1.4,85.05,7428.289473684211,22.16,2.3,2.16,94.0362
2012-06-07,6.95,1.39,84.78,7428.289473684211,21.72,2.27,2.15,93.774
2012-06-08,6.95,1.37,84.08,7428.289473684211,21.23,2.26,2.15,94.2024
2012-06-11,6.9,1.33,82.58,7428.289473684211,23.56,2.25,2.13,94.0369
2012-06-12,6.9,1.37,83.35,7428.289473684211,22.09,2.26,2.15,94.0693
2012-06-13,6.91,1.31,82.56,7428.289473684211,24.27,2.26,2.12,93.8309
2012-06-14,6.85,1.34,83.83,7428.289473684211,21.68,2.25,2.11,93.8152
2012-06-15,6.84,1.31,84.03,7428.289473684211,21.11,2.24,2.14,93.5203
2012-06-18,6.81,1.3,83.26,7428.289473684211,18.32,2.24,2.13,93.6431
2012-06-19,6.65,1.34,83.99,7428.289473684211,18.38,2.21,2.17,93.0524
2012-06-20,6.54,1.33,81.06,7428.289473684211,17.24,2.2,2.16,93.1602
2012-06-21,6.52,1.31,77.91,7428.289473684211,20.08,2.18,2.1,93.6378
2012-06-22,6.52,1.38,79.33,7428.289473684211,18.11,2.17,2.11,93.9205
2012-06-25,6.6,1.32,78.76,7428.289473684211,20.38,2.18,2.1,94.1757
2012-06-26,6.57,1.35,79.34,7428.289473684211,19.72,2.18,2.11,93.9859
2012-06-27,6.52,1.34,80.27,7428.289473684211,19.45,2.18,2.1,93.8728
2012-06-28,6.52,1.29,77.72,7428.289473684211,19.71,2.19,2.08,94.0203
2012-06-29,6.36,1.34,85.04,7428.289473684211,17.08,2.15,2.13,92.9096
2012-06-30,6.44,1.34,85.04,7428.289473684211,17.08,2.15,2.13,92.9096
2012-07-01,6.44,1.34,85.04,7584.261363636364,17.08,2.15,2.13,92.9096
2012-07-02,6.45,1.31,83.72,7584.261363636364,16.8,2.13,2.11,92.951
2012-07-03,6.39,1.35,87.74,7584.261363636364,16.66,2.12,2.13,92.6508
2012-07-04,6.38,1.35,87.74,7584.261363636364,16.66,2.12,2.13,92.6508
2012-07-05,6.4,1.34,87.11,7584.261363636364,17.5,2.11,2.13,93.2211
2012-07-06,6.44,1.3,84.37,7584.261363636364,17.1,2.11,2.1,93.7087
2012-07-09,6.44,1.26,85.93,7584.261363636364,17.98,2.11,2.1,93.6974
2012-07-10,6.4,1.26,83.92,7584.261363636364,18.72,2.1,2.12,93.5552
2012-07-11,6.37,1.27,85.88,7584.261363636364,17.95,2.09,2.11,93.5981
2012-07-12,6.41,1.25,86.02,7584.261363636364,18.33,2.09,2.08,93.9298
2012-07-13,6.41,1.27,87.15,7584.261363636364,16.74,2.07,2.11,93.5515
2012-07-16,6.39,1.26,88.41,7584.261363636364,17.11,2.05,2.11,93.3746
2012-07-17,6.36,1.28,89.07,7584.261363636364,16.48,2.03,2.12,93.3479
2012-07-18,6.33,1.3,89.88,7584.261363636364,16.16,2.01,2.12,93.0973
2012-07-19,6.25,1.32,92.78,7584.261363636364,15.45,1.98,2.16,93.0438
2012-07-20,6.28,1.27,91.56,7584.261363636364,16.27,1.99,2.16,93.3653
2012-07-23,6.38,1.25,87.77,7584.261363636364,18.62,2.01,2.15,93.9297
2012-07-24,6.4,1.22,88.28,7584.261363636364,20.47,2.01,2.12,94.2635
2012-07-25,6.4,1.21,88.8,7584.261363636364,19.34,2.01,2.1,94.0564
2012-07-26,6.35,1.22,89.4,7584.261363636364,17.53,2.0,2.11,93.3595
2012-07-27,6.22,1.33,90.13,7584.261363636364,16.7,1.95,2.19,92.9333
2012-07-30,6.2,1.3,89.8,7584.261363636364,18.03,1.94,2.17,93.0524
2012-07-31,6.16,1.28,88.08,7584.261363636364,18.93,1.94,2.2,92.8422
2012-08-01,6.1,1.32,88.99,7510.431818181818,18.96,1.93,2.23,92.8905
2012-08-02,6.13,1.27,87.22,7510.431818181818,17.57,1.94,2.2,93.4269
2012-08-03,6.01,1.36,91.4,7510.431818181818,15.64,1.92,2.26,92.6048
2012-08-06,6.0,1.35,92.3,7510.431818181818,15.95,1.9,2.27,92.4339
2012-08-07,5.91,1.39,93.68,7510.431818181818,15.99,1.89,2.31,92.5128
2012-08-08,5.89,1.39,93.39,7510.431818181818,15.32,1.88,2.29,92.5407
2012-08-09,5.91,1.4,93.39,7510.431818181818,15.28,1.88,2.27,92.6057
2012-08-10,5.98,1.38,92.94,7510.431818181818,14.74,1.87,2.25,92.5129
2012-08-13,5.96,1.38,92.76,7510.431818181818,13.7,1.88,2.23,92.5955
2012-08-14,5.92,1.46,93.4,7510.431818181818,14.85,1.86,2.26,92.6152
2012-08-15,5.88,1.53,94.35,7510.431818181818,14.63,1.86,2.25,92.6838
2012-08-16,5.89,1.54,95.66,7510.431818181818,14.29,1.86,2.25,92.5737
2012-08-17,5.89,1.52,96.0,7510.431818181818,13.45,1.85,2.24,92.711
2012-08-20,5.86,1.53,96.03,7510.431818181818,14.02,1.84,2.25,92.6263
2012-08-21,5.83,1.49,96.55,7510.431818181818,15.02,1.84,2.25,92.3053
2012-08-22,5.88,1.45,96.89,7510.431818181818,15.11,1.84,2.26,92.4362
2012-08-23,5.89,1.42,95.87,7510.431818181818,15.96,1.84,2.3,92.1057
2012-08-24,5.87,1.4,95.78,7510.431818181818,15.18,1.84,2.28,92.2785
2012-08-27,5.87,1.37,95.54,7510.431818181818,16.35,1.84,2.29,92.3135
2012-08-28,5.88,1.37,96.3,7510.431818181818,16.49,1.84,2.32,92.2033
2012-08-29,5.84,1.39,95.5,7510.431818181818,17.06,1.84,2.3,92.3823
2012-08-30,5.86,1.36,94.61,7510.431818181818,17.83,1.85,2.26,92.6239
2012-08-31,5.98,1.35,96.47,7510.431818181818,17.47,1.86,2.25,92.1677
2012-09-01,5.98,1.35,96.47,8087.7425,17.47,1.86,2.25,92.1677
2012-09-03,5.98,1.35,96.47,8087.7425,17.47,1.86,2.25,92.1677
2012-09-04,5.94,1.36,95.34,8087.7425,17.98,1.85,2.27,92.1582
2012-09-05,5.91,1.35,95.37,8087.7425,17.74,1.85,2.29,92.1262
2012-09-06,5.8,1.41,95.58,8087.7425,15.6,1.83,2.31,91.8973
2012-09-07,5.74,1.42,96.41,8087.7425,14.38,1.81,2.35,91.3469
2012-09-10,5.68,1.43,96.52,8087.7425,16.28,1.8,2.36,91.3102
2012-09-11,5.64,1.45,97.03,8087.7425,16.41,1.79,2.38,91.0575
2012-09-12,5.51,1.52,97.02,8087.7425,15.8,1.77,2.38,91.0477
2012-09-13,5.5,1.51,98.3,8087.7425,14.05,1.76,2.47,90.9632
2012-09-14,5.3,1.61,98.94,8087.7425,14.51,1.7,2.64,90.1436
2012-09-17,5.32,1.6,96.51,8087.7425,14.59,1.68,2.59,90.2837
2012-09-18,5.33,1.57,95.25,8087.7425,14.18,1.68,2.55,90.5029
2012-09-19,5.34,1.52,91.97,8087.7425,13.88,1.67,2.54,90.4646
2012-09-20,5.38,1.53,92.14,8087.7425,14.07,1.68,2.5,90.7631
2012-09-21,5.42,1.5,92.64,8087.7425,13.98,1.67,2.48,90.5342
2012-09-24,5.5,1.47,91.68,8087.7425,14.15,1.67,2.47,90.8263
2012-09-25,5.56,1.43,91.07,8087.7425,15.43,1.68,2.44,90.6074
2012-09-26,5.8,1.38,89.92,8087.7425,16.81,1.7,2.41,91.0028
2012-09-27,5.73,1.41,91.89,8087.7425,14.84,1.7,2.44,90.7538
2012-09-28,5.72,1.42,92.18,8087.7425,15.73,1.68,2.42,90.8342
2012-09-30,5.74,1.42,92.18,8087.7425,15.73,1.69,2.42,90.8342
2012-10-01,5.71,1.39,92.44,8062.032608695652,16.32,1.68,2.42,90.7011
2012-10-02,5.72,1.41,91.88,8062.032608695652,15.71,1.67,2.47,90.644
2012-10-03,5.68,1.41,88.19,8062.032608695652,15.43,1.67,2.47,90.8726
2012-10-04,5.62,1.47,91.69,8062.032608695652,14.55,1.64,2.56,90.4932
2012-10-05,5.55,1.48,89.87,8062.032608695652,14.33,1.62,2.57,90.2851
2012-10-08,5.54,1.48,89.43,8062.032608695652,15.11,1.61,2.57,90.2851
2012-10-09,5.56,1.49,92.42,8062.032608695652,16.37,1.61,2.55,90.8703
2012-10-10,5.61,1.45,91.24,8062.032608695652,16.29,1.6,2.52,90.883
2012-10-11,5.57,1.42,92.19,8062.032608695652,15.59,1.59,2.47,90.7437
2012-10-12,5.56,1.42,91.83,8062.032608695652,16.14,1.58,2.47,90.6833
2012-10-15,5.48,1.43,91.84,8062.032608695652,15.27,1.56,2.48,90.6409
2012-10-16,5.4,1.48,92.07,8062.032608695652,15.22,1.52,2.46,90.5583
2012-10-17,5.27,1.53,92.04,8062.032608695652,15.07,1.48,2.48,90.2309
2012-10-18,5.24,1.57,92.0,8062.032608695652,15.03,1.46,2.52,90.3804
2012-10-19,5.31,1.49,90.0,8062.032608695652,17.06,1.47,2.5,90.8107
2012-10-22,5.28,1.51,88.3,8062.032608695652,16.62,1.47,2.53,90.7911
2012-10-23,5.41,1.5,86.65,8062.032608695652,18.83,1.49,2.5,91.0945
2012-10-24,5.39,1.51,85.39,8062.032608695652,18.33,1.49,2.49,91.1275
2012-10-25,5.33,1.55,85.59,8062.032608695652,18.12,1.48,2.49,91.02
2012-10-26,5.41,1.48,85.84,8062.032608695652,17.81,1.49,2.47,91.1411
2012-10-29,5.46,1.44,85.52,8062.032608695652,17.81,1.49,2.47,91.1411
2012-10-30,5.46,1.44,85.65,8062.032608695652,17.81,1.49,2.47,91.1411
2012-10-31,5.63,1.42,86.23,8062.032608695652,18.6,1.51,2.5,91.1609
2012-11-01,5.57,1.45,87.05,7711.227272727273,16.69,1.5,2.52,91.1217
2012-11-02,5.54,1.47,84.9,7711.227272727273,17.59,1.5,2.48,91.281
2012-11-05,5.57,1.44,85.64,7711.227272727273,18.42,1.51,2.47,91.4778
2012-11-06,5.49,1.48,88.62,7711.227272727273,17.58,1.5,2.5,91.2908
2012-11-07,5.63,1.41,84.5,7711.227272727273,19.08,1.54,2.48,91.4514
2012-11-08,5.67,1.35,85.07,7711.227272727273,18.49,1.55,2.47,91.5375
2012-11-09,5.77,1.34,86.08,7711.227272727273,18.61,1.57,2.44,91.6871
2012-11-12,5.77,1.34,85.56,7711.227272727273,16.68,1.57,2.44,91.6871
2012-11-13,5.82,1.32,85.38,7711.227272727273,16.65,1.59,2.43,91.7356
2012-11-14,5.84,1.34,86.32,7711.227272727273,17.92,1.6,2.4,91.7942
2012-11-15,5.94,1.34,85.45,7711.227272727273,17.99,1.62,2.38,91.8837
2012-11-16,5.98,1.34,86.62,7711.227272727273,16.41,1.62,2.39,92.0095
2012-11-19,5.85,1.36,89.05,7711.227272727273,15.24,1.61,2.39,91.5653
2012-11-20,5.79,1.39,86.46,7711.227272727273,15.08,1.61,2.4,91.556
2012-11-21,5.72,1.42,87.08,7711.227272727273,15.31,1.61,2.4,91.6645
2012-11-22,5.72,1.42,87.08,7711.227272727273,15.31,1.61,2.4,91.6645
2012-11-23,5.71,1.41,87.01,7711.227272727273,15.14,1.61,2.42,91.2616
2012-11-26,5.68,1.39,87.28,7711.227272727273,15.5,1.6,2.39,91.2789
2012-11-27,5.65,1.37,86.81,7711.227272727273,15.92,1.6,2.38,91.2608
2012-11-28,5.66,1.36,86.1,7711.227272727273,15.51,1.61,2.38,91.33
2012-11-29,5.58,1.37,87.64,7711.227272727273,15.06,1.61,2.4,91.2104
2012-11-30,5.65,1.37,88.54,7711.227272727273,15.87,1.6,2.41,91.1038
2012-12-01,5.65,1.37,88.54,7966.486842105263,15.87,1.6,2.41,91.1038
2012-12-03,5.6,1.38,88.69,7966.486842105263,16.64,1.6,2.44,91.0084
2012-12-04,5.58,1.37,88.04,7966.486842105263,17.12,1.6,2.45,90.9748
2012-12-05,5.51,1.35,87.36,7966.486842105263,16.46,1.6,2.45,90.9423
2012-12-06,5.48,1.34,85.47,7966.486842105263,16.58,1.6,2.46,91.0629
2012-12-07,5.42,1.39,85.45,7966.486842105263,15.9,1.59,2.5,91.0437
2012-12-10,5.41,1.39,85.14,7966.486842105263,16.05,1.59,2.5,90.9631
2012-12-11,5.35,1.42,85.36,7966.486842105263,15.57,1.59,2.5,90.8403
2012-12-12,5.29,1.47,86.35,7966.486842105263,15.95,1.58,2.51,90.7708
2012-12-13,5.27,1.47,85.39,7966.486842105263,16.56,1.58,2.47,90.776
2012-12-14,5.28,1.48,86.32,7966.486842105263,17.0,1.57,2.46,90.7156
2012-12-17,5.31,1.53,86.71,7966.486842105263,16.34,1.56,2.48,90.6193
2012-12-18,5.19,1.56,87.46,7966.486842105263,15.57,1.55,2.51,90.5161
2012-12-19,5.19,1.54,89.09,7966.486842105263,17.36,1.54,2.48,90.4896
2012-12-20,5.19,1.53,89.76,7966.486842105263,17.67,1.53,2.5,90.6002
2012-12-21,5.26,1.51,88.2,7966.486842105263,17.84,1.53,2.48,90.9597
2012-12-24,5.24,1.53,88.29,7966.486842105263,17.84,1.53,2.48,91.0354
2012-12-26,5.24,1.51,90.71,7966.486842105263,19.48,1.54,2.48,91.0606
2012-12-27,5.28,1.48,90.91,7966.486842105263,19.47,1.54,2.47,91.1037
2012-12-28,5.3,1.46,90.66,7966.486842105263,22.72,1.53,2.46,91.0419
2012-12-31,5.34,1.53,91.83,7966.486842105263,18.02,1.54,2.45,91.0834
2013-01-01,5.34,1.53,91.83,8053.738636363636,18.02,1.54,2.45,91.0834
2013-01-02,5.16,1.59,93.14,8053.738636363636,14.68,1.5,2.48,90.6941
2013-01-03,5.06,1.65,92.97,8053.738636363636,14.56,1.48,2.46,90.8097
2013-01-04,5.04,1.66,93.12,8053.738636363636,13.83,1.46,2.48,91.1025
2013-01-07,5.02,1.65,93.2,8053.738636363636,13.79,1.45,2.52,90.9852
2013-01-08,5.02,1.64,93.21,8053.738636363636,13.62,1.45,2.49,91.057
2013-01-09,4.99,1.64,93.08,8053.738636363636,13.81,1.46,2.52,91.0088
2013-01-10,4.94,1.65,93.81,8053.738636363636,13.49,1.45,2.53,90.6425
2013-01-11,4.93,1.63,93.6,8053.738636363636,13.36,1.45,2.52,90.5352
2013-01-14,4.91,1.63,94.27,8053.738636363636,13.52,1.45,2.55,90.4935
2013-01-15,4.96,1.6,93.26,8053.738636363636,13.55,1.47,2.52,90.5191
2013-01-16,4.95,1.58,94.28,8053.738636363636,13.42,1.47,2.49,90.596
2013-01-17,4.88,1.61,95.49,8053.738636363636,13.57,1.47,2.53,90.5401
2013-01-18,4.89,1.61,95.61,8053.738636363636,12.46,1.47,2.53,90.8697
2013-01-21,4.88,1.61,95.61,8053.738636363636,12.46,1.46,2.53,90.8697
2013-01-22,4.88,1.6,96.09,8053.738636363636,12.43,1.47,2.54,90.7892
2013-01-23,4.85,1.6,95.06,8053.738636363636,12.46,1.47,2.52,90.8376
2013-01-24,4.82,1.65,95.35,8053.738636363636,12.69,1.47,2.5,90.9112
2013-01-25,4.73,1.7,95.15,8053.738636363636,12.89,1.45,2.54,91.0868
2013-01-28,4.72,1.71,95.95,8053.738636363636,13.57,1.44,2.55,91.2354
2013-01-29,4.78,1.73,97.62,8053.738636363636,13.31,1.44,2.56,90.9406
2013-01-30,4.84,1.76,97.98,8053.738636363636,14.32,1.45,2.57,90.8836
2013-01-31,4.95,1.75,97.65,8053.738636363636,14.28,1.48,2.59,90.798
2013-02-01,4.94,1.77,97.46,8060.925,12.9,1.47,2.59,90.6923
2013-02-04,5.01,1.75,96.21,8060.925,14.67,1.49,2.59,90.9774
2013-02-05,5.01,1.77,96.68,8060.925,13.72,1.48,2.59,90.881
2013-02-06,5.04,1.73,96.44,8060.925,13.41,1.49,2.58,91.0176
2013-02-07,5.08,1.74,95.84,8060.925,13.5,1.49,2.57,91.2912
2013-02-08,5.08,1.74,95.71,8060.925,13.02,1.49,2.56,91.3056
2013-02-11,5.06,1.72,97.01,8060.925,12.94,1.48,2.57,91.4451
2013-02-12,5.04,1.73,97.48,8060.925,12.64,1.48,2.59,91.2779
2013-02-13,4.97,1.76,97.03,8060.925,12.98,1.47,2.59,91.2709
2013-02-14,4.97,1.73,97.3,8060.925,12.66,1.47,2.56,91.366
2013-02-15,4.96,1.72,95.95,8060.925,12.46,1.47,2.54,91.4551
2013-02-18,4.95,1.72,95.95,8060.925,12.46,1.47,2.54,91.4551
2013-02-19,4.92,1.74,96.69,8060.925,12.31,1.47,2.55,91.5073
2013-02-20,4.92,1.75,94.92,8060.925,14.68,1.47,2.54,91.6689
2013-02-21,4.99,1.73,92.79,8060.925,15.22,1.47,2.53,92.0394
2013-02-22,4.97,1.7,93.12,8060.925,14.17,1.47,2.54,92.1197
2013-02-25,4.97,1.63,92.74,8060.925,18.99,1.47,2.5,92.1975
2013-02-26,5.02,1.63,92.63,8060.925,16.87,1.49,2.5,92.4247
2013-02-27,4.98,1.64,92.84,8060.925,14.73,1.49,2.52,92.234
2013-02-28,4.98,1.64,92.03,8060.925,15.51,1.49,2.53,92.295
2013-03-01,5.0,1.61,90.71,7652.375,15.36,1.49,2.53,92.6177
2013-03-04,4.98,1.64,90.13,7652.375,14.01,1.49,2.53,92.6316
2013-03-05,4.92,1.65,90.88,7652.375,13.48,1.48,2.55,92.4965
2013-03-06,4.88,1.7,90.47,7652.375,13.53,1.47,2.56,92.4965
2013-03-07,4.81,1.75,91.53,7652.375,13.06,1.46,2.56,92.5462
2013-03-08,4.76,1.79,92.01,7652.375,12.59,1.45,2.56,92.6252
2013-03-11,4.75,1.8,92.07,7652.375,11.56,1.45,2.57,92.5351
2013-03-12,4.76,1.76,92.44,7652.375,12.27,1.45,2.55,92.3853
2013-03-13,4.75,1.77,92.47,7652.375,11.83,1.45,2.56,92.4709
2013-03-14,4.71,1.77,93.03,7652.375,11.3,1.44,2.57,92.4695
2013-03-15,4.72,1.76,93.49,7652.375,11.3,1.45,2.56,92.128
2013-03-18,4.77,1.7,93.71,7652.375,13.36,1.46,2.56,92.3377
2013-03-19,4.78,1.68,92.44,7652.375,14.39,1.46,2.53,92.526
2013-03-20,4.76,1.7,93.21,7652.375,12.67,1.47,2.53,92.4141
2013-03-21,4.76,1.68,92.46,7652.375,13.99,1.47,2.52,92.3322
2013-03-22,4.78,1.67,93.41,7652.375,13.57,1.48,2.53,92.2051
2013-03-25,4.75,1.69,94.55,7652.375,13.74,1.47,2.53,92.3081
2013-03-26,4.78,1.67,95.99,7652.375,12.77,1.49,2.53,92.232
2013-03-27,4.81,1.62,96.53,7652.375,13.15,1.5,2.51,92.446
2013-03-28,4.8,1.62,97.24,7652.375,12.7,1.5,2.51,92.2544
2013-03-29,4.8,1.62,97.24,7652.375,12.7,1.5,2.51,92.302
2013-03-31,4.86,1.62,97.24,7652.375,12.7,1.51,2.51,92.302
2013-04-01,4.87,1.63,97.1,7221.161904761905,13.58,1.51,2.51,92.1687
2013-04-02,4.84,1.63,97.23,7221.161904761905,12.78,1.51,2.51,92.1432
2013-04-03,4.87,1.59,95.02,7221.161904761905,14.21,1.52,2.48,92.104
2013-04-04,4.89,1.56,93.26,7221.161904761905,13.89,1.51,2.48,92.3896
2013-04-05,4.95,1.48,92.76,7221.161904761905,13.92,1.51,2.46,92.1043
2013-04-08,4.9,1.52,93.36,7221.161904761905,13.19,1.5,2.45,92.2317
2013-04-09,4.87,1.54,94.18,7221.161904761905,12.84,1.49,2.45,91.9669
2013-04-10,4.78,1.6,94.59,7221.161904761905,12.36,1.48,2.44,91.9598
2013-04-11,4.73,1.58,93.44,7221.161904761905,12.24,1.48,2.47,91.6972
2013-04-12,4.75,1.53,91.23,7221.161904761905,12.06,1.48,2.43,91.7967
2013-04-15,4.79,1.5,88.75,7221.161904761905,17.27,1.48,2.41,91.9457
2013-04-16,4.78,1.51,88.73,7221.161904761905,13.96,1.48,2.4,91.8451
2013-04-17,4.8,1.49,86.65,7221.161904761905,16.51,1.49,2.37,92.1372
2013-04-18,4.8,1.48,87.83,7221.161904761905,17.56,1.49,2.27,92.176
2013-04-19,4.78,1.49,88.04,7221.161904761905,14.97,1.49,2.32,92.2166
2013-04-22,4.75,1.48,88.81,7221.161904761905,14.39,1.48,2.35,92.3591
2013-04-23,4.71,1.51,89.21,7221.161904761905,13.48,1.47,2.38,92.3836
2013-04-24,4.66,1.5,91.07,7221.161904761905,13.61,1.47,2.38,92.4581
2013-04-25,4.61,1.51,93.27,7221.161904761905,13.62,1.47,2.4,92.0394
2013-04-26,4.6,1.48,92.63,7221.161904761905,13.61,1.47,2.38,91.9012
2013-04-29,4.53,1.5,94.09,7221.161904761905,13.71,1.47,2.37,91.6539
2013-04-30,4.55,1.48,93.22,7221.161904761905,13.52,1.47,2.34,91.3741
2013-05-01,4.5,1.46,90.74,7248.714285714286,14.49,1.47,2.3,91.4331
2013-05-02,4.45,1.46,93.7,7248.714285714286,13.59,1.47,2.28,91.6174
2013-05-03,4.33,1.56,95.25,7248.714285714286,12.85,1.45,2.31,91.5087
2013-05-06,4.3,1.58,95.8,7248.714285714286,12.66,1.44,2.31,91.6387
2013-05-07,4.24,1.6,95.28,7248.714285714286,12.83,1.43,2.32,91.5201
2013-05-08,4.24,1.59,96.24,7248.714285714286,12.66,1.43,2.29,91.1848
2013-05-09,4.23,1.59,96.09,7248.714285714286,13.13,1.43,2.31,91.3036
2013-05-10,4.23,1.64,95.81,7248.714285714286,12.59,1.43,2.35,92.2527
2013-05-13,4.35,1.68,94.76,7248.714285714286,12.55,1.43,2.33,92.2711
2013-05-14,4.35,1.7,93.96,7248.714285714286,12.77,1.42,2.33,92.3697
2013-05-15,4.36,1.68,93.95,7248.714285714286,12.81,1.42,2.3,92.7691
2013-05-16,4.42,1.64,94.85,7248.714285714286,13.07,1.43,2.27,92.6602
2013-05-17,4.37,1.69,95.72,7248.714285714286,12.45,1.42,2.26,93.1617
2013-05-20,4.34,1.71,96.29,7248.714285714286,13.02,1.41,2.28,93.0359
2013-05-21,4.35,1.68,95.55,7248.714285714286,13.37,1.42,2.28,92.9662
2013-05-22,4.27,1.77,93.98,7248.714285714286,13.82,1.41,2.27,93.3104
2013-05-23,4.42,1.76,94.12,7248.714285714286,14.07,1.42,2.26,93.2113
2013-05-24,4.45,1.75,93.84,7248.714285714286,13.99,1.42,2.27,93.2768
2013-05-27,4.44,1.75,93.84,7248.714285714286,13.99,1.42,2.27,93.2768
2013-05-28,4.35,1.86,94.65,7248.714285714286,14.48,1.41,2.29,93.5853
2013-05-29,4.55,1.83,93.13,7248.714285714286,14.83,1.43,2.23,93.531
2013-05-30,4.54,1.82,93.57,7248.714285714286,14.53,1.44,2.18,93.4219
2013-05-31,4.62,1.86,91.93,7248.714285714286,16.3,1.47,2.21,93.6076
2013-06-01,4.62,1.86,91.93,7000.2375,16.3,1.47,2.21,93.6076
2013-06-03,4.76,1.83,93.41,7000.2375,16.28,1.48,2.2,93.163
2013-06-04,4.79,1.82,93.36,7000.2375,16.27,1.49,2.19,93.3067
2013-06-05,5.03,1.8,93.66,7000.2375,17.5,1.53,2.16,93.275
2013-06-06,5.08,1.78,94.71,7000.2375,16.63,1.55,2.13,92.809
2013-06-07,4.89,1.85,96.11,7000.2375,15.14,1.54,2.14,92.6056
2013-06-10,4.86,1.9,95.82,7000.2375,15.44,1.54,2.11,92.973
2013-06-11,5.08,1.86,95.5,7000.2375,17.07,1.58,2.07,92.7996
2013-06-12,5.02,1.91,95.98,7000.2375,18.59,1.58,2.04,92.4775
2013-06-13,5.11,1.87,96.66,7000.2375,16.41,1.59,2.04,92.3449
2013-06-14,5.04,1.85,97.83,7000.2375,17.15,1.57,2.05,92.1886
2013-06-17,4.97,1.92,97.86,7000.2375,16.8,1.57,2.04,92.3332
2013-06-18,4.96,1.93,98.46,7000.2375,16.61,1.58,2.06,92.5432
2013-06-19,4.85,2.02,98.24,7000.2375,16.64,1.57,2.04,92.4755
2013-06-20,5.12,2.08,94.89,7000.2375,20.49,1.65,1.95,94.125
2013-06-21,5.09,2.14,93.81,7000.2375,18.9,1.66,1.93,94.4243
2013-06-24,5.34,2.15,95.07,7000.2375,20.11,1.72,1.93,94.5714
2013-06-25,5.34,2.17,95.25,7000.2375,18.47,1.71,1.96,94.3285
2013-06-26,5.29,2.16,95.47,7000.2375,17.21,1.7,1.95,94.3807
2013-06-27,5.23,2.13,97.0,7000.2375,16.86,1.68,1.99,94.2429
2013-06-28,5.16,2.16,96.36,7000.2375,16.86,1.67,1.99,94.3047
2013-06-30,5.21,2.16,96.36,7000.2375,16.86,1.67,1.99,94.3047
2013-07-01,5.17,2.16,97.94,6906.641304347826,16.37,1.67,2.02,94.0998
2013-07-02,5.15,2.14,99.65,6906.641304347826,16.44,1.65,2.04,94.4051
2013-07-03,5.15,2.16,101.92,6906.641304347826,16.2,1.66,2.04,94.4767
2013-07-04,5.15,2.16,101.92,6906.641304347826,16.2,1.66,2.04,94.4767
2013-07-05,5.04,2.33,103.09,6906.641304347826,14.89,1.64,2.07,95.0639
2013-07-08,5.11,2.28,103.03,6906.641304347826,14.78,1.64,2.07,94.9954
2013-07-09,5.04,2.28,103.46,6906.641304347826,14.35,1.62,2.06,94.9467
2013-07-10,4.98,2.32,106.41,6906.641304347826,14.21,1.62,2.06,94.7595
2013-07-11,4.9,2.26,104.77,6906.641304347826,14.01,1.61,2.04,93.949
2013-07-12,4.8,2.24,105.85,6906.641304347826,13.84,1.6,2.06,94.0029
2013-07-15,4.77,2.23,106.2,6906.641304347826,13.79,1.59,2.1,93.9729
2013-07-16,4.72,2.21,105.88,6906.641304347826,14.42,1.57,2.14,93.5232
2013-07-17,4.68,2.2,106.39,6906.641304347826,13.78,1.57,2.14,93.5498
2013-07-18,4.57,2.24,107.94,6906.641304347826,13.77,1.55,2.18,93.681
2013-07-19,4.56,2.18,108.0,6906.641304347826,12.54,1.54,2.21,93.4759
2013-07-22,4.53,2.18,106.61,6906.641304347826,12.29,1.53,2.22,93.2253
2013-07-23,4.5,2.2,107.13,6906.641304347826,12.66,1.52,2.2,93.1631
2013-07-24,4.55,2.27,105.41,6906.641304347826,13.18,1.52,2.17,93.3124
2013-07-25,4.65,2.29,105.47,6906.641304347826,12.97,1.53,2.17,93.2862
2013-07-26,4.71,2.27,104.76,6906.641304347826,12.72,1.53,2.15,93.1695
2013-07-29,4.69,2.28,104.61,6906.641304347826,13.39,1.53,2.16,93.1663
2013-07-30,4.66,2.3,103.14,6906.641304347826,13.39,1.53,2.17,93.3976
2013-07-31,4.71,2.29,105.1,6906.641304347826,13.45,1.53,2.22,93.5703
2013-08-01,4.63,2.39,107.93,7186.25,12.94,1.51,2.26,93.7972
2013-08-02,4.74,2.33,106.94,7186.25,11.98,1.53,2.21,93.5789
2013-08-05,4.74,2.35,106.61,7186.25,11.84,1.52,2.25,93.507
2013-08-06,4.76,2.35,105.32,7186.25,12.72,1.52,2.28,93.3199
2013-08-07,4.81,2.29,104.41,7186.25,12.98,1.53,2.26,93.2652
2013-08-08,4.8,2.28,103.45,7186.25,12.73,1.53,2.24,92.8483
2013-08-09,4.8,2.25,106.04,7186.25,13.41,1.53,2.24,92.8394
2013-08-12,4.78,2.29,106.19,7186.25,12.81,1.53,2.24,92.9178
2013-08-13,4.72,2.37,106.78,7186.25,12.31,1.52,2.23,93.476
2013-08-14,4.69,2.37,106.89,7186.25,13.04,1.53,2.21,93.382
2013-08-15,4.74,2.41,107.43,7186.25,14.73,1.54,2.17,93.5059
2013-08-16,4.7,2.48,107.58,7186.25,14.37,1.53,2.16,93.4255
2013-08-19,4.71,2.52,107.14,7186.25,15.1,1.54,2.13,93.6623
2013-08-20,4.8,2.46,104.9,7186.25,14.91,1.55,2.15,93.5536
2013-08-21,4.77,2.49,103.93,7186.25,15.94,1.55,2.14,94.0362
2013-08-22,4.73,2.48,104.93,7186.25,14.76,1.55,2.11,94.2804
2013-08-23,4.75,2.42,106.48,7186.25,13.98,1.54,2.13,93.9466
2013-08-26,4.75,2.38,105.88,7186.25,14.99,1.54,2.15,94.1853
2013-08-27,4.82,2.34,109.11,7186.25,16.77,1.55,2.15,94.3934
2013-08-28,4.77,2.38,110.17,7186.25,16.49,1.55,2.15,94.4127
2013-08-29,4.76,2.36,108.51,7186.25,16.81,1.55,2.1,94.6398
2013-08-30,4.76,2.39,107.98,7186.25,17.01,1.55,2.1,94.7541
2013-09-01,4.76,2.39,107.98,7159.269047619048,17.01,1.55,2.1,94.7541
2013-09-02,4.78,2.39,107.98,7159.269047619048,17.01,1.55,2.1,94.7541
2013-09-03,4.69,2.43,108.67,7159.269047619048,16.61,1.55,2.1,94.9574
2013-09-04,4.64,2.44,107.29,7159.269047619048,15.88,1.54,2.07,94.5739
2013-09-05,4.59,2.46,108.5,7159.269047619048,15.77,1.55,2.06,94.8891
2013-09-06,4.63,2.48,110.62,7159.269047619048,15.85,1.54,2.07,94.2487
2013-09-09,4.66,2.45,109.62,7159.269047619048,15.63,1.55,2.06,94.0009
2013-09-10,4.6,2.46,107.48,7159.269047619048,14.53,1.55,2.1,93.938
2013-09-11,4.63,2.46,107.65,7159.269047619048,13.82,1.55,2.13,93.7112
2013-09-12,4.61,2.47,108.72,7159.269047619048,14.29,1.55,2.11,93.5903
2013-09-13,4.6,2.45,108.31,7159.269047619048,14.16,1.54,2.1,93.6666
2013-09-16,4.54,2.47,106.54,7159.269047619048,14.38,1.54,2.12,93.2875
2013-09-17,4.59,2.47,105.36,7159.269047619048,14.53,1.54,2.16,93.2231
2013-09-18,4.67,2.35,108.23,7159.269047619048,13.59,1.56,2.2,93.2569
2013-09-19,4.51,2.42,106.26,7159.269047619048,13.16,1.52,2.21,92.4082
2013-09-20,4.54,2.41,104.7,7159.269047619048,13.12,1.52,2.23,92.6049
2013-09-23,4.6,2.37,103.62,7159.269047619048,14.31,1.52,2.26,92.613
2013-09-24,4.65,2.32,103.22,7159.269047619048,14.08,1.52,2.19,92.7691
2013-09-25,4.7,2.27,102.68,7159.269047619048,14.01,1.52,2.18,92.7675
2013-09-26,4.69,2.32,103.1,7159.269047619048,14.06,1.52,2.19,93.0096
2013-09-27,4.75,2.3,102.86,7159.269047619048,15.46,1.53,2.18,92.9747
2013-09-30,4.83,2.31,102.36,7159.269047619048,16.6,1.56,2.19,92.9207
2013-10-01,4.78,2.33,102.09,7203.021739130435,15.54,1.55,2.2,92.9515
2013-10-02,4.78,2.32,104.15,7203.021739130435,16.6,1.55,2.2,92.772
2013-10-03,4.75,2.29,103.29,7203.021739130435,17.67,1.54,2.19,92.7461
2013-10-04,4.7,2.33,103.83,7203.021739130435,16.74,1.54,2.2,92.6469
2013-10-07,4.69,2.28,103.07,7203.021739130435,19.41,1.53,2.2,92.6725
2013-10-08,4.68,2.26,103.54,7203.021739130435,20.34,1.52,2.18,92.7558
2013-10-09,4.67,2.31,101.63,7203.021739130435,19.6,1.52,2.21,93.0829
2013-10-10,4.61,2.36,103.08,7203.021739130435,16.48,1.51,2.21,92.8579
2013-10-11,4.62,2.35,102.17,7203.021739130435,15.72,1.5,2.2,92.854
2013-10-14,4.6,2.35,102.46,7203.021739130435,16.07,1.5,2.2,92.854
2013-10-15,4.54,2.38,101.15,7203.021739130435,18.66,1.49,2.21,92.7642
2013-10-16,4.55,2.35,102.34,7203.021739130435,14.71,1.48,2.19,92.6819
2013-10-17,4.53,2.28,100.72,7203.021739130435,13.48,1.48,2.16,92.0246
2013-10-18,4.46,2.27,100.87,7203.021739130435,13.04,1.46,2.18,91.9989
2013-10-21,4.41,2.3,99.28,7203.021739130435,13.16,1.45,2.19,92.2498
2013-10-22,4.44,2.23,97.63,7203.021739130435,13.33,1.45,2.17,91.9563
2013-10-23,4.44,2.2,96.9,7203.021739130435,13.42,1.45,2.15,92.0947
2013-10-24,4.4,2.2,96.65,7203.021739130435,13.2,1.45,2.17,92.1867
2013-10-25,4.42,2.21,97.4,7203.021739130435,13.09,1.45,2.19,92.1623
2013-10-28,4.44,2.22,98.74,7203.021739130435,13.31,1.45,2.19,92.1872
2013-10-29,4.45,2.22,98.29,7203.021739130435,13.41,1.44,2.18,92.301
2013-10-30,4.43,2.22,96.81,7203.021739130435,13.65,1.45,2.18,92.3057
2013-10-31,4.36,2.26,96.29,7203.021739130435,13.75,1.45,2.17,92.731
2013-11-01,4.31,2.32,94.56,7070.654761904762,13.28,1.44,2.15,93.155
2013-11-04,4.33,2.31,94.58,7070.654761904762,12.93,1.45,2.13,92.9359
2013-11-05,4.33,2.37,93.4,7070.654761904762,13.27,1.45,2.14,93.2112
2013-11-06,4.35,2.37,94.74,7070.654761904762,12.67,1.46,2.19,93.0943
2013-11-07,4.34,2.34,94.25,7070.654761904762,13.91,1.46,2.17,93.4003
2013-11-08,4.38,2.45,94.56,7070.654761904762,12.9,1.46,2.18,93.6619
2013-11-11,4.38,2.45,95.13,7070.654761904762,12.53,1.46,2.18,93.6619
2013-11-12,4.35,2.46,93.12,7070.654761904762,12.82,1.46,2.18,93.7651
2013-11-13,4.42,2.43,93.91,7070.654761904762,12.52,1.46,2.17,93.4848
2013-11-14,4.41,2.4,93.76,7070.654761904762,12.37,1.46,2.18,93.4328
2013-11-15,4.38,2.4,93.8,7070.654761904762,12.19,1.45,2.18,93.2854
2013-11-18,4.35,2.36,93.03,7070.654761904762,13.1,1.44,2.19,92.9824
2013-11-19,4.31,2.42,93.35,7070.654761904762,13.39,1.43,2.18,93.0649
2013-11-20,4.29,2.52,93.34,7070.654761904762,13.4,1.43,2.16,93.2501
2013-11-21,4.32,2.5,95.35,7070.654761904762,12.66,1.43,2.19,93.5638
2013-11-22,4.3,2.44,94.53,7070.654761904762,12.26,1.42,2.19,93.4198
2013-11-25,4.27,2.44,93.86,7070.654761904762,12.79,1.41,2.18,93.5539
2013-11-26,4.27,2.42,93.41,7070.654761904762,12.81,1.42,2.17,93.5226
2013-11-27,4.24,2.46,92.05,7070.654761904762,12.98,1.41,2.16,93.6864
2013-11-28,4.24,2.46,92.05,7070.654761904762,12.98,1.41,2.16,93.6864
2013-11-29,4.23,2.47,92.55,7070.654761904762,13.7,1.41,2.15,93.6291
2013-11-30,4.27,2.47,92.55,7070.654761904762,13.7,1.41,2.15,93.6291
2013-12-01,4.27,2.47,92.55,7214.9,13.7,1.41,2.15,93.6291
2013-12-02,4.19,2.51,93.61,7214.9,14.23,1.4,2.15,93.8856
2013-12-03,4.22,2.51,95.83,7214.9,14.55,1.4,2.15,93.8251
2013-12-04,4.19,2.54,96.97,7214.9,14.7,1.4,2.11,93.8997
2013-12-05,4.16,2.58,97.14,7214.9,15.08,1.4,2.12,93.4954
2013-12-06,4.13,2.58,97.48,7214.9,13.79,1.39,2.11,93.4045
2013-12-09,4.11,2.56,97.1,7214.9,13.49,1.38,2.12,93.1444
2013-12-10,4.15,2.51,98.32,7214.9,13.91,1.38,2.12,93.1444
2013-12-11,4.11,2.55,97.25,7214.9,15.42,1.37,2.15,93.0842
2013-12-12,4.11,2.55,97.21,7214.9,15.54,1.36,2.14,93.4292
2013-12-13,4.12,2.54,96.27,7214.9,15.76,1.35,2.16,93.3568
2013-12-16,4.09,2.55,97.18,7214.9,16.03,1.34,2.18,93.2175
2013-12-17,4.15,2.51,96.99,7214.9,16.21,1.34,2.18,93.302
2013-12-18,4.14,2.57,97.59,7214.9,13.8,1.33,2.17,93.4207
2013-12-19,4.07,2.59,98.4,7214.9,14.15,1.31,2.15,93.7368
2013-12-20,4.04,2.52,99.11,7214.9,13.79,1.3,2.16,93.7211
2013-12-23,4.0,2.56,98.62,7214.9,13.04,1.3,2.18,93.572
2013-12-24,3.96,2.61,98.87,7214.9,12.48,1.29,2.19,93.6734
2013-12-26,3.96,2.58,99.18,7214.9,12.33,1.29,2.2,93.766
2013-12-27,3.96,2.62,99.94,7214.9,12.46,1.29,2.22,93.7018
2013-12-30,3.97,2.6,98.9,7214.9,13.56,1.28,2.23,93.4866
2013-12-31,4.0,2.66,98.17,7214.9,13.72,1.28,2.24,93.5576
2014-01-01,4.0,2.66,98.17,7291.465909090909,13.72,1.28,2.24,93.5576
2014-01-02,4.0,2.61,95.14,7291.465909090909,14.23,1.27,2.26,93.8192
2014-01-03,3.98,2.6,93.66,7291.465909090909,13.76,1.27,2.26,93.853
2014-01-06,3.96,2.58,93.12,7291.465909090909,13.55,1.26,2.26,93.9109
2014-01-07,3.92,2.56,93.31,7291.465909090909,12.92,1.25,2.26,94.0398
2014-01-08,3.87,2.58,91.9,7291.465909090909,12.87,1.25,2.29,94.2181
2014-01-09,3.88,2.53,91.36,7291.465909090909,12.89,1.24,2.31,94.3299
2014-01-10,3.95,2.49,92.39,7291.465909090909,12.14,1.25,2.29,94.0045
2014-01-13,3.97,2.45,91.45,7291.465909090909,13.28,1.25,2.27,93.899
2014-01-14,3.92,2.49,92.15,7291.465909090909,12.28,1.24,2.26,94.0303
2014-01-15,3.87,2.49,93.78,7291.465909090909,12.28,1.23,2.28,94.341
2014-01-16,3.88,2.45,93.54,7291.465909090909,12.53,1.23,2.25,94.5507
2014-01-17,3.88,2.44,93.96,7291.465909090909,12.44,1.23,2.26,94.5846
2014-01-20,3.88,2.44,93.96,7291.465909090909,12.44,1.23,2.26,94.5846
2014-01-21,3.86,2.45,94.51,7291.465909090909,12.87,1.22,2.26,94.679
2014-01-22,3.82,2.43,96.35,7291.465909090909,12.84,1.22,2.25,94.8479
2014-01-23,3.92,2.4,97.23,7291.465909090909,13.77,1.25,2.13,94.8415
2014-01-24,4.08,2.38,96.66,7291.465909090909,18.14,1.27,2.14,94.8555
2014-01-27,4.09,2.41,95.82,7291.465909090909,17.42,1.27,2.14,94.9059
2014-01-28,4.08,2.39,97.49,7291.465909090909,15.8,1.27,2.15,94.88
2014-01-29,4.15,2.33,97.34,7291.465909090909,17.35,1.28,2.14,94.8621
2014-01-30,4.12,2.36,98.25,7291.465909090909,17.29,1.28,2.15,95.1294
2014-01-31,4.21,2.33,97.55,7291.465909090909,18.41,1.3,2.14,95.1774
2014-02-01,4.21,2.33,97.55,7149.2125,18.41,1.3,2.14,95.1774
2014-02-03,4.28,2.31,96.44,7149.2125,21.44,1.32,2.14,95.2469
2014-02-04,4.31,2.33,97.24,7149.2125,19.11,1.31,2.13,95.0438
2014-02-05,4.28,2.38,97.4,7149.2125,19.95,1.31,2.14,95.0285
2014-02-06,4.21,2.4,97.84,7149.2125,17.23,1.29,2.16,94.7177
2014-02-07,4.2,2.41,99.98,7149.2125,15.29,1.29,2.18,94.7457
2014-02-10,4.16,2.38,100.12,7149.2125,15.26,1.28,2.19,94.7189
2014-02-11,4.08,2.4,99.96,7149.2125,14.51,1.27,2.19,94.6377
2014-02-12,4.01,2.45,100.38,7149.2125,14.3,1.26,2.21,94.6209
2014-02-13,4.07,2.41,100.27,7149.2125,14.14,1.26,2.17,94.6209
2014-02-14,4.03,2.43,100.31,7149.2125,13.57,1.25,2.16,94.2711
2014-02-17,4.03,2.43,100.31,7149.2125,13.57,1.25,2.16,94.2711
2014-02-18,4.01,2.4,102.54,7149.2125,13.87,1.25,2.14,94.1934
2014-02-19,3.95,2.4,103.46,7149.2125,15.5,1.24,2.13,94.38
2014-02-20,3.92,2.42,103.2,7149.2125,14.79,1.24,2.13,94.6571
2014-02-21,3.9,2.4,102.53,7149.2125,14.68,1.24,2.12,94.6571
2014-02-24,3.85,2.4,103.17,7149.2125,14.23,1.23,2.16,94.4042
2014-02-25,3.84,2.36,102.2,7149.2125,13.67,1.22,2.15,94.4735
2014-02-26,3.84,2.34,102.93,7149.2125,14.35,1.23,2.16,94.7754
2014-02-27,3.83,2.32,102.68,7149.2125,14.04,1.23,2.16,94.6722
2014-02-28,3.81,2.33,102.88,7149.2125,14.0,1.22,2.17,94.3879
2014-03-01,3.81,2.33,102.88,6650.035714285714,14.0,1.22,2.17,94.3879
2014-03-03,3.87,2.28,105.34,6650.035714285714,16.0,1.23,2.16,94.3879
2014-03-04,3.79,2.37,103.64,6650.035714285714,14.1,1.22,2.18,94.6568
2014-03-05,3.78,2.37,101.75,6650.035714285714,13.89,1.22,2.18,94.4679
2014-03-06,3.78,2.37,101.82,6650.035714285714,14.21,1.21,2.21,93.9858
2014-03-07,3.79,2.42,102.82,6650.035714285714,14.11,1.21,2.23,94.2532
2014-03-10,3.82,2.42,101.39,6650.035714285714,14.2,1.21,2.22,94.3731
2014-03-11,3.82,2.4,100.29,6650.035714285714,14.8,1.22,2.2,94.387
2014-03-12,3.87,2.36,98.29,6650.035714285714,14.47,1.23,2.19,94.462
2014-03-13,3.92,2.32,98.57,6650.035714285714,16.22,1.24,2.17,94.1872
2014-03-14,3.96,2.29,99.23,6650.035714285714,17.82,1.25,2.17,94.243
2014-03-17,3.9,2.32,98.43,6650.035714285714,15.64,1.24,2.18,94.243
2014-03-18,3.87,2.32,100.08,6650.035714285714,14.52,1.24,2.18,94.2631
2014-03-19,3.74,2.31,100.71,6650.035714285714,15.12,1.21,2.16,94.3752
2014-03-20,3.79,2.34,99.68,6650.035714285714,14.52,1.21,2.13,94.9986
2014-03-21,3.76,2.3,99.97,6650.035714285714,15.0,1.2,2.14,94.8547
2014-03-24,3.75,2.27,100.05,6650.035714285714,15.09,1.2,2.15,94.759
2014-03-25,3.73,2.28,99.66,6650.035714285714,14.02,1.19,2.14,94.6379
2014-03-26,3.75,2.26,100.61,6650.035714285714,14.93,1.19,2.14,94.5281
2014-03-27,3.77,2.24,101.25,6650.035714285714,14.62,1.19,2.13,94.3315
2014-03-28,3.73,2.28,101.73,6650.035714285714,14.41,1.17,2.13,94.3683
2014-03-31,3.77,2.29,101.57,6650.035714285714,13.88,1.19,2.13,94.2432
2014-04-01,3.73,2.33,99.69,6673.5625,13.1,1.17,2.14,94.1244
2014-04-02,3.66,2.35,99.6,6673.5625,13.09,1.16,2.14,94.3103
2014-04-03,3.64,2.34,100.29,6673.5625,13.37,1.16,2.14,94.512
2014-04-04,3.68,2.31,101.16,6673.5625,13.96,1.16,2.13,94.2191
2014-04-07,3.72,2.3,100.43,6673.5625,15.57,1.15,2.12,94.0881
2014-04-08,3.73,2.29,102.57,6673.5625,14.89,1.15,2.11,93.6579
2014-04-09,3.74,2.34,103.55,6673.5625,13.82,1.15,2.14,93.6716
2014-04-10,3.77,2.28,103.37,6673.5625,15.89,1.15,2.14,93.5123
2014-04-11,3.82,2.26,103.68,6673.5625,17.03,1.16,2.13,93.6395
2014-04-14,3.76,2.28,104.05,6673.5625,16.11,1.16,2.13,93.8046
2014-04-15,3.75,2.25,103.7,6673.5625,15.61,1.16,2.14,93.9486
2014-04-16,3.73,2.26,103.71,6673.5625,14.18,1.15,2.17,93.9461
2014-04-17,3.68,2.3,104.33,6673.5625,13.36,1.14,2.21,93.8936
2014-04-18,3.68,2.3,104.33,6673.5625,13.36,1.14,2.21,93.9629
2014-04-21,3.67,2.31,104.35,6673.5625,13.25,1.13,2.2,94.0337
2014-04-22,3.65,2.28,101.69,6673.5625,13.19,1.13,2.21,94.0802
2014-04-23,3.68,2.27,101.47,6673.5625,13.27,1.13,2.21,94.149
2014-04-24,3.66,2.27,102.2,6673.5625,13.32,1.13,2.21,94.1294
2014-04-25,3.69,2.25,100.85,6673.5625,14.06,1.14,2.2,94.1623
2014-04-28,3.68,2.26,101.13,6673.5625,13.97,1.14,2.18,94.1374
2014-04-29,3.66,2.27,101.56,6673.5625,13.71,1.14,2.18,94.0295
2014-04-30,3.71,2.25,100.07,6673.5625,13.41,1.14,2.18,93.8896
2014-05-01,3.75,2.22,99.69,6891.125,13.25,1.14,2.2,93.8707
2014-05-02,3.73,2.18,100.09,6891.125,12.91,1.14,2.19,93.8182
2014-05-05,3.74,2.2,99.74,6891.125,13.29,1.13,2.18,93.7334
2014-05-06,3.72,2.18,99.81,6891.125,13.8,1.13,2.16,93.4324
2014-05-07,3.74,2.21,101.06,6891.125,13.4,1.13,2.2,93.4337
2014-05-08,3.75,2.21,100.52,6891.125,13.43,1.13,2.19,93.3686
2014-05-09,3.74,2.22,100.32,6891.125,12.92,1.13,2.18,93.6614
2014-05-12,3.7,2.25,100.89,6891.125,12.23,1.13,2.18,93.6537
2014-05-13,3.7,2.22,102.01,6891.125,12.13,1.13,2.16,93.6755
2014-05-14,3.73,2.15,102.63,6891.125,12.17,1.13,2.17,93.5968
2014-05-15,3.78,2.12,101.74,6891.125,13.17,1.13,2.19,93.7065
2014-05-16,3.77,2.14,102.31,6891.125,12.44,1.13,2.18,93.6073
2014-05-19,3.76,2.18,102.95,6891.125,12.42,1.13,2.17,93.502
2014-05-20,3.77,2.17,102.8,6891.125,12.96,1.13,2.17,93.6699
2014-05-21,3.77,2.17,104.31,6891.125,11.91,1.13,2.18,93.7629
2014-05-22,3.78,2.19,104.03,6891.125,12.03,1.13,2.21,93.6944
2014-05-23,3.78,2.17,105.01,6891.125,11.36,1.13,2.22,93.7042
2014-05-26,3.78,2.17,105.01,6891.125,11.36,1.13,2.22,93.7042
2014-05-27,3.76,2.13,104.78,6891.125,11.51,1.12,2.21,93.8418
2014-05-28,3.8,2.07,103.37,6891.125,11.68,1.13,2.22,93.8793
2014-05-29,3.78,2.08,104.26,6891.125,11.57,1.12,2.23,93.6973
2014-05-30,3.75,2.11,103.4,6891.125,11.4,1.11,2.22,93.7606
2014-05-31,3.67,2.11,103.4,6891.125,11.4,1.12,2.22,93.7606
2014-06-01,3.67,2.11,103.4,6821.142857142857,11.4,1.12,2.22,93.7606
2014-06-02,3.61,2.15,103.07,6821.142857142857,11.58,1.12,2.22,94.0006
2014-06-03,3.59,2.19,103.34,6821.142857142857,11.87,1.12,2.19,94.0536
2014-06-04,3.59,2.2,103.27,6821.142857142857,12.08,1.12,2.17,94.1239
2014-06-05,3.59,2.19,103.17,6821.142857142857,11.68,1.12,2.18,93.9732
2014-06-06,3.53,2.19,103.32,6821.142857142857,10.73,1.1,2.2,93.9069
2014-06-09,3.5,2.19,105.09,6821.142857142857,11.15,1.09,2.21,93.9628
2014-06-10,3.46,2.19,105.02,6821.142857142857,10.99,1.08,2.21,94.0638
2014-06-11,3.46,2.21,105.04,6821.142857142857,11.6,1.09,2.22,93.9744
2014-06-12,3.5,2.16,107.2,6821.142857142857,12.56,1.09,2.19,93.8155
2014-06-13,3.47,2.15,107.49,6821.142857142857,12.18,1.09,2.19,93.9168
2014-06-16,3.43,2.12,107.52,6821.142857142857,12.65,1.09,2.2,93.8639
2014-06-17,3.39,2.15,106.95,6821.142857142857,12.06,1.08,2.23,94.0829
2014-06-18,3.41,2.13,106.64,6821.142857142857,10.61,1.09,2.23,94.0525
2014-06-19,3.39,2.16,107.08,6821.142857142857,10.62,1.08,2.25,93.752
2014-06-20,3.36,2.13,107.95,6821.142857142857,10.85,1.08,2.28,93.7591
2014-06-23,3.35,2.15,106.83,6821.142857142857,10.98,1.07,2.28,93.628
2014-06-24,3.37,2.1,106.64,6821.142857142857,12.13,1.06,2.28,93.7093
2014-06-25,3.43,2.09,107.04,6821.142857142857,11.59,1.07,2.28,93.5851
2014-06-26,3.47,2.07,106.49,6821.142857142857,11.63,1.07,2.27,93.5471
2014-06-27,3.48,2.09,106.46,6821.142857142857,11.26,1.08,2.27,93.3983
2014-06-30,3.53,2.06,106.07,6821.142857142857,11.57,1.09,2.26,93.2058
2014-07-01,3.5,2.11,106.06,7113.380434782609,11.15,1.09,2.26,93.1365
2014-07-02,3.46,2.15,105.18,7113.380434782609,10.82,1.08,2.26,93.2478
2014-07-03,3.44,2.13,104.76,7113.380434782609,10.32,1.08,2.28,93.3149
2014-07-04,3.44,2.13,104.76,7113.380434782609,10.32,1.08,2.28,93.3149
2014-07-07,3.44,2.11,104.19,7113.380434782609,11.33,1.07,2.27,93.3803
2014-07-08,3.48,2.07,104.06,7113.380434782609,11.98,1.07,2.27,93.323
2014-07-09,3.51,2.06,102.93,7113.380434782609,11.65,1.08,2.29,93.228
2014-07-10,3.62,2.09,103.61,7113.380434782609,12.59,1.09,2.28,93.3152
2014-07-11,3.61,2.05,101.48,7113.380434782609,12.08,1.08,2.28,93.4171
2014-07-14,3.57,2.07,101.73,7113.380434782609,11.82,1.08,2.27,93.4101
2014-07-15,3.6,2.07,100.56,7113.380434782609,11.96,1.08,2.25,93.5796
2014-07-16,3.63,2.05,101.88,7113.380434782609,11.0,1.08,2.23,93.5991
2014-07-17,3.74,2.0,103.84,7113.380434782609,14.54,1.09,2.23,93.6586
2014-07-18,3.78,1.99,103.83,7113.380434782609,12.06,1.09,2.24,93.6608
2014-07-21,3.8,1.98,105.34,7113.380434782609,12.81,1.09,2.24,93.6069
2014-07-22,3.79,1.99,104.59,7113.380434782609,12.24,1.09,2.23,93.6306
2014-07-23,3.77,1.98,103.81,7113.380434782609,11.52,1.09,2.23,93.5951
2014-07-24,3.72,1.99,102.76,7113.380434782609,11.84,1.09,2.27,93.6836
2014-07-25,3.75,1.95,105.23,7113.380434782609,12.69,1.09,2.28,93.8294
2014-07-28,3.74,1.96,105.68,7113.380434782609,12.56,1.08,2.28,93.83
2014-07-29,3.8,1.93,104.91,7113.380434782609,13.28,1.09,2.27,94.0443
2014-07-30,3.79,2.01,104.29,7113.380434782609,13.33,1.09,2.28,94.3473
2014-07-31,4.04,2.05,98.23,7113.380434782609,16.95,1.1,2.29,94.4467
2014-08-01,4.25,2.05,97.86,7001.8375,17.03,1.12,2.27,94.4754
2014-08-04,4.24,2.04,98.26,7001.8375,15.12,1.12,2.25,94.448
2014-08-05,4.17,2.02,97.34,7001.8375,16.87,1.12,2.24,94.6754
2014-08-06,4.21,2.01,96.93,7001.8375,16.37,1.14,2.25,94.6092
2014-08-07,4.2,1.99,97.34,7001.8375,16.66,1.14,2.24,94.6364
2014-08-08,4.2,1.99,97.61,7001.8375,15.77,1.14,2.25,94.6027
2014-08-11,4.12,1.97,98.09,7001.8375,14.23,1.14,2.25,94.4767
2014-08-12,4.07,2.01,97.36,7001.8375,14.13,1.14,2.24,94.5211
2014-08-13,4.03,2.0,97.57,7001.8375,12.9,1.14,2.23,94.4681
2014-08-14,3.97,1.98,95.54,7001.8375,12.42,1.14,2.21,94.3508
2014-08-15,3.97,1.92,97.3,7001.8375,13.15,1.14,2.18,94.2941
2014-08-18,3.89,1.95,96.44,7001.8375,12.32,1.13,2.18,94.2519
2014-08-19,3.85,1.94,94.35,7001.8375,12.21,1.13,2.17,94.4356
2014-08-20,3.79,1.94,96.4,7001.8375,11.78,1.13,2.17,94.5937
2014-08-21,3.81,1.92,93.97,7001.8375,11.76,1.12,2.17,94.673
2014-08-22,3.79,1.87,93.61,7001.8375,11.47,1.12,2.14,94.8012
2014-08-25,3.77,1.86,95.39,7001.8375,11.7,1.12,2.15,94.9159
2014-08-26,3.78,1.87,95.78,7001.8375,11.63,1.11,2.14,94.8617
2014-08-27,3.81,1.86,95.82,7001.8375,11.78,1.11,2.14,94.6863
2014-08-28,3.82,1.84,96.44,7001.8375,12.05,1.12,2.13,94.6947
2014-08-29,3.8,1.87,97.86,7001.8375,11.98,1.12,2.12,94.7251
2014-08-31,3.84,1.87,97.86,7001.8375,11.98,1.12,2.12,94.7251
2014-09-01,3.84,1.87,97.86,6872.215909090909,11.98,1.12,2.12,94.7251
2014-09-02,3.8,1.89,92.92,6872.215909090909,12.25,1.12,2.15,95.063
2014-09-03,3.83,1.89,95.5,6872.215909090909,12.36,1.12,2.17,94.8709
2014-09-04,3.85,1.91,94.51,6872.215909090909,12.64,1.12,2.17,95.2641
2014-09-05,3.93,1.94,93.32,6872.215909090909,12.09,1.12,2.15,95.2203
2014-09-08,3.92,1.94,92.64,6872.215909090909,12.66,1.12,2.13,95.4167
2014-09-09,3.93,1.94,92.73,6872.215909090909,13.5,1.12,2.11,95.8811
2014-09-10,4.01,1.96,91.71,6872.215909090909,12.88,1.13,2.1,95.8641
2014-09-11,4.05,1.96,92.89,6872.215909090909,12.8,1.14,2.12,95.9184
2014-09-12,4.03,2.04,92.18,6872.215909090909,13.31,1.14,2.13,96.0748
2014-09-15,4.06,2.02,92.86,6872.215909090909,14.12,1.14,2.13,96.1195
2014-09-16,4.1,2.05,94.91,6872.215909090909,12.73,1.15,2.12,95.8483
2014-09-17,4.05,2.03,94.33,6872.215909090909,12.65,1.14,2.06,95.9106
2014-09-18,3.98,2.04,93.07,6872.215909090909,12.03,1.14,2.02,96.1284
2014-09-19,3.97,2.0,92.43,6872.215909090909,12.11,1.13,2.03,96.3417
2014-09-22,4.02,1.99,91.46,6872.215909090909,13.69,1.14,1.99,96.4625
2014-09-23,4.13,1.97,91.55,6872.215909090909,14.93,1.14,2.02,96.5112
2014-09-24,4.18,1.98,93.6,6872.215909090909,13.27,1.15,2.03,96.6574
2014-09-25,4.33,1.96,93.59,6872.215909090909,15.64,1.16,2.02,96.8988
2014-09-26,4.4,1.95,95.55,6872.215909090909,14.85,1.17,1.97,97.208
2014-09-29,4.51,1.92,94.53,6872.215909090909,15.98,1.19,1.95,97.3523
2014-09-30,4.4,1.94,91.17,6872.215909090909,16.31,1.2,1.97,97.5261
2014-10-01,4.45,1.89,90.74,6737.478260869565,16.71,1.21,1.96,97.5387
2014-10-02,4.42,1.91,91.02,6737.478260869565,16.16,1.22,1.95,97.3062
2014-10-03,4.29,1.88,89.76,6737.478260869565,14.55,1.21,1.93,97.9846
2014-10-06,4.26,1.89,90.33,6737.478260869565,15.46,1.2,1.93,97.5513
2014-10-07,4.37,1.84,88.89,6737.478260869565,17.2,1.2,1.92,97.4459
2014-10-08,4.48,1.89,87.29,6737.478260869565,15.11,1.22,1.96,97.4945
2014-10-09,4.52,1.88,85.76,6737.478260869565,18.76,1.22,1.97,97.1711
2014-10-10,4.66,1.86,85.87,6737.478260869565,21.24,1.23,1.96,97.4144
2014-10-13,4.66,1.86,85.73,6737.478260869565,24.64,1.23,1.96,97.4144
2014-10-14,4.83,1.82,81.72,6737.478260869565,22.79,1.24,1.92,97.3943
2014-10-15,5.08,1.81,81.82,6737.478260869565,26.25,1.29,1.86,97.3532
2014-10-16,4.98,1.82,82.33,6737.478260869565,25.2,1.29,1.89,97.2869
2014-10-17,4.68,1.83,82.8,6737.478260869565,21.99,1.28,1.92,97.3067
2014-10-20,4.68,1.83,82.76,6737.478260869565,18.57,1.28,1.91,97.2874
2014-10-21,4.5,1.85,83.25,6737.478260869565,16.08,1.28,1.9,97.2488
2014-10-22,4.44,1.84,80.52,6737.478260869565,17.87,1.27,1.91,97.459
2014-10-23,4.38,1.88,82.81,6737.478260869565,16.53,1.27,1.91,97.6047
2014-10-24,4.38,1.88,81.27,6737.478260869565,16.11,1.27,1.9,97.4772
2014-10-27,4.41,1.86,81.26,6737.478260869565,16.04,1.27,1.89,97.5423
2014-10-28,4.39,1.88,81.36,6737.478260869565,14.39,1.27,1.91,97.2173
2014-10-29,4.32,1.86,82.25,6737.478260869565,15.15,1.26,1.92,97.0145
2014-10-30,4.35,1.84,81.06,6737.478260869565,14.52,1.27,1.9,97.456
2014-10-31,4.3,1.85,80.53,6737.478260869565,14.03,1.27,1.92,98.1163
2014-11-01,4.3,1.85,80.53,6712.85,14.03,1.27,1.92,98.1163
2014-11-03,4.29,1.84,78.77,6712.85,14.73,1.27,1.93,98.5336
2014-11-04,4.35,1.83,77.15,6712.85,14.89,1.28,1.92,98.5576
2014-11-05,4.32,1.84,78.71,6712.85,14.17,1.28,1.93,98.8086
2014-11-06,4.3,1.85,77.87,6712.85,13.67,1.29,1.94,99.1325
2014-11-07,4.36,1.81,78.71,6712.85,13.12,1.3,1.94,99.0236
2014-11-10,4.32,1.83,77.43,6712.85,12.67,1.29,1.94,98.9305
2014-11-11,4.32,1.83,77.85,6712.85,12.92,1.29,1.94,98.9305
2014-11-12,4.33,1.82,77.16,6712.85,13.02,1.3,1.91,98.8897
2014-11-13,4.37,1.82,74.13,6712.85,13.79,1.31,1.88,99.1045
2014-11-14,4.43,1.78,75.91,6712.85,13.31,1.32,1.89,99.0917
2014-11-17,4.46,1.8,75.64,6712.85,13.99,1.33,1.86,99.2188
2014-11-18,4.53,1.79,74.55,6712.85,13.86,1.34,1.84,99.0185
2014-11-19,4.57,1.82,74.55,6712.85,13.96,1.35,1.83,99.2424
2014-11-20,4.61,1.81,75.63,6712.85,13.58,1.35,1.85,99.2554
2014-11-21,4.54,1.78,76.52,6712.85,12.9,1.34,1.86,99.2894
2014-11-24,4.54,1.77,75.74,6712.85,12.62,1.34,1.86,99.4227
2014-11-25,4.54,1.76,74.04,6712.85,12.25,1.34,1.85,99.2837
2014-11-26,4.56,1.71,73.7,6712.85,12.07,1.34,1.82,99.1893
2014-11-27,4.56,1.71,73.7,6712.85,12.07,1.33,1.82,99.1893
2014-11-28,4.64,1.71,65.94,6712.85,13.33,1.34,1.79,100.0719
2014-11-30,4.67,1.71,65.94,6712.85,13.33,1.35,1.79,100.0719
2014-12-01,4.82,1.73,68.98,6446.452380952381,14.29,1.36,1.79,99.8964
2014-12-02,4.82,1.73,66.99,6446.452380952381,12.85,1.36,1.77,100.4478
2014-12-03,4.81,1.72,67.3,6446.452380952381,12.47,1.37,1.79,100.5696
2014-12-04,4.83,1.7,66.73,6446.452380952381,12.38,1.37,1.77,100.3931
2014-12-05,4.77,1.66,65.89,6446.452380952381,11.82,1.37,1.75,101.0989
2014-12-08,4.87,1.62,63.13,6446.452380952381,14.21,1.38,1.71,101.31
2014-12-09,5.06,1.58,63.74,6446.452380952381,14.89,1.4,1.73,100.8095
2014-12-10,5.21,1.59,60.99,6446.452380952381,18.53,1.42,1.71,101.0212
2014-12-11,5.25,1.57,60.01,6446.452380952381,20.08,1.43,1.7,101.4448
2014-12-12,5.47,1.54,57.81,6446.452380952381,21.08,1.45,1.64,101.3735
2014-12-15,5.52,1.52,55.96,6446.452380952381,20.42,1.47,1.62,101.674
2014-12-16,5.71,1.49,55.97,6446.452380952381,23.57,1.51,1.65,101.526
2014-12-17,5.48,1.52,56.43,6446.452380952381,19.44,1.5,1.65,101.5527
2014-12-18,5.15,1.55,54.18,6446.452380952381,16.81,1.47,1.65,101.7531
2014-12-19,5.09,1.5,56.91,6446.452380952381,16.49,1.46,1.68,102.0483
2014-12-22,5.03,1.46,55.25,6446.452380952381,15.25,1.44,1.7,101.9942
2014-12-23,4.94,1.53,56.78,6446.452380952381,14.8,1.43,1.7,102.348
2014-12-24,4.93,1.54,55.7,6446.452380952381,14.37,1.43,1.68,102.3028
2014-12-26,4.93,1.52,54.59,6446.452380952381,14.5,1.43,1.67,102.3028
2014-12-29,4.96,1.5,53.46,6446.452380952381,15.06,1.43,1.65,102.3767
2014-12-30,4.98,1.51,54.14,6446.452380952381,15.92,1.43,1.64,102.1019
2014-12-31,5.04,1.5,53.45,6446.452380952381,19.2,1.44,1.68,102.2843
2015-01-01,5.04,1.5,53.45,5830.535714285714,19.2,1.44,1.68,102.2843
2015-01-02,5.08,1.46,52.72,5830.535714285714,17.79,1.45,1.71,102.9027
2015-01-05,5.21,1.36,50.05,5830.535714285714,19.92,1.46,1.64,103.4976
2015-01-06,5.37,1.32,47.98,5830.535714285714,21.12,1.48,1.56,103.2938
2015-01-07,5.31,1.34,48.69,5830.535714285714,19.31,1.49,1.57,103.6316
2015-01-08,5.17,1.41,48.8,5830.535714285714,17.01,1.47,1.62,103.2799
2015-01-09,5.2,1.39,48.35,5830.535714285714,17.55,1.48,1.62,103.1213
2015-01-12,5.27,1.36,46.06,5830.535714285714,19.6,1.49,1.57,103.2372
2015-01-13,5.28,1.37,45.92,5830.535714285714,20.56,1.5,1.54,103.27
2015-01-14,5.39,1.35,48.49,5830.535714285714,21.48,1.52,1.57,103.0903
2015-01-15,5.42,1.33,46.37,5830.535714285714,22.39,1.53,1.58,103.0829
2015-01-16,5.42,1.34,48.49,5830.535714285714,20.95,1.53,1.6,103.2189
2015-01-19,5.39,1.34,48.49,5830.535714285714,20.95,1.53,1.6,103.2189
2015-01-20,5.39,1.29,46.79,5830.535714285714,19.89,1.53,1.59,103.5233
2015-01-21,5.36,1.34,47.85,5830.535714285714,18.85,1.52,1.61,103.7858
2015-01-22,5.27,1.37,45.93,5830.535714285714,16.4,1.51,1.61,103.9271
2015-01-23,5.3,1.29,45.26,5830.535714285714,16.66,1.5,1.6,104.3676
2015-01-26,5.26,1.29,44.8,5830.535714285714,15.52,1.49,1.61,104.4818
2015-01-27,5.29,1.29,45.84,5830.535714285714,17.22,1.5,1.66,104.1646
2015-01-28,5.31,1.23,44.08,5830.535714285714,20.44,1.51,1.61,104.4737
2015-01-29,5.28,1.26,44.12,5830.535714285714,18.76,1.51,1.62,105.2763
2015-01-30,5.37,1.21,47.79,5830.535714285714,20.97,1.52,1.65,105.5884
2015-01-31,5.26,1.21,47.79,5830.535714285714,20.97,1.53,1.65,105.5884
2015-02-01,5.26,1.21,47.79,5729.275,20.97,1.53,1.65,105.5884
2015-02-02,5.26,1.19,49.25,5729.275,19.43,1.53,1.65,105.2058
2015-02-03,5.11,1.27,53.04,5729.275,17.33,1.51,1.7,104.6063
2015-02-04,5.05,1.29,48.45,5729.275,18.33,1.5,1.71,104.785
2015-02-05,4.99,1.31,50.48,5729.275,16.85,1.49,1.7,104.4915
2015-02-06,4.78,1.3,51.66,5729.275,17.29,1.46,1.71,105.1283
2015-02-09,4.8,1.31,52.99,5729.275,18.55,1.45,1.71,104.9889
2015-02-10,4.75,1.34,50.06,5729.275,17.23,1.45,1.7,105.2897
2015-02-11,4.76,1.33,48.8,5729.275,16.96,1.45,1.68,105.7901
2015-02-12,4.74,1.38,51.17,5729.275,15.34,1.43,1.66,104.9385
2015-02-13,4.71,1.36,52.66,5729.275,14.69,1.43,1.68,104.8452
2015-02-16,4.69,1.36,52.66,5729.275,14.69,1.43,1.68,104.8452
2015-02-17,4.57,1.44,53.56,5729.275,15.8,1.41,1.71,104.8452
2015-02-18,4.62,1.45,52.13,5729.275,15.45,1.4,1.71,105.2514
2015-02-19,4.58,1.44,51.12,5729.275,15.29,1.39,1.74,105.1407
2015-02-20,4.53,1.46,49.95,5729.275,14.3,1.38,1.75,105.3387
2015-02-23,4.56,1.42,49.56,5729.275,14.56,1.38,1.72,105.5359
2015-02-24,4.58,1.39,48.48,5729.275,13.69,1.38,1.72,105.5472
2015-02-25,4.54,1.35,50.25,5729.275,13.84,1.39,1.72,105.0503
2015-02-26,4.43,1.37,47.65,5729.275,13.91,1.37,1.79,105.5021
2015-02-27,4.43,1.37,49.84,5729.275,13.34,1.38,1.83,105.5981
2015-02-28,4.46,1.37,49.84,5729.275,13.34,1.32,1.83,105.5981
2015-03-01,4.46,1.37,49.84,5939.670454545455,13.34,1.32,1.83,105.5981
2015-03-02,4.38,1.42,49.59,5939.670454545455,13.04,1.31,1.83,105.8151
2015-03-03,4.38,1.44,50.43,5939.670454545455,13.86,1.3,1.86,105.5562
2015-03-04,4.44,1.46,51.53,5939.670454545455,14.23,1.31,1.87,106.1333
2015-03-05,4.46,1.46,50.76,5939.670454545455,14.04,1.31,1.84,106.1333
2015-03-06,4.42,1.51,49.61,5939.670454545455,15.2,1.29,1.83,107.4337
2015-03-09,4.51,1.5,49.95,5939.670454545455,15.06,1.3,1.76,107.5199
2015-03-10,4.66,1.44,48.42,5939.670454545455,16.69,1.32,1.73,108.1165
2015-03-11,4.61,1.41,48.06,5939.670454545455,16.87,1.32,1.72,108.5235
2015-03-12,4.62,1.43,47.12,5939.670454545455,15.42,1.33,1.71,108.1741
2015-03-13,4.68,1.45,44.88,5939.670454545455,16.0,1.34,1.69,108.9174
2015-03-16,4.72,1.44,43.93,5939.670454545455,15.61,1.35,1.65,108.6422
2015-03-17,4.79,1.36,43.39,5939.670454545455,15.66,1.37,1.64,108.5805
2015-03-18,4.91,1.36,44.63,5939.670454545455,13.97,1.38,1.7,108.408
2015-03-19,4.79,1.35,44.02,5939.670454545455,14.07,1.38,1.79,108.1826
2015-03-20,4.81,1.33,46.0,5939.670454545455,13.02,1.38,1.76,107.1671
2015-03-23,4.82,1.32,47.4,5939.670454545455,13.41,1.38,1.75,106.5022
2015-03-24,4.81,1.3,47.03,5939.670454545455,13.62,1.38,1.77,106.4401
2015-03-25,4.76,1.34,48.75,5939.670454545455,15.44,1.38,1.81,106.2636
2015-03-26,4.74,1.4,51.41,5939.670454545455,15.8,1.38,1.8,106.5582
2015-03-27,4.76,1.37,48.83,5939.670454545455,15.07,1.38,1.76,106.8916
2015-03-30,4.73,1.38,48.66,5939.670454545455,14.51,1.38,1.73,107.3941
2015-03-31,4.82,1.38,47.72,5939.670454545455,15.29,1.36,1.76,107.4396
2015-04-01,4.86,1.32,50.12,6042.0875,15.11,1.37,1.8,107.06
2015-04-02,4.82,1.37,49.13,6042.0875,14.67,1.36,1.81,106.6738
2015-04-03,4.82,1.36,49.13,6042.0875,14.67,1.36,1.83,105.8861
2015-04-06,4.8,1.41,52.08,6042.0875,14.74,1.36,1.85,105.7876
2015-04-07,4.72,1.37,53.95,6042.0875,14.78,1.34,1.85,106.4488
2015-04-08,4.67,1.38,50.44,6042.0875,13.98,1.34,1.84,106.4231
2015-04-09,4.62,1.41,50.79,6042.0875,13.09,1.33,1.84,107.0335
2015-04-10,4.6,1.39,51.63,6042.0875,12.58,1.32,1.82,107.4526
2015-04-13,4.6,1.4,51.95,6042.0875,13.94,1.32,1.8,107.7508
2015-04-14,4.62,1.37,53.3,6042.0875,13.67,1.32,1.8,107.0547
2015-04-15,4.58,1.4,56.25,6042.0875,12.84,1.33,1.84,107.1855
2015-04-16,4.61,1.4,56.69,6042.0875,12.6,1.33,1.85,106.2761
2015-04-17,4.66,1.36,55.71,6042.0875,13.89,1.33,1.89,106.329
2015-04-20,4.6,1.35,56.37,6042.0875,13.3,1.33,1.89,106.4902
2015-04-21,4.57,1.37,55.58,6042.0875,13.25,1.32,1.86,106.5582
2015-04-22,4.53,1.42,56.17,6042.0875,12.71,1.31,1.87,106.5815
2015-04-23,4.55,1.41,56.59,6042.0875,12.48,1.32,1.89,106.1658
2015-04-24,4.56,1.39,55.98,6042.0875,12.29,1.32,1.89,105.905
2015-04-27,4.55,1.4,55.56,6042.0875,13.12,1.32,1.91,105.6891
2015-04-28,4.52,1.44,57.05,6042.0875,12.41,1.32,1.89,105.1234
2015-04-29,4.53,1.5,58.55,6042.0875,13.39,1.32,1.92,104.5634
2015-04-30,4.59,1.47,59.62,6042.0875,14.55,1.34,1.94,105.312
2015-05-01,4.53,1.52,59.1,6294.776315789474,12.7,1.33,1.94,105.6382
2015-05-04,4.51,1.56,58.92,6294.776315789474,12.85,1.33,1.92,105.6679
2015-05-05,4.48,1.57,60.38,6294.776315789474,14.31,1.33,1.94,105.2396
2015-05-06,4.5,1.6,60.93,6294.776315789474,15.15,1.33,1.91,104.6935
2015-05-07,4.55,1.55,58.99,6294.776315789474,15.13,1.33,1.88,105.1941
2015-05-08,4.53,1.57,59.41,6294.776315789474,12.86,1.34,1.88,104.8424
2015-05-11,4.45,1.66,59.23,6294.776315789474,13.85,1.32,1.88,105.3075
2015-05-12,4.56,1.67,60.72,6294.776315789474,13.86,1.33,1.88,104.8924
2015-05-13,4.51,1.68,60.5,6294.776315789474,13.76,1.33,1.86,104.3608
2015-05-14,4.52,1.67,59.89,6294.776315789474,12.74,1.33,1.87,104.2359
2015-05-15,4.55,1.59,59.73,6294.776315789474,12.38,1.33,1.83,104.0202
2015-05-18,4.49,1.65,59.44,6294.776315789474,12.73,1.32,1.86,104.6068
2015-05-19,4.46,1.64,57.3,6294.776315789474,12.85,1.32,1.85,105.3448
2015-05-20,4.49,1.66,58.96,6294.776315789474,12.88,1.33,1.88,105.5605
2015-05-21,4.51,1.59,60.18,6294.776315789474,12.11,1.34,1.84,105.3808
2015-05-22,4.47,1.57,58.88,6294.776315789474,12.13,1.34,1.87,105.8487
2015-05-26,4.51,1.5,57.29,6294.776315789474,14.06,1.34,1.82,106.7294
2015-05-27,4.48,1.5,57.51,6294.776315789474,13.27,1.35,1.8,106.908
2015-05-28,4.5,1.51,57.69,6294.776315789474,13.31,1.36,1.8,106.92
2015-05-29,4.52,1.51,60.25,6294.776315789474,13.84,1.37,1.8,106.7388
2015-05-31,4.58,1.51,60.25,6294.776315789474,13.84,1.38,1.8,106.7388
2015-06-01,4.52,1.55,60.24,5833.011363636364,13.97,1.38,1.8,107.2238
2015-06-02,4.49,1.63,61.3,5833.011363636364,14.24,1.38,1.83,106.4507
2015-06-03,4.46,1.69,59.67,5833.011363636364,13.66,1.38,1.83,106.1443
2015-06-04,4.56,1.65,58.0,5833.011363636364,14.71,1.39,1.81,106.4725
2015-06-05,4.56,1.68,59.11,5833.011363636364,14.21,1.38,1.86,107.1336
2015-06-08,4.61,1.69,58.15,5833.011363636364,15.29,1.38,1.85,106.7693
2015-06-09,4.66,1.7,60.15,5833.011363636364,14.47,1.39,1.86,106.2238
2015-06-10,4.6,1.75,61.36,5833.011363636364,13.22,1.4,1.87,105.8037
2015-06-11,4.62,1.66,60.74,5833.011363636364,12.85,1.4,1.83,106.0934
2015-06-12,4.63,1.65,59.96,5833.011363636364,13.78,1.4,1.84,105.9015
2015-06-15,4.71,1.64,59.53,5833.011363636364,15.39,1.42,1.85,105.9989
2015-06-16,4.77,1.61,60.01,5833.011363636364,14.81,1.43,1.88,106.0473
2015-06-17,4.76,1.65,59.89,5833.011363636364,14.5,1.43,1.9,106.058
2015-06-18,4.71,1.69,60.41,5833.011363636364,13.19,1.44,1.89,105.102
2015-06-19,4.73,1.61,59.62,5833.011363636364,13.96,1.44,1.86,105.4496
2015-06-22,4.62,1.69,60.01,5833.011363636364,12.74,1.43,1.9,105.3846
2015-06-23,4.62,1.72,61.05,5833.011363636364,12.11,1.43,1.92,105.9678
2015-06-24,4.66,1.7,60.01,5833.011363636364,13.26,1.44,1.9,106.2522
2015-06-25,4.67,1.72,59.59,5833.011363636364,14.01,1.44,1.91,106.1515
2015-06-26,4.65,1.77,59.41,5833.011363636364,14.02,1.43,1.92,106.4116
2015-06-29,4.91,1.69,58.34,5833.011363636364,18.85,1.46,1.87,106.3785
2015-06-30,5.0,1.71,59.48,5833.011363636364,18.23,1.48,1.87,106.5191
2015-07-01,4.88,1.74,56.94,5456.75,16.09,1.46,1.89,107.0101
2015-07-02,4.91,1.76,56.93,5456.75,16.79,1.46,1.91,106.9106
2015-07-03,4.91,1.76,56.93,5456.75,16.79,1.46,1.91,106.9106
2015-07-06,5.07,1.7,52.48,5456.75,17.01,1.47,1.87,107.1343
2015-07-07,5.13,1.69,52.33,5456.75,16.09,1.49,1.87,107.785
2015-07-08,5.21,1.67,51.61,5456.75,19.66,1.5,1.83,107.4734
2015-07-09,5.11,1.72,52.76,5456.75,19.97,1.5,1.85,107.5595
2015-07-10,4.97,1.77,52.74,5456.75,16.83,1.49,1.87,107.213
2015-07-13,4.93,1.75,52.19,5456.75,13.9,1.48,1.86,107.5849
2015-07-14,4.94,1.75,53.05,5456.75,13.37,1.49,1.85,107.4843
2015-07-15,4.93,1.72,51.4,5456.75,13.23,1.5,1.84,108.0149
2015-07-16,4.91,1.69,50.9,5456.75,12.11,1.5,1.84,108.1726
2015-07-17,4.95,1.66,50.88,5456.75,11.95,1.5,1.83,108.5374
2015-07-20,4.96,1.67,50.11,5456.75,12.25,1.5,1.82,108.6944
2015-07-21,5.06,1.64,50.59,5456.75,12.22,1.51,1.82,108.3893
2015-07-22,5.16,1.58,49.27,5456.75,12.12,1.52,1.8,108.7817
2015-07-23,5.21,1.57,48.11,5456.75,12.64,1.53,1.79,108.7565
2015-07-24,5.32,1.57,47.98,5456.75,13.74,1.54,1.76,109.0174
2015-07-27,5.49,1.55,47.17,5456.75,15.6,1.55,1.73,108.6924
2015-07-28,5.44,1.57,47.97,5456.75,13.44,1.56,1.75,108.6881
2015-07-29,5.33,1.59,48.77,5456.75,12.5,1.56,1.77,108.604
2015-07-30,5.26,1.56,48.53,5456.75,12.13,1.56,1.77,109.4328
2015-07-31,5.36,1.53,47.11,5456.75,12.12,1.58,1.74,108.7819
2015-08-01,5.36,1.53,47.11,5127.3,12.12,1.58,1.74,108.7819
2015-08-03,5.45,1.48,45.25,5127.3,12.56,1.58,1.7,109.214
2015-08-04,5.41,1.49,45.75,5127.3,13.0,1.58,1.71,109.2244
2015-08-05,5.29,1.55,45.13,5127.3,12.51,1.58,1.7,109.842
2015-08-06,5.4,1.52,44.69,5127.3,13.77,1.59,1.67,109.722
2015-08-07,5.52,1.45,43.87,5127.3,13.39,1.6,1.66,109.4376
2015-08-10,5.51,1.51,44.94,5127.3,12.23,1.61,1.69,109.1931
2015-08-11,5.67,1.47,43.11,5127.3,13.71,1.62,1.66,109.9464
2015-08-12,5.79,1.47,43.22,5127.3,13.61,1.64,1.62,109.4655
2015-08-13,5.66,1.47,42.27,5127.3,13.49,1.64,1.62,109.9025
2015-08-14,5.52,1.47,42.45,5127.3,12.83,1.64,1.62,109.9174
2015-08-17,5.58,1.44,41.93,5127.3,13.02,1.64,1.58,110.1435
2015-08-18,5.56,1.46,42.58,5127.3,13.79,1.64,1.58,110.2504
2015-08-19,5.68,1.45,40.75,5127.3,15.25,1.66,1.57,110.4333
2015-08-20,5.75,1.4,41.0,5127.3,19.14,1.67,1.56,110.1077
2015-08-21,5.86,1.41,40.45,5127.3,28.03,1.69,1.53,110.1443
2015-08-24,6.14,1.42,38.22,5127.3,40.74,1.72,1.49,109.9306
2015-08-25,5.9,1.45,39.15,5127.3,36.02,1.72,1.53,110.3394
2015-08-26,5.91,1.51,38.5,5127.3,30.32,1.72,1.53,110.5807
2015-08-27,5.8,1.5,42.47,5127.3,26.1,1.7,1.58,110.4834
2015-08-28,5.72,1.47,45.29,5127.3,26.05,1.69,1.61,110.6714
2015-08-31,5.7,1.47,49.2,5127.3,28.43,1.69,1.63,110.5621
2015-09-01,5.78,1.47,45.38,5217.25,31.4,1.7,1.57,110.4506
2015-09-02,5.73,1.48,46.3,5217.25,26.09,1.69,1.56,110.7979
2015-09-03,5.7,1.47,46.75,5217.25,25.61,1.68,1.54,110.8566
2015-09-04,5.74,1.42,46.02,5217.25,27.8,1.68,1.51,111.1018
2015-09-07,5.74,1.42,46.02,5217.25,27.8,1.68,1.51,111.1018
2015-09-08,5.64,1.46,45.92,5217.25,24.9,1.67,1.53,110.7942
2015-09-09,5.59,1.46,44.13,5217.25,26.23,1.67,1.56,110.9225
2015-09-10,5.58,1.48,45.85,5217.25,24.37,1.67,1.59,110.6331
2015-09-11,5.62,1.49,44.75,5217.25,23.2,1.67,1.59,110.6109
2015-09-14,5.62,1.45,44.07,5217.25,24.25,1.67,1.56,110.5005
2015-09-15,5.54,1.46,44.58,5217.25,22.54,1.66,1.56,110.6394
2015-09-16,5.59,1.48,47.12,5217.25,21.35,1.66,1.57,110.1021
2015-09-17,5.71,1.51,46.93,5217.25,21.14,1.66,1.58,110.1212
2015-09-18,5.8,1.44,44.71,5217.25,22.28,1.66,1.55,109.8165
2015-09-21,5.77,1.48,46.67,5217.25,20.14,1.66,1.54,110.6414
2015-09-22,5.98,1.45,46.17,5217.25,22.44,1.67,1.51,111.1967
2015-09-23,5.98,1.46,44.53,5217.25,22.13,1.68,1.52,111.6287
2015-09-24,6.14,1.46,44.94,5217.25,23.47,1.7,1.49,111.4454
2015-09-25,6.15,1.47,45.55,5217.25,23.62,1.7,1.46,111.3725
2015-09-28,6.48,1.43,44.4,5217.25,27.63,1.74,1.39,111.3914
2015-09-29,6.6,1.41,45.24,5217.25,26.83,1.77,1.39,111.5219
2015-09-30,6.62,1.42,45.06,5217.25,24.5,1.78,1.41,111.3311
2015-10-01,6.67,1.41,44.75,5216.090909090909,22.55,1.79,1.46,111.0439
2015-10-02,6.83,1.41,45.54,5216.090909090909,20.94,1.8,1.48,110.7006
2015-10-05,6.62,1.46,46.28,5216.090909090909,19.54,1.78,1.51,110.4445
2015-10-06,6.52,1.44,48.53,5216.090909090909,19.4,1.77,1.52,110.1371
2015-10-07,6.32,1.43,47.86,5216.090909090909,18.4,1.75,1.55,109.8162
2015-10-08,6.26,1.47,49.46,5216.090909090909,17.42,1.74,1.58,109.6452
2015-10-09,6.13,1.47,49.67,5216.090909090909,17.08,1.73,1.54,109.0782
2015-10-12,6.13,1.47,47.09,5216.090909090909,16.17,1.73,1.54,109.0782
2015-10-13,6.24,1.42,46.7,5216.090909090909,17.67,1.73,1.52,109.4119
2015-10-14,6.31,1.42,46.63,5216.090909090909,18.03,1.74,1.49,109.1244
2015-10-15,6.26,1.43,46.38,5216.090909090909,16.05,1.73,1.5,108.6671
2015-10-16,6.18,1.43,47.3,5216.090909090909,15.05,1.72,1.48,108.9956
2015-10-19,6.16,1.43,45.91,5216.090909090909,14.98,1.72,1.45,109.3858
2015-10-20,6.06,1.42,45.84,5216.090909090909,15.75,1.71,1.48,109.3368
2015-10-21,6.07,1.4,45.22,5216.090909090909,16.7,1.7,1.45,109.7746
2015-10-22,6.1,1.43,44.9,5216.090909090909,14.45,1.69,1.47,110.0342
2015-10-23,5.97,1.43,43.91,5216.090909090909,14.46,1.67,1.51,110.4329
2015-10-26,6.0,1.41,43.19,5216.090909090909,15.29,1.66,1.48,110.2089
2015-10-27,6.07,1.4,43.21,5216.090909090909,15.43,1.67,1.48,110.4875
2015-10-28,5.97,1.37,45.93,5216.090909090909,14.33,1.66,1.47,110.2334
2015-10-29,5.89,1.44,46.02,5216.090909090909,14.61,1.65,1.52,110.8083
2015-10-30,5.88,1.41,46.6,5216.090909090909,15.07,1.65,1.53,110.2079
2015-10-31,5.9,1.41,46.6,5216.090909090909,15.07,1.66,1.53,110.2079
2015-11-01,5.9,1.41,46.6,4799.904761904762,15.07,1.66,1.53,110.2079
2015-11-02,5.84,1.43,46.12,4799.904761904762,14.15,1.65,1.55,110.2188
2015-11-03,5.77,1.43,47.88,4799.904761904762,14.54,1.64,1.58,110.244
2015-11-04,5.73,1.41,46.32,4799.904761904762,15.51,1.63,1.57,110.7139
2015-11-05,5.8,1.41,45.27,4799.904761904762,15.05,1.62,1.55,110.8302
2015-11-06,5.82,1.44,44.32,4799.904761904762,14.33,1.61,1.59,111.7603
2015-11-09,5.94,1.47,43.87,4799.904761904762,16.52,1.61,1.6,111.9112
2015-11-10,6.02,1.45,44.23,4799.904761904762,15.29,1.61,1.55,111.9919
2015-11-11,6.02,1.45,42.95,4799.904761904762,16.06,1.61,1.55,111.9919
2015-11-12,6.13,1.43,41.74,4799.904761904762,18.37,1.62,1.54,111.7965
2015-11-13,6.24,1.42,40.69,4799.904761904762,20.08,1.63,1.52,112.0264
2015-11-16,6.28,1.39,41.68,4799.904761904762,18.16,1.63,1.51,112.2199
2015-11-17,6.19,1.39,40.73,4799.904761904762,18.84,1.62,1.53,112.3141
2015-11-18,6.2,1.37,40.75,4799.904761904762,16.85,1.63,1.56,112.3663
2015-11-19,6.28,1.33,40.55,4799.904761904762,16.99,1.62,1.56,111.5749
2015-11-20,6.32,1.33,39.39,4799.904761904762,15.47,1.62,1.6,111.7799
2015-11-23,6.35,1.31,39.27,4799.904761904762,15.62,1.62,1.61,112.1125
2015-11-24,6.41,1.31,40.89,4799.904761904762,15.93,1.63,1.62,111.7638
2015-11-25,6.37,1.3,41.22,4799.904761904762,15.19,1.63,1.61,111.8936
2015-11-26,6.37,1.3,41.22,4799.904761904762,15.19,1.63,1.61,111.8936
2015-11-27,6.38,1.3,40.57,4799.904761904762,15.12,1.63,1.6,112.2824
2015-11-30,6.4,1.27,40.43,4799.904761904762,16.13,1.62,1.59,112.34
2015-12-01,6.4,1.24,40.58,4638.833333333333,14.67,1.62,1.57,112.1134
2015-12-02,6.34,1.24,39.93,4638.833333333333,15.91,1.63,1.56,112.3715
2015-12-03,6.32,1.37,41.08,4638.833333333333,18.11,1.62,1.61,111.6407
2015-12-04,6.37,1.32,40.0,4638.833333333333,14.81,1.62,1.6,111.5463
2015-12-07,6.51,1.29,37.64,4638.833333333333,15.84,1.63,1.56,112.3056
2015-12-08,6.65,1.3,37.46,4638.833333333333,17.6,1.65,1.56,112.5485
2015-12-09,6.72,1.29,37.16,4638.833333333333,19.61,1.66,1.53,112.1918
2015-12-10,6.71,1.29,36.76,4638.833333333333,19.34,1.67,1.51,112.2672
2015-12-11,7.1,1.25,35.65,4638.833333333333,24.39,1.71,1.46,112.7147
2015-12-14,7.33,1.26,36.31,4638.833333333333,22.73,1.74,1.45,112.7521
2015-12-15,7.09,1.3,37.32,4638.833333333333,20.95,1.74,1.48,112.8609
2015-12-16,6.98,1.28,35.55,4638.833333333333,17.86,1.73,1.46,112.9864
2015-12-17,7.01,1.24,34.98,4638.833333333333,18.94,1.73,1.47,113.8177
2015-12-18,7.2,1.22,34.72,4638.833333333333,20.7,1.74,1.46,113.2837
2015-12-21,7.25,1.24,34.55,4638.833333333333,18.7,1.75,1.45,113.4144
2015-12-22,7.15,1.25,36.12,4638.833333333333,16.6,1.74,1.46,113.211
2015-12-23,7.05,1.26,36.76,4638.833333333333,15.57,1.74,1.51,113.1847
2015-12-24,7.05,1.22,37.62,4638.833333333333,15.74,1.74,1.52,113.0496
2015-12-28,7.07,1.19,36.36,4638.833333333333,16.91,1.74,1.5,113.0461
2015-12-29,6.96,1.23,37.88,4638.833333333333,16.08,1.73,1.53,113.1664
2015-12-30,6.95,1.23,36.59,4638.833333333333,17.29,1.72,1.54,113.4707
2015-12-31,6.95,1.21,37.13,4638.833333333333,18.21,1.73,1.54,113.3429
2016-01-01,6.95,1.21,37.13,4471.7875,18.21,1.73,1.54,113.3429
2016-01-04,7.1,1.22,36.81,4471.7875,20.7,1.73,1.55,114.1595
2016-01-05,7.03,1.21,35.97,4471.7875,19.34,1.73,1.56,114.2649
2016-01-06,7.11,1.19,33.97,4471.7875,20.59,1.74,1.53,114.6177
2016-01-07,7.24,1.2,33.29,4471.7875,24.99,1.75,1.5,114.6516
2016-01-08,7.23,1.19,33.2,4471.7875,27.01,1.77,1.48,115.0095
2016-01-11,7.31,1.23,31.42,4471.7875,24.3,1.78,1.45,115.0139
2016-01-12,7.38,1.19,30.42,4471.7875,22.47,1.8,1.43,115.3128
2016-01-13,7.5,1.17,30.42,4471.7875,25.22,1.8,1.43,115.1425
2016-01-14,7.57,1.2,31.22,4471.7875,23.95,1.84,1.43,115.3846
2016-01-15,7.89,1.18,29.45,4471.7875,27.02,1.89,1.36,115.7404
2016-01-18,7.9,1.18,29.45,4471.7875,27.02,1.89,1.36,115.7404
2016-01-19,7.88,1.18,28.47,4471.7875,26.05,1.91,1.38,115.8155
2016-01-20,8.27,1.16,26.68,4471.7875,27.59,1.98,1.32,116.3498
2016-01-21,8.13,1.18,29.55,4471.7875,26.69,1.98,1.28,115.9833
2016-01-22,7.87,1.19,32.07,4471.7875,22.34,1.96,1.35,115.9833
2016-01-25,7.85,1.15,30.31,4471.7875,24.15,1.98,1.34,115.9833
2016-01-26,7.83,1.16,29.54,4471.7875,22.5,1.99,1.36,115.9833
2016-01-27,7.78,1.18,32.32,4471.7875,23.11,2.0,1.4,115.5087
2016-01-28,7.75,1.17,33.21,4471.7875,22.42,2.01,1.42,115.2224
2016-01-29,7.74,1.18,33.66,4471.7875,20.2,2.02,1.41,115.5731
2016-01-31,7.77,1.18,33.66,4471.7875,20.2,2.02,1.41,115.5731
2016-02-01,7.79,1.16,31.62,4598.619047619048,19.98,2.02,1.4,115.3331
2016-02-02,7.98,1.12,29.9,4598.619047619048,21.98,2.06,1.36,115.553
2016-02-03,8.03,1.16,32.29,4598.619047619048,21.65,2.08,1.38,114.6144
2016-02-04,8.03,1.17,31.63,4598.619047619048,21.84,2.08,1.36,113.6012
2016-02-05,8.1,1.12,30.86,4598.619047619048,23.38,2.09,1.33,114.2935
2016-02-08,8.51,1.09,29.71,4598.619047619048,26.0,2.13,1.23,114.4351
2016-02-09,8.62,1.05,27.96,4598.619047619048,26.54,2.15,1.21,114.127
2016-02-10,8.53,1.0,27.54,4598.619047619048,26.29,2.17,1.21,114.2877
2016-02-11,8.87,0.99,26.19,4598.619047619048,28.14,2.21,1.18,114.1845
2016-02-12,8.64,1.03,29.32,4598.619047619048,25.4,2.2,1.25,114.2992
2016-02-15,8.59,1.03,29.32,4598.619047619048,25.4,2.2,1.25,114.2992
2016-02-16,8.45,1.04,29.05,4598.619047619048,24.11,2.19,1.25,114.4905
2016-02-17,8.21,1.07,30.68,4598.619047619048,22.31,2.17,1.28,113.8634
2016-02-18,8.17,1.04,30.77,4598.619047619048,21.64,2.16,1.24,113.8897
2016-02-19,8.23,1.0,29.59,4598.619047619048,20.53,2.15,1.26,113.9558
2016-02-22,8.09,0.99,31.37,4598.619047619048,19.38,2.14,1.31,113.8232
2016-02-23,8.1,0.98,31.84,4598.619047619048,20.98,2.14,1.32,114.177
2016-02-24,8.17,1.0,30.35,4598.619047619048,20.72,2.14,1.36,114.1716
2016-02-25,8.08,0.99,31.4,4598.619047619048,19.11,2.14,1.39,113.9222
2016-02-26,7.8,0.96,31.65,4598.619047619048,19.81,2.11,1.41,114.3708
2016-02-29,7.75,0.96,32.74,4598.619047619048,20.55,2.05,1.42,114.2418
2016-03-01,7.46,0.98,34.39,4953.797619047619,17.7,2.02,1.48,113.9265
2016-03-02,7.31,0.99,34.57,4953.797619047619,17.09,1.99,1.51,113.7965
2016-03-03,7.28,0.98,34.56,4953.797619047619,16.7,1.98,1.53,113.2482
2016-03-04,7.08,1.0,35.91,4953.797619047619,16.86,1.95,1.51,112.6387
2016-03-07,7.03,1.0,37.9,4953.797619047619,17.35,1.93,1.48,112.6219
2016-03-08,7.14,0.95,36.67,4953.797619047619,18.67,1.93,1.46,112.8465
2016-03-09,7.15,1.0,37.62,4953.797619047619,18.34,1.91,1.51,112.4268
2016-03-10,7.04,1.0,37.77,4953.797619047619,18.05,1.88,1.48,112.4191
2016-03-11,6.82,1.01,38.51,4953.797619047619,16.5,1.85,1.54,111.741
2016-03-14,6.74,1.0,37.2,4953.797619047619,16.92,1.81,1.52,112.1688
2016-03-15,6.84,0.99,36.32,4953.797619047619,16.84,1.8,1.5,112.5545
2016-03-16,6.94,1.07,38.43,4953.797619047619,14.99,1.8,1.58,112.7759
2016-03-17,6.82,1.04,40.17,4953.797619047619,14.44,1.78,1.57,110.445
2016-03-18,6.71,1.04,39.47,4953.797619047619,14.02,1.76,1.61,110.4002
2016-03-21,6.65,1.05,39.91,4953.797619047619,13.79,1.74,1.64,110.737
2016-03-22,6.69,1.03,41.45,4953.797619047619,14.17,1.72,1.63,110.7877
2016-03-23,6.79,1.01,38.28,4953.797619047619,14.94,1.72,1.58,111.5473
2016-03-24,6.93,1.02,38.14,4953.797619047619,14.74,1.73,1.57,111.816
2016-03-25,6.93,1.02,38.14,4953.797619047619,14.74,1.73,1.57,111.7698
2016-03-28,6.99,1.0,37.99,4953.797619047619,15.24,1.73,1.56,111.3578
2016-03-29,7.14,1.03,36.91,4953.797619047619,13.82,1.73,1.61,111.3736
2016-03-30,7.03,1.07,36.91,4953.797619047619,13.56,1.72,1.65,110.2301
2016-03-31,7.05,1.05,36.94,4953.797619047619,13.95,1.7,1.62,109.9191
2016-04-01,7.05,1.03,35.36,4872.738095238095,13.1,1.69,1.62,110.2977
2016-04-04,7.03,1.03,34.3,4872.738095238095,14.12,1.68,1.64,110.3987
2016-04-05,7.13,1.01,34.52,4872.738095238095,15.42,1.69,1.59,110.9478
2016-04-06,7.04,1.03,37.74,4872.738095238095,14.09,1.69,1.59,110.5347
2016-04-07,7.11,1.0,37.3,4872.738095238095,16.16,1.7,1.58,110.8876
2016-04-08,7.03,1.02,39.74,4872.738095238095,15.36,1.7,1.58,110.4213
2016-04-11,7.0,1.03,40.46,4872.738095238095,16.26,1.69,1.56,109.9758
2016-04-12,6.87,1.05,42.12,4872.738095238095,14.85,1.68,1.57,109.816
2016-04-13,6.71,1.02,41.7,4872.738095238095,13.84,1.66,1.56,110.1436
2016-04-14,6.6,1.03,41.45,4872.738095238095,13.72,1.64,1.56,110.1691
2016-04-15,6.62,1.02,40.4,4872.738095238095,13.62,1.64,1.56,110.1933
2016-04-18,6.62,1.03,39.74,4872.738095238095,13.35,1.63,1.57,109.9892
2016-04-19,6.46,1.02,40.88,4872.738095238095,13.24,1.61,1.6,109.2782
2016-04-20,6.31,1.05,42.72,4872.738095238095,13.28,1.58,1.62,109.3926
2016-04-21,6.29,1.06,43.18,4872.738095238095,13.95,1.56,1.64,109.8533
2016-04-22,6.29,1.05,42.76,4872.738095238095,13.22,1.55,1.64,110.2331
2016-04-25,6.32,1.06,41.67,4872.738095238095,14.08,1.54,1.65,110.1865
2016-04-26,6.26,1.08,42.52,4872.738095238095,13.96,1.53,1.67,109.7496
2016-04-27,6.25,1.04,45.29,4872.738095238095,13.77,1.53,1.68,109.8483
2016-04-28,6.19,1.06,46.03,4872.738095238095,15.22,1.52,1.72,109.2148
2016-04-29,6.24,1.06,45.98,4872.738095238095,15.7,1.52,1.71,108.8274
2016-04-30,6.21,1.06,45.98,4872.738095238095,15.7,1.52,1.71,108.8274
2016-05-01,6.21,1.06,45.98,4694.5375,15.7,1.52,1.71,108.8274
2016-05-02,6.16,1.08,44.75,4694.5375,14.68,1.52,1.68,108.671
2016-05-03,6.31,1.06,43.65,4694.5375,15.6,1.53,1.64,109.3613
2016-05-04,6.39,1.04,43.77,4694.5375,16.05,1.54,1.63,109.9952
2016-05-05,6.42,1.04,44.33,4694.5375,15.91,1.55,1.63,110.2417
2016-05-06,6.48,1.05,44.58,4694.5375,14.72,1.56,1.61,110.3801
2016-05-09,6.53,1.05,43.45,4694.5375,14.57,1.56,1.59,110.9466
2016-05-10,6.46,1.05,44.68,4694.5375,13.63,1.56,1.62,110.8225
2016-05-11,6.4,0.99,46.21,4694.5375,14.69,1.57,1.59,110.2806
2016-05-12,6.36,0.99,46.64,4694.5375,14.41,1.56,1.6,110.6935
2016-05-13,6.41,0.95,46.22,4694.5375,15.04,1.57,1.58,111.2521
2016-05-16,6.3,0.96,47.72,4694.5375,14.68,1.56,1.6,111.1217
2016-05-17,6.26,0.94,48.29,4694.5375,15.57,1.56,1.61,111.0867
2016-05-18,6.16,0.97,48.12,4694.5375,15.95,1.55,1.61,111.4995
2016-05-19,6.29,0.96,48.16,4694.5375,16.33,1.56,1.56,112.2331
2016-05-20,6.22,0.96,47.67,4694.5375,15.2,1.56,1.56,112.1822
2016-05-23,6.21,0.93,48.12,4694.5375,15.82,1.56,1.54,112.284
2016-05-24,6.13,0.94,48.04,4694.5375,14.42,1.55,1.55,112.2912
2016-05-25,6.04,0.95,49.1,4694.5375,13.9,1.55,1.58,112.2001
2016-05-26,6.08,0.96,49.0,4694.5375,13.43,1.54,1.58,111.8979
2016-05-27,6.08,0.95,49.36,4694.5375,13.12,1.54,1.58,112.0822
2016-05-30,6.08,0.95,49.36,4694.5375,13.12,1.54,1.58,112.0822
2016-05-31,5.97,0.97,49.1,4694.5375,14.19,1.54,1.54,112.4276
2016-06-01,6.01,0.94,49.07,4641.965909090909,14.2,1.54,1.54,112.462
2016-06-02,6.0,0.92,49.14,4641.965909090909,13.63,1.54,1.54,112.4564
2016-06-03,6.09,0.93,48.69,4641.965909090909,13.47,1.56,1.52,111.4451
2016-06-06,6.0,0.93,49.71,4641.965909090909,13.65,1.55,1.54,111.2295
2016-06-07,5.92,0.94,50.37,4641.965909090909,14.05,1.54,1.57,110.8378
2016-06-08,5.82,0.93,51.23,4641.965909090909,14.08,1.54,1.59,110.1916
2016-06-09,5.86,0.91,50.52,4641.965909090909,14.64,1.54,1.56,110.6168
2016-06-10,5.98,0.91,49.09,4641.965909090909,17.03,1.56,1.52,111.1027
2016-06-13,6.07,0.89,48.89,4641.965909090909,20.97,1.57,1.47,111.5036
2016-06-14,6.19,0.88,48.49,4641.965909090909,20.5,1.59,1.45,111.9826
2016-06-15,6.18,0.91,47.92,4641.965909090909,20.14,1.6,1.47,111.7671
2016-06-16,6.32,0.87,46.14,4641.965909090909,19.37,1.61,1.42,112.2347
2016-06-17,6.21,0.92,48.0,4641.965909090909,19.41,1.6,1.42,111.5332
2016-06-20,6.0,0.93,49.4,4641.965909090909,18.37,1.58,1.43,110.8693
2016-06-21,6.0,0.95,48.95,4641.965909090909,18.48,1.57,1.43,111.0077
2016-06-22,5.96,0.94,49.16,4641.965909090909,21.17,1.56,1.44,110.7681
2016-06-23,5.83,0.96,49.34,4641.965909090909,17.25,1.54,1.5,110.262
2016-06-24,6.33,0.93,46.7,4641.965909090909,25.76,1.61,1.42,112.1355
2016-06-27,6.57,0.85,45.8,4641.965909090909,23.85,1.64,1.34,113.1301
2016-06-28,6.48,0.85,47.93,4641.965909090909,18.75,1.63,1.37,112.7545
2016-06-29,6.26,0.88,49.85,4641.965909090909,16.64,1.62,1.4,111.8597
2016-06-30,6.21,0.91,48.27,4641.965909090909,15.63,1.62,1.4,112.1618
2016-07-01,6.12,0.87,49.02,4864.904761904762,14.77,1.61,1.43,111.6509
2016-07-04,6.12,0.87,49.02,4864.904761904762,14.77,1.61,1.43,111.6509
2016-07-05,6.16,0.81,46.73,4864.904761904762,15.58,1.61,1.4,112.4231
2016-07-06,6.14,0.8,47.37,4864.904761904762,14.96,1.6,1.43,112.5438
2016-07-07,6.02,0.82,45.22,4864.904761904762,14.76,1.59,1.43,112.5775
2016-07-08,5.88,0.76,45.37,4864.904761904762,13.2,1.57,1.43,112.3963
2016-07-11,5.66,0.77,44.73,4864.904761904762,13.54,1.55,1.42,112.5254
2016-07-12,5.46,0.84,46.82,4864.904761904762,13.55,1.52,1.46,112.1102
2016-07-13,5.58,0.8,44.87,4864.904761904762,13.04,1.52,1.45,112.0266
2016-07-14,5.44,0.85,45.64,4864.904761904762,12.82,1.5,1.45,111.7692
2016-07-15,5.42,0.89,45.93,4864.904761904762,12.67,1.49,1.49,112.2833
2016-07-18,5.44,0.91,45.23,4864.904761904762,12.44,1.49,1.49,112.2463
2016-07-19,5.45,0.86,44.64,4864.904761904762,11.97,1.48,1.44,112.638
2016-07-20,5.4,0.86,44.96,4864.904761904762,11.77,1.48,1.46,112.6743
2016-07-21,5.41,0.87,43.96,4864.904761904762,12.74,1.48,1.52,112.6239
2016-07-22,5.39,0.86,43.41,4864.904761904762,12.02,1.47,1.51,112.989
2016-07-25,5.39,0.86,42.4,4864.904761904762,12.87,1.46,1.5,113.1784
2016-07-26,5.45,0.82,42.16,4864.904761904762,13.05,1.47,1.5,113.0593
2016-07-27,5.51,0.79,41.9,4864.904761904762,12.83,1.48,1.49,113.217
2016-07-28,5.54,0.8,41.13,4864.904761904762,12.72,1.49,1.52,112.7393
2016-07-29,5.61,0.79,41.54,4864.904761904762,11.87,1.5,1.49,111.874
2016-07-31,5.69,0.79,41.54,4864.904761904762,11.87,1.5,1.49,111.874
2016-08-01,5.69,0.84,40.05,4751.670454545455,12.44,1.5,1.46,111.9757
2016-08-02,5.73,0.88,39.5,4751.670454545455,13.37,1.5,1.44,111.7124
2016-08-03,5.72,0.88,40.8,4751.670454545455,12.86,1.51,1.46,111.9419
2016-08-04,5.65,0.87,41.92,4751.670454545455,12.42,1.51,1.47,111.9149
2016-08-05,5.46,0.87,41.83,4751.670454545455,11.39,1.49,1.5,112.3589
2016-08-08,5.42,0.85,43.06,4751.670454545455,11.5,1.47,1.51,112.1456
2016-08-09,5.36,0.84,42.78,4751.670454545455,11.66,1.47,1.49,111.722
2016-08-10,5.38,0.81,41.75,4751.670454545455,12.05,1.46,1.44,111.3238
2016-08-11,5.31,0.81,43.51,4751.670454545455,11.68,1.45,1.47,111.1954
2016-08-12,5.34,0.8,44.47,4751.670454545455,11.55,1.45,1.44,111.1787
2016-08-15,5.23,0.83,45.72,4751.670454545455,11.81,1.44,1.45,110.9212
2016-08-16,5.17,0.81,46.57,4751.670454545455,12.64,1.43,1.44,110.4295
2016-08-17,5.19,0.82,46.81,4751.670454545455,12.19,1.42,1.47,110.9459
2016-08-18,5.2,0.82,48.2,4751.670454545455,11.43,1.42,1.47,110.3134
2016-08-19,5.15,0.82,48.48,4751.670454545455,11.34,1.4,1.48,110.8163
2016-08-22,5.18,0.79,46.8,4751.670454545455,12.27,1.41,1.47,110.9997
2016-08-23,5.14,0.81,47.54,4751.670454545455,12.38,1.4,1.48,110.9414
2016-08-24,5.13,0.8,46.29,4751.670454545455,13.45,1.4,1.48,111.2958
2016-08-25,5.14,0.8,46.97,4751.670454545455,13.63,1.39,1.49,111.1726
2016-08-26,5.04,0.78,47.64,4751.670454545455,13.65,1.38,1.47,111.2035
2016-08-29,5.1,0.76,46.97,4751.670454545455,12.94,1.38,1.46,111.8775
2016-08-30,5.07,0.77,46.32,4751.670454545455,13.12,1.38,1.46,112.2928
2016-08-31,5.1,0.78,44.68,4751.670454545455,13.42,1.39,1.47,112.4036
2016-09-01,5.12,0.79,43.17,4722.204545454545,13.48,1.39,1.45,112.1733
2016-09-02,5.09,0.8,44.39,4722.204545454545,11.98,1.39,1.47,112.0009
2016-09-05,5.09,0.8,44.39,4722.204545454545,11.98,1.39,1.47,112.0009
2016-09-06,5.09,0.81,44.85,4722.204545454545,12.02,1.4,1.49,110.9613
2016-09-07,5.07,0.8,45.47,4722.204545454545,11.94,1.4,1.51,110.9717
2016-09-08,4.99,0.83,47.63,4722.204545454545,12.51,1.4,1.52,111.2609
2016-09-09,5.1,0.88,45.88,4722.204545454545,17.5,1.4,1.5,111.9879
2016-09-12,5.18,0.89,46.28,4722.204545454545,15.16,1.42,1.51,112.1516
2016-09-13,5.24,0.93,44.91,4722.204545454545,17.85,1.42,1.49,112.5207
2016-09-14,5.26,0.93,43.62,4722.204545454545,18.14,1.43,1.49,112.4678
2016-09-15,5.26,0.97,43.85,4722.204545454545,16.3,1.43,1.49,112.4753
2016-09-16,5.27,0.93,43.04,4722.204545454545,15.37,1.43,1.51,113.1765
2016-09-19,5.25,0.91,43.34,4722.204545454545,15.53,1.42,1.5,112.903
2016-09-20,5.24,0.9,43.85,4722.204545454545,15.92,1.42,1.49,113.1848
2016-09-21,5.22,0.87,45.33,4722.204545454545,13.3,1.42,1.51,112.9842
2016-09-22,5.09,0.84,46.1,4722.204545454545,12.02,1.41,1.55,112.2592
2016-09-23,5.1,0.85,44.36,4722.204545454545,12.29,1.41,1.57,112.7166
2016-09-26,5.16,0.83,45.6,4722.204545454545,14.5,1.42,1.54,112.7112
2016-09-27,5.18,0.81,44.65,4722.204545454545,13.1,1.43,1.52,112.5515
2016-09-28,5.14,0.82,47.07,4722.204545454545,12.39,1.43,1.56,112.6283
2016-09-29,5.09,0.83,47.72,4722.204545454545,14.02,1.43,1.54,112.2879
2016-09-30,4.97,0.83,47.72,4722.204545454545,13.29,1.43,1.6,112.2795
2016-10-01,4.97,0.83,47.72,4731.261904761905,13.29,1.43,1.6,112.2795
2016-10-03,4.93,0.83,48.8,4731.261904761905,13.57,1.42,1.63,112.5077
2016-10-04,4.85,0.87,48.67,4731.261904761905,13.63,1.41,1.62,112.6579
2016-10-05,4.78,0.87,49.75,4731.261904761905,12.99,1.4,1.62,112.7946
2016-10-06,4.75,0.89,50.44,4731.261904761905,12.84,1.39,1.64,113.0066
2016-10-07,4.76,0.9,49.76,4731.261904761905,13.48,1.38,1.63,113.2915
2016-10-10,4.76,0.9,49.76,4731.261904761905,13.38,1.38,1.63,113.2915
2016-10-11,4.75,0.9,50.72,4731.261904761905,15.36,1.37,1.64,113.4461
2016-10-12,4.75,0.92,50.14,4731.261904761905,15.91,1.37,1.64,113.7442
2016-10-13,4.82,0.9,50.47,4731.261904761905,16.69,1.37,1.63,113.6238
2016-10-14,4.72,0.96,50.35,4731.261904761905,16.12,1.36,1.67,113.7119
2016-10-17,4.76,0.96,49.97,4731.261904761905,16.21,1.37,1.68,113.5488
2016-10-18,4.72,0.93,50.3,4731.261904761905,15.28,1.36,1.66,113.1393
2016-10-19,4.66,0.95,51.59,4731.261904761905,14.41,1.35,1.68,113.0547
2016-10-20,4.62,0.92,50.31,4731.261904761905,13.75,1.35,1.68,113.4033
2016-10-21,4.62,0.9,50.61,4731.261904761905,13.34,1.35,1.67,113.9015
2016-10-24,4.6,0.93,50.18,4731.261904761905,13.02,1.35,1.66,113.8571
2016-10-25,4.6,0.91,49.45,4731.261904761905,13.46,1.35,1.7,113.6801
2016-10-26,4.66,0.93,48.75,4731.261904761905,14.24,1.36,1.71,113.8131
2016-10-27,4.69,0.98,49.71,4731.261904761905,15.36,1.36,1.72,114.1998
2016-10-28,4.76,1.0,48.72,4731.261904761905,16.19,1.37,1.73,114.0931
2016-10-31,4.91,0.98,46.83,4731.261904761905,17.06,1.38,1.73,114.0188
2016-11-01,5.05,1.0,46.66,5450.931818181818,18.56,1.39,1.72,113.9915
2016-11-02,5.15,1.0,45.32,5450.931818181818,19.32,1.4,1.7,113.9206
2016-11-03,5.15,1.01,44.66,5450.931818181818,22.08,1.41,1.68,113.7664
2016-11-04,5.2,0.99,44.07,5450.931818181818,22.51,1.41,1.68,113.5828
2016-11-07,5.01,1.01,44.88,5450.931818181818,18.71,1.4,1.71,113.5443
2016-11-08,4.98,1.01,44.96,5450.931818181818,18.74,1.39,1.73,113.3017
2016-11-09,4.94,1.17,45.2,5450.931818181818,14.38,1.37,1.82,114.6956
2016-11-10,4.97,1.23,44.62,5450.931818181818,14.74,1.36,1.88,115.9375
2016-11-11,4.97,1.23,43.39,5450.931818181818,14.17,1.36,1.88,115.9375
2016-11-14,5.11,1.23,43.29,5450.931818181818,14.48,1.36,1.83,117.2245
2016-11-15,4.94,1.21,45.86,5450.931818181818,13.37,1.35,1.82,116.7724
2016-11-16,4.94,1.22,45.56,5450.931818181818,13.72,1.35,1.83,116.8062
2016-11-17,4.85,1.25,45.37,5450.931818181818,13.35,1.35,1.87,116.8952
2016-11-18,4.84,1.27,45.69,5450.931818181818,12.85,1.36,1.9,117.5936
2016-11-21,4.78,1.25,47.48,5450.931818181818,12.42,1.36,1.91,117.4762
2016-11-22,4.7,1.24,48.07,5450.931818181818,12.41,1.37,1.9,117.4508
2016-11-23,4.66,1.24,46.72,5450.931818181818,12.43,1.36,1.92,118.0356
2016-11-24,4.66,1.24,46.72,5450.931818181818,12.43,1.36,1.92,118.0356
2016-11-25,4.64,1.24,46.72,5450.931818181818,12.34,1.36,1.89,118.02
2016-11-28,4.66,1.21,45.66,5450.931818181818,13.15,1.36,1.85,117.7278
2016-11-29,4.69,1.21,45.29,5450.931818181818,12.9,1.36,1.86,117.644
2016-11-30,4.67,1.26,49.41,5450.931818181818,13.33,1.36,1.94,117.7636
2016-12-01,4.62,1.31,51.08,5660.35,14.07,1.35,1.97,117.6642
2016-12-02,4.64,1.29,51.7,5660.35,14.12,1.35,1.91,117.3116
2016-12-05,4.58,1.26,51.72,5660.35,12.14,1.35,1.94,117.1008
2016-12-06,4.5,1.27,50.95,5660.35,11.79,1.34,1.95,116.9225
2016-12-07,4.42,1.24,49.85,5660.35,12.22,1.34,1.92,116.672
2016-12-08,4.38,1.28,50.84,5660.35,12.64,1.33,1.95,117.0327
2016-12-09,4.28,1.32,51.51,5660.35,11.75,1.33,1.96,117.2834
2016-12-12,4.25,1.34,52.74,5660.35,12.64,1.32,1.98,116.9161
2016-12-13,4.2,1.31,52.99,5660.35,12.72,1.31,1.95,116.8029
2016-12-14,4.12,1.27,51.01,5660.35,13.19,1.3,1.94,116.7332
2016-12-15,4.2,1.31,50.9,5660.35,12.79,1.3,1.9,118.8072
2016-12-16,4.21,1.32,51.93,5660.35,12.2,1.3,1.86,118.3584
2016-12-19,4.23,1.3,52.13,5660.35,11.71,1.3,1.86,118.3875
2016-12-20,4.2,1.32,52.22,5660.35,11.45,1.29,1.9,118.63
2016-12-21,4.19,1.34,51.44,5660.35,11.27,1.29,1.91,118.581
2016-12-22,4.17,1.33,51.98,5660.35,11.43,1.29,1.95,118.8209
2016-12-23,4.16,1.33,52.01,5660.35,11.44,1.29,1.97,118.7856
2016-12-27,4.11,1.29,52.82,5660.35,11.99,1.28,1.99,118.9506
2016-12-28,4.15,1.25,54.01,5660.35,12.95,1.28,1.95,119.2305
2016-12-29,4.18,1.27,53.8,5660.35,13.37,1.28,1.94,118.6637
2016-12-30,4.21,1.25,53.75,5660.35,14.04,1.29,1.95,118.3466
2016-12-31,4.22,1.25,53.75,5660.35,14.04,1.3,1.95,118.3466
2017-01-01,4.22,1.25,53.75,5754.559523809524,14.04,1.3,1.95,118.3466
2017-01-03,4.13,1.23,52.36,5754.559523809524,12.85,1.28,1.98,119.0903
2017-01-04,4.02,1.22,53.26,5754.559523809524,11.85,1.28,1.99,118.8803
2017-01-05,4.04,1.2,53.77,5754.559523809524,11.67,1.29,1.95,117.9999
2017-01-06,3.98,1.2,53.98,5754.559523809524,11.32,1.28,1.96,118.3495
2017-01-09,4.02,1.17,51.95,5754.559523809524,11.56,1.29,1.95,118.4111
2017-01-10,4.0,1.19,50.82,5754.559523809524,11.49,1.29,1.95,118.5386
2017-01-11,4.03,1.18,52.19,5754.559523809524,11.26,1.29,1.99,119.0219
2017-01-12,4.05,1.18,53.01,5754.559523809524,11.54,1.29,1.98,117.8001
2017-01-13,4.02,1.19,52.36,5754.559523809524,11.23,1.28,1.99,117.9884
2017-01-16,4.0,1.19,52.36,5754.559523809524,11.23,1.28,1.99,117.9884
2017-01-17,4.06,1.16,52.45,5754.559523809524,11.87,1.28,1.97,117.2656
2017-01-18,4.01,1.19,51.12,5754.559523809524,12.48,1.29,2.0,117.7242
2017-01-19,3.99,1.22,51.39,5754.559523809524,12.78,1.28,2.04,118.3182
2017-01-20,4.02,1.28,52.33,5754.559523809524,11.54,1.28,2.04,118.3182
2017-01-23,4.1,1.25,52.77,5754.559523809524,11.77,1.28,2.02,117.2479
2017-01-24,4.02,1.26,52.38,5754.559523809524,11.07,1.27,2.06,117.0516
2017-01-25,3.93,1.3,52.14,5754.559523809524,10.81,1.27,2.08,116.9355
2017-01-26,3.93,1.3,53.24,5754.559523809524,10.63,1.26,2.08,117.2766
2017-01-27,3.93,1.27,53.18,5754.559523809524,10.58,1.26,2.08,117.0735
2017-01-30,3.96,1.27,52.63,5754.559523809524,11.88,1.26,2.07,116.7325
2017-01-31,4.0,1.26,52.75,5754.559523809524,11.99,1.28,2.05,116.2241
2017-02-01,3.95,1.26,53.9,5940.9125,11.81,1.28,2.05,116.3914
2017-02-02,3.93,1.27,53.55,5940.9125,11.93,1.28,2.05,115.903
2017-02-03,3.86,1.28,53.81,5940.9125,10.97,1.27,2.05,115.6259
2017-02-06,3.91,1.26,53.01,5940.9125,11.37,1.27,2.02,116.0504
2017-02-07,3.93,1.24,52.19,5940.9125,11.29,1.28,2.0,116.4082
2017-02-08,3.98,1.19,52.37,5940.9125,11.45,1.28,1.96,116.1382
2017-02-09,3.93,1.2,52.99,5940.9125,10.88,1.28,1.99,116.306
2017-02-10,3.9,1.21,53.84,5940.9125,10.85,1.27,2.01,116.148
2017-02-13,3.86,1.23,52.96,5940.9125,11.07,1.26,2.0,116.3427
2017-02-14,3.8,1.22,53.21,5940.9125,10.74,1.24,2.01,116.3949
2017-02-15,3.77,1.24,53.11,5940.9125,11.97,1.23,2.06,116.2162
2017-02-16,3.83,1.23,53.41,5940.9125,11.76,1.24,2.02,116.0067
2017-02-17,3.86,1.21,53.41,5940.9125,11.49,1.24,2.01,116.4035
2017-02-20,3.86,1.21,53.41,5940.9125,11.49,1.24,2.01,116.4035
2017-02-21,3.81,1.21,54.02,5940.9125,11.57,1.24,2.03,116.5921
2017-02-22,3.78,1.2,53.61,5940.9125,11.74,1.23,2.04,116.2136
2017-02-23,3.77,1.2,54.48,5940.9125,11.71,1.23,2.03,115.6527
2017-02-24,3.84,1.19,53.99,5940.9125,11.47,1.23,2.0,115.8143
2017-02-27,3.75,1.16,54.04,5940.9125,12.09,1.22,2.01,115.6764
2017-02-28,3.74,1.14,54.0,5940.9125,12.92,1.21,2.02,116.0032
2017-03-01,3.57,1.17,53.82,5824.630434782609,12.54,1.19,2.03,116.438
2017-03-02,3.55,1.17,52.63,5824.630434782609,11.81,1.18,2.01,116.8429
2017-03-03,3.6,1.17,53.33,5824.630434782609,10.96,1.18,2.04,116.6438
2017-03-06,3.66,1.18,53.19,5824.630434782609,11.24,1.18,2.01,116.4313
2017-03-07,3.73,1.2,52.68,5824.630434782609,11.45,1.19,2.03,116.4303
2017-03-08,3.79,1.21,49.83,5824.630434782609,11.86,1.19,2.01,116.875
2017-03-09,3.88,1.23,48.75,5824.630434782609,12.3,1.21,2.0,116.9959
2017-03-10,3.89,1.22,48.05,5824.630434782609,11.66,1.21,2.01,116.616
2017-03-13,3.94,1.22,47.95,5824.630434782609,11.35,1.21,2.01,116.4004
2017-03-14,4.05,1.2,47.24,5824.630434782609,12.3,1.22,1.99,116.5646
2017-03-15,4.02,1.18,48.34,5824.630434782609,11.63,1.23,2.01,116.3584
2017-03-16,3.88,1.18,48.3,5824.630434782609,11.21,1.22,2.02,115.4456
2017-03-17,3.91,1.17,48.34,5824.630434782609,11.28,1.22,2.01,115.2783
2017-03-20,3.97,1.17,47.79,5824.630434782609,11.34,1.22,2.0,115.0426
2017-03-21,4.04,1.16,47.02,5824.630434782609,12.47,1.22,1.98,114.8119
2017-03-22,4.16,1.13,47.29,5824.630434782609,12.81,1.23,1.97,114.7937
2017-03-23,4.11,1.15,47.0,5824.630434782609,13.12,1.23,1.95,114.7899
2017-03-24,4.07,1.14,47.3,5824.630434782609,12.96,1.23,1.98,114.6372
2017-03-27,4.12,1.11,47.02,5824.630434782609,12.5,1.23,1.97,114.2347
2017-03-28,4.01,1.12,48.36,5824.630434782609,11.53,1.22,1.97,114.419
2017-03-29,3.94,1.13,49.47,5824.630434782609,11.42,1.22,1.98,114.7167
2017-03-30,3.85,1.14,50.3,5824.630434782609,11.54,1.22,1.96,114.5245
2017-03-31,3.92,1.13,50.54,5824.630434782609,12.37,1.24,1.97,114.7938
2017-04-01,3.92,1.13,50.54,5683.902777777778,12.37,1.24,1.97,114.7938
2017-04-03,3.98,1.11,50.25,5683.902777777778,12.38,1.24,1.96,114.8734
2017-04-04,3.98,1.11,50.99,5683.902777777778,11.79,1.24,1.96,115.0038
2017-04-05,3.91,1.1,51.14,5683.902777777778,12.89,1.24,1.97,114.9494
2017-04-06,3.93,1.1,51.69,5683.902777777778,12.39,1.24,1.95,115.0181
2017-04-07,3.86,1.09,52.25,5683.902777777778,12.87,1.23,1.94,115.0547
2017-04-10,3.86,1.08,53.06,5683.902777777778,14.05,1.23,1.93,115.11
2017-04-11,3.94,1.08,53.38,5683.902777777778,15.07,1.24,1.91,115.009
2017-04-12,3.96,1.04,53.12,5683.902777777778,15.77,1.24,1.9,114.9162
2017-04-13,4.03,1.03,53.19,5683.902777777778,15.96,1.25,1.92,114.5059
2017-04-14,4.03,1.03,53.19,5683.902777777778,15.96,1.25,1.92,114.5368
2017-04-17,4.0,1.05,52.62,5683.902777777778,14.66,1.24,1.88,114.3283
2017-04-18,4.07,1.0,52.46,5683.902777777778,14.42,1.25,1.85,114.2575
2017-04-19,4.01,1.02,50.49,5683.902777777778,14.93,1.25,1.85,114.7923
2017-04-20,3.98,1.03,50.26,5683.902777777778,14.15,1.25,1.85,114.6205
2017-04-21,3.97,1.04,49.64,5683.902777777778,14.63,1.25,1.84,114.8128
2017-04-24,3.86,1.03,48.9,5683.902777777778,10.84,1.24,1.87,114.3659
2017-04-25,3.78,1.06,49.22,5683.902777777778,10.76,1.23,1.91,114.5111
2017-04-26,3.76,1.04,49.22,5683.902777777778,10.85,1.23,1.9,114.9479
2017-04-27,3.78,1.05,48.96,5683.902777777778,10.36,1.22,1.91,114.9946
2017-04-28,3.75,1.01,49.31,5683.902777777778,10.82,1.22,1.92,114.7877
2017-04-30,3.81,1.01,49.31,5683.902777777778,10.82,1.23,1.92,114.7877
2017-05-01,3.78,1.05,48.83,5599.559523809524,10.11,1.23,1.92,114.5921
2017-05-02,3.79,1.02,47.65,5599.559523809524,10.59,1.22,1.88,114.6792
2017-05-03,3.76,1.03,47.79,5599.559523809524,10.68,1.22,1.87,114.6637
2017-05-04,3.8,1.04,45.55,5599.559523809524,10.46,1.21,1.86,114.9076
2017-05-05,3.82,1.04,46.23,5599.559523809524,10.57,1.21,1.86,114.7725
2017-05-08,3.8,1.06,46.46,5599.559523809524,9.77,1.2,1.86,115.0895
2017-05-09,3.74,1.05,45.84,5599.559523809524,9.96,1.19,1.86,115.3933
2017-05-10,3.72,1.06,47.28,5599.559523809524,10.21,1.19,1.85,115.1145
2017-05-11,3.72,1.04,47.81,5599.559523809524,10.6,1.18,1.88,115.0669
2017-05-12,3.77,1.04,47.83,5599.559523809524,10.4,1.18,1.84,114.7479
2017-05-15,3.72,1.03,48.86,5599.559523809524,10.42,1.17,1.82,114.3504
2017-05-16,3.71,1.04,48.64,5599.559523809524,10.65,1.17,1.82,113.9923
2017-05-17,3.84,0.96,49.04,5599.559523809524,15.59,1.18,1.78,113.7506
2017-05-18,3.85,0.96,49.36,5599.559523809524,14.66,1.19,1.8,114.2683
2017-05-19,3.78,0.95,50.32,5599.559523809524,12.04,1.18,1.82,113.7001
2017-05-22,3.72,0.96,50.81,5599.559523809524,10.93,1.18,1.82,113.5442
2017-05-23,3.67,0.98,51.12,5599.559523809524,10.72,1.17,1.83,113.6862
2017-05-24,3.68,0.97,50.99,5599.559523809524,10.02,1.18,1.81,113.675
2017-05-25,3.67,0.95,48.57,5599.559523809524,9.99,1.18,1.8,113.3719
2017-05-26,3.67,0.95,49.58,5599.559523809524,9.81,1.18,1.81,113.4839
2017-05-29,3.67,0.95,49.58,5599.559523809524,9.81,1.17,1.81,113.4839
2017-05-30,3.68,0.93,49.63,5599.559523809524,10.38,1.18,1.81,113.5552
2017-05-31,3.74,0.93,48.29,5599.559523809524,10.41,1.19,1.81,113.2956
2017-06-01,3.69,0.93,48.32,5719.761363636364,9.89,1.19,1.81,113.3017
2017-06-02,3.69,0.87,47.68,5719.761363636364,9.75,1.19,1.79,113.1908
2017-06-05,3.68,0.86,47.4,5719.761363636364,10.07,1.19,1.79,112.9755
2017-06-06,3.72,0.84,48.13,5719.761363636364,10.45,1.19,1.77,112.7095
2017-06-07,3.73,0.86,45.8,5719.761363636364,10.39,1.19,1.78,112.8191
2017-06-08,3.76,0.86,45.68,5719.761363636364,10.16,1.19,1.78,112.8351
2017-06-09,3.73,0.86,45.82,5719.761363636364,10.7,1.19,1.78,112.9562
2017-06-12,3.71,0.86,46.1,5719.761363636364,11.46,1.18,1.75,112.9837
2017-06-13,3.68,0.83,46.41,5719.761363636364,10.42,1.18,1.75,112.6271
2017-06-14,3.7,0.8,44.79,5719.761363636364,10.64,1.18,1.71,112.0734
2017-06-15,3.72,0.81,44.47,5719.761363636364,10.9,1.18,1.67,112.8708
2017-06-16,3.76,0.84,44.73,5719.761363636364,10.38,1.18,1.67,112.6155
2017-06-19,3.7,0.83,44.24,5719.761363636364,10.37,1.17,1.67,112.7576
2017-06-20,3.77,0.8,43.34,5719.761363636364,10.86,1.17,1.66,113.2698
2017-06-21,3.85,0.8,42.48,5719.761363636364,10.75,1.17,1.66,113.3327
2017-06-22,3.87,0.81,42.53,5719.761363636364,10.48,1.18,1.69,113.1654
2017-06-23,3.86,0.81,42.86,5719.761363636364,10.02,1.18,1.7,112.8665
2017-06-26,3.83,0.78,43.24,5719.761363636364,9.9,1.17,1.71,112.7633
2017-06-27,3.77,0.83,44.25,5719.761363636364,11.06,1.16,1.71,112.55
2017-06-28,3.77,0.88,44.74,5719.761363636364,10.03,1.16,1.73,112.0747
2017-06-29,3.76,0.89,44.88,5719.761363636364,11.44,1.15,1.72,111.998
2017-06-30,3.77,0.93,46.02,5719.761363636364,11.18,1.15,1.73,111.9896
2017-07-01,3.77,0.93,46.02,5985.119047619048,11.18,1.15,1.73,111.9896
2017-07-03,3.72,0.94,46.02,5985.119047619048,11.22,1.14,1.75,112.4268
2017-07-04,3.72,0.94,46.02,5985.119047619048,11.22,1.14,1.75,112.4268
2017-07-05,3.73,0.92,45.11,5985.119047619048,11.07,1.14,1.75,112.6534
2017-07-06,3.78,0.97,45.52,5985.119047619048,12.54,1.13,1.76,112.4199
2017-07-07,3.83,0.99,44.25,5985.119047619048,11.19,1.12,1.73,112.3137
2017-07-10,3.83,0.98,44.4,5985.119047619048,11.11,1.12,1.72,112.1587
2017-07-11,3.85,1.0,45.06,5985.119047619048,10.89,1.12,1.75,112.1434
2017-07-12,3.81,0.98,45.48,5985.119047619048,10.3,1.12,1.76,111.5904
2017-07-13,3.77,0.98,46.06,5985.119047619048,9.9,1.11,1.77,111.5365
2017-07-14,3.73,0.98,46.53,5985.119047619048,9.51,1.11,1.76,110.9075
2017-07-17,3.69,0.95,46.02,5985.119047619048,9.82,1.1,1.77,110.9304
2017-07-18,3.69,0.91,46.4,5985.119047619048,9.89,1.1,1.76,110.4356
2017-07-19,3.64,0.9,47.1,5985.119047619048,9.79,1.1,1.76,110.4339
2017-07-20,3.61,0.9,46.73,5985.119047619048,9.58,1.1,1.77,110.2512
2017-07-21,3.64,0.88,45.78,5985.119047619048,9.36,1.1,1.76,110.191
2017-07-24,3.63,0.89,46.21,5985.119047619048,9.43,1.09,1.78,110.2004
2017-07-25,3.55,0.93,47.77,5985.119047619048,9.43,1.08,1.81,110.2835
2017-07-26,3.56,0.93,48.58,5985.119047619048,9.6,1.08,1.8,110.3811
2017-07-27,3.55,0.96,49.05,5985.119047619048,10.11,1.08,1.83,110.216
2017-07-28,3.59,0.96,49.72,5985.119047619048,10.29,1.08,1.83,109.92
2017-07-31,3.61,0.96,50.21,5985.119047619048,10.26,1.09,1.82,109.8177
2017-08-01,3.6,0.92,49.19,6485.625,10.09,1.08,1.79,109.8495
2017-08-02,3.59,0.91,49.6,6485.625,10.28,1.08,1.79,109.7503
2017-08-03,3.63,0.9,49.03,6485.625,10.44,1.09,1.78,109.8332
2017-08-04,3.63,0.91,49.57,6485.625,10.03,1.09,1.8,110.2808
2017-08-07,3.64,0.9,49.37,6485.625,9.93,1.1,1.8,110.373
2017-08-08,3.64,0.93,49.07,6485.625,10.96,1.1,1.83,110.396
2017-08-09,3.81,0.91,49.59,6485.625,11.11,1.12,1.82,110.3671
2017-08-10,3.92,0.87,48.54,6485.625,16.04,1.14,1.8,110.1886
2017-08-11,4.0,0.89,48.81,6485.625,15.51,1.16,1.79,110.0422
2017-08-14,3.89,0.89,47.59,6485.625,12.33,1.15,1.77,110.095
2017-08-15,3.87,0.92,47.57,6485.625,12.04,1.14,1.78,110.4846
2017-08-16,3.88,0.9,46.8,6485.625,11.74,1.14,1.78,110.4394
2017-08-17,3.93,0.87,47.07,6485.625,15.55,1.14,1.77,110.1673
2017-08-18,3.98,0.86,48.59,6485.625,14.26,1.15,1.76,110.041
2017-08-21,4.0,0.86,47.39,6485.625,13.19,1.15,1.75,109.7349
2017-08-22,3.93,0.89,47.65,6485.625,11.35,1.15,1.77,109.8386
2017-08-23,3.95,0.85,48.45,6485.625,12.25,1.15,1.75,109.8095
2017-08-24,3.91,0.86,47.24,6485.625,12.23,1.15,1.75,109.7524
2017-08-25,3.89,0.82,47.65,6485.625,11.28,1.14,1.75,109.3415
2017-08-28,3.88,0.83,46.4,6485.625,11.32,1.14,1.75,109.1815
2017-08-29,3.9,0.8,46.46,6485.625,11.7,1.15,1.74,109.0946
2017-08-30,3.86,0.82,45.96,6485.625,11.22,1.15,1.76,109.4052
2017-08-31,3.85,0.79,47.26,6485.625,10.59,1.16,1.76,109.3686
2017-09-01,3.82,0.81,47.32,6577.166666666667,10.13,1.15,1.79,109.0504
2017-09-04,3.82,0.81,47.32,6577.166666666667,10.13,1.15,1.79,109.0504
2017-09-05,3.91,0.77,48.63,6577.166666666667,12.23,1.16,1.77,108.8664
2017-09-06,3.84,0.8,49.13,6577.166666666667,11.63,1.16,1.78,108.4897
2017-09-07,3.88,0.78,49.1,6577.166666666667,11.55,1.17,1.79,107.9224
2017-09-08,3.92,0.79,47.44,6577.166666666667,12.12,1.17,1.81,107.808
2017-09-11,3.85,0.82,48.06,6577.166666666667,10.73,1.17,1.83,108.153
2017-09-12,3.81,0.84,48.21,6577.166666666667,10.58,1.16,1.84,108.3239
2017-09-13,3.78,0.85,49.3,6577.166666666667,10.5,1.15,1.85,108.6628
2017-09-14,3.74,0.83,49.86,6577.166666666667,10.44,1.15,1.85,108.618
2017-09-15,3.73,0.81,49.9,6577.166666666667,10.17,1.14,1.85,108.3147
2017-09-18,3.68,0.83,49.88,6577.166666666667,10.15,1.13,1.87,108.6401
2017-09-19,3.66,0.84,49.54,6577.166666666667,10.18,1.12,1.87,108.6142
2017-09-20,3.6,0.83,50.29,6577.166666666667,9.78,1.11,1.85,108.4329
2017-09-21,3.62,0.82,50.58,6577.166666666667,9.67,1.11,1.83,108.9267
2017-09-22,3.64,0.8,50.33,6577.166666666667,9.59,1.11,1.84,108.7542
2017-09-25,3.66,0.78,51.85,6577.166666666667,10.21,1.11,1.84,109.3302
2017-09-26,3.62,0.79,51.59,6577.166666666667,10.17,1.1,1.84,109.7769
2017-09-27,3.57,0.84,52.14,6577.166666666667,9.87,1.09,1.87,110.0722
2017-09-28,3.57,0.86,51.62,6577.166666666667,9.55,1.08,1.87,110.2415
2017-09-29,3.54,0.86,51.67,6577.166666666667,9.51,1.06,1.84,110.0867
2017-09-30,3.56,0.86,51.67,6577.166666666667,9.51,1.07,1.84,110.0867
2017-10-01,3.56,0.86,51.67,6807.602272727273,9.51,1.07,1.84,110.0867
2017-10-02,3.55,0.85,50.59,6807.602272727273,9.45,1.06,1.83,110.3686
2017-10-03,3.55,0.86,50.44,6807.602272727273,9.51,1.05,1.84,110.3281
2017-10-04,3.54,0.86,50.0,6807.602272727273,9.63,1.04,1.85,110.2425
2017-10-05,3.52,0.86,50.79,6807.602272727273,9.19,1.04,1.86,110.5823
2017-10-06,3.52,0.83,49.34,6807.602272727273,9.65,1.04,1.87,110.7841
2017-10-09,3.51,0.83,49.58,6807.602272727273,10.33,1.03,1.87,110.7841
2017-10-10,3.52,0.84,50.93,6807.602272727273,10.08,1.03,1.88,110.3034
2017-10-11,3.52,0.84,51.3,6807.602272727273,9.85,1.03,1.89,110.3037
2017-10-12,3.56,0.82,50.61,6807.602272727273,9.91,1.03,1.89,110.3152
2017-10-13,3.6,0.77,51.43,6807.602272727273,9.61,1.04,1.85,110.2669
2017-10-16,3.53,0.76,51.86,6807.602272727273,9.91,1.03,1.84,110.5432
2017-10-17,3.5,0.76,51.87,6807.602272727273,10.31,1.03,1.82,110.9141
2017-10-18,3.46,0.75,52.05,6807.602272727273,10.07,1.02,1.84,110.7214
2017-10-19,3.48,0.75,51.29,6807.602272727273,10.05,1.02,1.84,110.4577
2017-10-20,3.42,0.79,51.63,6807.602272727273,9.97,1.01,1.87,111.0375
2017-10-23,3.4,0.8,51.91,6807.602272727273,11.07,1.01,1.86,111.2134
2017-10-24,3.38,0.82,52.32,6807.602272727273,11.16,1.0,1.87,111.4027
2017-10-25,3.42,0.83,51.97,6807.602272727273,11.23,1.0,1.88,111.3904
2017-10-26,3.41,0.83,52.41,6807.602272727273,11.3,1.0,1.89,111.6418
2017-10-27,3.44,0.83,53.92,6807.602272727273,9.8,1.0,1.88,112.1495
2017-10-30,3.49,0.79,54.11,6807.602272727273,10.5,1.0,1.87,111.901
2017-10-31,3.51,0.78,54.36,6807.602272727273,10.18,1.01,1.88,111.8052
2017-11-01,3.48,0.76,54.32,6826.545454545455,10.2,1.01,1.88,111.7942
2017-11-02,3.52,0.74,54.55,6826.545454545455,9.93,1.02,1.87,111.5474
2017-11-03,3.52,0.71,55.63,6826.545454545455,9.14,1.02,1.86,111.9383
2017-11-06,3.55,0.71,57.34,6826.545454545455,9.4,1.03,1.86,111.7197
2017-11-07,3.57,0.69,57.19,6826.545454545455,9.89,1.04,1.88,111.9446
2017-11-08,3.67,0.67,56.82,6826.545454545455,9.78,1.04,1.87,111.6935
2017-11-09,3.79,0.7,57.16,6826.545454545455,10.5,1.05,1.87,111.5626
2017-11-10,3.76,0.73,56.75,6826.545454545455,11.29,1.06,1.88,111.5626
2017-11-13,3.77,0.7,56.77,6826.545454545455,11.5,1.05,1.88,111.7833
2017-11-14,3.84,0.7,55.67,6826.545454545455,11.59,1.06,1.87,111.5097
2017-11-15,3.97,0.65,55.28,6826.545454545455,13.13,1.08,1.85,111.4809
2017-11-16,3.79,0.65,55.14,6826.545454545455,11.76,1.07,1.84,111.2568
2017-11-17,3.76,0.62,56.21,6826.545454545455,11.43,1.06,1.86,111.0016
2017-11-20,3.7,0.6,56.21,6826.545454545455,10.65,1.06,1.85,111.2599
2017-11-21,3.66,0.59,56.84,6826.545454545455,9.73,1.05,1.84,110.9828
2017-11-22,3.7,0.58,57.88,6826.545454545455,9.88,1.05,1.84,110.5632
2017-11-23,3.7,0.58,57.88,6826.545454545455,9.88,1.05,1.84,110.5632
2017-11-24,3.67,0.59,58.94,6826.545454545455,9.67,1.04,1.84,110.0253
2017-11-27,3.66,0.58,58.1,6826.545454545455,9.87,1.04,1.83,110.1136
2017-11-28,3.67,0.59,57.96,6826.545454545455,10.03,1.04,1.84,110.3018
2017-11-29,3.64,0.59,57.25,6826.545454545455,10.7,1.03,1.84,110.3265
2017-11-30,3.61,0.64,57.4,6826.545454545455,11.28,1.03,1.86,110.4648
2017-12-01,3.63,0.59,58.35,6833.894736842105,11.43,1.03,1.86,110.1413
2017-12-04,3.58,0.57,57.48,6833.894736842105,11.68,1.02,1.87,110.397
2017-12-05,3.57,0.53,57.66,6833.894736842105,11.33,1.02,1.86,110.4905
2017-12-06,3.63,0.55,55.79,6833.894736842105,11.02,1.02,1.86,110.8711
2017-12-07,3.63,0.57,56.5,6833.894736842105,10.16,1.02,1.87,111.0178
2017-12-08,3.63,0.58,57.15,6833.894736842105,9.58,1.02,1.88,111.2273
2017-12-11,3.61,0.57,57.84,6833.894736842105,9.34,1.02,1.88,111.0827
2017-12-12,3.58,0.57,57.12,6833.894736842105,9.92,1.01,1.89,111.5214
2017-12-13,3.64,0.57,56.59,6833.894736842105,10.18,1.01,1.88,111.2759
2017-12-14,3.63,0.53,57.0,6833.894736842105,10.49,1.01,1.87,111.0893
2017-12-15,3.64,0.51,57.29,6833.894736842105,9.42,1.0,1.88,111.1286
2017-12-18,3.64,0.55,57.17,6833.894736842105,9.53,1.0,1.89,110.9086
2017-12-19,3.6,0.59,57.49,6833.894736842105,10.03,0.99,1.91,111.1255
2017-12-20,3.58,0.62,58.09,6833.894736842105,9.72,0.99,1.92,110.8361
2017-12-21,3.57,0.59,58.34,6833.894736842105,9.62,0.99,1.93,110.8786
2017-12-22,3.56,0.57,58.25,6833.894736842105,9.9,0.99,1.94,111.0997
2017-12-26,3.57,0.55,59.55,6833.894736842105,10.25,0.99,1.94,110.9758
2017-12-27,3.59,0.53,59.67,6833.894736842105,10.47,0.99,1.94,110.8553
2017-12-28,3.55,0.52,59.84,6833.894736842105,10.18,0.98,1.96,110.5154
2017-12-29,3.58,0.51,60.46,6833.894736842105,11.04,0.98,1.96,110.0783
2017-12-31,3.63,0.51,60.46,6833.894736842105,11.04,0.99,1.96,110.0783
2018-01-01,3.63,0.51,60.46,7065.852272727273,11.04,0.99,1.96,110.0783
2018-01-02,3.55,0.54,60.37,7065.852272727273,9.77,0.98,2.0,109.6445
2018-01-03,3.48,0.5,61.61,7065.852272727273,9.15,0.99,1.98,109.6751
2018-01-04,3.4,0.5,61.98,7065.852272727273,9.22,0.98,2.01,109.4777
2018-01-05,3.36,0.51,61.49,7065.852272727273,9.22,0.98,2.01,109.3496
2018-01-08,3.35,0.53,61.73,7065.852272727273,9.52,0.97,2.02,109.5681
2018-01-09,3.33,0.57,62.92,7065.852272727273,10.08,0.96,2.03,109.9025
2018-01-10,3.42,0.57,63.6,7065.852272727273,9.82,0.95,2.03,109.628
2018-01-11,3.4,0.56,63.81,7065.852272727273,9.88,0.95,2.0,109.4888
2018-01-12,3.37,0.56,64.22,7065.852272727273,10.16,0.95,2.01,108.901
2018-01-15,3.35,0.56,64.22,7065.852272727273,10.16,0.94,2.01,108.901
2018-01-16,3.34,0.51,63.82,7065.852272727273,11.66,0.94,2.03,108.3218
2018-01-17,3.34,0.52,63.92,7065.852272727273,11.91,0.94,2.04,108.1526
2018-01-18,3.35,0.57,63.96,7065.852272727273,12.22,0.94,2.05,108.0655
2018-01-19,3.35,0.58,63.38,7065.852272727273,11.27,0.95,2.06,107.9455
2018-01-22,3.32,0.58,63.66,7065.852272727273,11.03,0.94,2.06,108.107
2018-01-23,3.31,0.57,64.45,7065.852272727273,11.1,0.94,2.06,107.9979
2018-01-24,3.28,0.57,65.69,7065.852272727273,11.47,0.94,2.07,107.0802
2018-01-25,3.28,0.55,65.62,7065.852272727273,11.58,0.93,2.07,106.5052
2018-01-26,3.23,0.53,66.27,7065.852272727273,11.08,0.92,2.09,106.6911
2018-01-29,3.26,0.59,65.71,7065.852272727273,13.84,0.92,2.09,107.1142
2018-01-30,3.33,0.6,64.64,7065.852272727273,14.79,0.91,2.1,107.1064
2018-01-31,3.29,0.58,64.82,7065.852272727273,13.54,0.91,2.11,106.7696
2018-02-01,3.29,0.62,65.92,7006.525,13.47,0.9,2.11,106.4877
2018-02-02,3.36,0.69,65.5,7006.525,17.31,0.9,2.14,107.1151
2018-02-05,3.48,0.69,64.18,7006.525,37.32,0.91,2.1,107.33
2018-02-06,3.6,0.69,63.48,7006.525,29.98,0.93,2.1,107.5204
2018-02-07,3.46,0.69,61.91,7006.525,27.73,0.92,2.1,107.7175
2018-02-08,3.59,0.72,61.3,7006.525,33.46,0.93,2.09,108.3025
2018-02-09,3.82,0.78,59.2,7006.525,29.06,0.97,2.05,108.2582
2018-02-12,3.71,0.77,59.41,7006.525,25.61,0.97,2.07,108.0332
2018-02-13,3.78,0.73,59.33,7006.525,24.97,1.0,2.05,107.7574
2018-02-14,3.69,0.74,60.7,7006.525,19.26,0.99,2.09,107.4691
2018-02-15,3.57,0.71,61.48,7006.525,19.13,0.98,2.11,106.9867
2018-02-16,3.5,0.66,61.89,7006.525,19.46,0.98,2.09,107.0359
2018-02-19,3.5,0.66,61.89,7006.525,19.46,0.98,2.09,107.0359
2018-02-20,3.48,0.63,61.91,7006.525,20.6,0.98,2.1,107.6249
2018-02-21,3.46,0.68,61.73,7006.525,20.02,0.98,2.12,107.8679
2018-02-22,3.53,0.67,62.72,7006.525,18.72,0.99,2.11,107.8668
2018-02-23,3.58,0.63,63.52,7006.525,16.49,1.0,2.12,107.6804
2018-02-26,3.5,0.64,63.81,7006.525,15.8,1.0,2.13,107.7347
2018-02-27,3.47,0.63,62.94,7006.525,18.59,1.0,2.13,108.1731
2018-02-28,3.47,0.62,61.43,7006.525,19.85,1.01,2.12,108.3903
2018-03-01,3.59,0.59,60.98,6799.178571428571,22.47,1.04,2.1,108.5358
2018-03-02,3.65,0.61,61.19,6799.178571428571,19.59,1.05,2.12,108.5358
2018-03-05,3.59,0.64,62.49,6799.178571428571,18.73,1.05,2.13,108.3614
2018-03-06,3.53,0.63,62.54,6799.178571428571,18.36,1.04,2.12,107.7969
2018-03-07,3.56,0.64,61.09,6799.178571428571,17.76,1.05,2.13,108.0911
2018-03-08,3.56,0.61,60.13,6799.178571428571,16.54,1.05,2.11,108.2671
2018-03-09,3.53,0.63,62.02,6799.178571428571,14.64,1.06,2.12,107.923
2018-03-12,3.55,0.6,61.35,6799.178571428571,15.78,1.07,2.1,107.9438
2018-03-13,3.58,0.58,60.69,6799.178571428571,16.35,1.08,2.09,107.7384
2018-03-14,3.62,0.55,60.89,6799.178571428571,17.23,1.09,2.07,107.8623
2018-03-15,3.62,0.53,61.16,6799.178571428571,16.59,1.1,2.08,108.2032
2018-03-16,3.6,0.54,62.29,6799.178571428571,15.8,1.1,2.08,108.4332
2018-03-19,3.65,0.54,62.01,6799.178571428571,19.02,1.1,2.08,108.3145
2018-03-20,3.62,0.55,63.37,6799.178571428571,18.2,1.11,2.08,108.4953
2018-03-21,3.6,0.58,65.1,6799.178571428571,17.86,1.11,2.09,108.4953
2018-03-22,3.7,0.54,64.25,6799.178571428571,23.34,1.14,2.08,107.9935
2018-03-23,3.74,0.54,65.8,6799.178571428571,24.87,1.15,2.07,107.7495
2018-03-26,3.73,0.52,65.49,6799.178571428571,21.03,1.16,2.08,107.1819
2018-03-27,3.75,0.52,65.21,6799.178571428571,22.5,1.16,2.07,107.3359
2018-03-28,3.77,0.49,64.3,6799.178571428571,22.87,1.16,2.05,107.5733
2018-03-29,3.79,0.47,64.87,6799.178571428571,19.97,1.16,2.05,107.665
2018-03-30,3.79,0.47,64.87,6799.178571428571,19.97,1.16,2.05,107.4784
2018-03-31,3.72,0.47,64.87,6799.178571428571,19.97,1.17,2.05,107.4784
2018-04-01,3.72,0.47,64.87,6851.5125,19.97,1.17,2.05,107.4784
2018-04-02,3.77,0.48,63.05,6851.5125,23.62,1.17,2.05,107.7033
2018-04-03,3.71,0.51,63.41,6851.5125,21.1,1.16,2.08,107.5624
2018-04-04,3.71,0.51,63.35,6851.5125,20.06,1.16,2.08,107.6361
2018-04-05,3.59,0.53,63.53,6851.5125,18.94,1.14,2.08,107.7281
2018-04-06,3.64,0.5,62.03,6851.5125,21.49,1.14,2.07,107.7886
2018-04-09,3.61,0.49,63.4,6851.5125,21.77,1.14,2.07,107.5316
2018-04-10,3.52,0.48,65.48,6851.5125,20.47,1.13,2.08,107.3659
2018-04-11,3.5,0.47,66.81,6851.5125,20.24,1.13,2.11,107.1224
2018-04-12,3.42,0.49,67.07,6851.5125,18.49,1.12,2.13,107.2905
2018-04-13,3.38,0.45,67.35,6851.5125,17.41,1.11,2.13,107.2368
2018-04-16,3.33,0.44,66.23,6851.5125,16.56,1.11,2.12,107.0595
2018-04-17,3.29,0.41,66.5,6851.5125,15.25,1.1,2.14,107.0344
2018-04-18,3.24,0.45,68.44,6851.5125,15.6,1.1,2.16,107.1096
2018-04-19,3.33,0.48,68.3,6851.5125,15.96,1.1,2.17,107.5197
2018-04-20,3.33,0.5,68.26,6851.5125,16.88,1.1,2.17,108.1787
2018-04-23,3.36,0.49,67.61,6851.5125,16.34,1.11,2.18,108.9332
2018-04-24,3.41,0.52,67.66,6851.5125,18.02,1.11,2.17,108.7906
2018-04-25,3.47,0.54,68.0,6851.5125,17.84,1.11,2.17,109.3447
2018-04-26,3.43,0.51,68.18,6851.5125,16.24,1.12,2.18,109.3646
2018-04-27,3.44,0.47,68.11,6851.5125,15.41,1.12,2.17,109.1735
2018-04-30,3.46,0.46,68.56,6851.5125,15.93,1.14,2.17,109.3363
2018-05-01,3.47,0.47,67.28,6825.27380952381,15.49,1.15,2.16,109.7445
2018-05-02,3.45,0.48,67.91,6825.27380952381,15.97,1.15,2.17,110.1625
2018-05-03,3.5,0.45,68.45,6825.27380952381,15.9,1.16,2.16,110.1803
2018-05-04,3.49,0.44,69.71,6825.27380952381,14.77,1.17,2.16,110.25
2018-05-07,3.46,0.46,70.74,6825.27380952381,14.75,1.17,2.17,110.5721
2018-05-08,3.46,0.46,68.83,6825.27380952381,14.71,1.17,2.16,111.063
2018-05-09,3.43,0.46,71.16,6825.27380952381,13.42,1.17,2.18,110.8818
2018-05-10,3.41,0.43,71.36,6825.27380952381,13.23,1.16,2.17,110.405
2018-05-11,3.4,0.43,70.69,6825.27380952381,12.65,1.15,2.15,110.2847
2018-05-14,3.37,0.45,71.01,6825.27380952381,12.93,1.14,2.15,110.408
2018-05-15,3.36,0.5,71.34,6825.27380952381,14.63,1.14,2.18,111.2292
2018-05-16,3.37,0.51,71.43,6825.27380952381,13.42,1.14,2.17,111.3068
2018-05-17,3.36,0.54,71.47,6825.27380952381,13.43,1.14,2.16,111.3547
2018-05-18,3.41,0.51,71.23,6825.27380952381,13.42,1.14,2.15,111.7171
2018-05-21,3.4,0.48,72.26,6825.27380952381,13.08,1.14,2.16,111.6394
2018-05-22,3.39,0.47,72.09,6825.27380952381,13.22,1.14,2.15,111.1945
2018-05-23,3.48,0.48,71.85,6825.27380952381,12.58,1.15,2.14,111.6933
2018-05-24,3.49,0.48,70.77,6825.27380952381,12.53,1.15,2.12,111.4885
2018-05-25,3.53,0.45,67.92,6825.27380952381,13.22,1.16,2.09,111.5843
2018-05-28,3.53,0.45,67.92,6825.27380952381,13.22,1.16,2.09,111.5843
2018-05-29,3.75,0.45,66.8,6825.27380952381,17.02,1.2,2.04,112.2127
2018-05-30,3.64,0.42,68.24,6825.27380952381,14.94,1.2,2.06,111.6731
2018-05-31,3.63,0.43,66.98,6825.27380952381,15.43,1.22,2.07,111.9894
2018-06-01,3.55,0.42,65.81,6965.857142857143,13.46,1.21,2.09,111.8265
2018-06-04,3.49,0.42,64.76,6965.857142857143,12.74,1.2,2.12,111.8247
2018-06-05,3.5,0.43,65.51,6965.857142857143,12.4,1.21,2.13,112.264
2018-06-06,3.44,0.45,64.75,6965.857142857143,11.64,1.21,2.14,111.7525
2018-06-07,3.44,0.43,65.96,6965.857142857143,12.13,1.21,2.13,112.0725
2018-06-08,3.45,0.43,65.77,6965.857142857143,12.18,1.22,2.11,112.1066
2018-06-11,3.39,0.44,66.1,6965.857142857143,12.35,1.22,2.13,112.1106
2018-06-12,3.38,0.42,66.38,6965.857142857143,12.34,1.22,2.13,112.2138
2018-06-13,3.33,0.39,66.63,6965.857142857143,12.94,1.21,2.12,112.2577
2018-06-14,3.31,0.35,66.91,6965.857142857143,12.12,1.21,2.12,112.8593
2018-06-15,3.33,0.38,65.01,6965.857142857143,11.98,1.21,2.12,113.3379
2018-06-18,3.34,0.36,65.91,6965.857142857143,12.31,1.22,2.12,113.4899
2018-06-19,3.4,0.35,65.09,6965.857142857143,13.35,1.24,2.12,113.639
2018-06-20,3.34,0.37,65.92,6965.857142857143,12.79,1.24,2.12,113.4784
2018-06-21,3.39,0.34,65.68,6965.857142857143,14.64,1.27,2.11,113.6109
2018-06-22,3.39,0.34,69.02,6965.857142857143,13.77,1.27,2.12,113.3047
2018-06-25,3.47,0.33,69.91,6965.857142857143,17.33,1.29,2.1,113.286
2018-06-26,3.48,0.35,75.23,6965.857142857143,15.92,1.29,2.12,113.3016
2018-06-27,3.56,0.31,77.41,6965.857142857143,17.91,1.29,2.11,113.8971
2018-06-28,3.64,0.32,73.45,6965.857142857143,16.85,1.3,2.1,113.8405
2018-06-29,3.61,0.33,74.13,6965.857142857143,16.09,1.29,2.11,113.2586
2018-06-30,3.71,0.33,74.13,6965.857142857143,16.09,1.3,2.11,113.2586
2018-07-01,3.71,0.33,74.13,6250.75,16.09,1.3,2.11,113.2586
2018-07-02,3.78,0.3,73.89,6250.75,15.6,1.3,2.14,114.1673
2018-07-03,3.77,0.3,74.19,6250.75,16.14,1.3,2.12,113.3222
2018-07-04,3.77,0.3,74.19,6250.75,16.14,1.3,2.12,113.3222
2018-07-05,3.74,0.29,73.05,6250.75,14.97,1.29,2.13,112.9759
2018-07-06,3.74,0.29,73.78,6250.75,13.37,1.28,2.12,112.6428
2018-07-09,3.65,0.29,73.93,6250.75,12.69,1.27,2.13,112.6425
2018-07-10,3.59,0.28,74.11,6250.75,12.64,1.25,2.13,112.5794
2018-07-11,3.66,0.27,70.47,6250.75,13.63,1.25,2.11,112.8582
2018-07-12,3.61,0.25,70.28,6250.75,12.58,1.25,2.1,112.779
2018-07-13,3.62,0.24,71.03,6250.75,12.18,1.24,2.11,113.0705
2018-07-16,3.59,0.26,68.22,6250.75,12.83,1.23,2.1,112.8437
2018-07-17,3.58,0.24,68.03,6250.75,12.06,1.23,2.09,113.1504
2018-07-18,3.56,0.28,68.78,6250.75,12.1,1.23,2.09,113.3348
2018-07-19,3.59,0.24,69.42,6250.75,12.87,1.23,2.09,113.9463
2018-07-20,3.55,0.29,70.31,6250.75,12.86,1.22,2.11,113.3213
2018-07-23,3.5,0.32,67.9,6250.75,12.62,1.21,2.11,113.4246
2018-07-24,3.47,0.32,70.77,6250.75,12.41,1.2,2.11,113.2045
2018-07-25,3.48,0.28,71.13,6250.75,12.29,1.19,2.13,112.9221
2018-07-26,3.42,0.29,71.59,6250.75,12.14,1.17,2.11,112.9179
2018-07-27,3.42,0.29,68.66,6250.75,13.03,1.16,2.12,112.8125
2018-07-30,3.43,0.32,71.19,6250.75,14.26,1.16,2.13,112.6044
2018-07-31,3.46,0.29,69.88,6250.75,12.83,1.16,2.12,112.7299
2018-08-01,3.43,0.33,68.8,6051.045454545455,13.15,1.16,2.13,112.8899
2018-08-02,3.43,0.32,68.95,6051.045454545455,12.19,1.16,2.12,113.1679
2018-08-03,3.43,0.32,68.49,6051.045454545455,11.64,1.15,2.12,113.012
2018-08-06,3.43,0.3,69.01,6051.045454545455,11.27,1.15,2.11,113.229
2018-08-07,3.35,0.3,69.17,6051.045454545455,10.93,1.14,2.13,112.9759
2018-08-08,3.37,0.28,66.92,6051.045454545455,10.85,1.15,2.11,113.1411
2018-08-09,3.38,0.29,66.81,6051.045454545455,11.27,1.16,2.11,113.3806
2018-08-10,3.5,0.26,67.61,6051.045454545455,13.16,1.18,2.09,114.3005
2018-08-13,3.52,0.27,67.25,6051.045454545455,14.78,1.19,2.1,114.851
2018-08-14,3.48,0.26,67.04,6051.045454545455,13.31,1.19,2.09,114.658
2018-08-15,3.55,0.25,65.07,6051.045454545455,14.64,1.2,2.08,115.1526
2018-08-16,3.49,0.24,65.44,6051.045454545455,13.45,1.19,2.08,114.6416
2018-08-17,3.49,0.26,65.93,6051.045454545455,12.64,1.18,2.08,114.5339
2018-08-20,3.52,0.22,66.5,6051.045454545455,12.49,1.19,2.07,114.3504
2018-08-21,3.48,0.24,67.32,6051.045454545455,12.86,1.18,2.08,113.8604
2018-08-22,3.48,0.22,67.85,6051.045454545455,12.25,1.19,2.08,113.663
2018-08-23,3.47,0.21,69.13,6051.045454545455,12.41,1.19,2.09,114.0932
2018-08-24,3.46,0.19,69.71,6051.045454545455,11.99,1.19,2.09,113.5985
2018-08-27,3.43,0.18,69.97,6051.045454545455,12.16,1.19,2.11,113.2721
2018-08-28,3.4,0.21,68.54,6051.045454545455,12.5,1.18,2.11,113.3444
2018-08-29,3.39,0.22,69.68,6051.045454545455,12.25,1.18,2.12,113.6461
2018-08-30,3.44,0.22,70.25,6051.045454545455,13.53,1.19,2.1,114.0899
2018-08-31,3.49,0.24,69.84,6051.045454545455,12.86,1.21,2.08,114.2755
2018-09-01,3.49,0.24,69.84,6050.7625,12.86,1.21,2.08,114.2755
2018-09-03,3.49,0.24,69.84,6050.7625,12.86,1.21,2.08,114.2755
2018-09-04,3.46,0.24,69.82,6050.7625,13.16,1.21,2.1,114.8584
2018-09-05,3.49,0.24,68.69,6050.7625,13.91,1.21,2.09,114.7477
2018-09-06,3.52,0.24,67.81,6050.7625,14.65,1.21,2.08,114.6479
2018-09-07,3.48,0.23,67.73,6050.7625,14.88,1.2,2.1,114.5816
2018-09-10,3.46,0.21,67.55,6050.7625,14.16,1.2,2.1,114.6802
2018-09-11,3.4,0.22,69.29,6050.7625,13.22,1.19,2.12,114.7051
2018-09-12,3.38,0.23,70.37,6050.7625,13.14,1.18,2.12,114.2192
2018-09-13,3.35,0.21,68.6,6050.7625,12.37,1.17,2.1,113.9268
2018-09-14,3.29,0.21,68.98,6050.7625,12.07,1.16,2.1,114.0657
2018-09-17,3.29,0.21,68.86,6050.7625,13.68,1.15,2.1,113.9158
2018-09-18,3.24,0.24,69.87,6050.7625,12.79,1.15,2.13,113.7739
2018-09-19,3.24,0.27,71.08,6050.7625,11.75,1.14,2.15,113.6532
2018-09-20,3.25,0.26,70.77,6050.7625,11.8,1.13,2.15,113.4989
2018-09-21,3.25,0.26,70.8,6050.7625,11.68,1.13,2.15,113.5099
2018-09-24,3.28,0.25,73.23,6050.7625,12.2,1.13,2.16,113.5301
2018-09-25,3.26,0.27,73.4,6050.7625,12.42,1.12,2.16,113.7202
2018-09-26,3.27,0.23,72.22,6050.7625,12.89,1.12,2.14,113.6739
2018-09-27,3.25,0.23,72.18,6050.7625,12.41,1.12,2.15,113.9784
2018-09-28,3.24,0.24,73.16,6050.7625,12.12,1.11,2.14,113.8077
2018-09-30,3.28,0.24,73.16,6050.7625,12.12,1.13,2.14,113.8077
2018-10-01,3.22,0.27,75.37,6219.586956521739,12.0,1.13,2.14,113.8235
2018-10-02,3.22,0.23,75.16,6219.586956521739,12.05,1.13,2.12,113.8954
2018-10-03,3.16,0.3,76.4,6219.586956521739,11.61,1.11,2.16,114.1569
2018-10-04,3.29,0.32,74.44,6219.586956521739,14.22,1.12,2.16,114.6867
2018-10-05,3.32,0.35,74.26,6219.586956521739,14.82,1.13,2.16,114.561
2018-10-08,3.32,0.35,74.27,6219.586956521739,15.69,1.13,2.16,114.561
2018-10-09,3.41,0.33,74.95,6219.586956521739,15.95,1.13,2.17,114.6583
2018-10-10,3.51,0.34,73.18,6219.586956521739,22.96,1.13,2.16,114.6072
2018-10-11,3.58,0.29,70.97,6219.586956521739,24.98,1.16,2.12,114.4074
2018-10-12,3.54,0.3,71.41,6219.586956521739,21.31,1.16,2.12,114.3691
2018-10-15,3.49,0.31,71.84,6219.586956521739,21.3,1.15,2.13,114.045
2018-10-16,3.45,0.29,71.93,6219.586956521739,17.62,1.16,2.13,113.8963
2018-10-17,3.45,0.3,69.63,6219.586956521739,17.4,1.16,2.13,114.1755
2018-10-18,3.51,0.3,68.63,6219.586956521739,20.06,1.17,2.1,114.8164
2018-10-19,3.51,0.28,69.16,6219.586956521739,19.89,1.17,2.11,114.8567
2018-10-22,3.52,0.28,69.25,6219.586956521739,19.64,1.18,2.11,115.1782
2018-10-23,3.65,0.28,66.49,6219.586956521739,20.71,1.2,2.09,115.1651
2018-10-24,3.68,0.26,66.56,6219.586956521739,25.23,1.19,2.07,115.3755
2018-10-25,3.72,0.28,67.25,6219.586956521739,24.22,1.22,2.05,115.4831
2018-10-26,3.85,0.27,67.58,6219.586956521739,24.16,1.23,2.06,115.473
2018-10-29,3.84,0.27,67.0,6219.586956521739,24.7,1.23,2.06,115.8936
2018-10-30,3.89,0.28,66.18,6219.586956521739,23.35,1.25,2.05,116.2357
2018-10-31,3.81,0.28,65.31,6219.586956521739,21.23,1.25,2.05,116.5281
2018-11-01,3.81,0.3,63.67,6195.920454545455,19.34,1.26,2.02,115.8657
2018-11-02,3.72,0.31,63.12,6195.920454545455,19.51,1.24,2.06,115.643
2018-11-05,3.72,0.29,63.12,6195.920454545455,19.96,1.25,2.06,115.703
2018-11-06,3.68,0.29,62.16,6195.920454545455,19.91,1.23,2.07,115.5622
2018-11-07,3.6,0.26,61.69,6195.920454545455,16.36,1.22,2.07,115.2519
2018-11-08,3.57,0.26,60.71,6195.920454545455,16.72,1.22,2.07,115.6478
2018-11-09,3.71,0.25,60.19,6195.920454545455,17.36,1.23,2.04,116.4778
2018-11-12,3.71,0.25,59.85,6195.920454545455,20.45,1.23,2.04,116.4778
2018-11-13,3.89,0.25,55.63,6195.920454545455,20.02,1.26,2.02,116.6694
2018-11-14,3.99,0.26,56.16,6195.920454545455,21.25,1.29,2.0,116.498
2018-11-15,4.11,0.25,56.45,6195.920454545455,19.98,1.33,2.0,116.3861
2018-11-16,4.18,0.27,56.49,6195.920454545455,18.14,1.34,2.02,115.9258
2018-11-19,4.25,0.27,57.16,6195.920454545455,20.1,1.36,1.99,115.9859
2018-11-20,4.33,0.27,53.39,6195.920454545455,22.48,1.39,1.97,116.2367
2018-11-21,4.24,0.25,54.41,6195.920454545455,20.8,1.38,1.97,116.092
2018-11-22,4.25,0.25,54.41,6195.920454545455,20.8,1.38,1.97,116.092
2018-11-23,4.29,0.24,54.41,6195.920454545455,21.52,1.38,1.96,116.4713
2018-11-26,4.26,0.23,51.46,6195.920454545455,18.9,1.38,1.96,116.6208
2018-11-27,4.31,0.23,51.31,6195.920454545455,19.02,1.4,1.91,116.9001
2018-11-28,4.25,0.25,50.06,6195.920454545455,18.49,1.41,1.94,116.8343
2018-11-29,4.22,0.22,51.46,6195.920454545455,18.79,1.42,1.98,116.1961
2018-11-30,4.29,0.21,50.78,6195.920454545455,18.07,1.45,1.97,116.413
2018-12-01,4.29,0.21,50.78,6075.315789473684,18.07,1.45,1.97,116.413
2018-12-03,4.2,0.15,52.98,6075.315789473684,16.44,1.44,1.96,115.9057
2018-12-04,4.29,0.11,53.21,6075.315789473684,20.74,1.46,1.94,116.0028
2018-12-05,4.29,0.11,52.64,6075.315789473684,20.74,1.46,1.94,116.0028
2018-12-06,4.5,0.12,51.54,6075.315789473684,21.19,1.51,1.9,116.3991
2018-12-07,4.5,0.13,52.76,6075.315789473684,23.23,1.51,1.89,116.0847
2018-12-10,4.56,0.13,51.07,6075.315789473684,22.64,1.52,1.86,116.6746
2018-12-11,4.48,0.11,51.65,6075.315789473684,21.76,1.51,1.83,116.7564
2018-12-12,4.4,0.14,51.04,6075.315789473684,21.46,1.5,1.83,116.2214
2018-12-13,4.39,0.16,52.69,6075.315789473684,20.65,1.48,1.83,116.3974
2018-12-14,4.46,0.16,51.26,6075.315789473684,21.63,1.48,1.82,116.79
2018-12-17,4.58,0.16,49.8,6075.315789473684,24.52,1.48,1.81,116.4532
2018-12-18,4.72,0.17,46.12,6075.315789473684,25.58,1.49,1.81,116.4127
2018-12-19,4.84,0.14,47.96,6075.315789473684,25.58,1.49,1.8,116.0676
2018-12-20,5.11,0.12,45.64,6075.315789473684,28.38,1.52,1.76,116.0183
2018-12-21,5.22,0.16,45.38,6075.315789473684,30.11,1.54,1.77,116.2227
2018-12-24,5.35,0.19,45.38,6075.315789473684,36.07,1.55,1.75,116.2182
2018-12-26,5.37,0.2,46.04,6075.315789473684,30.41,1.56,1.77,116.1162
2018-12-27,5.38,0.21,44.48,6075.315789473684,29.96,1.57,1.74,115.9927
2018-12-28,5.3,0.2,45.15,6075.315789473684,28.34,1.58,1.73,115.7232
2018-12-31,5.33,0.21,45.15,6075.315789473684,25.42,1.59,1.71,115.5674
2019-01-01,5.33,0.21,45.15,5939.102272727273,25.42,1.59,1.71,115.5674
2019-01-02,5.35,0.16,46.31,5939.102272727273,23.22,1.6,1.7,115.7689
2019-01-03,5.44,0.17,46.92,5939.102272727273,25.45,1.63,1.68,115.4622
2019-01-04,5.05,0.17,47.76,5939.102272727273,21.38,1.62,1.76,114.9821
2019-01-07,4.83,0.17,48.27,5939.102272727273,21.4,1.6,1.78,114.5628
2019-01-08,4.65,0.15,49.58,5939.102272727273,20.47,1.58,1.82,114.7281
2019-01-09,4.52,0.18,52.19,5939.102272727273,19.98,1.56,1.83,114.1406
2019-01-10,4.54,0.18,52.42,5939.102272727273,19.5,1.55,1.81,114.0496
2019-01-11,4.55,0.16,51.44,5939.102272727273,18.19,1.54,1.83,114.0404
2019-01-14,4.6,0.18,50.31,5939.102272727273,19.07,1.54,1.81,114.0404
2019-01-15,4.55,0.19,51.8,5939.102272727273,18.6,1.54,1.81,114.3402
2019-01-16,4.44,0.18,52.08,5939.102272727273,19.04,1.52,1.82,114.137
2019-01-17,4.4,0.19,51.83,5939.102272727273,18.06,1.5,1.79,114.4115
2019-01-18,4.27,0.17,53.6,5939.102272727273,17.8,1.46,1.83,114.558
2019-01-21,4.27,0.17,53.6,5939.102272727273,17.8,1.46,1.83,114.558
2019-01-22,4.41,0.16,52.59,5939.102272727273,20.8,1.46,1.79,114.7541
2019-01-23,4.39,0.18,52.44,5939.102272727273,19.52,1.44,1.8,114.5759
2019-01-24,4.45,0.16,52.94,5939.102272727273,18.89,1.43,1.77,114.617
2019-01-25,4.34,0.16,53.53,5939.102272727273,17.42,1.4,1.79,114.0197
2019-01-28,4.41,0.15,51.79,5939.102272727273,18.87,1.4,1.78,114.0522
2019-01-29,4.4,0.16,53.07,5939.102272727273,19.13,1.39,1.78,114.026
2019-01-30,4.36,0.18,54.18,5939.102272727273,17.66,1.39,1.84,114.0731
2019-01-31,4.37,0.18,53.84,5939.102272727273,16.57,1.38,1.85,113.5504
2019-02-01,4.29,0.18,55.29,6300.4875,16.14,1.36,1.88,113.7548
2019-02-04,4.25,0.2,54.57,6300.4875,15.73,1.34,1.87,113.8766
2019-02-05,4.15,0.18,53.69,6300.4875,15.57,1.33,1.87,114.0431
2019-02-06,4.13,0.18,53.94,6300.4875,15.38,1.32,1.86,114.2305
2019-02-07,4.29,0.17,52.68,6300.4875,16.37,1.34,1.84,114.4339
2019-02-08,4.32,0.18,52.75,6300.4875,15.72,1.34,1.82,114.5003
2019-02-11,4.28,0.17,52.43,6300.4875,15.97,1.34,1.82,115.031
2019-02-12,4.17,0.18,53.14,6300.4875,15.43,1.33,1.83,114.7297
2019-02-13,4.12,0.18,53.84,6300.4875,15.65,1.32,1.86,114.9407
2019-02-14,4.17,0.16,54.4,6300.4875,16.22,1.33,1.85,115.1007
2019-02-15,4.12,0.14,55.58,6300.4875,14.91,1.32,1.86,114.9923
2019-02-18,4.12,0.14,55.58,6300.4875,14.91,1.32,1.86,114.9923
2019-02-19,4.11,0.15,56.12,6300.4875,14.88,1.32,1.87,114.57
2019-02-20,4.08,0.15,56.9,6300.4875,14.02,1.32,1.89,114.57
2019-02-21,4.04,0.16,56.95,6300.4875,14.46,1.32,1.91,114.5091
2019-02-22,4.05,0.17,57.01,6300.4875,13.51,1.32,1.91,114.2716
2019-02-25,4.0,0.16,55.32,6300.4875,14.85,1.31,1.92,114.1457
2019-02-26,4.01,0.16,55.4,6300.4875,15.17,1.31,1.92,114.0687
2019-02-27,3.94,0.19,56.92,6300.4875,14.7,1.3,1.93,114.0363
2019-02-28,3.92,0.21,57.21,6300.4875,14.78,1.29,1.95,114.1991
2019-03-01,3.86,0.21,55.76,6439.464285714286,13.57,1.28,1.96,114.537
2019-03-04,3.9,0.17,56.6,6439.464285714286,14.63,1.27,1.94,114.6925
2019-03-05,3.91,0.17,56.55,6439.464285714286,14.74,1.27,1.93,114.804
2019-03-06,3.98,0.17,56.22,6439.464285714286,15.74,1.28,1.91,114.9714
2019-03-07,4.1,0.17,56.6,6439.464285714286,16.59,1.29,1.9,115.4919
2019-03-08,4.18,0.17,55.77,6439.464285714286,16.05,1.29,1.9,115.3599
2019-03-11,4.12,0.17,56.79,6439.464285714286,14.33,1.29,1.91,115.2967
2019-03-12,4.08,0.16,56.89,6439.464285714286,13.77,1.28,1.9,114.939
2019-03-13,3.99,0.16,58.27,6439.464285714286,13.41,1.28,1.92,114.7372
2019-03-14,3.95,0.17,58.59,6439.464285714286,13.5,1.27,1.94,114.79
2019-03-15,3.95,0.16,58.51,6439.464285714286,12.88,1.26,1.94,114.5815
2019-03-18,3.95,0.15,59.09,6439.464285714286,13.1,1.26,1.96,114.4375
2019-03-19,3.91,0.15,59.12,6439.464285714286,13.56,1.25,1.95,114.2324
2019-03-20,3.97,0.14,60.12,6439.464285714286,13.91,1.26,1.96,114.1509
2019-03-21,3.92,0.13,59.98,6439.464285714286,13.63,1.25,1.96,114.1684
2019-03-22,4.03,0.13,58.87,6439.464285714286,16.48,1.25,1.9,114.6856
2019-03-25,4.13,0.17,58.71,6439.464285714286,16.33,1.25,1.88,114.4171
2019-03-26,4.09,0.17,59.87,6439.464285714286,14.68,1.25,1.86,114.6414
2019-03-27,4.09,0.17,59.39,6439.464285714286,15.15,1.25,1.84,115.1243
2019-03-28,4.08,0.16,59.29,6439.464285714286,14.43,1.25,1.83,115.2581
2019-03-29,3.99,0.14,60.19,6439.464285714286,13.71,1.25,1.88,115.1371
2019-03-31,4.05,0.14,60.19,6439.464285714286,13.71,1.27,1.88,115.1371
2019-04-01,3.94,0.16,61.59,6438.3625,13.4,1.25,1.9,114.9362
2019-04-02,3.95,0.18,62.53,6438.3625,13.36,1.25,1.9,115.1173
2019-04-03,3.9,0.19,62.46,6438.3625,13.74,1.24,1.91,114.7211
2019-04-04,3.9,0.18,62.12,6438.3625,13.58,1.24,1.9,114.9697
2019-04-05,3.86,0.15,63.1,6438.3625,12.82,1.23,1.9,114.9726
2019-04-08,3.84,0.16,64.37,6438.3625,13.18,1.22,1.91,114.6893
2019-04-09,3.86,0.16,64.05,6438.3625,14.28,1.22,1.91,114.5321
2019-04-10,3.86,0.17,64.62,6438.3625,13.3,1.21,1.94,114.4269
2019-04-11,3.79,0.16,63.61,6438.3625,13.02,1.2,1.94,114.6303
2019-04-12,3.68,0.16,63.86,6438.3625,12.01,1.18,1.95,114.3531
2019-04-15,3.68,0.15,63.43,6438.3625,12.32,1.17,1.94,114.495
2019-04-16,3.64,0.19,64.01,6438.3625,12.18,1.16,1.96,114.6756
2019-04-17,3.67,0.19,63.74,6438.3625,12.6,1.16,1.94,114.5141
2019-04-18,3.73,0.19,64.02,6438.3625,12.09,1.17,1.95,114.7073
2019-04-19,3.73,0.19,64.02,6438.3625,12.09,1.17,1.95,114.6977
2019-04-22,3.73,0.21,65.66,6438.3625,12.42,1.17,1.95,114.7694
2019-04-23,3.72,0.21,66.24,6438.3625,12.28,1.17,1.95,115.1578
2019-04-24,3.73,0.21,65.96,6438.3625,13.14,1.17,1.96,115.4187
2019-04-25,3.75,0.21,65.23,6438.3625,13.25,1.17,1.98,115.7709
2019-04-26,3.76,0.23,63.29,6438.3625,12.73,1.17,1.97,115.4767
2019-04-29,3.73,0.24,63.39,6438.3625,13.11,1.16,1.96,115.5227
2019-04-30,3.73,0.24,63.83,6438.3625,13.12,1.17,1.95,115.3281
2019-05-01,3.71,0.21,63.55,6017.904761904762,14.8,1.17,1.93,115.0022
2019-05-02,3.74,0.2,61.75,6017.904761904762,14.42,1.18,1.89,115.5617
2019-05-03,3.72,0.21,61.98,6017.904761904762,12.87,1.18,1.91,115.2646
2019-05-06,3.82,0.2,62.3,6017.904761904762,15.44,1.18,1.91,115.3811
2019-05-07,3.89,0.17,61.41,6017.904761904762,19.32,1.19,1.87,115.6116
2019-05-08,3.87,0.19,62.13,6017.904761904762,19.4,1.2,1.87,115.5171
2019-05-09,3.99,0.19,61.58,6017.904761904762,19.1,1.22,1.85,115.8421
2019-05-10,4.01,0.21,61.65,6017.904761904762,16.04,1.22,1.88,115.5334
2019-05-13,4.2,0.22,60.97,6017.904761904762,20.55,1.24,1.85,115.915
2019-05-14,4.13,0.22,61.82,6017.904761904762,18.06,1.24,1.86,115.9425
2019-05-15,4.17,0.21,62.03,6017.904761904762,16.44,1.24,1.83,115.8565
2019-05-16,4.06,0.2,62.93,6017.904761904762,15.29,1.24,1.84,116.0346
2019-05-17,4.07,0.19,62.77,6017.904761904762,15.96,1.24,1.81,116.448
2019-05-20,4.06,0.2,63.12,6017.904761904762,16.31,1.24,1.81,116.3119
2019-05-21,3.99,0.17,63.02,6017.904761904762,14.95,1.24,1.83,116.2844
2019-05-22,4.03,0.16,61.42,6017.904761904762,14.75,1.25,1.79,116.2412
2019-05-23,4.22,0.19,57.65,6017.904761904762,16.92,1.28,1.73,116.2368
2019-05-24,4.16,0.16,58.4,6017.904761904762,15.85,1.27,1.76,116.0806
2019-05-27,4.16,0.16,58.4,6017.904761904762,15.85,1.27,1.76,116.0806
2019-05-28,4.19,0.14,58.91,6017.904761904762,17.5,1.29,1.73,116.3174
2019-05-29,4.36,0.16,58.84,6017.904761904762,17.9,1.32,1.75,116.5535
2019-05-30,4.33,0.16,56.47,6017.904761904762,17.3,1.31,1.74,116.3989
2019-05-31,4.59,0.19,53.49,6017.904761904762,18.71,1.35,1.74,116.7273
2019-06-01,4.59,0.19,53.49,5882.225,18.71,1.35,1.74,116.7273
2019-06-03,4.7,0.25,53.25,5882.225,18.86,1.36,1.73,116.4764
2019-06-04,4.53,0.24,53.5,5882.225,16.97,1.35,1.74,116.091
2019-06-05,4.48,0.29,51.57,5882.225,16.09,1.34,1.75,116.03
2019-06-06,4.42,0.24,52.59,5882.225,15.93,1.34,1.73,115.9771
2019-06-07,4.37,0.24,53.95,5882.225,16.3,1.34,1.74,115.7368
2019-06-10,4.23,0.25,53.33,5882.225,15.94,1.32,1.73,115.5001
2019-06-11,4.2,0.22,53.3,5882.225,15.99,1.32,1.72,115.3794
2019-06-12,4.22,0.25,51.13,5882.225,15.91,1.32,1.71,115.438
2019-06-13,4.24,0.27,52.38,5882.225,15.82,1.32,1.68,115.6275
2019-06-14,4.23,0.25,52.47,5882.225,15.28,1.32,1.63,115.9057
2019-06-17,4.23,0.23,51.94,5882.225,15.35,1.32,1.61,115.9684
2019-06-18,4.14,0.2,53.86,5882.225,15.15,1.3,1.64,115.8797
2019-06-19,4.16,0.29,53.74,5882.225,14.33,1.3,1.67,115.7889
2019-06-20,4.03,0.29,56.88,5882.225,14.75,1.28,1.74,114.8046
2019-06-21,3.95,0.3,57.35,5882.225,15.4,1.25,1.73,114.8377
2019-06-24,4.0,0.3,57.73,5882.225,15.26,1.23,1.71,114.6559
2019-06-25,4.09,0.29,57.63,5882.225,16.28,1.24,1.67,114.6363
2019-06-26,4.05,0.28,59.17,5882.225,16.21,1.23,1.7,114.5608
2019-06-27,4.09,0.27,59.18,5882.225,15.82,1.23,1.68,114.665
2019-06-28,4.07,0.25,58.2,5882.225,15.08,1.22,1.69,114.5821
2019-06-30,4.07,0.25,58.2,5882.225,15.08,1.22,1.69,114.5821
2019-07-01,3.99,0.25,58.91,5941.195652173913,14.06,1.21,1.69,114.7239
2019-07-02,4.04,0.21,56.0,5941.195652173913,12.93,1.2,1.65,114.8258
2019-07-03,4.02,0.19,57.06,5941.195652173913,12.57,1.2,1.65,114.8135
2019-07-04,4.02,0.19,57.06,5941.195652173913,12.57,1.2,1.65,114.8135
2019-07-05,3.98,0.17,57.06,5941.195652173913,13.28,1.19,1.69,115.1132
2019-07-08,4.0,0.17,57.35,5941.195652173913,13.96,1.19,1.7,115.0254
2019-07-09,4.03,0.15,57.57,5941.195652173913,14.09,1.2,1.71,115.1017
2019-07-10,4.01,0.25,60.28,5941.195652173913,13.03,1.2,1.74,115.0879
2019-07-11,4.0,0.28,59.93,5941.195652173913,12.93,1.19,1.77,114.8361
2019-07-12,4.02,0.28,59.99,5941.195652173913,12.39,1.18,1.77,114.7685
2019-07-15,4.0,0.26,59.3,5941.195652173913,12.68,1.18,1.77,114.6819
2019-07-16,3.96,0.26,57.44,5941.195652173913,12.86,1.18,1.8,115.0111
2019-07-17,4.01,0.23,56.5,5941.195652173913,13.97,1.18,1.75,114.8819
2019-07-18,4.11,0.27,55.08,5941.195652173913,13.53,1.19,1.79,114.8744
2019-07-19,4.07,0.25,55.42,5941.195652173913,14.45,1.18,1.8,114.8695
2019-07-22,4.06,0.25,55.87,5941.195652173913,13.53,1.17,1.79,115.0018
2019-07-23,3.99,0.25,56.58,5941.195652173913,12.61,1.16,1.81,115.2995
2019-07-24,3.98,0.22,55.9,5941.195652173913,12.07,1.16,1.79,115.2436
2019-07-25,3.93,0.22,55.88,5941.195652173913,12.74,1.15,1.8,115.2982
2019-07-26,3.89,0.22,56.04,5941.195652173913,12.16,1.14,1.78,115.5449
2019-07-29,3.93,0.21,56.85,5941.195652173913,12.83,1.13,1.77,115.5885
2019-07-30,3.97,0.21,58.04,5941.195652173913,13.94,1.14,1.78,115.6211
2019-07-31,3.93,0.13,58.53,5941.195652173913,16.12,1.14,1.76,115.4946
2019-08-01,4.1,0.17,53.64,5709.440476190476,17.87,1.17,1.7,116.0499
2019-08-02,4.19,0.14,55.67,5709.440476190476,17.61,1.19,1.66,116.1864
2019-08-05,4.53,0.16,54.63,5709.440476190476,24.59,1.24,1.6,116.5851
2019-08-06,4.46,0.13,53.6,5709.440476190476,20.17,1.25,1.62,116.6904
2019-08-07,4.52,0.12,51.14,5709.440476190476,19.49,1.27,1.62,116.7987
2019-08-08,4.31,0.1,52.6,5709.440476190476,16.91,1.26,1.65,116.474
2019-08-09,4.31,0.11,54.41,5709.440476190476,17.97,1.26,1.66,116.4419
2019-08-12,4.4,0.07,54.98,5709.440476190476,21.09,1.27,1.61,116.7548
2019-08-13,4.25,0.02,57.05,5709.440476190476,17.52,1.26,1.63,116.7267
2019-08-14,4.49,0.01,55.16,5709.440476190476,22.1,1.29,1.57,117.0913
2019-08-15,4.52,0.04,54.51,5709.440476190476,21.18,1.31,1.54,117.2239
2019-08-16,4.47,0.07,54.83,5709.440476190476,18.47,1.31,1.54,117.0786
2019-08-19,4.36,0.07,56.24,5709.440476190476,16.88,1.29,1.56,117.3886
2019-08-20,4.35,0.05,56.18,5709.440476190476,17.5,1.28,1.53,117.3726
2019-08-21,4.21,0.03,55.65,5709.440476190476,15.8,1.26,1.54,117.1764
2019-08-22,4.16,0.01,55.33,5709.440476190476,16.68,1.25,1.55,117.3558
2019-08-23,4.25,0.01,54.08,5709.440476190476,19.87,1.25,1.54,117.3009
2019-08-26,4.22,0.0,53.54,5709.440476190476,19.32,1.25,1.54,117.6658
2019-08-27,4.19,-0.04,54.99,5709.440476190476,20.31,1.25,1.55,117.75
2019-08-28,4.17,-0.03,55.76,5709.440476190476,19.35,1.26,1.55,117.8767
2019-08-29,4.08,-0.03,56.67,5709.440476190476,17.88,1.26,1.59,118.0625
2019-08-30,4.09,0.0,55.07,5709.440476190476,18.98,1.25,1.55,118.1575
2019-08-31,4.13,0.0,55.07,5709.440476190476,18.98,1.26,1.55,118.1575
2019-09-01,4.13,0.0,55.07,5759.25,18.98,1.26,1.55,118.1575
2019-09-02,4.13,0.0,55.07,5759.25,18.98,1.26,1.55,118.1575
2019-09-03,4.23,0.0,53.91,5759.25,19.66,1.27,1.5,118.3113
2019-09-04,4.23,0.04,56.22,5759.25,17.33,1.27,1.51,117.6729
2019-09-05,4.07,0.02,56.33,5759.25,16.27,1.26,1.56,117.4776
2019-09-06,4.05,0.02,56.45,5759.25,15.0,1.26,1.54,117.1292
2019-09-09,3.99,0.05,57.88,5759.25,15.27,1.25,1.57,117.0601
2019-09-10,3.9,0.05,57.37,5759.25,15.2,1.25,1.6,117.0887
2019-09-11,3.92,0.07,55.66,5759.25,14.61,1.24,1.6,117.3125
2019-09-12,3.85,0.07,55.13,5759.25,14.22,1.22,1.63,116.8375
2019-09-13,3.83,0.11,54.76,5759.25,13.74,1.21,1.67,116.7677
2019-09-16,3.8,0.1,63.1,5759.25,14.67,1.21,1.67,117.0251
2019-09-17,3.81,0.09,59.26,5759.25,14.44,1.21,1.66,116.9826
2019-09-18,3.82,0.03,58.19,5759.25,13.95,1.2,1.59,116.9766
2019-09-19,3.77,0.05,58.19,5759.25,14.05,1.19,1.61,117.0861
2019-09-20,3.81,0.05,57.92,5759.25,15.32,1.19,1.61,117.1819
2019-09-23,3.84,0.04,58.69,5759.25,14.91,1.19,1.61,117.2986
2019-09-24,3.9,0.04,57.22,5759.25,17.05,1.2,1.58,117.2227
2019-09-25,3.91,0.05,56.38,5759.25,15.96,1.2,1.6,117.6527
2019-09-26,3.95,0.04,56.24,5759.25,16.07,1.2,1.57,117.7267
2019-09-27,3.99,0.06,55.95,5759.25,17.22,1.21,1.53,117.7218
2019-09-30,4.02,0.05,54.09,5759.25,16.24,1.22,1.53,117.9461
2019-10-01,4.08,0.09,53.6,5757.297826086957,18.56,1.22,1.52,117.9595
2019-10-02,4.28,0.12,52.67,5757.297826086957,20.56,1.25,1.5,117.9671
2019-10-03,4.4,0.15,52.41,5757.297826086957,19.12,1.26,1.48,117.6608
2019-10-04,4.38,0.12,52.84,5757.297826086957,17.04,1.26,1.5,117.5288
2019-10-07,4.31,0.1,52.76,5757.297826086957,17.86,1.25,1.51,117.5533
2019-10-08,4.39,0.12,52.64,5757.297826086957,20.28,1.26,1.48,117.7407
2019-10-09,4.32,0.12,52.63,5757.297826086957,18.64,1.25,1.49,117.6835
2019-10-10,4.26,0.14,53.57,5757.297826086957,17.57,1.25,1.52,117.2801
2019-10-11,4.1,0.13,54.76,5757.297826086957,15.58,1.22,1.56,116.8239
2019-10-14,4.08,0.13,53.57,5757.297826086957,14.57,1.22,1.56,116.8239
2019-10-15,4.01,0.16,52.81,5757.297826086957,13.54,1.2,1.56,116.8111
2019-10-16,4.01,0.17,53.42,5757.297826086957,13.68,1.2,1.57,116.6425
2019-10-17,4.0,0.16,53.89,5757.297826086957,13.79,1.19,1.59,116.2615
2019-10-18,4.02,0.18,53.75,5757.297826086957,14.25,1.18,1.6,116.1344
2019-10-21,3.98,0.18,53.28,5757.297826086957,14.0,1.17,1.61,116.0436
2019-10-22,3.99,0.18,54.21,5757.297826086957,14.46,1.16,1.61,115.9851
2019-10-23,3.98,0.19,55.9,5757.297826086957,14.01,1.17,1.61,116.0586
2019-10-24,3.96,0.19,56.11,5757.297826086957,13.71,1.16,1.62,116.1278
2019-10-25,3.89,0.17,56.52,5757.297826086957,12.65,1.14,1.65,116.0774
2019-10-28,3.85,0.21,55.6,5757.297826086957,13.11,1.13,1.64,116.0222
2019-10-29,3.86,0.2,55.34,5757.297826086957,13.2,1.13,1.61,115.9797
2019-10-30,3.96,0.17,54.85,5757.297826086957,12.33,1.14,1.57,116.1636
2019-10-31,4.15,0.17,54.02,5757.297826086957,13.22,1.17,1.54,115.9125
2019-11-01,4.09,0.17,56.04,5859.952380952381,12.3,1.16,1.59,115.7312
2019-11-04,3.99,0.19,56.33,5859.952380952381,12.83,1.15,1.64,115.8624
2019-11-05,3.97,0.23,57.04,5859.952380952381,13.1,1.13,1.68,116.1138
2019-11-06,4.02,0.2,56.15,5859.952380952381,12.62,1.13,1.66,116.1004
2019-11-07,3.96,0.24,56.91,5859.952380952381,12.73,1.11,1.69,116.1172
2019-11-08,4.0,0.26,57.02,5859.952380952381,12.07,1.11,1.71,116.3436
2019-11-11,3.99,0.26,57.02,5859.952380952381,12.69,1.11,1.71,116.3436
2019-11-12,4.0,0.26,56.67,5859.952380952381,12.68,1.11,1.7,116.5837
2019-11-13,4.05,0.25,56.88,5859.952380952381,13.0,1.12,1.66,116.8397
2019-11-14,4.08,0.24,56.57,5859.952380952381,13.05,1.13,1.62,116.8022
2019-11-15,4.06,0.23,57.54,5859.952380952381,12.05,1.12,1.63,116.4401
2019-11-18,4.09,0.21,56.82,5859.952380952381,12.46,1.12,1.63,116.3625
2019-11-19,4.12,0.19,54.93,5859.952380952381,12.86,1.12,1.63,116.5391
2019-11-20,4.18,0.17,56.71,5859.952380952381,12.78,1.13,1.6,116.828
2019-11-21,4.17,0.17,58.36,5859.952380952381,13.13,1.14,1.63,116.7435
2019-11-22,4.13,0.16,57.68,5859.952380952381,12.34,1.13,1.62,116.9137
2019-11-25,4.08,0.15,57.79,5859.952380952381,11.87,1.12,1.62,117.0098
2019-11-26,4.05,0.16,58.25,5859.952380952381,11.54,1.12,1.62,117.0513
2019-11-27,3.99,0.14,58.12,5859.952380952381,11.75,1.11,1.63,117.1273
2019-11-29,4.01,0.17,58.12,5859.952380952381,12.62,1.11,1.61,117.1204
2019-11-30,4.02,0.17,58.12,5859.952380952381,12.62,1.11,1.61,117.1204
2019-12-01,4.02,0.17,58.12,6077.0625,12.62,1.11,1.61,117.1204
2019-12-02,4.03,0.22,55.97,6077.0625,14.91,1.11,1.65,116.9647
2019-12-03,4.14,0.19,56.15,6077.0625,15.96,1.13,1.63,116.8898
2019-12-04,4.02,0.19,58.46,6077.0625,14.8,1.11,1.66,116.692
2019-12-05,4.0,0.22,58.42,6077.0625,14.52,1.1,1.67,116.3838
2019-12-06,3.89,0.23,59.2,6077.0625,13.62,1.09,1.69,116.5381
2019-12-09,3.88,0.2,58.99,6077.0625,15.86,1.08,1.69,116.3283
2019-12-10,3.84,0.2,59.22,6077.0625,15.68,1.07,1.71,116.2542
2019-12-11,3.83,0.18,58.74,6077.0625,14.99,1.07,1.69,116.1478
2019-12-12,3.7,0.24,59.18,6077.0625,13.94,1.06,1.72,115.8741
2019-12-13,3.71,0.21,60.11,6077.0625,12.63,1.05,1.7,115.6967
2019-12-16,3.62,0.24,60.21,6077.0625,12.14,1.04,1.73,115.555
2019-12-17,3.58,0.26,60.88,6077.0625,12.29,1.03,1.75,115.5553
2019-12-18,3.51,0.29,60.93,6077.0625,12.58,1.02,1.76,115.6618
2019-12-19,3.54,0.3,61.3,6077.0625,12.5,1.01,1.77,115.5988
2019-12-20,3.53,0.29,60.43,6077.0625,12.51,1.01,1.77,115.7598
2019-12-23,3.52,0.29,60.51,6077.0625,12.61,1.01,1.75,115.8059
2019-12-24,3.53,0.28,61.17,6077.0625,12.67,1.0,1.75,115.8059
2019-12-26,3.53,0.26,61.72,6077.0625,12.65,1.0,1.74,115.634
2019-12-27,3.56,0.29,61.76,6077.0625,13.43,1.0,1.73,115.22
2019-12-30,3.6,0.32,61.66,6077.0625,14.82,1.0,1.75,114.9631
2019-12-31,3.6,0.34,61.14,6077.0625,13.78,1.01,1.77,114.669
2020-01-01,3.6,0.34,61.14,6031.209090909091,13.78,1.01,1.77,114.669
2020-01-02,3.56,0.3,61.17,6031.209090909091,12.47,1.01,1.8,114.9745
2020-01-03,3.61,0.27,63.0,6031.209090909091,14.02,1.03,1.77,114.9867
2020-01-06,3.57,0.27,63.27,6031.209090909091,13.85,1.03,1.75,114.9557
2020-01-07,3.54,0.29,62.7,6031.209090909091,13.79,1.04,1.74,115.1477
2020-01-08,3.5,0.29,59.65,6031.209090909091,13.45,1.03,1.75,115.1328
2020-01-09,3.49,0.27,59.56,6031.209090909091,12.54,1.02,1.74,115.2331
2020-01-10,3.48,0.27,59.02,6031.209090909091,12.56,1.01,1.76,115.0677
2020-01-13,3.48,0.27,58.17,6031.209090909091,12.32,1.01,1.77,115.0342
2020-01-14,3.45,0.24,58.34,6031.209090909091,12.39,1.02,1.77,115.0239
2020-01-15,3.44,0.23,57.86,6031.209090909091,12.42,1.02,1.75,114.9528
2020-01-16,3.42,0.23,58.52,6031.209090909091,12.32,1.01,1.74,115.0006
2020-01-17,3.39,0.26,58.55,6031.209090909091,12.1,0.99,1.75,115.0656
2020-01-20,3.38,0.26,58.55,6031.209090909091,12.1,0.99,1.75,115.0656
2020-01-21,3.47,0.25,58.25,6031.209090909091,12.85,0.99,1.74,115.1876
2020-01-22,3.49,0.24,56.76,6031.209090909091,12.91,0.99,1.72,115.2273
2020-01-23,3.58,0.23,55.51,6031.209090909091,12.98,1.0,1.7,115.5545
2020-01-24,3.68,0.21,54.09,6031.209090909091,14.56,1.01,1.68,115.5556
2020-01-27,4.03,0.17,53.09,6031.209090909091,18.23,1.04,1.63,115.8004
2020-01-28,3.86,0.2,53.33,6031.209090909091,16.28,1.04,1.65,115.7239
2020-01-29,3.83,0.18,53.29,6031.209090909091,16.39,1.04,1.64,115.7003
2020-01-30,3.95,0.16,52.19,6031.209090909091,15.49,1.06,1.64,115.8077
2020-01-31,4.03,0.18,51.58,6031.209090909091,18.84,1.09,1.65,115.7345
2020-02-01,4.03,0.18,51.58,5687.75,18.84,1.09,1.65,115.7345
2020-02-03,3.97,0.18,50.06,5687.75,17.97,1.08,1.63,116.1172
2020-02-04,3.85,0.2,49.59,5687.75,16.05,1.06,1.64,115.9291
2020-02-05,3.75,0.22,50.87,5687.75,15.15,1.05,1.66,116.009
2020-02-06,3.7,0.21,50.94,5687.75,14.96,1.03,1.67,116.1518
2020-02-07,3.75,0.18,50.34,5687.75,15.47,1.04,1.66,116.5086
2020-02-10,3.75,0.19,49.59,5687.75,15.04,1.04,1.66,116.5711
2020-02-11,3.65,0.18,50.0,5687.75,15.18,1.04,1.65,116.3585
2020-02-12,3.59,0.18,51.13,5687.75,13.74,1.02,1.66,116.2794
2020-02-13,3.57,0.17,51.41,5687.75,14.15,1.02,1.67,116.3999
2020-02-14,3.56,0.17,52.03,5687.75,13.68,1.02,1.66,116.4223
2020-02-17,3.56,0.17,52.03,5687.75,13.68,1.02,1.66,116.4223
2020-02-18,3.61,0.14,52.1,5687.75,14.83,1.02,1.65,116.6039
2020-02-19,3.57,0.14,53.31,5687.75,14.38,1.02,1.65,116.7829
2020-02-20,3.62,0.13,53.77,5687.75,15.56,1.04,1.63,117.2454
2020-02-21,3.66,0.12,53.36,5687.75,17.08,1.05,1.61,117.0473
2020-02-24,4.03,0.12,51.36,5687.75,25.03,1.1,1.59,117.4018
2020-02-25,4.18,0.13,49.78,5687.75,27.85,1.13,1.53,117.2425
2020-02-26,4.27,0.17,48.67,5687.75,27.56,1.15,1.54,117.405
2020-02-27,4.62,0.19,47.17,5687.75,39.16,1.21,1.53,117.3678
2020-02-28,5.04,0.27,44.83,5687.75,40.11,1.31,1.41,117.6568
2020-02-29,5.06,0.27,44.83,5687.75,40.11,1.3,1.41,117.6568
2020-03-01,5.06,0.27,44.83,5182.631818181818,40.11,1.3,1.41,117.6568
2020-03-02,4.97,0.26,46.78,5182.631818181818,33.42,1.33,1.41,116.8144
2020-03-03,4.84,0.31,47.27,5182.631818181818,36.82,1.32,1.45,116.4958
2020-03-04,4.75,0.35,46.78,5182.631818181818,31.99,1.32,1.46,116.7802
2020-03-05,5.05,0.33,45.9,5182.631818181818,39.62,1.35,1.4,116.7901
2020-03-06,5.64,0.25,41.14,5182.631818181818,41.94,1.49,1.31,116.7106
2020-03-09,6.68,0.16,31.05,5182.631818181818,54.46,1.88,0.99,117.1871
2020-03-10,6.38,0.26,34.47,5182.631818181818,47.3,1.87,1.0,117.9027
2020-03-11,6.61,0.32,33.13,5182.631818181818,53.9,1.96,0.96,118.2505
2020-03-12,7.42,0.38,31.56,5182.631818181818,75.47,2.22,0.92,120.4883
2020-03-13,7.31,0.45,31.72,5182.631818181818,57.83,2.29,0.9,120.4388
2020-03-16,8.38,0.37,28.96,5182.631818181818,82.69,2.55,0.73,120.9352
2020-03-17,8.41,0.55,26.96,5182.631818181818,75.91,2.72,0.63,122.4816
2020-03-18,9.04,0.64,20.48,5182.631818181818,76.45,3.03,0.63,124.1623
2020-03-19,9.82,0.68,25.09,5182.631818181818,72.0,3.51,0.5,125.0587
2020-03-20,10.09,0.55,19.48,5182.631818181818,66.04,3.87,0.75,124.9362
2020-03-23,10.87,0.48,23.33,5182.631818181818,61.59,4.01,0.8,126.1262
2020-03-24,10.55,0.46,21.03,5182.631818181818,61.67,3.82,0.97,125.5001
2020-03-25,10.11,0.54,20.75,5182.631818181818,63.95,3.54,1.07,124.7916
2020-03-26,9.29,0.53,16.6,5182.631818181818,61.0,3.33,1.07,122.4308
2020-03-27,8.99,0.47,15.48,5182.631818181818,65.54,3.24,0.94,122.4007
2020-03-30,8.82,0.47,14.1,5182.631818181818,57.08,3.15,0.95,123.2883
2020-03-31,8.77,0.47,20.51,5182.631818181818,53.54,3.05,0.87,122.5301
2020-04-01,9.11,0.39,20.28,5057.972,57.06,3.05,0.91,123.7933
2020-04-02,9.17,0.4,25.18,5057.972,50.91,3.06,1.03,123.5916
2020-04-03,9.43,0.39,28.36,5057.972,46.8,3.08,1.08,124.4152
2020-04-06,9.26,0.4,26.21,5057.972,45.24,3.03,1.14,124.16
2020-04-07,8.88,0.47,23.54,5057.972,46.7,2.92,1.17,123.0956
2020-04-08,8.81,0.5,24.97,5057.972,43.35,2.83,1.19,123.2216
2020-04-09,7.96,0.5,22.9,5057.972,41.67,2.61,1.23,122.476
2020-04-10,7.96,0.5,22.9,5057.972,41.67,2.61,1.23,122.1592
2020-04-13,7.7,0.51,22.36,5057.972,41.17,2.46,1.26,122.5203
2020-04-14,7.35,0.53,20.15,5057.972,37.76,2.35,1.29,122.1121
2020-04-15,7.64,0.43,19.96,5057.972,40.84,2.38,1.19,123.0752
2020-04-16,7.58,0.41,19.82,5057.972,40.11,2.36,1.03,123.4615
2020-04-17,7.31,0.45,18.31,5057.972,38.15,2.34,1.01,122.871
2020-04-20,7.52,0.43,-36.98,5057.972,43.83,2.36,0.94,123.1033
2020-04-21,7.9,0.38,8.91,5057.972,45.41,2.41,0.96,123.9116
2020-04-22,7.85,0.41,13.64,5057.972,41.98,2.39,1.06,123.9256
2020-04-23,7.87,0.39,15.06,5057.972,41.38,2.36,1.05,123.7542
2020-04-24,8.03,0.38,15.99,5057.972,35.93,2.36,1.11,124.1615
2020-04-27,8.01,0.43,12.17,5057.972,33.29,2.34,1.17,123.8843
2020-04-28,8.02,0.42,12.4,5057.972,33.57,2.34,1.14,123.3693
2020-04-29,7.87,0.43,15.04,5057.972,31.23,2.31,1.14,122.7782
2020-04-30,7.63,0.44,19.23,5057.972,34.15,2.17,1.07,122.327
2020-05-01,7.7,0.44,19.72,5239.826315789474,37.19,2.18,1.06,123.1492
2020-05-04,7.79,0.45,20.47,5239.826315789474,35.97,2.2,1.07,123.2117
2020-05-05,7.6,0.47,24.56,5239.826315789474,33.61,2.18,1.1,122.803
2020-05-06,7.6,0.55,23.88,5239.826315789474,34.12,2.18,1.1,123.609
2020-05-07,7.6,0.5,23.68,5239.826315789474,31.44,2.21,1.08,123.1249
2020-05-08,7.52,0.53,24.73,5239.826315789474,27.98,2.22,1.12,122.5379
2020-05-11,7.51,0.56,24.02,5239.826315789474,27.57,2.23,1.13,123.2333
2020-05-12,7.42,0.52,25.76,5239.826315789474,33.04,2.22,1.09,123.0592
2020-05-13,7.61,0.48,25.37,5239.826315789474,35.28,2.21,1.07,123.5408
2020-05-14,7.77,0.47,27.4,5239.826315789474,32.61,2.21,1.06,123.6429
2020-05-15,7.78,0.48,29.44,5239.826315789474,31.89,2.2,1.09,123.5991
2020-05-18,7.41,0.55,31.83,5239.826315789474,29.3,2.12,1.17,122.7968
2020-05-19,7.35,0.53,32.3,5239.826315789474,30.53,2.06,1.15,122.5655
2020-05-20,7.16,0.52,33.56,5239.826315789474,27.99,2.01,1.16,122.1007
2020-05-21,7.08,0.51,34.3,5239.826315789474,29.53,1.98,1.14,122.0914
2020-05-22,7.06,0.49,33.49,5239.826315789474,28.16,1.97,1.12,122.3211
2020-05-25,7.06,0.49,33.49,5239.826315789474,28.16,1.96,1.12,122.3211
2020-05-26,6.75,0.51,34.7,5239.826315789474,28.01,1.92,1.13,121.3864
2020-05-27,6.7,0.49,32.8,5239.826315789474,27.62,1.9,1.14,121.5677
2020-05-28,6.6,0.53,33.67,5239.826315789474,28.59,1.87,1.18,121.0138
2020-05-29,6.71,0.49,35.57,5239.826315789474,27.51,1.85,1.15,120.9458
2020-05-31,6.54,0.49,35.57,5239.826315789474,27.51,1.87,1.15,120.9458
2020-06-01,6.43,0.52,35.49,5754.595454545455,28.23,1.85,1.18,120.2686
2020-06-02,6.18,0.51,36.88,5754.595454545455,26.84,1.81,1.18,119.6854
2020-06-03,5.8,0.58,37.33,5754.595454545455,25.66,1.74,1.21,119.2556
2020-06-04,5.83,0.63,37.42,5754.595454545455,25.81,1.7,1.22,119.3014
2020-06-05,5.5,0.69,39.49,5754.595454545455,24.52,1.6,1.27,118.8138
2020-06-08,5.51,0.66,38.17,5754.595454545455,25.81,1.56,1.28,118.6621
2020-06-09,5.75,0.64,38.98,5754.595454545455,27.57,1.59,1.26,118.5893
2020-06-10,5.92,0.58,39.54,5754.595454545455,27.57,1.61,1.27,118.5231
2020-06-11,6.4,0.47,36.43,5754.595454545455,40.79,1.7,1.21,119.2347
2020-06-12,6.28,0.52,36.24,5754.595454545455,36.09,1.69,1.21,119.6645
2020-06-15,6.25,0.52,37.07,5754.595454545455,34.4,1.7,1.23,119.9539
2020-06-16,5.78,0.54,38.26,5754.595454545455,33.67,1.58,1.27,119.567
2020-06-17,5.85,0.55,37.91,5754.595454545455,33.47,1.57,1.26,119.9105
2020-06-18,6.01,0.52,38.79,5754.595454545455,32.94,1.58,1.28,120.2173
2020-06-19,6.02,0.51,39.72,5754.595454545455,35.12,1.57,1.3,120.2186
2020-06-22,6.03,0.52,40.6,5754.595454545455,31.77,1.57,1.34,119.7532
2020-06-23,6.02,0.54,40.4,5754.595454545455,31.37,1.56,1.38,119.3285
2020-06-24,6.23,0.5,37.91,5754.595454545455,33.84,1.6,1.33,119.9744
2020-06-25,6.3,0.51,38.66,5754.595454545455,32.22,1.61,1.33,120.2997
2020-06-26,6.41,0.47,38.53,5754.595454545455,34.73,1.62,1.32,120.533
2020-06-29,6.52,0.48,39.67,5754.595454545455,31.78,1.62,1.34,120.6658
2020-06-30,6.44,0.5,39.27,5754.595454545455,30.43,1.6,1.34,120.4649
2020-07-01,6.33,0.52,39.88,6372.460869565217,28.62,1.58,1.37,120.0808
2020-07-02,6.17,0.52,40.57,6372.460869565217,27.68,1.54,1.41,119.8555
2020-07-03,6.17,0.52,40.57,6372.460869565217,27.68,1.54,1.41,119.8555
2020-07-06,6.03,0.53,40.51,6372.460869565217,27.94,1.51,1.45,119.2852
2020-07-07,6.04,0.49,40.59,6372.460869565217,29.43,1.51,1.43,119.5717
2020-07-08,6.06,0.51,40.91,6372.460869565217,28.08,1.51,1.42,119.5525
2020-07-09,6.14,0.46,39.64,6372.460869565217,29.26,1.52,1.39,119.5129
2020-07-10,6.14,0.49,40.56,6372.460869565217,27.29,1.52,1.41,119.3509
2020-07-13,6.01,0.48,40.06,6372.460869565217,32.19,1.5,1.42,119.1891
2020-07-14,6.03,0.49,40.3,6372.460869565217,29.52,1.5,1.41,119.3901
2020-07-15,5.81,0.48,41.2,6372.460869565217,27.76,1.48,1.41,119.0331
2020-07-16,5.76,0.46,40.74,6372.460869565217,28.0,1.47,1.41,118.9275
2020-07-17,5.74,0.5,40.55,6372.460869565217,25.68,1.46,1.46,119.124
2020-07-20,5.54,0.46,40.83,6372.460869565217,24.46,1.44,1.46,119.0483
2020-07-21,5.33,0.47,41.76,6372.460869565217,24.84,1.41,1.48,118.4042
2020-07-22,5.28,0.46,41.88,6372.460869565217,24.32,1.39,1.48,118.1337
2020-07-23,5.26,0.43,40.99,6372.460869565217,26.08,1.39,1.49,118.0613
2020-07-24,5.29,0.45,41.23,6372.460869565217,25.84,1.39,1.51,118.1329
2020-07-27,5.24,0.47,41.46,6372.460869565217,24.74,1.39,1.52,117.3869
2020-07-28,5.27,0.45,40.89,6372.460869565217,25.44,1.4,1.51,117.3189
2020-07-29,5.15,0.46,41.13,6372.460869565217,24.1,1.4,1.53,117.2126
2020-07-30,5.14,0.44,39.85,6372.460869565217,24.76,1.41,1.52,117.4008
2020-07-31,5.16,0.44,40.1,6372.460869565217,24.46,1.41,1.55,117.2082
2020-08-01,5.16,0.44,40.1,6508.392857142857,24.46,1.41,1.55,117.2082
2020-08-03,5.08,0.45,40.83,6508.392857142857,24.28,1.4,1.58,117.8074
2020-08-04,5.13,0.41,41.67,6508.392857142857,23.76,1.4,1.57,117.7833
2020-08-05,5.04,0.44,42.25,6508.392857142857,22.99,1.37,1.61,116.8736
2020-08-06,5.06,0.44,41.93,6508.392857142857,22.65,1.36,1.63,117.0422
2020-08-07,5.06,0.44,41.16,6508.392857142857,22.21,1.35,1.61,117.6239
2020-08-10,5.09,0.45,41.94,6508.392857142857,22.13,1.34,1.61,117.5821
2020-08-11,5.03,0.48,41.53,6508.392857142857,24.03,1.33,1.63,117.3781
2020-08-12,5.1,0.53,42.6,6508.392857142857,22.28,1.33,1.67,117.2559
2020-08-13,5.16,0.55,42.26,6508.392857142857,22.13,1.34,1.67,117.1193
2020-08-14,5.26,0.57,42.05,6508.392857142857,22.05,1.35,1.65,116.9395
2020-08-17,5.29,0.55,42.89,6508.392857142857,21.35,1.36,1.66,116.749
2020-08-18,5.26,0.53,42.89,6508.392857142857,21.51,1.37,1.68,116.5593
2020-08-19,5.25,0.54,42.91,6508.392857142857,22.54,1.37,1.67,116.567
2020-08-20,5.28,0.52,42.62,6508.392857142857,22.72,1.38,1.62,116.8126
2020-08-21,5.25,0.48,42.32,6508.392857142857,22.54,1.38,1.64,117.0572
2020-08-24,5.17,0.51,42.44,6508.392857142857,22.37,1.37,1.67,116.912
2020-08-25,5.07,0.54,43.17,6508.392857142857,22.03,1.37,1.7,116.8206
2020-08-26,5.02,0.53,43.21,6508.392857142857,23.27,1.37,1.72,116.6243
2020-08-27,4.98,0.58,42.88,6508.392857142857,24.47,1.38,1.73,116.649
2020-08-28,5.0,0.6,42.96,6508.392857142857,22.96,1.37,1.77,115.9374
2020-08-31,5.02,0.58,42.61,6508.392857142857,26.41,1.36,1.8,115.7586
2020-09-01,4.97,0.55,42.76,6704.9,26.12,1.35,1.76,115.5687
2020-09-02,4.93,0.52,42.76,6704.9,26.57,1.34,1.73,116.0304
2020-09-03,5.04,0.5,41.39,6704.9,33.6,1.35,1.65,116.0685
2020-09-04,5.13,0.58,39.69,6704.9,30.75,1.35,1.7,116.0347
2020-09-07,5.13,0.58,39.69,6704.9,30.75,1.35,1.7,116.0347
2020-09-08,5.25,0.55,36.87,6704.9,31.46,1.37,1.68,116.4618
2020-09-09,5.16,0.57,38.05,6704.9,28.81,1.37,1.71,116.1291
2020-09-10,5.16,0.54,37.25,6704.9,29.71,1.37,1.69,115.8806
2020-09-11,5.21,0.54,37.33,6704.9,26.87,1.37,1.65,116.0866
2020-09-14,5.18,0.54,37.23,6704.9,25.85,1.36,1.65,115.6428
2020-09-15,5.14,0.54,38.29,6704.9,25.59,1.36,1.67,115.5908
2020-09-16,5.07,0.55,40.17,6704.9,26.04,1.35,1.68,115.3537
2020-09-17,5.14,0.56,40.99,6704.9,26.46,1.35,1.66,115.4392
2020-09-18,5.16,0.56,41.09,6704.9,25.83,1.35,1.67,115.2395
2020-09-21,5.42,0.54,39.26,6704.9,27.78,1.37,1.62,116.378
2020-09-22,5.45,0.55,39.55,6704.9,26.86,1.37,1.62,116.5438
2020-09-23,5.47,0.54,39.92,6704.9,28.58,1.39,1.6,117.2526
2020-09-24,5.64,0.53,40.11,6704.9,28.51,1.43,1.58,117.5473
2020-09-25,5.64,0.54,40.06,6704.9,26.38,1.46,1.58,117.8679
2020-09-28,5.52,0.53,40.47,6704.9,26.19,1.45,1.61,117.6178
2020-09-29,5.5,0.55,39.03,6704.9,26.27,1.44,1.64,117.526
2020-09-30,5.41,0.56,40.05,6704.9,26.37,1.44,1.63,116.946
2020-10-01,5.36,0.54,38.51,6713.811363636364,26.7,1.43,1.63,116.7227
2020-10-02,5.38,0.57,36.9,6713.811363636364,27.63,1.43,1.64,116.7321
2020-10-05,5.18,0.64,39.12,6713.811363636364,27.96,1.4,1.68,116.1767
2020-10-06,5.06,0.62,40.52,6713.811363636364,29.48,1.38,1.66,116.2681
2020-10-07,5.02,0.65,39.82,6713.811363636364,28.06,1.36,1.71,116.3447
2020-10-08,4.97,0.65,41.04,6713.811363636364,26.36,1.36,1.72,116.1657
2020-10-09,4.92,0.63,40.44,6713.811363636364,25.0,1.35,1.73,115.2757
2020-10-12,4.92,0.63,39.22,6713.811363636364,25.07,1.34,1.73,115.2757
2020-10-13,4.88,0.58,40.03,6713.811363636364,26.07,1.33,1.7,115.9107
2020-10-14,4.89,0.59,40.86,6713.811363636364,26.4,1.33,1.69,115.6872
2020-10-15,5.01,0.6,40.84,6713.811363636364,26.97,1.34,1.69,116.0964
2020-10-16,4.94,0.62,40.7,6713.811363636364,27.41,1.33,1.71,115.7679
2020-10-19,4.91,0.62,40.69,6713.811363636364,29.18,1.32,1.71,115.4031
2020-10-20,4.9,0.67,41.37,6713.811363636364,29.35,1.32,1.72,115.2485
2020-10-21,4.91,0.69,39.88,6713.811363636364,28.65,1.31,1.74,114.9108
2020-10-22,4.88,0.71,40.46,6713.811363636364,28.11,1.31,1.76,115.1158
2020-10-23,4.87,0.67,39.73,6713.811363636364,27.55,1.3,1.75,115.0126
2020-10-26,5.03,0.65,38.39,6713.811363636364,32.46,1.3,1.72,115.2797
2020-10-27,5.06,0.63,39.34,6713.811363636364,33.35,1.3,1.71,115.0131
2020-10-28,5.29,0.63,37.27,6713.811363636364,40.28,1.32,1.7,115.8023
2020-10-29,5.25,0.69,35.94,6713.811363636364,37.59,1.33,1.71,116.3069
2020-10-30,5.25,0.74,35.64,6713.811363636364,38.02,1.33,1.7,116.1354
2020-10-31,5.32,0.74,35.64,6713.811363636364,38.02,1.34,1.7,116.1354
2020-11-01,5.32,0.74,35.64,7068.907142857143,38.02,1.34,1.7,116.1354
2020-11-02,5.25,0.71,36.6,7068.907142857143,37.13,1.33,1.71,116.2361
2020-11-03,5.07,0.73,37.44,7068.907142857143,35.55,1.32,1.72,115.4802
2020-11-04,4.79,0.64,38.97,7068.907142857143,29.57,1.3,1.64,115.1677
2020-11-05,4.59,0.65,38.56,7068.907142857143,27.58,1.27,1.66,114.4556
2020-11-06,4.67,0.67,36.97,7068.907142857143,24.86,1.25,1.65,113.9919
2020-11-09,4.22,0.79,40.05,7068.907142857143,25.75,1.19,1.73,114.0895
2020-11-10,4.37,0.79,41.18,7068.907142857143,24.8,1.19,1.76,114.0757
2020-11-11,4.37,0.79,41.23,7068.907142857143,23.45,1.18,1.76,114.0757
2020-11-12,4.62,0.71,40.9,7068.907142857143,25.35,1.21,1.71,114.2843
2020-11-13,4.63,0.72,39.93,7068.907142857143,23.1,1.21,1.72,114.2397
2020-11-16,4.5,0.72,41.14,7068.907142857143,22.45,1.19,1.72,113.8312
2020-11-17,4.48,0.69,41.24,7068.907142857143,22.71,1.19,1.7,113.682
2020-11-18,4.42,0.72,41.64,7068.907142857143,23.84,1.17,1.7,113.46
2020-11-19,4.48,0.68,41.57,7068.907142857143,23.11,1.16,1.7,113.694
2020-11-20,4.49,0.67,41.99,7068.907142857143,23.7,1.16,1.69,113.489
2020-11-23,4.43,0.7,42.91,7068.907142857143,22.66,1.16,1.71,113.7548
2020-11-24,4.31,0.72,44.71,7068.907142857143,21.64,1.15,1.74,113.4316
2020-11-25,4.33,0.71,45.58,7068.907142857143,21.25,1.14,1.75,113.1823
2020-11-26,4.33,0.71,45.58,7068.907142857143,21.25,1.14,1.75,113.1823
2020-11-27,4.35,0.68,45.58,7068.907142857143,20.84,1.13,1.75,113.1823
2020-11-30,4.33,0.68,45.2,7068.907142857143,20.57,1.12,1.77,113.2256
2020-12-01,4.21,0.75,44.54,7772.238095238095,20.77,1.09,1.81,112.8063
2020-12-02,4.17,0.79,45.23,7772.238095238095,21.17,1.08,1.85,112.6115
2020-12-03,4.1,0.76,45.65,7772.238095238095,21.28,1.07,1.86,112.0236
2020-12-04,4.03,0.81,46.23,7772.238095238095,20.79,1.07,1.89,111.7778
2020-12-07,4.03,0.8,45.72,7772.238095238095,21.3,1.07,1.88,111.8385
2020-12-08,4.03,0.78,45.64,7772.238095238095,20.68,1.08,1.89,111.8639
2020-12-09,4.04,0.79,45.48,7772.238095238095,22.27,1.1,1.91,112.0305
2020-12-10,4.08,0.78,46.76,7772.238095238095,22.52,1.11,1.88,111.9788
2020-12-11,4.13,0.79,46.59,7772.238095238095,23.31,1.11,1.87,112.1417
2020-12-14,4.07,0.77,47.02,7772.238095238095,24.72,1.11,1.88,112.1708
2020-12-15,4.06,0.81,47.58,7772.238095238095,22.89,1.1,1.91,111.8601
2020-12-16,4.06,0.79,47.86,7772.238095238095,22.5,1.08,1.92,111.7157
2020-12-17,4.05,0.81,48.34,7772.238095238095,21.93,1.07,1.94,111.2226
2020-12-18,4.03,0.82,49.04,7772.238095238095,21.57,1.07,1.95,111.6071
2020-12-21,4.18,0.82,47.79,7772.238095238095,25.16,1.07,1.95,111.9415
2020-12-22,4.12,0.8,47.02,7772.238095238095,24.23,1.07,1.94,112.1947
2020-12-23,4.07,0.83,47.94,7772.238095238095,23.31,1.07,1.97,111.9807
2020-12-24,4.05,0.81,48.18,7772.238095238095,21.53,1.06,1.97,111.9807
2020-12-28,3.89,0.81,47.5,7772.238095238095,21.7,1.05,1.97,111.9752
2020-12-29,3.85,0.82,47.85,7772.238095238095,23.08,1.05,1.96,111.5172
2020-12-30,3.87,0.81,48.24,7772.238095238095,22.77,1.03,1.96,111.3084
2020-12-31,3.86,0.8,48.35,7772.238095238095,22.75,1.03,1.99,111.3169
2021-01-01,3.86,0.8,48.35,7972.1475,22.75,1.03,1.99,111.3169
2021-01-04,3.93,0.82,47.47,7972.1475,26.97,1.04,2.01,111.2075
2021-01-05,3.92,0.83,49.78,7972.1475,25.34,1.05,2.03,110.9574
2021-01-06,3.8,0.9,50.45,7972.1475,25.07,1.04,2.06,110.8502
2021-01-07,3.78,0.94,50.63,7972.1475,22.37,1.03,2.09,111.3042
2021-01-08,3.76,0.99,52.14,7972.1475,21.56,1.02,2.06,111.2847
2021-01-11,3.82,1.01,52.15,7972.1475,24.08,1.01,2.06,111.8257
2021-01-12,3.85,1.01,53.08,7972.1475,23.33,1.01,2.08,111.5501
2021-01-13,3.82,0.96,52.81,7972.1475,22.21,1.0,2.06,111.3622
2021-01-14,3.73,0.99,53.47,7972.1475,23.25,0.99,2.09,111.1567
2021-01-15,3.74,0.98,52.25,7972.1475,24.34,1.0,2.1,111.5106
2021-01-18,3.73,0.98,52.25,7972.1475,24.34,0.99,2.1,111.5106
2021-01-19,3.71,0.96,52.87,7972.1475,23.24,0.99,2.1,111.4527
2021-01-20,3.67,0.97,53.16,7972.1475,21.58,0.99,2.12,111.4527
2021-01-21,3.65,0.99,53.0,7972.1475,21.32,1.0,2.1,111.1973
2021-01-22,3.75,0.97,52.28,7972.1475,21.91,1.01,2.09,111.5516
2021-01-25,3.75,0.92,52.78,7972.1475,23.19,1.02,2.08,111.8676
2021-01-26,3.74,0.94,52.61,7972.1475,23.02,1.02,2.08,111.6572
2021-01-27,3.85,0.92,52.81,7972.1475,37.21,1.03,2.08,112.0782
2021-01-28,3.76,0.95,52.26,7972.1475,30.21,1.02,2.13,112.0059
2021-01-29,3.79,1.0,52.16,7972.1475,33.09,1.02,2.13,111.9511
2021-01-31,3.84,1.0,52.16,7972.1475,33.09,1.03,2.13,111.9511
2021-02-01,3.83,0.98,53.55,8470.94,30.24,1.03,2.11,112.4189
2021-02-02,3.75,1.01,54.77,8470.94,25.56,1.02,2.15,112.2862
2021-02-03,3.68,1.04,55.67,8470.94,22.91,1.01,2.19,112.2567
2021-02-04,3.64,1.04,56.19,8470.94,21.77,1.0,2.17,112.7469
2021-02-05,3.58,1.1,56.8,8470.94,20.87,0.99,2.21,112.2379
2021-02-08,3.54,1.08,57.95,8470.94,21.24,0.98,2.22,112.0428
2021-02-09,3.51,1.07,58.34,8470.94,21.63,0.98,2.22,111.7675
2021-02-10,3.51,1.04,58.69,8470.94,21.99,0.98,2.21,111.5834
2021-02-11,3.5,1.05,58.22,8470.94,21.25,0.98,2.2,111.5272
2021-02-12,3.48,1.09,59.5,8470.94,19.97,0.97,2.21,111.4889
2021-02-15,3.47,1.09,59.5,8470.94,19.97,0.97,2.21,111.4889
2021-02-16,3.41,1.17,60.07,8470.94,21.46,0.95,2.24,111.7879
2021-02-17,3.44,1.18,61.09,8470.94,21.5,0.94,2.21,112.0204
2021-02-18,3.46,1.18,60.4,8470.94,22.49,0.94,2.16,112.1603
2021-02-19,3.41,1.23,59.12,8470.94,22.05,0.94,2.14,111.7058
2021-02-22,3.44,1.26,61.67,8470.94,23.45,0.95,2.16,111.918
2021-02-23,3.47,1.26,61.66,8470.94,23.11,0.97,2.16,111.8981
2021-02-24,3.42,1.26,63.21,8470.94,21.34,0.96,2.17,111.7212
2021-02-25,3.42,1.37,63.43,8470.94,28.89,0.95,2.14,111.9253
2021-02-26,3.52,1.3,61.55,8470.94,27.95,0.95,2.15,112.8306
2021-02-28,3.57,1.3,61.55,8470.94,27.95,0.95,2.15,112.8306
2021-03-01,3.54,1.32,60.54,8988.247826086958,23.35,0.96,2.16,112.5263
2021-03-02,3.53,1.29,59.7,8988.247826086958,24.1,0.96,2.2,112.5342
2021-03-03,3.51,1.33,61.33,8988.247826086958,26.67,0.95,2.21,112.7617
2021-03-04,3.54,1.4,63.81,8988.247826086958,28.57,0.97,2.2,112.7037
2021-03-05,3.6,1.42,66.08,8988.247826086958,24.66,1.0,2.22,113.7487
2021-03-08,3.57,1.42,65.03,8988.247826086958,25.47,1.02,2.21,114.2678
2021-03-09,3.62,1.38,64.02,8988.247826086958,24.03,1.04,2.21,113.928
2021-03-10,3.63,1.37,64.45,8988.247826086958,22.56,1.04,2.26,113.5881
2021-03-11,3.52,1.4,66.02,8988.247826086958,21.91,1.02,2.28,112.9214
2021-03-12,3.55,1.5,65.59,8988.247826086958,20.69,1.02,2.26,113.0269
2021-03-15,3.55,1.48,65.36,8988.247826086958,20.03,1.02,2.27,113.1928
2021-03-16,3.55,1.47,64.82,8988.247826086958,19.79,1.01,2.3,112.9839
2021-03-17,3.65,1.5,64.55,8988.247826086958,19.23,1.02,2.3,113.1589
2021-03-18,3.66,1.55,59.95,8988.247826086958,21.58,1.0,2.27,112.7744
2021-03-19,3.67,1.58,61.43,8988.247826086958,20.95,1.0,2.31,112.9756
2021-03-22,3.58,1.54,61.48,8988.247826086958,18.88,1.0,2.33,113.0023
2021-03-23,3.57,1.48,57.75,8988.247826086958,20.3,1.01,2.29,113.2916
2021-03-24,3.51,1.48,61.12,8988.247826086958,21.2,1.01,2.31,113.6565
2021-03-25,3.53,1.49,58.47,8988.247826086958,19.81,1.02,2.32,114.0016
2021-03-26,3.48,1.53,60.93,8988.247826086958,18.86,1.01,2.34,113.7406
2021-03-29,3.43,1.59,61.49,8988.247826086958,20.74,1.0,2.36,113.9314
2021-03-30,3.44,1.57,60.55,8988.247826086958,19.61,0.99,2.35,114.203
2021-03-31,3.36,1.58,59.19,8988.247826086958,19.4,0.97,2.37,113.8234
2021-04-01,3.33,1.52,61.41,9324.8175,17.33,0.95,2.35,113.7389
2021-04-02,3.33,1.53,61.41,9324.8175,17.33,0.95,2.36,113.7315
2021-04-05,3.25,1.56,58.73,9324.8175,17.91,0.94,2.35,113.394
2021-04-06,3.25,1.51,59.34,9324.8175,18.12,0.95,2.32,113.1464
2021-04-07,3.22,1.52,59.77,9324.8175,17.16,0.95,2.34,113.2436
2021-04-08,3.21,1.5,59.61,9324.8175,16.95,0.95,2.33,113.0917
2021-04-09,3.24,1.51,59.29,9324.8175,16.69,0.94,2.31,113.2028
2021-04-12,3.24,1.51,59.7,9324.8175,16.91,0.94,2.33,113.1815
2021-04-13,3.32,1.48,60.2,9324.8175,16.65,0.94,2.33,113.0391
2021-04-14,3.25,1.48,63.15,9324.8175,16.99,0.93,2.33,112.7849
2021-04-15,3.25,1.4,63.42,9324.8175,16.57,0.94,2.33,112.6181
2021-04-16,3.22,1.43,63.16,9324.8175,16.25,0.94,2.36,112.4814
2021-04-19,3.25,1.45,63.33,9324.8175,17.29,0.95,2.34,112.1835
2021-04-20,3.35,1.43,62.61,9324.8175,18.68,0.96,2.32,112.2354
2021-04-21,3.34,1.42,61.34,9324.8175,17.5,0.96,2.33,112.1771
2021-04-22,3.34,1.41,61.45,9324.8175,18.71,0.96,2.33,112.2297
2021-04-23,3.29,1.42,62.18,9324.8175,17.33,0.95,2.34,112.0889
2021-04-26,3.26,1.4,62.02,9324.8175,17.64,0.95,2.36,111.8109
2021-04-27,3.24,1.46,63.03,9324.8175,17.56,0.94,2.39,111.9097
2021-04-28,3.26,1.46,63.81,9324.8175,17.28,0.94,2.41,111.7909
2021-04-29,3.24,1.49,65.0,9324.8175,17.61,0.94,2.42,111.7464
2021-04-30,3.28,1.49,63.5,9324.8175,18.61,0.94,2.41,112.0839
2021-05-01,3.28,1.49,63.5,10166.285,18.61,0.94,2.41,112.0839
2021-05-03,3.27,1.47,64.46,10166.285,18.31,0.94,2.42,112.005
2021-05-04,3.32,1.45,65.72,10166.285,19.48,0.94,2.42,112.2896
2021-05-05,3.29,1.43,65.63,10166.285,19.15,0.94,2.47,112.1514
2021-05-06,3.3,1.42,64.73,10166.285,18.39,0.94,2.45,111.8401
2021-05-07,3.27,1.46,64.96,10166.285,16.69,0.93,2.49,111.0249
2021-05-10,3.26,1.47,64.92,10166.285,19.66,0.93,2.54,110.7905
2021-05-11,3.36,1.48,65.31,10166.285,21.84,0.93,2.53,110.8921
2021-05-12,3.34,1.53,65.96,10166.285,27.59,0.93,2.54,111.5636
2021-05-13,3.37,1.5,63.82,10166.285,23.13,0.93,2.51,111.5955
2021-05-14,3.35,1.47,65.32,10166.285,18.81,0.92,2.51,111.1353
2021-05-17,3.35,1.48,66.24,10166.285,19.72,0.91,2.54,111.079
2021-05-18,3.35,1.48,65.49,10166.285,21.34,0.91,2.52,110.8317
2021-05-19,3.4,1.52,63.28,10166.285,22.18,0.92,2.48,110.8807
2021-05-20,3.42,1.48,61.95,10166.285,20.67,0.92,2.41,110.8605
2021-05-21,3.37,1.46,63.61,10166.285,20.15,0.91,2.43,111.0576
2021-05-24,3.37,1.46,66.13,10166.285,18.4,0.91,2.44,110.9118
2021-05-25,3.34,1.41,66.27,10166.285,18.84,0.9,2.42,110.842
2021-05-26,3.35,1.44,66.41,10166.285,17.36,0.9,2.4,110.8677
2021-05-27,3.3,1.47,66.87,10166.285,16.74,0.9,2.42,110.8688
2021-05-28,3.29,1.44,66.31,10166.285,16.76,0.9,2.42,110.7576
2021-05-31,3.34,1.44,66.31,10166.285,16.76,0.91,2.42,110.7576
2021-06-01,3.33,1.46,67.8,9631.5,17.9,0.91,2.46,110.5046
2021-06-02,3.31,1.46,68.79,9631.5,17.48,0.9,2.44,110.5799
2021-06-03,3.28,1.47,68.81,9631.5,18.04,0.9,2.42,111.1782
2021-06-04,3.28,1.42,69.57,9631.5,16.42,0.91,2.4,110.7521
2021-06-07,3.27,1.41,69.21,9631.5,16.42,0.91,2.39,110.5155
2021-06-08,3.26,1.39,70.11,9631.5,17.07,0.91,2.36,110.649
2021-06-09,3.22,1.34,69.9,9631.5,17.89,0.91,2.32,110.5707
2021-06-10,3.23,1.31,70.34,9631.5,16.1,0.91,2.35,110.5456
2021-06-11,3.21,1.31,71.0,9631.5,15.65,0.9,2.32,111.0933
2021-06-14,3.17,1.35,70.94,9631.5,16.39,0.89,2.36,110.9659
2021-06-15,3.17,1.35,72.06,9631.5,17.02,0.89,2.38,111.3507
2021-06-16,3.12,1.36,72.03,9631.5,18.15,0.87,2.32,111.1165
2021-06-17,3.15,1.29,71.06,9631.5,17.75,0.87,2.27,112.5772
2021-06-18,3.18,1.19,71.64,9631.5,20.7,0.87,2.24,113.0408
2021-06-21,3.14,1.23,73.64,9631.5,17.89,0.87,2.25,112.8391
2021-06-22,3.15,1.23,73.15,9631.5,16.66,0.88,2.31,112.9174
2021-06-23,3.13,1.24,73.11,9631.5,16.32,0.88,2.34,112.3819
2021-06-24,3.08,1.23,73.31,9631.5,15.97,0.87,2.3,112.326
2021-06-25,3.04,1.26,74.21,9631.5,15.62,0.86,2.34,111.9655
2021-06-28,3.05,1.24,72.98,9631.5,15.76,0.86,2.33,112.0248
2021-06-29,3.03,1.22,73.14,9631.5,16.02,0.86,2.32,112.2613
2021-06-30,3.04,1.2,73.52,9631.5,15.83,0.86,2.32,112.5533
2021-07-01,3.02,1.23,75.33,9450.820454545456,15.48,0.87,2.35,112.74
2021-07-02,3.04,1.2,75.37,9450.820454545456,15.07,0.87,2.33,112.5425
2021-07-05,3.03,1.2,75.37,9450.820454545456,15.07,0.87,2.33,112.5425
2021-07-06,3.05,1.15,73.62,9450.820454545456,16.44,0.87,2.31,112.9516
2021-07-07,3.05,1.11,72.22,9450.820454545456,16.2,0.88,2.28,113.1048
2021-07-08,3.14,1.11,72.98,9450.820454545456,19.0,0.9,2.22,113.0776
2021-07-09,3.07,1.14,74.56,9450.820454545456,16.18,0.9,2.28,112.8375
2021-07-12,3.05,1.15,74.21,9450.820454545456,16.17,0.9,2.33,112.7611
2021-07-13,3.04,1.16,75.24,9450.820454545456,17.12,0.89,2.36,113.0063
2021-07-14,3.1,1.14,73.06,9450.820454545456,16.33,0.89,2.34,112.8801
2021-07-15,3.14,1.08,71.67,9450.820454545456,17.01,0.9,2.32,113.0041
2021-07-16,3.18,1.06,71.76,9450.820454545456,18.45,0.91,2.33,113.0428
2021-07-19,3.44,0.98,66.45,9450.820454545456,22.5,0.93,2.24,113.5472
2021-07-20,3.38,1.03,67.32,9450.820454545456,19.73,0.94,2.26,113.7502
2021-07-21,3.24,1.08,70.26,9450.820454545456,17.91,0.93,2.28,113.3926
2021-07-22,3.24,1.07,72.15,9450.820454545456,17.69,0.93,2.28,113.4695
2021-07-23,3.22,1.08,72.24,9450.820454545456,17.2,0.92,2.35,113.4398
2021-07-26,3.21,1.07,72.15,9450.820454545456,17.58,0.92,2.4,113.2238
2021-07-27,3.27,1.05,71.68,9450.820454545456,19.36,0.92,2.38,113.2227
2021-07-28,3.26,1.06,72.37,9450.820454545456,18.31,0.92,2.41,113.1807
2021-07-29,3.23,1.08,73.62,9450.820454545456,17.7,0.91,2.43,112.4834
2021-07-30,3.26,1.05,73.93,9450.820454545456,18.24,0.91,2.4,112.6714
2021-07-31,3.32,1.05,73.93,9450.820454545456,18.24,0.92,2.4,112.6714
2021-08-01,3.32,1.05,73.93,9370.138571428572,18.24,0.92,2.4,112.6714
2021-08-02,3.36,1.03,71.31,9370.138571428572,19.46,0.93,2.37,112.6691
2021-08-03,3.42,1.02,70.64,9370.138571428572,18.04,0.93,2.38,112.8228
2021-08-04,3.42,1.02,68.19,9370.138571428572,17.97,0.93,2.35,112.8953
2021-08-05,3.37,1.02,69.1,9370.138571428572,17.28,0.93,2.33,112.7674
2021-08-06,3.32,1.1,68.26,9370.138571428572,16.15,0.93,2.37,113.3088
2021-08-09,3.34,1.1,66.56,9370.138571428572,16.72,0.93,2.37,113.4521
2021-08-10,3.32,1.12,68.33,9370.138571428572,16.79,0.93,2.4,113.4973
2021-08-11,3.37,1.12,69.3,9370.138571428572,16.06,0.93,2.42,113.282
2021-08-12,3.34,1.13,69.12,9370.138571428572,15.59,0.93,2.41,113.2691
2021-08-13,3.36,1.06,68.36,9370.138571428572,15.45,0.93,2.37,113.0615
2021-08-16,3.38,1.05,67.44,9370.138571428572,16.12,0.93,2.36,113.1698
2021-08-17,3.37,1.03,66.5,9370.138571428572,17.91,0.93,2.33,113.6174
2021-08-18,3.35,1.04,65.36,9370.138571428572,21.57,0.94,2.32,113.6959
2021-08-19,3.42,1.02,63.69,9370.138571428572,21.67,0.95,2.28,114.1106
2021-08-20,3.37,1.03,62.25,9370.138571428572,18.56,0.95,2.27,114.5009
2021-08-23,3.34,1.02,65.65,9370.138571428572,17.15,0.95,2.27,113.9418
2021-08-24,3.26,1.05,67.5,9370.138571428572,17.22,0.94,2.3,113.6795
2021-08-25,3.22,1.12,68.54,9370.138571428572,16.79,0.93,2.35,113.6322
2021-08-26,3.2,1.09,67.42,9370.138571428572,18.84,0.93,2.33,113.7883
2021-08-27,3.17,1.09,68.84,9370.138571428572,16.39,0.92,2.39,113.3404
2021-08-30,3.16,1.09,69.28,9370.138571428572,16.19,0.92,2.37,113.246
2021-08-31,3.21,1.1,68.43,9370.138571428572,16.48,0.92,2.33,113.1076
2021-09-01,3.19,1.11,68.63,9324.709545454543,16.11,0.92,2.34,112.8732
2021-09-02,3.16,1.09,70.07,9324.709545454543,16.41,0.92,2.32,112.7863
2021-09-03,3.14,1.12,69.34,9324.709545454543,16.41,0.92,2.34,112.5476
2021-09-06,3.13,1.12,69.34,9324.709545454543,16.41,0.92,2.34,112.5476
2021-09-07,3.16,1.16,68.49,9324.709545454543,18.14,0.92,2.36,112.9795
2021-09-08,3.16,1.13,69.36,9324.709545454543,17.96,0.92,2.38,113.2319
2021-09-09,3.15,1.07,68.26,9324.709545454543,18.8,0.92,2.38,113.043
2021-09-10,3.11,1.12,69.82,9324.709545454543,20.95,0.91,2.4,112.9425
2021-09-13,3.09,1.12,70.54,9324.709545454543,19.37,0.9,2.37,113.0341
2021-09-14,3.11,1.07,70.53,9324.709545454543,19.46,0.9,2.33,113.0061
2021-09-15,3.08,1.1,72.59,9324.709545454543,18.18,0.9,2.35,112.9773
2021-09-16,3.06,1.11,72.69,9324.709545454543,18.69,0.9,2.35,113.3036
2021-09-17,3.04,1.14,72.09,9324.709545454543,20.81,0.9,2.33,113.5989
2021-09-20,3.23,1.08,70.41,9324.709545454543,25.71,0.91,2.29,113.9422
2021-09-21,3.17,1.11,70.51,9324.709545454543,24.36,0.91,2.29,113.8179
2021-09-22,3.09,1.07,72.37,9324.709545454543,20.87,0.9,2.28,113.6223
2021-09-23,3.03,1.14,73.43,9324.709545454543,18.63,0.89,2.31,113.513
2021-09-24,3.05,1.18,74.18,9324.709545454543,17.75,0.87,2.34,113.7597
2021-09-27,3.06,1.17,75.54,9324.709545454543,18.76,0.86,2.35,113.7432
2021-09-28,3.13,1.23,75.44,9324.709545454543,23.25,0.87,2.38,114.2469
2021-09-29,3.09,1.25,75.06,9324.709545454543,22.56,0.87,2.37,114.7092
2021-09-30,3.15,1.24,75.22,9324.709545454543,23.14,0.89,2.37,114.6403
2021-10-01,3.2,1.21,76.01,9829.219047619048,21.15,0.89,2.38,114.3798
2021-10-04,3.21,1.22,77.68,9829.219047619048,22.96,0.89,2.38,114.2739
2021-10-05,3.17,1.26,79.17,9829.219047619048,21.3,0.89,2.45,114.3654
2021-10-06,3.29,1.23,77.66,9829.219047619048,21.0,0.9,2.43,114.7185
2021-10-07,3.19,1.26,78.46,9829.219047619048,19.54,0.9,2.46,114.5044
2021-10-08,3.2,1.29,79.55,9829.219047619048,18.77,0.9,2.5,114.5986
2021-10-11,3.2,1.29,80.64,9829.219047619048,20.0,0.9,2.5,114.5986
2021-10-12,3.28,1.24,80.75,9829.219047619048,19.85,0.91,2.49,114.7542
2021-10-13,3.25,1.19,80.67,9829.219047619048,18.64,0.91,2.52,114.4705
2021-10-14,3.18,1.16,81.43,9829.219047619048,16.86,0.9,2.52,114.2053
2021-10-15,3.12,1.18,82.39,9829.219047619048,16.3,0.89,2.56,114.0905
2021-10-18,3.11,1.15,82.62,9829.219047619048,16.31,0.89,2.54,113.9899
2021-10-19,3.09,1.24,83.19,9829.219047619048,15.7,0.89,2.54,113.647
2021-10-20,3.07,1.25,84.4,9829.219047619048,15.49,0.89,2.57,113.5083
2021-10-21,3.03,1.23,82.64,9829.219047619048,15.01,0.89,2.64,113.6188
2021-10-22,3.07,1.18,84.53,9829.219047619048,15.43,0.89,2.64,113.67
2021-10-25,3.11,1.17,84.64,9829.219047619048,15.24,0.89,2.66,113.605
2021-10-26,3.09,1.16,85.64,9829.219047619048,15.98,0.89,2.69,113.674
2021-10-27,3.11,1.04,82.66,9829.219047619048,16.98,0.89,2.65,113.6218
2021-10-28,3.08,1.07,82.78,9829.219047619048,16.53,0.89,2.57,113.4389
2021-10-29,3.08,1.07,83.5,9829.219047619048,16.26,0.89,2.51,114.1349
2021-10-31,3.15,1.07,83.5,9829.219047619048,16.26,0.89,2.51,114.1349
2021-11-01,3.16,1.08,84.08,9728.904545454545,16.41,0.9,2.5,114.2067
2021-11-02,3.21,1.1,83.91,9728.904545454545,16.03,0.91,2.51,114.2847
2021-11-03,3.18,1.13,80.82,9728.904545454545,15.1,0.91,2.53,114.3593
2021-11-04,3.19,1.12,78.88,9728.904545454545,15.44,0.9,2.56,114.3558
2021-11-05,3.12,1.06,81.25,9728.904545454545,16.48,0.9,2.54,114.0732
2021-11-08,3.03,1.06,81.96,9728.904545454545,17.22,0.89,2.62,113.8256
2021-11-09,3.08,1.05,84.12,9728.904545454545,17.78,0.9,2.63,113.762
2021-11-10,3.06,1.05,81.23,9728.904545454545,18.73,0.9,2.7,114.1484
2021-11-11,3.06,1.05,81.47,9728.904545454545,17.66,0.9,2.7,114.1484
2021-11-12,3.09,1.05,80.87,9728.904545454545,16.29,0.91,2.73,114.5144
2021-11-15,3.1,1.1,80.85,9728.904545454545,16.49,0.91,2.76,114.5876
2021-11-16,3.12,1.09,80.76,9728.904545454545,16.37,0.93,2.73,115.136
2021-11-17,3.17,1.08,78.32,9728.904545454545,17.11,0.94,2.7,115.0263
2021-11-18,3.19,1.07,78.92,9728.904545454545,17.59,0.94,2.73,115.0678
2021-11-19,3.24,1.02,76.11,9728.904545454545,17.91,0.94,2.65,115.2187
2021-11-22,3.18,1.0,76.74,9728.904545454545,19.17,0.94,2.61,115.6481
2021-11-23,3.3,1.07,78.32,9728.904545454545,19.38,0.96,2.62,116.0118
2021-11-24,3.32,1.0,78.32,9728.904545454545,18.58,0.96,2.61,116.2711
2021-11-25,3.32,1.0,78.32,9728.904545454545,18.58,0.96,2.61,116.2711
2021-11-26,3.62,0.98,78.32,9728.904545454545,28.62,1.01,2.55,116.5103
2021-11-29,3.53,1.01,69.88,9728.904545454545,22.96,1.02,2.54,116.581
2021-11-30,3.67,0.91,66.14,9728.904545454545,27.19,1.03,2.5,116.2071
2021-12-01,3.58,0.87,65.44,9551.18,31.12,1.03,2.44,115.889
2021-12-02,3.54,0.81,66.6,9551.18,27.95,1.04,2.47,116.018
2021-12-03,3.56,0.75,66.39,9551.18,30.67,1.03,2.43,116.2377
2021-12-06,3.41,0.78,69.62,9551.18,27.18,1.02,2.44,116.1538
2021-12-07,3.16,0.78,71.94,9551.18,21.89,1.0,2.47,115.8555
2021-12-08,3.21,0.84,72.43,9551.18,19.9,0.99,2.52,115.4418
2021-12-09,3.25,0.79,70.87,9551.18,21.58,0.99,2.47,115.7784
2021-12-10,3.29,0.81,71.71,9551.18,18.69,1.0,2.44,115.5732
2021-12-13,3.33,0.76,71.19,9551.18,20.31,1.0,2.4,115.842
2021-12-14,3.35,0.77,70.57,9551.18,21.89,1.01,2.37,116.2397
2021-12-15,3.33,0.78,70.89,9551.18,19.29,1.01,2.39,116.4219
2021-12-16,3.32,0.8,72.34,9551.18,20.57,1.01,2.42,115.7146
2021-12-17,3.36,0.75,70.93,9551.18,21.57,1.01,2.38,115.791
2021-12-20,3.41,0.78,68.69,9551.18,22.87,1.03,2.39,116.0092
2021-12-21,3.25,0.78,71.1,9551.18,21.01,1.02,2.44,116.1089
2021-12-22,3.21,0.78,72.82,9551.18,18.63,1.01,2.47,115.7485
2021-12-23,3.12,0.79,73.89,9551.18,17.96,1.0,2.47,115.5337
2021-12-27,3.02,0.72,75.49,9551.18,17.68,0.99,2.5,115.4684
2021-12-28,3.01,0.75,76.01,9551.18,17.54,0.98,2.5,115.4192
2021-12-29,3.03,0.8,76.58,9551.18,16.95,0.97,2.53,115.3678
2021-12-30,3.09,0.79,76.83,9551.18,17.33,0.97,2.58,115.283
2021-12-31,3.1,0.79,75.33,9551.18,17.22,0.98,2.56,115.283
2022-01-01,3.1,0.79,75.33,9782.3375,17.22,0.98,2.56,115.283
2022-01-03,3.05,0.85,75.99,9782.3375,16.6,0.97,2.6,115.4101
2022-01-04,3.09,0.89,77.0,9782.3375,16.91,0.96,2.57,115.3103
2022-01-05,3.07,0.88,77.83,9782.3375,19.73,0.95,2.53,115.137
2022-01-06,3.15,0.85,79.47,9782.3375,19.61,0.95,2.46,115.4046
2022-01-07,3.2,0.89,79.0,9782.3375,18.76,0.95,2.48,115.0451
2022-01-10,3.24,0.86,78.11,9782.3375,19.4,0.96,2.48,115.2216
2022-01-11,3.18,0.85,81.17,9782.3375,18.41,0.96,2.54,114.8332
2022-01-12,3.06,0.82,82.51,9782.3375,17.62,0.96,2.48,114.355
2022-01-13,3.1,0.79,81.97,9782.3375,20.31,0.97,2.43,114.177
2022-01-14,3.09,0.79,83.82,9782.3375,19.19,0.97,2.44,114.3825
2022-01-17,3.09,0.79,83.82,9782.3375,19.19,0.97,2.44,114.3825
2022-01-18,3.12,0.81,85.42,9782.3375,22.79,0.98,2.46,114.7373
2022-01-19,3.11,0.79,86.84,9782.3375,23.85,0.99,2.4,114.6109
2022-01-20,3.1,0.75,86.29,9782.3375,25.59,1.0,2.33,114.4642
2022-01-21,3.29,0.74,85.16,9782.3375,28.85,1.03,2.34,114.6125
2022-01-24,3.44,0.76,84.48,9782.3375,29.9,1.05,2.38,115.2034
2022-01-25,3.39,0.76,86.61,9782.3375,31.16,1.05,2.41,115.1654
2022-01-26,3.25,0.72,88.33,9782.3375,31.96,1.03,2.38,115.0922
2022-01-27,3.46,0.63,87.61,9782.3375,30.49,1.07,2.4,115.978
2022-01-28,3.61,0.63,87.67,9782.3375,27.66,1.09,2.44,116.0393
2022-01-31,3.63,0.61,89.16,9782.3375,24.83,1.1,2.44,115.566
2022-02-01,3.51,0.63,88.22,9943.175,21.96,1.08,2.43,115.3685
2022-02-02,3.45,0.62,88.16,9943.175,22.09,1.08,2.41,115.1538
2022-02-03,3.51,0.63,90.17,9943.175,24.35,1.08,2.38,114.9065
2022-02-04,3.56,0.62,92.27,9943.175,23.22,1.09,2.41,115.1362
2022-02-07,3.6,0.62,91.25,9943.175,22.86,1.1,2.4,115.0098
2022-02-08,3.55,0.61,89.32,9943.175,21.44,1.1,2.42,115.0892
2022-02-09,3.46,0.58,89.57,9943.175,19.96,1.09,2.42,114.8232
2022-02-10,3.44,0.42,89.83,9943.175,23.91,1.08,2.45,114.5527
2022-02-11,3.66,0.42,93.1,9943.175,27.36,1.1,2.43,114.8413
2022-02-14,3.74,0.4,95.52,9943.175,28.33,1.11,2.48,115.1946
2022-02-15,3.67,0.47,92.07,9943.175,25.7,1.11,2.48,114.93
2022-02-16,3.68,0.51,93.83,9943.175,24.29,1.14,2.46,114.6886
2022-02-17,3.74,0.48,91.78,9943.175,28.11,1.18,2.43,114.6755
2022-02-18,3.78,0.45,91.26,9943.175,27.75,1.2,2.41,114.7982
2022-02-21,3.78,0.45,91.26,9943.175,27.75,1.2,2.41,114.7982
2022-02-22,3.75,0.38,92.11,9943.175,28.81,1.23,2.45,114.7002
2022-02-23,3.72,0.41,92.14,9943.175,31.02,1.24,2.53,114.6668
2022-02-24,3.93,0.42,92.77,9943.175,30.32,1.32,2.55,115.9419
2022-02-25,3.62,0.42,91.68,9943.175,27.59,1.27,2.54,115.2577
2022-02-28,3.77,0.39,96.13,9943.175,30.15,1.3,2.62,115.2224
2022-03-01,3.89,0.41,103.66,10230.89391304348,33.32,1.33,2.62,115.7962
2022-03-02,3.71,0.36,110.74,10230.89391304348,30.74,1.33,2.71,115.7623
2022-03-03,3.71,0.33,107.69,10230.89391304348,30.48,1.33,2.69,115.9495
2022-03-04,3.9,0.24,115.77,10230.89391304348,31.98,1.38,2.67,116.6503
2022-03-07,4.01,0.23,119.26,10230.89391304348,36.45,1.43,2.77,117.3278
2022-03-08,4.03,0.23,123.64,10230.89391304348,35.13,1.49,2.9,117.6176
2022-03-09,3.94,0.26,108.81,10230.89391304348,32.45,1.47,2.84,116.5961
2022-03-10,4.0,0.26,105.93,10230.89391304348,30.23,1.48,2.86,116.7401
2022-03-11,4.05,0.25,109.31,10230.89391304348,30.75,1.5,2.94,117.0192
2022-03-14,4.16,0.27,103.22,10230.89391304348,31.77,1.51,2.93,117.1506
2022-03-15,4.21,0.3,96.42,10230.89391304348,29.83,1.52,2.84,117.246
2022-03-16,3.96,0.24,94.85,10230.89391304348,26.67,1.46,2.8,116.8073
2022-03-17,3.81,0.26,102.97,10230.89391304348,25.67,1.39,2.91,116.0467
2022-03-18,3.81,0.17,104.69,10230.89391304348,23.87,1.37,2.86,116.1378
2022-03-21,3.67,0.18,112.14,10230.89391304348,23.53,1.33,2.9,115.9398
2022-03-22,3.7,0.2,111.03,10230.89391304348,22.94,1.31,2.91,116.0824
2022-03-23,3.72,0.19,114.89,10230.89391304348,23.57,1.31,2.94,116.005
2022-03-24,3.67,0.21,114.2,10230.89391304348,21.67,1.32,2.92,115.9599
2022-03-25,3.51,0.18,116.2,10230.89391304348,20.81,1.29,2.95,115.7921
2022-03-28,3.54,0.11,107.55,10230.89391304348,19.63,1.29,2.95,116.1911
2022-03-29,3.38,0.06,104.25,10230.89391304348,18.9,1.26,2.86,115.5679
2022-03-30,3.33,0.04,107.81,10230.89391304348,19.33,1.25,2.86,115.0818
2022-03-31,3.43,0.04,100.53,10230.89391304348,20.56,1.22,2.84,115.2218
2022-04-01,3.4,-0.05,99.32,10174.34761904762,19.63,1.2,2.8,115.4814
2022-04-04,3.33,-0.01,103.29,10174.34761904762,18.57,1.18,2.8,115.4112
2022-04-05,3.27,0.03,101.98,10174.34761904762,21.03,1.15,2.84,115.73
2022-04-06,3.48,0.11,96.39,10174.34761904762,22.1,1.18,2.83,115.9995
2022-04-07,3.54,0.19,96.05,10174.34761904762,21.55,1.18,2.82,116.3512
2022-04-08,3.57,0.19,98.35,10174.34761904762,21.16,1.2,2.87,116.4176
2022-04-11,3.73,0.29,94.22,10174.34761904762,24.37,1.22,2.91,116.5401
2022-04-12,3.75,0.33,100.52,10174.34761904762,24.26,1.25,2.86,116.3866
2022-04-13,3.77,0.33,104.26,10174.34761904762,21.82,1.28,2.8,116.2796
2022-04-14,3.68,0.36,106.84,10174.34761904762,22.7,1.26,2.89,116.7558
2022-04-15,3.68,0.36,106.84,10174.34761904762,22.7,1.26,2.89,116.7017
2022-04-18,3.64,0.39,108.24,10174.34761904762,22.17,1.27,2.92,116.8441
2022-04-19,3.58,0.32,102.54,10174.34761904762,21.37,1.28,2.93,117.1324
2022-04-20,3.56,0.25,102.56,10174.34761904762,20.32,1.29,2.92,116.7306
2022-04-21,3.5,0.22,103.89,10174.34761904762,22.68,1.3,3.02,117.1432
2022-04-22,3.65,0.18,102.86,10174.34761904762,28.21,1.33,2.98,118.0186
2022-04-25,3.8,0.18,99.6,10174.34761904762,27.02,1.35,2.91,118.6271
2022-04-26,3.83,0.23,102.62,10174.34761904762,33.52,1.36,2.85,118.9624
2022-04-27,3.89,0.24,101.96,10174.34761904762,31.6,1.38,2.88,119.4708
2022-04-28,3.83,0.22,105.47,10174.34761904762,29.99,1.38,2.97,120.0675
2022-04-29,3.93,0.19,104.59,10174.34761904762,33.4,1.39,2.88,119.4933
2022-04-30,3.97,0.19,104.59,10174.34761904762,33.4,1.41,2.88,119.4933
2022-05-01,3.97,0.19,104.59,9395.027272727271,33.4,1.41,2.88,119.4933
2022-05-02,4.05,0.26,105.18,9395.027272727271,32.34,1.41,2.81,119.8825
2022-05-03,3.97,0.19,102.53,9395.027272727271,29.25,1.4,2.83,119.7043
2022-05-04,4.1,0.27,107.84,9395.027272727271,25.42,1.41,2.86,119.5592
2022-05-05,4.03,0.34,108.17,9395.027272727271,31.2,1.39,2.87,120.0068
2022-05-06,4.18,0.4,109.72,9395.027272727271,30.19,1.4,2.86,119.8577
2022-05-09,4.47,0.44,103.08,9395.027272727271,34.75,1.44,2.75,120.4972
2022-05-10,4.52,0.37,99.74,9395.027272727271,32.99,1.45,2.65,120.7742
2022-05-11,4.55,0.25,105.5,9395.027272727271,32.56,1.45,2.7,120.3925
2022-05-12,4.77,0.28,106.15,9395.027272727271,31.77,1.48,2.59,121.2796
2022-05-13,4.63,0.32,110.52,9395.027272727271,28.87,1.47,2.69,120.8442
2022-05-16,4.71,0.3,114.07,9395.027272727271,27.47,1.49,2.68,120.6881
2022-05-17,4.6,0.27,112.31,9395.027272727271,26.1,1.49,2.71,119.8871
2022-05-18,4.84,0.21,109.67,9395.027272727271,30.96,1.52,2.72,120.0274
2022-05-19,4.92,0.21,112.21,9395.027272727271,29.35,1.54,2.59,119.4278
2022-05-20,4.91,0.18,112.63,9395.027272727271,29.43,1.55,2.55,119.3677
2022-05-23,4.82,0.21,110.32,9395.027272727271,28.48,1.53,2.6,118.7169
2022-05-24,4.94,0.26,112.55,9395.027272727271,29.45,1.54,2.55,118.6245
2022-05-25,4.74,0.27,112.88,9395.027272727271,28.37,1.49,2.56,118.9598
2022-05-26,4.38,0.29,116.19,9395.027272727271,27.5,1.44,2.62,118.7687
2022-05-27,4.19,0.27,114.96,9395.027272727271,25.72,1.41,2.63,118.2834
2022-05-30,4.19,0.27,114.96,9395.027272727271,26.54,1.41,2.63,118.2834
2022-05-31,4.22,0.32,114.38,9395.027272727271,26.19,1.4,2.64,118.0704
2022-06-01,4.13,0.28,115.26,9067.55181818182,25.69,1.37,2.65,118.6954
2022-06-02,4.15,0.27,116.88,9067.55181818182,24.72,1.38,2.66,118.0658
2022-06-03,4.21,0.3,118.97,9067.55181818182,24.79,1.38,2.74,118.2153
2022-06-06,4.19,0.31,118.41,9067.55181818182,25.07,1.37,2.76,118.3081
2022-06-07,4.34,0.23,119.55,9067.55181818182,24.02,1.38,2.73,118.4414
2022-06-08,4.34,0.25,121.94,9067.55181818182,23.96,1.37,2.75,118.3951
2022-06-09,4.42,0.21,121.52,9067.55181818182,26.09,1.38,2.75,118.9226
2022-06-10,4.51,0.09,120.73,9067.55181818182,27.75,1.41,2.76,119.9981
2022-06-13,4.87,0.03,120.92,9067.55181818182,34.02,1.46,2.74,121.1523
2022-06-14,4.9,0.04,118.92,9067.55181818182,32.69,1.46,2.6,121.6669
2022-06-15,4.82,0.13,115.32,9067.55181818182,29.62,1.45,2.7,121.6403
2022-06-16,5.17,0.14,117.56,9067.55181818182,32.95,1.49,2.62,120.6714
2022-06-17,5.15,0.08,109.56,9067.55181818182,31.13,1.5,2.58,121.2369
2022-06-20,5.15,0.08,109.56,9067.55181818182,31.03,1.5,2.58,121.2369
2022-06-21,5.05,0.1,110.49,9067.55181818182,30.19,1.49,2.61,120.6427
2022-06-22,5.32,0.1,106.22,9067.55181818182,28.95,1.54,2.54,120.5197
2022-06-23,5.38,0.08,105.75,9067.55181818182,29.05,1.56,2.5,120.7622
2022-06-24,5.18,0.09,109.07,9067.55181818182,27.23,1.55,2.56,120.4853
2022-06-27,5.11,0.12,111.44,9067.55181818182,26.95,1.54,2.55,120.1736
2022-06-28,5.26,0.1,113.66,9067.55181818182,28.36,1.56,2.48,120.62
2022-06-29,5.62,0.04,111.65,9067.55181818182,28.16,1.58,2.36,120.9616
2022-06-30,5.87,0.06,107.76,9067.55181818182,28.71,1.64,2.33,120.9652
2022-07-01,5.92,0.04,110.3,7544.809523809524,26.7,1.65,2.34,121.5058
2022-07-04,5.93,0.04,110.3,7544.809523809524,27.53,1.65,2.34,121.5058
2022-07-05,5.99,0.0,101.55,7544.809523809524,27.54,1.67,2.3,122.6203
2022-07-06,5.8,-0.04,100.31,7544.809523809524,26.73,1.65,2.29,123.0073
2022-07-07,5.5,-0.02,104.62,7544.809523809524,26.08,1.6,2.33,122.7257
2022-07-08,5.36,-0.03,106.78,7544.809523809524,24.64,1.57,2.37,122.4662
2022-07-11,5.44,-0.08,106.09,7544.809523809524,26.17,1.58,2.32,123.2974
2022-07-12,5.43,-0.07,97.69,7544.809523809524,27.29,1.59,2.32,123.4524
2022-07-13,5.47,-0.22,98.44,7544.809523809524,26.82,1.59,2.31,123.2834
2022-07-14,5.53,-0.19,97.79,7544.809523809524,26.4,1.6,2.34,124.0622
2022-07-15,5.39,-0.2,99.59,7544.809523809524,24.23,1.58,2.36,123.4765
2022-07-18,5.25,-0.19,104.48,7544.809523809524,25.3,1.55,2.37,122.7727
2022-07-19,5.1,-0.22,106.12,7544.809523809524,24.5,1.54,2.39,122.4819
2022-07-20,4.9,-0.21,104.45,7544.809523809524,23.88,1.52,2.38,122.5997
2022-07-21,4.99,-0.19,98.44,7544.809523809524,23.11,1.52,2.33,122.9032
2022-07-22,4.96,-0.21,97.71,7544.809523809524,23.03,1.52,2.34,122.451
2022-07-25,4.95,-0.19,99.83,7544.809523809524,23.36,1.54,2.36,122.4594
2022-07-26,5.06,-0.21,97.74,7544.809523809524,24.69,1.56,2.36,122.7581
2022-07-27,5.07,-0.18,100.03,7544.809523809524,23.24,1.55,2.42,122.8169
2022-07-28,4.98,-0.17,99.11,7544.809523809524,22.33,1.54,2.48,122.1161
2022-07-29,4.77,-0.22,101.31,7544.809523809524,21.33,1.51,2.53,121.7678
2022-07-31,4.83,-0.22,101.31,7544.809523809524,21.33,1.53,2.53,121.7678
2022-08-01,4.8,-0.3,96.59,7990.812173913043,22.84,1.52,2.51,121.4109
2022-08-02,4.61,-0.31,97.14,7990.812173913043,23.93,1.51,2.48,121.9486
2022-08-03,4.54,-0.37,93.25,7990.812173913043,21.95,1.5,2.5,122.3888
2022-08-04,4.55,-0.35,91.29,7990.812173913043,21.44,1.5,2.46,121.8333
2022-08-05,4.44,-0.41,91.77,7990.812173913043,21.15,1.49,2.46,122.321
2022-08-08,4.41,-0.44,93.52,7990.812173913043,21.29,1.49,2.48,121.8783
2022-08-09,4.46,-0.48,93.18,7990.812173913043,21.77,1.5,2.47,121.8614
2022-08-10,4.33,-0.45,94.68,7990.812173913043,19.74,1.47,2.43,120.7543
2022-08-11,4.21,-0.36,97.02,7990.812173913043,20.2,1.42,2.47,120.7163
2022-08-12,4.25,-0.41,94.86,7990.812173913043,19.53,1.41,2.47,121.018
2022-08-15,4.24,-0.41,92.24,7990.812173913043,19.95,1.4,2.44,121.4315
2022-08-16,4.25,-0.43,89.23,7990.812173913043,19.69,1.39,2.44,121.6807
2022-08-17,4.33,-0.39,90.85,7990.812173913043,19.9,1.41,2.46,122.0711
2022-08-18,4.37,-0.34,93.2,7990.812173913043,19.56,1.41,2.52,122.3627
2022-08-19,4.45,-0.27,93.55,7990.812173913043,20.6,1.42,2.55,123.0501
2022-08-22,4.62,-0.29,93.42,7990.812173913043,23.8,1.44,2.57,123.605
2022-08-23,4.68,-0.24,96.46,7990.812173913043,24.11,1.45,2.58,123.0547
2022-08-24,4.61,-0.25,95.52,7990.812173913043,22.82,1.43,2.62,123.109
2022-08-25,4.6,-0.32,93.33,7990.812173913043,21.78,1.42,2.6,123.0586
2022-08-26,4.65,-0.33,93.63,7990.812173913043,25.56,1.42,2.57,123.0656
2022-08-29,4.78,-0.3,97.4,7990.812173913043,26.21,1.44,2.58,123.4686
2022-08-30,4.9,-0.35,92.08,7990.812173913043,26.21,1.45,2.55,123.6848
2022-08-31,5.03,-0.3,90.09,7990.812173913043,25.87,1.48,2.48,123.535
2022-09-01,5.08,-0.25,87.09,7746.011363636364,25.56,1.5,2.45,124.4006
2022-09-02,5.06,-0.2,87.29,7746.011363636364,25.47,1.5,2.47,123.7743
2022-09-05,5.07,-0.2,87.29,7746.011363636364,25.99,1.51,2.47,123.7743
2022-09-06,4.98,-0.17,87.35,7746.011363636364,26.91,1.51,2.48,124.767
2022-09-07,4.97,-0.18,82.5,7746.011363636364,24.64,1.51,2.45,124.8408
2022-09-08,4.8,-0.19,84.04,7746.011363636364,23.61,1.49,2.41,124.578
2022-09-09,4.57,-0.23,87.27,7746.011363636364,22.79,1.47,2.42,123.7874
2022-09-12,4.5,-0.21,88.18,7746.011363636364,23.87,1.46,2.42,123.3332
2022-09-13,4.68,-0.33,87.84,7746.011363636364,27.27,1.46,2.44,124.4242
2022-09-14,4.74,-0.37,88.88,7746.011363636364,26.16,1.46,2.46,124.4509
2022-09-15,4.77,-0.42,85.72,7746.011363636364,26.27,1.45,2.43,124.8843
2022-09-16,5.0,-0.4,85.57,7746.011363636364,26.3,1.48,2.38,124.8794
2022-09-19,4.88,-0.46,86.15,7746.011363636364,25.76,1.47,2.34,125.0104
2022-09-20,4.88,-0.39,84.69,7746.011363636364,27.16,1.47,2.4,125.1248
2022-09-21,4.87,-0.51,83.38,7746.011363636364,27.99,1.47,2.38,125.7399
2022-09-22,4.91,-0.41,84.02,7746.011363636364,27.35,1.48,2.41,126.1667
2022-09-23,5.12,-0.51,79.07,7746.011363636364,29.92,1.51,2.37,127.2853
2022-09-26,5.18,-0.39,77.17,7746.011363636364,32.26,1.54,2.32,128.4539
2022-09-27,5.22,-0.33,78.91,7746.011363636364,32.6,1.58,2.33,128.4386
2022-09-28,5.47,-0.35,82.61,7746.011363636364,30.18,1.67,2.33,128.0884
2022-09-29,5.5,-0.4,81.78,7746.011363636364,31.84,1.68,2.19,127.5437
2022-09-30,5.43,-0.39,79.91,7746.011363636364,31.62,1.67,2.15,127.5148
2022-10-01,5.43,-0.39,79.91,7651.082857142857,31.62,1.67,2.15,127.5148
2022-10-03,5.43,-0.45,84.05,7651.082857142857,30.1,1.65,2.24,127.0813
2022-10-04,5.12,-0.48,86.87,7651.082857142857,29.07,1.6,2.24,126.1819
2022-10-05,5.09,-0.39,88.22,7651.082857142857,28.55,1.61,2.22,126.8616
2022-10-06,4.95,-0.4,88.9,7651.082857142857,30.52,1.58,2.22,127.2493
2022-10-07,5.02,-0.41,93.07,7651.082857142857,31.36,1.6,2.27,127.3111
2022-10-10,5.03,-0.41,91.6,7651.082857142857,32.45,1.6,2.27,127.3111
2022-10-11,5.25,-0.37,89.75,7651.082857142857,33.63,1.67,2.31,127.6641
2022-10-12,5.31,-0.37,87.83,7651.082857142857,33.57,1.71,2.29,128.1481
2022-10-13,5.25,-0.5,89.59,7651.082857142857,31.94,1.71,2.34,127.7286
2022-10-14,5.15,-0.48,86.1,7651.082857142857,32.02,1.7,2.41,128.3325
2022-10-17,5.04,-0.43,86.0,7651.082857142857,31.37,1.7,2.45,127.6448
2022-10-18,4.95,-0.42,83.29,7651.082857142857,30.5,1.69,2.41,127.9153
2022-10-19,4.97,-0.41,86.0,7651.082857142857,30.76,1.7,2.42,128.3968
2022-10-20,4.89,-0.38,86.02,7651.082857142857,29.98,1.69,2.51,128.0052
2022-10-21,4.99,-0.28,85.47,7651.082857142857,29.69,1.71,2.52,127.6735
2022-10-24,4.91,-0.25,86.12,7651.082857142857,29.85,1.68,2.59,128.0304
2022-10-25,4.88,-0.32,86.93,7651.082857142857,28.46,1.69,2.51,127.3771
2022-10-26,4.8,-0.35,89.39,7651.082857142857,27.28,1.67,2.44,126.4723
2022-10-27,4.76,-0.34,89.06,7651.082857142857,27.39,1.68,2.45,126.7028
2022-10-28,4.54,-0.39,87.85,7651.082857142857,25.75,1.66,2.51,127.2135
2022-10-31,4.63,-0.41,86.54,7651.082857142857,25.88,1.66,2.52,127.6219
2022-11-01,4.61,-0.47,88.36,8049.861363636364,25.81,1.64,2.51,127.3987
2022-11-02,4.62,-0.51,90.06,8049.861363636364,25.86,1.62,2.53,127.3115
2022-11-03,4.81,-0.57,88.14,8049.861363636364,25.3,1.64,2.4,128.1743
2022-11-04,4.77,-0.49,92.58,8049.861363636364,24.55,1.61,2.48,127.1468
2022-11-07,4.71,-0.5,91.8,8049.861363636364,24.35,1.59,2.53,126.3062
2022-11-08,4.79,-0.53,88.8,8049.861363636364,25.54,1.6,2.5,125.633
2022-11-09,4.99,-0.49,85.79,8049.861363636364,26.09,1.6,2.42,125.9861
2022-11-10,4.8,-0.52,86.52,8049.861363636364,23.53,1.58,2.39,124.7044
2022-11-11,4.81,-0.52,89.14,8049.861363636364,22.52,1.58,2.39,124.7044
2022-11-14,4.67,-0.52,85.85,8049.861363636364,23.73,1.52,2.37,123.4277
2022-11-15,4.64,-0.57,86.87,8049.861363636364,24.54,1.48,2.35,123.039
2022-11-16,4.71,-0.68,85.62,8049.861363636364,24.11,1.48,2.29,123.2817
2022-11-17,4.75,-0.66,81.69,8049.861363636364,23.93,1.47,2.28,123.977
2022-11-18,4.65,-0.69,80.07,8049.861363636364,23.12,1.45,2.25,123.8524
2022-11-21,4.64,-0.65,79.74,8049.861363636364,22.36,1.44,2.31,124.7009
2022-11-22,4.57,-0.71,80.83,8049.861363636364,21.29,1.43,2.32,124.2365
2022-11-23,4.51,-0.75,77.93,8049.861363636364,20.35,1.42,2.32,123.7574
2022-11-24,4.51,-0.75,77.93,8049.861363636364,20.42,1.42,2.32,123.7574
2022-11-25,4.52,-0.74,76.45,8049.861363636364,20.5,1.4,2.32,123.3386
2022-11-28,4.63,-0.77,77.1,8049.861363636364,22.21,1.4,2.26,123.6032
2022-11-29,4.63,-0.73,77.96,8049.861363636364,21.89,1.42,2.25,123.6615
2022-11-30,4.55,-0.7,80.48,8049.861363636364,20.58,1.42,2.34,123.5175
2022-12-01,4.48,-0.72,81.06,8371.091363636364,19.84,1.41,2.36,122.0045
2022-12-02,4.5,-0.77,79.86,8371.091363636364,19.06,1.4,2.43,122.0102
2022-12-05,4.43,-0.81,76.83,8371.091363636364,20.75,1.39,2.39,122.6384
2022-12-06,4.57,-0.83,74.21,8371.091363636364,22.17,1.39,2.31,123.0191
2022-12-07,4.68,-0.84,71.93,8371.091363636364,22.68,1.4,2.26,122.7608
2022-12-08,4.55,-0.83,71.3,8371.091363636364,22.29,1.38,2.28,122.4152
2022-12-09,4.46,-0.76,71.05,8371.091363636364,22.83,1.37,2.26,122.4201
2022-12-12,4.4,-0.78,72.96,8371.091363636364,25.0,1.37,2.28,122.7714
2022-12-13,4.34,-0.71,75.44,8371.091363636364,22.55,1.36,2.24,121.8493
2022-12-14,4.37,-0.74,77.14,8371.091363636364,21.14,1.37,2.19,121.8226
2022-12-15,4.54,-0.79,75.89,8371.091363636364,22.83,1.38,2.16,122.5519
2022-12-16,4.67,-0.69,74.19,8371.091363636364,22.62,1.39,2.13,122.6505
2022-12-19,4.67,-0.68,75.05,8371.091363636364,22.42,1.4,2.15,122.5275
2022-12-20,4.68,-0.56,75.92,8371.091363636364,21.48,1.41,2.24,122.1357
2022-12-21,4.56,-0.53,78.17,8371.091363636364,20.07,1.4,2.27,122.2828
2022-12-22,4.61,-0.57,77.68,8371.091363636364,21.97,1.39,2.19,122.2419
2022-12-23,4.59,-0.56,79.57,8371.091363636364,20.87,1.38,2.2,121.9743
2022-12-27,4.55,-0.48,79.45,8371.091363636364,21.65,1.38,2.26,121.7539
2022-12-28,4.77,-0.43,78.89,8371.091363636364,22.14,1.4,2.28,122.0075
2022-12-29,4.81,-0.51,78.43,8371.091363636364,21.44,1.38,2.27,121.6577
2022-12-30,4.79,-0.53,80.16,8371.091363636364,21.67,1.38,2.3,121.4256
2022-12-31,4.81,-0.53,80.16,8371.091363636364,21.67,1.38,2.3,121.4256
2023-01-01,4.81,-0.53,80.16,9007.346363636363,21.67,1.38,2.3,121.4256
2023-01-03,4.7,-0.61,76.87,9007.346363636363,22.9,1.4,2.26,122.0905
2023-01-04,4.62,-0.67,72.82,9007.346363636363,22.01,1.4,2.22,121.5008
2023-01-05,4.58,-0.74,73.61,9007.346363636363,22.46,1.4,2.22,122.1017
2023-01-06,4.47,-0.69,73.77,9007.346363636363,21.13,1.4,2.21,121.0852
2023-01-09,4.37,-0.66,74.69,9007.346363636363,21.97,1.37,2.22,120.1508
2023-01-10,4.33,-0.63,75.11,9007.346363636363,20.58,1.35,2.24,120.2483
2023-01-11,4.3,-0.66,77.46,9007.346363636363,21.09,1.34,2.23,120.1614
2023-01-12,4.29,-0.69,78.32,9007.346363636363,18.83,1.33,2.21,119.4218
2023-01-13,4.21,-0.73,79.9,9007.346363636363,18.35,1.32,2.18,119.1673
2023-01-16,4.19,-0.73,79.9,9007.346363636363,19.49,1.32,2.18,119.1673
2023-01-17,4.19,-0.65,80.25,9007.346363636363,19.36,1.3,2.17,119.2121
2023-01-18,4.25,-0.69,79.53,9007.346363636363,20.34,1.29,2.12,119.0755
2023-01-19,4.39,-0.7,80.31,9007.346363636363,20.52,1.3,2.2,119.6107
2023-01-20,4.35,-0.66,81.27,9007.346363636363,19.85,1.29,2.23,119.3486
2023-01-23,4.27,-0.69,81.62,9007.346363636363,19.81,1.28,2.28,119.1434
2023-01-24,4.33,-0.66,79.86,9007.346363636363,19.2,1.29,2.27,119.0958
2023-01-25,4.35,-0.65,79.78,9007.346363636363,19.08,1.28,2.29,118.9686
2023-01-26,4.24,-0.68,80.64,9007.346363636363,18.73,1.26,2.33,119.021
2023-01-27,4.23,-0.67,79.73,9007.346363636363,18.51,1.25,2.33,118.9223
2023-01-30,4.26,-0.7,77.97,9007.346363636363,19.94,1.25,2.29,118.8953
2023-01-31,4.3,-0.69,78.95,9007.346363636363,19.4,1.25,2.24,118.9802
2023-02-01,4.31,-0.7,76.34,8936.587,17.87,1.25,2.25,118.6259
2023-02-02,3.94,-0.69,75.87,8936.587,18.73,1.21,2.22,118.3421
2023-02-03,3.95,-0.77,73.4,8936.587,18.33,1.2,2.22,119.5095
2023-02-06,3.99,-0.81,74.11,8936.587,19.43,1.2,2.25,120.541
2023-02-07,3.99,-0.8,77.17,8936.587,18.66,1.2,2.31,120.3475
2023-02-08,4.07,-0.82,78.47,8936.587,19.63,1.2,2.34,120.1436
2023-02-09,4.05,-0.81,78.04,8936.587,20.71,1.2,2.33,119.9781
2023-02-10,4.24,-0.76,79.74,8936.587,20.53,1.23,2.33,120.1419
2023-02-13,4.23,-0.8,80.14,8936.587,20.34,1.24,2.31,119.9828
2023-02-14,4.15,-0.83,79.08,8936.587,18.91,1.23,2.31,119.9229
2023-02-15,4.18,-0.81,78.57,8936.587,18.23,1.23,2.35,120.4557
2023-02-16,4.24,-0.76,78.45,8936.587,20.17,1.23,2.37,120.4651
2023-02-17,4.38,-0.78,76.31,8936.587,20.02,1.26,2.36,120.5526
2023-02-20,4.38,-0.78,76.31,8936.587,21.23,1.26,2.36,120.5526
2023-02-21,4.49,-0.72,76.28,8936.587,22.87,1.28,2.42,120.6256
2023-02-22,4.41,-0.73,73.95,8936.587,22.29,1.28,2.41,120.8389
2023-02-23,4.3,-0.78,75.26,8936.587,21.14,1.28,2.39,121.0896
2023-02-24,4.28,-0.83,76.19,8936.587,21.67,1.28,2.38,121.5681
2023-02-27,4.21,-0.86,75.57,8936.587,20.95,1.28,2.36,121.3941
2023-02-28,4.22,-0.89,76.88,8936.587,20.7,1.3,2.43,121.3341
2023-03-01,4.17,-0.88,77.57,8856.310869565217,20.58,1.29,2.44,120.6347
2023-03-02,4.18,-0.81,78.05,8856.310869565217,19.59,1.27,2.48,121.1302
2023-03-03,4.05,-0.89,79.62,8856.310869565217,18.49,1.25,2.52,120.7742
2023-03-06,3.97,-0.91,80.39,8856.310869565217,18.61,1.24,2.49,120.485
2023-03-07,3.98,-1.03,77.45,8856.310869565217,19.59,1.25,2.38,121.4623
2023-03-08,4.09,-1.07,76.56,8856.310869565217,19.11,1.27,2.32,121.4511
2023-03-09,4.27,-0.97,75.6,8856.310869565217,22.61,1.3,2.3,121.4458
2023-03-10,4.61,-0.9,76.55,8856.310869565217,24.8,1.37,2.26,121.2421
2023-03-13,5.03,-0.48,74.68,8856.310869565217,26.52,1.51,2.24,120.8897
2023-03-14,4.74,-0.56,71.18,8856.310869565217,23.73,1.5,2.31,121.0141
2023-03-15,5.2,-0.42,67.38,8856.310869565217,26.14,1.64,2.29,122.1079
2023-03-16,4.93,-0.58,68.15,8856.310869565217,22.99,1.61,2.22,121.7221
2023-03-17,5.17,-0.42,66.61,8856.310869565217,25.51,1.62,2.1,121.5643
2023-03-20,5.15,-0.45,67.56,8856.310869565217,24.15,1.62,2.14,121.0141
2023-03-21,4.85,-0.58,69.4,8856.310869565217,21.38,1.52,2.23,120.8958
2023-03-22,5.0,-0.48,70.71,8856.310869565217,22.26,1.5,2.28,120.6217
2023-03-23,5.1,-0.38,69.77,8856.310869565217,22.61,1.52,2.19,119.7587
2023-03-24,5.22,-0.38,69.22,8856.310869565217,21.74,1.54,2.22,120.4598
2023-03-27,5.03,-0.41,72.87,8856.310869565217,20.6,1.52,2.24,120.2541
2023-03-28,5.01,-0.47,73.12,8856.310869565217,19.97,1.52,2.31,119.7138
2023-03-29,4.83,-0.51,72.95,8856.310869565217,19.12,1.5,2.33,119.7258
2023-03-30,4.74,-0.55,74.32,8856.310869565217,19.02,1.46,2.34,119.4078
2023-03-31,4.58,-0.58,75.68,8856.310869565217,18.7,1.45,2.32,119.3602
2023-04-01,4.58,-0.58,75.68,8809.1575,18.7,1.45,2.32,119.3602
2023-04-03,4.58,-0.54,80.4,8809.1575,18.55,1.43,2.29,119.3204
2023-04-04,4.73,-0.49,80.7,8809.1575,19.0,1.43,2.25,119.142
2023-04-05,4.84,-0.49,80.69,8809.1575,19.08,1.45,2.23,119.2953
2023-04-06,4.84,-0.52,80.7,8809.1575,18.4,1.46,2.24,119.3072
2023-04-07,4.84,-0.58,80.7,8809.1575,18.4,1.46,2.25,119.3547
2023-04-10,4.7,-0.59,79.79,8809.1575,18.97,1.45,2.27,119.7948
2023-04-11,4.63,-0.6,81.54,8809.1575,19.1,1.44,2.29,119.5248
2023-04-12,4.62,-0.54,83.26,8809.1575,19.09,1.43,2.27,119.003
2023-04-13,4.49,-0.51,82.16,8809.1575,17.8,1.42,2.29,118.3915
2023-04-14,4.43,-0.56,82.58,8809.1575,17.07,1.39,2.3,118.8567
2023-04-17,4.41,-0.58,80.93,8809.1575,16.95,1.38,2.32,119.2787
2023-04-18,4.37,-0.61,80.85,8809.1575,16.83,1.37,2.28,119.1049
2023-04-19,4.41,-0.64,79.18,8809.1575,16.46,1.37,2.28,119.303
2023-04-20,4.54,-0.6,77.27,8809.1575,17.17,1.38,2.26,119.1199
2023-04-21,4.46,-0.6,77.86,8809.1575,16.77,1.38,2.28,119.3117
2023-04-24,4.48,-0.6,78.64,8809.1575,16.89,1.38,2.28,119.2039
2023-04-25,4.64,-0.46,77.05,8809.1575,18.76,1.4,2.25,119.613
2023-04-26,4.63,-0.47,74.33,8809.1575,18.84,1.41,2.25,119.3228
2023-04-27,4.48,-0.54,74.77,8809.1575,17.03,1.39,2.27,119.4298
2023-04-28,4.5,-0.6,76.78,8809.1575,15.78,1.4,2.18,119.2248
2023-04-30,4.53,-0.6,76.78,8809.1575,15.78,1.41,2.18,119.2248
2023-05-01,4.45,-0.55,75.65,8243.156086956522,16.08,1.4,2.23,119.4435
2023-05-02,4.7,-0.53,71.71,8243.156086956522,17.78,1.44,2.2,119.6105
2023-05-03,4.79,-0.51,68.62,8243.156086956522,18.34,1.45,2.2,119.1233
2023-05-04,4.95,-0.38,68.52,8243.156086956522,20.09,1.51,2.19,119.0465
2023-05-05,4.77,-0.48,71.32,8243.156086956522,17.19,1.48,2.21,118.5548
2023-05-08,4.72,-0.48,73.13,8243.156086956522,16.98,1.49,2.23,118.5759
2023-05-09,4.74,-0.48,73.68,8243.156086956522,17.71,1.49,2.23,118.8239
2023-05-10,4.78,-0.47,72.53,8243.156086956522,16.94,1.49,2.17,118.5864
2023-05-11,4.81,-0.5,70.81,8243.156086956522,16.93,1.49,2.16,119.0303
2023-05-12,4.76,-0.52,70.02,8243.156086956522,17.03,1.48,2.18,119.3671
2023-05-15,4.77,-0.49,71.07,8243.156086956522,17.12,1.49,2.19,119.1608
2023-05-16,4.79,-0.52,70.85,8243.156086956522,17.99,1.49,2.19,119.1743
2023-05-17,4.75,-0.55,72.78,8243.156086956522,16.87,1.49,2.22,119.607
2023-05-18,4.69,-0.59,71.82,8243.156086956522,16.05,1.47,2.23,120.0886
2023-05-19,4.62,-0.58,71.57,8243.156086956522,16.81,1.45,2.24,119.7751
2023-05-22,4.54,-0.57,71.81,8243.156086956522,17.21,1.44,2.24,120.0875
2023-05-23,4.6,-0.56,72.87,8243.156086956522,18.53,1.44,2.26,120.3204
2023-05-24,4.68,-0.58,74.37,8243.156086956522,20.03,1.44,2.25,120.4752
2023-05-25,4.58,-0.67,71.68,8243.156086956522,19.14,1.42,2.25,120.8413
2023-05-26,4.53,-0.74,72.35,8243.156086956522,17.95,1.41,2.23,120.6304
2023-05-29,4.54,-0.74,72.35,8243.156086956522,17.46,1.41,2.23,120.6304
2023-05-30,4.58,-0.77,69.45,8243.156086956522,17.46,1.4,2.22,120.5546
2023-05-31,4.69,-0.76,68.11,8243.156086956522,17.94,1.42,2.18,120.9662
2023-06-01,4.65,-0.72,70.09,8396.517727272727,15.65,1.42,2.16,120.0491
2023-06-02,4.37,-0.81,71.76,8396.517727272727,14.6,1.39,2.18,120.0049
2023-06-05,4.39,-0.77,72.14,8396.517727272727,14.73,1.39,2.19,120.0048
2023-06-06,4.39,-0.81,71.71,8396.517727272727,13.96,1.39,2.2,119.9718
2023-06-07,4.33,-0.77,72.52,8396.517727272727,13.94,1.39,2.21,119.859
2023-06-08,4.39,-0.79,71.28,8396.517727272727,13.65,1.4,2.2,119.5712
2023-06-09,4.29,-0.84,70.16,8396.517727272727,13.83,1.4,2.2,119.4322
2023-06-12,4.34,-0.82,67.08,8396.517727272727,15.01,1.41,2.17,119.6376
2023-06-13,4.18,-0.83,69.39,8396.517727272727,14.61,1.39,2.2,119.1899
2023-06-14,4.18,-0.91,68.22,8396.517727272727,13.88,1.38,2.21,118.776
2023-06-15,4.21,-0.9,70.61,8396.517727272727,14.5,1.37,2.21,118.5521
2023-06-16,4.15,-0.93,71.81,8396.517727272727,13.54,1.35,2.22,118.4184
2023-06-19,4.15,-0.93,71.81,8396.517727272727,14.19,1.35,2.22,118.4184
2023-06-20,4.22,-0.94,70.94,8396.517727272727,13.88,1.35,2.22,118.938
2023-06-21,4.32,-0.96,72.55,8396.517727272727,13.2,1.35,2.21,118.727
2023-06-22,4.3,-0.97,69.22,8396.517727272727,12.91,1.34,2.24,118.7552
2023-06-23,4.4,-0.97,68.91,8396.517727272727,13.44,1.35,2.21,119.152
2023-06-26,4.45,-0.93,69.09,8396.517727272727,14.25,1.36,2.18,119.0761
2023-06-27,4.3,-0.97,67.68,8396.517727272727,13.74,1.34,2.2,118.8949
2023-06-28,4.27,-1.0,69.54,8396.517727272727,13.43,1.34,2.18,119.3382
2023-06-29,4.14,-1.02,69.85,8396.517727272727,13.54,1.31,2.2,119.527
2023-06-30,4.05,-1.06,70.66,8396.517727272727,13.59,1.3,2.22,119.3606
2023-07-01,4.05,-1.06,70.66,8476.679047619047,13.59,1.3,2.22,119.3606
2023-07-03,3.99,-1.08,69.71,8476.679047619047,13.57,1.29,2.25,119.2119
2023-07-04,3.99,-1.08,69.71,8476.679047619047,13.7,1.29,2.25,119.2119
2023-07-05,4.01,-0.99,71.78,8476.679047619047,14.18,1.28,2.26,119.3483
2023-07-06,4.1,-0.94,71.76,8476.679047619047,15.44,1.29,2.27,119.8193
2023-07-07,4.08,-0.88,73.91,8476.679047619047,14.83,1.28,2.27,119.0761
2023-07-10,4.13,-0.84,73.05,8476.679047619047,15.07,1.29,2.25,118.9548
2023-07-11,4.05,-0.89,74.87,8476.679047619047,14.84,1.28,2.24,118.7344
2023-07-12,3.95,-0.86,75.77,8476.679047619047,13.54,1.27,2.26,117.6385
2023-07-13,3.97,-0.83,76.86,8476.679047619047,13.61,1.27,2.24,117.1831
2023-07-14,3.9,-0.91,75.44,8476.679047619047,13.34,1.28,2.24,117.0463
2023-07-17,3.97,-0.93,74.17,8476.679047619047,13.48,1.29,2.25,117.1267
2023-07-18,3.9,-0.94,75.76,8476.679047619047,13.3,1.28,2.23,117.0264
2023-07-19,3.89,-0.99,75.4,8476.679047619047,13.76,1.28,2.22,117.3462
2023-07-20,3.9,-0.95,75.65,8476.679047619047,13.99,1.27,2.35,117.5947
2023-07-21,3.89,-0.98,77.06,8476.679047619047,13.6,1.26,2.35,117.9418
2023-07-24,3.82,-0.95,78.81,8476.679047619047,13.91,1.25,2.38,117.8124
2023-07-25,3.84,-0.94,79.76,8476.679047619047,13.86,1.24,2.39,117.8565
2023-07-26,3.91,-0.96,79.11,8476.679047619047,13.19,1.23,2.36,117.76
2023-07-27,3.78,-0.9,80.17,8476.679047619047,14.41,1.2,2.37,117.8938
2023-07-28,3.82,-0.91,80.55,8476.679047619047,13.33,1.19,2.38,117.788
2023-07-31,3.79,-0.91,81.8,8476.679047619047,13.63,1.19,2.37,117.8241
2023-08-01,3.82,-0.87,81.37,8347.828260869564,13.93,1.19,2.37,118.5738
2023-08-02,3.96,-0.8,79.5,8347.828260869564,16.09,1.21,2.36,119.1268
2023-08-03,3.98,-0.7,81.56,8347.828260869564,15.92,1.22,2.37,119.3963
2023-08-04,4.01,-0.73,82.76,8347.828260869564,17.1,1.22,2.38,118.821
2023-08-07,3.97,-0.67,81.94,8347.828260869564,15.77,1.22,2.41,119.0809
2023-08-08,4.0,-0.72,82.94,8347.828260869564,15.99,1.23,2.36,119.6407
2023-08-09,3.94,-0.79,84.35,8347.828260869564,15.96,1.23,2.34,119.476
2023-08-10,3.83,-0.73,82.81,8347.828260869564,15.85,1.22,2.33,119.1581
2023-08-11,3.83,-0.73,83.17,8347.828260869564,14.84,1.22,2.36,119.6268
2023-08-14,3.79,-0.77,82.5,8347.828260869564,14.82,1.22,2.36,120.0725
2023-08-15,3.85,-0.71,81.06,8347.828260869564,16.46,1.23,2.32,120.2127
2023-08-16,3.81,-0.69,79.4,8347.828260869564,16.78,1.25,2.32,120.3551
2023-08-17,3.95,-0.64,80.43,8347.828260869564,17.89,1.26,2.33,120.5242
2023-08-18,4.02,-0.66,81.25,8347.828260869564,17.3,1.27,2.32,120.4321
2023-08-21,3.97,-0.63,80.71,8347.828260869564,17.13,1.26,2.34,120.4627
2023-08-22,3.93,-0.68,80.25,8347.828260869564,16.97,1.25,2.35,120.3554
2023-08-23,3.92,-0.76,78.91,8347.828260869564,15.98,1.25,2.35,120.0307
2023-08-24,3.91,-0.75,79.52,8347.828260869564,17.2,1.23,2.32,120.2354
2023-08-25,3.9,-0.78,80.47,8347.828260869564,15.68,1.23,2.33,120.5137
2023-08-28,3.86,-0.78,80.65,8347.828260869564,15.08,1.22,2.3,120.3155
2023-08-29,3.87,-0.75,81.14,8347.828260869564,14.45,1.22,2.29,120.2669
2023-08-30,3.8,-0.78,81.64,8347.828260869564,13.88,1.22,2.26,119.7937
2023-08-31,3.85,-0.76,83.55,8347.828260869564,13.57,1.22,2.24,120.225
2023-09-01,3.81,-0.69,85.52,8276.71380952381,13.09,1.22,2.26,120.759
2023-09-04,3.81,-0.69,85.52,8276.71380952381,13.82,1.22,2.26,120.759
2023-09-05,3.83,-0.67,86.74,8276.71380952381,14.01,1.22,2.29,121.4345
2023-09-06,3.86,-0.71,87.55,8276.71380952381,14.45,1.23,2.3,121.8671
2023-09-07,3.9,-0.67,86.87,8276.71380952381,14.4,1.23,2.32,121.9528
2023-09-08,3.85,-0.72,87.51,8276.71380952381,13.84,1.23,2.33,121.9475
2023-09-11,3.82,-0.68,87.3,8276.71380952381,13.8,1.23,2.35,121.3386
2023-09-12,3.84,-0.71,88.87,8276.71380952381,14.23,1.23,2.34,121.2913
2023-09-13,3.85,-0.71,88.59,8276.71380952381,13.48,1.24,2.35,121.0549
2023-09-14,3.78,-0.71,90.13,8276.71380952381,12.82,1.23,2.34,121.2395
2023-09-15,3.79,-0.69,90.83,8276.71380952381,13.79,1.22,2.35,121.199
2023-09-18,3.82,-0.73,91.47,8276.71380952381,14.0,1.22,2.36,121.1938
2023-09-19,3.82,-0.71,91.16,8276.71380952381,14.11,1.21,2.37,121.1645
2023-09-20,3.77,-0.77,89.2,8276.71380952381,15.14,1.2,2.35,120.9648
2023-09-21,3.89,-0.63,89.56,8276.71380952381,17.54,1.2,2.38,121.5528
2023-09-22,3.93,-0.66,90.0,8276.71380952381,17.2,1.2,2.37,121.5306
2023-09-25,3.97,-0.54,89.68,8276.71380952381,16.9,1.19,2.37,122.1143
2023-09-26,4.04,-0.48,91.43,8276.71380952381,18.94,1.2,2.33,122.4742
2023-09-27,4.03,-0.49,93.67,8276.71380952381,18.22,1.21,2.34,122.9895
2023-09-28,4.09,-0.45,91.65,8276.71380952381,17.34,1.23,2.39,122.5342
2023-09-29,4.03,-0.44,90.77,8276.71380952381,17.52,1.24,2.35,122.3077
2023-09-30,4.03,-0.44,90.77,8276.71380952381,17.52,1.25,2.35,122.3077
2023-10-01,4.03,-0.44,90.77,7941.355909090909,17.52,1.25,2.35,122.3077
2023-10-02,4.11,-0.43,88.81,7941.355909090909,17.61,1.26,2.35,123.0545
2023-10-03,4.26,-0.34,89.26,7941.355909090909,19.78,1.28,2.36,123.7848
2023-10-04,4.37,-0.32,84.32,7941.355909090909,18.58,1.29,2.33,123.5946
2023-10-05,4.38,-0.31,82.3,7941.355909090909,18.49,1.29,2.31,123.8993
2023-10-06,4.33,-0.3,82.83,7941.355909090909,17.45,1.29,2.31,123.3563
2023-10-09,4.34,-0.3,82.83,7941.355909090909,17.7,1.29,2.31,123.3563
2023-10-10,4.26,-0.3,85.89,7941.355909090909,17.03,1.29,2.32,122.9282
2023-10-11,4.25,-0.41,83.7,7941.355909090909,16.09,1.27,2.32,122.7697
2023-10-12,4.25,-0.36,82.87,7941.355909090909,16.69,1.26,2.34,123.2101
2023-10-13,4.3,-0.41,87.67,7941.355909090909,19.32,1.27,2.34,123.5954
2023-10-16,4.27,-0.38,86.65,7941.355909090909,17.21,1.27,2.38,123.3185
2023-10-17,4.25,-0.36,86.66,7941.355909090909,17.88,1.27,2.41,123.1202
2023-10-18,4.32,-0.28,88.35,7941.355909090909,19.22,1.29,2.44,123.8148
2023-10-19,4.37,-0.16,89.35,7941.355909090909,21.4,1.31,2.49,123.798
2023-10-20,4.52,-0.14,89.12,7941.355909090909,21.71,1.33,2.47,123.612
2023-10-23,4.51,-0.19,85.49,7941.355909090909,20.37,1.33,2.41,123.2846
2023-10-24,4.41,-0.19,84.58,7941.355909090909,18.97,1.31,2.4,123.6416
2023-10-25,4.37,-0.13,86.07,7941.355909090909,20.19,1.3,2.43,123.7871
2023-10-26,4.5,-0.16,83.8,7941.355909090909,20.68,1.3,2.42,124.0064
2023-10-27,4.53,-0.15,86.04,7941.355909090909,21.27,1.31,2.42,123.62
2023-10-30,4.5,-0.15,83.03,7941.355909090909,19.75,1.32,2.44,123.4076
2023-10-31,4.42,-0.19,81.64,7941.355909090909,18.14,1.32,2.42,123.8364
2023-11-01,4.47,-0.18,81.05,8189.587727272727,16.87,1.33,2.41,123.7922
2023-11-02,4.15,-0.31,83.04,8189.587727272727,15.66,1.29,2.4,122.8818
2023-11-03,4.04,-0.26,81.19,8189.587727272727,14.91,1.29,2.39,121.7564
2023-11-06,4.0,-0.26,81.54,8189.587727272727,14.89,1.28,2.42,121.6484
2023-11-07,4.08,-0.33,77.96,8189.587727272727,14.81,1.29,2.39,122.0777
2023-11-08,4.08,-0.44,75.85,8189.587727272727,14.45,1.28,2.34,122.0926
2023-11-09,4.04,-0.41,76.34,8189.587727272727,15.29,1.27,2.33,122.1281
2023-11-10,4.03,-0.43,76.34,8189.587727272727,14.17,1.26,2.32,122.1281
2023-11-13,4.03,-0.39,78.86,8189.587727272727,14.76,1.25,2.31,122.4264
2023-11-14,3.92,-0.36,78.9,8189.587727272727,14.16,1.23,2.28,121.35
2023-11-15,3.89,-0.37,77.15,8189.587727272727,14.18,1.22,2.31,121.0749
2023-11-16,4.02,-0.38,73.5,8189.587727272727,14.32,1.21,2.27,121.1754
2023-11-17,3.99,-0.44,76.47,8189.587727272727,13.8,1.2,2.28,120.8477
2023-11-20,3.92,-0.47,78.1,8189.587727272727,13.41,1.18,2.3,120.2533
2023-11-21,3.95,-0.45,78.35,8189.587727272727,13.35,1.17,2.25,120.2241
2023-11-22,3.9,-0.47,76.8,8189.587727272727,12.85,1.15,2.26,120.6802
2023-11-23,3.9,-0.47,76.8,8189.587727272727,12.8,1.15,2.26,120.6802
2023-11-24,3.85,-0.45,74.83,8189.587727272727,12.46,1.14,2.26,120.2105
2023-11-27,3.89,-0.45,74.46,8189.587727272727,12.69,1.14,2.21,120.173
2023-11-28,3.9,-0.39,76.09,8189.587727272727,12.69,1.14,2.22,119.5904
2023-11-29,3.8,-0.37,77.56,8189.587727272727,12.98,1.11,2.21,119.8159
2023-11-30,3.84,-0.36,75.66,8189.587727272727,12.92,1.11,2.23,120.2434
2023-12-01,3.87,-0.34,73.7,8407.900476190476,12.63,1.11,2.22,119.9424
2023-12-04,3.8,-0.36,72.73,8407.900476190476,13.08,1.1,2.21,120.4727
2023-12-05,3.8,-0.39,71.95,8407.900476190476,12.85,1.11,2.17,120.7913
2023-12-06,3.79,-0.48,68.98,8407.900476190476,12.97,1.12,2.14,120.5334
2023-12-07,3.77,-0.44,69.0,8407.900476190476,13.06,1.11,2.17,120.6013
2023-12-08,3.75,-0.48,70.87,8407.900476190476,12.35,1.1,2.21,120.7607
2023-12-11,3.79,-0.48,70.95,8407.900476190476,12.63,1.1,2.19,120.9279
2023-12-12,3.76,-0.53,68.27,8407.900476190476,12.07,1.09,2.16,120.6817
2023-12-13,3.79,-0.42,69.09,8407.900476190476,12.19,1.08,2.16,121.1571
2023-12-14,3.47,-0.45,71.21,8407.900476190476,12.48,1.04,2.22,119.5683
2023-12-15,3.51,-0.53,71.05,8407.900476190476,12.28,1.04,2.22,119.7382
2023-12-18,3.51,-0.48,72.16,8407.900476190476,12.56,1.05,2.21,119.9102
2023-12-19,3.46,-0.48,73.23,8407.900476190476,12.53,1.05,2.19,119.4632
2023-12-20,3.43,-0.48,73.87,8407.900476190476,13.67,1.06,2.19,119.5435
2023-12-21,3.41,-0.44,73.59,8407.900476190476,13.65,1.07,2.19,119.3168
2023-12-22,3.39,-0.41,73.29,8407.900476190476,13.03,1.07,2.19,119.0625
2023-12-26,3.37,-0.37,75.84,8407.900476190476,12.99,1.06,2.18,118.8875
2023-12-27,3.34,-0.41,74.31,8407.900476190476,12.43,1.05,2.15,118.4729
2023-12-28,3.32,-0.42,72.02,8407.900476190476,12.47,1.04,2.16,118.4104
2023-12-29,3.34,-0.35,71.89,8407.900476190476,12.45,1.04,2.16,118.4208
2023-12-31,3.39,-0.35,71.89,8407.900476190476,12.45,1.04,2.16,118.4208
2024-01-01,3.39,-0.35,71.89,8351.339565217391,12.45,1.04,2.16,118.4208
2024-01-02,3.54,-0.38,70.62,8351.339565217391,13.2,1.06,2.21,119.2686
2024-01-03,3.71,-0.42,72.97,8351.339565217391,14.04,1.09,2.2,119.6958
2024-01-04,3.69,-0.39,72.38,8351.339565217391,14.13,1.09,2.22,119.6208
2024-01-05,3.68,-0.35,74.0,8351.339565217391,13.35,1.09,2.22,119.388
2024-01-08,3.63,-0.35,71.06,8351.339565217391,13.08,1.08,2.22,119.2506
2024-01-09,3.59,-0.34,72.43,8351.339565217391,12.76,1.06,2.22,119.6666
2024-01-10,3.5,-0.33,71.57,8351.339565217391,12.69,1.04,2.22,119.7614
2024-01-11,3.55,-0.28,72.15,8351.339565217391,12.44,1.03,2.22,119.8916
2024-01-12,3.56,-0.18,72.94,8351.339565217391,12.7,1.02,2.27,119.534
2024-01-15,3.54,-0.18,72.94,8351.339565217391,13.25,1.02,2.27,119.534
2024-01-16,3.58,-0.15,72.63,8351.339565217391,13.84,1.02,2.3,120.5759
2024-01-17,3.62,-0.24,72.79,8351.339565217391,14.79,1.02,2.3,121.0402
2024-01-18,3.58,-0.2,74.32,8351.339565217391,14.13,1.01,2.34,120.8895
2024-01-19,3.54,-0.24,73.69,8351.339565217391,13.3,1.01,2.34,120.6442
2024-01-22,3.49,-0.26,75.26,8351.339565217391,13.19,1.01,2.31,120.6178
2024-01-23,3.51,-0.17,74.72,8351.339565217391,12.55,1.01,2.29,121.1001
2024-01-24,3.44,-0.16,75.48,8351.339565217391,13.14,0.99,2.3,120.4916
2024-01-25,3.45,-0.14,77.91,8351.339565217391,13.45,0.98,2.29,120.8311
2024-01-26,3.39,-0.19,78.45,8351.339565217391,13.26,0.97,2.3,120.6173
2024-01-29,3.41,-0.21,77.25,8351.339565217391,13.6,0.98,2.3,120.8538
2024-01-30,3.42,-0.3,78.3,8351.339565217391,13.31,1.0,2.26,120.6025
2024-01-31,3.59,-0.28,76.28,8351.339565217391,14.35,1.02,2.26,120.4331
2024-02-01,3.56,-0.33,74.36,8304.950476190475,13.88,1.04,2.19,120.3335
2024-02-02,3.47,-0.33,72.72,8304.950476190475,13.85,1.02,2.21,120.902
2024-02-05,3.5,-0.29,73.21,8304.950476190475,13.67,1.0,2.27,121.349
2024-02-06,3.52,-0.3,73.83,8304.950476190475,13.06,1.0,2.24,120.9588
2024-02-07,3.43,-0.32,74.26,8304.950476190475,12.83,1.0,2.23,120.9049
2024-02-08,3.38,-0.31,76.67,8304.950476190475,12.79,0.99,2.24,121.0798
2024-02-09,3.33,-0.31,77.26,8304.950476190475,12.93,1.0,2.25,121.039
2024-02-12,3.35,-0.29,77.34,8304.950476190475,13.93,1.0,2.24,120.9378
2024-02-13,3.36,-0.33,78.28,8304.950476190475,15.85,0.99,2.29,121.5202
2024-02-14,3.38,-0.29,77.09,8304.950476190475,14.38,0.98,2.3,121.4002
2024-02-15,3.35,-0.32,78.47,8304.950476190475,14.01,0.97,2.3,121.2121
2024-02-16,3.34,-0.34,79.65,8304.950476190475,14.24,0.96,2.33,121.1505
2024-02-19,3.34,-0.34,79.65,8304.950476190475,14.71,0.96,2.33,121.1505
2024-02-20,3.37,-0.32,78.72,8304.950476190475,15.42,0.96,2.32,121.0199
2024-02-21,3.34,-0.32,78.89,8304.950476190475,15.34,0.94,2.34,121.0379
2024-02-22,3.22,-0.36,79.64,8304.950476190475,14.54,0.93,2.31,121.102
2024-02-23,3.23,-0.41,77.6,8304.950476190475,13.75,0.95,2.3,121.0369
2024-02-26,3.23,-0.41,78.53,8304.950476190475,13.74,0.96,2.31,121.0592
2024-02-27,3.26,-0.39,79.8,8304.950476190475,13.43,0.96,2.32,120.9647
2024-02-28,3.31,-0.37,79.44,8304.950476190475,13.84,0.98,2.33,121.128
2024-02-29,3.29,-0.39,79.22,8304.950476190475,13.4,1.0,2.33,121.1824
2024-03-01,3.32,-0.35,80.9,8692.819047619048,13.11,1.01,2.32,121.0111
2024-03-04,3.26,-0.39,79.67,8692.819047619048,13.49,1.0,2.34,120.872
2024-03-05,3.31,-0.41,79.11,8692.819047619048,14.46,1.01,2.32,120.8846
2024-03-06,3.27,-0.44,80.08,8692.819047619048,14.5,1.01,2.3,120.4649
2024-03-07,3.27,-0.41,79.81,8692.819047619048,14.44,1.0,2.28,120.1909
2024-03-08,3.26,-0.39,78.96,8692.819047619048,14.74,0.99,2.28,119.975
2024-03-11,3.26,-0.41,78.87,8692.819047619048,15.22,0.98,2.27,120.0394
2024-03-12,3.2,-0.42,78.51,8692.819047619048,13.84,0.97,2.3,120.1668
2024-03-13,3.15,-0.42,80.67,8692.819047619048,13.75,0.95,2.3,119.9642
2024-03-14,3.15,-0.39,82.16,8692.819047619048,14.4,0.94,2.3,120.241
2024-03-15,3.16,-0.41,81.94,8692.819047619048,14.41,0.93,2.32,120.4003
2024-03-18,3.13,-0.39,83.68,8692.819047619048,14.33,0.92,2.31,120.5752
2024-03-19,3.1,-0.38,84.39,8692.819047619048,13.82,0.92,2.3,120.9332
2024-03-20,3.14,-0.32,82.79,8692.819047619048,13.04,0.92,2.31,120.9289
2024-03-21,3.05,-0.35,81.99,8692.819047619048,12.92,0.91,2.34,120.8086
2024-03-22,3.08,-0.37,81.1,8692.819047619048,13.06,0.92,2.35,121.1842
2024-03-25,3.11,-0.29,82.41,8692.819047619048,13.19,0.92,2.33,121.0295
2024-03-26,3.15,-0.32,82.41,8692.819047619048,13.24,0.93,2.32,121.0742
2024-03-27,3.15,-0.34,82.15,8692.819047619048,12.78,0.94,2.32,121.0089
2024-03-28,3.12,-0.39,83.96,8692.819047619048,13.01,0.93,2.32,121.0635
2024-03-29,3.12,-0.39,83.96,8692.819047619048,13.01,0.93,2.32,121.0191
2024-03-31,3.15,-0.39,83.96,8692.819047619048,13.01,0.94,2.32,121.0191
2024-04-01,3.12,-0.39,84.54,9445.593636363636,13.65,0.93,2.35,121.5151
2024-04-02,3.23,-0.34,85.95,9445.593636363636,14.61,0.93,2.36,121.3035
2024-04-03,3.23,-0.32,86.22,9445.593636363636,14.33,0.92,2.36,121.0198
2024-04-04,3.24,-0.34,87.37,9445.593636363636,16.35,0.92,2.34,120.7613
2024-04-05,3.18,-0.34,87.69,9445.593636363636,16.03,0.92,2.37,120.9646
2024-04-08,3.15,-0.36,87.24,9445.593636363636,15.19,0.91,2.38,120.7359
2024-04-09,3.14,-0.38,86.04,9445.593636363636,14.98,0.91,2.36,120.7048
2024-04-10,3.1,-0.42,86.98,9445.593636363636,15.8,0.89,2.4,121.5727
2024-04-11,3.16,-0.37,85.79,9445.593636363636,14.91,0.89,2.4,121.6081
2024-04-12,3.25,-0.38,86.46,9445.593636363636,17.31,0.92,2.39,122.2885
2024-04-15,3.28,-0.3,86.21,9445.593636363636,19.23,0.92,2.43,122.425
2024-04-16,3.36,-0.3,86.15,9445.593636363636,18.4,0.95,2.43,123.1234
2024-04-17,3.42,-0.34,83.58,9445.593636363636,18.21,0.95,2.39,123.0207
2024-04-18,3.39,-0.34,83.5,9445.593636363636,18.0,0.94,2.4,123.0017
2024-04-19,3.37,-0.35,83.79,9445.593636363636,18.71,0.94,2.41,123.1075
2024-04-22,3.29,-0.35,83.82,9445.593636363636,16.94,0.93,2.41,123.0609
2024-04-23,3.2,-0.25,84.17,9445.593636363636,15.69,0.92,2.41,122.7227
2024-04-24,3.19,-0.24,84.09,9445.593636363636,15.97,0.92,2.41,122.89
2024-04-25,3.24,-0.26,84.92,9445.593636363636,15.37,0.92,2.42,122.8384
2024-04-26,3.16,-0.29,85.38,9445.593636363636,15.03,0.9,2.43,122.9471
2024-04-29,3.12,-0.34,84.26,9445.593636363636,14.67,0.9,2.41,122.5449
2024-04-30,3.18,-0.35,83.49,9445.593636363636,15.65,0.91,2.41,122.9853
2024-05-01,3.21,-0.33,80.7,10117.163478260873,15.39,0.91,2.38,123.0168
2024-05-02,3.16,-0.29,80.59,10117.163478260873,14.68,0.9,2.37,122.4384
2024-05-03,3.08,-0.31,79.65,10117.163478260873,13.49,0.89,2.35,122.1375
2024-05-06,3.03,-0.33,80.1,10117.163478260873,13.49,0.88,2.35,121.8913
2024-05-07,3.06,-0.35,79.97,10117.163478260873,13.23,0.88,2.32,122.093
2024-05-08,3.1,-0.36,80.57,10117.163478260873,13.0,0.89,2.31,122.1926
2024-05-09,3.14,-0.35,80.86,10117.163478260873,12.69,0.89,2.32,122.1634
2024-05-10,3.12,-0.37,79.81,10117.163478260873,12.55,0.89,2.34,122.014
2024-05-13,3.14,-0.37,80.71,10117.163478260873,13.6,0.9,2.33,122.0261
2024-05-14,3.14,-0.36,79.62,10117.163478260873,13.42,0.9,2.33,121.9256
2024-05-15,3.13,-0.37,80.23,10117.163478260873,12.45,0.9,2.31,121.3543
2024-05-16,3.08,-0.4,80.85,10117.163478260873,12.42,0.89,2.31,121.2236
2024-05-17,3.09,-0.41,81.66,10117.163478260873,11.99,0.89,2.32,121.2354
2024-05-20,3.07,-0.38,81.39,10117.163478260873,12.15,0.88,2.33,121.2289
2024-05-21,3.07,-0.41,80.66,10117.163478260873,11.86,0.89,2.32,121.3793
2024-05-22,3.11,-0.43,79.15,10117.163478260873,12.29,0.89,2.33,121.5462
2024-05-23,3.1,-0.44,77.47,10117.163478260873,12.77,0.89,2.3,121.7477
2024-05-24,3.11,-0.47,78.48,10117.163478260873,11.93,0.89,2.32,121.6172
2024-05-27,3.12,-0.47,78.48,10117.163478260873,12.36,0.89,2.32,121.6172
2024-05-28,3.09,-0.4,80.9,10117.163478260873,12.92,0.88,2.34,121.43
2024-05-29,3.15,-0.35,80.24,10117.163478260873,14.28,0.88,2.36,122.1641
2024-05-30,3.19,-0.37,78.96,10117.163478260873,14.47,0.88,2.36,121.9601
2024-05-31,3.2,-0.38,77.97,10117.163478260873,12.92,0.88,2.35,122.098
2024-06-01,3.2,-0.38,77.97,9648.167,12.92,0.88,2.35,122.098
2024-06-03,3.17,-0.41,75.26,9648.167,13.11,0.88,2.33,122.3509
2024-06-04,3.22,-0.44,74.27,9648.167,13.16,0.9,2.31,122.7256
2024-06-05,3.2,-0.43,75.08,9648.167,12.63,0.91,2.3,122.5339
2024-06-06,3.2,-0.44,76.52,9648.167,12.58,0.92,2.28,122.3713
2024-06-07,3.15,-0.44,76.53,9648.167,12.22,0.9,2.3,123.549
2024-06-10,3.15,-0.4,78.75,9648.167,12.74,0.9,2.31,123.9125
2024-06-11,3.19,-0.42,78.88,9648.167,12.85,0.91,2.27,124.0349
2024-06-12,3.09,-0.44,79.56,9648.167,12.04,0.9,2.22,123.8295
2024-06-13,3.2,-0.44,79.61,9648.167,11.94,0.92,2.21,124.0235
2024-06-14,3.29,-0.47,79.41,9648.167,12.66,0.95,2.17,124.1694
2024-06-17,3.26,-0.47,81.33,9648.167,12.75,0.95,2.22,124.239
2024-06-18,3.24,-0.47,82.67,9648.167,12.3,0.96,2.21,123.9776
2024-06-19,3.24,-0.47,82.67,9648.167,12.48,0.96,2.21,123.9776
2024-06-20,3.23,-0.45,83.34,9648.167,13.28,0.96,2.25,124.192
2024-06-21,3.21,-0.45,81.71,9648.167,13.2,0.96,2.23,124.1086
2024-06-24,3.19,-0.46,82.63,9648.167,13.33,0.96,2.22,123.7125
2024-06-25,3.19,-0.42,81.97,9648.167,12.84,0.96,2.22,123.9417
2024-06-26,3.18,-0.39,82.19,9648.167,12.55,0.97,2.26,124.26
2024-06-27,3.21,-0.41,83.04,9648.167,12.24,0.96,2.26,124.3379
2024-06-28,3.18,-0.35,82.83,9648.167,12.44,0.96,2.28,124.2103
2024-06-30,3.21,-0.35,82.83,9648.167,12.44,0.96,2.28,124.2103
2024-07-01,3.21,-0.29,84.7,9385.31304347826,12.22,0.94,2.32,124.4667
2024-07-02,3.23,-0.31,84.09,9385.31304347826,12.03,0.93,2.3,124.2917
2024-07-03,3.25,-0.35,85.19,9385.31304347826,12.09,0.93,2.27,123.7768
2024-07-04,3.25,-0.35,85.19,9385.31304347826,12.26,0.93,2.27,123.7768
2024-07-05,3.27,-0.32,84.44,9385.31304347826,12.48,0.92,2.28,123.4762
2024-07-08,3.2,-0.34,83.63,9385.31304347826,12.37,0.92,2.27,123.3576
2024-07-09,3.21,-0.32,82.78,9385.31304347826,12.51,0.92,2.26,123.4071
2024-07-10,3.17,-0.34,83.39,9385.31304347826,12.85,0.92,2.27,123.1895
2024-07-11,3.18,-0.3,83.92,9385.31304347826,12.92,0.93,2.25,122.769
2024-07-12,3.19,-0.27,83.49,9385.31304347826,12.46,0.92,2.24,122.4404
2024-07-15,3.13,-0.21,83.22,9385.31304347826,13.12,0.92,2.27,122.6347
2024-07-16,3.08,-0.26,81.92,9385.31304347826,13.19,0.92,2.26,122.7264
2024-07-17,3.09,-0.26,84.16,9385.31304347826,14.48,0.93,2.26,122.518
2024-07-18,3.09,-0.26,84.17,9385.31304347826,15.93,0.93,2.31,122.7909
2024-07-19,3.09,-0.24,81.43,9385.31304347826,16.52,0.93,2.32,123.147
2024-07-22,3.05,-0.24,81.25,9385.31304347826,14.91,0.93,2.3,123.2172
2024-07-23,3.02,-0.15,78.24,9385.31304347826,14.72,0.93,2.29,123.3843
2024-07-24,3.1,-0.09,78.78,9385.31304347826,18.04,0.96,2.28,123.5575
2024-07-25,3.08,-0.14,79.43,9385.31304347826,18.46,0.95,2.28,123.5286
2024-07-26,3.1,-0.16,78.58,9385.31304347826,16.39,0.95,2.27,123.672
2024-07-29,3.13,-0.19,77.27,9385.31304347826,16.6,0.95,2.25,124.1392
2024-07-30,3.2,-0.2,76.17,9385.31304347826,17.69,0.96,2.25,124.2855
2024-07-31,3.25,-0.2,79.36,9385.31304347826,16.36,0.97,2.24,123.6373
2024-08-01,3.35,-0.17,77.74,8981.117727272727,18.59,1.0,2.2,123.8693
2024-08-02,3.72,-0.08,74.99,8981.117727272727,23.39,1.06,2.04,123.4681
2024-08-05,3.93,-0.11,74.46,8981.117727272727,38.57,1.12,2.07,123.5787
2024-08-06,3.67,-0.09,74.6,8981.117727272727,27.71,1.08,2.12,123.6532
2024-08-07,3.57,-0.04,76.68,8981.117727272727,27.85,1.07,2.11,123.5698
2024-08-08,3.48,-0.05,77.64,8981.117727272727,23.79,1.05,2.12,123.4466
2024-08-09,3.49,-0.11,78.28,8981.117727272727,20.37,1.05,2.1,122.9276
2024-08-12,3.52,-0.11,81.45,8981.117727272727,20.71,1.05,2.11,123.2204
2024-08-13,3.54,-0.08,79.81,8981.117727272727,18.12,1.04,2.09,123.0146
2024-08-14,3.46,-0.11,78.47,8981.117727272727,16.19,1.02,2.06,122.4297
2024-08-15,3.31,-0.16,79.66,8981.117727272727,15.23,0.98,2.12,122.5844
2024-08-16,3.29,-0.17,78.05,8981.117727272727,14.8,0.98,2.08,122.3972
2024-08-19,3.21,-0.2,75.82,8981.117727272727,14.65,0.97,2.07,121.8788
2024-08-20,3.25,-0.17,75.27,8981.117727272727,15.88,0.98,2.07,121.7728
2024-08-21,3.27,-0.13,72.76,8981.117727272727,16.27,0.98,2.07,121.8535
2024-08-22,3.21,-0.13,73.72,8981.117727272727,17.55,0.97,2.1,122.3626
2024-08-23,3.19,-0.09,75.82,8981.117727272727,15.86,0.96,2.13,121.4597
2024-08-26,3.15,-0.09,78.4,8981.117727272727,16.15,0.96,2.15,121.6943
2024-08-27,3.17,0.0,76.5,8981.117727272727,15.43,0.96,2.15,121.8672
2024-08-28,3.19,0.01,75.49,8981.117727272727,17.11,0.96,2.15,121.8943
2024-08-29,3.15,0.0,76.9,8981.117727272727,15.65,0.96,2.16,122.2333
2024-08-30,3.13,0.0,74.52,8981.117727272727,15.0,0.95,2.15,122.3262
2024-08-31,3.17,0.0,74.52,8981.117727272727,15.0,0.96,2.15,122.3262
2024-09-01,3.17,0.0,74.52,9259.128571428571,15.0,0.96,2.15,122.3262
2024-09-02,3.17,0.0,74.52,9259.128571428571,15.55,0.96,2.15,122.3262
2024-09-03,3.31,-0.04,71.28,9259.128571428571,20.72,0.98,2.11,122.7811
2024-09-04,3.35,0.01,70.11,9259.128571428571,21.32,0.99,2.07,122.5144
2024-09-05,3.29,-0.02,70.09,9259.128571428571,19.9,0.99,2.03,122.4533
2024-09-06,3.39,0.06,68.58,9259.128571428571,22.38,0.99,2.03,122.4991
2024-09-09,3.36,0.02,69.65,9259.128571428571,19.45,0.99,2.04,122.7156
2024-09-10,3.46,0.06,66.73,9259.128571428571,19.08,1.01,2.02,123.0071
2024-09-11,3.44,0.03,68.25,9259.128571428571,17.69,1.01,2.04,122.7754
2024-09-12,3.39,0.04,69.89,9259.128571428571,17.07,0.99,2.05,122.4423
2024-09-13,3.37,0.09,69.59,9259.128571428571,16.56,0.99,2.08,121.6551
2024-09-16,3.32,0.07,71.1,9259.128571428571,17.14,0.98,2.09,121.4976
2024-09-17,3.25,0.06,72.16,9259.128571428571,17.61,0.97,2.12,121.6031
2024-09-18,3.21,0.09,71.87,9259.128571428571,18.23,0.95,2.12,121.5618
2024-09-19,3.1,0.14,72.86,9259.128571428571,16.33,0.93,2.17,121.3059
2024-09-20,3.15,0.18,72.72,9259.128571428571,16.15,0.93,2.15,121.4052
2024-09-23,3.15,0.18,71.33,9259.128571428571,15.89,0.92,2.17,121.4303
2024-09-24,3.21,0.25,72.34,9259.128571428571,15.39,0.92,2.19,121.1291
2024-09-25,3.19,0.26,70.42,9259.128571428571,15.41,0.92,2.18,121.4447
2024-09-26,3.14,0.19,68.28,9259.128571428571,15.37,0.92,2.16,121.0785
2024-09-27,3.14,0.2,68.72,9259.128571428571,16.96,0.92,2.15,121.1111
2024-09-30,3.03,0.15,68.75,9259.128571428571,16.73,0.92,2.18,121.2864
2024-10-01,3.07,0.13,70.41,9533.991304347826,19.26,0.92,2.19,121.6881
2024-10-02,3.06,0.16,70.74,9533.991304347826,18.9,0.91,2.21,121.5724
2024-10-03,3.04,0.15,74.33,9533.991304347826,20.49,0.9,2.21,122.1197
2024-10-04,2.89,0.05,74.93,9533.991304347826,19.21,0.87,2.23,122.2197
2024-10-07,2.95,0.04,77.76,9533.991304347826,22.64,0.86,2.27,122.4241
2024-10-08,2.99,0.06,74.26,9533.991304347826,21.42,0.87,2.27,122.6625
2024-10-09,2.94,0.07,73.85,9533.991304347826,20.86,0.85,2.29,122.8821
2024-10-10,2.99,0.11,76.46,9533.991304347826,20.93,0.84,2.33,123.0951
2024-10-11,2.98,0.13,76.11,9533.991304347826,20.46,0.84,2.33,122.9805
2024-10-14,2.97,0.13,76.11,9533.991304347826,19.7,0.84,2.33,122.9805
2024-10-15,2.93,0.08,71.22,9533.991304347826,20.64,0.83,2.28,123.5124
2024-10-16,2.9,0.09,70.97,9533.991304347826,19.58,0.83,2.27,123.9235
2024-10-17,2.89,0.13,71.26,9533.991304347826,19.11,0.83,2.3,124.1122
2024-10-18,2.88,0.13,69.78,9533.991304347826,18.03,0.83,2.31,123.9185
2024-10-21,2.88,0.17,71.16,9533.991304347826,18.37,0.85,2.31,124.4757
2024-10-22,2.92,0.17,72.84,9533.991304347826,18.2,0.85,2.33,124.4107
2024-10-23,2.95,0.17,71.37,9533.991304347826,19.24,0.86,2.31,124.6931
2024-10-24,2.93,0.14,70.58,9533.991304347826,19.08,0.86,2.3,124.5127
2024-10-25,2.89,0.14,72.02,9533.991304347826,20.33,0.85,2.29,124.6105
2024-10-28,2.82,0.16,67.65,9533.991304347826,19.8,0.84,2.29,124.8076
2024-10-29,2.85,0.17,67.48,9533.991304347826,19.34,0.84,2.3,124.8612
2024-10-30,2.8,0.14,68.91,9533.991304347826,20.35,0.84,2.34,124.8153
2024-10-31,2.88,0.12,69.58,9533.991304347826,23.16,0.86,2.33,124.7988
2024-11-01,2.83,0.16,69.81,9075.727142857144,21.88,0.86,2.33,124.8076
2024-11-04,2.87,0.14,71.83,9075.727142857144,21.98,0.86,2.28,124.5903
2024-11-05,2.86,0.07,72.26,9075.727142857144,20.49,0.84,2.27,124.5532
2024-11-06,2.74,0.15,71.98,9075.727142857144,16.27,0.8,2.38,125.7035
2024-11-07,2.73,0.1,72.69,9075.727142857144,15.2,0.78,2.33,124.775
2024-11-08,2.63,0.04,70.69,9075.727142857144,14.94,0.77,2.35,125.5811
2024-11-11,2.63,0.04,70.69,9075.727142857144,14.97,0.77,2.35,125.5811
2024-11-12,2.61,0.09,68.43,9075.727142857144,14.71,0.77,2.35,126.7762
2024-11-13,2.64,0.17,68.76,9075.727142857144,14.02,0.78,2.35,126.9572
2024-11-14,2.6,0.09,68.99,9075.727142857144,14.31,0.8,2.33,127.0015
2024-11-15,2.72,0.12,67.33,9075.727142857144,16.14,0.8,2.33,126.8848
2024-11-18,2.72,0.13,69.46,9075.727142857144,15.58,0.8,2.34,126.6045
2024-11-19,2.69,0.12,69.75,9075.727142857144,16.35,0.8,2.34,126.3994
2024-11-20,2.67,0.1,69.25,9075.727142857144,17.16,0.81,2.35,126.88
2024-11-21,2.61,0.09,70.39,9075.727142857144,16.87,0.81,2.34,127.1047
2024-11-22,2.61,0.04,71.68,9075.727142857144,15.24,0.8,2.34,127.4712
2024-11-25,2.64,0.06,69.41,9075.727142857144,14.6,0.8,2.29,126.9948
2024-11-26,2.68,0.09,69.05,9075.727142857144,14.1,0.81,2.28,127.4301
2024-11-27,2.69,0.06,69.03,9075.727142857144,14.1,0.82,2.26,126.8205
2024-11-28,2.69,0.06,69.03,9075.727142857144,13.9,0.82,2.26,126.8205
2024-11-29,2.72,0.05,68.26,9075.727142857144,13.51,0.82,2.26,126.5798
2024-11-30,2.74,0.05,68.26,9075.727142857144,13.51,0.83,2.26,126.5798
2024-12-01,2.74,0.05,68.26,8909.907727272726,13.51,0.83,2.26,126.5798
2024-12-02,2.68,0.02,68.35,8909.907727272726,13.34,0.81,2.26,127.1272
2024-12-03,2.66,0.06,70.15,8909.907727272726,13.3,0.8,2.28,126.9565
2024-12-04,2.66,0.06,68.81,8909.907727272726,13.45,0.8,2.29,126.7574
2024-12-05,2.66,0.02,68.58,8909.907727272726,13.54,0.81,2.25,126.4286
2024-12-06,2.67,0.05,68.58,8909.907727272726,12.77,0.81,2.24,126.688
2024-12-09,2.67,0.07,68.65,8909.907727272726,14.19,0.81,2.27,126.5981
2024-12-10,2.67,0.07,68.85,8909.907727272726,14.18,0.8,2.29,126.957
2024-12-11,2.64,0.11,70.57,8909.907727272726,13.58,0.78,2.3,126.8483
2024-12-12,2.66,0.14,70.25,8909.907727272726,13.92,0.79,2.32,126.9556
2024-12-13,2.68,0.15,71.54,8909.907727272726,13.81,0.78,2.33,127.3096
2024-12-16,2.69,0.14,71.03,8909.907727272726,14.69,0.78,2.32,127.2687
2024-12-17,2.75,0.15,70.31,8909.907727272726,15.87,0.79,2.31,127.5043
2024-12-18,2.73,0.15,70.8,8909.907727272726,27.62,0.79,2.32,127.6418
2024-12-19,2.91,0.25,70.1,8909.907727272726,24.09,0.82,2.29,128.6366
2024-12-20,2.86,0.22,69.71,8909.907727272726,18.36,0.82,2.29,127.893
2024-12-23,2.85,0.29,69.5,8909.907727272726,16.78,0.82,2.32,128.3021
2024-12-24,2.86,0.3,70.87,8909.907727272726,14.27,0.82,2.35,128.3377
2024-12-26,2.86,0.28,70.38,8909.907727272726,14.73,0.81,2.35,128.3329
2024-12-27,2.84,0.31,71.28,8909.907727272726,15.95,0.81,2.34,128.45
2024-12-30,2.94,0.31,71.73,8909.907727272726,17.4,0.82,2.31,128.8205
2024-12-31,2.92,0.33,72.44,8909.907727272726,17.35,0.82,2.34,129.2775
2025-01-01,2.92,0.33,72.44,8976.68043478261,17.35,0.82,2.34,129.2775
2025-01-02,2.88,0.32,73.79,8976.68043478261,17.93,0.83,2.34,129.4598
2025-01-03,2.81,0.32,74.64,8976.68043478261,16.13,0.83,2.34,129.4535
2025-01-06,2.76,0.34,74.31,8976.68043478261,16.04,0.84,2.34,128.538
2025-01-07,2.79,0.37,74.99,8976.68043478261,17.82,0.84,2.38,128.613
2025-01-08,2.84,0.39,73.99,8976.68043478261,17.7,0.83,2.4,129.0785
2025-01-09,2.82,0.41,73.99,8976.68043478261,18.07,0.83,2.39,129.2827
2025-01-10,2.81,0.37,77.27,8976.68043478261,19.54,0.83,2.43,129.8664
2025-01-13,2.85,0.39,79.57,8976.68043478261,19.19,0.84,2.45,130.0413
2025-01-14,2.8,0.41,78.2,8976.68043478261,18.71,0.84,2.44,129.3812
2025-01-15,2.72,0.39,80.73,8976.68043478261,16.12,0.83,2.42,129.2092
2025-01-16,2.73,0.38,79.35,8976.68043478261,16.6,0.83,2.42,129.436
2025-01-17,2.64,0.34,78.56,8976.68043478261,15.97,0.82,2.41,129.4859
2025-01-20,2.64,0.34,78.56,8976.68043478261,15.81,0.82,2.41,129.4859
2025-01-21,2.61,0.28,76.79,8976.68043478261,15.06,0.82,2.38,128.4151
2025-01-22,2.59,0.31,76.12,8976.68043478261,15.1,0.81,2.4,128.3402
2025-01-23,2.61,0.36,75.03,8976.68043478261,15.02,0.8,2.42,128.2162
2025-01-24,2.6,0.36,74.97,8976.68043478261,14.85,0.8,2.43,127.4611
2025-01-27,2.66,0.36,73.51,8976.68043478261,17.9,0.81,2.4,128.0912
2025-01-28,2.66,0.36,74.15,8976.68043478261,16.41,0.81,2.42,128.2817
2025-01-29,2.68,0.34,72.94,8976.68043478261,16.56,0.81,2.4,128.3418
2025-01-30,2.67,0.34,73.1,8976.68043478261,15.84,0.81,2.38,128.1004
2025-01-31,2.68,0.36,72.84,8976.68043478261,16.43,0.82,2.42,128.4828
2025-02-01,2.68,0.36,72.84,9330.975,16.43,0.82,2.42,128.4828
2025-02-03,2.73,0.28,73.52,9330.975,18.62,0.83,2.45,129.109
2025-02-04,2.71,0.31,73.04,9330.975,17.21,0.82,2.44,128.1083
2025-02-05,2.69,0.26,71.39,9330.975,15.77,0.83,2.42,127.9751
2025-02-06,2.66,0.24,70.97,9330.975,15.5,0.84,2.42,128.2017
2025-02-07,2.67,0.2,71.32,9330.975,16.54,0.84,2.42,128.4292
2025-02-10,2.66,0.23,72.73,9330.975,15.81,0.84,2.44,128.6382
2025-02-11,2.66,0.25,73.67,9330.975,16.02,0.83,2.46,128.4322
2025-02-12,2.65,0.26,71.72,9330.975,15.89,0.81,2.46,128.3288
2025-02-13,2.65,0.21,71.66,9330.975,15.1,0.81,2.44,127.8931
2025-02-14,2.62,0.21,71.05,9330.975,14.77,0.8,2.43,127.1491
2025-02-17,2.62,0.21,71.05,9330.975,15.37,0.8,2.43,127.1491
2025-02-18,2.62,0.26,72.21,9330.975,15.35,0.79,2.45,127.2906
2025-02-19,2.68,0.25,72.58,9330.975,15.27,0.79,2.45,127.7317
2025-02-20,2.66,0.22,72.88,9330.975,15.66,0.8,2.45,127.1126
2025-02-21,2.78,0.23,70.72,9330.975,18.21,0.81,2.42,127.1408
2025-02-24,2.78,0.27,71.06,9330.975,18.98,0.81,2.42,127.1921
2025-02-25,2.84,0.23,69.15,9330.975,19.43,0.84,2.38,127.3752
2025-02-26,2.81,0.2,68.87,9330.975,19.1,0.84,2.36,127.2822
2025-02-27,2.81,0.22,70.62,9330.975,21.13,0.85,2.37,127.9704
2025-02-28,2.87,0.25,69.97,9330.975,19.63,0.88,2.38,128.2805
2025-03-01,2.87,0.25,69.97,9735.823333333332,19.63,0.88,2.38,128.2805
2025-03-03,2.94,0.2,68.63,9735.823333333332,22.78,0.89,2.36,127.75
2025-03-04,2.99,0.26,68.47,9735.823333333332,23.51,0.89,2.35,127.9966
2025-03-05,2.88,0.29,66.58,9735.823333333332,21.93,0.87,2.34,126.504
2025-03-06,2.99,0.33,66.62,9735.823333333332,24.87,0.88,2.34,126.1099
2025-03-07,2.97,0.33,67.29,9735.823333333332,23.37,0.89,2.33,125.9814
2025-03-10,3.16,0.33,66.31,9735.823333333332,27.86,0.91,2.31,126.268
2025-03-11,3.22,0.34,66.52,9735.823333333332,26.92,0.94,2.31,126.0457
2025-03-12,3.2,0.31,67.65,9735.823333333332,24.23,0.96,2.33,125.8664
2025-03-13,3.4,0.33,66.82,9735.823333333332,24.66,0.97,2.29,126.0031
2025-03-14,3.25,0.29,67.43,9735.823333333332,21.77,0.94,2.3,125.6942
2025-03-17,3.18,0.25,67.84,9735.823333333332,20.51,0.93,2.29,125.3688
2025-03-18,3.23,0.25,67.49,9735.823333333332,21.7,0.93,2.3,125.488
2025-03-19,3.19,0.26,67.4,9735.823333333332,19.9,0.91,2.31,125.8006
2025-03-20,3.17,0.29,68.55,9735.823333333332,19.8,0.91,2.31,125.985
2025-03-21,3.21,0.31,68.52,9735.823333333332,19.28,0.92,2.33,126.2679
2025-03-24,3.05,0.3,69.46,9735.823333333332,17.48,0.9,2.36,126.1956
2025-03-25,3.09,0.35,69.48,9735.823333333332,17.15,0.9,2.35,126.0535
2025-03-26,3.19,0.37,70.05,9735.823333333332,18.33,0.91,2.37,126.2364
2025-03-27,3.27,0.41,70.3,9735.823333333332,18.69,0.91,2.39,126.3626
2025-03-28,3.47,0.38,69.74,9735.823333333332,21.65,0.94,2.37,126.4187
2025-03-31,3.55,0.34,71.87,9735.823333333332,22.28,0.97,2.38,126.7075
2025-04-01,3.5,0.3,71.61,9172.695909090908,21.77,0.98,2.33,126.4338
2025-04-02,3.42,0.29,72.12,9172.695909090908,21.51,0.96,2.32,126.3811
2025-04-03,4.01,0.35,67.43,9172.695909090908,30.02,1.06,2.28,124.7316
2025-04-04,4.45,0.33,62.42,9172.695909090908,45.31,1.14,2.18,125.8129
2025-04-07,4.61,0.42,61.05,9172.695909090908,46.98,1.2,2.19,126.8282
2025-04-08,4.57,0.55,60.04,9172.695909090908,52.33,1.18,2.22,126.8668
2025-04-09,4.37,0.43,62.63,9172.695909090908,33.62,1.21,2.27,126.628
2025-04-10,4.42,0.56,60.57,9172.695909090908,40.72,1.18,2.19,125.089
2025-04-11,4.26,0.52,61.91,9172.695909090908,37.56,1.18,2.2,124.0163
2025-04-14,4.14,0.54,61.99,9172.695909090908,30.89,1.15,2.23,123.6598
2025-04-15,4.09,0.51,61.74,9172.695909090908,30.12,1.14,2.19,123.776
2025-04-16,4.16,0.52,62.88,9172.695909090908,32.64,1.13,2.17,123.2724
2025-04-17,4.02,0.53,65.07,9172.695909090908,29.65,1.11,2.23,123.1298
2025-04-18,4.02,0.53,65.07,9172.695909090908,29.65,1.11,2.23,122.9865
2025-04-21,4.16,0.67,63.48,9172.695909090908,33.82,1.12,2.22,122.3145
2025-04-22,3.99,0.65,64.6,9172.695909090908,30.57,1.11,2.27,122.4175
2025-04-23,3.75,0.59,62.64,9172.695909090908,28.45,1.08,2.29,123.0252
2025-04-24,3.73,0.55,63.55,9172.695909090908,26.47,1.06,2.3,122.9251
2025-04-25,3.67,0.55,63.85,9172.695909090908,24.84,1.04,2.27,122.8858
2025-04-28,3.73,0.56,63.3,9172.695909090908,25.15,1.04,2.25,122.7176
2025-04-29,3.74,0.54,61.84,9172.695909090908,24.17,1.06,2.23,122.5944
2025-04-30,3.94,0.57,59.55,9172.695909090908,24.7,1.09,2.23,122.5921
2025-05-01,3.78,0.55,60.59,9531.200909090909,24.6,1.09,2.25,123.1405
2025-05-02,3.6,0.5,59.67,9531.200909090909,22.68,1.06,2.27,122.4962
2025-05-05,3.6,0.53,58.5,9531.200909090909,23.64,1.05,2.28,122.2613
2025-05-06,3.66,0.52,60.42,9531.200909090909,24.76,1.05,2.26,122.0417
2025-05-07,3.67,0.48,59.42,9531.200909090909,23.55,1.05,2.25,122.117
2025-05-08,3.51,0.47,61.25,9531.200909090909,22.48,1.02,2.29,122.7568
2025-05-09,3.53,0.49,62.37,9531.200909090909,21.9,1.02,2.29,122.5191
2025-05-12,3.15,0.47,63.32,9531.200909090909,18.39,0.97,2.29,123.4863
2025-05-13,3.09,0.47,65.04,9531.200909090909,18.22,0.94,2.32,122.9583
2025-05-14,3.1,0.48,64.48,9531.200909090909,18.62,0.93,2.37,122.6746
2025-05-15,3.2,0.49,63.03,9531.200909090909,17.83,0.94,2.34,122.8174
2025-05-16,3.16,0.45,63.84,9531.200909090909,17.24,0.93,2.34,123.0737
2025-05-19,3.21,0.49,63.98,9531.200909090909,18.14,0.92,2.36,122.4186
2025-05-20,3.2,0.51,63.97,9531.200909090909,18.09,0.9,2.35,122.3199
2025-05-21,3.25,0.58,62.93,9531.200909090909,20.87,0.91,2.35,121.7496
2025-05-22,3.32,0.54,62.55,9531.200909090909,20.28,0.92,2.34,122.0429
2025-05-23,3.4,0.51,62.89,9531.200909090909,22.29,0.93,2.33,121.3837
2025-05-26,3.4,0.51,62.89,9531.200909090909,20.57,0.93,2.33,121.3837
2025-05-27,3.24,0.51,61.61,9531.200909090909,18.96,0.91,2.32,121.6099
2025-05-28,3.23,0.51,62.54,9531.200909090909,19.31,0.9,2.32,121.9888
2025-05-29,3.22,0.51,61.66,9531.200909090909,19.18,0.9,2.32,121.5617
2025-05-30,3.31,0.52,61.46,9531.200909090909,18.57,0.91,2.34,121.7674
2025-05-31,3.32,0.52,61.46,9531.200909090909,18.57,0.92,2.34,121.7674
2025-06-01,3.32,0.52,61.46,9835.068095238095,18.57,0.92,2.34,121.7674
2025-06-02,3.27,0.52,63.27,9835.068095238095,18.36,0.91,2.33,121.1881
2025-06-03,3.19,0.5,64.1,9835.068095238095,17.69,0.89,2.32,121.4592
2025-06-04,3.23,0.5,63.57,9835.068095238095,17.61,0.89,2.31,121.0539
2025-06-05,3.18,0.48,64.06,9835.068095238095,18.48,0.89,2.29,120.9596
2025-06-06,3.09,0.47,65.3,9835.068095238095,16.77,0.87,2.31,121.161
2025-06-09,3.12,0.48,65.99,9835.068095238095,17.16,0.87,2.31,120.9103
2025-06-10,3.12,0.46,65.66,9835.068095238095,16.95,0.87,2.29,121.0485
2025-06-11,3.12,0.47,68.91,9835.068095238095,17.26,0.87,2.27,120.587
2025-06-12,3.17,0.46,68.73,9835.068095238095,18.02,0.88,2.25,120.1723
2025-06-13,3.18,0.45,73.84,9835.068095238095,20.82,0.88,2.28,120.3245
2025-06-16,3.1,0.49,72.53,9835.068095238095,19.11,0.87,2.3,120.1565
2025-06-17,3.17,0.45,75.62,9835.068095238095,21.6,0.88,2.31,120.5048
2025-06-18,3.16,0.44,75.89,9835.068095238095,20.14,0.88,2.31,120.7305
2025-06-19,3.16,0.44,75.89,9835.068095238095,22.17,0.88,2.31,120.7305
2025-06-20,3.13,0.48,75.72,9835.068095238095,20.62,0.88,2.33,121.0408
2025-06-23,3.12,0.5,69.36,9835.068095238095,19.83,0.89,2.3,121.1694
2025-06-24,3.06,0.55,65.45,9835.068095238095,17.48,0.88,2.29,120.3645
2025-06-25,3.04,0.55,65.98,9835.068095238095,16.76,0.88,2.28,120.3336
2025-06-26,3.04,0.56,66.44,9835.068095238095,16.59,0.89,2.28,119.6451
2025-06-27,3.02,0.56,66.66,9835.068095238095,16.32,0.88,2.29,119.659
2025-06-30,2.96,0.52,66.3,9835.068095238095,16.73,0.86,2.29,119.4088
2025-07-01,2.91,0.48,66.64,9770.580434782609,16.83,0.84,2.29,119.3436
2025-07-02,2.88,0.52,68.66,9770.580434782609,16.64,0.83,2.3,119.3037
2025-07-03,2.8,0.47,68.13,9770.580434782609,16.38,0.8,2.33,119.2382
2025-07-04,2.8,0.47,68.13,9770.580434782609,17.48,0.8,2.33,119.2382
2025-07-07,2.86,0.5,69.16,9770.580434782609,17.79,0.81,2.35,119.6201
2025-07-08,2.92,0.52,69.55,9770.580434782609,16.81,0.82,2.35,119.8371
2025-07-09,2.94,0.48,69.61,9770.580434782609,15.94,0.83,2.33,119.7311
2025-07-10,2.92,0.49,67.78,9770.580434782609,15.78,0.83,2.34,119.8343
2025-07-11,2.97,0.53,69.63,9770.580434782609,16.4,0.83,2.37,119.9214
2025-07-14,2.95,0.53,68.19,9770.580434782609,17.2,0.82,2.39,120.2209
2025-07-15,2.95,0.55,67.76,9770.580434782609,17.38,0.81,2.41,120.5105
2025-07-16,3.0,0.58,67.13,9770.580434782609,17.16,0.81,2.41,120.4175
2025-07-17,2.91,0.56,68.76,9770.580434782609,16.52,0.8,2.43,120.6384
2025-07-18,2.93,0.56,68.53,9770.580434782609,16.41,0.8,2.41,120.356
2025-07-21,2.89,0.53,68.39,9770.580434782609,16.65,0.8,2.4,119.9961
2025-07-22,2.9,0.52,67.56,9770.580434782609,16.5,0.81,2.39,119.681
2025-07-23,2.83,0.52,66.05,9770.580434782609,15.37,0.79,2.37,119.5697
2025-07-24,2.82,0.52,67.16,9770.580434782609,15.39,0.79,2.45,119.5664
2025-07-25,2.84,0.49,66.38,9770.580434782609,14.93,0.78,2.44,119.9857
2025-07-28,2.82,0.51,67.81,9770.580434782609,15.03,0.78,2.44,120.6149
2025-07-29,2.86,0.48,70.27,9770.580434782609,15.98,0.79,2.43,120.9674
2025-07-30,2.89,0.44,71.09,9770.580434782609,15.48,0.78,2.42,121.4042
2025-07-31,2.86,0.43,70.36,9770.580434782609,16.72,0.79,2.39,121.721
2025-08-01,3.13,0.54,68.39,9671.875714285714,20.38,0.82,2.33,121.2122
2025-08-04,3.02,0.53,67.33,9671.875714285714,17.52,0.82,2.37,120.9859
2025-08-05,2.98,0.5,66.2,9671.875714285714,17.85,0.82,2.36,120.9082
2025-08-06,2.98,0.53,65.38,9671.875714285714,16.77,0.81,2.34,120.5082
2025-08-07,2.95,0.51,64.9,9671.875714285714,16.57,0.8,2.35,120.5043
2025-08-08,2.94,0.51,64.94,9671.875714285714,15.15,0.8,2.39,120.3329
2025-08-11,2.94,0.51,65.03,9671.875714285714,16.25,0.8,2.4,120.6892
2025-08-12,2.93,0.57,64.22,9671.875714285714,14.73,0.79,2.38,120.2736
2025-08-13,2.9,0.57,63.68,9671.875714285714,14.49,0.78,2.37,120.13
2025-08-14,2.89,0.55,64.99,9671.875714285714,14.83,0.77,2.39,120.6446
2025-08-15,2.88,0.58,63.78,9671.875714285714,15.09,0.75,2.38,120.3377
2025-08-18,2.88,0.57,64.51,9671.875714285714,14.99,0.75,2.38,120.5622
2025-08-19,2.9,0.55,63.38,9671.875714285714,15.57,0.76,2.35,120.7224
2025-08-20,2.94,0.55,64.19,9671.875714285714,15.69,0.77,2.35,120.7757
2025-08-21,2.95,0.54,64.56,9671.875714285714,16.6,0.77,2.39,121.0843
2025-08-22,2.88,0.58,64.08,9671.875714285714,14.22,0.77,2.41,120.2774
2025-08-25,2.8,0.55,65.18,9671.875714285714,14.79,0.76,2.41,120.4214
2025-08-26,2.78,0.65,63.6,9671.875714285714,14.62,0.78,2.42,120.5274
2025-08-27,2.78,0.65,64.49,9671.875714285714,14.85,0.78,2.43,120.7274
2025-08-28,2.75,0.6,64.96,9671.875714285714,14.43,0.79,2.41,120.2595
2025-08-29,2.82,0.64,64.36,9671.875714285714,15.36,0.8,2.41,120.2082
2025-08-31,2.84,0.64,64.36,9671.875714285714,15.36,0.81,2.41,120.2082
2025-09-01,2.84,0.64,64.36,9994.773181818182,16.12,0.81,2.41,120.2082
2025-09-02,2.92,0.62,65.95,9994.773181818182,17.17,0.82,2.41,120.6837
2025-09-03,2.88,0.61,64.36,9994.773181818182,16.35,0.81,2.4,120.5052
2025-09-04,2.84,0.58,63.81,9994.773181818182,15.3,0.79,2.38,120.7629
2025-09-05,2.83,0.59,62.22,9994.773181818182,15.18,0.79,2.37,120.1282
2025-09-08,2.84,0.56,62.6,9994.773181818182,15.11,0.8,2.35,120.0971
2025-09-09,2.87,0.54,62.97,9994.773181818182,15.04,0.8,2.36,120.1569
2025-09-10,2.84,0.5,64.01,9994.773181818182,15.35,0.79,2.35,120.1223
2025-09-11,2.78,0.49,62.71,9994.773181818182,14.71,0.78,2.34,119.9534
2025-09-12,2.79,0.5,63.02,9994.773181818182,14.76,0.77,2.36,120.0611
2025-09-15,2.75,0.51,63.66,9994.773181818182,15.69,0.75,2.37,119.5644
2025-09-16,2.79,0.53,64.89,9994.773181818182,16.36,0.76,2.37,119.1348
2025-09-17,2.79,0.54,64.41,9994.773181818182,15.72,0.76,2.38,119.1582
2025-09-18,2.71,0.54,63.91,9994.773181818182,15.7,0.75,2.38,119.6616
2025-09-19,2.72,0.57,63.02,9994.773181818182,15.45,0.74,2.39,119.7858
2025-09-22,2.69,0.54,62.99,9994.773181818182,16.1,0.74,2.37,119.8152
2025-09-23,2.71,0.59,63.76,9994.773181818182,16.64,0.75,2.37,119.6202
2025-09-24,2.7,0.59,65.4,9994.773181818182,16.18,0.75,2.38,120.1707
2025-09-25,2.76,0.54,65.51,9994.773181818182,16.74,0.76,2.38,120.5419
2025-09-26,2.75,0.57,66.5,9994.773181818182,15.29,0.75,2.38,120.4349
2025-09-29,2.74,0.52,64.27,9994.773181818182,16.12,0.75,2.35,120.115
2025-09-30,2.8,0.56,63.17,9994.773181818182,16.28,0.76,2.36,120.1368
2025-10-01,2.81,0.57,62.59,10739.91826086957,16.29,0.76,2.35,120.1502
2025-10-02,2.81,0.55,61.28,10739.91826086957,16.63,0.75,2.34,120.4296
2025-10-03,2.8,0.55,61.65,10739.91826086957,16.65,0.75,2.33,120.0881
2025-10-06,2.76,0.58,62.49,10739.91826086957,16.37,0.74,2.34,120.2722
2025-10-07,2.82,0.57,62.52,10739.91826086957,17.24,0.75,2.35,120.4884
2025-10-08,2.84,0.55,63.37,10739.91826086957,16.3,0.75,2.35,120.7766
2025-10-09,2.95,0.54,62.36,10739.91826086957,16.43,0.77,2.34,121.0902
2025-10-10,3.18,0.53,59.75,10739.91826086957,21.66,0.81,2.3,121.1163
2025-10-13,3.18,0.53,59.75,10739.91826086957,19.03,0.81,2.3,121.1163
2025-10-14,3.11,0.55,59.52,10739.91826086957,20.81,0.81,2.3,121.1822
2025-10-15,2.95,0.55,59.08,10739.91826086957,20.64,0.78,2.29,120.8642
2025-10-16,3.04,0.58,58.29,10739.91826086957,25.31,0.8,2.28,120.6698
2025-10-17,3.04,0.56,58.3,10739.91826086957,20.78,0.8,2.27,120.7028
2025-10-20,2.99,0.54,58.34,10739.91826086957,18.23,0.79,2.26,120.6209
2025-10-21,2.97,0.53,58.66,10739.91826086957,17.87,0.79,2.28,120.8895
2025-10-22,3.01,0.52,59.3,10739.91826086957,18.6,0.8,2.29,120.8958
2025-10-23,2.96,0.53,62.44,10739.91826086957,17.3,0.78,2.3,120.9531
2025-10-24,2.88,0.54,62.27,10739.91826086957,16.37,0.77,2.29,120.9345
2025-10-27,2.8,0.53,62.13,10739.91826086957,15.79,0.76,2.28,120.7988
2025-10-28,2.82,0.52,60.97,10739.91826086957,16.42,0.76,2.28,120.6361
2025-10-29,2.76,0.49,61.26,10739.91826086957,16.92,0.75,2.3,120.5312
2025-10-30,2.85,0.5,61.36,10739.91826086957,16.91,0.77,2.29,121.2832
2025-10-31,2.94,0.51,61.75,10739.91826086957,17.44,0.8,2.3,121.3859
2025-11-01,2.94,0.51,61.75,10812.028,17.44,0.8,2.3,121.3859
2025-11-03,3.04,0.53,61.79,10812.028,17.17,0.83,2.31,121.4512
2025-11-04,3.13,0.52,61.38,10812.028,19.0,0.83,2.29,121.8271
2025-11-05,3.05,0.54,60.4,10812.028,18.01,0.81,2.3,121.8482
2025-11-06,3.13,0.54,60.24,10812.028,19.5,0.82,2.28,121.6948
2025-11-07,3.15,0.56,60.54,10812.028,19.08,0.84,2.28,121.388
2025-11-10,3.02,0.55,60.94,10812.028,17.6,0.82,2.29,121.2984
2025-11-11,3.02,0.55,60.94,10812.028,17.28,0.82,2.29,121.2984
2025-11-12,3.02,0.52,59.3,10812.028,17.51,0.83,2.27,121.0458
2025-11-13,3.09,0.53,59.54,10812.028,20.0,0.84,2.28,120.7725
2025-11-14,3.07,0.52,60.87,10812.028,19.83,0.83,2.28,120.9666
2025-11-17,3.13,0.53,60.66,10812.028,22.38,0.84,2.28,121.1146
2025-11-18,3.2,0.54,61.51,10812.028,24.69,0.85,2.27,121.2127
2025-11-19,3.17,0.55,60.27,10812.028,23.66,0.84,2.27,121.4978
2025-11-20,3.17,0.55,60.07,10812.028,26.42,0.85,2.24,121.6889
2025-11-21,3.19,0.55,58.86,10812.028,23.43,0.86,2.24,121.8653
2025-11-24,3.15,0.58,59.11,10812.028,20.52,0.85,2.23,121.9171
2025-11-25,3.1,0.58,58.25,10812.028,18.56,0.84,2.22,121.6335
2025-11-26,3.0,0.55,58.81,10812.028,17.19,0.82,2.23,121.2437
2025-11-27,3.0,0.55,58.81,10812.028,17.21,0.82,2.23,121.2437
2025-11-28,2.95,0.55,58.58,10812.028,16.35,0.82,2.23,121.0527
2025-11-30,2.92,0.55,58.58,10812.028,16.35,0.82,2.23,121.0527
2025-12-01,2.94,0.55,59.47,11790.96409090909,17.24,0.82,2.24,120.9862
2025-12-02,2.92,0.58,58.81,11790.96409090909,16.59,0.81,2.24,121.1467
2025-12-03,2.89,0.57,59.09,11790.96409090909,16.08,0.81,2.24,120.7336
2025-12-04,2.88,0.59,59.82,11790.96409090909,15.78,0.8,2.26,120.6766
2025-12-05,2.85,0.58,60.23,11790.96409090909,15.41,0.79,2.26,120.6863
2025-12-08,2.89,0.6,59.04,11790.96409090909,16.66,0.78,2.26,120.776
2025-12-09,2.89,0.57,58.4,11790.96409090909,16.93,0.79,2.26,120.6832
2025-12-10,2.91,0.59,58.67,11790.96409090909,15.77,0.78,2.25,120.6752
2025-12-11,2.88,0.62,57.76,11790.96409090909,14.85,0.78,2.25,119.98
2025-12-12,2.91,0.67,57.61,11790.96409090909,15.74,0.8,2.26,120.1442
2025-12-15,2.91,0.67,56.97,11790.96409090909,16.5,0.8,2.25,119.9561
2025-12-16,2.98,0.67,55.44,11790.96409090909,16.48,0.81,2.23,119.8902
2025-12-17,2.99,0.67,56.07,11790.96409090909,17.62,0.81,2.24,120.155
2025-12-18,2.95,0.66,56.22,11790.96409090909,16.87,0.81,2.24,120.0528
2025-12-19,2.9,0.68,56.8,11790.96409090909,14.91,0.8,2.24,120.1652
2025-12-22,2.88,0.73,58.18,11790.96409090909,14.08,0.8,2.23,119.9912
2025-12-23,2.83,0.7,58.55,11790.96409090909,14.0,0.79,2.24,119.7057
2025-12-24,2.84,0.68,58.72,11790.96409090909,13.47,0.79,2.24,119.4372
2025-12-26,2.86,0.68,56.6,11790.96409090909,13.6,0.79,2.23,119.4723
2025-12-29,2.87,0.67,57.89,11790.96409090909,14.2,0.79,2.22,119.5899
2025-12-30,2.84,0.69,57.79,11790.96409090909,14.33,0.79,2.24,119.4939
2025-12-31,2.81,0.71,57.26,11790.96409090909,14.95,0.79,2.25,119.7456
2026-01-01,2.81,0.71,57.26,12986.60681818182,14.95,0.79,2.25,119.7456
2026-01-02,2.83,0.72,57.21,12986.60681818182,14.51,0.79,2.25,119.6059
2026-01-05,2.81,0.71,58.1,12986.60681818182,14.9,0.79,2.26,119.6192
2026-01-06,2.79,0.71,56.97,12986.60681818182,14.75,0.79,2.27,119.7807
2026-01-07,2.79,0.68,56.01,12986.60681818182,15.38,0.79,2.27,119.8719
2026-01-08,2.76,0.7,57.74,12986.60681818182,15.45,0.79,2.27,120.0904
2026-01-09,2.74,0.64,58.96,12986.60681818182,14.49,0.78,2.28,120.2215
2026-01-12,2.74,0.65,59.39,12986.60681818182,15.12,0.78,2.29,119.9958
2026-01-13,2.75,0.65,60.85,12986.60681818182,15.98,0.77,2.3,120.1401
2026-01-14,2.76,0.64,61.84,12986.60681818182,16.75,0.77,2.29,119.9537
2026-01-15,2.71,0.61,59.13,12986.60681818182,15.84,0.76,2.29,119.9951
2026-01-16,2.65,0.65,59.4,12986.60681818182,15.86,0.75,2.33,120.0838
2026-01-19,2.65,0.65,59.4,12986.60681818182,18.84,0.75,2.33,120.0838
2026-01-20,2.73,0.7,60.3,12986.60681818182,20.09,0.75,2.33,119.4455
2026-01-21,2.69,0.66,60.38,12986.60681818182,16.9,0.74,2.34,119.3431
2026-01-22,2.64,0.65,59.24,12986.60681818182,15.64,0.73,2.31,119.1962
2026-01-23,2.68,0.64,60.7,12986.60681818182,16.09,0.73,2.32,118.8976
2026-01-26,2.69,0.66,60.46,12986.60681818182,16.15,0.74,2.32,118.0525
2026-01-27,2.71,0.71,62.04,12986.60681818182,16.35,0.73,2.34,117.4523
2026-01-28,2.72,0.7,62.75,12986.60681818182,16.35,0.73,2.36,117.5117
2026-01-29,2.77,0.71,64.77,12986.60681818182,16.88,0.74,2.35,117.4396
2026-01-30,2.8,0.74,64.5,12986.60681818182,17.44,0.74,2.36,117.8996
2026-01-31,2.88,0.74,64.5,12986.60681818182,17.44,0.75,2.36,117.8996
2026-02-01,2.88,0.74,64.5,12951.345,17.44,0.75,2.36,117.8996
2026-02-02,2.81,0.72,61.6,12951.345,16.34,0.74,2.35,118.3609
2026-02-03,2.85,0.71,62.62,12951.345,18.0,0.74,2.36,117.9764
2026-02-04,2.86,0.72,64.56,12951.345,18.64,0.75,2.35,118.2602
2026-02-05,2.97,0.74,62.9,12951.345,21.77,0.76,2.32,118.5034
2026-02-06,2.87,0.72,63.77,12951.345,17.76,0.76,2.34,118.2407
2026-02-09,2.84,0.74,64.53,12951.345,17.36,0.76,2.35,117.6392
2026-02-10,2.86,0.71,64.2,12951.345,17.79,0.77,2.32,117.5216
2026-02-11,2.84,0.66,64.8,12951.345,17.65,0.77,2.32,117.4601
2026-02-12,2.92,0.62,63.08,12951.345,20.82,0.78,2.29,117.5376
2026-02-13,2.95,0.64,63.05,12951.345,20.6,0.79,2.27,117.5258
2026-02-16,2.94,0.64,63.05,12951.345,21.2,0.79,2.27,117.5258
2026-02-17,2.94,0.62,62.53,12951.345,20.29,0.8,2.26,117.7375
2026-02-18,2.86,0.62,65.33,12951.345,19.62,0.78,2.29,117.8426
2026-02-19,2.88,0.61,66.66,12951.345,20.23,0.79,2.29,118.2354
2026-02-20,2.86,0.6,66.69,12951.345,19.09,0.78,2.28,117.9917
2026-02-23,2.95,0.6,66.36,12951.345,21.01,0.8,2.26,117.9395
2026-02-24,2.97,0.61,65.62,12951.345,19.55,0.81,2.26,117.9463
2026-02-25,2.94,0.6,65.3,12951.345,17.93,0.8,2.28,117.769
2026-02-26,2.98,0.6,65.1,12951.345,18.63,0.82,2.28,117.9042
2026-02-27,3.1,0.59,66.96,12951.345,19.86,0.85,2.25,117.8223
2026-02-28,3.12,0.59,66.96,12951.345,19.86,0.86,2.25,117.8223
2026-03-02,3.03,0.58,71.13,12951.345,21.44,0.85,2.29,118.667
2026-03-03,3.08,0.55,74.48,12951.345,23.57,0.84,2.29,119.4341
2026-03-04,2.97,0.55,74.58,12951.345,21.15,0.82,2.29,119.0705
2026-03-05,3.0,0.56,80.88,12951.345,23.75,0.82,2.31,119.5683
2026-03-06,3.13,0.59,90.77,12951.345,29.49,0.84,2.35,119.491
2026-03-09,3.19,0.56,94.65,12951.345,25.5,0.85,2.34,119.5151
2026-03-10,3.06,0.58,83.71,12951.345,24.93,0.84,2.33,118.7255
2026-03-11,3.09,0.57,86.8,12951.345,24.23,0.88,2.36,119.2885
2026-03-12,3.17,0.51,95.61,12951.345,27.29,0.91,2.38,119.8227
2026-03-13,3.28,0.55,98.48,12951.345,27.19,0.93,2.36,120.5518
2026-03-16,3.27,0.55,93.39,12951.345,23.51,0.94,2.36,120.097
2026-03-17,3.22,0.52,96.01,12951.345,22.37,0.92,2.37,119.8328
2026-03-18,3.2,0.5,96.12,12951.345,25.09,0.91,2.4,119.9276
2026-03-19,3.27,0.46,96.11,12951.345,24.06,0.9,2.37,120.1802
2026-03-20,3.24,0.51,98.71,12951.345,26.78,0.88,2.38,120.2757
2026-03-23,3.19,0.51,89.33,12951.345,26.15,0.88,2.33,120.2757
2026-03-24,3.19,0.49,89.33,12951.345,26.95,0.87,2.33,120.2757
2026-03-25,3.17,0.49,89.33,12951.345,25.33,0.87,2.31,120.2757
2026-03-26,3.21,0.46,89.33,12951.345,27.44,0.88,2.34,120.2757
2026-03-27,3.21,0.56,89.33,12951.345,27.44,0.88,2.31,120.2757
