Date,mtum,spy,vlue,vix,vix3m
2017-01-03,68.39110565185547,194.46783447265625,55.58787536621094,12.850000381469727,15.5600004196167
2017-01-04,68.79561614990234,195.62481689453125,56.175743103027344,11.850000381469727,14.84000015258789
2017-01-05,69.02037048339844,195.46934509277344,55.870059967041016,11.670000076293945,14.699999809265137
2017-01-06,69.41590118408203,196.16868591308594,55.81520080566406,11.319999694824219,14.5600004196167
2017-01-09,69.38892364501953,195.5211944580078,55.61140441894531,11.5600004196167,14.630000114440918
2017-01-10,69.35295104980469,195.5211944580078,55.83087158203125,11.489999771118164,14.65999984741211
2017-01-11,69.57770538330078,196.07374572753906,55.84654998779297,11.260000228881836,14.470000267028809
2017-01-12,69.49678802490234,195.5816192626953,55.642757415771484,11.539999961853027,14.579999923706055
2017-01-13,69.66761016845703,196.030517578125,55.6740837097168,11.229999542236328,14.539999961853027
2017-01-17,69.50577545166016,195.3398895263672,55.431114196777344,11.869999885559082,14.890000343322754
2017-01-18,69.71255493164062,195.77157592773438,55.54084396362305,12.479999542236328,14.9399995803833
2017-01-19,69.63162994384766,195.0463104248047,55.30573654174805,12.779999732971191,15.020000457763672
2017-01-20,69.77547454833984,195.76290893554688,55.391929626464844,11.539999961853027,14.489999771118164
2017-01-23,69.62267303466797,195.2535400390625,55.21166229248047,11.770000457763672,14.539999961853027
2017-01-24,70.18899536132812,196.50543212890625,55.791683197021484,11.069999694824219,13.869999885559082
2017-01-25,70.76427459716797,198.206298828125,56.44224548339844,10.8100004196167,13.609999656677246
2017-01-26,70.66541290283203,197.99911499023438,56.29331970214844,10.630000114440918,13.630000114440918
2017-01-27,70.77328491210938,197.688232421875,56.05034255981445,10.579999923706055,13.680000305175781
2017-01-30,70.34182739257812,196.4622802734375,55.697601318359375,11.880000114440918,14.40999984741211
2017-01-31,70.34182739257812,196.44497680664062,55.71329879760742,11.989999771118164,14.479999542236328
2017-02-01,70.50362396240234,196.52267456054688,56.09737014770508,11.8100004196167,14.289999961853027
2017-02-02,70.62947082519531,196.6522216796875,55.99547576904297,11.930000305175781,14.59000015258789
2017-02-03,70.91712951660156,198.0077362060547,56.57551193237305,10.970000267028809,14.050000190734863
2017-02-06,70.88116455078125,197.65371704101562,56.52846908569336,11.369999885559082,14.239999771118164
2017-02-07,71.09689331054688,197.6623992919922,56.403053283691406,11.289999961853027,14.350000381469727
2017-02-08,71.2767105102539,197.92140197753906,56.30899429321289,11.449999809265137,14.5600004196167
2017-02-09,71.41152954101562,199.0956268310547,56.69306564331055,10.880000114440918,14.170000076293945
2017-02-10,71.63628387451172,199.8812255859375,56.873329162597656,10.850000381469727,13.90999984741211
2017-02-13,71.85202026367188,200.9691619873047,57.29658889770508,11.069999694824219,13.680000305175781
2017-02-14,71.84302520751953,201.77207946777344,57.73553466796875,10.739999771118164,13.1899995803833
2017-02-15,72.18462371826172,202.82534790039062,58.119598388671875,11.970000267028809,13.40999984741211
2017-02-16,72.31049346923828,202.65267944335938,58.09608840942383,11.760000228881836,13.630000114440918
2017-02-17,72.4003677368164,202.97218322753906,58.13526916503906,11.489999771118164,13.720000267028809
2017-02-21,72.91278076171875,204.1808624267578,58.582035064697266,11.569999694824219,14.039999961853027
2017-02-22,72.98468780517578,203.99952697753906,58.44095993041992,11.739999771118164,14.390000343322754
2017-02-23,72.80488586425781,204.13768005371094,58.32341384887695,11.710000038146973,14.739999771118164
2017-02-24,72.95772552490234,204.39669799804688,58.37825012207031,11.470000267028809,14.760000228881836
2017-02-27,73.11054229736328,204.7161865234375,58.589881896972656,12.09000015258789,14.90999984741211
2017-02-28,73.01166534423828,204.16357421875,58.26071548461914,12.920000076293945,15.279999732971191
2017-03-01,73.77572631835938,207.02142333984375,59.03667449951172,12.539999961853027,14.859999656677246
2017-03-02,73.33525848388672,205.71774291992188,58.6839599609375,11.8100004196167,14.770000457763672
2017-03-03,73.45214080810547,205.84725952148438,58.80934524536133,10.960000038146973,14.260000228881836
2017-03-06,73.31729888916016,205.23419189453125,58.40959548950195,11.239999771118164,14.34000015258789
2017-03-07,73.31729888916016,204.6212158203125,58.064735412597656,11.449999809265137,14.40999984741211
2017-03-08,73.29032897949219,204.24131774902344,57.97066116333008,11.859999656677246,14.539999961853027
2017-03-09,73.4161605834961,204.5002899169922,57.83742904663086,12.300000190734863,14.779999732971191
2017-03-10,73.85665130615234,205.21690368652344,58.049034118652344,11.65999984741211,14.380000114440918
2017-03-13,74.1173324584961,205.32054138183594,57.95500564575195,11.350000381469727,14.359999656677246
2017-03-14,73.84767150878906,204.5348663330078,57.71985626220703,12.300000190734863,14.630000114440918
2017-03-15,74.50385284423828,206.30482482910156,58.19013595581055,11.630000114440918,14.199999809265137
2017-03-16,74.31510162353516,205.8989715576172,58.08823776245117,11.210000038146973,13.779999732971191
2017-03-17,74.49488067626953,205.5374298095703,57.82959747314453,11.279999732971191,13.920000076293945
2017-03-20,74.5308609008789,205.31195068359375,57.6728401184082,11.34000015258789,13.899999618530273
2017-03-21,73.65888977050781,202.67587280273438,56.6695556640625,12.470000267028809,14.619999885559082
2017-03-22,74.04542541503906,203.1527862548828,56.873329162597656,12.8100004196167,14.680000305175781
2017-03-23,73.90157318115234,202.9359893798828,56.826290130615234,13.119999885559082,14.90999984741211
2017-03-24,74.05937194824219,202.7886199951172,56.799522399902344,12.960000038146973,14.550000190734863
2017-03-27,73.96920013427734,202.5804443359375,56.768001556396484,12.5,14.229999542236328
2017-03-28,74.26669311523438,204.0546417236328,57.35110855102539,11.529999732971191,13.680000305175781
2017-03-29,74.48307800292969,204.24534606933594,57.5008544921875,11.420000076293945,13.430000305175781
2017-03-30,74.51008605957031,204.895751953125,57.768768310546875,11.539999961853027,13.369999885559082
2017-03-31,74.51008605957031,204.41880798339844,57.61904525756836,12.369999885559082,13.600000381469727
2017-04-03,74.51008605957031,204.0632781982422,57.39051055908203,12.380000114440918,13.670000076293945
2017-04-04,74.46504211425781,204.193359375,57.42990493774414,11.789999961853027,13.369999885559082
2017-04-05,74.36587524414062,203.5863494873047,57.09895706176758,12.890000343322754,14.119999885559082
2017-04-06,74.50108337402344,204.15867614746094,57.33535385131836,12.390000343322754,13.65999984741211
2017-04-07,74.47402954101562,203.95054626464844,57.28806686401367,12.869999885559082,14.0600004196167
2017-04-10,74.45602416992188,204.0718994140625,57.35110855102539,14.050000190734863,14.579999923706055
2017-04-11,74.3748779296875,203.8291778564453,57.26443099975586,15.069999694824219,15.15999984741211
2017-04-12,74.09539794921875,202.9359893798828,56.94136047363281,15.770000457763672,15.279999732971191
2017-04-13,73.74383544921875,201.61798095703125,56.52372741699219,15.960000038146973,15.75
2017-04-17,74.51913452148438,203.40426635742188,56.94136047363281,14.65999984741211,14.859999656677246
2017-04-18,74.47402954101562,202.7972869873047,56.71284484863281,14.420000076293945,14.760000228881836
2017-04-19,74.59121704101562,202.42440795898438,56.673431396484375,14.930000305175781,15.079999923706055
2017-04-20,75.02397155761719,204.0718994140625,57.25655746459961,14.149999618530273,14.529999732971191
2017-04-21,75.00593566894531,203.42160034179688,57.004398345947266,14.630000114440918,14.75
2017-04-24,75.77223205566406,205.65879821777344,57.6899528503418,10.84000015258789,12.899999618530273
2017-04-25,76.20496368408203,206.85548400878906,57.965763092041016,10.760000228881836,12.850000381469727
2017-04-26,75.9525375366211,206.7253875732422,58.013057708740234,10.850000381469727,12.979999542236328
2017-04-27,76.31314086914062,206.89881896972656,58.03668975830078,10.359999656677246,12.800000190734863
2017-04-28,76.43033599853516,206.44786071777344,57.74510955810547,10.819999694824219,12.930000305175781
2017-05-01,76.82701110839844,206.9681854248047,57.78452682495117,10.109999656677246,12.630000114440918
2017-05-02,76.69178771972656,207.04627990722656,57.808162689208984,10.59000015258789,12.829999923706055
2017-05-03,76.47541809082031,206.79473876953125,57.713592529296875,10.680000305175781,13.09000015258789
2017-05-04,76.60162353515625,207.03756713867188,57.65056610107422,10.460000038146973,12.829999923706055
2017-05-05,76.99828338623047,207.85269165039062,58.00517654418945,10.569999694824219,12.850000381469727
2017-05-08,76.9441909790039,207.81797790527344,58.068206787109375,9.770000457763672,12.59000015258789
2017-05-09,76.91715240478516,207.62721252441406,58.10760498046875,9.960000038146973,12.710000038146973
2017-05-10,77.46708679199219,208.00009155273438,58.194297790527344,10.210000038146973,12.90999984741211
2017-05-11,77.44003295898438,207.57518005371094,58.02094268798828,10.600000381469727,13.010000228881836
2017-05-12,77.57524871826172,207.22836303710938,57.768768310546875,10.399999618530273,12.970000267028809
2017-05-15,78.17025756835938,208.3729248046875,58.08397674560547,10.420000076293945,12.779999732971191
2017-05-16,78.29645538330078,208.1821746826172,57.92637252807617,10.649999618530273,12.649999618530273
2017-05-17,76.82701110839844,204.48818969726562,56.610382080078125,15.59000015258789,15.600000381469727
2017-05-18,77.39495849609375,205.31195068359375,56.673431396484375,14.65999984741211,14.970000267028809
2017-05-19,77.8637466430664,206.64732360839844,57.09895706176758,12.039999961853027,13.489999771118164
2017-05-22,78.5759506225586,207.69659423828125,57.32748794555664,10.930000305175781,12.960000038146973
2017-05-23,78.68413543701172,208.15615844726562,57.57175827026367,10.720000267028809,12.899999618530273
2017-05-24,79.08980560302734,208.64175415039062,57.603275299072266,10.020000457763672,12.59000015258789
2017-05-25,79.72084045410156,209.63897705078125,57.80029296875,9.989999771118164,12.510000228881836
2017-05-26,79.84707641601562,209.59561157226562,57.82391357421875,9.8100004196167,12.4399995803833
2017-05-30,80.0273666381836,209.4135284423828,57.78452682495117,10.380000114440918,12.739999771118164
2017-05-31,80.07242584228516,209.3614501953125,57.67420196533203,10.40999984741211,12.630000114440918
2017-06-01,80.6404037475586,211.0264129638672,58.24156188964844,9.890000343322754,12.420000076293945
2017-06-02,81.06412506103516,211.7288055419922,58.28886795043945,9.75,12.460000038146973
2017-06-05,80.91987609863281,211.57272338867188,58.13913345336914,10.069999694824219,12.850000381469727
2017-06-06,80.72154235839844,210.8963623046875,57.88697052001953,10.449999809265137,13.079999923706055
2017-06-07,81.20835876464844,211.28652954101562,58.060333251953125,10.390000343322754,13.09000015258789
2017-06-08,81.47881317138672,211.39059448242188,58.225826263427734,10.15999984741211,12.760000228881836
2017-06-09,80.64942932128906,211.06976318359375,58.351905822753906,10.699999809265137,12.960000038146973
2017-06-12,80.38797760009766,211.0264129638672,58.4149284362793,11.460000038146973,13.300000190734863
2017-06-13,81.05510711669922,212.0582733154297,58.61981201171875,10.420000076293945,12.729999542236328
2017-06-14,80.89283752441406,211.78945922851562,58.399169921875,10.640000343322754,12.770000457763672
2017-06-15,80.73956298828125,211.38192749023438,58.0997200012207,10.899999618530273,12.90999984741211
2017-06-16,80.6404037475586,211.4281005859375,57.85543441772461,10.380000114440918,12.710000038146973
2017-06-19,81.84843444824219,213.1882781982422,58.4149284362793,10.369999885559082,12.399999618530273
2017-06-20,81.15428161621094,211.75050354003906,57.965763092041016,10.859999656677246,12.6899995803833
2017-06-21,81.19034576416016,211.69821166992188,57.9027214050293,10.75,12.760000228881836
2017-06-22,81.0009994506836,211.60232543945312,58.013057708740234,10.479999542236328,12.619999885559082
2017-06-23,80.85676574707031,211.8550567626953,58.060333251953125,10.020000457763672,12.359999656677246
2017-06-26,80.775634765625,211.9945068359375,58.32825469970703,9.899999618530273,12.270000457763672
2017-06-27,80.06878662109375,210.28660583496094,58.015716552734375,11.0600004196167,12.960000038146973
2017-06-28,81.12633514404297,212.16879272460938,58.61857223510742,10.029999732971191,12.399999618530273
2017-06-29,80.37608337402344,210.30404663085938,58.29335021972656,11.4399995803833,13.149999618530273
2017-06-30,80.34896850585938,210.69618225097656,58.35679626464844,11.180000305175781,13.140000343322754
2017-07-03,80.34896850585938,211.05340576171875,58.80100631713867,11.220000267028809,13.3100004196167
2017-07-05,81.08116912841797,211.5413818359375,58.81688690185547,11.069999694824219,13.3100004196167
2017-07-06,80.5749740600586,209.60696411132812,58.22196578979492,12.539999961853027,14.109999656677246
2017-07-07,81.36135864257812,210.96632385253906,58.53925704956055,11.1899995803833,13.520000457763672
2017-07-10,81.73196411132812,211.19281005859375,58.436134338378906,11.109999656677246,13.350000381469727
2017-07-11,81.69583129882812,211.03604125976562,58.380611419677734,10.890000343322754,13.15999984741211
2017-07-12,82.43701934814453,212.62184143066406,58.7216911315918,10.300000190734863,12.779999732971191
2017-07-13,82.52742767333984,212.97914123535156,59.00724411010742,9.899999618530273,12.550000190734863
2017-07-14,82.85282135009766,213.9724884033203,59.29279708862305,9.510000228881836,12.229999542236328
2017-07-17,82.83474731445312,213.9463348388672,59.403839111328125,9.819999694824219,12.279999732971191
2017-07-18,82.7714614868164,214.05963134765625,59.23726272583008,9.890000343322754,12.25
2017-07-19,83.19632720947266,215.21852111816406,59.50698471069336,9.789999961853027,12.0
2017-07-20,83.11495971679688,215.31436157226562,59.443504333496094,9.579999923706055,12.039999961853027
2017-07-21,83.09688568115234,215.1227264404297,59.372135162353516,9.359999656677246,12.0600004196167
2017-07-24,83.14207458496094,215.07044982910156,59.372135162353516,9.430000305175781,12.039999961853027
2017-07-25,83.38611602783203,215.59323120117188,59.71320724487305,9.430000305175781,12.050000190734863
2017-07-26,83.4041976928711,215.60191345214844,59.57042694091797,9.600000381469727,12.109999656677246
2017-07-27,82.93419647216797,215.40158081054688,59.499046325683594,10.109999656677246,12.420000076293945
2017-07-28,82.94322204589844,215.1488494873047,59.499046325683594,10.289999961853027,12.579999923706055
2017-07-31,83.14207458496094,215.02684020996094,59.514892578125,10.260000228881836,12.470000267028809
2017-08-01,83.39518737792969,215.50607299804688,59.657676696777344,10.09000015258789,12.399999618530273
2017-08-02,83.43133544921875,215.6106719970703,59.800453186035156,10.279999732971191,12.5600004196167
2017-08-03,83.3319320678711,215.1924285888672,59.60215377807617,10.4399995803833,12.739999771118164
2017-08-04,83.7296142578125,215.58453369140625,59.72114181518555,10.029999732971191,12.75
2017-08-07,84.1454086303711,215.98533630371094,59.91150665283203,9.930000305175781,12.65999984741211
2017-08-08,84.05501556396484,215.4537811279297,59.88771438598633,10.960000038146973,13.199999809265137
2017-08-09,84.10923767089844,215.44512939453125,59.808387756347656,11.109999656677246,13.489999771118164
2017-08-10,82.57262420654297,212.4040069580078,58.81688690185547,16.040000915527344,16.209999084472656
2017-08-11,82.64491271972656,212.71771240234375,58.84859848022461,15.510000228881836,16.389999389648438
2017-08-14,84.00080871582031,214.826416015625,59.42764663696289,12.329999923706055,13.920000076293945
2017-08-15,84.01887512207031,214.80027770996094,59.43558883666992,12.039999961853027,13.899999618530273
2017-08-16,84.15446472167969,215.17495727539062,59.467308044433594,11.739999771118164,13.579999923706055
2017-08-17,82.52742767333984,211.82022094726562,58.436134338378906,15.550000190734863,16.139999389648438
2017-08-18,82.51840209960938,211.48904418945312,58.21403121948242,14.260000228881836,15.649999618530273
2017-08-21,82.43701934814453,211.65464782714844,58.19816207885742,13.1899995803833,14.989999771118164
2017-08-22,83.70250701904297,213.86795043945312,58.84064865112305,11.350000381469727,13.630000114440918
2017-08-23,83.31385040283203,213.1011505126953,58.7296142578125,12.25,14.329999923706055
2017-08-24,83.21442413330078,212.60446166992188,58.594791412353516,12.229999542236328,14.390000343322754
2017-08-25,83.25054168701172,213.1011505126953,58.85652542114258,11.279999732971191,13.989999771118164
2017-08-28,83.31385040283203,213.10984802246094,58.935855865478516,11.319999694824219,13.989999771118164
2017-08-29,83.34095001220703,213.35379028320312,58.943809509277344,11.699999809265137,14.119999885559082
2017-08-30,83.90139770507812,214.36463928222656,59.26106262207031,11.220000267028809,14.140000343322754
2017-08-31,84.36235046386719,215.65415954589844,59.64181900024414,10.59000015258789,13.800000190734863
2017-09-01,84.57933807373047,215.959228515625,60.06224060058594,10.130000114440918,13.59000015258789
2017-09-05,83.52169036865234,214.4081573486328,59.4752311706543,12.229999542236328,14.579999923706055
2017-09-06,83.7748031616211,215.14015197753906,59.816322326660156,11.630000114440918,14.399999618530273
2017-09-07,83.31385040283203,215.11395263671875,59.67356491088867,11.550000190734863,14.319999694824219
2017-09-08,83.35000610351562,214.86131286621094,59.53076934814453,12.119999885559082,14.6899995803833
2017-09-11,84.40754699707031,217.1529541015625,60.252586364746094,10.729999542236328,13.859999656677246
2017-09-12,84.8143310546875,217.88490295410156,60.6967887878418,10.579999923706055,13.5600004196167
2017-09-13,84.92278289794922,217.98948669433594,60.807838439941406,10.5,13.229999542236328
2017-09-14,84.8052978515625,217.91973876953125,60.72060012817383,10.4399995803833,13.15999984741211
2017-09-15,85.23013305664062,218.21311950683594,60.94269561767578,10.170000076293945,12.960000038146973
2017-09-18,85.79961395263672,218.67723083496094,61.00616455078125,10.149999618530273,12.6899995803833
2017-09-19,85.9984359741211,218.89614868164062,60.99024963378906,10.180000305175781,12.729999542236328
2017-09-20,85.9803695678711,218.9749755859375,60.96649169921875,9.779999732971191,12.65999984741211
2017-09-21,85.73629760742188,218.38824462890625,60.863365173339844,9.670000076293945,12.65999984741211
2017-09-22,85.77247619628906,218.43206787109375,60.97443389892578,9.59000015258789,12.850000381469727
2017-09-25,84.96797943115234,217.9854736328125,61.09341049194336,10.210000038146973,13.0600004196167
2017-09-26,84.99153900146484,218.11683654785156,61.26819610595703,10.170000076293945,13.020000457763672
2017-09-27,86.10653686523438,218.96624755859375,61.65130615234375,9.869999885559082,12.90999984741211
2017-09-28,86.19717407226562,219.2289276123047,61.58746337890625,9.550000190734863,12.760000228881836
2017-09-29,86.73198699951172,219.99952697753906,61.71516799926758,9.510000228881836,12.489999771118164
2017-10-02,87.08554077148438,220.9540557861328,62.27389907836914,9.449999809265137,12.359999656677246
2017-10-03,87.35746002197266,221.42694091796875,62.609134674072266,9.510000228881836,12.3100004196167
2017-10-04,87.38465881347656,221.68963623046875,62.56923294067383,9.630000114440918,12.380000114440918
2017-10-05,87.91947937011719,223.00318908691406,62.88849639892578,9.1899995803833,12.180000305175781
2017-10-06,88.0101318359375,222.74917602539062,62.73684310913086,9.649999618530273,12.4399995803833
2017-10-09,87.90135192871094,222.3813934326172,62.633094787597656,10.329999923706055,12.729999542236328
2017-10-10,88.06452178955078,222.96815490722656,62.92042541503906,10.079999923706055,12.470000267028809
2017-10-11,88.18238067626953,223.31838989257812,62.960350036621094,9.850000381469727,12.239999771118164
2017-10-12,87.91947937011719,222.9856719970703,62.665000915527344,9.90999984741211,12.260000228881836
2017-10-13,88.10984802246094,223.25709533691406,62.872535705566406,9.609999656677246,11.979999542236328
2017-10-16,88.599365234375,223.55477905273438,62.912445068359375,9.90999984741211,11.9399995803833
2017-10-17,88.63558959960938,223.7124481201172,62.912445068359375,10.3100004196167,12.050000190734863
2017-10-18,88.86222076416016,223.931396484375,63.024192810058594,10.069999694824219,11.920000076293945
2017-10-19,89.13418579101562,223.9926300048828,62.960350036621094,10.050000190734863,11.960000038146973
2017-10-20,90.05876922607422,225.1486053466797,63.383365631103516,9.970000267028809,11.850000381469727
2017-10-23,89.868408203125,224.27288818359375,63.34345626831055,11.069999694824219,12.550000190734863
2017-10-24,90.3851089477539,224.66696166992188,63.61484146118164,11.15999984741211,12.670000076293945
2017-10-25,89.84122467041016,223.55477905273438,63.183834075927734,11.229999542236328,12.949999809265137
2017-10-26,90.00438690185547,223.84381103515625,63.295570373535156,11.300000190734863,12.930000305175781
2017-10-27,91.11029052734375,225.67401123046875,63.43925476074219,9.800000190734863,12.229999542236328
2017-10-30,90.85647583007812,224.83335876464844,63.223716735839844,10.5,12.569999694824219
2017-10-31,91.1012191772461,225.1836395263672,63.327491760253906,10.180000305175781,12.380000114440918
2017-11-01,90.89276123046875,225.48133850097656,63.511070251464844,10.199999809265137,12.569999694824219
2017-11-02,91.24627685546875,225.5688934326172,63.622840881347656,9.930000305175781,12.680000305175781
2017-11-03,91.6904525756836,226.32200622558594,63.76649856567383,9.140000343322754,12.420000076293945
2017-11-06,91.83546447753906,226.6722869873047,63.88620376586914,9.399999618530273,12.569999694824219
2017-11-07,91.57258605957031,226.51466369628906,63.68667221069336,9.890000343322754,12.760000228881836
2017-11-08,91.52729034423828,226.89999389648438,63.83834457397461,9.779999732971191,12.880000114440918
2017-11-09,90.82926940917969,226.0768280029297,63.654747009277344,10.5,13.140000343322754
2017-11-10,91.0921630859375,226.00677490234375,63.73456954956055,11.289999961853027,13.609999656677246
2017-11-13,91.31879425048828,226.21697998046875,63.78245162963867,11.5,13.75
2017-11-14,91.1646728515625,225.69151306152344,63.50310516357422,11.59000015258789,13.930000305175781
2017-11-15,90.85647583007812,224.56192016601562,63.26365280151367,13.130000114440918,14.65999984741211
2017-11-16,91.71764373779297,226.4709014892578,64.18156433105469,11.760000228881836,13.960000038146973
2017-11-17,91.3822250366211,225.80535888671875,64.10173797607422,11.430000305175781,13.800000190734863
2017-11-20,91.81733703613281,226.190673828125,64.32523345947266,10.649999618530273,13.279999732971191
2017-11-21,92.50627899169922,227.67059326171875,64.68440246582031,9.729999542236328,12.550000190734863
2017-11-22,92.12557220458984,227.46920776367188,64.69236755371094,9.880000114440918,12.4399995803833
2017-11-24,92.29778289794922,227.99456787109375,64.70035552978516,9.670000076293945,12.420000076293945
2017-11-27,92.11649322509766,227.88070678710938,64.45292663574219,9.869999885559082,12.569999694824219
2017-11-28,93.24050903320312,230.1925506591797,65.22716522216797,10.029999732971191,12.270000457763672
2017-11-29,92.75101470947266,230.05242919921875,65.59431457519531,10.699999809265137,12.819999694824219
2017-11-30,93.64842987060547,232.06655883789062,65.96149444580078,11.279999732971191,13.039999961853027
2017-12-01,93.06827545166016,231.58497619628906,65.79388427734375,11.430000305175781,13.279999732971191
2017-12-04,91.89892578125,231.30470275878906,66.10517120361328,11.680000305175781,13.550000190734863
2017-12-05,91.80828857421875,230.47280883789062,65.71405029296875,11.329999923706055,13.539999961853027
2017-12-06,92.01677703857422,230.5165557861328,65.54644012451172,11.020000457763672,13.449999809265137
2017-12-07,92.61505126953125,231.24346923828125,65.80184936523438,10.15999984741211,12.930000305175781
2017-12-08,93.14987182617188,232.5043487548828,66.29672241210938,9.579999923706055,12.460000038146973
2017-12-11,93.24957275390625,233.20492553710938,66.62397766113281,9.34000015258789,12.279999732971191
2017-12-12,93.32210540771484,233.61648559570312,66.63195037841797,9.920000076293945,12.479999542236328
2017-12-13,93.25863647460938,233.59027099609375,66.56810760498047,10.180000305175781,12.5
2017-12-14,92.78727722167969,232.63577270507812,66.11315155029297,10.489999771118164,12.800000190734863
2017-12-15,93.82066345214844,234.57298278808594,66.75167846679688,9.420000076293945,12.079999923706055
2017-12-18,94.55491638183594,236.0604705810547,67.5578384399414,9.529999732971191,12.069999694824219
2017-12-19,94.21046447753906,235.1539306640625,67.35830688476562,10.029999732971191,12.510000228881836
2017-12-20,94.19231414794922,235.03067016601562,67.5578384399414,9.720000267028809,12.369999885559082
2017-12-21,94.1177978515625,235.51478576660156,67.67094421386719,9.619999885559082,12.350000381469727
2017-12-22,94.09959411621094,235.45318603515625,67.61480712890625,9.899999618530273,12.489999771118164
2017-12-26,93.85411834716797,235.1715087890625,67.45435333251953,10.25,12.619999885559082
2017-12-27,94.09959411621094,235.28591918945312,67.35807800292969,10.470000267028809,12.649999618530273
2017-12-28,94.2905044555664,235.77005004882812,67.50247955322266,10.180000305175781,12.760000228881836
2017-12-29,93.76317596435547,234.881103515625,67.09326934814453,11.039999961853027,13.09000015258789
2018-01-02,94.49962615966797,236.5621795654297,67.98389434814453,9.770000457763672,12.609999656677246
2018-01-03,95.44518280029297,238.0584716796875,68.06412506103516,9.149999618530273,12.319999694824219
2018-01-04,96.2452392578125,239.06178283691406,68.4412612915039,9.220000267028809,12.239999771118164
2018-01-05,97.0180435180664,240.65496826171875,68.7541732788086,9.220000267028809,12.0600004196167
2018-01-08,97.2907943725586,241.0950927734375,68.89055633544922,9.520000457763672,12.149999618530273
2018-01-09,97.65447235107422,241.6407012939453,68.88255310058594,10.079999923706055,12.40999984741211
2018-01-10,97.55445098876953,241.27102661132812,68.89055633544922,9.819999694824219,12.359999656677246
2018-01-11,98.21815490722656,243.03140258789062,69.74105834960938,9.880000114440918,12.15999984741211
2018-01-12,99.15460968017578,244.61566162109375,70.2706298828125,10.15999984741211,12.199999809265137
2018-01-16,98.93640899658203,243.7795867919922,70.00585174560547,11.65999984741211,13.229999542236328
2018-01-17,100.58198547363281,246.10316467285156,70.6798324584961,11.90999984741211,13.25
2018-01-18,100.47293090820312,245.68951416015625,70.5995864868164,12.220000267028809,13.579999923706055
2018-01-19,101.06387329101562,246.80722045898438,70.76007080078125,11.270000457763672,13.039999961853027
2018-01-22,101.68209838867188,248.81410217285156,71.27359008789062,11.029999732971191,12.989999771118164
2018-01-23,101.80940246582031,249.3421630859375,71.28961181640625,11.100000381469727,13.220000267028809
2018-01-24,101.58209228515625,249.2454833984375,71.08097076416016,11.470000267028809,13.529999732971191
2018-01-25,101.80940246582031,249.3509063720703,70.72795867919922,11.579999923706055,13.680000305175781
2018-01-26,103.24588775634766,252.23793029785156,71.722900390625,11.079999923706055,13.460000038146973
2018-01-29,102.46399688720703,250.56558227539062,71.35381317138672,13.84000015258789,14.989999771118164
2018-01-30,100.89110565185547,247.9955596923828,70.2706298828125,14.789999961853027,15.829999923706055
2018-01-31,101.4729995727539,248.11868286132812,70.02191162109375,13.539999961853027,14.899999618530273
2018-02-01,101.37300872802734,247.8370819091797,69.88550567626953,13.470000267028809,14.720000267028809
2018-02-02,99.0363998413086,242.44168090820312,68.06412506103516,17.309999465942383,17.030000686645508
2018-02-05,94.79967498779297,232.30221557617188,65.44843292236328,37.31999969482422,28.1299991607666
2018-02-06,97.09988403320312,236.87904357910156,66.98900604248047,29.979999542236328,23.75
2018-02-07,96.77254486083984,235.593994140625,66.8846664428711,27.729999542236328,23.030000686645508
2018-02-08,92.68128204345703,226.7571258544922,64.39735412597656,33.459999084472656,27.329999923706055
2018-02-09,94.52690887451172,230.1633758544922,65.18366241455078,29.059999465942383,24.920000076293945
2018-02-12,96.1816177368164,233.54318237304688,66.16253662109375,25.610000610351562,22.860000610351562
2018-02-13,96.59981536865234,234.12408447265625,66.41929626464844,24.969999313354492,22.649999618530273
2018-02-14,98.3727035522461,237.2838592529297,67.4222640991211,19.260000228881836,19.34000015258789
2018-02-15,99.59101104736328,240.31166076660156,68.08819580078125,19.1299991607666,19.079999923706055
2018-02-16,99.4909896850586,240.38204956054688,68.07215881347656,19.459999084472656,19.170000076293945
2018-02-20,99.47279357910156,238.8769989013672,67.52655029296875,20.600000381469727,20.010000228881836
2018-02-21,99.00003814697266,237.68881225585938,67.11736297607422,20.020000457763672,20.030000686645508
2018-02-22,99.16368865966797,237.9968719482422,67.20561218261719,18.719999313354492,19.059999465942383
2018-02-23,100.71837615966797,241.79039001464844,68.3128662109375,16.489999771118164,17.5
2018-02-26,101.90030670166016,244.5980987548828,69.1954345703125,15.800000190734863,16.920000076293945
2018-02-27,100.9456787109375,241.54385375976562,68.41716003417969,18.59000015258789,19.020000457763672
2018-02-28,99.99103546142578,239.0970001220703,67.71109771728516,19.850000381469727,19.889999389648438
2018-03-01,98.19995880126953,235.62037658691406,66.78839874267578,22.469999313354492,21.420000076293945
2018-03-02,98.51817321777344,236.8350372314453,67.13341522216797,19.59000015258789,19.860000610351562
2018-03-05,99.6910171508789,239.5723419189453,67.83145904541016,18.729999542236328,19.209999084472656
2018-03-06,99.98196411132812,240.1796875,68.0801773071289,18.360000610351562,19.239999771118164
2018-03-07,100.21833801269531,240.09158325195312,67.89562225341797,17.760000228881836,18.84000015258789
2018-03-08,100.65473175048828,241.25347900390625,68.04004669189453,16.540000915527344,18.18000030517578
2018-03-09,102.6276626586914,245.45188903808594,69.17140197753906,14.640000343322754,17.010000228881836
2018-03-12,102.56400299072266,245.143798828125,69.17938995361328,15.779999732971191,17.799999237060547
2018-03-13,101.79120635986328,243.55950927734375,68.9868392944336,16.350000381469727,18.049999237060547
2018-03-14,101.24571228027344,242.30967712402344,68.50541687011719,17.229999542236328,18.780000686645508
2018-03-15,101.33661651611328,242.04559326171875,68.32891845703125,16.59000015258789,18.209999084472656
2018-03-16,101.45478820800781,242.30812072753906,68.64185333251953,15.800000190734863,17.739999771118164
2018-03-19,100.3001480102539,239.02963256835938,67.76728057861328,19.020000457763672,19.3799991607666
2018-03-20,101.06387329101562,239.43609619140625,67.87157440185547,18.200000762939453,18.8799991607666
2018-03-21,100.70928192138672,238.9766082763672,67.75121307373047,17.860000610351562,18.709999084472656
2018-03-22,97.41358184814453,233.00282287597656,66.15699005126953,23.34000015258789,21.65999984741211
2018-03-23,94.97091674804688,228.03643798828125,64.5272445678711,24.8700008392334,22.790000915527344
2018-03-26,98.19738006591797,234.2753143310547,66.43130493164062,21.030000686645508,20.700000762939453
2018-03-27,95.57247924804688,230.28993225097656,65.34211730957031,22.5,21.940000534057617
2018-03-28,94.9891586303711,229.60940551757812,65.24532318115234,22.8700008392334,22.309999465942383
2018-03-29,96.53857421875,232.54324340820312,66.17311096191406,19.969999313354492,20.549999237060547
2018-04-02,93.49443054199219,227.52391052246094,64.68055725097656,23.6200008392334,22.56999969482422
2018-04-03,94.59725189208984,230.44007873535156,65.64065551757812,21.100000381469727,21.020000457763672
2018-04-04,95.69097900390625,232.90562438964844,66.42323303222656,20.059999465942383,20.420000076293945
2018-04-05,96.51124572753906,234.74368286132812,66.81050109863281,18.940000534057617,19.610000610351562
2018-04-06,93.98661041259766,229.5122528076172,65.40665435791016,21.489999771118164,21.200000762939453
2018-04-09,94.37849426269531,230.64337158203125,65.61647033691406,21.770000457763672,21.229999542236328
2018-04-10,96.50210571289062,234.3106689453125,66.80243682861328,20.469999313354492,20.399999618530273
2018-04-11,95.80943298339844,233.08233642578125,66.46356964111328,20.239999771118164,20.3700008392334
2018-04-12,97.32242584228516,234.99990844726562,67.17355346679688,18.489999771118164,19.280000686645508
2018-04-13,96.35630798339844,234.3106689453125,66.91537475585938,17.40999984741211,18.549999237060547
2018-04-16,97.02165222167969,236.23707580566406,67.55274200439453,16.559999465942383,17.81999969482422
2018-04-17,98.63487243652344,238.76446533203125,68.04487609863281,15.25,16.799999237060547
2018-04-18,98.86273956298828,238.9412078857422,68.19010925292969,15.600000381469727,16.799999237060547
2018-04-19,98.67134094238281,237.6156768798828,67.52047729492188,15.960000038146973,17.1200008392334
2018-04-20,98.02423095703125,235.60086059570312,66.84278106689453,16.8799991607666,17.719999313354492
2018-04-23,97.75990295410156,235.5655059814453,66.91537475585938,16.34000015258789,17.350000381469727
2018-04-24,95.99172973632812,232.39308166503906,66.39096069335938,18.020000457763672,18.229999542236328
2018-04-25,96.13753509521484,232.9674530029297,66.76207733154297,17.84000015258789,18.229999542236328
2018-04-26,97.68699645996094,235.33575439453125,67.04444122314453,16.239999771118164,17.290000915527344
2018-04-27,97.74168395996094,235.556640625,67.02833557128906,15.40999984741211,17.079999923706055
2018-04-30,97.02165222167969,233.74505615234375,66.43130493164062,15.930000305175781,17.34000015258789
2018-05-01,97.62320709228516,234.16050720214844,66.46356964111328,15.489999771118164,16.90999984741211
2018-05-02,96.75733184814453,232.58749389648438,66.09243774414062,15.970000267028809,17.260000228881836
2018-05-03,96.96696472167969,232.07492065429688,65.70519256591797,15.899999618530273,17.030000686645508
2018-05-04,97.98774719238281,235.07945251464844,66.55231475830078,14.770000457763672,16.649999618530273
2018-05-07,98.77161407470703,235.8748016357422,66.57650756835938,14.75,16.649999618530273
2018-05-08,99.19086456298828,235.8748016357422,66.64912414550781,14.710000038146973,16.479999542236328
2018-05-09,100.49419403076172,238.15469360351562,67.1896743774414,13.420000076293945,15.779999732971191
2018-05-10,101.1868667602539,240.38160705566406,67.85124969482422,13.229999542236328,15.239999771118164
2018-05-11,101.25978088378906,241.1150360107422,68.05296325683594,12.649999618530273,14.819999694824219
2018-05-14,101.27802276611328,241.22996520996094,68.23851776123047,12.930000305175781,14.529999732971191
2018-05-15,100.63090515136719,239.5686492919922,68.03681945800781,14.630000114440918,15.789999961853027
2018-05-16,101.0501708984375,240.57601928710938,68.61771392822266,13.420000076293945,15.140000343322754
2018-05-17,100.79495239257812,240.3728485107422,68.61771392822266,13.430000305175781,15.020000457763672
2018-05-18,100.63090515136719,239.77183532714844,68.1658935546875,13.420000076293945,15.1899995803833
2018-05-21,101.6243667602539,241.5745849609375,68.71452331542969,13.079999923706055,14.6899995803833
2018-05-22,101.22332763671875,240.90298461914062,68.6257553100586,13.220000267028809,14.880000114440918
2018-05-23,101.65170288085938,241.5657958984375,68.56122589111328,12.579999923706055,14.479999542236328
2018-05-24,101.59700775146484,241.07089233398438,68.49667358398438,12.529999732971191,14.430000305175781
2018-05-25,101.30537414550781,240.4965057373047,68.24658203125,13.220000267028809,14.829999923706055
2018-05-29,100.02023315429688,237.73052978515625,67.43172454833984,17.020000457763672,17.1299991607666
2018-05-30,101.37828063964844,240.90298461914062,68.17396545410156,14.9399995803833,16.0
2018-05-31,100.36659240722656,239.42724609375,67.74637603759766,15.430000305175781,16.329999923706055
2018-06-01,101.9615707397461,241.77784729003906,68.5289535522461,13.460000038146973,15.270000457763672
2018-06-04,102.69071960449219,242.92665100097656,68.85975646972656,12.739999771118164,14.899999618530273
2018-06-05,103.17378234863281,243.10337829589844,68.99689483642578,12.399999618530273,14.720000267028809
2018-06-06,104.167236328125,245.13589477539062,69.57776641845703,11.640000343322754,14.1899995803833
2018-06-07,103.26494598388672,245.10931396484375,69.72303009033203,12.130000114440918,14.430000305175781
2018-06-08,103.61125946044922,245.83399963378906,69.8279037475586,12.180000305175781,14.600000381469727
2018-06-11,103.52013397216797,246.160888671875,69.98925018310547,12.350000381469727,14.550000190734863
2018-06-12,103.81179809570312,246.47906494140625,69.94084930419922,12.34000015258789,14.59000015258789
2018-06-13,103.78446960449219,245.69261169433594,69.66651916503906,12.9399995803833,14.920000076293945
2018-06-14,104.22193908691406,246.3112030029297,69.64231872558594,12.119999885559082,14.399999618530273
2018-06-15,103.9302749633789,245.99693298339844,69.53746795654297,11.979999542236328,14.420000076293945
2018-06-18,104.03964233398438,245.49105834960938,69.31962585449219,12.3100004196167,14.479999542236328
2018-06-19,103.35609436035156,244.55015563964844,68.93236541748047,13.350000381469727,15.170000076293945
2018-06-20,103.9211654663086,244.96717834472656,69.04529571533203,12.789999961853027,14.789999961853027
2018-06-21,102.96417236328125,243.4315643310547,68.55316925048828,14.640000343322754,15.869999885559082
2018-06-22,102.216796875,243.8754425048828,68.53701782226562,13.770000457763672,15.5
2018-06-25,99.91999816894531,240.55560302734375,67.56079864501953,17.329999923706055,17.520000457763672
2018-06-26,100.38626861572266,241.0882110595703,67.65735626220703,15.920000076293945,16.8700008392334
2018-06-27,98.98743438720703,239.09103393554688,67.12998962402344,17.90999984741211,18.049999237060547
2018-06-28,100.10284423828125,240.45794677734375,67.19491577148438,16.850000381469727,17.520000457763672
2018-06-29,100.2948226928711,240.8041229248047,67.0245132446289,16.09000015258789,17.139999389648438
2018-07-02,100.72452545166016,241.3189239501953,67.1705551147461,15.600000381469727,16.950000762939453
2018-07-03,99.90172576904297,240.4668426513672,66.80545043945312,16.139999389648438,17.350000381469727
2018-07-05,100.57826232910156,242.42857360839844,67.3977279663086,14.970000267028809,16.530000686645508
2018-07-06,101.49250793457031,244.47906494140625,67.88455200195312,13.369999885559082,15.710000038146973
2018-07-09,102.65364837646484,246.6803741455078,68.7932357788086,12.6899995803833,14.869999885559082
2018-07-10,102.90966033935547,247.56814575195312,68.95550537109375,12.640000343322754,14.710000038146973
2018-07-11,102.3702163696289,245.75723266601562,68.03057098388672,13.630000114440918,15.380000114440918
2018-07-12,103.79647827148438,247.98538208007812,68.56604766845703,12.579999923706055,14.760000228881836
2018-07-13,103.6410140991211,248.18063354492188,68.54981994628906,12.180000305175781,14.539999961853027
2018-07-16,103.7050552368164,247.95863342285156,68.49302673339844,12.829999923706055,14.850000381469727
2018-07-17,104.26274871826172,248.96170043945312,68.67153930664062,12.0600004196167,14.399999618530273
2018-07-18,104.52788543701172,249.4855194091797,68.88246154785156,12.100000381469727,14.390000343322754
2018-07-19,103.81477355957031,248.5446014404297,68.72832489013672,12.869999885559082,14.970000267028809
2018-07-20,103.90618133544922,248.26043701171875,68.46869659423828,12.859999656677246,15.079999923706055
2018-07-23,104.09815979003906,248.72210693359375,68.63906860351562,12.619999885559082,14.859999656677246
2018-07-24,104.01587677001953,249.97364807128906,68.72019958496094,12.40999984741211,14.699999809265137
2018-07-25,105.40558624267578,252.10403442382812,69.02851867675781,12.289999961853027,14.550000190734863
2018-07-26,105.08560180664062,251.50926208496094,69.2637939453125,12.140000343322754,14.399999618530273
2018-07-27,103.5039291381836,249.80506896972656,68.8906021118164,13.029999732971191,15.0
2018-07-30,101.68451690673828,248.50015258789062,69.03662872314453,14.260000228881836,15.65999984741211
2018-07-31,102.05937194824219,249.72511291503906,69.3124771118164,12.829999923706055,14.869999885559082
2018-08-01,102.26966094970703,249.30787658691406,69.23944854736328,13.149999618530273,15.220000267028809
2018-08-02,103.33020782470703,250.66612243652344,69.67757415771484,12.1899995803833,14.760000228881836
2018-08-03,103.35765075683594,251.7400360107422,70.20497131347656,11.640000343322754,14.489999771118164
2018-08-06,103.89703369140625,252.6633758544922,70.37532806396484,11.270000457763672,14.229999542236328
2018-08-07,104.39073944091797,253.49769592285156,70.56195068359375,10.930000305175781,13.930000305175781
2018-08-08,104.57361602783203,253.39105224609375,70.58627319335938,10.850000381469727,13.960000038146973
2018-08-09,104.59187316894531,253.04495239257812,70.4483642578125,11.270000457763672,14.130000114440918
2018-08-10,104.07075500488281,251.34957885742188,69.87229919433594,13.15999984741211,15.220000267028809
2018-08-13,103.59534454345703,250.4086151123047,69.5234375,14.779999732971191,16.209999084472656
2018-08-14,104.32675170898438,252.0064239501953,70.0264663696289,13.3100004196167,15.350000381469727
2018-08-15,102.94620513916016,250.12460327148438,69.44229888916016,14.640000343322754,16.190000534057617
2018-08-16,103.71420288085938,252.14830017089844,70.30233001708984,13.449999809265137,15.510000228881836
2018-08-17,103.7873306274414,253.0361785888672,70.77290344238281,12.640000343322754,15.170000076293945
2018-08-20,104.33588409423828,253.57752990722656,71.09742736816406,12.489999771118164,15.0
2018-08-21,104.67417907714844,254.17230224609375,71.3976058959961,12.859999656677246,15.1899995803833
2018-08-22,105.12214660644531,254.02142333984375,71.16230773925781,12.25,15.079999923706055
2018-08-23,105.25016784667969,253.68411254882812,70.9189224243164,12.40999984741211,15.0600004196167
2018-08-24,106.42039489746094,255.21090698242188,71.19478607177734,11.989999771118164,14.819999694824219
2018-08-27,107.28895568847656,257.225830078125,71.8438720703125,12.15999984741211,14.789999961853027
2018-08-28,107.42610168457031,257.35015869140625,71.98178100585938,12.5,15.109999656677246
2018-08-29,108.358642578125,258.73486328125,72.1602783203125,12.25,14.949999809265137
2018-08-30,107.828369140625,257.6874084472656,71.86817932128906,13.529999732971191,15.539999961853027
2018-08-31,108.04779815673828,257.6962585449219,71.81140899658203,12.859999656677246,15.149999618530273
2018-09-04,108.40436553955078,257.25244140625,71.6734619140625,13.15999984741211,15.449999809265137
2018-09-05,106.54840850830078,256.5600891113281,71.6734619140625,13.90999984741211,15.920000076293945
2018-09-06,106.61241912841797,255.7879180908203,71.10552215576172,14.649999618530273,16.34000015258789
2018-09-07,106.30156707763672,255.2907257080078,70.83780670166016,14.880000114440918,16.59000015258789
2018-09-10,106.67639923095703,255.7345428466797,70.82157897949219,14.15999984741211,16.170000076293945
2018-09-11,107.24325561523438,256.5778503417969,70.9351806640625,13.220000267028809,15.539999961853027
2018-09-12,107.38953399658203,256.6400146484375,70.96762084960938,13.140000343322754,15.319999694824219
2018-09-13,108.00208282470703,258.15789794921875,71.43008422851562,12.369999885559082,14.770000457763672
2018-09-14,108.18495178222656,258.2022705078125,71.55989074707031,12.069999694824219,14.369999885559082
2018-09-17,106.88668823242188,256.8353271484375,71.25968170166016,13.680000305175781,15.279999732971191
2018-09-18,108.0295181274414,258.22894287109375,71.64102935791016,12.789999961853027,15.039999961853027
2018-09-19,107.58153533935547,258.50408935546875,71.8438720703125,11.75,14.649999618530273
2018-09-20,108.29463958740234,260.5990295410156,72.4604721069336,11.800000190734863,14.510000228881836
2018-09-21,108.18495178222656,260.3609313964844,72.39558410644531,11.680000305175781,14.579999923706055
2018-09-24,108.39523315429688,259.4960021972656,72.03857421875,12.199999809265137,14.770000457763672
2018-09-25,108.76094818115234,259.25518798828125,71.70594024658203,12.420000076293945,14.920000076293945
2018-09-26,108.59140014648438,258.4794616699219,71.4424057006836,12.890000343322754,15.149999618530273
2018-09-27,108.89380645751953,259.2016296386719,71.60558319091797,12.40999984741211,14.890000343322754
2018-09-28,109.0404052734375,259.2283935546875,71.67084503173828,12.119999885559082,14.770000457763672
2018-10-01,109.60851287841797,260.12908935546875,71.90742492675781,12.0,14.739999771118164
2018-10-02,109.12286376953125,259.9773864746094,71.98902893066406,12.050000190734863,14.84000015258789
2018-10-03,109.480224609375,260.1201477050781,72.42955017089844,11.609999656677246,14.680000305175781
2018-10-04,107.7392578125,258.0870361328125,71.96456146240234,14.220000267028809,15.84000015258789
2018-10-05,106.64885711669922,256.6426086425781,71.42609405517578,14.819999694824219,16.25
2018-10-08,105.65924072265625,256.6426086425781,71.55660247802734,15.6899995803833,16.510000228881836
2018-10-09,105.68673706054688,256.2680358886719,71.18133544921875,15.949999809265137,16.6299991607666
2018-10-10,100.9494400024414,248.15377807617188,69.304931640625,22.959999084472656,20.700000762939453
2018-10-11,99.01602935791016,242.68789672851562,67.69773864746094,24.979999542236328,21.559999465942383
2018-10-12,101.52671813964844,246.05833435058594,68.44013214111328,21.309999465942383,19.84000015258789
2018-10-15,100.2530517578125,244.6761932373047,68.07303619384766,21.299999237060547,20.290000915527344
2018-10-16,103.22187805175781,250.02630615234375,69.37019348144531,17.6200008392334,17.959999084472656
2018-10-17,103.19439697265625,250.07083129882812,69.26412963867188,17.399999618530273,18.100000381469727
2018-10-18,101.12354278564453,246.4596405029297,68.23619842529297,20.059999465942383,19.860000610351562
2018-10-19,99.9964828491211,246.32589721679688,68.1790771484375,19.889999389648438,19.84000015258789
2018-10-22,100.32634735107422,245.22018432617188,67.90986633300781,19.639999389648438,19.81999969482422
2018-10-23,99.29090118408203,243.97183227539062,67.61615753173828,20.709999084472656,20.280000686645508
2018-10-24,95.53406524658203,236.579833984375,65.23392486572266,25.229999542236328,22.6200008392334
2018-10-25,98.25550842285156,240.82420349121094,66.5882339477539,24.219999313354492,22.440000534057617
2018-10-26,96.08384704589844,236.58871459960938,65.72342681884766,24.15999984741211,22.479999542236328
2018-10-29,94.75521850585938,235.27796936035156,65.76422119140625,24.700000762939453,23.059999465942383
2018-10-30,96.28543090820312,238.76443481445312,66.80850219726562,23.350000381469727,22.229999542236328
2018-10-31,98.29214477539062,241.314697265625,67.43669128417969,21.229999542236328,21.149999618530273
2018-11-01,100.0056381225586,243.88262939453125,68.41567993164062,19.34000015258789,20.06999969482422
2018-11-02,99.31838989257812,242.43814086914062,67.63249206542969,19.510000228881836,20.299999237060547
2018-11-05,99.87734985351562,243.7757568359375,68.12197875976562,19.959999084472656,20.200000762939453
2018-11-06,100.12474822998047,245.31825256347656,68.50542449951172,19.90999984741211,19.579999923706055
2018-11-07,103.10274505615234,250.57020568847656,69.7128677368164,16.360000610351562,17.6200008392334
2018-11-08,102.9103012084961,250.115478515625,69.5088882446289,16.719999313354492,17.68000030517578
2018-11-09,101.49005889892578,247.67225646972656,68.61962890625,17.360000610351562,18.459999084472656
2018-11-12,98.76863098144531,243.04449462890625,67.28168487548828,20.450000762939453,20.229999542236328
2018-11-13,98.5945053100586,242.5897216796875,67.10216522216797,20.020000457763672,20.270000457763672
2018-11-14,97.65074920654297,240.93118286132812,66.31085205078125,21.25,21.219999313354492
2018-11-15,99.0710220336914,243.44569396972656,66.84111785888672,19.979999542236328,20.309999465942383
2018-11-16,98.49370574951172,244.07888793945312,66.9716567993164,18.139999389648438,19.350000381469727
2018-11-19,95.2683334350586,239.95037841796875,66.16397857666016,20.100000381469727,20.639999389648438
2018-11-20,93.60982513427734,235.50979614257812,64.56494903564453,22.479999542236328,22.270000457763672
2018-11-21,93.99468231201172,236.31227111816406,64.89944458007812,20.799999237060547,21.31999969482422
2018-11-23,93.33492279052734,234.73406982421875,64.45073699951172,21.520000457763672,21.75
2018-11-26,95.41492462158203,238.52369689941406,65.47868347167969,18.899999618530273,20.110000610351562
2018-11-27,95.70816802978516,239.3261260986328,65.60922241210938,19.020000457763672,19.940000534057617
2018-11-28,98.9977035522461,244.8367156982422,66.98796081542969,18.489999771118164,19.280000686645508
2018-11-29,98.576171875,244.30174255371094,66.63717651367188,18.790000915527344,19.59000015258789
2018-11-30,99.6849136352539,245.79086303710938,67.03692626953125,18.06999969482422,18.889999389648438
2018-12-03,100.9494400024414,249.0454864501953,67.85275268554688,16.440000534057617,17.950000762939453
2018-12-04,97.93477630615234,240.975830078125,65.3889389038086,20.739999771118164,20.75
2018-12-06,98.26465606689453,240.6101837158203,65.08708953857422,21.190000534057617,21.059999465942383
2018-12-07,95.40577697753906,235.01939392089844,63.39014434814453,23.229999542236328,22.440000534057617
2018-12-10,96.11133575439453,235.4652862548828,63.01488494873047,22.639999389648438,22.010000228881836
2018-12-11,96.27625274658203,235.5187225341797,62.8680305480957,21.760000228881836,21.719999313354492
2018-12-12,96.87187194824219,236.70460510253906,63.34935760498047,21.459999084472656,21.59000015258789
2018-12-13,97.03681182861328,236.6244354248047,63.0556526184082,20.649999618530273,21.350000381469727
2018-12-14,94.8285140991211,232.25518798828125,62.35404586791992,21.6299991607666,21.959999084472656
2018-12-17,92.44247436523438,227.69871520996094,61.20536422729492,24.520000457763672,23.40999984741211
2018-12-18,92.54365539550781,227.4490509033203,61.147857666015625,25.579999923706055,23.899999618530273
2018-12-19,91.36631774902344,224.0428924560547,60.0550422668457,25.579999923706055,24.020000457763672
2018-12-20,89.59100341796875,220.39590454101562,58.781455993652344,28.3799991607666,25.239999771118164
2018-12-21,87.72377014160156,215.8800506591797,57.861209869384766,30.110000610351562,26.229999542236328
2018-12-24,85.35983276367188,210.17591857910156,56.39864730834961,36.06999969482422,28.84000015258789
2018-12-26,90.12449645996094,220.79501342773438,58.85542297363281,30.40999984741211,25.690000534057617
2018-12-27,90.99834442138672,222.4901580810547,59.32377243041992,29.959999084472656,25.889999389648438
2018-12-28,90.97075653076172,222.20310974121094,59.22516632080078,28.34000015258789,25.31999969482422
2018-12-31,92.19412231445312,224.1493377685547,59.62776184082031,25.420000076293945,23.729999542236328
2019-01-02,91.5778579711914,224.3825225830078,60.2440185546875,23.219999313354492,22.75
2019-01-03,89.04830932617188,219.02816772460938,59.10191345214844,25.450000762939453,24.110000610351562
2019-01-04,92.0285415649414,226.36465454101562,61.17250061035156,21.3799991607666,21.860000610351562
2019-01-07,92.91158294677734,228.14947509765625,61.87913513183594,21.399999618530273,21.6200008392334
2019-01-08,94.0613784790039,230.29299926757812,62.298179626464844,20.469999313354492,21.139999389648438
2019-01-09,94.61326599121094,231.36927795410156,62.70901107788086,19.979999542236328,20.690000534057617
2019-01-10,94.74202728271484,232.1854248046875,62.90619659423828,19.5,20.520000457763672
2019-01-11,94.80642700195312,232.27511596679688,63.31703567504883,18.190000534057617,19.739999771118164
2019-01-14,93.97856903076172,230.85806274414062,62.9390869140625,19.06999969482422,19.93000030517578
2019-01-15,95.45948791503906,233.50389099121094,63.1526985168457,18.600000381469727,19.239999771118164
2019-01-16,95.31233215332031,234.06886291503906,63.31703567504883,19.040000915527344,19.530000686645508
2019-01-17,96.03897857666016,235.84469604492188,63.810001373291016,18.059999465942383,19.170000076293945
2019-01-18,97.05082702636719,238.98379516601562,64.78777313232422,17.799999237060547,18.84000015258789
2019-01-22,95.98380279541016,235.7550048828125,63.76895523071289,20.799999237060547,20.690000534057617
2019-01-23,96.27815246582031,236.2483367919922,63.7114372253418,19.520000457763672,20.079999923706055
2019-01-24,95.99298095703125,236.3738555908203,64.17977142333984,18.889999389648438,19.670000076293945
2019-01-25,96.61846923828125,238.3739471435547,64.82066345214844,17.420000076293945,18.81999969482422
2019-01-28,95.65266418457031,236.562255859375,64.50843811035156,18.8700008392334,19.579999923706055
2019-01-29,95.25714111328125,236.2483367919922,64.51665496826172,19.1299991607666,19.600000381469727
2019-01-30,97.2531509399414,239.98831176757812,65.04251098632812,17.65999984741211,18.68000030517578
2019-01-31,98.14535522460938,242.0960235595703,65.49442291259766,16.56999969482422,17.8799991607666
2019-02-01,98.3293685913086,242.21261596679688,65.7162857055664,16.139999389648438,17.59000015258789
2019-02-04,98.51332092285156,243.9167022705078,65.89704895019531,15.729999542236328,17.190000534057617
2019-02-05,98.669677734375,244.93917846679688,65.9627685546875,15.569999694824219,17.06999969482422
2019-02-06,98.74327087402344,244.61622619628906,66.16818237304688,15.380000114440918,16.899999618530273
2019-02-07,98.3017578125,242.28440856933594,65.23970794677734,16.3700008392334,17.520000457763672
2019-02-08,98.67889404296875,242.5802764892578,64.99324035644531,15.720000267028809,17.260000228881836
2019-02-11,98.67889404296875,242.71481323242188,65.0918197631836,15.970000267028809,17.219999313354492
2019-02-12,99.70913696289062,245.83604431152344,65.9627685546875,15.430000305175781,16.81999969482422
2019-02-13,99.75508880615234,246.6342315673828,66.3653793334961,15.649999618530273,16.959999084472656
2019-02-14,99.6355209350586,246.08714294433594,66.20928955078125,16.219999313354492,17.31999969482422
2019-02-15,100.68412017822266,248.768798828125,67.03092956542969,14.90999984741211,16.479999542236328
2019-02-19,100.75767517089844,249.19932556152344,67.29385375976562,14.880000114440918,16.450000762939453
2019-02-20,100.72091674804688,249.7016143798828,67.4417495727539,14.020000457763672,15.819999694824219
2019-02-21,100.9140625,248.8136444091797,67.03913879394531,14.460000038146973,16.15999984741211
2019-02-22,101.63150787353516,250.35630798339844,67.38422393798828,13.510000228881836,15.460000038146973
2019-02-25,101.4383773803711,250.6970672607422,67.5732192993164,14.850000381469727,16.0
2019-02-26,101.4383773803711,250.51779174804688,67.45819854736328,15.170000076293945,16.299999237060547
2019-02-27,101.21760559082031,250.41017150878906,67.1459732055664,14.699999809265137,15.989999771118164
2019-02-28,101.47515869140625,249.94369506835938,66.7351303100586,14.779999732971191,16.100000381469727
2019-03-01,101.98106384277344,251.50425720214844,66.96520233154297,13.569999694824219,15.380000114440918
2019-03-04,101.1991958618164,250.58949279785156,66.49684143066406,14.630000114440918,16.030000686645508
2019-03-05,101.15322875976562,250.2487030029297,66.20106506347656,14.739999771118164,16.149999618530273
2019-03-06,100.59214782714844,248.7330322265625,65.39584350585938,15.739999771118164,16.739999771118164
2019-03-07,99.98504638671875,246.6521759033203,64.8288803100586,16.59000015258789,17.299999237060547
2019-03-08,99.69990539550781,246.1588592529297,64.7631607055664,16.049999237060547,17.110000610351562
2019-03-11,101.00603485107422,249.72850036621094,65.69161224365234,14.329999923706055,16.010000228881836
2019-03-12,101.41998291015625,250.67025756835938,65.85594940185547,13.770000457763672,15.649999618530273
2019-03-13,101.99945068359375,252.3295135498047,66.23392486572266,13.40999984741211,15.329999923706055
2019-03-14,102.01785278320312,252.16802978515625,66.044921875,13.5,15.300000190734863
2019-03-15,102.5881576538086,253.4137725830078,66.43933868408203,12.880000114440918,14.979999542236328
2019-03-18,102.61573791503906,254.332763671875,66.759765625,13.100000381469727,15.239999771118164
2019-03-19,102.83651733398438,254.39578247070312,66.80907440185547,13.5600004196167,15.5600004196167
2019-03-20,102.51504516601562,253.63009643554688,65.99217224121094,13.90999984741211,15.789999961853027
2019-03-21,103.62348937988281,256.49468994140625,66.94397735595703,13.630000114440918,15.510000228881836
2019-03-22,102.45039367675781,251.5582275390625,65.43758392333984,16.479999542236328,17.3700008392334
2019-03-25,102.56122589111328,251.36900329589844,65.13961791992188,16.329999923706055,17.450000762939453
2019-03-26,103.23554229736328,253.2427215576172,65.7107162475586,14.680000305175781,16.450000762939453
2019-03-27,102.72750091552734,251.91844177246094,65.379638671875,15.149999618530273,16.780000686645508
2019-03-28,102.94918060302734,252.87335205078125,65.5203628540039,14.430000305175781,16.299999237060547
2019-03-29,103.62348937988281,254.4678497314453,66.09974670410156,13.710000038146973,15.800000190734863
2019-04-01,103.98377227783203,257.485595703125,67.23367309570312,13.399999618530273,15.460000038146973
2019-04-02,103.7897720336914,257.6117858886719,66.94397735595703,13.359999656677246,15.539999961853027
2019-04-03,103.74362182617188,258.0171203613281,67.36613464355469,13.739999771118164,15.630000114440918
2019-04-04,103.51264953613281,258.7017822265625,67.755126953125,13.579999923706055,15.479999542236328
2019-04-05,103.94680786132812,259.9539489746094,68.12760162353516,12.819999694824219,15.0600004196167
2019-04-08,104.01146697998047,260.1521301269531,68.17725372314453,13.180000305175781,15.279999732971191
2019-04-09,103.84520721435547,258.8188781738281,67.48200225830078,14.279999732971191,15.989999771118164
2019-04-10,104.15003204345703,259.7016906738281,67.8958511352539,13.300000190734863,15.380000114440918
2019-04-11,103.84520721435547,259.62957763671875,67.9372329711914,13.020000457763672,15.25
2019-04-12,104.18697357177734,261.38623046875,68.18553161621094,12.010000228881836,14.460000038146973
2019-04-15,104.44564056396484,261.2151184082031,68.01172637939453,12.319999694824219,14.529999732971191
2019-04-16,103.7897720336914,261.38623046875,68.48351287841797,12.180000305175781,14.470000267028809
2019-04-17,102.9122543334961,260.74664306640625,68.51661682128906,12.600000381469727,14.819999694824219
2019-04-18,103.13392639160156,261.2601318359375,68.6407699584961,12.09000015258789,14.569999694824219
2019-04-22,103.13392639160156,261.48529052734375,68.42557525634766,12.420000076293945,14.720000267028809
2019-04-23,103.95606231689453,263.8365783691406,68.8973617553711,12.279999732971191,14.539999961853027
2019-04-24,104.1315689086914,263.2509460449219,68.54145050048828,13.140000343322754,15.039999961853027
2019-04-25,104.63037872314453,263.0887756347656,67.92896270751953,13.25,15.210000038146973
2019-04-26,105.46173095703125,264.31390380859375,67.97863006591797,12.729999542236328,14.890000343322754
2019-04-29,105.28620910644531,264.7283020019531,68.19381713867188,13.109999656677246,15.229999542236328
2019-04-30,105.96053314208984,264.8634948730469,68.35934448242188,13.119999885559082,15.229999542236328
2019-05-01,105.14767456054688,262.8727111816406,67.98688507080078,14.800000190734863,16.190000534057617
2019-05-02,105.1014633178711,262.3050231933594,67.86274719238281,14.420000076293945,16.030000686645508
2019-05-03,105.84970092773438,264.8724670410156,68.55799865722656,12.869999885559082,15.069999694824219
2019-05-06,105.78502655029297,263.7824401855469,68.25173950195312,15.4399995803833,16.399999618530273
2019-05-07,104.23318481445312,259.37738037109375,67.16748046875,19.31999969482422,18.780000686645508
2019-05-08,104.16851043701172,259.0169677734375,66.81983184814453,19.399999618530273,18.75
2019-05-09,104.01146697998047,258.2332763671875,66.45564270019531,19.100000381469727,18.440000534057617
2019-05-10,104.89823913574219,259.5305480957031,66.64602661132812,16.040000915527344,16.899999618530273
2019-05-13,103.29097747802734,253.00839233398438,64.7919921875,20.549999237060547,19.790000915527344
2019-05-14,103.82672119140625,255.29660034179688,65.57830047607422,18.059999465942383,18.290000915527344
2019-05-15,104.27012634277344,256.7921142578125,65.8183364868164,16.440000534057617,17.489999771118164
2019-05-16,105.4247817993164,259.170166015625,66.04180908203125,15.289999961853027,16.739999771118164
2019-05-17,105.12918853759766,257.49468994140625,65.53691864013672,15.960000038146973,17.059999465942383
2019-05-20,104.7781753540039,255.79205322265625,65.10649108886719,16.309999465942383,17.290000915527344
2019-05-21,105.37858581542969,258.09820556640625,65.83486938476562,14.949999809265137,16.420000076293945
2019-05-22,105.72035217285156,257.30548095703125,65.0899658203125,14.75,16.420000076293945
2019-05-23,104.99987030029297,254.1615447998047,64.28709411621094,16.920000076293945,17.690000534057617
2019-05-24,105.15689849853516,254.73812866210938,64.43606567382812,15.850000381469727,17.09000015258789
2019-05-28,104.28860473632812,252.36888122558594,63.566993713378906,17.5,17.899999618530273
2019-05-29,103.62348937988281,250.6753387451172,63.21109390258789,17.899999618530273,18.239999771118164
2019-05-30,104.41790008544922,251.35995483398438,63.07038116455078,17.299999237060547,17.959999084472656
2019-05-31,103.63275146484375,247.97283935546875,61.79572677612305,18.709999084472656,18.829999923706055
2019-06-03,102.93070983886719,247.3422393798828,62.358558654785156,18.860000610351562,18.770000457763672
2019-06-04,104.93524169921875,252.7112274169922,64.17949676513672,16.969999313354492,17.59000015258789
2019-06-05,106.69952392578125,254.90023803710938,64.11329650878906,16.09000015258789,17.1299991607666
2019-06-06,107.5308837890625,256.5577392578125,64.41954040527344,15.930000305175781,16.920000076293945
2019-06-07,108.92569732666016,259.1251525878906,64.81681823730469,16.299999237060547,17.149999618530273
2019-06-10,109.15662384033203,260.31427001953125,65.296875,15.9399995803833,16.8799991607666
2019-06-11,108.75019836425781,260.25128173828125,65.40446472167969,15.989999771118164,16.989999771118164
2019-06-12,109.05502319335938,259.7918395996094,64.99061584472656,15.90999984741211,17.049999237060547
2019-06-13,109.23979187011719,260.8638000488281,65.55347442626953,15.819999694824219,16.860000610351562
2019-06-14,109.02729797363281,260.5755615234375,65.19756317138672,15.279999732971191,16.600000381469727
2019-06-17,108.94662475585938,260.6745910644531,65.09912872314453,15.350000381469727,16.610000610351562
2019-06-18,109.77191925048828,263.4042053222656,66.0415267944336,15.149999618530273,16.5
2019-06-19,110.56011962890625,263.9987487792969,66.15829467773438,14.329999923706055,16.100000381469727
2019-06-20,111.69140625,266.52099609375,66.54190063476562,14.75,16.139999389648438
2019-06-21,111.04228973388672,266.1335754394531,66.43351745605469,15.399999618530273,16.670000076293945
2019-06-24,111.01448822021484,265.80767822265625,66.15829467773438,15.260000228881836,16.469999313354492
2019-06-25,109.7348403930664,263.20062255859375,65.99982452392578,16.280000686645508,17.1200008392334
2019-06-26,109.14137268066406,262.938232421875,66.44183349609375,16.209999084472656,17.049999237060547
2019-06-27,109.51226043701172,263.87054443359375,66.97557830810547,15.819999694824219,16.760000228881836
2019-06-28,109.97593688964844,265.2284240722656,67.70946502685547,15.079999923706055,16.059999465942383
2019-07-01,111.12574768066406,267.63623046875,68.1097640991211,14.0600004196167,15.430000305175781
2019-07-02,111.8768310546875,268.333251953125,67.95964813232422,12.930000305175781,14.720000267028809
2019-07-03,113.01740264892578,270.47857666015625,68.35995483398438,12.569999694824219,14.529999732971191
2019-07-05,112.6001205444336,270.1708068847656,68.393310546875,13.279999732971191,14.979999542236328
2019-07-08,112.04378509521484,268.6863708496094,68.04303741455078,13.960000038146973,15.479999542236328
2019-07-09,112.3961410522461,269.0212097167969,67.97631072998047,14.09000015258789,15.569999694824219
2019-07-10,112.98030853271484,270.3065490722656,68.184814453125,13.029999732971191,15.1899995803833
2019-07-11,113.19359588623047,270.9402770996094,68.41830444335938,12.930000305175781,14.979999542236328
2019-07-12,113.57379150390625,272.15325927734375,69.15221405029297,12.390000343322754,14.800000190734863
2019-07-15,113.81485748291016,272.2438049316406,69.13552856445312,12.680000305175781,15.039999961853027
2019-07-16,113.31414031982422,271.36572265625,68.9687271118164,12.859999656677246,15.220000267028809
2019-07-17,112.85050964355469,269.51910400390625,68.35160827636719,13.970000267028809,15.819999694824219
2019-07-18,113.54596710205078,270.5057678222656,68.75191497802734,13.529999732971191,15.539999961853027
2019-07-19,112.6186752319336,269.0031433105469,68.69353485107422,14.449999809265137,15.930000305175781
2019-07-22,113.1565170288086,269.6639709472656,68.710205078125,13.529999732971191,15.470000267028809
2019-07-23,113.39759826660156,271.5920104980469,69.36902618408203,12.609999656677246,14.930000305175781
2019-07-24,113.74071502685547,272.8684387207031,70.21136474609375,12.069999694824219,14.5600004196167
2019-07-25,113.33270263671875,271.5648193359375,69.73599243164062,12.739999771118164,15.050000190734863
2019-07-26,114.09304809570312,273.38433837890625,69.93612670898438,12.15999984741211,14.6899995803833
2019-07-29,113.91688537597656,272.886474609375,69.86941528320312,12.829999923706055,15.0
2019-07-30,113.68507385253906,272.2167053222656,69.66092681884766,13.9399995803833,15.699999809265137
2019-07-31,111.95104217529297,269.2385559082031,68.79359436035156,16.1200008392334,16.90999984741211
2019-08-01,111.78412628173828,266.89398193359375,67.85121154785156,17.8700008392334,17.989999771118164
2019-08-02,110.62503814697266,264.8843688964844,67.19239807128906,17.610000610351562,17.889999389648438
2019-08-05,107.22187805175781,256.91845703125,65.29931640625,24.59000015258789,21.899999618530273
2019-08-06,109.15994262695312,260.521240234375,65.92476654052734,20.170000076293945,19.690000534057617
2019-08-07,109.4844741821289,260.675048828125,65.84137725830078,19.489999771118164,19.5
2019-08-08,111.76557922363281,265.78961181640625,66.84212493896484,16.90999984741211,17.860000610351562
2019-08-09,111.41321563720703,263.9792175292969,65.92476654052734,17.969999313354492,18.559999465942383
2019-08-12,110.04080963134766,260.76568603515625,65.0657958984375,21.09000015258789,20.5
2019-08-13,111.67285919189453,264.8210754394531,65.97480010986328,17.520000457763672,18.530000686645508
2019-08-14,108.60353088378906,256.9908447265625,63.69807052612305,22.100000381469727,21.299999237060547
2019-08-15,109.06717681884766,257.6698303222656,63.52293014526367,21.18000030517578,21.06999969482422
2019-08-16,110.57866668701172,261.4717102050781,64.65714263916016,18.469999313354492,19.700000762939453
2019-08-19,111.63577270507812,264.6218566894531,65.53279113769531,16.8799991607666,18.360000610351562
2019-08-20,111.04228973388672,262.59405517578125,64.84063720703125,17.5,18.8700008392334
2019-08-21,112.06232452392578,264.7304992675781,65.49945831298828,15.800000190734863,17.719999313354492
2019-08-22,111.9417495727539,264.6490173339844,65.60785675048828,16.68000030517578,18.229999542236328
2019-08-23,109.08572387695312,257.85089111328125,63.748111724853516,19.8700008392334,20.360000610351562
2019-08-26,110.49519348144531,260.70220947265625,64.27351379394531,19.31999969482422,19.81999969482422
2019-08-27,110.5879135131836,259.67938232421875,63.597999572753906,20.309999465942383,20.639999389648438
2019-08-28,111.09791564941406,261.5079345703125,64.32357788085938,19.350000381469727,20.049999237060547
2019-08-29,112.41468811035156,264.84820556640625,65.33265686035156,17.8799991607666,19.030000686645508
2019-08-30,112.24773406982422,264.7304992675781,65.68292999267578,18.979999542236328,19.540000915527344
2019-09-03,111.65430450439453,263.18255615234375,65.34100341796875,19.65999984741211,20.1200008392334
2019-09-04,112.9896011352539,266.16986083984375,66.33341979980469,17.329999923706055,18.809999465942383
2019-09-05,114.08378601074219,269.591552734375,67.64274597167969,16.270000457763672,18.079999923706055
2019-09-06,114.04669189453125,269.7997741699219,67.8678970336914,15.0,17.459999084472656
2019-09-09,112.15502166748047,269.9355773925781,69.0771713256836,15.270000457763672,17.549999237060547
2019-09-10,110.49519348144531,269.8721618652344,70.05289459228516,15.199999809265137,17.40999984741211
2019-09-11,110.9773941040039,271.7911682128906,70.73674774169922,14.609999656677246,17.100000381469727
2019-09-12,112.00668334960938,272.73260498046875,70.5448989868164,14.220000267028809,16.809999465942383
2019-09-13,111.3668441772461,272.5516052246094,70.594970703125,13.739999771118164,16.670000076293945
2019-09-16,110.85684204101562,271.709716796875,70.24471282958984,14.670000076293945,17.200000762939453
2019-09-17,111.84906768798828,272.3977355957031,70.05289459228516,14.4399995803833,17.229999542236328
2019-09-18,111.98811340332031,272.5606384277344,69.72765350341797,13.949999809265137,16.860000610351562
2019-09-19,112.10867309570312,272.5424499511719,69.6192398071289,14.050000190734863,16.790000915527344
2019-09-20,111.68211364746094,271.2547912597656,69.46078491210938,15.319999694824219,17.709999084472656
2019-09-23,111.75630187988281,271.19110107421875,69.41075134277344,14.90999984741211,17.8700008392334
2019-09-24,110.99789428710938,269.0632019042969,68.61154174804688,17.049999237060547,18.549999237060547
2019-09-25,111.2398452758789,270.65460205078125,69.20758819580078,15.960000038146973,18.0
2019-09-26,111.46317291259766,270.0907897949219,68.86339569091797,16.06999969482422,18.1200008392334
2019-09-27,110.29998016357422,268.6357421875,68.55278015136719,17.219999313354492,18.75
2019-09-30,110.97000122070312,269.8816223144531,68.87176513671875,16.239999771118164,17.959999084472656
2019-10-01,109.77884674072266,266.6715087890625,67.70491027832031,18.559999465942383,19.350000381469727
2019-10-02,107.82466125488281,261.9607238769531,66.30294799804688,20.559999465942383,20.739999771118164
2019-10-03,109.00650024414062,264.10699462890625,66.66393280029297,19.1200008392334,19.780000686645508
2019-10-04,110.77456665039062,267.6808776855469,67.36070251464844,17.040000915527344,18.59000015258789
2019-10-07,110.17901611328125,266.5260009765625,67.12564086914062,17.860000610351562,18.90999984741211
2019-10-08,108.15035247802734,262.3882141113281,65.9335708618164,20.280000686645508,20.389999389648438
2019-10-09,109.36009979248047,264.8800048828125,66.52960968017578,18.639999389648438,19.510000228881836
2019-10-10,109.75092315673828,266.6715087890625,67.20958709716797,17.56999969482422,18.790000915527344
2019-10-11,110.62567138671875,269.4360656738281,68.32611846923828,15.579999923706055,17.549999237060547
2019-10-14,110.43025207519531,269.1359558105469,68.2673568725586,14.569999694824219,17.1200008392334
2019-10-15,111.0165023803711,271.8004455566406,69.20758819580078,13.539999961853027,16.479999542236328
2019-10-16,110.38372802734375,271.3639221191406,68.95574188232422,13.680000305175781,16.479999542236328
2019-10-17,110.67220306396484,272.1642761230469,68.9977035522461,13.789999961853027,16.440000534057617
2019-10-18,110.04871368408203,270.972900390625,68.95574188232422,14.25,16.649999618530273
2019-10-21,110.59774017333984,272.80987548828125,69.5181884765625,14.0,16.280000686645508
2019-10-22,109.25773620605469,271.9186096191406,69.93793487548828,14.460000038146973,16.549999237060547
2019-10-23,109.201904296875,272.7098388671875,69.97151184082031,14.010000228881836,16.290000915527344
2019-10-24,110.4395751953125,273.1554260253906,69.78681182861328,13.710000038146973,16.25
2019-10-25,110.75597381591797,274.2740783691406,70.81099700927734,12.649999618530273,15.710000038146973
2019-10-28,111.27709197998047,275.8199768066406,71.5077896118164,13.109999656677246,15.989999771118164
2019-10-29,111.35151672363281,275.7380676269531,71.48261260986328,13.199999809265137,16.09000015258789
2019-10-30,112.15180969238281,276.5838928222656,71.26432800292969,12.329999923706055,15.6899995803833
2019-10-31,111.68649291992188,275.8472900390625,70.82780456542969,13.220000267028809,16.049999237060547
2019-11-01,112.11457061767578,278.4026794433594,71.98628997802734,12.300000190734863,15.420000076293945
2019-11-04,111.46317291259766,279.521240234375,72.95172119140625,12.829999923706055,15.619999885559082
2019-11-05,110.79318237304688,279.2119140625,73.1783676147461,13.100000381469727,15.90999984741211
2019-11-06,111.19329071044922,279.2756652832031,73.08602905273438,12.619999885559082,15.829999923706055
2019-11-07,111.3235855102539,280.2578430175781,73.4805908203125,12.729999542236328,15.800000190734863
2019-11-08,112.0773696899414,280.948974609375,73.69048309326172,12.069999694824219,15.529999732971191
2019-11-11,112.15180969238281,280.4124450683594,73.52254486083984,12.6899995803833,15.600000381469727
2019-11-12,112.50540924072266,281.0035095214844,73.56453704833984,12.680000305175781,15.489999771118164
2019-11-13,113.37083435058594,281.09442138671875,73.12798309326172,13.0,15.619999885559082
2019-11-14,113.25917053222656,281.50372314453125,73.13639831542969,13.050000190734863,15.600000381469727
2019-11-15,113.73375701904297,283.5408020019531,73.85834503173828,12.050000190734863,14.989999771118164
2019-11-18,113.94781494140625,283.7498779296875,73.84156036376953,12.460000038146973,15.170000076293945
2019-11-19,114.66431427001953,283.6680908203125,73.27912139892578,12.859999656677246,15.5
2019-11-20,114.33863067626953,282.6131286621094,72.73343658447266,12.779999732971191,15.640000343322754
2019-11-21,113.59417724609375,282.158447265625,72.7838134765625,13.130000114440918,15.819999694824219
2019-11-22,113.6872329711914,282.7859802246094,73.13639831542969,12.34000015258789,15.399999618530273
2019-11-25,114.47821807861328,284.9776611328125,73.85834503173828,11.869999885559082,14.989999771118164
2019-11-26,115.37154388427734,285.62322998046875,73.58134460449219,11.539999961853027,14.850000381469727
2019-11-27,115.79031372070312,286.8963623046875,73.85834503173828,11.75,14.960000038146973
2019-11-29,115.36225128173828,285.8324279785156,73.44700622558594,12.619999885559082,15.510000228881836
2019-12-02,114.0129165649414,283.40435791015625,72.98530578613281,14.90999984741211,16.84000015258789
2019-12-03,114.09669494628906,281.50372314453125,72.10384368896484,15.960000038146973,17.6299991607666
2019-12-04,114.6270980834961,283.2406311035156,72.62429809570312,14.800000190734863,16.979999542236328
2019-12-05,114.83182525634766,283.7498779296875,72.7922134399414,14.520000457763672,16.780000686645508
2019-12-06,115.1109848022461,286.3417663574219,73.51414489746094,13.619999885559082,16.209999084472656
2019-12-09,114.74807739257812,285.4413757324219,73.27069091796875,15.859999656677246,17.299999237060547
2019-12-10,114.56197357177734,285.12310791015625,73.20355987548828,15.680000305175781,17.1299991607666
2019-12-11,114.83182525634766,285.9324951171875,73.45538330078125,14.989999771118164,16.90999984741211
2019-12-12,114.93419647216797,288.3969421386719,74.580322265625,13.9399995803833,16.09000015258789
2019-12-13,115.43669891357422,288.5697021484375,74.16057586669922,12.630000114440918,15.279999732971191
2019-12-16,116.05803680419922,290.55218505859375,74.86553192138672,12.140000343322754,14.979999542236328
2019-12-17,115.84313201904297,290.6158752441406,74.88245391845703,12.289999961853027,15.149999618530273
2019-12-18,115.79643249511719,290.6340637207031,75.00920867919922,12.579999923706055,15.199999809265137
2019-12-19,116.5065689086914,291.8254089355469,75.27125549316406,12.5,15.140000343322754
2019-12-20,117.3568115234375,293.10479736328125,75.90520477294922,12.510000228881836,15.319999694824219
2019-12-23,116.89897918701172,293.5526123046875,75.97285461425781,12.609999656677246,15.5
2019-12-24,117.08585357666016,293.561767578125,75.95594024658203,12.670000076293945,15.520000457763672
2019-12-26,117.46894073486328,295.12457275390625,76.16725158691406,12.649999618530273,15.520000457763672
2019-12-27,117.6464614868164,295.0513000488281,76.00663757324219,13.430000305175781,15.949999809265137
2019-12-30,117.06715393066406,293.4245910644531,75.58399963378906,14.819999694824219,16.68000030517578
2019-12-31,117.31944274902344,294.13739013671875,75.8460693359375,13.779999732971191,15.869999885559082
2020-01-02,117.71187591552734,296.8881530761719,76.33631134033203,12.470000267028809,15.1899995803833
2020-01-03,117.69319152832031,294.64007568359375,75.51638793945312,14.020000457763672,16.010000228881836
2020-01-06,117.82398986816406,295.76416015625,75.39805603027344,13.850000381469727,15.920000076293945
2020-01-07,117.53434753417969,294.9324951171875,75.50794982910156,13.789999961853027,15.859999656677246
2020-01-08,118.16040802001953,296.50439453125,75.677001953125,13.449999809265137,15.399999618530273
2020-01-09,119.18818664550781,298.5148010253906,75.8122329711914,12.539999961853027,14.949999809265137
2020-01-10,119.18818664550781,297.6557922363281,75.49102783203125,12.5600004196167,14.949999809265137
2020-01-13,120.30007934570312,299.702880859375,75.72770690917969,12.319999694824219,14.640000343322754
2020-01-14,120.06649780273438,299.2460021972656,75.99819946289062,12.390000343322754,14.640000343322754
2020-01-15,121.08497619628906,299.92218017578125,75.7023696899414,12.420000076293945,14.630000114440918
2020-01-16,122.04737091064453,302.4170837402344,76.31940460205078,12.319999694824219,14.449999809265137
2020-01-17,122.75750732421875,303.3584289550781,76.38703918457031,12.100000381469727,14.40999984741211
2020-01-21,123.39285278320312,302.76434326171875,76.02354431152344,12.850000381469727,14.869999885559082
2020-01-22,123.6825180053711,302.8008728027344,76.42929077148438,12.90999984741211,14.979999542236328
2020-01-23,123.91606903076172,303.14813232421875,76.4800033569336,12.979999542236328,14.989999771118164
2020-01-24,123.36483001708984,300.4523010253906,75.96439361572266,14.5600004196167,16.06999969482422
2020-01-27,122.2716293334961,295.6361389160156,74.39218139648438,18.229999542236328,18.15999984741211
2020-01-28,123.34613800048828,298.7342224121094,75.14447021484375,16.280000686645508,17.030000686645508
2020-01-29,122.96305084228516,298.4873962402344,74.34146118164062,16.389999389648438,17.030000686645508
2020-01-30,123.83202362060547,299.4561767578125,74.38373565673828,15.489999771118164,16.59000015258789
2020-01-31,121.71099090576172,294.01861572265625,72.9805679321289,18.84000015258789,18.6299991607666
2020-02-03,122.86959075927734,296.20281982421875,73.31867218017578,17.969999313354492,18.040000915527344
2020-02-04,124.39263153076172,300.7172546386719,74.63732147216797,16.049999237060547,16.700000762939453
2020-02-05,124.30856323242188,304.18994140625,76.23486328125,15.149999618530273,16.110000610351562
2020-02-06,124.93460845947266,305.21356201171875,76.32782745361328,14.960000038146973,15.890000343322754
2020-02-07,124.45803833007812,303.5868225097656,75.71924591064453,15.470000267028809,16.290000915527344
2020-02-10,125.72881317138672,305.85321044921875,76.00663757324219,15.039999961853027,16.1299991607666
2020-02-11,125.83157348632812,306.3832702636719,76.6067886352539,15.180000305175781,16.139999389648438
2020-02-12,126.15859985351562,308.3572692871094,77.26608276367188,13.739999771118164,15.359999656677246
2020-02-13,127.02753448486328,308.02825927734375,76.95335388183594,14.149999618530273,15.680000305175781
2020-02-14,127.88714599609375,308.521728515625,76.42929077148438,13.680000305175781,15.5
2020-02-18,127.78438568115234,307.7266845703125,75.96439361572266,14.829999923706055,16.100000381469727
2020-02-19,128.08340454101562,309.1979675292969,76.3701171875,14.380000114440918,15.819999694824219
2020-02-20,127.5508041381836,307.9277038574219,76.23486328125,15.5600004196167,16.600000381469727
2020-02-21,126.39215850830078,304.7566833496094,75.46566009521484,17.079999923706055,17.610000610351562
2020-02-24,123.252685546875,294.6492614746094,72.76081085205078,25.030000686645508,21.920000076293945
2020-02-25,119.83290100097656,285.720703125,70.14045715332031,27.850000381469727,23.860000610351562
2020-02-26,119.13212585449219,284.6697998046875,69.40508270263672,27.559999465942383,23.700000762939453
2020-02-27,113.899658203125,271.8848571777344,66.48892211914062,39.15999984741211,29.920000076293945
2020-02-28,112.96528625488281,270.742431640625,65.94793701171875,40.11000061035156,29.850000381469727
2020-03-02,118.41265869140625,282.46734619140625,68.57672119140625,33.41999816894531,27.700000762939453
2020-03-03,116.11409759521484,274.3795166015625,66.36211395263672,36.81999969482422,30.170000076293945
2020-03-04,121.43069458007812,285.9126281738281,68.97399139404297,31.989999771118164,27.510000228881836
2020-03-05,118.04827117919922,276.408447265625,66.5649642944336,39.619998931884766,32.56999969482422
2020-03-06,116.42243957519531,271.8390197753906,65.32245635986328,41.939998626708984,35.459999084472656
2020-03-09,108.48030853271484,250.60984802246094,59.1519775390625,54.459999084472656,43.04999923706055
2020-03-10,113.15216064453125,263.5777282714844,62.2625732421875,47.29999923706055,39.439998626708984
2020-03-11,107.50859069824219,250.72869873046875,58.84769058227539,53.900001525878906,44.369998931884766
2020-03-12,97.87521362304688,226.73973083496094,52.178497314453125,75.47000122070312,57.2400016784668
2020-03-13,105.71458435058594,246.12283325195312,57.3599967956543,57.83000183105469,48.310001373291016
2020-03-16,92.6427230834961,219.19114685058594,50.08222961425781,82.69000244140625,67.69999694824219
2020-03-17,99.09923553466797,231.02574157714844,52.79555130004883,75.91000366210938,65.2699966430664
2020-03-18,93.76399230957031,219.3282470703125,50.285091400146484,76.44999694824219,72.9800033569336
2020-03-19,93.13796997070312,219.79429626464844,50.03996658325195,72.0,69.47000122070312
2020-03-20,87.6531982421875,210.32241821289062,47.77464294433594,66.04000091552734,65.58999633789062
2020-03-23,84.42964935302734,204.9448699951172,46.768760681152344,61.59000015258789,56.63999938964844
2020-03-24,93.41829681396484,223.5135498046875,51.460018157958984,61.66999816894531,52.11000061035156
2020-03-25,95.58161163330078,226.8595428466797,52.1987419128418,63.95000076293945,53.849998474121094
2020-03-26,101.888671875,240.10589599609375,55.5675048828125,61.0,49.790000915527344
2020-03-27,99.89895629882812,232.9541473388672,53.464168548583984,65.54000091552734,55.75
2020-03-30,103.08060455322266,240.5194549560547,54.97754669189453,57.08000183105469,51.2599983215332
2020-03-31,99.9365005493164,236.93446350097656,53.866031646728516,53.540000915527344,48.31999969482422
2020-04-01,95.0654296875,226.2712860107422,50.87347412109375,57.060001373291016,51.16999816894531
2020-04-02,96.58586120605469,231.49253845214844,51.574588775634766,50.90999984741211,47.29999923706055
2020-04-03,94.86833953857422,228.14654541015625,50.66826248168945,46.79999923706055,44.84000015258789
2020-04-06,101.65402221679688,243.47024536132812,54.43889236450195,45.2400016784668,43.09000015258789
2020-04-07,100.87504577636719,243.71849060058594,55.09725570678711,46.70000076293945,43.41999816894531
2020-04-08,103.72820281982422,251.8997344970703,57.33738708496094,43.349998474121094,41.59000015258789
2020-04-09,104.55413818359375,255.73292541503906,58.34632110595703,41.66999816894531,40.61000061035156
2020-04-13,104.98587036132812,253.39808654785156,57.48275375366211,41.16999816894531,39.970001220703125
2020-04-14,109.07791900634766,260.8715515136719,58.78237533569336,37.7599983215332,36.459999084472656
2020-04-15,107.67951965332031,255.3284912109375,56.72178649902344,40.84000015258789,39.279998779296875
2020-04-16,109.41583251953125,256.5602722167969,56.55933380126953,40.11000061035156,39.209999084472656
2020-04-17,111.20841979980469,263.4914245605469,58.542991638183594,38.150001525878906,37.279998779296875
2020-04-20,110.0165023803711,258.8490905761719,57.18347930908203,43.83000183105469,40.970001220703125
2020-04-21,105.89625549316406,250.9897003173828,55.23405456542969,45.40999984741211,43.279998779296875
2020-04-22,108.72127532958984,256.5602722167969,56.251522064208984,41.97999954223633,40.91999816894531
2020-04-23,108.43035125732422,256.5419616699219,56.431087493896484,41.380001068115234,40.86000061035156
2020-04-24,110.00708770751953,260.1177978515625,57.26045227050781,35.93000030517578,37.810001373291016
2020-04-27,111.40553283691406,263.8682556152344,58.67975997924805,33.290000915527344,35.33000183105469
2020-04-28,110.0165023803711,262.65484619140625,59.338134765625,33.56999969482422,35.369998931884766
2020-04-29,112.69135284423828,269.5307312011719,61.57828140258789,31.229999542236328,33.33000183105469
2020-04-30,111.63078308105469,267.021240234375,59.83405685424805,34.150001525878906,35.04999923706055
2020-05-01,108.89961242675781,259.95220947265625,57.46565628051758,37.189998626708984,37.970001220703125
2020-05-04,110.36373138427734,260.6692810058594,57.3801383972168,35.970001220703125,37.0
2020-05-05,112.10944366455078,263.0777587890625,57.61954879760742,33.61000061035156,35.52000045776367
2020-05-06,112.08128356933594,261.2943115234375,56.93553161621094,34.119998931884766,35.68000030517578
2020-05-07,112.88842010498047,264.4473571777344,57.611000061035156,31.440000534057617,34.0099983215332
2020-05-08,114.17424011230469,268.82293701171875,59.397987365722656,27.979999542236328,31.639999389648438
2020-05-11,115.7603988647461,268.87811279296875,58.85078430175781,27.56999969482422,30.389999389648438
2020-05-12,113.72374725341797,263.51898193359375,57.328857421875,33.040000915527344,34.2599983215332
2020-05-13,112.61626434326172,258.8583984375,55.49055480957031,35.279998779296875,36.5099983215332
2020-05-14,113.57357025146484,261.9562072753906,56.70469284057617,32.61000061035156,34.900001525878906
2020-05-15,114.93447875976562,263.1605224609375,56.43963623046875,31.889999389648438,34.5099983215332
2020-05-18,116.05133056640625,271.1761779785156,59.41509246826172,29.299999237060547,31.770000457763672
2020-05-19,115.51636505126953,268.390869140625,58.637027740478516,30.530000686645508,32.810001373291016
2020-05-20,116.65199279785156,272.9503479003906,59.902442932128906,27.989999771118164,31.110000610351562
2020-05-21,115.57268524169922,271.0659484863281,59.449275970458984,29.530000686645508,32.380001068115234
2020-05-22,116.11703491210938,271.5806884765625,59.32102584838867,28.15999984741211,31.540000915527344
2020-05-26,115.24417877197266,274.9267272949219,61.3559684753418,28.010000228881836,30.850000381469727
2020-05-27,116.07948303222656,279.0173645019531,63.42509841918945,27.6200008392334,30.190000534057617
2020-05-28,116.36104583740234,278.5024719238281,61.94593811035156,28.59000015258789,31.209999084472656
2020-05-29,118.18183135986328,279.7435607910156,61.90317916870117,27.510000228881836,30.270000457763672
2020-06-01,118.820068359375,280.8741760253906,62.15968704223633,28.229999542236328,30.920000076293945
2020-06-02,118.94206237792969,283.1998596191406,62.81806182861328,26.84000015258789,29.93000030517578
2020-06-03,118.79187774658203,286.9687805175781,64.32289123535156,25.65999984741211,28.90999984741211
2020-06-04,117.44978332519531,286.2149963378906,65.21208953857422,25.809999465942383,28.850000381469727
2020-06-05,118.80128479003906,293.55059814453125,67.42659759521484,24.520000457763672,27.420000076293945
2020-06-08,119.74921417236328,297.09881591796875,68.87157440185547,25.809999465942383,28.079999923706055
2020-06-09,120.20911407470703,294.8835144042969,67.39237976074219,27.56999969482422,29.670000076293945
2020-06-10,121.98296356201172,293.23797607421875,65.83627319335938,27.56999969482422,29.56999969482422
2020-06-11,116.31413269042969,276.3332214355469,61.01396942138672,40.790000915527344,40.43000030517578
2020-06-12,116.78339385986328,279.64239501953125,62.24518585205078,36.09000015258789,38.04999923706055
2020-06-15,118.53961181640625,282.2530517578125,62.827213287353516,34.400001525878906,36.43000030517578
2020-06-16,120.72311401367188,287.6857604980469,64.00499725341797,33.66999816894531,35.79999923706055
2020-06-17,121.07134246826172,286.4907531738281,63.196895599365234,33.470001220703125,35.720001220703125
2020-06-18,121.09016418457031,286.60107421875,63.033538818359375,32.939998626708984,35.13999938964844
2020-06-19,121.9748764038086,284.9632263183594,62.66386795043945,35.119998931884766,36.68000030517578
2020-06-22,123.04780578613281,286.7912902832031,62.64667892456055,31.770000457763672,33.75
2020-06-23,123.2548599243164,288.1115417480469,62.6552734375,31.3700008392334,33.060001373291016
2020-06-24,120.90193176269531,280.7622985839844,60.71234893798828,33.84000015258789,35.38999938964844
2020-06-25,122.35134887695312,283.77215576171875,61.27113723754883,32.220001220703125,34.09000015258789
2020-06-26,119.95137786865234,277.0321044921875,59.9213981628418,34.72999954223633,35.79999923706055
2020-06-29,120.78899383544922,281.103759765625,61.15937042236328,31.780000686645508,33.90999984741211
2020-06-30,123.29248809814453,284.7046203613281,62.139442443847656,30.43000030517578,32.52000045776367
2020-07-01,124.9677505493164,286.6988830566406,61.51186752319336,28.6200008392334,31.68000030517578
2020-07-02,125.92774200439453,288.2778015136719,61.898738861083984,27.68000030517578,30.8700008392334
2020-07-06,128.56300354003906,292.72802734375,62.78424072265625,27.940000534057617,30.979999542236328
2020-07-07,128.1206512451172,289.70892333984375,61.58064651489258,29.43000030517578,32.06999969482422
2020-07-08,129.59832763671875,291.9247741699219,61.769775390625,28.079999923706055,31.190000534057617
2020-07-09,130.47357177734375,290.2628173828125,60.497406005859375,29.260000228881836,32.060001373291016
2020-07-10,131.29238891601562,293.22662353515625,61.89012145996094,27.290000915527344,31.020000457763672
2020-07-13,128.58184814453125,290.6875915527344,61.73537063598633,32.189998626708984,34.540000915527344
2020-07-14,130.322998046875,294.4546203613281,62.603675842285156,29.520000457763672,32.560001373291016
2020-07-15,130.595947265625,297.15985107421875,63.85886764526367,27.760000228881836,31.559999465942383
2020-07-16,129.95590209960938,296.1811218261719,64.022216796875,28.0,31.549999237060547
2020-07-17,130.72764587402344,297.03973388671875,64.0823974609375,25.68000030517578,30.3700008392334
2020-07-20,133.85235595703125,299.4403381347656,63.73850631713867,24.459999084472656,29.100000381469727
2020-07-21,132.48770141601562,300.0774230957031,64.305908203125,24.84000015258789,29.469999313354492
2020-07-22,133.09939575195312,301.7855224609375,64.83891296386719,24.31999969482422,29.049999237060547
2020-07-23,130.4359130859375,298.18463134765625,64.80451965332031,26.079999923706055,30.25
2020-07-24,128.9676971435547,296.2641906738281,63.076541900634766,25.84000015258789,30.559999465942383
2020-07-27,131.01947021484375,298.4246826171875,63.222686767578125,24.739999771118164,30.0
2020-07-28,129.8053436279297,296.531982421875,62.97335433959961,25.440000534057617,30.100000381469727
2020-07-29,131.32064819335938,300.17901611328125,63.56654739379883,24.100000381469727,29.290000915527344
2020-07-30,131.32064819335938,299.10791015625,63.033538818359375,24.760000228881836,29.760000228881836
2020-07-31,131.94178771972656,301.4715270996094,62.792823791503906,24.459999084472656,29.709999084472656
2020-08-03,133.58883666992188,303.5675048828125,63.14529800415039,24.280000686645508,29.65999984741211
2020-08-04,134.1347198486328,304.7400817871094,63.60955810546875,23.760000228881836,29.09000015258789
2020-08-05,134.3323516845703,306.6327209472656,63.81587219238281,22.989999771118164,28.600000381469727
2020-08-06,134.80294799804688,308.6823425292969,63.49778366088867,22.649999618530273,28.200000762939453
2020-08-07,133.68292236328125,308.90399169921875,64.228515625,22.209999084472656,28.280000686645508
2020-08-10,132.6288604736328,309.8272705078125,65.41492462158203,22.1299991607666,28.049999237060547
2020-08-11,129.95590209960938,307.2698059082031,65.3375473022461,24.030000686645508,29.170000076293945
2020-08-12,133.47592163085938,311.5538635253906,65.66422271728516,22.280000686645508,28.1200008392334
2020-08-13,134.17237854003906,310.9906005859375,64.9936752319336,22.1299991607666,28.170000076293945
2020-08-14,134.06884765625,310.9999084472656,65.36334228515625,22.049999237060547,28.3700008392334
2020-08-17,136.5064239501953,311.98785400390625,65.24297332763672,21.350000381469727,27.450000762939453
2020-08-18,137.39112854003906,312.66180419921875,64.830322265625,21.510000228881836,27.350000381469727
2020-08-19,136.70407104492188,311.3598937988281,64.78734588623047,22.540000915527344,28.110000610351562
2020-08-20,138.3040771484375,312.32940673828125,64.26292419433594,22.719999313354492,28.1299991607666
2020-08-21,139.00051879882812,313.43731689453125,64.228515625,22.540000915527344,28.170000076293945
2020-08-24,138.5487823486328,316.6134948730469,65.37193298339844,22.3700008392334,28.100000381469727
2020-08-25,139.461669921875,317.7214050292969,65.26016998291016,22.030000686645508,27.90999984741211
2020-08-26,141.99343872070312,320.9067687988281,64.98505401611328,23.270000457763672,28.700000762939453
2020-08-27,141.8334197998047,321.6084289550781,65.13981628417969,24.469999313354492,29.93000030517578
2020-08-28,142.43577575683594,323.6857604980469,65.8189926147461,22.959999084472656,29.6200008392334
2020-08-31,144.44985961914062,322.5133056640625,65.2085952758789,26.40999984741211,31.850000381469727
2020-09-01,146.12509155273438,325.5508117675781,65.10543060302734,26.1200008392334,32.099998474121094
2020-09-02,147.1792449951172,330.2596435546875,66.47236633300781,26.56999969482422,32.66999816894531
2020-09-03,139.7816925048828,318.89404296875,64.91630554199219,33.599998474121094,37.630001068115234
2020-09-04,137.83348083496094,316.2903137207031,65.10543060302734,30.75,34.75
2020-09-08,132.00767517089844,307.64837646484375,63.936214447021484,31.459999084472656,34.310001373291016
2020-09-09,136.09228515625,313.7235107421875,64.54661560058594,28.809999465942383,32.119998931884766
2020-09-10,133.6641387939453,308.2761535644531,63.471988677978516,29.709999084472656,32.91999816894531
2020-09-11,133.20297241210938,308.43310546875,63.95341873168945,26.8700008392334,31.1299991607666
2020-09-14,136.15823364257812,312.4955749511719,64.93347930908203,25.850000381469727,30.479999542236328
2020-09-15,138.33233642578125,314.0744934082031,64.76155090332031,25.59000015258789,30.270000457763672
2020-09-16,136.58175659179688,312.8280029296875,65.40633392333984,26.040000915527344,30.56999969482422
2020-09-17,135.1417236328125,310.0765380859375,65.26016998291016,26.459999084472656,30.75
2020-09-18,134.60528564453125,306.5068054199219,64.65836334228516,25.829999923706055,30.459999084472656
2020-09-21,135.08526611328125,303.0954895019531,63.09371566772461,27.780000686645508,31.639999389648438
2020-09-22,136.14881896972656,306.182373046875,63.14529800415039,26.860000610351562,31.670000076293945
2020-09-23,132.376953125,299.0816955566406,61.95024490356445,28.579999923706055,33.279998779296875
2020-09-24,132.58433532714844,299.8788757324219,62.11466979980469,28.510000228881836,33.060001373291016
2020-09-25,135.7519073486328,304.7269287109375,62.633880615234375,26.3799991607666,32.029998779296875
2020-09-28,137.67506408691406,309.7882995605469,63.94055938720703,26.190000534057617,31.739999771118164
2020-09-29,137.59019470214844,308.1011047363281,63.49058151245117,26.270000457763672,31.09000015258789
2020-09-30,138.95713806152344,310.4372253417969,63.845375061035156,26.3700008392334,31.639999389648438
2020-10-01,140.70120239257812,312.43023681640625,64.07035827636719,26.700000762939453,31.719999313354492
2020-10-02,137.44882202148438,309.46380615234375,64.20014953613281,27.6299991607666,32.38999938964844
2020-10-05,140.52206420898438,314.95159912109375,65.34241485595703,27.959999084472656,31.280000686645508
2020-10-06,138.3443603515625,310.4742126464844,64.8232192993164,29.479999542236328,31.8799991607666
2020-10-07,140.87088012695312,315.87860107421875,66.09526062011719,28.059999465942383,30.700000762939453
2020-10-08,141.42710876464844,318.67803955078125,67.2115707397461,26.360000610351562,29.489999771118164
2020-10-09,143.18055725097656,321.5238952636719,66.87409973144531,25.0,28.280000686645508
2020-10-12,145.80133056640625,326.6964111328125,67.42790222167969,25.06999969482422,27.979999542236328
2020-10-13,146.0275421142578,324.5643310546875,66.7789077758789,26.06999969482422,28.350000381469727
2020-10-14,145.06600952148438,322.5250549316406,66.59716796875,26.399999618530273,28.239999771118164
2020-10-15,144.11383056640625,322.1264343261719,66.96060943603516,26.969999313354492,28.719999313354492
2020-10-16,143.80274963378906,321.9317626953125,67.04717254638672,27.40999984741211,29.209999084472656
2020-10-19,141.6721954345703,317.037353515625,66.41544342041016,29.18000030517578,30.399999618530273
2020-10-20,141.38938903808594,318.3072509765625,66.63178253173828,29.350000381469727,30.110000610351562
2020-10-21,140.6163330078125,317.70477294921875,66.35486602783203,28.649999618530273,29.610000610351562
2020-10-22,140.48435974121094,319.447509765625,67.29810333251953,28.110000610351562,29.299999237060547
2020-10-23,140.85203552246094,320.53204345703125,66.84810638427734,27.549999237060547,28.989999771118164
2020-10-26,139.27764892578125,314.608642578125,65.23857879638672,32.459999084472656,32.06999969482422
2020-10-27,139.49452209472656,313.5240173339844,64.1049575805664,33.349998474121094,32.720001220703125
2020-10-28,134.818603515625,302.80810546875,62.253135681152344,40.279998779296875,37.75
2020-10-29,135.5445098876953,305.88568115234375,62.97136688232422,37.59000015258789,35.84000015258789
2020-10-30,133.14053344726562,302.6968994140625,63.1617431640625,38.02000045776367,36.27000045776367
2020-11-02,134.19642639160156,306.0896911621094,64.42515563964844,37.130001068115234,35.060001373291016
2020-11-03,136.6192169189453,311.4939880371094,65.67991638183594,35.54999923706055,33.52000045776367
2020-11-04,142.7563018798828,318.4555358886719,65.75778198242188,29.56999969482422,29.979999542236328
2020-11-05,145.38653564453125,324.6663818359375,67.3673324584961,27.579999923706055,29.049999237060547
2020-11-06,145.3582305908203,324.5922546386719,66.9000473022461,24.860000610351562,27.3700008392334
2020-11-09,141.14425659179688,328.6708984375,69.3316879272461,25.75,26.8799991607666
2020-11-10,139.39080810546875,328.1889343261719,70.27490997314453,24.799999237060547,26.489999771118164
2020-11-11,142.22840881347656,330.6268615722656,70.20568084716797,23.450000762939453,25.6200008392334
2020-11-12,141.8418731689453,327.41949462890625,68.96822357177734,25.350000381469727,27.219999313354492
2020-11-13,142.50180053710938,331.9524841308594,70.69026947021484,23.100000381469727,25.690000534057617
2020-11-16,142.72802734375,336.0960998535156,72.29981994628906,22.450000762939453,25.350000381469727
2020-11-17,142.77516174316406,334.2884216308594,71.94501495361328,22.709999084472656,25.3799991607666
2020-11-18,142.09637451171875,330.26531982421875,71.50370025634766,23.84000015258789,26.389999389648438
2020-11-19,143.24655151367188,331.6557922363281,71.72869110107422,23.110000610351562,25.799999237060547
2020-11-20,142.5583953857422,329.3847351074219,71.38253784179688,23.700000762939453,26.059999465942383
2020-11-23,142.64315795898438,331.359130859375,73.095947265625,22.65999984741211,25.43000030517578
2020-11-24,143.3502655029297,336.6986389160156,74.86125183105469,21.639999389648438,24.84000015258789
2020-11-25,144.93406677246094,336.17950439453125,74.22088623046875,21.25,24.420000076293945
2020-11-27,146.5932159423828,337.1157531738281,74.26415252685547,20.84000015258789,24.43000030517578
2020-11-30,147.2908172607422,335.6232604980469,73.53726196289062,20.56999969482422,24.329999923706055
2020-12-01,147.3850860595703,339.29412841796875,74.36798858642578,20.770000457763672,24.489999771118164
2020-12-02,146.66864013671875,340.0078430175781,74.9477767944336,21.170000076293945,24.540000915527344
2020-12-03,147.13058471679688,339.9153137207031,75.4410400390625,21.280000686645508,24.559999465942383
2020-12-04,147.89414978027344,342.84454345703125,76.8515396118164,20.790000915527344,24.290000915527344
2020-12-07,149.22341918945312,342.1400146484375,76.25446319580078,21.299999237060547,24.520000457763672
2020-12-08,149.89271545410156,343.14111328125,76.83424377441406,20.68000030517578,23.8700008392334
2020-12-09,146.2255096435547,340.06353759765625,76.74769592285156,22.270000457763672,24.729999542236328
2020-12-10,147.7527618408203,339.9522705078125,76.20254516601562,22.520000457763672,25.049999237060547
2020-12-11,147.56419372558594,339.5537109375,75.72659301757812,23.309999465942383,26.049999237060547
2020-12-14,148.4993438720703,338.0334777832031,75.24336242675781,24.719999313354492,27.110000610351562
2020-12-15,149.9067840576172,342.6034851074219,76.06181335449219,22.889999389648438,25.8700008392334
2020-12-16,150.59634399414062,343.14111328125,75.84413146972656,22.5,25.469999313354492
2020-12-17,152.61776733398438,345.0599060058594,75.87896728515625,21.93000030517578,25.149999618530273
2020-12-18,152.9389190673828,343.68212890625,74.9560546875,21.56999969482422,25.170000076293945
2020-12-21,152.84445190429688,342.453369140625,74.55553436279297,25.15999984741211,27.579999923706055
2020-12-22,153.8268585205078,341.8760986328125,73.88512420654297,24.229999542236328,27.25
2020-12-23,152.3438262939453,342.1834411621094,74.58167266845703,23.309999465942383,26.260000228881836
2020-12-24,152.77835083007812,343.5146179199219,74.68614196777344,21.530000686645508,25.3700008392334
2020-12-28,152.08883666992188,346.46575927734375,74.72967529296875,21.700000762939453,25.149999618530273
2020-12-29,151.6448211669922,345.8047180175781,74.62519836425781,23.079999923706055,26.239999771118164
2020-12-30,152.2021484375,346.2981262207031,74.9647445678711,22.770000457763672,25.440000534057617
2020-12-31,152.35328674316406,348.0575866699219,75.6700210571289,22.75,25.280000686645508
2021-01-04,151.2008819580078,343.3191223144531,74.99957275390625,26.969999313354492,28.260000228881836
2021-01-05,152.570556640625,345.6837463378906,75.92249298095703,25.34000015258789,27.25
2021-01-06,151.38980102539062,347.7503356933594,77.89893341064453,25.06999969482422,26.790000915527344
2021-01-07,156.07498168945312,352.91705322265625,78.90889739990234,22.3700008392334,25.020000457763672
2021-01-08,158.6537628173828,354.9278869628906,78.55192565917969,21.559999465942383,24.899999618530273
2021-01-11,156.70782470703125,352.5353698730469,79.09174346923828,24.079999923706055,26.700000762939453
2021-01-12,157.633544921875,352.6098327636719,80.13655090332031,23.329999923706055,26.200000762939453
2021-01-13,158.1814422607422,353.5594482421875,80.37161254882812,22.209999084472656,25.549999237060547
2021-01-14,157.25570678710938,352.3212585449219,81.79081726074219,23.25,26.31999969482422
2021-01-15,155.52711486816406,349.751953125,80.75472259521484,24.34000015258789,27.260000228881836
2021-01-19,157.29351806640625,352.49810791015625,81.47738647460938,23.239999771118164,26.690000534057617
2021-01-20,160.4673614501953,357.37628173828125,81.88660430908203,21.579999923706055,25.719999313354492
2021-01-21,161.11912536621094,357.70208740234375,82.1913070678711,21.31999969482422,25.700000762939453
2021-01-22,161.17575073242188,356.43603515625,80.9810791015625,21.90999984741211,25.989999771118164
2021-01-25,161.67642211914062,357.8417053222656,80.78954315185547,23.190000534057617,26.8799991607666
2021-01-26,159.93836975097656,357.2831726074219,80.63282775878906,23.020000457763672,26.889999389648438
2021-01-27,154.4974822998047,348.5509948730469,78.93502807617188,37.209999084472656,35.72999954223633
2021-01-28,157.05738830566406,351.54852294921875,79.35295104980469,30.209999084472656,31.770000457763672
2021-01-29,154.78086853027344,344.51068115234375,78.1688232421875,33.09000015258789,33.880001068115234
2021-02-01,158.59701538085938,350.24530029296875,79.15266418457031,30.239999771118164,32.529998779296875
2021-02-02,161.82757568359375,355.1979064941406,79.90145111083984,25.559999465942383,29.360000610351562
2021-02-03,161.3552703857422,355.4771423339844,80.26713562011719,22.90999984741211,27.56999969482422
2021-02-04,163.16888427734375,359.5173034667969,81.33806610107422,21.770000457763672,26.790000915527344
2021-02-05,164.46295166015625,360.932373046875,81.5905532836914,20.8700008392334,26.520000457763672
2021-02-08,166.05929565429688,363.5390625,82.8791732788086,21.239999771118164,26.649999618530273
2021-02-09,165.96485900878906,363.29693603515625,82.8791732788086,21.6299991607666,27.110000610351562
2021-02-10,165.39808654785156,363.138671875,82.89656829833984,21.989999771118164,27.489999771118164
2021-02-11,166.93780517578125,363.7252502441406,83.30577850341797,21.25,27.219999313354492
2021-02-12,168.17520141601562,365.5218811035156,83.93266296386719,19.969999313354492,26.5
2021-02-16,167.7406768798828,365.2053527832031,83.98490905761719,21.459999084472656,27.549999237060547
2021-02-17,166.31431579589844,365.2892761230469,84.13291931152344,21.5,27.520000457763672
2021-02-18,165.14305114746094,363.7345275878906,83.74112701416016,22.489999771118164,27.860000610351562
2021-02-19,164.9352569580078,363.09210205078125,84.57695770263672,22.049999237060547,27.09000015258789
2021-02-22,159.05044555664062,360.2993469238281,84.376708984375,23.450000762939453,27.809999465942383
2021-02-23,157.6713409423828,360.7369384765625,84.40283203125,23.110000610351562,27.1200008392334
2021-02-24,158.75762939453125,364.7120056152344,86.3618392944336,21.34000015258789,25.889999389648438
2021-02-25,152.64613342285156,355.9239807128906,83.88042449951172,28.889999389648438,30.239999771118164
2021-02-26,153.8740692138672,354.0900573730469,83.56697082519531,27.950000762939453,29.600000381469727
2021-03-01,158.59701538085938,362.6732177734375,85.59564208984375,23.350000381469727,26.780000686645508
2021-03-02,155.72547912597656,359.8432312011719,85.12547302246094,24.100000381469727,27.15999984741211
2021-03-03,149.46279907226562,355.07684326171875,85.05583190917969,26.670000076293945,28.790000915527344
2021-03-04,145.34437561035156,350.6828918457031,83.77593994140625,28.56999969482422,30.079999923706055
2021-03-05,146.6668243408203,357.1342468261719,85.9874496459961,24.65999984741211,27.889999389648438
2021-03-08,141.68885803222656,355.35601806640625,86.7362289428711,25.469999313354492,28.1299991607666
2021-03-09,148.7732696533203,360.4297180175781,87.10189056396484,24.030000686645508,27.280000686645508
2021-03-10,148.46157836914062,362.6732177734375,88.11189270019531,22.559999465942383,26.68000030517578
2021-03-11,153.43011474609375,366.35040283203125,88.56465911865234,21.90999984741211,26.09000015258789
2021-03-12,152.04159545898438,366.8438415527344,89.53108978271484,20.690000534057617,25.739999771118164
2021-03-15,153.7512969970703,369.0315246582031,90.3233871459961,20.030000686645508,24.889999389648438
2021-03-16,153.1372833251953,368.5660400390625,89.96642303466797,19.790000915527344,24.709999084472656
2021-03-17,153.59072875976562,369.82281494140625,90.97637939453125,19.229999542236328,23.8799991607666
2021-03-18,148.41432189941406,364.4420166015625,89.97512817382812,21.579999923706055,25.280000686645508
2021-03-19,149.80288696289062,363.7676696777344,89.98383331298828,20.950000762939453,24.989999771118164
2021-03-22,151.91879272460938,366.67236328125,90.3930435180664,18.8799991607666,22.940000534057617
2021-03-23,151.1253204345703,363.7864074707031,88.17282104492188,20.299999237060547,23.799999237060547
2021-03-24,147.38475036621094,361.9370422363281,87.37181091308594,21.200000762939453,24.399999618530273
2021-03-25,147.10305786132812,363.97320556640625,88.47924041748047,19.809999465942383,23.3700008392334
2021-03-26,149.7211151123047,369.83856201171875,90.06249237060547,18.860000610351562,22.31999969482422
2021-03-29,148.7287139892578,369.6517333984375,89.3714599609375,20.739999771118164,23.200000762939453
2021-03-30,148.92721557617188,368.6711120605469,89.88756561279297,19.610000610351562,22.309999465942383
2021-03-31,152.03675842285156,370.16552734375,89.62512969970703,19.399999618530273,22.149999618530273
2021-04-01,154.44692993164062,374.16290283203125,90.54359436035156,17.329999923706055,20.969999313354492
2021-04-05,156.6396484375,379.53326416015625,91.74197387695312,17.90999984741211,20.959999084472656
2021-04-06,157.59425354003906,379.30914306640625,91.55829620361328,18.1200008392334,21.15999984741211
2021-04-07,157.5091094970703,379.7481384277344,91.42707824707031,17.15999984741211,20.65999984741211
2021-04-08,159.98545837402344,381.5506591796875,91.33961486816406,16.950000762939453,20.59000015258789
2021-04-09,161.02511596679688,384.32464599609375,91.8469467163086,16.690000534057617,20.739999771118164
2021-04-12,161.7718048095703,384.46478271484375,91.4883041381836,16.90999984741211,20.81999969482422
2021-04-13,164.94749450683594,385.60418701171875,90.77104949951172,16.649999618530273,20.780000686645508
2021-04-14,162.49952697753906,384.2872619628906,90.94597625732422,16.989999771118164,21.059999465942383
2021-04-15,165.8737335205078,388.41546630859375,91.3658447265625,16.56999969482422,20.760000228881836
2021-04-16,165.372802734375,389.71380615234375,91.74197387695312,16.25,20.530000686645508
2021-04-19,163.0760955810547,387.7991027832031,91.12966918945312,17.290000915527344,21.3700008392334
2021-04-20,161.5449676513672,384.95977783203125,89.93128204345703,18.68000030517578,22.350000381469727
2021-04-21,162.91543579101562,388.6022644042969,91.43582916259766,17.5,21.489999771118164
2021-04-22,161.8190460205078,385.0531921386719,90.57859802246094,18.709999084472656,22.520000457763672
2021-04-23,164.40878295898438,389.2280578613281,91.21712493896484,17.329999923706055,21.56999969482422
2021-04-26,165.97772216796875,390.0406188964844,91.46206665039062,17.639999389648438,21.540000915527344
2021-04-27,165.4295196533203,389.95654296875,91.62825012207031,17.559999465942383,21.31999969482422
2021-04-28,164.78683471679688,389.8444519042969,91.43582916259766,17.280000686645508,21.1299991607666
2021-04-29,164.06851196289062,392.3288879394531,92.02189636230469,17.610000610351562,21.309999465942383
2021-04-30,162.7642059326172,389.7510681152344,91.21712493896484,18.610000610351562,22.06999969482422
2021-05-03,161.64894104003906,390.5916748046875,91.96066284179688,18.309999465942383,21.739999771118164
2021-05-04,158.49212646484375,388.1820373535156,91.80320739746094,19.479999542236328,22.670000076293945
2021-05-05,157.63198852539062,388.303466796875,92.50300598144531,19.149999618530273,22.260000228881836
2021-05-06,157.87777709960938,391.4042663574219,93.45645904541016,18.389999389648438,21.8799991607666
2021-05-07,159.46566772460938,394.2528991699219,94.34869384765625,16.690000534057617,20.790000915527344
2021-05-10,155.4109649658203,390.3487548828125,93.70137023925781,19.65999984741211,22.399999618530273
2021-05-11,155.73228454589844,386.8651123046875,92.48548889160156,21.84000015258789,24.229999542236328
2021-05-12,150.93093872070312,378.6460266113281,90.13248443603516,27.59000015258789,28.18000030517578
2021-05-13,151.3751678466797,383.1945495605469,91.66326141357422,23.1299991607666,25.260000228881836
2021-05-14,154.9289093017578,389.07861328125,93.02782440185547,18.809999465942383,22.260000228881836
2021-05-17,153.9364776611328,388.0885925292969,93.2290267944336,19.719999313354492,23.139999389648438
2021-05-18,153.17091369628906,384.7449645996094,92.04815673828125,21.34000015258789,24.219999313354492
2021-05-19,153.20877075195312,383.73626708984375,91.78570556640625,22.18000030517578,25.270000457763672
2021-05-20,156.62074279785156,387.86444091796875,92.51174926757812,20.670000076293945,23.809999465942383
2021-05-21,156.00637817382812,387.54693603515625,92.90538024902344,20.149999618530273,23.489999771118164
2021-05-24,158.6905975341797,391.4976501464844,93.49144744873047,18.399999618530273,22.229999542236328
2021-05-25,158.9647216796875,390.6290588378906,92.67793273925781,18.84000015258789,22.399999618530273
2021-05-26,160.14613342285156,391.4042663574219,93.16779327392578,17.360000610351562,21.299999237060547
2021-05-27,161.0440216064453,391.6097412109375,94.04253387451172,16.739999771118164,20.309999465942383
2021-05-28,161.0440216064453,392.3102111816406,93.81510925292969,16.760000228881836,20.479999542236328
2021-06-01,162.18763732910156,391.9646301269531,94.1824951171875,17.899999618530273,21.34000015258789
2021-06-02,161.7528839111328,392.5810546875,94.49739074707031,17.479999542236328,21.420000076293945
2021-06-03,160.7037811279297,391.1240539550781,94.5411148071289,18.040000915527344,21.81999969482422
2021-06-04,162.30108642578125,394.701171875,95.10096740722656,16.420000076293945,20.6200008392334
2021-06-07,162.3672332763672,394.3182373046875,94.87352752685547,16.420000076293945,20.549999237060547
2021-06-08,162.27273559570312,394.40234375,94.75980377197266,17.06999969482422,20.850000381469727
2021-06-09,160.94004821777344,393.81390380859375,94.20873260498047,17.889999389648438,21.280000686645508
2021-06-10,160.79440307617188,395.6445007324219,94.1111831665039,16.100000381469727,20.079999923706055
2021-06-11,161.58888244628906,396.29827880859375,94.41873168945312,15.649999618530273,19.639999389648438
2021-06-14,160.93626403808594,397.18560791015625,93.69818115234375,16.389999389648438,20.139999389648438
2021-06-15,160.1228485107422,396.45709228515625,93.8915023803711,17.020000457763672,20.68000030517578
2021-06-16,159.72557067871094,394.2435607910156,92.9864273071289,18.149999618530273,21.260000228881836
2021-06-17,158.20277404785156,394.11285400390625,91.63319396972656,17.75,20.979999542236328
2021-06-18,156.01785278320312,388.7960205078125,89.87574005126953,20.700000762939453,22.93000030517578
2021-06-21,158.5432586669922,394.36199951171875,91.44865417480469,17.889999389648438,21.1200008392334
2021-06-22,159.64990234375,396.4703674316406,91.44865417480469,16.65999984741211,20.06999969482422
2021-06-23,160.84170532226562,395.9924621582031,91.33443450927734,16.31999969482422,19.700000762939453
2021-06-24,162.85635375976562,398.3351135253906,92.10771179199219,15.970000267028809,19.260000228881836
2021-06-25,163.2157745361328,399.7499694824219,92.52949523925781,15.619999885559082,19.0
2021-06-28,163.48060607910156,400.5558166503906,92.35374450683594,15.760000228881836,19.020000457763672
2021-06-29,163.68865966796875,400.7713623046875,92.02861785888672,16.020000457763672,19.489999771118164
2021-06-30,164.0386505126953,401.10870361328125,92.31861114501953,15.829999923706055,19.510000228881836
2021-07-01,164.32241821289062,403.3295593261719,92.63491821289062,15.479999542236328,19.450000762939453
2021-07-02,164.5021514892578,406.4124450683594,92.60857391357422,15.069999694824219,19.299999237060547
2021-07-06,162.74282836914062,405.6720886230469,91.35198211669922,16.440000534057617,20.260000228881836
2021-07-07,162.09963989257812,407.1058044433594,91.35198211669922,16.200000762939453,20.40999984741211
2021-07-08,160.19851684570312,403.7886962890625,90.3502426147461,19.0,21.979999542236328
2021-07-09,163.4900665283203,408.09906005859375,91.91437530517578,16.18000030517578,20.440000534057617
2021-07-12,165.25881958007812,409.560791015625,92.336181640625,16.170000076293945,20.459999084472656
2021-07-13,163.5562744140625,408.1647033691406,91.43988800048828,17.1200008392334,21.1299991607666
2021-07-14,162.36448669433594,408.7737121582031,91.41351318359375,16.329999923706055,20.6200008392334
2021-07-15,161.98614501953125,407.3775634765625,91.00050354003906,17.010000228881836,21.09000015258789
2021-07-16,160.17959594726562,404.1822509765625,89.85816955566406,18.450000762939453,22.06999969482422
2021-07-19,157.9757843017578,398.2132568359375,88.37313079833984,22.5,24.899999618530273
2021-07-20,161.6267547607422,403.9197998046875,90.10423278808594,19.729999542236328,23.200000762939453
2021-07-21,164.3980712890625,407.1900634765625,91.21139526367188,17.90999984741211,21.8700008392334
2021-07-22,163.84950256347656,408.0428466796875,90.6402359008789,17.690000534057617,21.860000610351562
2021-07-23,165.39125061035156,412.2406921386719,90.80719757080078,17.200000762939453,21.649999618530273
2021-07-26,166.04385375976562,413.2527160644531,91.36079406738281,17.579999923706055,21.739999771118164
2021-07-27,164.3602294921875,411.36932373046875,90.96536254882812,19.360000610351562,23.0
2021-07-28,165.4952850341797,411.20062255859375,91.06201934814453,18.309999465942383,22.350000381469727
2021-07-29,166.53570556640625,412.9060363769531,92.16919708251953,17.700000762939453,21.8799991607666
2021-07-30,165.55201721191406,410.9007873535156,91.67711639404297,18.239999771118164,22.18000030517578
2021-08-02,165.41961669921875,410.0386962890625,91.57169342041016,19.459999084472656,23.049999237060547
2021-08-03,167.33023071289062,413.3746337890625,92.66129302978516,18.040000915527344,22.18000030517578
2021-08-04,167.0086212158203,411.34124755859375,91.2377700805664,17.969999313354492,22.170000076293945
2021-08-05,169.0421905517578,413.9461364746094,91.67711639404297,17.280000686645508,21.520000457763672
2021-08-06,169.9691619873047,414.6302185058594,92.37133026123047,16.149999618530273,20.8700008392334
2021-08-09,171.42578125,414.29290771484375,92.16919708251953,16.719999313354492,21.270000457763672
2021-08-10,171.99322509765625,414.80816650390625,92.7931137084961,16.790000915527344,21.209999084472656
2021-08-11,171.8703155517578,415.8388977050781,93.4345932006836,16.170000076293945,20.81999969482422
2021-08-12,172.15406799316406,417.0852355957031,93.01277923583984,15.59000015258789,20.25
2021-08-13,171.33116149902344,417.84429931640625,92.9512710571289,15.449999809265137,20.260000228881836
2021-08-16,169.95021057128906,418.828125,92.89854431152344,16.1200008392334,20.639999389648438
2021-08-17,167.85989379882812,416.0826110839844,92.12528228759766,17.90999984741211,21.700000762939453
2021-08-18,166.6019287109375,411.52862548828125,91.16746520996094,21.56999969482422,23.799999237060547
2021-08-19,164.96560668945312,412.16583251953125,90.4205551147461,21.670000076293945,24.200000762939453
2021-08-20,166.16683959960938,415.4454040527344,90.93021392822266,18.559999465942383,22.40999984741211
2021-08-23,169.37327575683594,419.0998840332031,91.70349884033203,17.149999618530273,21.200000762939453
2021-08-24,170.70689392089844,419.7651672363281,92.23951721191406,17.219999313354492,21.219999313354492
2021-08-25,172.10678100585938,420.6460266113281,92.67886352539062,16.790000915527344,20.790000915527344
2021-08-26,171.056884765625,418.1628723144531,91.79136657714844,18.84000015258789,21.860000610351562
2021-08-27,173.42152404785156,421.9015808105469,92.7315902709961,16.389999389648438,20.610000610351562
2021-08-30,172.9106903076172,423.7569885253906,92.30982208251953,16.190000534057617,20.399999618530273
2021-08-31,172.37161254882812,423.129150390625,92.3801040649414,16.479999542236328,20.420000076293945
2021-09-01,172.18240356445312,423.3539733886719,91.80892944335938,16.110000610351562,20.079999923706055
2021-09-02,172.96746826171875,424.656494140625,92.56465148925781,16.40999984741211,20.1299991607666
2021-09-03,173.18502807617188,424.553466796875,92.09013366699219,16.40999984741211,20.31999969482422
2021-09-07,173.2134246826172,423.03546142578125,91.43988800048828,18.139999389648438,21.530000686645508
2021-09-08,171.6716766357422,422.52008056640625,91.14990997314453,17.959999084472656,21.59000015258789
2021-09-09,172.33377075195312,420.71160888671875,90.83356475830078,18.799999237060547,22.059999465942383
2021-09-10,171.1892852783203,417.39447021484375,90.21846008300781,20.950000762939453,23.309999465942383
2021-09-13,171.57708740234375,418.4626770019531,91.20263671875,19.3700008392334,22.469999313354492
2021-09-14,170.27178955078125,416.2043762207031,90.14815521240234,19.459999084472656,22.549999237060547
2021-09-15,172.55126953125,419.6808166503906,91.31685638427734,18.18000030517578,21.760000228881836
2021-09-16,172.57022094726562,419.0155029296875,91.06201934814453,18.690000534057617,21.809999465942383
2021-09-17,171.2270965576172,414.93389892578125,90.50840759277344,20.809999465942383,23.219999313354492
2021-09-20,166.66812133789062,408.01519775390625,88.81249237060547,25.709999084472656,26.399999618530273
2021-09-21,166.67758178710938,407.6297607421875,88.35556030273438,24.360000610351562,25.469999313354492
2021-09-22,169.48675537109375,411.6061706542969,89.26941680908203,20.8700008392334,23.049999237060547
2021-09-23,172.97695922851562,416.6071472167969,90.4996337890625,18.6299991607666,21.3700008392334
2021-09-24,173.32188415527344,417.29339599609375,90.60496520996094,17.75,20.81999969482422
2021-09-27,173.7672576904297,416.0995178222656,91.56969451904297,18.760000228881836,21.399999618530273
2021-09-28,169.5031280517578,407.7143859863281,90.49877166748047,23.25,24.030000686645508
2021-09-29,168.223876953125,408.4006042480469,90.56956481933594,22.559999465942383,23.719999313354492
2021-09-30,166.3950653076172,403.4089660644531,89.12688446044922,23.139999389648438,23.8700008392334
2021-10-01,168.08172607421875,408.2032165527344,89.93231201171875,21.100000381469727,22.950000762939453
2021-10-04,165.78857421875,402.93896484375,89.7287368774414,22.959999084472656,24.110000610351562
2021-10-05,168.1101837158203,407.1315612792969,90.40139770507812,21.299999237060547,23.110000610351562
2021-10-06,167.98696899414062,408.8235778808594,90.07392120361328,21.0,22.84000015258789
2021-10-07,169.92007446289062,412.3582458496094,91.09175109863281,19.540000915527344,22.1200008392334
2021-10-08,169.62628173828125,411.6061706542969,91.07405090332031,18.770000457763672,21.8799991607666
2021-10-11,168.2428436279297,408.626220703125,90.44566345214844,20.0,22.389999389648438
2021-10-12,168.4039306640625,407.6204528808594,89.95885467529297,19.850000381469727,22.329999923706055
2021-10-13,169.13352966308594,409.08685302734375,89.93231201171875,18.639999389648438,21.540000915527344
2021-10-14,172.3363494873047,415.9679870605469,91.53428649902344,16.860000610351562,20.3700008392334
2021-10-15,174.29786682128906,419.1358337402344,92.01221466064453,16.299999237060547,20.299999237060547
2021-10-18,175.614990234375,420.3767395019531,91.77326202392578,16.309999465942383,20.290000915527344
2021-10-19,176.46780395507812,423.619873046875,92.31315612792969,15.699999809265137,19.979999542236328
2021-10-20,176.68576049804688,425.28375244140625,93.26018524169922,15.489999771118164,19.8700008392334
2021-10-21,177.083740234375,426.39300537109375,92.93273162841797,15.010000228881836,19.479999542236328
2021-10-22,177.00796508789062,425.9512023925781,92.33085632324219,15.430000305175781,20.010000228881836
2021-10-25,179.94546508789062,428.2355041503906,92.49018859863281,15.239999771118164,19.559999465942383
2021-10-26,179.67063903808594,428.620849609375,91.88832092285156,15.979999542236328,20.110000610351562
2021-10-27,177.4722900390625,426.7220153808594,90.41909790039062,16.979999542236328,20.889999389648438
2021-10-28,180.36239624023438,430.83941650390625,91.54313659667969,16.530000686645508,20.479999542236328
2021-10-29,180.68453979492188,431.713623046875,91.33956146240234,16.260000228881836,20.3700008392334
2021-11-01,182.54180908203125,432.4563293457031,92.47246551513672,16.40999984741211,20.389999389648438
2021-11-02,182.51339721679688,434.2047424316406,92.70258331298828,16.030000686645508,20.100000381469727
2021-11-03,183.5936737060547,436.8556213378906,93.59651947021484,15.100000381469727,19.5
2021-11-04,182.90188598632812,438.9143371582031,93.46375274658203,15.4399995803833,19.700000762939453
2021-11-05,182.66497802734375,440.437255859375,94.322265625,16.479999542236328,20.489999771118164
2021-11-08,183.16722106933594,440.8132019042969,94.66744995117188,17.219999313354492,20.979999542236328
2021-11-09,180.39080810546875,439.3561096191406,94.5523910522461,17.780000686645508,21.40999984741211
2021-11-10,178.50509643554688,435.8216247558594,94.22490692138672,18.729999542236328,22.0
2021-11-11,179.00735473632812,435.9625244140625,94.87102508544922,17.65999984741211,21.3799991607666
2021-11-12,179.80328369140625,439.2527160644531,95.26045227050781,16.290000915527344,20.690000534057617
2021-11-15,179.25372314453125,439.4031677246094,95.25160217285156,16.489999771118164,20.8700008392334
2021-11-16,180.18231201171875,441.1422424316406,94.92413330078125,16.3700008392334,20.899999618530273
2021-11-17,178.80833435058594,440.07061767578125,94.40192413330078,17.110000610351562,21.579999923706055
2021-11-18,178.76095581054688,441.5652770996094,93.8797378540039,17.59000015258789,21.899999618530273
2021-11-19,177.58595275878906,440.775634765625,93.0920181274414,17.90999984741211,21.920000076293945
2021-11-22,178.040771484375,439.5347595214844,94.13641357421875,19.170000076293945,22.6299991607666
2021-11-23,178.07872009277344,440.1175842285156,94.71170806884766,19.3799991607666,22.450000762939453
2021-11-24,178.89361572265625,441.292724609375,94.5700912475586,18.579999923706055,21.899999618530273
2021-11-26,175.34971618652344,431.4504089355469,92.4813232421875,28.6200008392334,29.170000076293945
2021-11-29,178.040771484375,436.7427978515625,92.75569915771484,22.959999084472656,25.040000915527344
2021-11-30,173.54925537109375,428.244873046875,90.47218322753906,27.190000534057617,28.1299991607666
2021-12-01,169.83474731445312,423.4882507324219,89.9234619140625,31.1200008392334,30.790000915527344
2021-12-02,172.6775360107422,429.9744873046875,91.83521270751953,27.950000762939453,29.149999618530273
2021-12-03,168.93455505371094,426.233154296875,91.7821044921875,30.670000076293945,31.780000686645508
2021-12-06,168.4607391357422,431.28118896484375,92.87075805664062,27.18000030517578,28.8799991607666
2021-12-07,174.15573120117188,440.2021789550781,94.39307403564453,21.889999389648438,24.959999084472656
2021-12-08,174.3168182373047,441.3677673339844,94.20720672607422,19.899999618530273,23.6299991607666
2021-12-09,171.4456787109375,438.38800048828125,93.74697875976562,21.579999923706055,24.65999984741211
2021-12-10,173.26499938964844,442.5146484375,94.67632293701172,18.690000534057617,23.18000030517578
2021-12-13,170.54354858398438,438.5946960449219,93.54442596435547,20.309999465942383,24.31999969482422
2021-12-14,168.50131225585938,435.5771789550781,93.30378723144531,21.889999389648438,25.350000381469727
2021-12-15,172.2058563232422,442.3830871582031,94.3465347290039,19.290000915527344,23.299999237060547
2021-12-16,169.47967529296875,438.48187255859375,94.97931671142578,20.56999969482422,24.3700008392334
2021-12-17,167.6178741455078,433.815185546875,94.04351806640625,21.56999969482422,25.3799991607666
2021-12-20,164.86322021484375,429.2022705078125,92.93838500976562,22.8700008392334,26.309999465942383
2021-12-21,168.64378356933594,436.824462890625,94.91692352294922,21.010000228881836,25.0
2021-12-22,170.64805603027344,441.1921691894531,95.62100982666016,18.6299991607666,23.559999465942383
2021-12-23,172.12037658691406,443.9372863769531,96.43203735351562,17.959999084472656,23.239999771118164
2021-12-27,175.20753479003906,450.21990966796875,97.43914794921875,17.68000030517578,22.739999771118164
2021-12-28,173.78269958496094,449.85198974609375,97.51935577392578,17.540000915527344,22.329999923706055
2021-12-29,173.9441680908203,450.4273986816406,97.83128356933594,16.950000762939453,21.829999923706055
2021-12-30,173.22227478027344,449.18231201171875,97.67085266113281,17.329999923706055,21.8799991607666
2021-12-31,172.7093048095703,448.0502624511719,97.56391143798828,17.219999313354492,21.8799991607666
2022-01-03,173.0797882080078,450.6444091796875,99.0255355834961,16.600000381469727,21.530000686645508
2022-01-04,172.48135375976562,450.49346923828125,100.72781372070312,16.90999984741211,21.6200008392334
2022-01-05,166.69650268554688,441.8429870605469,100.00588989257812,19.729999542236328,23.469999313354492
2022-01-06,167.28546142578125,441.4279479980469,100.24654388427734,19.610000610351562,23.5
2022-01-07,165.7466278076172,439.6827697753906,100.57630157470703,18.760000228881836,22.8700008392334
2022-01-10,166.32606506347656,439.1356506347656,100.6832504272461,19.399999618530273,22.68000030517578
2022-01-11,168.19737243652344,443.1354675292969,101.47645568847656,18.40999984741211,21.979999542236328
2022-01-12,168.8812713623047,444.33349609375,101.63687896728516,17.6200008392334,21.579999923706055
2022-01-13,164.1697998046875,438.2112121582031,101.90425872802734,20.309999465942383,23.40999984741211
2022-01-14,163.52386474609375,438.3904113769531,102.4211654663086,19.190000534057617,22.81999969482422
2022-01-18,159.27784729003906,430.6266784667969,100.42478942871094,22.790000915527344,25.1200008392334
2022-01-19,157.46356201171875,426.15521240234375,98.35710144042969,23.850000381469727,25.809999465942383
2022-01-20,155.7252655029297,421.4385070800781,96.8509292602539,25.59000015258789,27.25
2022-01-21,151.97320556640625,413.1654052734375,95.11300659179688,28.850000381469727,29.950000762939453
2022-01-24,152.78060913085938,414.9200134277344,95.4873275756836,29.899999618530273,30.81999969482422
2022-01-25,150.37738037109375,409.8542785644531,94.96150207519531,31.15999984741211,31.760000228881836
2022-01-26,150.53883361816406,408.82598876953125,94.11480712890625,31.959999084472656,31.950000762939453
2022-01-27,148.66757202148438,406.8072814941406,93.11665344238281,30.489999771118164,30.8700008392334
2022-01-28,152.55262756347656,416.9105224609375,94.56044006347656,27.65999984741211,28.81999969482422
2022-01-31,157.1121063232422,424.41949462890625,95.63883972167969,24.829999923706055,26.850000381469727
2022-02-01,158.92642211914062,427.2872314453125,96.03097534179688,21.959999084472656,24.760000228881836
2022-02-02,160.1707305908203,431.4379577636719,96.92222595214844,22.09000015258789,25.139999389648438
2022-02-03,156.4186553955078,421.2969970703125,95.70122528076172,24.350000381469727,26.670000076293945
2022-02-04,158.45147705078125,423.27801513671875,94.89910888671875,23.219999313354492,26.25
2022-02-07,158.06201171875,421.919677734375,95.2555923461914,22.860000610351562,25.690000534057617
2022-02-08,159.1353759765625,425.39117431640625,95.93295288085938,21.440000534057617,24.540000915527344
2022-02-09,163.0109405517578,431.6172790527344,97.41240692138672,19.959999084472656,23.489999771118164
2022-02-10,159.96176147460938,423.86285400390625,96.11119842529297,23.90999984741211,26.06999969482422
2022-02-11,155.33580017089844,415.5049133300781,95.06845092773438,27.360000610351562,28.829999923706055
2022-02-14,154.1483917236328,414.1464538574219,94.22176361083984,28.329999923706055,29.440000534057617
2022-02-15,157.75802612304688,420.8254089355469,95.74578094482422,25.700000762939453,27.280000686645508
2022-02-16,157.88150024414062,421.2969970703125,95.76359558105469,24.290000915527344,26.260000228881836
2022-02-17,152.52415466308594,412.2975158691406,94.23067474365234,28.110000610351562,29.31999969482422
2022-02-18,150.75730895996094,409.6279296875,93.6781234741211,27.75,29.219999313354492
2022-02-22,148.94305419921875,405.2319030761719,92.5016860961914,28.809999465942383,29.110000610351562
2022-02-23,145.68490600585938,398.0436096191406,91.34306335449219,31.020000457763672,30.8799991607666
2022-02-24,149.8074188232422,404.03387451171875,91.65498352050781,30.31999969482422,30.049999237060547
2022-02-25,152.7425994873047,412.94842529296875,94.07917785644531,27.59000015258789,28.040000915527344
2022-02-28,152.90406799316406,411.8919372558594,93.580078125,30.149999618530273,29.649999618530273
2022-03-01,150.51034545898438,405.61871337890625,91.82433319091797,33.31999969482422,32.59000015258789
2022-03-02,153.844482421875,413.0805358886719,94.58716583251953,30.739999771118164,30.969999313354492
2022-03-03,151.61221313476562,411.0240783691406,94.13264465332031,30.479999542236328,30.799999237060547
2022-03-04,149.19952392578125,407.6846618652344,93.01860046386719,31.979999542236328,32.34000015258789
2022-03-07,143.28167724609375,395.6664123535156,90.50528717041016,36.45000076293945,35.7400016784668
2022-03-08,142.5502471923828,392.6665344238281,89.89035034179688,35.130001068115234,35.0
2022-03-09,148.26861572265625,403.1943054199219,91.61934661865234,32.45000076293945,33.060001373291016
2022-03-10,147.5467071533203,401.3736267089844,91.0133056640625,30.229999542236328,31.520000457763672
2022-03-11,144.697021484375,396.2701416015625,90.1844711303711,30.75,32.34000015258789
2022-03-14,143.03472900390625,393.37408447265625,89.60515594482422,31.770000457763672,33.31999969482422
2022-03-15,146.69178771972656,402.0245361328125,91.0222396850586,29.829999923706055,31.959999084472656
2022-03-16,151.80221557617188,410.9391174316406,92.72449493408203,26.670000076293945,28.959999084472656
2022-03-17,154.49989318847656,416.080322265625,93.597900390625,25.670000076293945,28.219999313354492
2022-03-18,157.5110626220703,420.63751220703125,93.96331024169922,23.8700008392334,26.549999237060547
2022-03-21,157.31158447265625,420.51458740234375,93.88310241699219,23.530000686645508,26.3799991607666
2022-03-22,160.1707305908203,425.4352722167969,94.68522644042969,22.940000534057617,25.850000381469727
2022-03-23,157.50155639648438,419.9562072753906,93.41072845458984,23.56999969482422,26.40999984741211
2022-03-24,160.1835174560547,426.2868347167969,94.82694244384766,21.670000076293945,25.299999237060547
2022-03-25,160.12637329101562,428.36865234375,95.5898208618164,20.809999465942383,24.719999313354492
2022-03-28,162.1542510986328,431.4156799316406,95.32056427001953,19.6299991607666,24.18000030517578
2022-03-29,164.458251953125,436.7526550292969,96.60395812988281,18.899999618530273,23.190000534057617
2022-03-30,162.53506469726562,434.0557861328125,95.76032257080078,19.329999923706055,23.56999969482422
2022-03-31,160.20254516601562,427.3750915527344,93.84870147705078,20.559999465942383,24.459999084472656
2022-04-01,160.45956420898438,428.5862731933594,93.74102020263672,19.6299991607666,24.209999084472656
2022-04-04,162.2304229736328,432.2578430175781,93.97435760498047,18.56999969482422,23.030000686645508
2022-04-05,158.6982879638672,426.79791259765625,92.54737854003906,21.030000686645508,24.899999618530273
2022-04-06,155.9563751220703,422.5301208496094,92.19734954833984,22.100000381469727,25.799999237060547
2022-04-07,157.1845245361328,424.6592712402344,92.5294189453125,21.549999237060547,25.229999542236328
2022-04-08,156.4038543701172,423.52374267578125,93.10380554199219,21.15999984741211,25.170000076293945
2022-04-11,153.08114624023438,416.2847900390625,92.89739227294922,24.3700008392334,27.0
2022-04-12,152.2719268798828,414.7423095703125,92.67301177978516,24.260000228881836,27.170000076293945
2022-04-13,154.38548278808594,419.4925842285156,93.38202667236328,21.81999969482422,25.540000915527344
2022-04-14,151.51025390625,414.2691955566406,92.80764770507812,22.700000762939453,26.030000686645508
2022-04-18,151.634033203125,414.439453125,93.06791687011719,22.170000076293945,25.75
2022-04-19,154.50924682617188,421.1296691894531,94.36924743652344,21.3700008392334,25.059999465942383
2022-04-20,154.13792419433594,420.81744384765625,94.9615707397461,20.31999969482422,24.149999618530273
2022-04-21,150.5867462158203,414.5246887207031,94.08204650878906,22.68000030517578,26.110000610351562
2022-04-22,145.8931427001953,403.1505432128906,91.50630187988281,28.209999084472656,29.8700008392334
2022-04-25,146.9879913330078,405.48773193359375,91.87427520751953,27.020000457763672,29.06999969482422
2022-04-26,141.50418090820312,393.7445068359375,89.87290954589844,33.52000045776367,33.13999938964844
2022-04-27,141.44703674316406,394.8516540527344,89.72931671142578,31.600000381469727,32.20000076293945
2022-04-28,145.28384399414062,404.8253479003906,91.3537368774414,29.989999771118164,31.149999618530273
2022-04-29,139.88565063476562,389.86480712890625,88.45490264892578,33.400001525878906,33.18000030517578
2022-05-02,141.751708984375,392.2115783691406,89.15492248535156,32.34000015258789,33.0099983215332
2022-05-03,142.8465576171875,394.00946044921875,90.32164001464844,29.25,30.809999465942383
2022-05-04,147.54017639160156,406.00823974609375,93.00509643554688,25.420000076293945,28.09000015258789
2022-05-05,141.20901489257812,391.57745361328125,90.77935028076172,31.200000762939453,32.68000030517578
2022-05-06,139.6190643310547,389.24029541015625,90.43830871582031,30.190000534057617,32.310001373291016
2022-05-09,132.93565368652344,376.77783203125,88.25745391845703,34.75,35.04999923706055
2022-05-10,133.73536682128906,377.6484069824219,88.03306579589844,32.9900016784668,33.970001220703125
2022-05-11,130.53643798828125,371.6490173339844,86.82148742675781,32.560001373291016,33.630001068115234
2022-05-12,130.6887969970703,371.2610168457031,87.08177185058594,31.770000457763672,33.08000183105469
2022-05-13,135.53475952148438,380.1370544433594,88.84080505371094,28.8700008392334,30.700000762939453
2022-05-16,133.79248046875,378.5946350097656,88.80491638183594,27.469999313354492,29.510000228881836
2022-05-17,136.98190307617188,386.3825378417969,91.19219207763672,26.100000381469727,28.3700008392334
2022-05-18,130.66024780273438,370.8067626953125,87.6561508178711,30.959999084472656,32.79999923706055
2022-05-19,130.7459259033203,368.53582763671875,86.72277069091797,29.350000381469727,30.790000915527344
2022-05-20,130.4698028564453,368.6966552734375,86.68687438964844,29.43000030517578,31.139999389648438
2022-05-23,133.4021453857422,375.594970703125,88.1856689453125,28.479999542236328,30.290000915527344
2022-05-24,131.08865356445312,372.72772216796875,87.86256408691406,29.450000762939453,30.739999771118164
2022-05-25,133.1355743408203,376.0208435058594,89.0831298828125,28.3700008392334,29.729999542236328
2022-05-26,137.16281127929688,383.5341491699219,90.76140594482422,27.5,29.280000686645508
2022-05-27,140.84722900390625,392.94964599609375,92.4576187133789,25.719999313354492,28.020000457763672
2022-05-31,139.04788208007812,390.7447204589844,91.9101791381836,26.190000534057617,27.989999771118164
2022-06-01,138.65748596191406,387.5842590332031,91.05758666992188,25.690000534057617,27.719999313354492
2022-06-02,139.29537963867188,394.9652404785156,91.96400451660156,24.719999313354492,27.059999465942383
2022-06-03,138.695556640625,388.4832458496094,90.6985855102539,24.790000915527344,27.329999923706055
2022-06-06,138.828857421875,389.66607666015625,90.97679901123047,25.06999969482422,27.219999313354492
2022-06-07,141.06622314453125,393.40380859375,91.8563232421875,24.020000457763672,26.520000457763672
2022-06-08,139.75238037109375,389.1266784667969,90.22293090820312,23.959999084472656,26.540000915527344
2022-06-09,136.68177795410156,379.87213134765625,88.11119079589844,26.09000015258789,28.010000228881836
2022-06-10,134.5437774658203,368.8575439453125,85.73468017578125,27.75,29.719999313354492
2022-06-13,129.9049530029297,354.8526306152344,82.12926483154297,34.02000045776367,34.2400016784668
2022-06-14,129.2559356689453,353.78338623046875,82.2196273803711,32.689998626708984,33.279998779296875
2022-06-15,129.36093139648438,358.8269958496094,83.04192352294922,29.6200008392334,30.780000686645508
2022-06-16,126.0488510131836,346.9512634277344,79.92445373535156,32.95000076293945,33.4900016784668
2022-06-17,124.32127380371094,347.6992492675781,79.87928009033203,31.1299991607666,32.36000061035156
2022-06-21,128.4827880859375,356.4520568847656,81.71360778808594,30.190000534057617,31.25
2022-06-22,127.76696014404297,355.8058166503906,81.3250732421875,28.950000762939453,30.239999771118164
2022-06-23,128.1964569091797,359.2935791015625,81.54191589355469,29.049999237060547,30.190000534057617
2022-06-24,130.85948181152344,370.7168884277344,84.09913635253906,27.229999542236328,28.950000762939453
2022-06-27,131.9093780517578,369.3009338378906,84.24370574951172,26.950000762939453,28.18000030517578
2022-06-28,130.95492553710938,361.7550964355469,83.21358489990234,28.360000610351562,29.149999618530273
2022-06-29,130.5444793701172,361.46044921875,82.48168182373047,28.15999984741211,29.0
2022-06-30,130.16268920898438,358.5237731933594,81.79493713378906,28.709999084472656,29.709999084472656
2022-07-01,131.55624389648438,362.3157958984375,82.32805633544922,26.700000762939453,28.520000457763672
2022-07-05,129.56138610839844,362.9999694824219,81.90336608886719,27.540000915527344,28.899999618530273
2022-07-06,129.9336395263672,364.2259826660156,81.78588104248047,26.729999542236328,28.389999389648438
2022-07-07,131.23171997070312,369.68109130859375,83.21358489990234,26.079999923706055,28.030000686645508
2022-07-08,131.44168090820312,369.37689208984375,83.15034484863281,24.639999389648438,27.299999237060547
2022-07-11,130.88812255859375,365.1573486328125,82.30094909667969,26.170000076293945,28.25
2022-07-12,129.5900115966797,361.92608642578125,82.33711242675781,27.290000915527344,28.81999969482422
2022-07-13,129.17958068847656,360.025390625,81.86721801757812,26.81999969482422,28.559999465942383
2022-07-14,128.63551330566406,359.1510009765625,81.053955078125,26.399999618530273,28.610000610351562
2022-07-15,130.67811584472656,366.01275634765625,83.0057601928711,24.229999542236328,27.079999923706055
2022-07-18,129.43728637695312,362.9905090332031,82.59915161132812,25.299999237060547,27.81999969482422
2022-07-19,131.75668334960938,372.7982482910156,84.93045806884766,24.5,27.309999465942383
2022-07-20,131.3462677001953,375.1741638183594,85.02082061767578,23.8799991607666,26.700000762939453
2022-07-21,131.44168090820312,378.99462890625,85.02986907958984,23.110000610351562,26.219999313354492
2022-07-22,131.26988220214844,375.4782409667969,84.24370574951172,23.030000686645508,25.969999313354492
2022-07-25,132.92112731933594,375.9344787597656,84.62322998046875,23.360000610351562,25.799999237060547
2022-07-26,132.66342163085938,371.48675537109375,83.99974060058594,24.690000534057617,26.420000076293945
2022-07-27,134.1619873046875,381.13287353515625,85.52684783935547,23.239999771118164,25.309999465942383
2022-07-28,135.29782104492188,385.9132385253906,86.2677993774414,22.329999923706055,24.329999923706055
2022-07-29,136.8917999267578,391.5393371582031,86.58406066894531,21.329999923706055,23.790000915527344
2022-08-01,135.89910888671875,390.3799133300781,86.71058654785156,22.84000015258789,24.860000610351562
2022-08-02,135.1546630859375,387.804443359375,85.71660614013672,23.93000030517578,25.65999984741211
2022-08-03,135.45053100585938,393.87725830078125,86.7376937866211,21.950000762939453,24.3700008392334
2022-08-04,133.88519287109375,393.6112060546875,86.22262573242188,21.440000534057617,24.31999969482422
2022-08-05,134.35281372070312,392.9458923339844,86.08708190917969,21.149999618530273,24.18000030517578
2022-08-08,134.8587188720703,392.4897155761719,86.30396270751953,21.290000915527344,24.479999542236328
2022-08-09,135.6414337158203,390.93109130859375,85.65335083007812,21.770000457763672,24.690000534057617
2022-08-10,136.77725219726562,399.14227294921875,87.31600952148438,19.739999771118164,23.459999084472656
2022-08-11,137.05404663085938,399.14227294921875,88.08407592773438,20.200000762939453,23.709999084472656
2022-08-12,139.00119018554688,405.8992919921875,89.55696868896484,19.530000686645508,23.309999465942383
2022-08-15,139.03936767578125,407.5718994140625,89.54791259765625,19.950000762939453,23.31999969482422
2022-08-16,139.3925323486328,408.3703308105469,89.79190063476562,19.690000534057617,23.31999969482422
2022-08-17,139.4307098388672,405.4716491699219,88.73466491699219,19.899999618530273,23.600000381469727
2022-08-18,140.37567138671875,406.650146484375,89.43948364257812,19.559999465942383,23.389999389648438
2022-08-19,140.2420196533203,401.185546875,88.62622833251953,20.600000381469727,24.31999969482422
2022-08-22,138.82937622070312,392.8318176269531,86.58406066894531,23.799999237060547,26.0
2022-08-23,139.0870819091797,391.8815612792969,86.54792785644531,24.110000610351562,25.920000076293945
2022-08-24,139.72662353515625,393.1359558105469,86.83709716796875,22.81999969482422,24.889999389648438
2022-08-25,140.9483184814453,398.68609619140625,88.40032958984375,21.780000686645508,24.1299991607666
2022-08-26,137.9130859375,385.1909484863281,85.60816955566406,25.559999465942383,26.559999465942383
2022-08-29,137.60763549804688,382.6440124511719,85.1925048828125,26.209999084472656,26.81999969482422
2022-08-30,135.45053100585938,378.4433898925781,84.33409881591797,26.209999084472656,26.90999984741211
2022-08-31,134.1619873046875,375.5638122558594,83.49372100830078,25.8700008392334,26.649999618530273
2022-09-01,134.6869659423828,376.7422180175781,83.6202392578125,25.559999465942383,26.43000030517578
2022-09-02,133.96153259277344,372.76971435546875,83.05094146728516,25.469999313354492,26.479999542236328
2022-09-06,133.62745666503906,371.36322021484375,82.35516357421875,26.90999984741211,27.59000015258789
2022-09-07,134.8968963623047,378.0347595214844,83.46662139892578,24.639999389648438,26.100000381469727
2022-09-08,135.7082061767578,380.5056457519531,84.08108520507812,23.610000610351562,25.520000457763672
2022-09-09,137.47401428222656,386.4169006347656,85.43647766113281,22.790000915527344,25.139999389648438
2022-09-12,138.60986328125,390.5700378417969,86.32200622558594,23.8700008392334,25.3700008392334
2022-09-13,134.29556274414062,373.5870666503906,82.6443099975586,27.270000457763672,27.950000762939453
2022-09-14,135.3455352783203,375.0125732421875,82.5087890625,26.15999984741211,27.459999084472656
2022-09-15,134.22879028320312,370.7550048828125,82.25576782226562,26.270000457763672,27.600000381469727
2022-09-16,133.4460906982422,367.9264831542969,81.61421966552734,26.299999237060547,27.6299991607666
2022-09-19,133.92335510253906,370.77978515625,82.1563720703125,25.760000228881836,27.010000228881836
2022-09-20,133.01657104492188,366.5237121582031,80.49374389648438,27.15999984741211,27.8799991607666
2022-09-21,131.1840057373047,360.1302185058594,79.21061706542969,27.989999771118164,28.760000228881836
2022-09-22,131.44168090820312,357.1051330566406,78.47867584228516,27.350000381469727,28.219999313354492
2022-09-23,128.45416259765625,351.1219177246094,76.8070068359375,29.920000076293945,30.31999969482422
2022-09-26,126.9133071899414,347.6484069824219,75.488525390625,32.2599983215332,31.770000457763672
2022-09-27,126.81710815429688,346.7608947753906,75.3973388671875,32.599998474121094,32.119998931884766
2022-09-28,129.54872131347656,353.5839538574219,77.02035522460938,30.18000030517578,30.579999923706055
2022-09-29,127.7020263671875,346.19793701171875,75.51587677001953,31.84000015258789,31.739999771118164
2022-09-30,126.17272186279297,340.84442138671875,74.64054107666016,31.6200008392334,31.860000610351562
2022-10-03,129.64491271972656,349.84320068359375,76.92919158935547,30.100000381469727,30.690000534057617
2022-10-04,132.8285675048828,360.68359375,79.72843170166016,29.06999969482422,29.670000076293945
2022-10-05,133.00172424316406,359.8439025878906,79.50957489013672,28.549999237060547,29.43000030517578
2022-10-06,132.1168212890625,356.1318664550781,78.6342544555664,30.520000457763672,30.790000915527344
2022-10-07,129.98153686523438,346.19793701171875,76.76505279541016,31.360000610351562,32.099998474121094
2022-10-10,129.27940368652344,343.5545654296875,76.09032440185547,32.45000076293945,32.72999954223633
2022-10-11,129.47177124023438,341.37884521484375,75.99911499023438,33.630001068115234,33.36000061035156
2022-10-12,129.0870361328125,340.2528381347656,75.6617660522461,33.56999969482422,33.130001068115234
2022-10-13,132.61697387695312,349.23248291015625,77.88658142089844,31.940000534057617,31.799999237060547
2022-10-14,130.00079345703125,341.27386474609375,76.54621124267578,32.02000045776367,32.45000076293945
2022-10-17,131.80902099609375,350.0435791015625,77.74069213867188,31.3700008392334,31.739999771118164
2022-10-18,133.19406127929688,354.156494140625,78.67984771728516,30.5,30.979999542236328
2022-10-19,133.3383331298828,351.6467590332031,78.06893920898438,30.760000228881836,31.350000381469727
2022-10-20,132.76123046875,348.6980895996094,77.9959945678711,29.979999542236328,30.809999465942383
2022-10-21,136.11801147460938,357.1719970703125,80.34847259521484,29.690000534057617,30.469999313354492
2022-10-24,137.8877716064453,361.54248046875,81.3879165649414,29.850000381469727,30.329999923706055
2022-10-25,138.76304626464844,367.3157958984375,82.49119567871094,28.459999084472656,29.290000915527344
2022-10-26,139.64791870117188,364.5484619140625,83.07476043701172,27.280000686645508,28.459999084472656
2022-10-27,139.69601440429688,362.60174560546875,82.84681701660156,27.389999389648438,28.280000686645508
2022-10-28,142.4564666748047,371.22833251953125,84.84367370605469,25.75,26.899999618530273
2022-10-31,142.00440979003906,368.54681396484375,84.41511535644531,25.8799991607666,26.920000076293945
2022-11-01,141.76394653320312,366.9340515136719,84.84367370605469,25.809999465942383,26.690000534057617
2022-11-02,139.359375,357.7254333496094,83.09300231933594,25.860000610351562,27.219999313354492
2022-11-03,139.45556640625,354.0419921875,82.19942474365234,25.299999237060547,26.700000762939453
2022-11-04,140.22500610351562,359.1376953125,83.74038696289062,24.549999237060547,26.389999389648438
2022-11-07,141.69664001464844,362.5730895996094,84.54277801513672,24.350000381469727,26.260000228881836
2022-11-08,142.61036682128906,364.52935791015625,84.88925170898438,25.540000915527344,27.100000381469727
2022-11-09,139.359375,357.0192565917969,83.17505645751953,26.09000015258789,27.90999984741211
2022-11-10,143.04319763183594,376.6389465332031,86.88612365722656,23.530000686645508,26.18000030517578
2022-11-11,142.43722534179688,380.2842712402344,87.74320983886719,22.520000457763672,25.739999771118164
2022-11-14,142.37954711914062,377.0492858886719,87.15965270996094,23.729999542236328,26.1299991607666
2022-11-15,142.91812133789062,380.26513671875,87.67940521240234,24.540000915527344,26.59000015258789
2022-11-16,142.24485778808594,377.3642272949219,86.1475601196289,24.110000610351562,26.030000686645508
2022-11-17,142.81234741210938,376.20953369140625,86.3207778930664,23.93000030517578,25.829999923706055
2022-11-18,143.7453155517578,377.91766357421875,86.96817016601562,23.1200008392334,25.329999923706055
2022-11-21,143.75494384765625,376.5435485839844,86.67639923095703,22.360000610351562,24.719999313354492
2022-11-22,145.83248901367188,381.6107177734375,88.09880828857422,21.290000915527344,23.829999923706055
2022-11-23,145.75552368164062,384.01544189453125,88.30852508544922,20.350000381469727,23.3799991607666
2022-11-25,145.9479217529297,383.9295654296875,88.51825714111328,20.5,23.59000015258789
2022-11-28,144.22621154785156,377.8031921386719,86.93171691894531,22.209999084472656,24.899999618530273
2022-11-29,144.3705291748047,377.15435791015625,87.38761138916016,21.889999389648438,24.649999618530273
2022-11-30,146.92898559570312,389.0348205566406,89.25679779052734,20.579999923706055,23.530000686645508
2022-12-01,146.2075958251953,388.74859619140625,88.96503448486328,19.84000015258789,23.309999465942383
2022-12-02,146.8328094482422,388.30010986328125,88.69149017333984,19.059999465942383,22.959999084472656
2022-12-05,144.5917510986328,381.31488037109375,87.12318420410156,20.75,23.889999389648438
2022-12-06,142.89891052246094,375.8183288574219,86.0746078491211,22.170000076293945,24.719999313354492
2022-12-07,143.33172607421875,375.1789245605469,86.15666961669922,22.68000030517578,25.18000030517578
2022-12-08,143.5241241455078,378.1180114746094,86.63080596923828,22.290000915527344,24.729999542236328
2022-12-09,141.06182861328125,375.2934875488281,86.08373260498047,22.829999923706055,25.209999084472656
2022-12-12,143.01434326171875,380.7041320800781,87.28731536865234,25.0,25.670000076293945
2022-12-13,142.66802978515625,383.58599853515625,87.7540512084961,22.549999237060547,24.290000915527344
2022-12-14,142.43588256835938,381.13348388671875,87.2946548461914,21.139999389648438,23.459999084472656
2022-12-15,140.53994750976562,371.8104248046875,85.20899963378906,22.829999923706055,25.079999923706055
2022-12-16,139.56298828125,367.42071533203125,84.0788803100586,22.6200008392334,25.149999618530273
2022-12-19,139.32118225097656,364.3050842285156,83.26113891601562,22.420000076293945,25.079999923706055
2022-12-20,139.8628692626953,364.8036193847656,83.23358154296875,21.479999542236328,24.399999618530273
2022-12-21,141.86517333984375,370.2583312988281,84.33614349365234,20.06999969482422,23.350000381469727
2022-12-22,140.30780029296875,364.97613525390625,83.32547760009766,21.969999313354492,24.780000686645508
2022-12-23,141.8361358642578,367.07568359375,83.81242370605469,20.8700008392334,24.1299991607666
2022-12-27,142.08766174316406,365.6280822753906,83.80322265625,21.649999618530273,24.43000030517578
2022-12-28,140.41421508789062,361.0841064453125,82.52610778808594,22.139999389648438,24.579999923706055
2022-12-29,141.1783905029297,367.5837097167969,83.82160186767578,21.440000534057617,23.950000762939453
2022-12-30,141.15902709960938,366.6155090332031,83.73892211914062,21.670000076293945,24.290000915527344
2023-01-03,138.90521240234375,365.072021484375,83.74812316894531,22.899999618530273,24.579999923706055
2023-01-04,138.7794647216797,367.8904724121094,85.0619888305664,22.010000228881836,23.809999465942383
2023-01-05,138.68272399902344,363.69158935546875,84.63015747070312,22.459999084472656,24.06999969482422
2023-01-06,141.00425720214844,372.03179931640625,86.78012084960938,21.1299991607666,23.18000030517578
2023-01-09,139.11801147460938,371.8209533691406,86.55962371826172,21.969999313354492,23.739999771118164
2023-01-10,139.8338165283203,374.4284362792969,87.17520141601562,20.579999923706055,22.739999771118164
2023-01-11,140.47227478027344,379.1640930175781,87.88268280029297,21.09000015258789,22.739999771118164
2023-01-12,140.8591766357422,380.54461669921875,88.25940704345703,18.829999923706055,21.579999923706055
2023-01-13,141.19773864746094,382.02093505859375,88.15833282470703,18.350000381469727,21.139999389648438
2023-01-17,140.7431182861328,381.32110595703125,87.64381408691406,19.360000610351562,21.450000762939453
2023-01-18,138.36351013183594,375.30084228515625,86.15535736083984,20.34000015258789,22.270000457763672
2023-01-19,138.20875549316406,372.5686950683594,85.51219177246094,20.520000457763672,22.450000762939453
2023-01-20,139.0115966796875,379.5093078613281,86.84444427490234,19.850000381469727,21.719999313354492
2023-01-23,139.30178833007812,384.0628662109375,88.16751861572266,19.809999465942383,21.600000381469727
2023-01-24,139.7371063232422,383.6506652832031,87.9102554321289,19.200000762939453,20.90999984741211
2023-01-25,140.16273498535156,383.7944030761719,88.65446472167969,19.079999923706055,20.940000534057617
2023-01-26,141.48794555664062,388.0124206542969,89.31600952148438,18.729999542236328,20.700000762939453
2023-01-27,139.8241729736328,388.90399169921875,89.24250030517578,18.510000228881836,20.469999313354492
2023-01-30,138.68272399902344,384.0245361328125,88.23182678222656,19.940000534057617,21.3700008392334
2023-01-31,140.3852081298828,389.67095947265625,89.74783325195312,19.399999618530273,20.809999465942383
2023-02-01,139.30178833007812,393.8122863769531,90.38182067871094,17.8700008392334,19.969999313354492
2023-02-02,136.64169311523438,399.5450134277344,91.45679473876953,18.729999542236328,20.84000015258789
2023-02-03,136.51597595214844,395.2981872558594,90.35424041748047,18.329999923706055,20.780000686645508
2023-02-06,136.71910095214844,392.88238525390625,89.28843688964844,19.43000030517578,21.43000030517578
2023-02-07,138.31517028808594,398.0207214355469,90.10618591308594,18.65999984741211,20.780000686645508
2023-02-08,137.59934997558594,393.6684875488281,89.19656372070312,19.6299991607666,21.81999969482422
2023-02-09,137.31883239746094,390.2557067871094,88.72798156738281,20.709999084472656,22.5
2023-02-10,139.9886016845703,391.16650390625,89.4630126953125,20.530000686645508,22.549999237060547
2023-02-13,140.6947479248047,395.75836181640625,90.35424041748047,20.34000015258789,21.969999313354492
2023-02-14,140.23043823242188,395.57623291015625,90.23479461669922,18.90999984741211,21.139999389648438
2023-02-15,139.35986328125,396.86083984375,90.4552993774414,18.229999542236328,20.68000030517578
2023-02-16,138.04429626464844,391.39654541015625,89.78459930419922,20.170000076293945,21.8799991607666
2023-02-17,137.7347869873047,390.4187316894531,89.42625427246094,20.020000457763672,21.770000457763672
2023-02-21,136.6610565185547,382.5865478515625,87.30384063720703,22.8700008392334,23.3799991607666
2023-02-22,136.2064208984375,382.059326171875,87.10171508789062,22.290000915527344,22.68000030517578
2023-02-23,136.77711486816406,384.0915832519531,87.4049072265625,21.139999389648438,21.739999771118164
2023-02-24,136.02261352539062,379.98858642578125,86.65150451660156,21.670000076293945,22.43000030517578
2023-02-27,136.12901306152344,381.2828674316406,86.60557556152344,20.950000762939453,21.59000015258789
2023-02-28,134.71681213378906,379.8736267089844,86.11862182617188,20.700000762939453,21.31999969482422
2023-03-01,135.43258666992188,378.4164123535156,86.21967315673828,20.579999923706055,21.360000610351562
2023-03-02,136.02261352539062,381.3594665527344,86.75257873535156,19.59000015258789,20.6299991607666
2023-03-03,137.36721801757812,387.47564697265625,87.84593200683594,18.489999771118164,19.979999542236328
2023-03-06,137.54129028320312,387.7441101074219,87.37735748291016,18.610000610351562,19.989999771118164
2023-03-07,135.6743927001953,381.80047607421875,85.90727996826172,19.59000015258789,20.59000015258789
2023-03-08,134.8715362548828,382.423583984375,86.19209289550781,19.110000610351562,20.190000534057617
2023-03-09,132.94659423828125,375.3679504394531,84.35453033447266,22.610000610351562,22.8700008392334
2023-03-10,131.6407470703125,369.9516296386719,83.1141357421875,24.799999237060547,25.389999389648438
2023-03-13,130.7895050048828,369.4242858886719,81.75431823730469,26.520000457763672,26.639999389648438
2023-03-14,131.97927856445312,375.5309143066406,82.8660659790039,23.729999542236328,24.8700008392334
2023-03-15,129.72547912597656,373.1822204589844,81.53382110595703,26.139999389648438,27.200000762939453
2023-03-16,130.95396423339844,379.729736328125,82.93037414550781,22.989999771118164,24.559999465942383
2023-03-17,128.8162078857422,375.2896423339844,81.5613784790039,25.510000228881836,27.420000076293945
2023-03-20,131.07003784179688,378.89837646484375,82.51692962646484,24.149999618530273,25.850000381469727
2023-03-21,132.77249145507812,383.8735656738281,83.54598999023438,21.3799991607666,23.56999969482422
2023-03-22,130.60574340820312,377.3297424316406,81.8002700805664,22.260000228881836,24.3799991607666
2023-03-23,129.74354553222656,378.3498840332031,81.630615234375,22.610000610351562,24.530000686645508
2023-03-24,131.12538146972656,380.8326110839844,82.1126708984375,21.739999771118164,23.959999084472656
2023-03-27,132.39041137695312,381.5446472167969,82.7152099609375,20.600000381469727,22.8700008392334
2023-03-28,132.86720275878906,380.6882629394531,82.72447967529297,19.969999313354492,22.3799991607666
2023-03-29,133.96682739257812,386.22149658203125,84.31890106201172,19.1200008392334,21.489999771118164
2023-03-30,134.2295684814453,388.48297119140625,84.77312469482422,19.020000457763672,21.450000762939453
2023-03-31,135.2999267578125,393.9584655761719,85.82989501953125,18.700000762939453,21.229999542236328
2023-04-03,138.014892578125,395.4596862792969,86.3397445678711,18.549999237060547,20.829999923706055
2023-04-04,136.8082733154297,393.2655944824219,85.35713958740234,19.0,21.34000015258789
2023-04-05,138.44309997558594,392.2359313964844,85.301513671875,19.079999923706055,21.479999542236328
2023-04-06,138.2484893798828,393.7660217285156,85.25515747070312,18.399999618530273,21.0
2023-04-10,138.84205627441406,394.170166015625,86.14506530761719,18.969999313354492,21.06999969482422
2023-04-11,139.32861328125,394.2760009765625,86.62710571289062,19.100000381469727,21.010000228881836
2023-04-12,139.56214904785156,392.6689147949219,86.02455139160156,19.09000015258789,21.049999237060547
2023-04-13,140.58392333984375,397.8846435546875,86.36753845214844,17.799999237060547,20.260000228881836
2023-04-14,139.80540466308594,396.9127197265625,86.27484130859375,17.06999969482422,20.030000686645508
2023-04-17,139.63026428222656,398.3368835449219,86.71980285644531,16.950000762939453,19.649999618530273
2023-04-18,139.79568481445312,398.5967712402344,86.74761962890625,16.829999923706055,19.81999969482422
2023-04-19,139.08529663085938,398.5294189453125,85.98747253417969,16.459999084472656,20.020000457763672
2023-04-20,138.6863555908203,396.3546447753906,85.06975555419922,17.170000076293945,20.549999237060547
2023-04-21,138.5792999267578,396.6625061035156,84.93070983886719,16.770000457763672,20.389999389648438
2023-04-24,139.48426818847656,397.0762939453125,84.95852661132812,16.889999389648438,20.399999618530273
2023-04-25,138.365234375,390.7731628417969,83.6421890258789,18.760000228881836,21.649999618530273
2023-04-26,136.23414611816406,389.1180419921875,82.75228881835938,18.84000015258789,21.540000915527344
2023-04-27,137.58676147460938,396.86456298828125,83.75342559814453,17.030000686645508,20.3700008392334
2023-04-28,138.54037475585938,400.25189208984375,84.89363861083984,15.779999732971191,19.540000915527344
2023-05-01,138.82261657714844,399.8478088378906,84.69896697998047,16.079999923706055,19.670000076293945
2023-05-02,136.4677276611328,395.35382080078125,83.29920959472656,17.780000686645508,20.75
2023-05-03,135.52378845214844,392.6400451660156,82.74302673339844,18.34000015258789,21.290000915527344
2023-05-04,134.41445922851562,389.85906982421875,81.67698669433594,20.09000015258789,22.770000457763672
2023-05-05,136.74986267089844,397.0762939453125,83.29920959472656,17.190000534057617,20.780000686645508
2023-05-08,136.71092224121094,397.18212890625,83.16016387939453,16.979999542236328,20.709999084472656
2023-05-09,136.61367797851562,395.4403381347656,82.76155853271484,17.709999084472656,21.170000076293945
2023-05-10,136.5260772705078,397.2879943847656,82.3722152709961,16.940000534057617,20.690000534057617
2023-05-11,135.96168518066406,396.5951843261719,81.89019012451172,16.93000030517578,20.6200008392334
2023-05-12,136.23414611816406,396.07550048828125,81.72332000732422,17.030000686645508,20.65999984741211
2023-05-15,136.4871368408203,397.4419250488281,82.5947036743164,17.1200008392334,20.309999465942383
2023-05-16,134.48255920410156,394.78607177734375,81.31546020507812,17.989999771118164,20.899999618530273
2023-05-17,135.70867919921875,399.578369140625,82.60397338867188,16.8700008392334,20.049999237060547
2023-05-18,135.61135864257812,403.42755126953125,83.23433685302734,16.049999237060547,19.329999923706055
2023-05-19,136.16600036621094,402.8405456542969,83.15087890625,16.809999465942383,20.040000915527344
2023-05-22,135.6016387939453,403.004150390625,83.30848693847656,17.209999084472656,20.360000610351562
2023-05-23,134.93992614746094,398.48126220703125,82.86353302001953,18.530000686645508,21.059999465942383
2023-05-24,134.5409393310547,395.5943298339844,81.77893829345703,20.030000686645508,22.020000457763672
2023-05-25,133.19805908203125,399.0201416015625,81.43597412109375,19.139999389648438,21.3799991607666
2023-05-26,133.0229034423828,404.1877746582031,82.60397338867188,17.950000762939453,20.440000534057617
2023-05-30,132.67259216308594,404.3417053222656,82.53907012939453,17.459999084472656,20.1299991607666
2023-05-31,131.85520935058594,402.09954833984375,81.77893829345703,17.940000534057617,20.209999084472656
2023-06-01,133.1688690185547,405.9198913574219,82.35367584228516,15.649999618530273,18.75
2023-06-02,134.6674346923828,411.7899475097656,83.81832885742188,14.600000381469727,17.920000076293945
2023-06-05,134.4047088623047,411.0008850097656,83.29920959472656,14.729999542236328,17.899999618530273
2023-06-06,134.11279296875,411.8958740234375,84.36524963378906,13.960000038146973,17.040000915527344
2023-06-07,133.25308227539062,410.4715576171875,85.6664810180664,13.9399995803833,17.139999389648438
2023-06-08,134.47422790527344,412.954345703125,85.67581176757812,13.649999618530273,16.860000610351562
2023-06-09,134.796630859375,413.6953125,85.535888671875,13.829999923706055,16.959999084472656
2023-06-12,136.46719360351562,417.4482727050781,86.3007583618164,15.010000228881836,17.280000686645508
2023-06-13,137.38551330566406,420.20050048828125,87.30816650390625,14.609999656677246,17.229999542236328
2023-06-14,138.5089569091797,420.7008972167969,86.80445861816406,13.880000114440918,16.860000610351562
2023-06-15,139.99391174316406,425.91668701171875,87.77456665039062,14.5,17.18000030517578
2023-06-16,139.25144958496094,424.46588134765625,87.80254364013672,13.539999961853027,16.75
2023-06-20,138.64573669433594,422.263671875,86.67387390136719,13.880000114440918,17.299999237060547
2023-06-21,138.28428649902344,420.1000671386719,86.01161193847656,13.199999809265137,16.889999389648438
2023-06-22,138.675048828125,421.61651611328125,85.7411117553711,12.90999984741211,16.559999465942383
2023-06-23,137.6101837158203,418.4290771484375,85.03219604492188,13.4399995803833,16.8700008392334
2023-06-26,136.78958129882812,416.719482421875,85.42395782470703,14.25,17.049999237060547
2023-06-27,138.8411102294922,421.2881164550781,86.55261993408203,13.739999771118164,16.440000534057617
2023-06-28,138.62615966796875,421.5006103515625,86.49665832519531,13.430000305175781,15.899999618530273
2023-06-29,139.1634979248047,423.16192626953125,86.93505096435547,13.539999961853027,16.100000381469727
2023-06-30,140.92196655273438,428.1555480957031,87.48538970947266,13.59000015258789,16.020000457763672
2023-07-03,140.4335174560547,428.64813232421875,88.12901306152344,13.569999694824219,16.06999969482422
2023-07-05,140.06228637695312,428.01068115234375,87.59733581542969,14.180000305175781,16.510000228881836
2023-07-06,138.63595581054688,424.6590270996094,86.6832046508789,15.4399995803833,17.520000457763672
2023-07-07,138.09864807128906,423.5868225097656,86.86975860595703,14.829999923706055,17.239999771118164
2023-07-10,139.61288452148438,424.6590270996094,87.52269744873047,15.069999694824219,17.25
2023-07-11,139.98411560058594,427.3635559082031,88.6513671875,14.84000015258789,16.969999313354492
2023-07-12,141.5667266845703,430.80206298828125,88.75398254394531,13.539999961853027,16.110000610351562
2023-07-13,142.2603759765625,434.22125244140625,89.23902130126953,13.609999656677246,16.1200008392334
2023-07-14,142.13339233398438,433.9508056640625,88.17565155029297,13.34000015258789,16.040000915527344
2023-07-17,142.99307250976562,435.4576110839844,88.13834381103516,13.479999542236328,16.270000457763672
2023-07-18,143.99929809570312,438.6933288574219,88.93119812011719,13.300000190734863,16.1299991607666
2023-07-19,143.57923889160156,439.6687927246094,89.77069854736328,13.760000228881836,16.559999465942383
2023-07-20,142.30917358398438,436.7518310546875,89.63078308105469,13.989999771118164,16.65999984741211
2023-07-21,142.00634765625,436.7518310546875,89.77069854736328,13.600000381469727,16.399999618530273
2023-07-24,141.89889526367188,438.70294189453125,90.1811294555664,13.90999984741211,16.260000228881836
2023-07-25,142.95399475097656,439.900634765625,90.10651397705078,13.859999656677246,16.219999313354492
2023-07-26,142.12359619140625,439.9682312011719,90.40499877929688,13.1899995803833,15.789999961853027
2023-07-27,141.77188110351562,437.05126953125,90.1438217163086,14.40999984741211,16.6299991607666
2023-07-28,143.10052490234375,441.3301696777344,90.48895263671875,13.329999923706055,15.920000076293945
2023-07-31,143.36428833007812,442.1704406738281,90.7501220703125,13.630000114440918,16.010000228881836
2023-08-01,143.38385009765625,440.9051208496094,90.51693725585938,13.930000305175781,16.34000015258789
2023-08-02,141.00990295410156,434.77178955078125,89.55616760253906,16.09000015258789,17.959999084472656
2023-08-03,140.97080993652344,433.52581787109375,89.23902130126953,15.920000076293945,17.719999313354492
2023-08-04,140.8633575439453,431.5650634765625,89.26700592041016,17.100000381469727,18.610000610351562
2023-08-07,142.75860595703125,435.33197021484375,90.08786010742188,15.770000457763672,17.719999313354492
2023-08-08,142.47528076171875,433.4388427734375,89.79869079589844,15.989999771118164,18.1299991607666
2023-08-09,141.1955108642578,430.541259765625,89.26700592041016,15.960000038146973,18.049999237060547
2023-08-10,141.27366638183594,430.69580078125,88.86590576171875,15.850000381469727,18.15999984741211
2023-08-11,140.67774963378906,430.4446105957031,88.84725952148438,14.84000015258789,17.559999465942383
2023-08-14,142.38735961914062,432.82073974609375,89.00582885742188,14.819999694824219,17.40999984741211
2023-08-15,141.5570068359375,427.77886962890625,87.66263580322266,16.459999084472656,18.59000015258789
2023-08-16,140.15997314453125,424.63970947265625,86.70185852050781,16.780000686645508,18.969999313354492
2023-08-17,138.32333374023438,421.4040222167969,86.10487365722656,17.889999389648438,19.829999923706055
2023-08-18,138.69454956054688,421.6069030761719,86.51531982421875,17.299999237060547,19.239999771118164
2023-08-21,140.20883178710938,424.3499450683594,86.711181640625,17.1299991607666,18.770000457763672
2023-08-22,139.61288452148438,423.2005615234375,86.24480438232422,16.969999313354492,18.719999313354492
2023-08-23,141.37139892578125,427.9140625,86.8510971069336,15.979999542236328,17.940000534057617
2023-08-24,139.05604553222656,421.98358154296875,85.90900421142578,17.200000762939453,18.75
2023-08-25,139.8571319580078,424.95843505859375,86.15151977539062,15.680000305175781,17.719999313354492
2023-08-28,141.0587615966797,427.6532897949219,86.89774322509766,15.079999923706055,17.1200008392334
2023-08-29,143.3936004638672,433.8348083496094,87.97044372558594,14.449999809265137,16.559999465942383
2023-08-30,143.843017578125,435.6217956542969,88.04507446289062,13.880000114440918,16.18000030517578
2023-08-31,143.80392456054688,434.9842834472656,88.11035919189453,13.569999694824219,15.920000076293945
2023-09-01,143.86251831054688,435.79559326171875,88.76329803466797,13.09000015258789,15.739999771118164
2023-09-05,143.1396026611328,433.912109375,87.82120513916016,14.010000228881836,16.239999771118164
2023-09-06,142.7390594482422,430.99517822265625,87.59733581542969,14.449999809265137,16.610000610351562
2023-09-07,142.30917358398438,429.6719970703125,87.26153564453125,14.399999618530273,16.579999923706055
2023-09-08,142.51437377929688,430.319091796875,87.62531280517578,13.84000015258789,16.139999389648438
2023-09-11,143.33499145507812,433.1492004394531,87.68128204345703,13.800000190734863,16.020000457763672
2023-09-12,141.9966278076172,430.7730712890625,87.80254364013672,14.229999542236328,16.25
2023-09-13,142.0943145751953,431.2752685546875,87.56934356689453,13.479999542236328,15.920000076293945
2023-09-14,143.25682067871094,434.99395751953125,88.50212097167969,12.819999694824219,15.34000015258789
2023-09-15,140.66796875,429.7530517578125,87.76522064208984,13.789999961853027,16.020000457763672
2023-09-18,140.96104431152344,430.0050048828125,87.6346206665039,14.0,16.1299991607666
2023-09-19,140.78521728515625,429.11322021484375,87.53203582763672,14.109999656677246,16.1299991607666
2023-09-20,139.35887145996094,425.16827392578125,86.92573547363281,15.140000343322754,16.809999465942383
2023-09-21,136.8774871826172,418.1409912109375,85.78773498535156,17.540000915527344,18.239999771118164
2023-09-22,137.1705780029297,417.2007141113281,85.4426040649414,17.200000762939453,18.09000015258789
2023-09-25,137.6297149658203,418.9552307128906,85.75041961669922,16.899999618530273,18.020000457763672
2023-09-26,136.12969970703125,412.8001708984375,84.57576751708984,18.940000534057617,19.719999313354492
2023-09-27,136.3942108154297,412.9649353027344,84.80130767822266,18.219999313354492,19.110000610351562
2023-09-28,137.50137329101562,415.3590393066406,85.32756042480469,17.34000015258789,18.3799991607666
2023-09-29,136.87432861328125,414.35107421875,85.25238037109375,17.520000457763672,18.510000228881836
2023-10-02,136.93309020996094,414.186279296875,84.47240447998047,17.610000610351562,18.6200008392334
2023-10-03,134.767822265625,408.6419372558594,83.54206085205078,19.780000686645508,20.40999984741211
2023-10-04,135.86514282226562,411.61767578125,83.54206085205078,18.579999923706055,19.520000457763672
2023-10-05,135.6496124267578,411.4625549316406,83.46688079833984,18.489999771118164,19.5
2023-10-06,137.66793823242188,416.3477783203125,84.03073120117188,17.450000762939453,18.729999542236328
2023-10-09,138.48114013671875,419.0133361816406,84.70732116699219,17.700000762939453,18.809999465942383
2023-10-10,139.34335327148438,421.1942443847656,85.27115631103516,17.030000686645508,18.270000457763672
2023-10-11,139.81362915039062,422.9195556640625,85.5812759399414,16.09000015258789,17.6299991607666
2023-10-12,138.8828582763672,420.3412780761719,84.56636810302734,16.690000534057617,18.09000015258789
2023-10-13,137.96185302734375,418.24761962890625,84.14347839355469,19.31999969482422,20.56999969482422
2023-10-16,139.5883026123047,422.6481628417969,85.12081146240234,17.209999084472656,18.790000915527344
2023-10-17,139.44131469726562,422.6287536621094,85.42152404785156,17.8799991607666,19.260000228881836
2023-10-18,137.67774963378906,416.9971923828125,84.2844467163086,19.219999313354492,20.469999313354492
2023-10-19,136.76654052734375,413.333251953125,83.51386260986328,21.399999618530273,22.190000534057617
2023-10-20,135.28707885742188,408.2542419433594,82.72449493408203,21.709999084472656,22.440000534057617
2023-10-23,135.6986083984375,407.546630859375,81.86934661865234,20.3700008392334,21.329999923706055
2023-10-24,137.0310821533203,410.61932373046875,82.5929183959961,18.969999313354492,20.209999084472656
2023-10-25,134.9539794921875,404.7259826660156,81.70957946777344,20.190000534057617,21.329999923706055
2023-10-26,132.75929260253906,399.8795471191406,81.43707275390625,20.68000030517578,21.56999969482422
2023-10-27,132.64170837402344,398.0670166015625,80.76985168457031,21.270000457763672,22.270000457763672
2023-10-30,134.0819549560547,402.8262023925781,81.33369445800781,19.75,20.799999237060547
2023-10-31,134.65023803710938,405.3560791015625,82.17945098876953,18.139999389648438,19.489999771118164
2023-11-01,136.73715209960938,409.6790466308594,82.90303802490234,16.8700008392334,18.549999237060547
2023-11-02,139.2551727294922,417.5303955078125,84.4817886352539,15.65999984741211,17.799999237060547
2023-11-03,140.8424072265625,421.339599609375,85.92898559570312,14.90999984741211,17.219999313354492
2023-11-06,141.57720947265625,422.3088684082031,85.47791290283203,14.890000343322754,17.030000686645508
2023-11-07,141.7830047607422,423.51080322265625,85.33694458007812,14.8100004196167,16.920000076293945
2023-11-08,142.38064575195312,423.8210144042969,84.5475845336914,14.449999809265137,16.639999389648438
2023-11-09,141.55763244628906,420.5157165527344,83.69241333007812,15.289999961853027,17.299999237060547
2023-11-10,144.03646850585938,427.0777587890625,84.91407775878906,14.170000076293945,16.520000457763672
2023-11-13,144.4675750732422,426.67071533203125,84.58516693115234,14.760000228881836,16.610000610351562
2023-11-14,146.83860778808594,434.94842529296875,86.84990692138672,14.15999984741211,16.290000915527344
2023-11-15,146.02537536621094,435.8691711425781,87.49832916259766,14.180000305175781,16.280000686645508
2023-11-16,146.61325073242188,436.4023132324219,86.89690399169922,14.319999694824219,16.139999389648438
2023-11-17,146.94638061523438,436.94512939453125,87.49832916259766,13.800000190734863,15.850000381469727
2023-11-20,148.4258575439453,440.30853271484375,87.90241241455078,13.40999984741211,15.6899995803833
2023-11-21,147.9359893798828,439.34893798828125,87.23521423339844,13.350000381469727,15.5
2023-11-22,148.1710968017578,441.0451354980469,87.648681640625,12.850000381469727,15.479999542236328
2023-11-24,148.24949645996094,441.31658935546875,88.01517486572266,12.460000038146973,15.119999885559082
2023-11-27,147.82818603515625,440.5218200683594,87.72386169433594,12.6899995803833,15.34000015258789
2023-11-28,147.32852172851562,440.95794677734375,87.60169982910156,12.6899995803833,15.239999771118164
2023-11-29,147.20114135742188,440.6477966308594,88.32527160644531,12.979999542236328,15.510000228881836
2023-11-30,147.07374572753906,442.3828125,88.94551086425781,12.920000076293945,15.4399995803833
2023-12-01,147.46566772460938,444.9999084472656,89.9134292602539,12.630000114440918,15.359999656677246
2023-12-04,145.8294677734375,442.6639099121094,89.72550201416016,13.079999923706055,15.680000305175781
2023-12-05,145.8098602294922,442.5766906738281,89.35899353027344,12.850000381469727,15.569999694824219
2023-12-06,144.42837524414062,440.7931823730469,89.17103576660156,12.970000267028809,15.739999771118164
2023-12-07,146.51527404785156,444.1566162109375,89.97920989990234,13.0600004196167,15.649999618530273
2023-12-08,147.7498016357422,446.0661315917969,90.60883331298828,12.350000381469727,15.15999984741211
2023-12-11,149.30763244628906,447.8011474609375,91.58615112304688,12.630000114440918,15.1899995803833
2023-12-12,150.64013671875,449.8463134765625,91.27604675292969,12.069999694824219,14.829999923706055
2023-12-13,151.61012268066406,456.04974365234375,92.69502258300781,12.1899995803833,14.65999984741211
2023-12-14,150.6989288330078,457.513427734375,94.83763122558594,12.479999542236328,14.789999961853027
2023-12-15,151.38475036621094,456.7601318359375,94.2831802368164,12.279999732971191,15.130000114440918
2023-12-18,153.0601806640625,459.32940673828125,94.12344360351562,12.5600004196167,15.470000267028809
2023-12-19,153.95175170898438,462.12255859375,95.06315612792969,12.529999732971191,15.640000343322754
2023-12-20,151.4073486328125,455.7188415527344,93.41357421875,13.670000076293945,16.579999923706055
2023-12-21,153.42047119140625,460.0398864746094,94.51077270507812,13.649999618530273,16.299999237060547
2023-12-22,153.55796813964844,460.96441650390625,94.98369598388672,13.029999732971191,15.989999771118164
2023-12-26,154.412353515625,462.9108581542969,95.92957305908203,12.989999771118164,15.880000114440918
2023-12-27,154.79531860351562,463.74786376953125,95.99577331542969,12.430000305175781,15.270000457763672
2023-12-28,154.70693969726562,463.92303466796875,96.05253601074219,12.470000267028809,15.229999542236328
2023-12-29,154.06861877441406,462.5799865722656,95.68363952636719,12.449999809265137,15.260000228881836
2024-01-02,151.25022888183594,459.9912109375,95.81605529785156,13.199999809265137,15.479999542236328
2024-01-03,149.9637908935547,456.2345886230469,94.86074829101562,14.039999961853027,16.040000915527344
2024-01-04,149.580810546875,454.7650146484375,94.35943603515625,14.130000114440918,16.040000915527344
2024-01-05,149.89505004882812,455.3879089355469,94.88912200927734,13.350000381469727,15.510000228881836
2024-01-08,153.4401397705078,461.8890075683594,95.85388946533203,13.079999923706055,15.140000343322754
2024-01-09,153.9605712890625,461.1882629394531,95.1066665649414,12.760000228881836,14.899999618530273
2024-01-10,155.4630889892578,463.7965087890625,94.89856719970703,12.6899995803833,14.729999542236328
2024-01-11,156.3567352294922,463.5921325683594,94.41616821289062,12.4399995803833,14.5600004196167
2024-01-12,156.67095947265625,463.9132995605469,94.16079711914062,12.699999809265137,14.9399995803833
2024-01-16,157.0637969970703,462.21014404296875,93.65948486328125,13.84000015258789,15.739999771118164
2024-01-17,156.17013549804688,459.6408386230469,92.85549926757812,14.789999961853027,16.3799991607666
2024-01-18,158.21273803710938,463.7283630371094,93.03521728515625,14.130000114440918,15.84000015258789
2024-01-19,161.6203155517578,469.5093078613281,94.29322814941406,13.300000190734863,15.260000228881836
2024-01-22,162.0524444580078,470.5019836425781,94.65264892578125,13.1899995803833,14.970000267028809
2024-01-23,162.18991088867188,471.87420654296875,95.01207733154297,12.550000190734863,14.520000457763672
2024-01-24,163.79058837890625,472.3900451660156,94.71886444091797,13.140000343322754,14.970000267028809
2024-01-25,164.90028381347656,474.95928955078125,95.99577331542969,13.449999809265137,15.100000381469727
2024-01-26,164.14410400390625,474.3559265136719,95.04046630859375,13.260000228881836,15.029999732971191
2024-01-29,166.019775390625,478.11248779296875,95.37151336669922,13.600000381469727,15.220000267028809
2024-01-30,165.6564483642578,477.74273681640625,95.88228607177734,13.3100004196167,15.140000343322754
2024-01-31,162.67108154296875,469.9472351074219,94.87020111083984,14.350000381469727,15.960000038146973
2024-02-01,165.4501953125,476.097900390625,95.69310760498047,13.880000114440918,15.5
2024-02-02,169.7808837890625,481.1100769042969,95.27691650390625,13.850000381469727,15.609999656677246
2024-02-05,170.2031707763672,479.35821533203125,94.4445571899414,13.670000076293945,15.329999923706055
2024-02-06,169.4568328857422,480.74993896484375,94.87020111083984,13.0600004196167,14.989999771118164
2024-02-07,172.19667053222656,484.7596130371094,95.04046630859375,12.829999923706055,14.850000381469727
2024-02-08,172.94297790527344,484.9737243652344,95.07828521728516,12.789999961853027,14.930000305175781
2024-02-09,175.25071716308594,487.7765808105469,95.42826080322266,12.930000305175781,15.079999923706055
2024-02-12,174.2196044921875,487.5624084472656,96.4781723022461,13.930000305175781,15.670000076293945
2024-02-13,172.14756774902344,480.84722900390625,94.66212463378906,15.850000381469727,16.81999969482422
2024-02-14,175.59445190429688,485.217041015625,95.53228759765625,14.380000114440918,15.930000305175781
2024-02-15,175.92832946777344,488.5648498535156,96.56329345703125,14.010000228881836,15.760000228881836
2024-02-16,174.19015502929688,486.1318359375,96.0903549194336,14.239999771118164,15.859999656677246
2024-02-20,172.00025939941406,483.45550537109375,95.92011260986328,15.420000076293945,16.40999984741211
2024-02-21,170.4486846923828,483.8934326171875,96.11873626708984,15.34000015258789,16.229999542236328
2024-02-22,177.14601135253906,493.9078674316406,96.60112762451172,14.539999961853027,15.770000457763672
2024-02-23,176.82196044921875,494.24847412109375,96.82814025878906,13.75,15.25
2024-02-26,177.29330444335938,492.4382629394531,96.46870422363281,13.739999771118164,15.220000267028809
2024-02-27,177.40135192871094,493.35308837890625,96.82814025878906,13.430000305175781,14.890000343322754
2024-02-28,177.0281982421875,492.7010192871094,96.62004089355469,13.84000015258789,15.220000267028809
2024-02-29,178.93328857421875,494.4722900390625,97.26324462890625,13.399999618530273,14.930000305175781
2024-03-01,183.1265106201172,499.114501953125,98.2658462524414,13.109999656677246,14.930000305175781
2024-03-04,184.35401916503906,498.5792541503906,98.73878479003906,13.489999771118164,15.229999542236328
2024-03-05,181.00535583496094,493.5964050292969,98.21854400634766,14.460000038146973,15.90999984741211
2024-03-06,182.78280639648438,496.09759521484375,99.09821319580078,14.5,15.970000267028809
2024-03-07,185.79759216308594,501.0220642089844,99.76032257080078,14.4399995803833,15.90999984741211
2024-03-08,182.32127380371094,498.0148620605469,99.39144134521484,14.739999771118164,16.299999237060547
2024-03-11,179.91534423828125,497.5866394042969,99.85490417480469,15.220000267028809,16.459999084472656
2024-03-12,183.69606018066406,502.9393615722656,100.08190155029297,13.84000015258789,15.65999984741211
2024-03-13,182.68458557128906,502.1509704589844,99.99678802490234,13.75,15.600000381469727
2024-03-14,181.71240234375,501.1583251953125,98.88067626953125,14.399999618530273,16.1200008392334
2024-03-15,179.25735473632812,497.71710205078125,98.80499267578125,14.40999984741211,16.40999984741211
2024-03-18,180.55361938476562,500.675048828125,99.1265869140625,14.329999923706055,16.219999313354492
2024-03-19,181.32940673828125,503.4573669433594,99.5522232055664,13.819999694824219,15.770000457763672
2024-03-20,183.46038818359375,508.114013671875,100.77238464355469,13.039999961853027,15.279999732971191
2024-03-21,185.36915588378906,509.793212890625,101.49593353271484,12.920000076293945,15.180000305175781
2024-03-22,185.35926818847656,508.82672119140625,101.01993560791016,13.0600004196167,15.300000190734863
2024-03-25,185.14303588867188,507.42095947265625,100.89616394042969,13.1899995803833,15.380000114440918
2024-03-26,184.51402282714844,506.4837646484375,100.85807800292969,13.239999771118164,15.289999961853027
2024-03-27,184.50416564941406,510.7401428222656,102.61933135986328,12.779999732971191,15.010000228881836
2024-03-28,184.14053344726562,510.6424560546875,103.11438751220703,13.010000228881836,15.1899995803833
2024-04-01,184.3371124267578,509.7540588378906,102.70501708984375,13.649999618530273,15.520000457763672
2024-04-02,183.12818908691406,506.5130310058594,101.66730499267578,14.609999656677246,16.09000015258789
2024-04-03,184.69094848632812,507.0694580078125,101.61969757080078,14.329999923706055,15.90999984741211
2024-04-04,181.16244506835938,500.8800964355469,100.55341339111328,16.350000381469727,17.15999984741211
2024-04-05,184.36660766601562,506.1127014160156,100.96281433105469,16.030000686645508,17.18000030517578
2024-04-08,183.8849639892578,506.3957824707031,100.87712097167969,15.1899995803833,16.559999465942383
2024-04-09,182.72518920898438,506.9815979003906,101.28649139404297,14.979999542236328,16.420000076293945
2024-04-10,181.99786376953125,501.9051513671875,99.2396240234375,15.800000190734863,17.040000915527344
2024-04-11,184.0324249267578,505.6929016113281,99.25868225097656,14.90999984741211,16.489999771118164
2024-04-12,180.7496337890625,498.71282958984375,97.53548431396484,17.309999465942383,18.200000762939453
2024-04-15,177.68307495117188,492.4649353027344,97.04044342041016,19.229999542236328,19.549999237060547
2024-04-16,178.5676727294922,491.5667419433594,96.37401580810547,18.399999618530273,18.84000015258789
2024-04-17,176.14979553222656,488.6575622558594,95.98368835449219,18.209999084472656,18.770000457763672
2024-04-18,175.06863403320312,487.6519470214844,96.01225280761719,18.0,18.65999984741211
2024-04-19,170.60643005371094,483.3956298828125,96.38353729248047,18.709999084472656,19.25
2024-04-22,172.30679321289062,487.8472595214844,97.0975570678711,16.940000534057617,17.6299991607666
2024-04-23,176.0023651123047,493.63641357421875,97.86870574951172,15.6899995803833,16.68000030517578
2024-04-24,175.19644165039062,493.402099609375,98.17335510253906,15.970000267028809,16.84000015258789
2024-04-25,174.3904571533203,491.5277099609375,97.58309173583984,15.369999885559082,16.3700008392334
2024-04-26,176.6019287109375,496.1843566894531,97.26892852783203,15.029999732971191,16.270000457763672
2024-04-29,176.660888671875,497.94158935546875,97.87821960449219,14.670000076293945,16.0
2024-04-30,174.07595825195312,490.0535888671875,96.1074447631836,15.649999618530273,16.59000015258789
2024-05-01,172.28712463378906,488.4623107910156,95.35535430908203,15.390000343322754,16.56999969482422
2024-05-02,174.17425537109375,493.0311584472656,95.95511627197266,14.680000305175781,16.049999237060547
2024-05-03,177.01473999023438,499.1424255371094,96.57393646240234,13.489999771118164,15.270000457763672
2024-05-06,180.61203002929688,504.29693603515625,97.3641128540039,13.489999771118164,15.020000457763672
2024-05-07,180.50389099121094,504.8534240722656,97.25940704345703,13.229999542236328,14.949999809265137
2024-05-08,180.75946044921875,504.9021301269531,97.44029235839844,13.0,14.899999618530273
2024-05-09,181.13294982910156,507.8113708496094,98.1067123413086,12.6899995803833,14.710000038146973
2024-05-10,181.45730590820312,508.46551513671875,98.29711151123047,12.550000190734863,14.65999984741211
2024-05-13,180.53338623046875,508.5337219238281,98.55416870117188,13.600000381469727,14.890000343322754
2024-05-14,181.7030029296875,510.8669738769531,98.96353912353516,13.420000076293945,14.699999809265137
2024-05-15,185.93914794921875,517.1930541992188,99.98220825195312,12.449999809265137,14.079999923706055
2024-05-16,184.35675048828125,516.1289672851562,99.54428100585938,12.420000076293945,14.220000267028809
2024-05-17,184.18968200683594,516.8709106445312,99.64900207519531,11.989999771118164,13.989999771118164
2024-05-20,185.76226806640625,517.4664306640625,99.39196014404297,12.149999618530273,14.109999656677246
2024-05-21,185.86056518554688,518.7354736328125,99.40148162841797,11.859999656677246,13.949999809265137
2024-05-22,185.5165557861328,517.2418823242188,99.20154571533203,12.289999961853027,14.3100004196167
2024-05-23,185.4575958251953,513.4639282226562,97.84967041015625,12.770000457763672,14.670000076293945
2024-05-24,187.3249969482422,516.8612060546875,98.45896911621094,11.930000305175781,14.170000076293945
2024-05-28,188.1309814453125,517.2223510742188,97.71637725830078,12.920000076293945,14.720000267028809
2024-05-29,186.76478576660156,513.6005249023438,96.65009307861328,14.279999732971191,15.449999809265137
2024-05-30,183.4820098876953,510.19342041015625,97.56405639648438,14.470000267028809,15.59000015258789
2024-05-31,183.40338134765625,514.8403930664062,99.11585998535156,12.920000076293945,14.65999984741211
2024-06-03,183.08885192871094,515.2601318359375,98.48751831054688,13.109999656677246,14.800000190734863
2024-06-04,182.59742736816406,515.836181640625,98.1257553100586,13.15999984741211,14.880000114440918
2024-06-05,186.76478576660156,521.9669189453125,98.75409698486328,12.630000114440918,14.539999961853027
2024-06-06,185.8998565673828,521.9571533203125,98.4970474243164,12.579999923706055,14.539999961853027
2024-06-07,186.0472869873047,521.3226318359375,98.28759002685547,12.220000267028809,14.40999984741211
2024-06-10,188.111328125,522.9334106445312,98.70648956298828,12.739999771118164,14.600000381469727
2024-06-11,187.62725830078125,524.1926879882812,98.2191390991211,12.850000381469727,14.489999771118164
2024-06-12,189.7425994873047,528.4979248046875,98.3436050415039,12.039999961853027,14.119999885559082
2024-06-13,191.4644317626953,529.56201171875,97.97017669677734,11.9399995803833,14.170000076293945
2024-06-14,191.54310607910156,529.8842163085938,97.29993438720703,12.65999984741211,14.84000015258789
2024-06-17,194.16024780273438,534.1015625,97.90316772460938,12.75,14.789999961853027
2024-06-18,195.59674072265625,535.4586181640625,98.31487274169922,12.300000190734863,14.6899995803833
2024-06-20,193.93397521972656,534.0040283203125,98.57339477539062,13.279999732971191,15.40999984741211
2024-06-21,192.27117919921875,533.2880249023438,98.73617553710938,13.199999809265137,15.170000076293945
2024-06-24,190.0082550048828,531.5545043945312,99.32981872558594,13.329999923706055,15.229999542236328
2024-06-25,191.75955200195312,533.6015014648438,98.73617553710938,12.84000015258789,14.859999656677246
2024-06-26,191.2086181640625,534.2673950195312,98.28616333007812,12.550000190734863,14.710000038146973
2024-06-27,191.9169921875,535.1096801757812,98.23828125,12.239999771118164,14.420000076293945
2024-06-28,191.73004150390625,533.0039672851562,99.06172180175781,12.4399995803833,14.520000457763672
2024-07-01,192.05474853515625,534.1009521484375,98.75531768798828,12.220000267028809,14.1899995803833
2024-07-02,193.2255859375,537.6953125,99.02342987060547,12.029999732971191,14.010000228881836
2024-07-03,194.8588409423828,540.0947875976562,98.85105895996094,12.09000015258789,14.020000457763672
2024-07-05,195.39012145996094,543.2092895507812,98.544677734375,12.479999542236328,14.350000381469727
2024-07-08,196.30514526367188,543.836181640625,99.4159927368164,12.369999885559082,14.289999961853027
2024-07-09,196.73805236816406,544.364990234375,99.71280670166016,12.510000228881836,14.390000343322754
2024-07-10,198.34178161621094,549.7516479492188,100.72773742675781,12.850000381469727,14.5
2024-07-11,195.5377197265625,545.0112915039062,101.3501205444336,12.920000076293945,14.670000076293945
2024-07-12,196.11819458007812,548.448974609375,102.2597427368164,12.460000038146973,14.369999885559082
2024-07-15,197.09225463867188,549.957275390625,102.57569885253906,13.119999885559082,14.869999885559082
2024-07-16,198.1351776123047,553.2185668945312,104.50981903076172,13.1899995803833,14.90999984741211
2024-07-17,190.69699096679688,545.4618530273438,104.3949203491211,14.479999542236328,15.789999961853027
2024-07-18,189.25067138671875,541.27001953125,103.82044219970703,15.930000305175781,16.559999465942383
2024-07-19,188.1192169189453,537.6757202148438,102.61399841308594,16.520000457763672,17.15999984741211
2024-07-22,191.2479705810547,543.2190551757812,103.02572631835938,14.90999984741211,16.09000015258789
2024-07-23,191.55296325683594,542.366943359375,101.97248077392578,14.720000267028809,16.010000228881836
2024-07-24,184.6263885498047,530.0756225585938,101.46501922607422,18.040000915527344,18.43000030517578
2024-07-25,182.6192626953125,527.3137817382812,101.26395416259766,18.459999084472656,18.690000534057617
2024-07-26,185.0592803955078,533.2194213867188,102.66187286376953,16.389999389648438,17.239999771118164
2024-07-29,184.37057495117188,533.5328979492188,102.43207550048828,16.600000381469727,17.15999984741211
2024-07-30,181.97975158691406,530.8297729492188,102.59485626220703,17.690000534057617,18.010000228881836
2024-07-31,187.8928985595703,539.4581909179688,103.01614379882812,16.360000610351562,16.969999313354492
2024-08-01,182.7570037841797,531.8189697265625,101.17777252197266,18.59000015258789,19.139999389648438
2024-08-02,176.5093231201172,521.9173583984375,97.68293762207031,23.389999389648438,23.34000015258789
2024-08-05,172.63282775878906,506.7171630859375,95.09771728515625,38.56999969482422,33.709999084472656
2024-08-06,175.51559448242188,511.388916015625,95.66262817382812,27.709999084472656,26.760000228881836
2024-08-07,173.1837921142578,507.9707336425781,94.92536926269531,27.850000381469727,27.010000228881836
2024-08-08,179.84469604492188,519.7137451171875,97.01268768310547,23.790000915527344,24.1299991607666
2024-08-09,181.67474365234375,522.00537109375,97.05098724365234,20.3700008392334,21.18000030517578
2024-08-12,182.18634033203125,522.2796630859375,96.39031982421875,20.709999084472656,21.6299991607666
2024-08-13,186.112060546875,530.868896484375,97.75953674316406,18.1200008392334,19.860000610351562
2024-08-14,187.59771728515625,532.543701171875,97.83613586425781,16.190000534057617,18.450000762939453
2024-08-15,191.89732360839844,541.671630859375,99.45429229736328,15.229999542236328,17.8799991607666
2024-08-16,191.73004150390625,542.8860473632812,99.93303680419922,14.800000190734863,17.809999465942383
2024-08-19,193.8749542236328,548.0767211914062,100.90967559814453,14.649999618530273,17.59000015258789
2024-08-20,193.52073669433594,547.1856079101562,100.34475708007812,15.880000114440918,18.280000686645508
2024-08-21,194.4652557373047,549.0660400390625,101.01498413085938,16.270000457763672,18.579999923706055
2024-08-22,192.83200073242188,544.7566528320312,100.54582977294922,17.549999237060547,19.360000610351562
2024-08-23,194.6817169189453,550.5448608398438,102.32676696777344,15.859999656677246,18.190000534057617
2024-08-26,192.9107208251953,549.2324829101562,102.20227813720703,16.149999618530273,18.25
2024-08-27,193.55026245117188,549.9866943359375,102.00120544433594,15.430000305175781,17.729999542236328
2024-08-28,191.75955200195312,546.7938232421875,101.74269104003906,17.110000610351562,18.899999618530273
2024-08-29,191.39553833007812,546.8428344726562,102.13525390625,15.649999618530273,18.0
2024-08-30,194.18978881835938,552.0628662109375,103.43744659423828,15.0,17.43000030517578
2024-09-03,188.473388671875,540.7019653320312,101.71397399902344,20.719999313354492,21.700000762939453
2024-09-04,188.2274169921875,539.5953369140625,101.3501205444336,21.31999969482422,22.06999969482422
2024-09-05,187.11563110351562,538.2828979492188,100.5171127319336,19.899999618530273,20.93000030517578
2024-09-06,183.03250122070312,529.2235717773438,99.25322723388672,22.3799991607666,22.739999771118164
2024-09-09,186.15139770507812,535.1488037109375,100.23943328857422,19.450000762939453,20.8799991607666
2024-09-10,186.5253143310547,537.4797973632812,99.78941345214844,19.079999923706055,20.549999237060547
2024-09-11,189.5064697265625,542.9937744140625,99.990478515625,17.690000534057617,19.59000015258789
2024-09-12,192.01539611816406,547.5675659179688,100.60328674316406,17.06999969482422,19.479999542236328
2024-09-13,193.589599609375,550.4273681640625,101.7809829711914,16.559999465942383,19.280000686645508
2024-09-16,194.1208953857422,551.2402954101562,102.94912719726562,17.139999389648438,19.809999465942383
2024-09-17,194.00283813476562,551.4656372070312,103.1214599609375,17.610000610351562,20.1299991607666
2024-09-18,193.392822265625,549.8299560546875,102.98741912841797,18.229999542236328,20.350000381469727
2024-09-19,197.1513214111328,559.2125244140625,104.24172973632812,16.329999923706055,19.06999969482422
2024-09-20,198.32212829589844,558.2459106445312,103.76299285888672,16.149999618530273,18.940000534057617
2024-09-23,199.43389892578125,559.6408081054688,104.21300506591797,15.890000343322754,18.700000762939453
2024-09-24,199.72906494140625,561.2420654296875,104.44280242919922,15.390000343322754,18.469999313354492
2024-09-25,200.1136016845703,560.0043334960938,103.70844268798828,15.40999984741211,18.56999969482422
2024-09-26,200.45872497558594,562.2245483398438,104.78923034667969,15.369999885559082,18.450000762939453
2024-09-27,199.1177215576172,561.4090576171875,105.26209259033203,16.959999084472656,19.540000915527344
2024-09-30,199.92623901367188,563.6588134765625,105.2234878540039,16.729999542236328,19.219999313354492
2024-10-01,198.81207275390625,558.6093139648438,104.57694244384766,19.260000228881836,20.889999389648438
2024-10-02,199.39381408691406,558.8450317382812,104.49008178710938,18.899999618530273,20.59000015258789
2024-10-03,198.97967529296875,557.8234252929688,104.2102279663086,20.489999771118164,21.6299991607666
2024-10-04,200.9122772216797,562.8925170898438,104.99188995361328,19.209999084472656,20.649999618530273
2024-10-07,199.4727020263672,557.8037719726562,104.702392578125,22.639999389648438,22.59000015258789
2024-10-08,201.45457458496094,563.0791625976562,104.8567886352539,21.420000076293945,21.520000457763672
2024-10-09,203.07167053222656,566.9793090820312,105.92792510986328,20.860000610351562,20.90999984741211
2024-10-10,202.1349639892578,565.987060546875,105.24278259277344,20.93000030517578,21.020000457763672
2024-10-11,204.46197509765625,569.3764038085938,106.30429077148438,20.459999084472656,20.770000457763672
2024-10-14,206.03961181640625,574.0328369140625,107.06663513183594,19.700000762939453,20.1200008392334
2024-10-15,203.9393768310547,569.5728759765625,106.14987182617188,20.639999389648438,20.799999237060547
2024-10-16,205.7339324951172,572.0485229492188,107.24998474121094,19.579999923706055,20.31999969482422
2024-10-17,205.7339324951172,572.0975341796875,107.01839447021484,19.110000610351562,19.809999465942383
2024-10-18,206.40444946289062,574.298095703125,106.9604721069336,18.030000686645508,19.190000534057617
2024-10-21,205.79312133789062,573.35498046875,105.72529602050781,18.3700008392334,19.239999771118164
2024-10-22,205.15219116210938,573.0504760742188,105.43578338623047,18.200000762939453,19.170000076293945
2024-10-23,204.67889404296875,567.8143310546875,105.44544219970703,19.239999771118164,20.040000915527344
2024-10-24,204.0774383544922,569.0423583984375,105.2234878540039,19.079999923706055,19.850000381469727
2024-10-25,202.86460876464844,568.8458862304688,104.6734390258789,20.329999923706055,20.940000534057617
2024-10-28,203.63372802734375,570.6043701171875,105.51297760009766,19.799999237060547,20.170000076293945
2024-10-29,203.42665100097656,571.52783203125,104.80854797363281,19.34000015258789,19.959999084472656
2024-10-30,202.23355102539062,569.798828125,104.45147705078125,20.350000381469727,20.760000228881836
2024-10-31,199.58114624023438,558.6289672851562,103.85318756103516,23.15999984741211,22.639999389648438
2024-11-01,198.88107299804688,560.9866943359375,104.11373138427734,21.8799991607666,21.90999984741211
2024-11-04,198.5063934326172,559.7783203125,103.93038177490234,21.979999542236328,21.56999969482422
2024-11-05,201.87860107421875,566.5469970703125,105.2234878540039,20.489999771118164,20.190000534057617
2024-11-06,206.54248046875,580.6346435546875,108.41763305664062,16.270000457763672,17.670000076293945
2024-11-07,207.51866149902344,585.1240844726562,108.47553253173828,15.199999809265137,16.950000762939453
2024-11-08,210.85140991210938,587.6588134765625,108.72643280029297,14.9399995803833,16.829999923706055
2024-11-11,210.61477661132812,588.2186279296875,109.53704071044922,14.970000267028809,16.799999237060547
2024-11-12,209.5399932861328,586.3914794921875,108.44657897949219,14.710000038146973,16.709999084472656
2024-11-13,209.00755310058594,586.6763916015625,108.71678924560547,14.020000457763672,16.510000228881836
2024-11-14,206.84812927246094,582.9039306640625,108.07988739013672,14.3100004196167,16.68000030517578
2024-11-15,205.49729919433594,575.437744140625,107.0859375,16.139999389648438,17.809999465942383
2024-11-18,206.4833221435547,577.7954711914062,107.73247528076172,15.579999923706055,17.190000534057617
2024-11-19,208.04124450683594,579.9076538085938,107.14384460449219,16.350000381469727,17.690000534057617
2024-11-20,208.65257263183594,580.1041259765625,107.45262908935547,17.15999984741211,18.260000228881836
2024-11-21,210.8218231201172,583.2183227539062,108.90978240966797,16.8700008392334,18.18000030517578
2024-11-22,211.90647888183594,585.02587890625,110.13532257080078,15.239999771118164,17.299999237060547
2024-11-25,211.4627685546875,587.0103759765625,111.3415756225586,14.600000381469727,16.8700008392334
2024-11-26,213.23757934570312,590.0755004882812,110.51168060302734,14.100000381469727,16.530000686645508
2024-11-27,212.24171447753906,588.2874755859375,110.11604309082031,14.100000381469727,16.600000381469727
2024-11-29,213.4939727783203,591.9419555664062,110.5599365234375,13.510000228881836,16.260000228881836
2024-12-02,211.78811645507812,593.0029907226562,110.1739273071289,13.34000015258789,16.34000015258789
2024-12-03,212.2614288330078,593.2778930664062,109.52738952636719,13.300000190734863,16.239999771118164
2024-12-04,213.6320037841797,596.9619140625,108.99662780761719,13.449999809265137,16.389999389648438
2024-12-05,213.56297302246094,595.9796752929688,108.48517608642578,13.539999961853027,16.579999923706055
2024-12-06,214.5095672607422,597.109375,108.42727661132812,12.770000457763672,16.31999969482422
2024-12-09,210.01329040527344,594.0344848632812,107.80004119873047,14.1899995803833,17.09000015258789
2024-12-10,208.03138732910156,592.1875610351562,106.78678894042969,14.180000305175781,16.979999542236328
2024-12-11,210.36827087402344,596.7655639648438,106.44902801513672,13.579999923706055,16.8799991607666
2024-12-12,208.83006286621094,593.690673828125,106.25603485107422,13.920000076293945,17.350000381469727
2024-12-13,211.2951202392578,593.5728149414062,105.94723510742188,13.8100004196167,17.149999618530273
2024-12-16,213.030517578125,596.1073608398438,105.26209259033203,14.6899995803833,17.56999969482422
2024-12-17,210.4658660888672,593.6513061523438,104.58969116210938,15.869999885559082,18.1299991607666
2024-12-18,203.18350219726562,575.9584350585938,101.71357727050781,27.6200008392334,24.239999771118164
2024-12-19,203.02520751953125,575.7815551757812,101.06256866455078,24.09000015258789,24.139999389648438
2024-12-20,206.90383911132812,582.697265625,102.60750579833984,18.360000610351562,20.100000381469727
2024-12-23,207.71519470214844,586.1866455078125,103.02531433105469,16.780000686645508,18.649999618530273
2024-12-24,210.38671875,592.7020263671875,103.81236267089844,14.270000457763672,17.200000762939453
2024-12-26,210.6835479736328,592.7415771484375,104.13300323486328,14.729999542236328,17.360000610351562
2024-12-27,208.13075256347656,586.5020141601562,103.50142669677734,15.949999809265137,18.06999969482422
2024-12-30,205.6967315673828,579.80908203125,102.30628967285156,17.399999618530273,18.940000534057617
2024-12-31,204.73695373535156,577.69970703125,102.61721801757812,17.350000381469727,18.979999542236328
2025-01-02,205.7857666015625,576.2802734375,102.47146606445312,17.93000030517578,19.329999923706055
2025-01-03,209.03115844726562,583.4857788085938,103.48200225830078,16.1299991607666,18.139999389648438
2025-01-06,209.66441345214844,586.8469848632812,104.03585052490234,16.040000915527344,18.030000686645508
2025-01-07,206.62681579589844,580.2132568359375,103.72491455078125,17.81999969482422,19.190000534057617
2025-01-08,207.56678771972656,581.0609741210938,103.43341827392578,17.700000762939453,19.34000015258789
2025-01-10,204.7171630859375,572.1896362304688,102.04393768310547,19.540000915527344,20.969999313354492
2025-01-13,204.6577911376953,573.0768432617188,102.78240203857422,19.190000534057617,20.43000030517578
2025-01-14,206.7851104736328,573.8653564453125,103.79293823242188,18.709999084472656,19.989999771118164
2025-01-15,210.73301696777344,584.303955078125,105.26014709472656,16.1200008392334,18.229999542236328
2025-01-16,212.1380157470703,583.1802368164062,105.66824340820312,16.600000381469727,18.350000381469727
2025-01-17,215.0569305419922,589.0353393554688,106.59131622314453,15.970000267028809,18.190000534057617
2025-01-21,218.4408416748047,594.4270629882812,107.79618072509766,15.0600004196167,17.5
2025-01-22,219.63804626464844,597.7686157226562,107.4852523803711,15.100000381469727,17.809999465942383
2025-01-23,221.4190673828125,601.03125,108.18484497070312,15.020000457763672,17.520000457763672
2025-01-24,220.65719604492188,599.2766723632812,107.89334869384766,14.850000381469727,17.549999237060547
2025-01-27,211.66310119628906,590.7997436523438,107.67957305908203,17.899999618530273,18.969999313354492
2025-01-28,214.00808715820312,595.8760986328125,106.63017272949219,16.40999984741211,18.1299991607666
2025-01-29,214.0575714111328,593.2048950195312,106.72735595703125,16.559999465942383,18.149999618530273
2025-01-30,217.5701141357422,596.388671875,107.82533264160156,15.84000015258789,17.90999984741211
2025-01-31,216.81813049316406,593.214599609375,106.88282012939453,16.43000030517578,18.43000030517578
2025-02-03,216.75875854492188,589.2225952148438,106.24151611328125,18.6200008392334,19.549999237060547
2025-02-04,218.0450439453125,593.1752319335938,106.56216430664062,17.209999084472656,18.639999389648438
2025-02-05,221.44876098632812,595.580322265625,107.43666076660156,15.770000457763672,17.959999084472656
2025-02-06,223.71461486816406,597.6503295898438,106.89253234863281,15.5,17.940000534057617
2025-02-07,222.49757385253906,592.1797485351562,106.31924438476562,16.540000915527344,18.6299991607666
2025-02-10,224.6842498779297,596.2012939453125,106.75650787353516,15.8100004196167,18.229999542236328
2025-02-11,223.57608032226562,596.65478515625,107.222900390625,16.020000457763672,18.280000686645508
2025-02-12,223.11105346679688,594.7326049804688,107.29090881347656,15.890000343322754,18.309999465942383
2025-02-13,225.3076171875,601.0115356445312,108.7289810180664,15.100000381469727,17.84000015258789
2025-02-14,225.89138793945312,600.9820556640625,108.83585357666016,14.770000457763672,17.809999465942383
2025-02-18,227.05892944335938,602.746337890625,110.25447845458984,15.350000381469727,17.81999969482422
2025-02-19,226.78189086914062,604.1658325195312,110.34192657470703,15.270000457763672,17.93000030517578
2025-02-20,222.79440307617188,601.6522827148438,110.16703796386719,15.65999984741211,18.010000228881836
2025-02-21,217.59979248046875,591.361572265625,108.47633361816406,18.209999084472656,19.479999542236328
2025-02-24,215.36366271972656,588.670654296875,108.27230072021484,18.979999542236328,19.860000610351562
2025-02-25,214.5621795654297,585.7430419921875,108.04879760742188,19.43000030517578,20.030000686645508
2025-02-26,215.89793395996094,586.0387573242188,107.89334869384766,19.100000381469727,19.75
2025-02-27,212.19740295410156,576.6843872070312,106.88282012939453,21.1299991607666,21.219999313354492
2025-02-28,216.12551879882812,585.6838989257812,108.00994873046875,19.6299991607666,20.18000030517578
2025-03-03,212.0885772705078,575.4227905273438,106.47472381591797,22.780000686645508,22.18000030517578
2025-03-04,207.72509765625,568.611572265625,104.15245819091797,23.510000228881836,22.780000686645508
2025-03-05,210.37681579589844,574.722900390625,105.09496307373047,21.93000030517578,21.719999313354492
2025-03-06,202.24354553222656,564.52099609375,104.36621856689453,24.8700008392334,23.700000762939453
2025-03-07,202.19407653808594,567.6849365234375,105.67796325683594,23.3700008392334,22.59000015258789
2025-03-10,194.05087280273438,552.564453125,104.08443450927734,27.860000610351562,25.719999313354492
2025-03-11,194.70391845703125,547.970947265625,102.26741027832031,26.920000076293945,25.34000015258789
2025-03-12,197.77120971679688,550.8788452148438,102.02450561523438,24.229999542236328,23.670000076293945
2025-03-13,194.6643524169922,543.5352783203125,101.9176254272461,24.65999984741211,24.059999465942383
2025-03-14,199.85897827148438,554.7625122070312,103.72491455078125,21.770000457763672,22.170000076293945
2025-03-17,202.20394897460938,559.0404052734375,105.28929138183594,20.510000228881836,21.299999237060547
2025-03-18,198.7587127685547,552.9981079101562,105.1025390625,21.700000762939453,21.969999313354492
2025-03-19,202.54818725585938,559.0206909179688,105.69898986816406,19.899999618530273,20.829999923706055
2025-03-20,202.260498046875,557.4041137695312,105.1807632446289,19.799999237060547,20.709999084472656
2025-03-21,203.09378051757812,557.5880737304688,104.58431243896484,19.280000686645508,20.350000381469727
2025-03-24,208.77801513671875,567.5736083984375,106.09989166259766,17.479999542236328,19.040000915527344
2025-03-25,209.36328125,568.93798828125,106.01187896728516,17.149999618530273,19.049999237060547
2025-03-26,205.35557556152344,562.1458129882812,105.689208984375,18.329999923706055,19.84000015258789
2025-03-27,203.18309020996094,560.6529541015625,105.0047607421875,18.690000534057617,19.889999389648438
2025-03-28,199.2547149658203,549.3623657226562,103.47941589355469,21.649999618530273,22.010000228881836
2025-03-31,200.51458740234375,553.0501098632812,104.28119659423828,22.280000686645508,21.969999313354492
2025-04-01,201.91329956054688,554.6121826171875,104.16385650634766,21.770000457763672,21.81999969482422
2025-04-02,204.45285034179688,558.1220092773438,104.85808563232422,21.510000228881836,21.450000762939453
2025-04-03,193.431640625,530.6172485351562,99.61713409423828,30.020000457763672,27.3799991607666
2025-04-04,179.71217346191406,499.5533447265625,93.7210693359375,45.310001373291016,36.709999084472656
2025-04-07,181.24978637695312,498.6635437011719,93.36906433105469,46.97999954223633,36.880001068115234
2025-04-08,179.39471435546875,490.8531188964844,91.42327117919922,52.33000183105469,41.5
2025-04-09,198.19325256347656,542.4021606445312,98.55134582519531,33.619998931884766,29.920000076293945
2025-04-10,191.71546936035156,518.6346435546875,95.05087280273438,40.720001220703125,35.709999084472656
2025-04-11,194.4930877685547,527.888427734375,96.23399353027344,37.560001373291016,33.90999984741211
2025-04-14,196.21917724609375,533.0098266601562,97.42689514160156,30.889999389648438,29.6299991607666
2025-04-15,197.3103790283203,531.5169067382812,97.32911682128906,30.1200008392334,29.0
2025-04-16,193.1439666748047,519.7023315429688,95.91131591796875,32.63999938964844,30.940000534057617
2025-04-17,193.7887725830078,520.44384765625,96.4588851928711,29.649999618530273,29.350000381469727
2025-04-21,188.42201232910156,508.05584716796875,94.77708435058594,33.81999969482422,31.829999923706055
2025-04-22,194.20541381835938,521.2744140625,96.83043670654297,30.56999969482422,29.450000762939453
2025-04-23,198.72897338867188,529.3516845703125,98.25801849365234,28.450000762939453,28.020000457763672
2025-04-24,203.18309020996094,540.4940185546875,99.79313659667969,26.469999313354492,26.440000534057617
2025-04-25,205.13731384277344,544.3992919921875,99.26512908935547,24.84000015258789,25.3700008392334
2025-04-28,206.09957885742188,544.6068725585938,99.81269836425781,25.149999618530273,25.729999542236328
2025-04-29,207.63719177246094,548.0374755859375,100.11581420898438,24.170000076293945,25.219999313354492
2025-04-30,207.95465087890625,548.2550659179688,100.28203582763672,24.700000762939453,25.540000915527344
2025-05-01,209.82952880859375,552.1405029296875,100.38959503173828,24.600000381469727,25.489999771118164
2025-05-02,214.65069580078125,560.3365478515625,102.13005065917969,22.68000030517578,24.0
2025-05-05,214.3134002685547,557.1234130859375,101.73895263671875,23.639999389648438,24.549999237060547
2025-05-06,212.35914611816406,552.4667358398438,101.18161010742188,24.760000228881836,25.40999984741211
2025-05-07,213.95628356933594,554.7901611328125,101.61183166503906,23.549999237060547,24.700000762939453
2025-05-08,215.90061950683594,558.6558837890625,102.6678466796875,22.479999542236328,23.760000228881836
2025-05-09,215.4740753173828,557.9439697265625,102.73628997802734,21.899999618530273,23.3799991607666
2025-05-12,221.4657745361328,576.3826293945312,105.65987396240234,18.389999389648438,20.219999313354492
2025-05-13,225.6520538330078,580.1890258789062,105.9043197631836,18.219999313354492,20.09000015258789
2025-05-14,226.673828125,580.9304809570312,105.0047607421875,18.6200008392334,20.579999923706055
2025-05-15,227.11032104492188,583.7680053710938,106.40299987792969,17.829999923706055,20.25
2025-05-16,228.82647705078125,587.4655151367188,107.11678314208984,17.239999771118164,20.079999923706055
2025-05-19,229.3522491455078,588.108154296875,107.03855895996094,18.139999389648438,20.690000534057617
2025-05-20,228.48919677734375,586.130859375,106.84300231933594,18.09000015258789,20.719999313354492
2025-05-21,224.32276916503906,576.2540893554688,104.62342071533203,20.8700008392334,22.65999984741211
2025-05-22,224.4517059326172,576.4814453125,104.1149673461914,20.280000686645508,22.31999969482422
2025-05-23,223.92596435546875,572.5465698242188,103.64562225341797,22.290000915527344,23.799999237060547
2025-05-27,228.73719787597656,584.4501342773438,105.36653900146484,18.959999084472656,21.290000915527344
2025-05-28,228.2808837890625,581.0689086914062,104.51586151123047,19.309999465942383,21.670000076293945
2025-05-29,228.47927856445312,583.3626098632812,104.64297485351562,19.18000030517578,21.6200008392334
2025-05-30,229.68951416015625,582.7100830078125,104.61363983154297,18.56999969482422,21.3799991607666
2025-06-02,231.6338653564453,585.992431640625,104.68207550048828,18.360000610351562,21.09000015258789
2025-06-03,232.42747497558594,589.3341064453125,105.95321655273438,17.690000534057617,20.719999313354492
2025-06-04,231.85211181640625,589.1759643554688,105.70877075195312,17.610000610351562,20.65999984741211
2025-06-05,229.56057739257812,586.3285522460938,105.61099243164062,18.479999542236328,21.110000610351562
2025-06-06,230.87994384765625,592.3495483398438,106.852783203125,16.770000457763672,20.020000457763672
2025-06-09,229.60023498535156,592.8834228515625,107.36123657226562,17.15999984741211,20.09000015258789
2025-06-10,229.51097106933594,596.2449340820312,108.70079803466797,16.950000762939453,19.940000534057617
2025-06-11,230.5128936767578,594.54443359375,108.11412811279297,17.260000228881836,20.299999237060547
2025-06-12,230.4335174560547,596.9072875976562,108.30967712402344,18.020000457763672,20.649999618530273
2025-06-13,228.4197540283203,590.23388671875,107.04833984375,20.81999969482422,22.6200008392334
2025-06-16,230.33924865722656,595.8494262695312,108.36351013183594,19.110000610351562,21.229999542236328
2025-06-17,228.58975219726562,590.7578735351562,107.32002258300781,21.600000381469727,22.90999984741211
2025-06-18,228.8979034423828,590.6688842773438,107.6744155883789,20.139999389648438,21.969999313354492
2025-06-20,228.92771911621094,589.2816162109375,107.95989990234375,20.6200008392334,22.479999542236328
2025-06-23,232.83428955078125,595.1021728515625,108.84586334228516,19.829999923706055,21.81999969482422
2025-06-24,235.4784393310547,601.676513671875,110.3126220703125,17.479999542236328,20.049999237060547
2025-06-25,233.7985076904297,602.0135498046875,109.67277526855469,16.760000228881836,19.670000076293945
2025-06-26,235.71701049804688,606.7236328125,110.6670150756836,16.59000015258789,19.450000762939453
2025-06-27,236.29356384277344,609.7380981445312,110.84420776367188,16.31999969482422,19.450000762939453
2025-06-30,238.88803100585938,612.6533203125,111.4447021484375,16.729999542236328,19.440000534057617
2025-07-01,235.39892578125,612.455078125,113.08865356445312,16.829999923706055,19.510000228881836
2025-07-02,235.48837280273438,615.2315063476562,113.38397979736328,16.639999389648438,19.350000381469727
2025-07-03,237.94366455078125,620.0803833007812,113.99431610107422,16.3799991607666,19.209999084472656
2025-07-07,237.1484375,615.4595336914062,112.63582611083984,17.790000915527344,20.209999084472656
2025-07-08,235.02117919921875,615.1224365234375,113.482421875,16.809999465942383,19.579999923706055
2025-07-09,236.4724884033203,618.8110961914062,113.6202392578125,15.9399995803833,19.020000457763672
2025-07-10,236.19415283203125,620.5563354492188,114.2207260131836,15.779999732971191,18.920000076293945
2025-07-11,234.84225463867188,618.3748168945312,113.2855453491211,16.399999618530273,19.3700008392334
2025-07-14,237.78463745117188,619.5548095703125,113.18709564208984,17.200000762939453,19.84000015258789
2025-07-15,235.81642150878906,616.9072875976562,111.72032928466797,17.3799991607666,20.059999465942383
2025-07-16,236.74087524414062,618.9697265625,111.58251953125,17.15999984741211,20.09000015258789
2025-07-17,237.84425354003906,622.7576293945312,112.21253967285156,16.520000457763672,19.690000534057617
2025-07-18,237.6454620361328,622.301513671875,112.1928482055664,16.40999984741211,19.579999923706055
2025-07-21,238.1226043701172,623.4815063476562,112.25191497802734,16.649999618530273,19.510000228881836
2025-07-22,236.14443969726562,623.5706787109375,113.0689697265625,16.5,19.530000686645508
2025-07-23,238.92774963378906,628.8757934570312,114.69324493408203,15.369999885559082,18.559999465942383
2025-07-24,238.17230224609375,629.083984375,113.73837280273438,15.390000343322754,18.559999465942383
2025-07-25,239.8522186279297,631.741455078125,113.80726623535156,14.930000305175781,18.31999969482422
2025-07-28,239.3054962158203,631.582763671875,113.31507110595703,15.029999732971191,18.15999984741211
2025-07-29,239.25579833984375,629.9169311523438,113.00990295410156,15.979999542236328,18.770000457763672
2025-07-30,239.91188049316406,629.1236572265625,112.5177001953125,15.479999542236328,18.350000381469727
2025-07-31,239.8522186279297,626.763671875,111.18875122070312,16.719999313354492,19.139999389648438
2025-08-01,237.357177734375,616.4907836914062,109.81058502197266,20.3799991607666,21.239999771118164
2025-08-04,240.89596557617188,625.8612670898438,110.93280792236328,17.520000457763672,19.610000610351562
2025-08-05,239.69317626953125,622.6881713867188,111.27735137939453,17.850000381469727,20.030000686645508
2025-08-06,242.605712890625,627.4578247070312,111.31673431396484,16.770000457763672,19.469999313354492
2025-08-07,242.41683959960938,626.9322509765625,111.47422790527344,16.56999969482422,19.350000381469727
2025-08-08,244.19619750976562,631.82080078125,112.65552520751953,15.149999618530273,18.700000762939453
2025-08-11,244.23594665527344,630.5712890625,112.55707550048828,16.25,19.25
2025-08-12,246.38307189941406,637.284423828125,114.69324493408203,14.729999542236328,18.34000015258789
2025-08-13,244.79261779785156,639.4659423828125,115.89422607421875,14.489999771118164,18.329999923706055
2025-08-14,244.49440002441406,639.5254516601562,116.08124542236328,14.829999923706055,18.489999771118164
2025-08-15,243.40097045898438,638.0281372070312,115.12638092041016,15.09000015258789,18.639999389648438
2025-08-18,243.38107299804688,637.8892822265625,115.40201568603516,14.989999771118164,18.450000762939453
2025-08-19,240.66734313964844,634.4286499023438,116.03203582763672,15.569999694824219,18.899999618530273
2025-08-20,241.41287231445312,632.7429809570312,115.21498107910156,15.6899995803833,19.100000381469727
2025-08-21,240.09078979492188,630.2044677734375,114.94918823242188,16.600000381469727,19.40999984741211
2025-08-22,242.20811462402344,639.88232421875,117.56771087646484,14.220000267028809,17.760000228881836
2025-08-25,241.3929901123047,637.0662231445312,117.08535766601562,14.789999961853027,18.020000457763672
2025-08-26,243.70912170410156,639.733642578125,117.29206848144531,14.619999885559082,17.899999618530273
2025-08-27,243.31150817871094,641.1912841796875,117.93194580078125,14.850000381469727,17.940000534057617
2025-08-28,244.8522491455078,643.4620361328125,118.20757293701172,14.430000305175781,17.719999313354492
2025-08-29,242.27769470214844,639.6245727539062,117.81381225585938,15.359999656677246,18.350000381469727
2025-09-02,241.04507446289062,634.884765625,117.21331787109375,17.170000076293945,19.3799991607666
2025-09-03,241.2239990234375,638.3255615234375,116.86878204345703,16.350000381469727,18.93000030517578
2025-09-04,243.48046875,643.6603393554688,118.11897277832031,15.300000190734863,18.389999389648438
2025-09-05,242.84429931640625,641.7960815429688,118.54226684570312,15.180000305175781,18.420000076293945
2025-09-08,245.0113067626953,643.372802734375,118.06975555419922,15.109999656677246,18.290000915527344
2025-09-09,246.9596405029297,644.8601684570312,118.20757293701172,15.039999961853027,18.270000457763672
2025-09-10,252.85427856445312,646.724365234375,118.51274108886719,15.350000381469727,18.440000534057617
2025-09-11,252.4467315673828,652.0987548828125,120.35358428955078,14.710000038146973,18.030000686645508
2025-09-12,252.0093536376953,651.8805541992188,119.75308990478516,14.760000228881836,18.059999465942383
2025-09-15,253.102783203125,655.3511352539062,119.82200622558594,15.6899995803833,18.530000686645508
2025-09-16,252.48899841308594,654.4488525390625,119.86158752441406,16.360000610351562,18.90999984741211
2025-09-17,252.2100067138672,653.6357421875,120.25749969482422,15.720000267028809,18.440000534057617
2025-09-18,253.764404296875,656.6898193359375,122.72203826904297,15.699999809265137,18.520000457763672
2025-09-19,255.88674926757812,659.9423217773438,121.83123779296875,15.449999809265137,18.479999542236328
2025-09-22,256.7635803222656,663.0645751953125,121.79165649414062,16.100000381469727,18.950000762939453
2025-09-23,255.86683654785156,659.4551391601562,122.20735168457031,16.639999389648438,19.440000534057617
2025-09-24,254.2327117919922,657.3569946289062,122.33602142333984,16.18000030517578,19.139999389648438
2025-09-25,252.67832946777344,654.3242797851562,122.08858489990234,16.739999771118164,19.459999084472656
2025-09-26,253.74447631835938,658.072998046875,123.3554916381836,15.289999961853027,18.40999984741211
2025-09-29,254.72096252441406,659.9224243164062,123.5732421875,16.1200008392334,18.760000228881836
2025-09-30,255.52804565429688,662.4082641601562,123.77120208740234,16.280000686645508,18.770000457763672
2025-10-01,254.98001098632812,664.6654052734375,125.51319885253906,16.290000915527344,18.760000228881836
2025-10-02,254.89035034179688,665.4309692382812,125.64187622070312,16.6299991607666,18.889999389648438
2025-10-03,253.3558807373047,665.421142578125,126.10707092285156,16.649999618530273,19.079999923706055
2025-10-06,253.2960968017578,667.8074951171875,125.90911102294922,16.3700008392334,19.1200008392334
2025-10-07,253.58505249023438,665.3316040039062,124.91934204101562,17.239999771118164,19.709999084472656
2025-10-08,254.99993896484375,669.2990112304688,125.63197326660156,16.299999237060547,19.260000228881836
2025-10-09,255.11952209472656,667.3600463867188,124.55311584472656,16.43000030517578,19.3799991607666
2025-10-10,249.07135009765625,649.32275390625,121.03942108154297,21.65999984741211,22.809999465942383
2025-10-13,253.82418823242188,659.2860107421875,122.84081268310547,19.030000686645508,20.93000030517578
2025-10-14,253.2064208984375,658.4805908203125,123.78108978271484,20.809999465942383,22.030000686645508
2025-10-15,253.94375610351562,661.4039306640625,125.07770538330078,20.639999389648438,21.940000534057617
2025-10-16,251.98085021972656,656.8995971679688,124.03843688964844,25.309999465942383,24.8700008392334
2025-10-17,251.89117431640625,660.62841796875,124.59270477294922,20.780000686645508,22.09000015258789
2025-10-20,253.30606079101562,667.499267578125,125.94869995117188,18.229999542236328,20.309999465942383
2025-10-21,252.6584014892578,667.4893188476562,127.13642883300781,17.8700008392334,19.989999771118164
2025-10-22,250.01792907714844,664.0191040039062,126.11695861816406,18.600000381469727,20.309999465942383
2025-10-23,252.05059814453125,667.9566650390625,126.92858123779297,17.299999237060547,19.649999618530273
2025-10-24,254.5814666748047,673.4155883789062,128.5023193359375,16.3700008392334,19.200000762939453
2025-10-27,256.9927978515625,681.3603515625,129.5415802001953,15.789999961853027,18.989999771118164
2025-10-28,257.0226745605469,683.1700439453125,129.45248413085938,16.420000076293945,19.549999237060547
2025-10-29,257.0924072265625,683.4982299804688,128.96751403808594,16.920000076293945,19.829999923706055
2025-10-30,252.64842224121094,675.9810180664062,128.24497985839844,16.90999984741211,19.979999542236328
2025-10-31,253.30606079101562,678.1983032226562,129.07638549804688,17.440000534057617,20.489999771118164
2025-11-03,252.60858154296875,679.4711303710938,129.23475646972656,17.170000076293945,20.3799991607666
2025-11-04,248.31407165527344,671.4169921875,126.9582748413086,19.0,21.290000915527344
2025-11-05,249.2506866455078,673.7437133789062,128.84872436523438,18.010000228881836,20.600000381469727
2025-11-06,246.04225158691406,666.514892578125,128.08660888671875,19.5,21.350000381469727
2025-11-07,247.2877655029297,667.1710815429688,128.94772338867188,19.079999923706055,21.190000534057617
2025-11-10,251.71180725097656,677.5818481445312,130.12554931640625,17.600000381469727,20.239999771118164
2025-11-11,250.8648681640625,679.1329956054688,130.12554931640625,17.280000686645508,20.190000534057617
2025-11-12,250.68551635742188,679.5109252929688,131.3132781982422,17.510000228881836,20.34000015258789
2025-11-13,244.90635681152344,668.235107421875,129.40301513671875,20.0,21.850000381469727
2025-11-14,245.18536376953125,668.1256713867188,129.32383728027344,19.829999923706055,21.579999923706055
2025-11-17,242.48509216308594,661.901123046875,127.0869369506836,22.3799991607666,23.18000030517578
2025-11-18,241.1698455810547,656.3427734375,126.71083068847656,24.690000534057617,24.540000915527344
2025-11-19,242.07656860351562,658.8783569335938,126.51287078857422,23.65999984741211,23.989999771118164
2025-11-20,237.164306640625,648.8355712890625,123.39508819580078,26.420000076293945,25.760000228881836
2025-11-21,236.9749755859375,655.2987670898438,126.08727264404297,23.43000030517578,23.959999084472656
2025-11-24,241.4289093017578,664.9437866210938,127.65110778808594,20.520000457763672,21.850000381469727
2025-11-25,243.33206176757812,671.1982421875,129.50198364257812,18.559999465942383,20.729999542236328
2025-11-26,246.78956604003906,675.8318481445312,130.69961547851562,17.190000534057617,20.020000457763672
2025-11-28,249.35032653808594,679.5208129882812,132.3030548095703,16.350000381469727,19.639999389648438
2025-12-01,246.75967407226562,676.41845703125,131.87744140625,17.239999771118164,20.219999313354492
2025-12-02,247.91549682617188,677.67138671875,132.65936279296875,16.59000015258789,19.84000015258789
2025-12-03,248.90194702148438,680.0180053710938,133.9856719970703,16.079999923706055,19.709999084472656
2025-12-04,250.6954803466797,680.51513671875,133.33241271972656,15.779999732971191,19.489999771118164
2025-12-05,251.8811798095703,681.8078002929688,133.92626953125,15.40999984741211,19.270000457763672
2025-12-08,252.46908569335938,679.7594604492188,133.90647888183594,16.65999984741211,19.90999984741211
2025-12-09,252.58865356445312,679.1727905273438,134.1044464111328,16.93000030517578,20.079999923706055
2025-12-10,254.99993896484375,683.6771850585938,136.85601806640625,15.770000457763672,19.350000381469727
2025-12-11,255.13943481445312,685.26806640625,137.162841796875,14.850000381469727,19.049999237060547
2025-12-12,248.56317138671875,677.9000854492188,135.38124084472656,15.739999771118164,19.25
2025-12-15,247.4471893310547,676.8758544921875,135.56930541992188,16.5,19.68000030517578
2025-12-16,247.48817443847656,675.0264282226562,134.5766143798828,16.479999542236328,19.670000076293945
2025-12-17,241.66339111328125,667.5986938476562,133.46142578125,17.6200008392334,20.079999923706055
2025-12-18,245.84963989257812,672.6399536132812,134.54673767089844,16.8700008392334,19.59000015258789
2025-12-19,251.02499389648438,678.7363891601562,136.00042724609375,14.90999984741211,18.25
2025-12-22,253.16307067871094,682.96484375,136.99610900878906,14.079999923706055,17.790000915527344
2025-12-23,254.09225463867188,686.0863037109375,136.67750549316406,14.0,17.84000015258789
2025-12-24,255.2412109375,688.4996948242188,137.60348510742188,13.470000267028809,17.770000457763672
2025-12-26,254.80160522460938,688.4298706054688,137.66322326660156,13.600000381469727,17.770000457763672
2025-12-29,253.2629852294922,685.9765625,137.5437469482422,14.199999809265137,17.81999969482422
2025-12-30,252.5635986328125,685.138916015625,137.37448120117188,14.329999923706055,17.770000457763672
2025-12-31,250.08583068847656,680.062744140625,136.13983154296875,14.949999809265137,18.18000030517578
2026-01-02,252.503662109375,681.309326171875,138.74851989746094,14.510000228881836,18.020000457763672
2026-01-05,254.8915252685547,685.846923828125,139.88360595703125,14.899999618530273,18.31999969482422
2026-01-06,257.87884521484375,689.92578125,142.46241760253906,14.75,18.149999618530273
2026-01-07,256.2403259277344,687.701904296875,141.1182403564453,15.380000114440918,18.59000015258789
2026-01-08,253.10313415527344,687.632080078125,141.70570373535156,15.449999809265137,18.389999389648438
2026-01-09,256.75982666015625,692.1796264648438,143.61741638183594,14.489999771118164,17.8799991607666
2026-01-12,258.7181091308594,693.2666625976562,143.07974243164062,15.119999885559082,18.229999542236328
2026-01-13,258.6781311035156,691.8804931640625,143.04986572265625,15.979999542236328,18.850000381469727
2026-01-14,255.5009765625,688.479736328125,143.06979370117188,16.75,19.3700008392334
2026-01-15,256.9796447753906,690.3546142578125,143.88624572753906,15.84000015258789,18.899999618530273
2026-01-16,258.14862060546875,689.7761840820312,143.8663330078125,15.859999656677246,18.989999771118164
2026-01-20,252.61355590820312,675.7345581054688,142.22344970703125,20.09000015258789,21.280000686645508
2026-01-21,255.1712646484375,683.5332641601562,145.9473114013672,16.899999618530273,19.360000610351562
2026-01-22,255.84068298339844,687.103515625,146.69407653808594,15.640000343322754,18.75
2026-01-23,255.26119995117188,687.352783203125,144.42391967773438,16.09000015258789,19.149999618530273
2026-01-26,256.71990966796875,690.84326171875,144.12521362304688,16.149999618530273,19.06999969482422
2026-01-27,259.9869689941406,693.5957641601562,145.47933959960938,16.350000381469727,19.219999313354492
2026-01-28,259.8570556640625,693.5259399414062,147.3213653564453,16.350000381469727,19.299999237060547
2026-01-29,260.8861389160156,692.1497192382812,147.82916259765625,16.8799991607666,19.670000076293945
2026-01-30,255.66082763671875,690.0853271484375,146.54470825195312,17.440000534057617,20.06999969482422
2026-02-02,258.12860107421875,693.5159912109375,148.98414611816406,16.34000015258789,19.3700008392334
2026-02-03,256.2203369140625,687.6520385742188,148.92440795898438,18.0,20.350000381469727
2026-02-04,246.82875061035156,684.3211059570312,148.48631286621094,18.639999389648438,20.6200008392334
2026-02-05,243.911376953125,675.7744750976562,147.51052856445312,21.770000457763672,22.450000762939453
2026-02-06,253.2629852294922,688.739013671875,151.2244415283203,20.3700008392334,20.3700008392334
2026-02-09,257.199462890625,692.0599975585938,150.67681884765625,17.360000610351562,20.09000015258789
2026-02-10,254.83157348632812,690.2349243164062,150.1590576171875,17.790000915527344,20.43000030517578
2026-02-11,254.92149353027344,690.075439453125,152.24002075195312,17.649999618530273,20.3700008392334
2026-02-12,249.97592163085938,679.41455078125,149.22311401367188,20.81999969482422,22.170000076293945
2026-02-13,251.25477600097656,679.8931884765625,150.9058074951172,20.600000381469727,22.170000076293945
2026-02-17,251.42462158203125,680.9901733398438,150.19888305664062,20.290000915527344,21.600000381469727
2026-02-18,253.2629852294922,684.4208374023438,151.6426239013672,19.6200008392334,21.389999389648438
2026-02-19,253.07315063476562,682.61572265625,150.72659301757812,20.229999542236328,21.8799991607666
2026-02-20,254.5518341064453,687.5523071289062,151.76210021972656,19.09000015258789,21.09000015258789
2026-02-23,249.52633666992188,680.531494140625,149.59152221679688,21.010000228881836,22.139999389648438
2026-02-24,251.91419982910156,685.4779052734375,150.49757385253906,19.549999237060547,21.34000015258789
2026-02-25,256.150390625,691.26220703125,151.33396911621094,17.93000030517578,20.360000610351562
2026-02-26,254.66172790527344,687.422607421875,150.46771240234375,18.6299991607666,20.809999465942383
2026-02-27,252.73345947265625,684.1216430664062,150.13912963867188,19.860000610351562,21.559999465942383
2026-03-02,253.47279357910156,684.5106201171875,149.64129638671875,21.440000534057617,22.440000534057617
2026-03-03,246.78878784179688,678.4771118164062,146.46507263183594,23.56999969482422,23.540000915527344
2026-03-04,250.4854736328125,683.2639770507812,148.61573791503906,21.149999618530273,22.290000915527344
2026-03-05,246.8087615966797,679.4544067382812,146.99278259277344,23.75,23.860000610351562
2026-03-06,241.26373291015625,670.5487060546875,143.93603515625,29.489999771118164,27.559999465942383
2026-03-09,247.01858520507812,676.4227294921875,144.71266174316406,25.5,25.34000015258789
2026-03-10,248.05764770507812,675.3356323242188,145.0910186767578,24.93000030517578,25.510000228881836
2026-03-11,248.5671844482422,674.4879760742188,145.73822021484375,24.229999542236328,24.969999313354492
2026-03-12,243.6815643310547,664.2459106445312,143.16934204101562,27.290000915527344,26.950000762939453
2026-03-13,243.22198486328125,660.4862060546875,144.0654754638672,27.190000534057617,27.280000686645508
2026-03-16,246.55899047851562,667.2078857421875,145.5590057373047,23.510000228881836,24.920000076293945
2026-03-17,248.22999572753906,668.9630126953125,147.00999450683594,22.3700008392334,24.329999923706055
2026-03-18,246.24000549316406,659.6285400390625,145.47999572753906,25.09000015258789,26.559999465942383
2026-03-19,246.86000061035156,658.0029907226562,145.36000061035156,24.059999465942383,25.540000915527344
2026-03-20,241.52000427246094,648.5700073242188,143.10000610351562,26.780000686645508,27.43000030517578
2026-03-23,244.52000427246094,655.3800048828125,143.8000030517578,26.149999618530273,26.100000381469727
2026-03-24,245.5399932861328,653.1799926757812,144.91000366210938,26.950000762939453,26.559999465942383
2026-03-25,247.17999267578125,656.8200073242188,145.55999755859375,25.329999923706055,25.6299991607666
2026-03-26,238.2100067138672,645.0900268554688,142.89999389648438,27.440000534057617,27.15999984741211
2026-03-27,235.75999450683594,634.0900268554688,141.0800018310547,31.049999237060547,29.270000457763672
