symbol,entry_date,exit_date,entry_price,exit_price,qty,pnl,reason,hold_days,year
ABT,2008-04-18 00:00:00,2008-04-28 00:00:00,24.38412776184082,24.712952919006348,513,168.68730562591625,max_hold,10,2008
EXAS,2008-04-18 00:00:00,2008-04-28 00:00:00,2.3747398853302,2.345299904823303,5274,-155.26645719337478,max_hold,10,2008
PG,2008-04-18 00:00:00,2008-04-28 00:00:00,67.3043381652832,66.07757908630371,186,-228.17718869018398,max_hold,10,2008
PENN,2008-04-18 00:00:00,2008-04-28 00:00:00,9.199914081573485,9.192521335601807,1361,-10.06152726745443,max_hold,10,2008
CROX,2008-04-18 00:00:00,2008-04-28 00:00:00,10.240440267562866,10.578800380706788,1223,413.81441837501717,max_hold,10,2008
ALGN,2008-04-21 00:00:00,2008-04-30 00:00:00,10.120200382232667,12.255439733505249,1237,2641.291077524183,rsi_exit,9,2008
HSY,2008-04-21 00:00:00,2008-05-01 00:00:00,35.83151831817627,38.24335969543457,349,841.7326406631461,rsi_exit,10,2008
BLK,2008-04-21 00:00:00,2008-05-01 00:00:00,202.26372061157227,211.51612243652343,61,564.3965113220211,max_hold,10,2008
XPO,2008-04-28 00:00:00,2008-05-02 00:00:00,1.5248005206584931,1.6567788314819336,8214,1084.06984510374,rsi_exit,4,2008
PNW,2008-04-28 00:00:00,2008-05-08 00:00:00,35.45076107025147,33.50285969543457,353,-687.6091853103635,max_hold,10,2008
ATI,2008-04-28 00:00:00,2008-05-08 00:00:00,72.2241618347168,76.42684182739258,173,727.0636387329105,rsi_exit,10,2008
KTOS,2008-04-29 00:00:00,2008-05-09 00:00:00,16.432799617767333,17.56480038070679,762,862.584581359865,max_hold,10,2008
IONS,2008-04-30 00:00:00,2008-05-12 00:00:00,11.803559732437133,12.614720342636108,1061,860.6414074211125,max_hold,12,2008
LLY,2008-04-30 00:00:00,2008-05-12 00:00:00,48.23627938842773,48.66247832489014,259,110.38552454376307,max_hold,12,2008
KO,2008-05-02 00:00:00,2008-05-12 00:00:00,29.4437702293396,28.143600761413573,425,-552.5720238685608,max_hold,10,2008
EXAS,2008-05-02 00:00:00,2008-05-12 00:00:00,2.2144200382232664,2.1856200571060183,5656,-162.89269319915542,max_hold,10,2008
PEP,2008-05-05 00:00:00,2008-05-15 00:00:00,68.70713969421386,67.93385969543456,182,-140.73695977783288,max_hold,10,2008
TSN,2008-05-09 00:00:00,2008-05-15 00:00:00,17.384700382232666,18.572780609130856,720,855.417763366697,rsi_exit,6,2008
MMM,2008-05-08 00:00:00,2008-05-16 00:00:00,64.46814120483398,65.63769523620606,194,226.8934820861821,rsi_exit,8,2008
SBUX,2008-05-13 00:00:00,2008-05-16 00:00:00,7.990949904441833,8.507949619293212,1567,810.1385531721112,rsi_exit,3,2008
CMG,2008-05-08 00:00:00,2008-05-19 00:00:00,1.8815555877685546,1.8077772557735443,6656,-491.06857775878836,max_hold,11,2008
UNH,2008-05-13 00:00:00,2008-05-20 00:00:00,32.615099235534665,33.98189923858643,384,524.8512011718776,rsi_exit,7,2008
C,2008-05-16 00:00:00,2008-05-21 00:00:00,231.66239694213868,210.17880609130856,54,-1160.113905944827,stop,5,2008
MDT,2008-05-16 00:00:00,2008-05-22 00:00:00,47.073959541320804,50.638521675109864,266,948.17352758789,rsi_exit,6,2008
NVR,2008-05-16 00:00:00,2008-05-22 00:00:00,602.202,542.3132243652344,20,-1197.7755126953116,stop,6,2008
IART,2008-05-13 00:00:00,2008-05-23 00:00:00,18.20088561630249,18.93583211898804,688,505.64319384765776,max_hold,10,2008
PEG,2008-05-13 00:00:00,2008-05-23 00:00:00,41.92368015289307,43.05371939086914,298,336.7516929168691,max_hold,10,2008
THC,2008-05-16 00:00:00,2008-05-27 00:00:00,22.685279388427738,22.674559314727784,552,-5.9174806823744746,max_hold,11,2008
URBN,2008-05-19 00:00:00,2008-05-29 00:00:00,30.480840076446533,32.75435969543457,410,932.1430437850963,max_hold,10,2008
GOOGL,2008-05-23 00:00:00,2008-05-30 00:00:00,13.656387668609621,14.630341018676758,917,893.1152220115637,rsi_exit,7,2008
WERN,2008-05-21 00:00:00,2008-06-02 00:00:00,18.096119464874267,18.812300380706787,692,495.5971937561042,max_hold,12,2008
RF,2008-05-21 00:00:00,2008-06-02 00:00:00,18.937799617767332,17.255420913696287,661,-1112.0523233909607,stop,12,2008
ES,2008-05-22 00:00:00,2008-06-02 00:00:00,26.2824595413208,25.918059314727785,476,-173.4545078582757,max_hold,11,2008
PODD,2008-05-22 00:00:00,2008-06-02 00:00:00,16.011959541320802,15.748439733505249,782,-206.07248971176293,max_hold,11,2008
ET,2008-05-23 00:00:00,2008-06-02 00:00:00,8.1562803440094,8.026414543151855,1535,-199.34400431633065,max_hold,10,2008
CMA,2008-05-27 00:00:00,2008-06-06 00:00:00,37.14413969421387,35.239381370544436,337,-641.9035550765991,max_hold,10,2008
MAR,2008-05-30 00:00:00,2008-06-06 00:00:00,30.740567173004152,27.84540265274048,407,-1178.331959747315,stop,7,2008
BAC,2008-06-02 00:00:00,2008-06-06 00:00:00,33.6471618347168,30.439,372,-1193.4362025146486,stop,4,2008
TFC,2008-06-02 00:00:00,2008-06-06 00:00:00,30.7914595413208,28.0038794670105,406,-1131.7575101699827,stop,4,2008
LH,2008-05-29 00:00:00,2008-06-09 00:00:00,63.373916107177735,63.592492691040036,197,43.05958702087335,max_hold,11,2008
FITB,2008-06-02 00:00:00,2008-06-10 00:00:00,18.0259797706604,16.39714030456543,694,-1130.414589469909,stop,8,2008
COF,2008-06-02 00:00:00,2008-06-11 00:00:00,46.653121376037596,42.434960456848145,268,-1130.4671263427729,stop,9,2008
PODD,2008-06-02 00:00:00,2008-06-12 00:00:00,15.811559732437134,15.139660076141356,792,-532.1445277862565,max_hold,10,2008
CPB,2008-06-06 00:00:00,2008-06-13 00:00:00,32.7353381652832,34.570719390869144,382,701.1156281738295,rsi_exit,7,2008
CLX,2008-06-06 00:00:00,2008-06-16 00:00:00,54.017819847106935,53.04370152282715,231,-225.02133290863054,max_hold,10,2008
CHD,2008-06-06 00:00:00,2008-06-16 00:00:00,13.76998530578613,13.887169961929322,909,106.52085243416089,max_hold,10,2008
IAC,2008-06-06 00:00:00,2008-06-16 00:00:00,3.3174266924858093,3.347762026309967,3775,114.51588518619513,max_hold,10,2008
ACAD,2008-06-16 00:00:00,2008-06-18 00:00:00,4.839659923553467,4.081820152282715,2587,-1960.531488277435,stop,2,2008
VMC,2008-06-09 00:00:00,2008-06-19 00:00:00,71.49269847106933,66.00771939086914,175,-959.8713390350333,max_hold,10,2008
UNH,2008-06-12 00:00:00,2008-06-19 00:00:00,31.0720202293396,27.834219390869144,403,-1304.8337379035936,stop,7,2008
EPD,2008-06-10 00:00:00,2008-06-20 00:00:00,15.050040458679199,14.979980228424072,832,-58.29011157226546,max_hold,10,2008
TXN,2008-06-11 00:00:00,2008-06-23 00:00:00,29.8195202293396,28.961960456848143,420,-360.17510444641147,max_hold,12,2008
PNW,2008-06-16 00:00:00,2008-06-26 00:00:00,32.59505877685547,31.536800380706786,384,-406.3712241210933,max_hold,10,2008
SAIA,2008-06-16 00:00:00,2008-06-26 00:00:00,7.902440108299255,7.258786406517029,1584,-1019.547463623047,max_hold,10,2008
OMCL,2008-06-16 00:00:00,2008-06-26 00:00:00,12.214379579544067,12.69456026649475,1025,492.1852041244508,max_hold,10,2008
ET,2008-06-18 00:00:00,2008-06-30 00:00:00,7.722914980888366,7.233004942893982,1621,-794.1441715888974,max_hold,12,2008
SNPS,2008-06-19 00:00:00,2008-06-30 00:00:00,24.8095202293396,23.852199619293213,504,-482.48958746337945,max_hold,11,2008
LH,2008-06-20 00:00:00,2008-06-30 00:00:00,60.18886685943603,59.69994853210449,208,-101.69501208496024,max_hold,10,2008
KBH,2008-06-23 00:00:00,2008-07-03 00:00:00,17.5249797706604,16.916100761413574,714,-434.7396126022347,max_hold,10,2008
STX,2008-06-26 00:00:00,2008-07-07 00:00:00,19.539,17.53485969543457,641,-1284.653935226442,stop,11,2008
IMAX,2008-06-26 00:00:00,2008-07-07 00:00:00,6.5831401720047,6.457059790611267,1902,-239.80488541030834,max_hold,11,2008
WTW,2008-06-26 00:00:00,2008-07-07 00:00:00,85.94638334655761,82.43083151245118,145,-509.75501594543266,max_hold,11,2008
KO,2008-06-30 00:00:00,2008-07-10 00:00:00,26.0419797706604,24.969960456848145,480,-514.5692706298826,max_hold,10,2008
XPO,2008-06-30 00:00:00,2008-07-10 00:00:00,1.6079714820384978,1.7258114414215087,7789,917.8554436342714,max_hold,10,2008
MAS,2008-06-30 00:00:00,2008-07-10 00:00:00,13.85014140701294,12.865254913330078,904,-890.3373902893065,max_hold,10,2008
PPG,2008-07-03 00:00:00,2008-07-14 00:00:00,27.870630535125734,27.51485969543457,449,-159.74110702133277,max_hold,11,2008
NRG,2008-07-07 00:00:00,2008-07-17 00:00:00,40.02990076446533,36.10764030456543,312,-1223.7452634887695,stop,10,2008
PLD,2008-07-07 00:00:00,2008-07-17 00:00:00,48.937680152893066,50.498798477172855,255,398.08517269134626,max_hold,10,2008
SCHW,2008-07-07 00:00:00,2008-07-17 00:00:00,19.7494190826416,22.724460456848146,634,1886.1762312469489,rsi_exit,10,2008
ALGN,2008-07-10 00:00:00,2008-07-17 00:00:00,10.2504595413208,12.135679847717284,1221,2301.8539941101067,rsi_exit,7,2008
MET,2008-07-10 00:00:00,2008-07-21 00:00:00,46.84930611419677,45.932905838012694,267,-244.67887374114875,max_hold,11,2008
PH,2008-07-10 00:00:00,2008-07-21 00:00:00,69.18810305786133,68.28315817260741,181,-163.79502423095798,max_hold,11,2008
ZION,2008-07-14 00:00:00,2008-07-24 00:00:00,19.7694595413208,27.145600761413576,633,4669.0973923187275,max_hold,10,2008
APA,2008-07-17 00:00:00,2008-07-28 00:00:00,111.34224275207521,111.277,112,-7.3071882324231865,max_hold,11,2008
EOG,2008-07-17 00:00:00,2008-07-28 00:00:00,52.414621376037594,50.838118629455565,238,-375.20765368652303,max_hold,11,2008
LDOS,2008-07-18 00:00:00,2008-07-28 00:00:00,46.957925170898434,47.189382904052735,266,61.56775701904397,max_hold,10,2008
CVS,2008-07-18 00:00:00,2008-07-28 00:00:00,37.43472061157227,37.08567984771729,334,-116.57961512756323,max_hold,10,2008
CMS,2008-07-21 00:00:00,2008-07-31 00:00:00,13.697340076446531,13.473,914,-205.04682987212902,max_hold,10,2008
D,2008-07-21 00:00:00,2008-07-31 00:00:00,44.879580917358396,44.09164030456543,279,-219.8354309692374,max_hold,10,2008
AFL,2008-07-24 00:00:00,2008-08-04 00:00:00,26.598090076446532,27.235420913696288,470,299.5454935073854,max_hold,11,2008
PODD,2008-07-28 00:00:00,2008-08-07 00:00:00,13.817579961776733,14.331279657363892,906,465.4119242019656,max_hold,10,2008
PCG,2008-07-28 00:00:00,2008-08-07 00:00:00,37.0940404586792,37.504841827392575,337,138.44006125640638,max_hold,10,2008
COST,2008-07-28 00:00:00,2008-08-07 00:00:00,60.47069847106933,65.68835969543457,207,1080.055873443604,max_hold,10,2008
NI,2008-07-28 00:00:00,2008-08-07 00:00:00,6.657689875602722,6.450726733207703,1881,-389.2976708450314,max_hold,10,2008
HOLX,2008-07-31 00:00:00,2008-08-11 00:00:00,18.506939311981203,21.03783992385864,676,1710.8888136291484,max_hold,11,2008
FFIV,2008-07-31 00:00:00,2008-08-11 00:00:00,29.208299617767334,35.229399238586424,428,2577.0306377105703,rsi_exit,11,2008
CDNS,2008-08-04 00:00:00,2008-08-14 00:00:00,7.1442601146698,7.145679847717285,1753,2.4887920322415846,max_hold,10,2008
EW,2008-08-07 00:00:00,2008-08-18 00:00:00,4.8296401720047,4.994158745765686,2593,426.59666176223783,max_hold,11,2008
BIIB,2008-08-07 00:00:00,2008-08-18 00:00:00,49.97976107025146,54.32114030456543,250,1085.3448085784923,max_hold,11,2008
APD,2008-08-07 00:00:00,2008-08-18 00:00:00,82.46802786254882,83.73598574829101,151,191.46164074707093,max_hold,11,2008
EIX,2008-08-07 00:00:00,2008-08-18 00:00:00,46.54290076446533,44.97985969543457,269,-420.4580475692744,max_hold,11,2008
WMB,2008-08-07 00:00:00,2008-08-18 00:00:00,23.990309623718257,22.812491287231445,522,-614.8211716461159,max_hold,11,2008
STLD,2008-08-11 00:00:00,2008-08-21 00:00:00,25.0199393119812,25.678539543151857,500,329.3001155853279,max_hold,10,2008
EQIX,2008-08-12 00:00:00,2008-08-22 00:00:00,77.64497785949708,76.69629847717285,161,-152.73738055420094,max_hold,10,2008
NEM,2008-08-14 00:00:00,2008-08-25 00:00:00,42.97577938842773,43.62257908630371,291,188.21871208190936,max_hold,11,2008
ICE,2008-08-18 00:00:00,2008-08-27 00:00:00,16.54101541900635,17.56480038070679,757,775.0052160072325,rsi_exit,9,2008
CMC,2008-08-18 00:00:00,2008-08-28 00:00:00,25.8215404586792,26.147600761413575,485,158.1392468261725,max_hold,10,2008
NUE,2008-08-18 00:00:00,2008-08-28 00:00:00,49.8495,52.70438137054443,251,716.5752240066527,max_hold,10,2008
GS,2008-08-18 00:00:00,2008-08-28 00:00:00,160.36007327270508,161.5063418273926,78,89.40894726562573,max_hold,10,2008
EIX,2008-08-18 00:00:00,2008-08-28 00:00:00,45.16013969421387,46.74632015228271,277,439.37198688507027,max_hold,10,2008
ALNY,2008-08-21 00:00:00,2008-09-02 00:00:00,29.699279388427737,29.710460456848146,421,4.707229804992377,max_hold,12,2008
NTAP,2008-08-22 00:00:00,2008-09-02 00:00:00,24.148200382232666,25.029839923858642,518,456.6892825622555,max_hold,11,2008
AIG,2008-08-25 00:00:00,2008-09-04 00:00:00,376.3512061157227,423.5511939086914,33,1557.599597167968,max_hold,10,2008
GILD,2008-08-28 00:00:00,2008-09-05 00:00:00,26.6582095413208,23.877149238586426,469,-1304.3172819824217,stop,8,2008
MU,2008-08-27 00:00:00,2008-09-08 00:00:00,4.268520229339599,4.401179847717285,2934,389.22332032012883,max_hold,12,2008
F,2008-08-28 00:00:00,2008-09-08 00:00:00,4.438859827995301,4.540900190353393,2821,287.8558622121791,max_hold,11,2008
TXRH,2008-08-28 00:00:00,2008-09-08 00:00:00,9.058079961776734,9.660640304565428,1382,832.7383937339749,max_hold,11,2008
KO,2008-08-28 00:00:00,2008-09-08 00:00:00,26.613119464874266,26.6366205329895,470,11.04550201415993,max_hold,11,2008
KLAC,2008-09-02 00:00:00,2008-09-09 00:00:00,36.5329190826416,33.303258934020995,342,-1104.5437708282461,stop,7,2008
HAL,2008-09-08 00:00:00,2008-09-09 00:00:00,37.98581984710693,34.73039923858643,329,-1071.0333802032453,stop,1,2008
SNPS,2008-09-02 00:00:00,2008-09-12 00:00:00,21.23238053512573,20.57876083755493,589,-384.9820018692013,max_hold,10,2008
NVDA,2008-09-08 00:00:00,2008-09-12 00:00:00,0.2803094894886017,0.2542405133247375,44682,-1164.8139929537786,stop,4,2008
DHR,2008-09-04 00:00:00,2008-09-15 00:00:00,26.113533725738524,25.09032661819458,479,-490.1162045135486,max_hold,11,2008
STX,2008-09-05 00:00:00,2008-09-15 00:00:00,14.759459541320801,13.143660076141355,848,-1370.1979464721703,stop,10,2008
NRG,2008-09-08 00:00:00,2008-09-15 00:00:00,32.8155,29.660559314727784,381,-1202.032401088714,stop,7,2008
CELH,2008-09-12 00:00:00,2008-09-17 00:00:00,0.4676003304719925,0.39920000594854355,26785,-1832.1026923605805,stop,5,2008
SJM,2008-09-08 00:00:00,2008-09-18 00:00:00,54.48876107025146,50.808179847717284,229,-842.8530999603271,max_hold,10,2008
OKE,2008-09-09 00:00:00,2008-09-18 00:00:00,17.4924536819458,15.941613212585448,716,-1110.4017760620122,stop,9,2008
RS,2008-09-09 00:00:00,2008-09-19 00:00:00,44.71926107025146,47.61457908630371,280,810.6890444946303,max_hold,10,2008
EXAS,2008-09-12 00:00:00,2008-09-22 00:00:00,0.8416799737215042,0.9780400190353394,14880,2029.0374742698689,max_hold,10,2008
NTAP,2008-09-17 00:00:00,2008-09-22 00:00:00,21.84359923553467,18.692539543151856,573,-1805.5572037353515,stop,5,2008
CNK,2008-09-15 00:00:00,2008-09-25 00:00:00,13.3967398853302,13.69256026649475,934,276.2962360076894,max_hold,10,2008
BIIB,2008-09-15 00:00:00,2008-09-25 00:00:00,46.683180152893065,48.73234182739258,268,549.1753287658702,max_hold,10,2008
WMB,2008-09-15 00:00:00,2008-09-25 00:00:00,19.505910118103028,21.17721667861938,642,1072.9788118514984,max_hold,10,2008
XPO,2008-09-18 00:00:00,2008-09-29 00:00:00,1.7188668537139895,1.6567788314819336,7286,-452.37332998275923,max_hold,11,2008
ANF,2008-09-22 00:00:00,2008-09-29 00:00:00,41.53290076446533,35.668521675109865,301,-1765.1781058959955,stop,7,2008
AMD,2008-09-22 00:00:00,2008-09-29 00:00:00,4.9999797706604,4.281419961929322,2505,-1799.9923208713517,stop,7,2008
CDNS,2008-09-25 00:00:00,2008-09-29 00:00:00,6.863699904441834,6.187599809646606,1824,-1233.2065729064952,stop,4,2008
PENN,2008-09-25 00:00:00,2008-09-29 00:00:00,6.2616504878997805,5.695120841026307,2000,-1133.059293746948,stop,4,2008
CI,2008-09-22 00:00:00,2008-10-02 00:00:00,34.59905877685547,32.10565817260742,362,-902.6110187377948,max_hold,10,2008
CMG,2008-09-22 00:00:00,2008-10-02 00:00:00,1.160315992355347,1.0888179609775543,10794,-771.7497506918938,max_hold,10,2008
APD,2008-09-25 00:00:00,2008-10-02 00:00:00,65.79274557495117,59.095264328002926,190,-1272.5214369201663,stop,7,2008
UHS,2008-09-29 00:00:00,2008-10-03 00:00:00,28.081049617767334,25.688519771575926,446,-1067.068311401368,stop,4,2008
THC,2008-10-02 00:00:00,2008-10-06 00:00:00,20.080080917358398,18.003920913696287,623,-1293.4476822814947,stop,4,2008
STLD,2008-10-02 00:00:00,2008-10-06 00:00:00,13.0360202293396,11.077800380706789,960,-1879.8910546874993,stop,4,2008
CELH,2008-10-03 00:00:00,2008-10-06 00:00:00,0.3339996516108512,0.26613367438316343,37500,-2544.9741460382916,stop,3,2008
XPO,2008-09-29 00:00:00,2008-10-07 00:00:00,1.6634192276000976,1.4634881660938264,7529,-1505.2809620807163,stop,8,2008
UNH,2008-09-29 00:00:00,2008-10-08 00:00:00,21.042,19.161600761413574,595,-1118.8375469589243,stop,9,2008
MKC,2008-09-29 00:00:00,2008-10-09 00:00:00,18.937799617767332,17.19055038070679,661,-1154.9317456970193,stop,10,2008
JBHT,2008-10-02 00:00:00,2008-10-09 00:00:00,29.0479797706604,25.967960456848143,431,-1327.4883242530832,stop,7,2008
ROST,2008-10-06 00:00:00,2008-10-09 00:00:00,8.103674617767334,6.9835049428939815,1545,-1730.6621476793296,stop,3,2008
MTZ,2008-10-06 00:00:00,2008-10-09 00:00:00,10.380719655990601,9.211539543151856,1206,-1410.031216083527,stop,3,2008
WAL,2008-10-08 00:00:00,2008-10-09 00:00:00,13.677299617767332,10.279400190353394,915,-3109.077976083753,stop,1,2008
NEM,2008-10-07 00:00:00,2008-10-10 00:00:00,32.57501831817627,29.171539543151855,384,-1306.935849609375,stop,3,2008
ET,2008-10-09 00:00:00,2008-10-10 00:00:00,3.8276399331092836,3.4131600761413576,3272,-1356.1780919990538,stop,1,2008
WBD,2008-10-09 00:00:00,2008-10-20 00:00:00,5.903454523086548,6.940613088607788,2121,2199.813317470549,max_hold,11,2008
AEP,2008-10-09 00:00:00,2008-10-20 00:00:00,30.160200382232667,32.50485969543457,415,973.0336149787893,max_hold,11,2008
CB,2008-10-09 00:00:00,2008-10-20 00:00:00,38.3265,49.281241065979,326,3571.245587509154,max_hold,11,2008
AVB,2008-10-09 00:00:00,2008-10-20 00:00:00,72.41453663635254,73.44281634521484,172,176.86410992431558,max_hold,11,2008
KTOS,2008-10-10 00:00:00,2008-10-20 00:00:00,14.428799617767332,15.269400190353393,868,729.6412970047006,max_hold,10,2008
F,2008-10-20 00:00:00,2008-10-22 00:00:00,2.334659923553467,2.0957999048233034,5364,-1281.245140468597,stop,2,2008
EGP,2008-10-20 00:00:00,2008-10-22 00:00:00,35.891639694213865,31.31723916244507,348,-1591.8913850555407,stop,2,2008
CRM,2008-10-20 00:00:00,2008-10-22 00:00:00,7.970909923553466,6.868735171318054,1571,-1731.5165357618328,stop,2,2008
WYNN,2008-10-20 00:00:00,2008-10-22 00:00:00,52.514819847106935,46.287241065979,238,-1482.1637499084477,stop,2,2008
ANF,2008-10-20 00:00:00,2008-10-23 00:00:00,29.679240840911866,26.07773916244507,422,-1519.8337083129882,stop,3,2008
ALL,2008-10-22 00:00:00,2008-10-24 00:00:00,28.286459541320802,25.478940685272217,442,-1240.9233343734745,stop,2,2008
JPM,2008-10-22 00:00:00,2008-10-27 00:00:00,37.2443381652832,33.932,336,-1112.9456235351554,stop,5,2008
EBAY,2008-10-20 00:00:00,2008-10-30 00:00:00,6.523964821815491,6.464318441390991,1919,-114.46140403461506,max_hold,10,2008
CL,2008-10-22 00:00:00,2008-11-03 00:00:00,29.468819847106932,31.701469390869143,425,948.8760560989396,max_hold,12,2008
BLK,2008-10-23 00:00:00,2008-11-03 00:00:00,113.10575724792479,137.41462243652344,110,2673.9751707458527,max_hold,11,2008
CME,2008-10-24 00:00:00,2008-11-03 00:00:00,50.34048168182373,60.11552806091308,248,2424.2115020141578,max_hold,10,2008
C,2008-11-03 00:00:00,2008-11-05 00:00:00,140.17979388427733,126.04740304565428,89,-1257.7827846374516,stop,2,2008
AMD,2008-10-27 00:00:00,2008-11-06 00:00:00,2.9458800573348998,3.1636600761413574,4251,925.7828599462512,max_hold,10,2008
GS,2008-11-03 00:00:00,2008-11-06 00:00:00,89.2681763305664,80.55856121826172,140,-1219.3461157226566,stop,3,2008
IP,2008-11-03 00:00:00,2008-11-06 00:00:00,15.29036638069153,13.738084232330323,819,-1271.3190795078292,stop,3,2008
HIG,2008-11-03 00:00:00,2008-11-06 00:00:00,16.3125606880188,13.552839923858645,767,-2116.7058261108377,stop,3,2008
EGP,2008-10-30 00:00:00,2008-11-10 00:00:00,30.230340076446534,33.28329847717285,414,1263.9247779006942,max_hold,11,2008
GS,2008-11-06 00:00:00,2008-11-10 00:00:00,80.88144122314453,71.06757908630371,154,-1511.334769073487,stop,4,2008
TSN,2008-11-06 00:00:00,2008-11-10 00:00:00,7.805579961776734,6.676620057106018,1604,-1810.8516870918272,stop,4,2008
STX,2008-11-06 00:00:00,2008-11-11 00:00:00,6.4428598279953,5.479019771575928,1944,-1873.7050696792603,stop,5,2008
VTR,2008-11-10 00:00:00,2008-11-11 00:00:00,29.349435207366945,25.585361557006834,426,-1603.495375053407,stop,1,2008
DECK,2008-11-10 00:00:00,2008-11-12 00:00:00,3.8749565148353575,3.469158713340759,3232,-1311.5384944305422,stop,2,2008
SJM,2008-11-06 00:00:00,2008-11-17 00:00:00,40.130099235534665,38.93197832489014,312,-373.8137241210922,max_hold,11,2008
DXCM,2008-11-12 00:00:00,2008-11-18 00:00:00,0.5385750238895416,0.4590800083279609,23255,-1848.6565868845585,stop,6,2008
PKG,2008-11-10 00:00:00,2008-11-19 00:00:00,14.118180152893066,12.255439733505249,887,-1652.250751996994,stop,9,2008
MO,2008-11-12 00:00:00,2008-11-20 00:00:00,16.613159923553468,14.421099809646606,753,-1650.6212657718672,stop,8,2008
ANF,2008-11-17 00:00:00,2008-11-20 00:00:00,15.430799617767333,14.121699619293212,811,-1061.680098762512,stop,3,2008
MU,2008-11-19 00:00:00,2008-11-20 00:00:00,2.0741399331092834,1.6866200571060181,6038,-2339.845011307715,stop,1,2008
LVS,2008-11-20 00:00:00,2008-11-21 00:00:00,3.907800095558167,3.2235400190353394,3205,-2193.053545255663,stop,1,2008
ECL,2008-11-12 00:00:00,2008-11-24 00:00:00,30.681240840911865,34.03179847717285,408,1367.0275155944814,max_hold,12,2008
WYNN,2008-11-20 00:00:00,2008-12-01 00:00:00,31.3125,33.802258934021,400,995.903573608399,max_hold,11,2008
JPM,2008-11-20 00:00:00,2008-12-01 00:00:00,23.426759159088135,26.067760837554932,534,1410.2948963012693,max_hold,11,2008
CROX,2008-11-21 00:00:00,2008-12-01 00:00:00,1.0420799617767331,1.3572800142765045,12019,3788.389430994752,max_hold,10,2008
GD,2008-11-24 00:00:00,2008-12-04 00:00:00,50.3104190826416,49.85010076141357,248,-114.15894366455143,max_hold,10,2008
CELH,2008-12-04 00:00:00,2008-12-08 00:00:00,0.2672003424167633,0.19960000297427175,46874,-3168.6983110273504,stop,4,2008
REGN,2008-12-01 00:00:00,2008-12-10 00:00:00,13.7875202293396,17.14564030456543,908,3049.1730283050524,rsi_exit,9,2008
IONS,2008-12-01 00:00:00,2008-12-11 00:00:00,10.3907398853302,11.307339923858644,1205,1104.5030464267743,max_hold,10,2008
CPB,2008-12-01 00:00:00,2008-12-11 00:00:00,29.959799617767334,28.552780609130856,418,-588.1339456100479,max_hold,10,2008
XPO,2008-12-09 00:00:00,2008-12-19 00:00:00,1.1782547686100004,1.2149712224006652,10630,390.29590379476673,max_hold,10,2008
CLX,2008-12-12 00:00:00,2008-12-22 00:00:00,53.1460809173584,54.57064030456543,235,334.77145599365275,max_hold,10,2008
EOG,2008-12-17 00:00:00,2008-12-22 00:00:00,34.869599235534665,30.518839923858643,359,-1561.922592891692,stop,5,2008
CHD,2008-12-15 00:00:00,2008-12-26 00:00:00,12.7905303440094,13.527890304565428,979,721.8754013843525,max_hold,11,2008
EOG,2008-12-22 00:00:00,2009-01-02 00:00:00,30.641159923553467,35.12460969543457,408,1829.2475069274908,max_hold,11,2009
AIG,2008-12-23 00:00:00,2009-01-02 00:00:00,31.062,33.732399238586424,403,1076.1708931503285,max_hold,10,2009
ACAD,2008-12-24 00:00:00,2009-01-05 00:00:00,0.8517000238895416,1.1976000475883484,14705,5086.459848490954,max_hold,12,2009
ZION,2008-12-26 00:00:00,2009-01-05 00:00:00,22.35461946487427,24.281339923858642,560,1078.9634570312492,max_hold,10,2009
MTB,2009-01-07 00:00:00,2009-01-12 00:00:00,49.69919847106934,45.369079086303714,252,-1091.1900849609372,stop,5,2009
SKY,2009-01-05 00:00:00,2009-01-14 00:00:00,20.150220611572262,18.133660076141357,621,-1252.284092502592,stop,9,2009
TFC,2009-01-07 00:00:00,2009-01-15 00:00:00,23.336580917358397,20.94801977157593,536,-1280.268774139403,stop,8,2009
BAC,2009-01-15 00:00:00,2009-01-16 00:00:00,8.336639694213867,7.165639828681946,1502,-1758.8417980289453,stop,1,2009
DD,2009-01-07 00:00:00,2009-01-20 00:00:00,9.59495823097229,8.25509559249878,1305,-1748.5207432079314,stop,13,2009
NI,2009-01-07 00:00:00,2009-01-20 00:00:00,4.248165384292602,4.070427977561951,2948,-523.9698750419603,max_hold,13,2009
CB,2009-01-12 00:00:00,2009-01-22 00:00:00,47.29440076446533,44.86010076141358,264,-642.6552008056628,max_hold,10,2009
AON,2009-01-14 00:00:00,2009-01-26 00:00:00,41.01186030578613,38.93197832489014,305,-634.3640041732771,max_hold,12,2009
VZ,2009-01-16 00:00:00,2009-01-26 00:00:00,28.155351825714114,29.007049465179442,444,378.1537519226058,max_hold,10,2009
PNC,2009-01-20 00:00:00,2009-01-30 00:00:00,22.044,32.45496045684814,568,5913.425539489744,max_hold,10,2009
WYNN,2009-01-26 00:00:00,2009-01-30 00:00:00,35.39063969421387,30.019839923858644,353,-1895.8923189353936,stop,4,2009
TDY,2009-01-22 00:00:00,2009-02-02 00:00:00,30.0499797706604,27.235420913696288,416,-1170.8564844970706,stop,11,2009
DOV,2009-01-26 00:00:00,2009-02-05 00:00:00,19.807734409332276,20.243786453247072,632,275.5848917541507,max_hold,10,2009
NKE,2009-02-02 00:00:00,2009-02-06 00:00:00,11.129715076446532,12.145660076141356,1125,1142.938124656677,rsi_exit,4,2009
PG,2009-01-30 00:00:00,2009-02-09 00:00:00,54.609,52.83411862945557,229,-406.4478338546756,max_hold,10,2009
OMCL,2009-01-30 00:00:00,2009-02-09 00:00:00,7.8256199426651,8.852259885787964,1600,1642.6239089965818,max_hold,10,2009
NI,2009-01-30 00:00:00,2009-02-09 00:00:00,3.8111430101394648,4.23120664024353,3286,1380.3290885219599,rsi_exit,10,2009
ETN,2009-02-05 00:00:00,2009-02-17 00:00:00,21.838590076446533,20.977960456848145,573,-493.14077202987636,max_hold,12,2009
AFL,2009-02-06 00:00:00,2009-02-17 00:00:00,10.921799617767332,8.80235969543457,1146,-2428.8781509933465,stop,11,2009
CAT,2009-02-10 00:00:00,2009-02-18 00:00:00,30.981840076446534,28.3831205329895,404,-1049.8826955566415,stop,8,2009
WWD,2009-02-10 00:00:00,2009-02-19 00:00:00,19.478880535125732,17.75442091369629,643,-1108.8275365791314,stop,9,2009
WM,2009-02-10 00:00:00,2009-02-20 00:00:00,28.356599235534667,28.51285969543457,441,68.91086281585785,max_hold,10,2009
PWR,2009-02-17 00:00:00,2009-02-23 00:00:00,17.895720611572266,15.878179847717286,699,-1410.2609939346307,stop,6,2009
EXAS,2009-02-20 00:00:00,2009-02-23 00:00:00,0.9819600191116334,0.8782399952411651,12755,-1322.9489044678232,stop,3,2009
EIX,2009-02-17 00:00:00,2009-02-27 00:00:00,29.258400764465332,27.165559314727783,428,-895.7361404876708,max_hold,10,2009
TREX,2009-02-23 00:00:00,2009-02-27 00:00:00,1.4165775525569915,1.123997528553009,8841,-2586.6999922192085,stop,4,2009
AMT,2009-02-18 00:00:00,2009-03-02 00:00:00,26.983860305786134,27.804280609130856,464,380.6750207519511,max_hold,12,2009
POOL,2009-02-19 00:00:00,2009-03-02 00:00:00,13.426799617767331,13.033880418777466,932,-366.2006934585546,max_hold,11,2009
CE,2009-02-27 00:00:00,2009-03-02 00:00:00,8.557079961776733,7.704559790611267,1463,-1247.2370104150766,stop,3,2009
KBH,2009-02-27 00:00:00,2009-03-03 00:00:00,8.917799617767335,8.093779657363891,1404,-1156.924024406435,stop,4,2009
GE,2009-03-02 00:00:00,2009-03-04 00:00:00,36.49536854553222,31.997282371520996,343,-1542.843557685851,stop,2,2009
XPO,2009-03-04 00:00:00,2009-03-06 00:00:00,1.0119127264022827,0.9250352243185044,12377,-1075.2828432909241,stop,2,2009
MU,2009-03-02 00:00:00,2009-03-09 00:00:00,3.0160199904441836,2.574839923858643,4152,-1831.7796364631652,stop,7,2009
VLO,2009-03-02 00:00:00,2009-03-12 00:00:00,15.552065797805787,16.037330513000487,805,390.6380957317341,max_hold,10,2009
CNC,2009-03-03 00:00:00,2009-03-13 00:00:00,4.030545038223266,4.261459980964661,3107,717.4527270975129,max_hold,10,2009
ANF,2009-03-06 00:00:00,2009-03-16 00:00:00,17.5249797706604,21.237440685272215,714,2650.6970930328353,max_hold,10,2009
CAG,2009-03-09 00:00:00,2009-03-19 00:00:00,11.181851612091064,11.323611331939697,1120,158.7708862304686,max_hold,10,2009
GILD,2009-03-12 00:00:00,2009-03-23 00:00:00,22.259430152893067,22.794320152282715,562,300.6081796569822,max_hold,11,2009
PH,2009-03-16 00:00:00,2009-03-23 00:00:00,30.5309393119812,33.83220152282715,410,1353.5175064468388,rsi_exit,7,2009
WM,2009-03-16 00:00:00,2009-03-24 00:00:00,24.0580202293396,25.718460456848145,520,863.4289183044433,rsi_exit,8,2009
PODD,2009-03-24 00:00:00,2009-03-26 00:00:00,3.0661199426651002,4.0419001903533935,4084,3985.08653155899,rsi_exit,2,2009
WAL,2009-04-07 00:00:00,2009-04-09 00:00:00,4.3186199426651,5.139700095176697,2900,2381.1324422836324,rsi_exit,2,2009
MKC,2009-04-03 00:00:00,2009-04-13 00:00:00,14.6692803440094,14.311320152282715,853,-305.34004354286196,max_hold,10,2009
EXAS,2009-04-09 00:00:00,2009-04-15 00:00:00,1.0721400525569915,1.437120057106018,11682,4263.696413141728,rsi_exit,6,2009
ABT,2009-04-06 00:00:00,2009-04-16 00:00:00,20.845736904144285,20.441696876525878,600,-242.42401657104438,max_hold,10,2009
URBN,2009-04-07 00:00:00,2009-04-16 00:00:00,15.380700382232668,17.085760837554933,814,1387.9192106323235,rsi_exit,9,2009
JNJ,2009-04-13 00:00:00,2009-04-23 00:00:00,51.252301528930666,51.29720152282715,244,10.95559851074259,max_hold,10,2009
D,2009-04-13 00:00:00,2009-04-23 00:00:00,30.220319847106932,29.221440685272217,414,-413.53597299957204,max_hold,10,2009
XPO,2009-04-15 00:00:00,2009-04-27 00:00:00,1.1366697657108307,1.1321321618556976,11019,-49.99985687971076,max_hold,12,2009
NEM,2009-04-16 00:00:00,2009-04-27 00:00:00,39.87959923553467,41.59664030456543,314,539.1508956756597,max_hold,11,2009
EW,2009-04-16 00:00:00,2009-04-27 00:00:00,4.932345133781433,4.804538688659668,2539,-324.500564164161,max_hold,11,2009
TMUS,2009-04-23 00:00:00,2009-05-04 00:00:00,32.24436030578613,35.928,388,1429.2522013549801,rsi_exit,11,2009
KO,2009-04-23 00:00:00,2009-05-04 00:00:00,21.5029190826416,21.54182908630371,582,22.64562213134812,max_hold,11,2009
HRL,2009-04-27 00:00:00,2009-05-07 00:00:00,7.5124949426651,7.834299904823303,1667,536.4488719177245,max_hold,10,2009
KTOS,2009-04-28 00:00:00,2009-05-08 00:00:00,7.314600191116333,7.485,1712,291.7244728088385,rsi_exit,10,2009
BIIB,2009-04-28 00:00:00,2009-05-08 00:00:00,47.424661834716794,48.50279847717285,264,284.6280736083995,max_hold,10,2009
DXCM,2009-05-05 00:00:00,2009-05-15 00:00:00,1.002,1.0104750475883484,12500,105.93809485435479,max_hold,10,2009
CNC,2009-05-05 00:00:00,2009-05-15 00:00:00,4.541564789772034,4.59579001903534,2757,149.49895707893427,max_hold,10,2009
CLX,2009-05-07 00:00:00,2009-05-18 00:00:00,52.84548168182373,51.97584182739258,237,-206.10464550018236,max_hold,11,2009
ROST,2009-05-11 00:00:00,2009-05-21 00:00:00,9.0756148853302,9.658144771575929,1380,803.8912430191052,max_hold,10,2009
CMG,2009-05-12 00:00:00,2009-05-22 00:00:00,1.500795592546463,1.4878184230327607,8345,-108.29447959184674,max_hold,10,2009
NFLX,2009-05-15 00:00:00,2009-05-26 00:00:00,0.5511000119447708,0.5715685431957245,22727,465.18830974042504,max_hold,11,2009
WEC,2009-05-15 00:00:00,2009-05-26 00:00:00,18.67727938842774,18.897129467010497,670,147.29955265044856,max_hold,11,2009
PCG,2009-05-18 00:00:00,2009-05-28 00:00:00,35.66118015289307,36.796258934021,351,398.41265217590353,max_hold,10,2009
LDOS,2009-05-21 00:00:00,2009-06-01 00:00:00,41.98503614044189,43.6902230682373,298,508.1457044830321,max_hold,11,2009
DHI,2009-05-22 00:00:00,2009-06-01 00:00:00,9.0280202293396,9.2315,1387,282.22644190597623,max_hold,10,2009
MGM,2009-05-26 00:00:00,2009-06-05 00:00:00,7.154279866218567,7.504959980964661,1750,613.6902008056646,max_hold,10,2009
MLM,2009-05-26 00:00:00,2009-06-05 00:00:00,81.46260305786133,80.42881634521484,153,-158.16936703491274,max_hold,10,2009
GILD,2009-05-28 00:00:00,2009-06-05 00:00:00,21.0520202293396,22.24542091369629,594,708.8800065078733,rsi_exit,8,2009
HBAN,2009-06-01 00:00:00,2009-06-11 00:00:00,4.048079961776733,4.121740114212036,3094,227.90451163482712,max_hold,10,2009
RF,2009-06-08 00:00:00,2009-06-11 00:00:00,4.0781401720047,4.361259885787964,3071,869.4606410284057,rsi_exit,3,2009
TMUS,2009-06-05 00:00:00,2009-06-15 00:00:00,28.376639694213868,29.001879467010497,441,275.7307398033134,max_hold,10,2009
PRGO,2009-06-09 00:00:00,2009-06-19 00:00:00,25.8415809173584,26.756379467010497,484,442.7624980316151,max_hold,10,2009
VLO,2009-06-09 00:00:00,2009-06-19 00:00:00,16.623675144195555,15.681554309844971,753,-709.41698826599,max_hold,10,2009
UNH,2009-06-15 00:00:00,2009-06-25 00:00:00,23.5570202293396,24.940019771575926,531,734.3727569274895,max_hold,10,2009
SKY,2009-06-15 00:00:00,2009-06-25 00:00:00,17.865659923553466,18.443039543151855,701,404.7431133384708,max_hold,10,2009
HIG,2009-06-15 00:00:00,2009-06-25 00:00:00,11.523,12.07580038070679,1086,600.341213447574,max_hold,10,2009
HUM,2009-06-15 00:00:00,2009-06-25 00:00:00,28.256400764465333,31.486899238586425,443,1431.1108240356436,max_hold,10,2009
DE,2009-06-19 00:00:00,2009-06-29 00:00:00,40.1401213760376,42.06570152282715,312,600.7810057983395,max_hold,10,2009
KR,2009-06-19 00:00:00,2009-06-29 00:00:00,10.7514595413208,11.092769771575927,1164,397.2851080169678,max_hold,10,2009
NKE,2009-06-25 00:00:00,2009-07-06 00:00:00,12.845639694213869,12.951544961929322,975,103.25763602256694,max_hold,11,2009
TDY,2009-06-25 00:00:00,2009-07-06 00:00:00,33.637139694213865,32.01584182739258,372,-603.1228064575188,max_hold,11,2009
WTW,2009-06-25 00:00:00,2009-07-06 00:00:00,69.3038966217041,64.58580238342284,180,-849.2569628906256,max_hold,11,2009
XOM,2009-06-26 00:00:00,2009-07-06 00:00:00,69.18810305786133,67.96379847717286,181,-221.5991291046127,max_hold,10,2009
WSM,2009-06-29 00:00:00,2009-07-06 00:00:00,6.032039980888367,5.493990114212036,2076,-1116.9915232200626,stop,7,2009
TRMB,2009-06-29 00:00:00,2009-07-09 00:00:00,9.9147904586792,9.495970342636108,1263,-528.9698065624249,max_hold,10,2009
ETN,2009-07-07 00:00:00,2009-07-15 00:00:00,20.5209595413208,22.15060969543457,610,994.0865940094011,rsi_exit,8,2009
RTX,2009-07-07 00:00:00,2009-07-15 00:00:00,31.169829746246336,33.75865277862549,401,1038.1180359840405,rsi_exit,8,2009
MTZ,2009-07-06 00:00:00,2009-07-16 00:00:00,10.731420038223266,10.588779657363892,1167,-166.46132446288988,max_hold,10,2009
DXCM,2009-07-07 00:00:00,2009-07-17 00:00:00,1.3251449904441834,1.374745057106018,9451,468.77023002099867,max_hold,10,2009
BIIB,2009-07-07 00:00:00,2009-07-17 00:00:00,44.57898168182373,45.97785969543457,280,391.6858438110353,max_hold,10,2009
JBHT,2009-07-09 00:00:00,2009-07-20 00:00:00,28.496880535125733,26.926039543151855,439,-689.5991954765324,max_hold,11,2009
ALNY,2009-07-16 00:00:00,2009-07-23 00:00:00,19.989900764465332,23.103699619293213,626,1949.2380831222533,rsi_exit,7,2009
HALO,2009-07-17 00:00:00,2009-07-23 00:00:00,6.462899808883667,6.816339923858642,1937,684.6135027065271,rsi_exit,6,2009
CME,2009-07-15 00:00:00,2009-07-27 00:00:00,55.691161834716794,53.91595026397705,224,-397.64739184570226,max_hold,12,2009
SAIA,2009-07-16 00:00:00,2009-07-27 00:00:00,10.587799936294557,10.279400190353394,1182,-364.5284997024543,max_hold,11,2009
CNC,2009-07-17 00:00:00,2009-07-27 00:00:00,4.549079961776734,4.486009885787964,2753,-173.63191919708294,max_hold,10,2009
PLUG,2009-07-20 00:00:00,2009-07-27 00:00:00,7.314600191116333,8.183599809646607,1712,1487.7273469238287,rsi_exit,7,2009
MTZ,2009-07-23 00:00:00,2009-08-03 00:00:00,10.0300202293396,9.940080038070679,1248,-112.24535870361348,max_hold,11,2009
SAIA,2009-07-27 00:00:00,2009-08-03 00:00:00,10.320600191116332,12.36189391708374,1213,2476.0892895984666,rsi_exit,7,2009
XPO,2009-07-29 00:00:00,2009-08-10 00:00:00,1.1366697657108307,1.1873585591316222,11019,558.5398147037024,max_hold,12,2009
AVAV,2009-07-31 00:00:00,2009-08-10 00:00:00,28.496880535125733,29.361160076141356,439,379.4187185058586,max_hold,10,2009
TSN,2009-08-03 00:00:00,2009-08-13 00:00:00,11.1422398853302,11.057839923858644,1124,-94.86555669402898,max_hold,10,2009
ATI,2009-08-04 00:00:00,2009-08-13 00:00:00,28.045979770660402,29.281320152282714,446,550.9618102035508,rsi_exit,9,2009
GIS,2009-08-04 00:00:00,2009-08-14 00:00:00,29.18325,28.81725,429,-157.01399999999984,max_hold,10,2009
PPL,2009-08-04 00:00:00,2009-08-14 00:00:00,27.53125188446045,27.346985134124758,454,-83.65710465240389,max_hold,10,2009
QCOM,2009-08-11 00:00:00,2009-08-20 00:00:00,45.49080152893067,46.99582015228272,275,413.8801214218139,rsi_exit,9,2009
MCD,2009-08-11 00:00:00,2009-08-20 00:00:00,56.1320404586792,56.02771939086914,223,-23.263598121643852,rsi_exit,9,2009
SO,2009-08-13 00:00:00,2009-08-21 00:00:00,31.432740840911865,31.44698022842407,398,5.66727622985772,rsi_exit,8,2009
XOM,2009-08-13 00:00:00,2009-08-24 00:00:00,68.8875,71.15740304565429,181,410.85245126342625,max_hold,11,2009
GILD,2009-08-14 00:00:00,2009-08-24 00:00:00,22.519950382232665,22.954,556,241.33158747863874,max_hold,10,2009
PRIM,2009-08-14 00:00:00,2009-08-24 00:00:00,6.963899808883667,7.105759885787964,1798,255.06441827392527,max_hold,10,2009
SBAC,2009-08-21 00:00:00,2009-08-31 00:00:00,24.68927938842774,24.061780609130857,507,-318.1418811035193,max_hold,10,2009
CMG,2009-08-21 00:00:00,2009-08-31 00:00:00,1.776946748971939,1.674244826078415,7048,-723.843152553557,max_hold,10,2009
BX,2009-08-28 00:00:00,2009-09-02 00:00:00,12.881452028274536,11.782080335617065,972,-1068.5892852630614,stop,5,2009
FFIV,2009-08-24 00:00:00,2009-09-03 00:00:00,34.278419082641605,37.00584182739258,365,995.5093018341057,rsi_exit,10,2009
SCHW,2009-08-27 00:00:00,2009-09-04 00:00:00,17.875680152893068,18.063800380706788,700,131.68415946960366,rsi_exit,8,2009
AXON,2009-08-27 00:00:00,2009-09-08 00:00:00,4.789560210227966,4.600780133247375,2615,-493.6599013042459,max_hold,12,2009
EW,2009-08-31 00:00:00,2009-09-08 00:00:00,5.166980566978455,5.335973479270935,2424,409.6388193969716,rsi_exit,8,2009
TMO,2009-09-02 00:00:00,2009-09-09 00:00:00,43.36655877685547,45.748320152282716,288,685.9472761230468,rsi_exit,7,2009
AMGN,2009-08-31 00:00:00,2009-09-10 00:00:00,59.89955877685547,58.91193878173828,209,-206.41257897949328,max_hold,10,2009
PENN,2009-09-08 00:00:00,2009-09-18 00:00:00,6.116662948608399,6.286294237136841,2047,347.2352476177206,max_hold,10,2009
NEE,2009-09-08 00:00:00,2009-09-18 00:00:00,13.65225,13.729984695434572,917,71.28271571350223,max_hold,10,2009
CHD,2009-09-09 00:00:00,2009-09-21 00:00:00,13.7825101146698,13.98697034263611,908,185.6498869934094,max_hold,12,2009
MDLZ,2009-09-09 00:00:00,2009-09-21 00:00:00,26.903700382232667,26.6965,465,-96.34817773819022,max_hold,12,2009
AXON,2009-09-09 00:00:00,2009-09-21 00:00:00,4.559100191116333,4.650679847717285,2747,251.56931668281428,rsi_exit,12,2009
CNP,2009-09-10 00:00:00,2009-09-21 00:00:00,12.1542601146698,12.475,1030,330.3620818901059,max_hold,11,2009
AVGO,2009-09-18 00:00:00,2009-09-28 00:00:00,1.6232400047779083,1.7614699857234954,7716,1066.5825329761503,max_hold,10,2009
QCOM,2009-09-18 00:00:00,2009-09-28 00:00:00,44.5489190826416,45.87806121826172,281,373.4889401092529,max_hold,10,2009
KMB,2009-09-21 00:00:00,2009-09-28 00:00:00,55.2396915435791,55.947325538635255,226,159.92528288269128,rsi_exit,7,2009
REGN,2009-09-22 00:00:00,2009-09-30 00:00:00,21.202319847106935,19.261399238586424,590,-1145.1431590271013,stop,8,2009
ACAD,2009-09-23 00:00:00,2009-10-01 00:00:00,1.8537000238895416,1.5768400428295135,6756,-1870.4660320415496,stop,8,2009
HOG,2009-09-28 00:00:00,2009-10-02 00:00:00,23.086080917358398,20.96798022842407,542,-1148.010573402405,stop,4,2009
MDLZ,2009-09-23 00:00:00,2009-10-05 00:00:00,26.3325606880188,25.967960456848143,475,-173.1851098060613,max_hold,12,2009
SAIA,2009-09-28 00:00:00,2009-10-08 00:00:00,10.928480089187621,10.618720342636108,1146,-354.9846695480346,max_hold,10,2009
BBY,2009-09-28 00:00:00,2009-10-08 00:00:00,37.8054595413208,38.512820152282714,331,234.13636222839335,rsi_exit,10,2009
HRL,2009-09-28 00:00:00,2009-10-08 00:00:00,9.030524808883667,8.829804847717286,1386,-278.1978661766047,max_hold,10,2009
UPS,2009-10-01 00:00:00,2009-10-12 00:00:00,55.310400764465335,55.81814030456543,226,114.74913606262193,max_hold,11,2009
MDT,2009-10-02 00:00:00,2009-10-12 00:00:00,36.5329190826416,36.85614030456543,342,110.54165789795007,max_hold,10,2009
SMCI,2009-10-05 00:00:00,2009-10-15 00:00:00,0.7575119823217392,0.8592780014276504,16534,1682.5993598971359,max_hold,10,2009
CMC,2009-10-12 00:00:00,2009-10-15 00:00:00,17.885700382232667,18.752420913696287,700,606.7043720245345,rsi_exit,3,2009
AEP,2009-10-08 00:00:00,2009-10-19 00:00:00,30.611099235534667,31.656559314727783,409,427.5931723899846,rsi_exit,11,2009
WAL,2009-10-08 00:00:00,2009-10-19 00:00:00,5.931840076446533,5.928120057106018,2111,-7.852960827826044,max_hold,11,2009
CAG,2009-10-08 00:00:00,2009-10-19 00:00:00,16.546645706176758,17.109680644989012,756,425.6544137420645,max_hold,11,2009
REG,2009-10-12 00:00:00,2009-10-22 00:00:00,34.96980152893067,36.16752167510986,358,428.7838123321513,rsi_exit,10,2009
WAL,2009-10-19 00:00:00,2009-10-23 00:00:00,5.9518800573348996,5.4490800380706785,2104,-1057.891240531921,stop,4,2009
IART,2009-10-16 00:00:00,2009-10-26 00:00:00,14.436591430664063,13.923272386550904,867,-445.04761124610843,max_hold,10,2009
IAC,2009-10-16 00:00:00,2009-10-26 00:00:00,3.406014368534088,3.4512766776084898,3677,166.4295104665753,max_hold,10,2009
ACAD,2009-10-26 00:00:00,2009-10-28 00:00:00,1.503,1.3173600523471831,8333,-1546.9376837909222,stop,2,2009
WTW,2009-10-19 00:00:00,2009-10-29 00:00:00,72.99337449645996,71.38013174438477,171,-275.8645106048583,max_hold,10,2009
TDG,2009-10-20 00:00:00,2009-10-30 00:00:00,42.16416183471679,39.10164030456543,297,-909.5688944549554,max_hold,10,2009
ODFL,2009-10-23 00:00:00,2009-11-02 00:00:00,4.052532972335816,3.6962967104911804,3090,-1100.7700490999232,stop,10,2009
INCY,2009-10-23 00:00:00,2009-11-02 00:00:00,5.6412601146698,6.267440209388733,2220,1390.1198102760309,max_hold,10,2009
CMC,2009-10-28 00:00:00,2009-11-02 00:00:00,15.200340076446532,13.762419961929321,823,-1183.4082542476638,stop,5,2009
EXP,2009-10-26 00:00:00,2009-11-05 00:00:00,25.681259159088135,25.478940685272217,487,-98.52909674835209,max_hold,10,2009
STRL,2009-10-29 00:00:00,2009-11-09 00:00:00,16.7734797706604,15.578779657363892,746,-891.2462845191958,max_hold,11,2009
PLUG,2009-10-30 00:00:00,2009-11-09 00:00:00,8.617200382232665,9.181599809646606,1453,820.0723680324556,max_hold,10,2009
LEN,2009-11-02 00:00:00,2009-11-09 00:00:00,12.008040830612183,13.879040920257568,1043,1951.4530935001364,rsi_exit,7,2009
ZION,2009-11-02 00:00:00,2009-11-12 00:00:00,14.078100191116333,12.914119581222534,889,-1034.7787621955865,max_hold,10,2009
TREX,2009-11-02 00:00:00,2009-11-12 00:00:00,2.0202823948860167,2.1257401142120362,6199,653.7324021019951,max_hold,10,2009
CVS,2009-11-05 00:00:00,2009-11-16 00:00:00,28.927740840911866,30.129620532989502,432,519.2120269775387,max_hold,11,2009
HSY,2009-11-09 00:00:00,2009-11-16 00:00:00,37.92569847106934,38.632579086303714,330,233.2706030273439,rsi_exit,7,2009
WERN,2009-11-09 00:00:00,2009-11-17 00:00:00,19.17827938842774,19.84023916244507,653,432.25973243331634,rsi_exit,8,2009
TMO,2009-11-12 00:00:00,2009-11-17 00:00:00,44.55894122314453,46.04771939086914,281,418.3466651306157,rsi_exit,5,2009
ALGN,2009-11-12 00:00:00,2009-11-17 00:00:00,15.621180152893066,16.7165,801,877.351197532654,rsi_exit,5,2009
CELH,2009-11-09 00:00:00,2009-11-19 00:00:00,2.4048000955581665,1.9294663732051849,5208,-2475.5380260143284,stop,10,2009
PWR,2009-11-20 00:00:00,2009-11-30 00:00:00,19.64922061157226,18.7125,637,-596.6910295715311,max_hold,10,2009
AIG,2009-11-25 00:00:00,2009-11-30 00:00:00,34.74936030578613,28.343199619293213,360,-2306.2178471374514,stop,5,2009
IONS,2009-11-25 00:00:00,2009-12-07 00:00:00,11.212379579544068,10.51891996192932,1117,-774.5943928756731,max_hold,12,2009
CROX,2009-11-25 00:00:00,2009-12-07 00:00:00,5.2003800573348995,5.419139828681946,2408,526.7735294036871,max_hold,12,2009
CB,2009-11-27 00:00:00,2009-12-07 00:00:00,48.276360305786135,49.12156121826172,259,218.90703633117607,max_hold,10,2009
POOL,2009-11-27 00:00:00,2009-12-07 00:00:00,17.895720611572266,18.293339923858642,699,277.9358992881775,max_hold,10,2009
AIG,2009-11-30 00:00:00,2009-12-10 00:00:00,28.456799617767334,28.87214030456543,440,182.74990219116233,max_hold,10,2009
TSN,2009-11-30 00:00:00,2009-12-10 00:00:00,12.044040458679198,12.584779657363892,1039,561.828027433397,max_hold,10,2009
WAL,2009-12-07 00:00:00,2009-12-15 00:00:00,3.8977801051139833,3.5628599333763122,3213,-1076.0985117931373,stop,8,2009
ACAD,2009-12-10 00:00:00,2009-12-16 00:00:00,1.1823599474430084,1.3971999762058258,10593,2275.8004246845244,rsi_exit,6,2009
ITW,2009-12-07 00:00:00,2009-12-17 00:00:00,48.64709923553467,47.51478060913086,257,-291.0058869857788,max_hold,10,2009
AAPL,2009-12-07 00:00:00,2009-12-17 00:00:00,6.761710195541382,6.83843852519989,1852,142.10086652755632,max_hold,10,2009
AON,2009-12-07 00:00:00,2009-12-17 00:00:00,38.45676107025147,37.81421939086914,325,-208.82604579925595,max_hold,10,2009
NFLX,2009-12-11 00:00:00,2009-12-21 00:00:00,0.7973054487705231,0.7693152625560761,15709,-439.6978352427486,max_hold,10,2009
IAC,2009-12-15 00:00:00,2009-12-21 00:00:00,3.404223847389221,3.5172702956199644,3679,415.89788304090496,rsi_exit,6,2009
GILD,2009-12-16 00:00:00,2009-12-28 00:00:00,21.6582297706604,21.586739162445067,578,-41.321571548463524,max_hold,12,2009
CPB,2009-12-17 00:00:00,2009-12-28 00:00:00,33.3766213760376,34.201460456848146,375,309.31465530395565,max_hold,11,2009
HOG,2009-12-17 00:00:00,2009-12-28 00:00:00,25.641180152893067,25.399100761413575,488,-118.13474304199246,max_hold,11,2009
EBAY,2009-12-18 00:00:00,2009-12-28 00:00:00,9.56032890701294,10.02620352745056,1310,610.2957527732832,rsi_exit,10,2009
AIG,2009-12-21 00:00:00,2009-12-28 00:00:00,28.116119464874266,31.437,445,1477.7918381309519,rsi_exit,7,2009
KR,2009-12-28 00:00:00,2009-12-29 00:00:00,10.3857297706604,10.199560266494752,1205,-224.33425251960736,rsi_exit,1,2009
NEM,2009-12-21 00:00:00,2009-12-31 00:00:00,47.073959541320804,47.215381370544435,266,37.618206573485935,max_hold,10,2009
ZION,2009-12-30 00:00:00,2010-01-06 00:00:00,12.825600191116333,14.97,976,2092.9342134704593,rsi_exit,7,2010
BX,2009-12-31 00:00:00,2010-01-06 00:00:00,12.901118854522705,13.75065802574158,970,824.0529960823076,rsi_exit,6,2010
GILD,2009-12-31 00:00:00,2010-01-07 00:00:00,21.6782702293396,22.3901294670105,577,410.7427801361095,rsi_exit,7,2010
C,2009-12-31 00:00:00,2010-01-07 00:00:00,33.166198471069336,36.427,377,1229.32217640686,rsi_exit,7,2010
CMCSA,2009-12-31 00:00:00,2010-01-11 00:00:00,7.916457535743714,7.861471424102783,1582,-86.98802861595237,max_hold,11,2010
EXC,2009-12-31 00:00:00,2010-01-11 00:00:00,34.9270602722168,34.78051167297363,358,-52.46439852905418,max_hold,11,2010
FDX,2010-01-06 00:00:00,2010-01-11 00:00:00,84.00767633056641,87.0755,149,457.10572674560547,rsi_exit,5,2010
DGX,2010-01-06 00:00:00,2010-01-19 00:00:00,58.98773892974854,61.48678060913086,212,529.7968360290524,max_hold,13,2010
MPWR,2010-01-12 00:00:00,2010-01-22 00:00:00,22.104119464874266,21.38714030456543,566,-405.81020473480055,max_hold,10,2010
DIS,2010-01-12 00:00:00,2010-01-22 00:00:00,30.881639694213867,29.920039543151855,405,-389.4480611801147,max_hold,10,2010
EGP,2010-01-12 00:00:00,2010-01-22 00:00:00,37.003860305786134,37.924,338,311.00721664428664,max_hold,10,2010
NEE,2010-01-12 00:00:00,2010-01-22 00:00:00,12.85565992355347,12.010929847717286,974,-822.7670938644429,max_hold,10,2010
AMD,2010-01-12 00:00:00,2010-01-22 00:00:00,8.667299617767334,7.864240114212036,1445,-1160.4209826374058,stop,10,2010
CMCSA,2010-01-12 00:00:00,2010-01-22 00:00:00,7.752118512153626,7.412511048316955,1615,-548.4660540962227,max_hold,10,2010
CELH,2010-01-19 00:00:00,2010-01-29 00:00:00,1.46625967669487,1.6633336505889895,8542,1683.40588500357,max_hold,10,2010
TREX,2010-01-22 00:00:00,2010-01-29 00:00:00,2.1041999044418334,1.9236450095176696,5952,-1074.6627345886227,stop,7,2010
AMD,2010-01-22 00:00:00,2010-02-01 00:00:00,7.8957601146698,7.964040019035339,1586,108.29192832374537,max_hold,10,2010
LRCX,2010-01-22 00:00:00,2010-02-01 00:00:00,3.435857900619507,3.3552759885787964,3645,-293.7210693883899,max_hold,10,2010
NDAQ,2010-01-22 00:00:00,2010-02-01 00:00:00,6.125559891700744,6.127719866752624,2044,4.414989006042568,max_hold,10,2010
LOW,2010-01-22 00:00:00,2010-02-01 00:00:00,22.35461946487427,21.946019771575926,560,-228.81582824707152,max_hold,10,2010
ULTA,2010-01-29 00:00:00,2010-02-08 00:00:00,19.438799617767334,17.834260837554933,644,-1033.3229744567864,max_hold,10,2010
UNP,2010-01-29 00:00:00,2010-02-08 00:00:00,30.3105,30.424030609130856,413,46.888141571043114,max_hold,10,2010
HAL,2010-01-29 00:00:00,2010-02-08 00:00:00,29.2684190826416,28.043800380706788,427,-522.9121857261647,max_hold,10,2010
CAT,2010-02-01 00:00:00,2010-02-11 00:00:00,53.0458786239624,56.03770152282715,236,706.0702041320803,rsi_exit,10,2010
RTX,2010-02-01 00:00:00,2010-02-11 00:00:00,42.59603505706787,41.89841515350342,294,-205.10025164794865,max_hold,10,2010
UPS,2010-02-01 00:00:00,2010-02-11 00:00:00,58.50677938842774,56.60656121826172,214,-406.6466884155284,max_hold,10,2010
NVR,2010-02-04 00:00:00,2010-02-16 00:00:00,671.34,703.7496531982422,18,583.3737575683588,max_hold,12,2010
WM,2010-02-08 00:00:00,2010-02-18 00:00:00,31.462799617767335,32.83420152282715,398,545.8179582138068,rsi_exit,10,2010
WELL,2010-02-08 00:00:00,2010-02-18 00:00:00,40.34051831817627,42.26529847717285,310,596.6818492889386,max_hold,10,2010
ECL,2010-02-11 00:00:00,2010-02-22 00:00:00,41.41266183471679,42.035758934021,302,188.17532398986947,max_hold,11,2010
SO,2010-02-12 00:00:00,2010-02-22 00:00:00,31.232340076446533,32.27532015228272,401,418.2350104103096,max_hold,10,2010
AES,2010-02-12 00:00:00,2010-02-22 00:00:00,11.7935404586792,11.976,1062,193.7720328826909,max_hold,10,2010
BRO,2010-02-16 00:00:00,2010-02-26 00:00:00,8.296559732437133,8.373220342636108,1509,115.68086079025238,max_hold,10,2010
ULTA,2010-02-22 00:00:00,2010-02-26 00:00:00,18.0159595413208,18.293339923858642,695,192.77936586380036,rsi_exit,4,2010
CELH,2010-02-19 00:00:00,2010-03-01 00:00:00,1.2191003901958466,1.1310663018226623,10273,-904.3741898577221,max_hold,10,2010
EGP,2010-02-19 00:00:00,2010-03-01 00:00:00,35.01990076446533,36.6765,357,591.405927085875,rsi_exit,10,2010
VLO,2010-02-22 00:00:00,2010-03-03 00:00:00,16.284789573669432,16.98606895828247,769,539.2838467674261,rsi_exit,9,2010
PFE,2010-02-23 00:00:00,2010-03-05 00:00:00,16.798235069274902,16.551271350860596,745,-183.98797021865852,max_hold,10,2010
AMGN,2010-02-23 00:00:00,2010-03-05 00:00:00,56.49276107025146,57.125521675109866,221,139.84009367370737,rsi_exit,10,2010
AES,2010-03-02 00:00:00,2010-03-12 00:00:00,11.2624797706604,11.636679847717286,1112,416.1104856872566,max_hold,10,2010
PHM,2010-03-04 00:00:00,2010-03-15 00:00:00,10.8917398853302,11.077800380706789,1149,213.78350918770073,max_hold,11,2010
FSLR,2010-03-09 00:00:00,2010-03-15 00:00:00,106.43244122314454,114.69015817260744,117,966.1528830871597,rsi_exit,6,2010
STRL,2010-03-15 00:00:00,2010-03-16 00:00:00,17.675279388427736,16.017899238586427,708,-1173.4251460876467,stop,1,2010
DGX,2010-03-09 00:00:00,2010-03-17 00:00:00,55.83144122314453,57.37502167510986,224,345.7620212402346,rsi_exit,8,2010
REGN,2010-03-09 00:00:00,2010-03-19 00:00:00,25.701299617767333,23.722460456848143,487,-963.6946713676455,max_hold,10,2010
WDC,2010-03-10 00:00:00,2010-03-22 00:00:00,28.833061809539796,30.65662913131714,434,791.4282176513669,rsi_exit,12,2010
GILD,2010-03-10 00:00:00,2010-03-22 00:00:00,23.687279388427736,24.026850761413574,528,179.29368493652203,rsi_exit,12,2010
MTZ,2010-03-12 00:00:00,2010-03-22 00:00:00,12.955860305786132,12.674599809646606,966,-271.6976392707817,max_hold,10,2010
STX,2010-03-19 00:00:00,2010-03-23 00:00:00,18.967860305786132,20.409100761413573,660,951.2187007141106,rsi_exit,4,2010
BSX,2010-03-15 00:00:00,2010-03-25 00:00:00,6.813600191116333,6.946080038070678,1838,243.49795870208754,max_hold,10,2010
AXON,2010-03-18 00:00:00,2010-03-29 00:00:00,6.402779866218567,6.047879942893982,1956,-694.1842500228888,max_hold,11,2010
LDOS,2010-03-18 00:00:00,2010-03-29 00:00:00,47.3537767868042,46.597973945617674,264,-199.5319500732419,max_hold,11,2010
DVN,2010-03-22 00:00:00,2010-04-01 00:00:00,64.128,65.69834182739258,195,306.2166563415535,max_hold,10,2010
ISRG,2010-03-22 00:00:00,2010-04-01 00:00:00,38.721732398986816,38.766755386352536,323,14.542424919127335,max_hold,10,2010
KR,2010-03-24 00:00:00,2010-04-05 00:00:00,10.64625,10.992970342636108,1176,407.74312294006234,max_hold,12,2010
PRIM,2010-03-25 00:00:00,2010-04-05 00:00:00,7.605180152893066,7.784400190353393,1646,294.9961816596986,max_hold,11,2010
NRG,2010-03-25 00:00:00,2010-04-05 00:00:00,20.360639694213866,21.606699619293213,615,766.3268539237985,max_hold,11,2010
IAC,2010-03-29 00:00:00,2010-04-08 00:00:00,4.09545578956604,4.143315719604492,3058,146.35566605758456,max_hold,10,2010
CMC,2010-03-29 00:00:00,2010-04-08 00:00:00,15.430799617767333,15.928080038070679,811,403.29442086601347,max_hold,10,2010
VRTX,2010-04-01 00:00:00,2010-04-12 00:00:00,40.93169847106934,39.181478324890136,305,-533.8171445846568,max_hold,11,2010
SKY,2010-04-01 00:00:00,2010-04-12 00:00:00,18.0159595413208,18.413100761413574,695,276.01314796447775,max_hold,11,2010
BIIB,2010-04-06 00:00:00,2010-04-16 00:00:00,57.615,53.53271939086914,217,-885.8548921813971,max_hold,10,2010
OMCL,2010-04-06 00:00:00,2010-04-16 00:00:00,14.007959541320801,14.2215,894,190.9051700592044,rsi_exit,10,2010
BLK,2010-04-07 00:00:00,2010-04-19 00:00:00,199.41804428100588,202.20478060913086,62,172.77765234374925,max_hold,12,2010
HUM,2010-04-08 00:00:00,2010-04-19 00:00:00,46.4026213760376,44.57067984771729,269,-492.79227111816454,max_hold,11,2010
GIS,2010-04-08 00:00:00,2010-04-19 00:00:00,35.1501618347168,35.08468878173828,356,-23.308406860352534,max_hold,11,2010
F,2010-04-12 00:00:00,2010-04-20 00:00:00,12.795540458679199,13.882179847717286,978,1062.7333224792492,rsi_exit,8,2010
XPO,2010-04-16 00:00:00,2010-04-21 00:00:00,2.05154998254776,2.0571664938926695,6105,34.2888017606717,rsi_exit,5,2010
BA,2010-04-19 00:00:00,2010-04-21 00:00:00,71.1019190826416,74.01168365478516,176,512.1185646972663,rsi_exit,2,2010
HOLX,2010-04-12 00:00:00,2010-04-22 00:00:00,17.59511946487427,18.153620532989503,711,397.0942594299314,max_hold,10,2010
TRV,2010-04-16 00:00:00,2010-04-26 00:00:00,52.244279388427735,51.81615817260742,239,-102.32097058105452,max_hold,10,2010
DUK,2010-04-19 00:00:00,2010-04-28 00:00:00,48.306419082641604,49.82015817260742,259,392.05842430114666,rsi_exit,9,2010
JAZZ,2010-04-19 00:00:00,2010-04-29 00:00:00,9.829620420455933,10.479,1274,827.3095843391397,max_hold,10,2010
HUM,2010-04-26 00:00:00,2010-04-29 00:00:00,43.647121376037596,47.095618629455565,286,986.2702144775392,rsi_exit,3,2010
VZ,2010-04-20 00:00:00,2010-04-30 00:00:00,27.96740037918091,27.050781929016114,447,-409.72844722366295,max_hold,10,2010
GILD,2010-04-21 00:00:00,2010-05-03 00:00:00,20.420759159088135,19.84023916244507,613,-355.85875794219925,max_hold,12,2010
BMY,2010-04-21 00:00:00,2010-05-03 00:00:00,25.150200382232665,25.07973916244507,498,-35.08968745422281,max_hold,12,2010
HRL,2010-04-22 00:00:00,2010-05-03 00:00:00,10.0675946559906,10.209539543151855,1244,176.57943962860145,max_hold,11,2010
CELH,2010-04-30 00:00:00,2010-05-06 00:00:00,1.0988603854179382,0.998,11398,-1149.6066729936595,stop,6,2010
NVDA,2010-05-03 00:00:00,2010-05-06 00:00:00,0.3892770050168037,0.35428998929262157,32175,-1125.7072309255595,stop,3,2010
AFL,2010-04-28 00:00:00,2010-05-07 00:00:00,24.864630535125734,22.09073022842407,503,-1395.2718542709363,stop,9,2010
MU,2010-04-30 00:00:00,2010-05-07 00:00:00,9.368700382232667,8.55285969543457,1336,-1089.963157562258,stop,7,2010
GS,2010-04-30 00:00:00,2010-05-10 00:00:00,145.49039694213866,143.5423418273926,86,-167.5327398681619,max_hold,10,2010
HOLX,2010-05-04 00:00:00,2010-05-14 00:00:00,16.0420202293396,15.748439733505249,780,-228.992786750793,max_hold,10,2010
MRVL,2010-05-04 00:00:00,2010-05-14 00:00:00,19.669259159088135,18.453019771575928,636,-773.5282504577636,max_hold,10,2010
BSX,2010-05-06 00:00:00,2010-05-17 00:00:00,6.603180152893066,6.7963799428939815,1896,366.3068018417353,max_hold,11,2010
IART,2010-05-06 00:00:00,2010-05-17 00:00:00,18.327721881866456,19.08472083282471,683,517.0302835044886,max_hold,11,2010
DGX,2010-05-07 00:00:00,2010-05-17 00:00:00,54.609,54.550679847717284,229,-13.355314872742454,max_hold,10,2010
MSFT,2010-05-07 00:00:00,2010-05-17 00:00:00,28.2664190826416,28.882120532989504,443,272.75574250412086,max_hold,10,2010
KTOS,2010-05-10 00:00:00,2010-05-20 00:00:00,12.484920038223267,11.077800380706789,1003,-1411.3410164890279,stop,10,2010
MSCI,2010-05-14 00:00:00,2010-05-20 00:00:00,32.855580917358395,29.6905,381,-1205.8958295135485,stop,6,2010
NVDA,2010-05-14 00:00:00,2010-05-24 00:00:00,0.32464800095558166,0.30838198548555373,38580,-627.5428768336775,max_hold,10,2010
AVY,2010-05-17 00:00:00,2010-05-26 00:00:00,36.41268015289307,33.31324106597901,343,-1063.1076068115226,stop,9,2010
C,2010-05-18 00:00:00,2010-05-28 00:00:00,37.37459923553467,39.52079847717285,335,718.9767459487923,max_hold,10,2010
WDC,2010-05-18 00:00:00,2010-05-28 00:00:00,27.818186302185058,26.258789985656737,450,-701.7283424377446,max_hold,10,2010
JPM,2010-05-18 00:00:00,2010-05-28 00:00:00,39.0980404586792,39.50084182739258,320,128.89643798828047,max_hold,10,2010
EXC,2010-05-20 00:00:00,2010-06-01 00:00:00,28.09459212112427,26.800785106658935,445,-575.7441214370732,max_hold,12,2010
CGNX,2010-05-24 00:00:00,2010-06-03 00:00:00,4.6893598279953,4.733014828681946,2670,116.55885183334382,max_hold,10,2010
KBH,2010-05-28 00:00:00,2010-06-04 00:00:00,14.5089595413208,13.053839923858645,863,-1255.7682298698405,stop,7,2010
LEN,2010-05-28 00:00:00,2010-06-04 00:00:00,16.500326751708986,14.696014842987061,759,-1369.4727387199407,stop,7,2010
CNK,2010-05-26 00:00:00,2010-06-07 00:00:00,15.7915202293396,14.600740114212035,793,-944.2886312961587,max_hold,12,2010
BX,2010-05-28 00:00:00,2010-06-07 00:00:00,10.472325536727906,9.656800876617432,1196,-975.3674934921277,max_hold,10,2010
HAL,2010-06-01 00:00:00,2010-06-11 00:00:00,21.192299617767333,24.341219390869146,591,1861.0115859031714,max_hold,10,2010
AXON,2010-06-03 00:00:00,2010-06-14 00:00:00,4.328640172004699,4.191599809646607,2893,-396.4577683019622,max_hold,11,2010
PCG,2010-06-04 00:00:00,2010-06-14 00:00:00,40.51086030578613,41.397039543151855,309,273.8293843460086,max_hold,10,2010
RTX,2010-06-04 00:00:00,2010-06-14 00:00:00,41.076323844909666,42.01774769592285,304,286.1928507080079,max_hold,10,2010
TREX,2010-06-07 00:00:00,2010-06-17 00:00:00,2.454900047779083,2.688362404823303,5102,1191.1249456396095,max_hold,10,2010
CVS,2010-06-07 00:00:00,2010-06-17 00:00:00,31.1020809173584,31.776320152282715,402,271.0441724395745,max_hold,10,2010
HOG,2010-06-11 00:00:00,2010-06-21 00:00:00,27.10409923553467,26.277339923858644,462,-381.96280199432334,max_hold,10,2010
PRIM,2010-06-17 00:00:00,2010-06-24 00:00:00,6.152279866218567,6.3772198667526245,2035,457.7529010868068,rsi_exit,7,2010
TOL,2010-06-17 00:00:00,2010-06-28 00:00:00,18.066060688018798,17.015899238586425,693,-727.7618844566347,max_hold,11,2010
LOW,2010-06-17 00:00:00,2010-06-28 00:00:00,22.725360305786133,21.187539543151857,551,-847.339240211486,max_hold,11,2010
HD,2010-06-17 00:00:00,2010-06-28 00:00:00,31.973819847106935,29.530820152282715,391,-955.21288067627,max_hold,11,2010
MTZ,2010-06-18 00:00:00,2010-06-28 00:00:00,10.2504595413208,9.890179847717285,1221,-439.90150588989326,max_hold,10,2010
AXON,2010-06-22 00:00:00,2010-07-02 00:00:00,3.857699904441833,3.702580038070679,3246,-503.51908624076714,max_hold,10,2010
UNH,2010-06-28 00:00:00,2010-07-08 00:00:00,29.248380535125733,29.62064030456543,428,159.3271813201905,max_hold,10,2010
BBY,2010-06-29 00:00:00,2010-07-09 00:00:00,34.22831984710693,34.30125893402099,365,26.62276672363248,max_hold,10,2010
HD,2010-06-29 00:00:00,2010-07-09 00:00:00,28.687259159088136,28.203480228424073,436,-210.92761376953115,max_hold,10,2010
EBAY,2010-06-29 00:00:00,2010-07-09 00:00:00,8.303610969543458,8.522483100891113,1508,330.0591740722646,max_hold,10,2010
AVAV,2010-06-29 00:00:00,2010-07-09 00:00:00,21.342599235534667,22.914079086303712,586,920.8871925506602,max_hold,10,2010
LNC,2010-07-02 00:00:00,2010-07-12 00:00:00,23.426759159088135,25.01985969543457,534,850.7156864089956,max_hold,10,2010
NVDA,2010-07-08 00:00:00,2010-07-19 00:00:00,0.2582655045390129,0.26097700095176696,48496,131.4967300329196,max_hold,11,2010
CGNX,2010-07-09 00:00:00,2010-07-19 00:00:00,4.4438699426651,4.353775190353393,2818,-253.88701201438982,max_hold,10,2010
CNC,2010-07-09 00:00:00,2010-07-19 00:00:00,5.222925095558167,5.219540019035339,2398,-8.11741350174112,max_hold,10,2010
ISRG,2010-07-09 00:00:00,2010-07-19 00:00:00,35.50308489990234,35.8259820022583,352,113.65978002929774,max_hold,10,2010
WMB,2010-07-09 00:00:00,2010-07-19 00:00:00,15.62596570587158,15.254429847717285,801,-297.6002223815909,max_hold,10,2010
AMGN,2010-07-12 00:00:00,2010-07-22 00:00:00,52.544878623962404,53.203381370544435,238,156.72365368652322,rsi_exit,10,2010
AAPL,2010-07-19 00:00:00,2010-07-22 00:00:00,8.788255233764648,9.232212873458863,1425,632.6396365642565,rsi_exit,3,2010
MU,2010-07-19 00:00:00,2010-07-23 00:00:00,8.446860305786133,8.463039543151856,1482,23.977629776001187,rsi_exit,4,2010
CMG,2010-07-19 00:00:00,2010-07-23 00:00:00,2.6100095858573913,2.904180085659027,4798,1411.430058048249,rsi_exit,4,2010
DGX,2010-07-22 00:00:00,2010-08-02 00:00:00,44.6491213760376,48.023758934021,280,944.8985162353515,max_hold,11,2010
CBOE,2010-07-23 00:00:00,2010-08-02 00:00:00,27.204299617767333,27.48492091369629,460,129.08579612731978,max_hold,10,2010
CHTR,2010-07-26 00:00:00,2010-08-02 00:00:00,35.07,36.427,357,484.4489999999997,rsi_exit,7,2010
SYK,2010-07-27 00:00:00,2010-08-06 00:00:00,47.58498168182373,47.874061218261716,263,76.02791808319094,max_hold,10,2010
HSY,2010-07-27 00:00:00,2010-08-06 00:00:00,47.12405877685547,46.08764030456543,265,-274.65089515686,max_hold,10,2010
JNJ,2010-07-28 00:00:00,2010-08-09 00:00:00,57.945661834716795,59.92989923858642,216,428.5952792358396,rsi_exit,12,2010
CB,2010-08-02 00:00:00,2010-08-09 00:00:00,53.36651831817627,54.091600761413574,234,169.6692917175294,rsi_exit,7,2010
SAIA,2010-08-09 00:00:00,2010-08-11 00:00:00,8.650599872589112,7.890853898048401,1447,-1099.3524251604088,stop,2,2010
NVR,2010-08-02 00:00:00,2010-08-12 00:00:00,631.0295595703125,613.3608468017578,19,-335.70554260253846,max_hold,10,2010
NVDA,2010-08-02 00:00:00,2010-08-12 00:00:00,0.22995899569988243,0.22355200690031052,54466,-348.9630519574837,max_hold,10,2010
CAG,2010-08-06 00:00:00,2010-08-16 00:00:00,17.318614265441894,16.7757208442688,723,-392.511943508147,max_hold,10,2010
MRVL,2010-08-06 00:00:00,2010-08-16 00:00:00,15.230399808883668,14.650640304565428,822,-476.56231254959306,max_hold,10,2010
OMCL,2010-08-09 00:00:00,2010-08-19 00:00:00,12.194340076446531,11.327300380706788,1027,-890.4497675247163,max_hold,10,2010
INTC,2010-08-11 00:00:00,2010-08-23 00:00:00,19.468860305786134,18.662600761413575,643,-518.424887031555,max_hold,12,2010
FSLR,2010-08-12 00:00:00,2010-08-23 00:00:00,124.89930152893066,126.0374209136963,100,113.81193847656306,max_hold,11,2010
LDOS,2010-08-12 00:00:00,2010-08-23 00:00:00,39.26355484771729,37.677579917907714,318,-504.3400276794444,max_hold,11,2010
POOL,2010-08-16 00:00:00,2010-08-26 00:00:00,20.24040076446533,18.952019771575927,618,-796.219453605652,max_hold,10,2010
AAPL,2010-08-16 00:00:00,2010-08-26 00:00:00,8.861974536895753,8.564265670776367,1413,-420.6626278266925,max_hold,10,2010
CMCSA,2010-08-19 00:00:00,2010-08-30 00:00:00,8.376607852935791,7.950328388214111,1495,-637.2877997589114,max_hold,11,2010
IAC,2010-08-23 00:00:00,2010-09-01 00:00:00,4.247669437408447,4.498253416061401,2948,738.7215690689084,rsi_exit,9,2010
CVX,2010-08-23 00:00:00,2010-09-02 00:00:00,75.20010305786133,77.29509695434571,166,347.7689868164075,max_hold,10,2010
STRL,2010-08-23 00:00:00,2010-09-02 00:00:00,10.6412398853302,10.948060266494752,1177,361.12758863067614,max_hold,10,2010
CNK,2010-08-26 00:00:00,2010-09-07 00:00:00,14.749440267562866,15.299339923858644,849,466.864808195116,max_hold,12,2010
IONS,2010-08-26 00:00:00,2010-09-07 00:00:00,7.845659923553467,7.934099809646606,1596,141.15005820465058,max_hold,12,2010
CL,2010-08-30 00:00:00,2010-09-09 00:00:00,37.003860305786134,37.20543878173828,338,68.13352487182556,max_hold,10,2010
CELH,2010-09-02 00:00:00,2010-09-13 00:00:00,0.5577803041934967,0.5721863589286804,22455,323.48795907855106,max_hold,11,2010
PLUG,2010-09-03 00:00:00,2010-09-13 00:00:00,3.907800095558167,3.992,3205,269.86069373607444,max_hold,10,2010
STRL,2010-09-07 00:00:00,2010-09-13 00:00:00,11.0119797706604,11.926099809646606,1137,1039.354484327317,rsi_exit,6,2010
ISRG,2010-09-07 00:00:00,2010-09-14 00:00:00,30.95289359664917,31.704242839813233,404,303.545094238282,rsi_exit,7,2010
BSX,2010-09-08 00:00:00,2010-09-20 00:00:00,5.160300095558166,5.528919961929321,2427,894.6404156827933,rsi_exit,12,2010
CELH,2010-09-17 00:00:00,2010-09-27 00:00:00,0.4575803400278091,0.46573366248607634,27372,223.17274232769034,max_hold,10,2010
AVAV,2010-09-22 00:00:00,2010-10-01 00:00:00,21.943799617767333,22.544820152282714,570,342.5817046737674,rsi_exit,9,2010
VMC,2010-09-23 00:00:00,2010-10-04 00:00:00,35.771400764465334,36.81621939086914,350,365.6865192413335,max_hold,11,2010
TREX,2010-09-23 00:00:00,2010-10-04 00:00:00,2.3409225668907165,2.4164076046943666,5350,403.8449522495276,max_hold,11,2010
NRG,2010-09-23 00:00:00,2010-10-04 00:00:00,20.641200382232665,20.758399238586424,606,71.02250695037831,max_hold,11,2010
EXP,2010-09-23 00:00:00,2010-10-04 00:00:00,22.504919082641603,22.85419961929321,556,194.19997837829447,max_hold,11,2010
ALNY,2010-09-27 00:00:00,2010-10-07 00:00:00,12.494940267562866,12.315320152282714,1002,-179.97935551071186,max_hold,10,2010
ACAD,2010-10-01 00:00:00,2010-10-11 00:00:00,0.921840016722679,0.8981999762058258,13586,-321.1735904619676,max_hold,10,2010
NRG,2010-10-04 00:00:00,2010-10-13 00:00:00,20.84159923553467,21.177559314727784,600,201.5760475158686,rsi_exit,9,2010
URBN,2010-10-04 00:00:00,2010-10-14 00:00:00,31.5529797706604,31.207460456848146,396,-136.82564826965253,max_hold,10,2010
EQIX,2010-10-06 00:00:00,2010-10-18 00:00:00,70.48067633056641,74.90987756347656,177,783.9686182250957,max_hold,12,2010
CL,2010-10-07 00:00:00,2010-10-18 00:00:00,36.94875,38.28827167510986,338,452.7583261871342,max_hold,11,2010
CHTR,2010-10-07 00:00:00,2010-10-18 00:00:00,32.234338165283205,32.83420152282715,388,232.7469827270509,max_hold,11,2010
DUK,2010-10-14 00:00:00,2010-10-20 00:00:00,52.84548168182373,53.263258934020996,237,99.01320877075263,rsi_exit,6,2010
KBH,2010-10-11 00:00:00,2010-10-21 00:00:00,11.062079961776734,10.688580038070679,1132,-422.80191363525375,max_hold,10,2010
ISRG,2010-10-14 00:00:00,2010-10-25 00:00:00,30.524259796142577,29.474266159057617,410,-430.49739120483343,max_hold,11,2010
TOL,2010-10-18 00:00:00,2010-10-28 00:00:00,18.2965202293396,17.82428060913086,684,-323.01190022277785,max_hold,10,2010
LOW,2010-10-18 00:00:00,2010-10-28 00:00:00,21.09209923553467,21.33723916244507,593,145.36797665786773,max_hold,10,2010
SHW,2010-10-18 00:00:00,2010-10-28 00:00:00,24.104780662536623,23.86883460235596,519,-122.4560052337638,max_hold,10,2010
DHI,2010-10-18 00:00:00,2010-10-28 00:00:00,10.561079961776734,10.37919961929321,1185,-215.5282058429757,max_hold,10,2010
PHM,2010-10-20 00:00:00,2010-11-01 00:00:00,8.1462601146698,7.774419961929321,1537,-571.518314762117,max_hold,12,2010
MGM,2010-10-28 00:00:00,2010-11-03 00:00:00,11.022,12.285380418777466,1136,1435.200155731201,rsi_exit,6,2010
NRG,2010-10-25 00:00:00,2010-11-04 00:00:00,20.220360305786134,19.89014030456543,619,-204.40618075561477,max_hold,10,2010
LEN,2010-10-28 00:00:00,2010-11-04 00:00:00,13.91559397315979,15.01900362586975,900,993.0686874389639,rsi_exit,7,2010
CHD,2010-10-28 00:00:00,2010-11-08 00:00:00,16.598130535125733,16.509414543151856,754,-66.89185794830387,max_hold,11,2010
ACAD,2010-10-28 00:00:00,2010-11-08 00:00:00,0.7615199904441834,0.718560028553009,16447,-706.5624932241445,max_hold,11,2010
ABT,2010-11-01 00:00:00,2010-11-11 00:00:00,24.32643547439575,23.836674396514894,514,-251.7371940307605,max_hold,10,2010
EOG,2010-11-03 00:00:00,2010-11-15 00:00:00,44.40863969421387,46.12257015228271,282,483.32838917541415,max_hold,12,2010
HSY,2010-11-04 00:00:00,2010-11-15 00:00:00,48.95772061157226,46.906,255,-523.1887559509274,max_hold,11,2010
LLY,2010-11-04 00:00:00,2010-11-15 00:00:00,35.83151831817627,34.560741065979,349,-443.50126101684725,max_hold,11,2010
DXCM,2010-11-05 00:00:00,2010-11-15 00:00:00,2.7179250955581664,2.964060028553009,4608,1134.1897712402356,max_hold,10,2010
CELH,2010-11-11 00:00:00,2010-11-15 00:00:00,0.2905799916386604,0.2495,43103,-1770.6708796011785,stop,4,2010
DLR,2010-11-08 00:00:00,2010-11-18 00:00:00,55.07994122314453,50.898,227,-949.3006576538077,max_hold,10,2010
SBAC,2010-11-15 00:00:00,2010-11-26 00:00:00,37.08401831817627,38.862118629455566,337,599.2198049011228,max_hold,11,2010
GOOGL,2010-11-15 00:00:00,2010-11-26 00:00:00,14.931455640792844,14.735235256195068,838,-164.4326822929364,max_hold,11,2010
GIS,2010-11-15 00:00:00,2010-11-26 00:00:00,35.93172061157227,35.03978060913086,348,-310.3951208496103,max_hold,11,2010
VRTX,2010-11-16 00:00:00,2010-11-26 00:00:00,34.16819847106934,34.21143878173828,366,15.825953704832799,max_hold,10,2010
SMCI,2010-11-16 00:00:00,2010-11-26 00:00:00,1.0200360066890717,1.0459039781093598,12278,317.60695309829697,max_hold,10,2010
SJM,2010-11-18 00:00:00,2010-11-29 00:00:00,62.274301528930664,62.72429847717285,201,90.44938659667969,max_hold,11,2010
SCHW,2010-11-26 00:00:00,2010-12-01 00:00:00,15.080100191116333,15.658619581222535,830,480.1710937881473,rsi_exit,5,2010
POOL,2010-11-26 00:00:00,2010-12-03 00:00:00,20.911740840911865,21.676559314727783,598,457.361447341919,rsi_exit,7,2010
CNK,2010-11-29 00:00:00,2010-12-03 00:00:00,17.7855,18.562800380706786,704,547.2194680175783,rsi_exit,4,2010
ZION,2010-11-26 00:00:00,2010-12-06 00:00:00,19.539,21.347219390869146,641,1159.0686295471216,max_hold,10,2010
LMT,2010-11-26 00:00:00,2010-12-06 00:00:00,68.93760305786132,68.64243878173828,181,-53.42473397827132,max_hold,10,2010
USB,2010-11-26 00:00:00,2010-12-06 00:00:00,24.017939311981202,24.600699619293213,521,303.61812010955765,max_hold,10,2010
VTR,2010-12-01 00:00:00,2010-12-13 00:00:00,57.97800636291504,57.38186678314209,216,-128.7661492309577,max_hold,12,2010
BBY,2010-12-13 00:00:00,2010-12-14 00:00:00,41.783400764465334,35.44896045684814,299,-1893.9976519775407,stop,1,2010
XPO,2010-12-06 00:00:00,2010-12-16 00:00:00,3.1050486674308777,3.175492205142975,4033,284.0987875928876,max_hold,10,2010
KR,2010-12-06 00:00:00,2010-12-16 00:00:00,10.335629579544067,10.773410076141356,1211,530.1521813793177,max_hold,10,2010
CBOE,2010-12-10 00:00:00,2010-12-20 00:00:00,23.0159393119812,22.155600761413574,544,-468.0241715087884,max_hold,10,2010
BAH,2010-12-13 00:00:00,2010-12-20 00:00:00,18.607139694213867,19.550820152282714,673,635.0969482803342,rsi_exit,7,2010
NRG,2010-12-13 00:00:00,2010-12-23 00:00:00,18.7774797706604,19.1516205329895,667,249.55188847351087,max_hold,10,2010
LVS,2010-12-13 00:00:00,2010-12-23 00:00:00,45.35051831817627,45.718381370544435,276,101.53020245361347,max_hold,10,2010
KR,2010-12-21 00:00:00,2010-12-23 00:00:00,10.876709541320801,10.838279657363891,1151,-44.232796434403596,rsi_exit,2,2010
NFLX,2010-12-20 00:00:00,2010-12-30 00:00:00,2.548658137321472,2.563433948516846,4914,72.60833621406658,max_hold,10,2010
UNH,2010-12-21 00:00:00,2010-12-31 00:00:00,35.4006618347168,36.03778060913086,353,224.90292736816414,max_hold,10,2010
MCD,2010-12-21 00:00:00,2010-12-31 00:00:00,77.01372061157227,76.606482131958,162,-65.97263369751082,max_hold,10,2010
CNK,2010-12-23 00:00:00,2011-01-03 00:00:00,17.7855,17.305320152282714,704,-338.0466127929683,max_hold,11,2011
CELH,2010-12-23 00:00:00,2011-01-03 00:00:00,0.12357966564595692,0.1264136589169502,101351,287.22805200843953,max_hold,11,2011
DLR,2010-12-23 00:00:00,2011-01-03 00:00:00,49.8695404586792,52.00578060913086,251,536.1962777633673,max_hold,11,2011
CI,2010-12-30 00:00:00,2011-01-05 00:00:00,36.3225,37.52479847717285,344,413.59067614746147,rsi_exit,6,2011
MAS,2010-12-31 00:00:00,2011-01-05 00:00:00,11.147029260635376,11.523479539871216,1123,422.7536635818483,rsi_exit,5,2011
HEI,2010-12-28 00:00:00,2011-01-07 00:00:00,13.695524471282956,13.792591926574707,914,88.71965413665959,max_hold,10,2011
FSLR,2010-12-31 00:00:00,2011-01-10 00:00:00,130.40027938842775,136.15713269042968,96,552.6579169921852,rsi_exit,10,2011
MCD,2011-01-04 00:00:00,2011-01-14 00:00:00,74.45861755371094,73.91187756347657,168,-91.85231835937441,max_hold,10,2011
VMC,2011-01-04 00:00:00,2011-01-14 00:00:00,42.22427938842773,40.97788137054443,296,-368.93381329345715,max_hold,10,2011
SJM,2011-01-04 00:00:00,2011-01-14 00:00:00,63.416580917358395,63.27320152282715,197,-28.245740722655164,max_hold,10,2011
KLAC,2011-01-05 00:00:00,2011-01-14 00:00:00,37.97580152893067,42.02578060913086,329,1332.4431173858643,rsi_exit,9,2011
HRL,2011-01-05 00:00:00,2011-01-18 00:00:00,12.487424617767331,12.67709534263611,1003,190.23973704338422,max_hold,13,2011
EW,2011-01-07 00:00:00,2011-01-18 00:00:00,13.201350191116333,13.885506273269653,948,648.5799658813477,rsi_exit,11,2011
MO,2011-01-10 00:00:00,2011-01-20 00:00:00,24.288479770660402,23.99192091369629,515,-152.72781133651733,max_hold,10,2011
MAA,2011-01-14 00:00:00,2011-01-24 00:00:00,61.8735,61.55664030456543,202,-64.00565847778375,max_hold,10,2011
CCI,2011-01-14 00:00:00,2011-01-24 00:00:00,40.8114595413208,42.405021675109865,306,487.63001293945354,max_hold,10,2011
STX,2011-01-14 00:00:00,2011-01-24 00:00:00,14.2885202293396,13.492960456848145,876,-696.9103607025144,max_hold,10,2011
NEM,2011-01-14 00:00:00,2011-01-24 00:00:00,55.83144122314453,55.05965817260742,224,-172.87940332031258,max_hold,10,2011
BMY,2011-01-18 00:00:00,2011-01-27 00:00:00,25.8115202293396,26.297300380706787,485,235.60337341308585,rsi_exit,9,2011
BAH,2011-01-20 00:00:00,2011-01-27 00:00:00,18.126180152893067,18.762399238586426,690,438.99116912841754,rsi_exit,7,2011
MDLZ,2011-01-18 00:00:00,2011-01-28 00:00:00,31.112099235534668,30.468940685272216,402,-258.5497372055058,max_hold,10,2011
CHRW,2011-01-24 00:00:00,2011-02-03 00:00:00,77.9055,74.29112243652344,160,-578.3004101562506,max_hold,10,2011
PRIM,2011-01-24 00:00:00,2011-02-03 00:00:00,8.557079961776733,8.16364030456543,1463,-575.6022185001364,max_hold,10,2011
FFIV,2011-01-24 00:00:00,2011-02-03 00:00:00,106.77311755371095,117.97357908630372,117,1310.453999313354,max_hold,10,2011
IAC,2011-01-24 00:00:00,2011-02-03 00:00:00,5.103649869918823,5.266987030029297,2454,400.8293909111022,max_hold,10,2011
MPWR,2011-01-27 00:00:00,2011-02-07 00:00:00,15.0400202293396,15.738460456848145,832,581.1022692871095,max_hold,11,2011
EIX,2011-01-27 00:00:00,2011-02-07 00:00:00,37.23431984710693,36.726399238586424,336,-170.66132446289043,max_hold,11,2011
NSC,2011-01-28 00:00:00,2011-02-07 00:00:00,60.500761070251464,61.377,207,181.38145845794747,max_hold,10,2011
CMA,2011-02-03 00:00:00,2011-02-08 00:00:00,38.4968381652832,39.301241065979006,325,261.4309427261368,rsi_exit,5,2011
PG,2011-02-03 00:00:00,2011-02-14 00:00:00,63.025801528930664,64.41092091369629,198,274.2536381835934,max_hold,11,2011
UHS,2011-02-03 00:00:00,2011-02-14 00:00:00,42.895621376037596,43.812201522827145,291,266.7248227157588,rsi_exit,11,2011
DHI,2011-02-04 00:00:00,2011-02-14 00:00:00,11.753459541320801,12.435080038070678,1065,725.9258290386193,max_hold,10,2011
AMGN,2011-02-07 00:00:00,2011-02-17 00:00:00,54.98976107025147,52.305179847717284,227,-609.3999375152599,max_hold,10,2011
CHRW,2011-02-07 00:00:00,2011-02-17 00:00:00,74.25822061157227,74.859982131958,168,101.09593542480366,max_hold,10,2011
ABT,2011-02-09 00:00:00,2011-02-17 00:00:00,21.89379211807251,22.179887950897218,572,163.64681637573213,rsi_exit,8,2011
SO,2011-02-08 00:00:00,2011-02-18 00:00:00,37.43472061157227,37.794258934020995,334,120.0857996978751,max_hold,10,2011
ALNY,2011-02-14 00:00:00,2011-02-18 00:00:00,10.1302196559906,11.347259885787963,1236,1504.26172402954,rsi_exit,4,2011
WMT,2011-02-14 00:00:00,2011-02-24 00:00:00,18.303199745178222,17.32860608291626,684,-666.6220649871827,max_hold,10,2011
PHM,2011-02-14 00:00:00,2011-02-24 00:00:00,7.484939789772033,6.956059790611267,1673,-884.8162385959623,max_hold,10,2011
LPLA,2011-02-18 00:00:00,2011-02-28 00:00:00,32.97581984710693,33.54278060913086,379,214.87812880706747,max_hold,10,2011
TGT,2011-02-18 00:00:00,2011-02-28 00:00:00,52.003801528930666,52.44489923858642,240,105.86345031738176,max_hold,10,2011
MRK,2011-02-22 00:00:00,2011-03-04 00:00:00,30.920497467041013,31.482709560394287,405,227.69589780807604,max_hold,10,2011
FITB,2011-02-22 00:00:00,2011-03-04 00:00:00,14.529,13.87219961929321,862,-566.1619281692523,max_hold,10,2011
PCG,2011-02-22 00:00:00,2011-03-04 00:00:00,45.3004190826416,45.38903954315185,276,24.459247100828776,max_hold,10,2011
PENN,2011-02-24 00:00:00,2011-03-04 00:00:00,7.752303894996643,8.39827275276184,1615,1043.2397052907938,rsi_exit,8,2011
HALO,2011-02-24 00:00:00,2011-03-07 00:00:00,6.623220133781433,6.656660076141358,1891,63.234931002617714,max_hold,11,2011
CGNX,2011-02-28 00:00:00,2011-03-10 00:00:00,6.991454961776733,6.7514698667526245,1791,-429.8133051881783,max_hold,10,2011
MSFT,2011-02-28 00:00:00,2011-03-10 00:00:00,26.633159923553468,25.359179847717286,470,-598.7706356430053,max_hold,10,2011
F,2011-03-04 00:00:00,2011-03-14 00:00:00,14.448840076446531,14.271400190353393,866,-153.6629413566576,max_hold,10,2011
FITB,2011-03-04 00:00:00,2011-03-14 00:00:00,13.927799617767333,13.87219961929321,899,-49.98439862823568,max_hold,10,2011
MRVL,2011-03-04 00:00:00,2011-03-14 00:00:00,16.162259159088133,15.598740114212037,774,-436.163740734099,max_hold,10,2011
HOG,2011-03-04 00:00:00,2011-03-14 00:00:00,39.8295,40.74834182739258,314,288.51633380126896,max_hold,10,2011
NFLX,2011-03-07 00:00:00,2011-03-17 00:00:00,2.968782721996307,3.0496024641990656,4218,340.89767261123467,max_hold,10,2011
NVDA,2011-03-10 00:00:00,2011-03-21 00:00:00,0.44889601385593414,0.44311200571060183,27901,-161.37961126291674,max_hold,11,2011
NEM,2011-03-10 00:00:00,2011-03-21 00:00:00,51.59298168182373,51.596600761413576,242,0.8758172607428065,max_hold,11,2011
IART,2011-03-14 00:00:00,2011-03-24 00:00:00,21.131690895080567,20.92551428985596,592,-122.05655029296656,max_hold,10,2011
XOM,2011-03-15 00:00:00,2011-03-25 00:00:00,81.55277938842774,83.45276274108886,153,290.697452957152,max_hold,10,2011
AFL,2011-03-15 00:00:00,2011-03-25 00:00:00,25.49588969421387,26.272350761413573,491,381.24238399505504,max_hold,10,2011
ALNY,2011-03-15 00:00:00,2011-03-25 00:00:00,9.819600191116333,9.371220342636109,1275,-571.6843068122855,max_hold,10,2011
CRM,2011-03-17 00:00:00,2011-03-28 00:00:00,30.643665458679198,31.933504467010497,408,526.25431539917,max_hold,11,2011
SBAC,2011-03-21 00:00:00,2011-03-31 00:00:00,37.10405877685547,39.60064030456543,337,841.3479748382578,max_hold,10,2011
IONS,2011-03-21 00:00:00,2011-03-31 00:00:00,8.677319847106933,9.02191996192932,1443,497.25796568870567,max_hold,10,2011
PPL,2011-03-25 00:00:00,2011-04-01 00:00:00,22.93026759338379,23.88910533523559,546,523.525407051084,rsi_exit,7,2011
NDAQ,2011-03-25 00:00:00,2011-04-01 00:00:00,8.450200063705445,9.391179847717286,1482,1394.5320399055481,rsi_exit,7,2011
POOL,2011-03-28 00:00:00,2011-04-04 00:00:00,23.99790076446533,24.52085969543457,521,272.46160303497334,rsi_exit,7,2011
BAC,2011-03-28 00:00:00,2011-04-07 00:00:00,13.3967398853302,13.582779657363892,934,173.76114707946763,max_hold,10,2011
SYK,2011-03-28 00:00:00,2011-04-07 00:00:00,60.8314190826416,59.73029847717285,205,-225.72972412109385,max_hold,10,2011
BBY,2011-03-31 00:00:00,2011-04-11 00:00:00,28.7774393119812,30.448980228424073,435,727.1202986526494,max_hold,11,2011
URBN,2011-03-31 00:00:00,2011-04-11 00:00:00,29.889659923553467,31.237399238586427,419,564.7027729988104,rsi_exit,11,2011
INTC,2011-04-01 00:00:00,2011-04-11 00:00:00,19.7594393119812,20.079760837554932,633,202.7635256881723,max_hold,10,2011
TOL,2011-04-04 00:00:00,2011-04-14 00:00:00,19.699319847106935,19.9001205329895,635,127.50843553542937,max_hold,10,2011
KBH,2011-04-06 00:00:00,2011-04-18 00:00:00,11.863680152893066,11.277400190353394,1055,-618.5253604793542,max_hold,12,2011
KMI,2011-04-07 00:00:00,2011-04-18 00:00:00,29.278439311981202,28.462960456848144,427,-348.20947114181587,max_hold,11,2011
MAR,2011-04-08 00:00:00,2011-04-18 00:00:00,32.647634880065915,32.80889594268799,383,61.762986984254454,max_hold,10,2011
PLUG,2011-04-18 00:00:00,2011-04-19 00:00:00,5.210399808883667,4.590799904823303,2403,-1488.8985694570556,stop,1,2011
DVN,2011-04-11 00:00:00,2011-04-21 00:00:00,89.41847785949707,88.93178060913085,140,-68.13761505127076,max_hold,10,2011
CBOE,2011-04-11 00:00:00,2011-04-21 00:00:00,26.94377938842774,27.045800380706787,464,47.33774041747819,max_hold,10,2011
HON,2011-04-18 00:00:00,2011-04-21 00:00:00,51.419253112792966,54.451292533874515,243,736.7855793228165,rsi_exit,3,2011
KLAC,2011-04-12 00:00:00,2011-04-25 00:00:00,42.444720611572265,42.574679847717285,295,38.337974662780745,max_hold,13,2011
ZBRA,2011-04-14 00:00:00,2011-04-25 00:00:00,37.83551831817627,37.794258934020995,331,-13.656856155395978,max_hold,11,2011
SLB,2011-04-18 00:00:00,2011-04-28 00:00:00,84.9195,88.93178060913085,147,589.8052495422356,max_hold,10,2011
HOG,2011-04-19 00:00:00,2011-04-29 00:00:00,37.68522061157226,37.185478324890134,332,-165.91443917846655,max_hold,10,2011
TFC,2011-04-21 00:00:00,2011-05-02 00:00:00,26.031959541320802,26.536820152282715,481,242.83795387268012,max_hold,11,2011
BK,2011-04-21 00:00:00,2011-05-02 00:00:00,28.456799617767334,28.7523794670105,440,130.05513366699248,max_hold,11,2011
GILD,2011-04-21 00:00:00,2011-05-02 00:00:00,19.569060688018798,20.294329086303712,640,464.1717749023451,max_hold,11,2011
ARCB,2011-04-25 00:00:00,2011-05-05 00:00:00,23.386680152893067,23.6426205329895,535,136.9281033515918,max_hold,10,2011
KNX,2011-04-25 00:00:00,2011-05-05 00:00:00,18.116159923553468,18.04383992385864,691,-49.97311978912526,max_hold,10,2011
JAZZ,2011-04-29 00:00:00,2011-05-06 00:00:00,31.973819847106935,29.211460456848144,391,-1080.082521591187,stop,7,2011
NDAQ,2011-04-28 00:00:00,2011-05-09 00:00:00,9.09815992355347,9.105086311340331,1376,9.530709594722339,max_hold,11,2011
LRCX,2011-05-02 00:00:00,2011-05-12 00:00:00,4.8186180152893066,4.737506217002869,2599,-210.80956374645177,max_hold,10,2011
AJG,2011-05-02 00:00:00,2011-05-12 00:00:00,29.408700382232666,29.57073916244507,425,68.86648159027091,max_hold,10,2011
TRMB,2011-05-03 00:00:00,2011-05-13 00:00:00,21.5730606880188,21.51189030456543,580,-35.47882240295415,max_hold,10,2011
KNX,2011-05-05 00:00:00,2011-05-16 00:00:00,18.116159923553468,17.265399238586426,691,-587.8756333122262,max_hold,11,2011
KTOS,2011-05-05 00:00:00,2011-05-16 00:00:00,12.6552601146698,12.465019771575928,989,-188.14769931983827,max_hold,11,2011
HD,2011-05-06 00:00:00,2011-05-16 00:00:00,37.06398168182373,36.906039543151856,337,-53.226500732422814,max_hold,10,2011
TSN,2011-05-09 00:00:00,2011-05-19 00:00:00,17.7855,18.522879467010497,704,519.115144775391,max_hold,10,2011
GS,2011-05-12 00:00:00,2011-05-23 00:00:00,143.0355,135.56831634521484,87,-649.6449779663101,max_hold,11,2011
XOM,2011-05-12 00:00:00,2011-05-23 00:00:00,81.21210305786133,80.50865817260743,154,-108.33051232910083,max_hold,11,2011
MRVL,2011-05-13 00:00:00,2011-05-23 00:00:00,14.629200382232668,14.311320152282715,856,-272.1054768371598,max_hold,10,2011
TXT,2011-05-16 00:00:00,2011-05-23 00:00:00,24.348599235534667,22.045820152282715,514,-1183.6284487915034,stop,7,2011
PH,2011-05-16 00:00:00,2011-05-26 00:00:00,87.87539694213868,87.83398213195801,142,-5.880903045654975,max_hold,10,2011
STLD,2011-05-16 00:00:00,2011-05-26 00:00:00,17.0540404586792,16.75642091369629,734,-218.45274601745692,max_hold,10,2011
OXY,2011-05-19 00:00:00,2011-05-31 00:00:00,96.36254457092285,103.12027333068848,129,871.7470100097659,max_hold,12,2011
CGNX,2011-05-23 00:00:00,2011-06-02 00:00:00,7.975920038223267,8.652660076141357,1570,1062.4818595314023,max_hold,10,2011
GM,2011-05-23 00:00:00,2011-06-02 00:00:00,31.021919082641602,29.540800380706788,403,-596.8908368797303,max_hold,10,2011
JPM,2011-05-23 00:00:00,2011-06-02 00:00:00,42.63509923553467,41.52678060913086,293,-324.73735753631564,max_hold,10,2011
STAG,2011-05-23 00:00:00,2011-06-02 00:00:00,12.304559732437134,12.175599809646606,1017,-131.15224147796746,max_hold,10,2011
LRCX,2011-05-26 00:00:00,2011-06-06 00:00:00,4.584149808883667,4.52792617893219,2732,-153.60295702743488,max_hold,11,2011
UNH,2011-05-26 00:00:00,2011-06-06 00:00:00,47.795400764465334,48.05370152282715,262,67.67479869079492,max_hold,11,2011
WSM,2011-05-31 00:00:00,2011-06-10 00:00:00,19.614150764465332,18.148629467010498,638,-935.0025877761847,max_hold,10,2011
TGT,2011-06-02 00:00:00,2011-06-13 00:00:00,48.04590076446533,46.33714030456543,260,-444.27771957397385,max_hold,11,2011
KO,2011-06-02 00:00:00,2011-06-13 00:00:00,33.0860404586792,32.494881370544434,378,-223.45813531494167,max_hold,11,2011
SYK,2011-06-02 00:00:00,2011-06-13 00:00:00,61.13201831817627,58.42292091369629,204,-552.6558705139166,max_hold,11,2011
LMT,2011-06-02 00:00:00,2011-06-13 00:00:00,75.88146336364746,78.70228060913085,165,465.4348455047605,max_hold,11,2011
BAC,2011-06-06 00:00:00,2011-06-16 00:00:00,10.851659923553468,10.578800380706788,1154,-314.8799124450687,max_hold,10,2011
MRK,2011-06-06 00:00:00,2011-06-16 00:00:00,33.999159896850585,33.5015652923584,368,-183.11481445312427,max_hold,10,2011
NRG,2011-06-10 00:00:00,2011-06-20 00:00:00,23.837580917358398,23.443019771575926,525,-207.1446015357977,max_hold,10,2011
STAG,2011-06-14 00:00:00,2011-06-21 00:00:00,12.1342196559906,12.564820152282715,1032,444.37971217346274,rsi_exit,7,2011
NUE,2011-06-13 00:00:00,2011-06-23 00:00:00,39.5389190826416,39.92,316,120.42156988525545,max_hold,10,2011
AMT,2011-06-16 00:00:00,2011-06-23 00:00:00,50.22023892974853,52.38502167510986,249,539.0309035949709,rsi_exit,7,2011
KKR,2011-06-14 00:00:00,2011-06-24 00:00:00,15.871680152893067,15.728480228424072,789,-112.98474040603688,max_hold,10,2011
IART,2011-06-14 00:00:00,2011-06-24 00:00:00,21.109041698455812,20.95709772491455,593,-90.10277630996784,max_hold,10,2011
NTAP,2011-06-16 00:00:00,2011-06-27 00:00:00,49.749301528930665,50.31915817260742,251,143.0340175628662,max_hold,11,2011
AAPL,2011-06-20 00:00:00,2011-06-30 00:00:00,11.283951690673828,11.964237112045288,1109,754.4365323009491,rsi_exit,10,2011
ACAD,2011-06-21 00:00:00,2011-07-01 00:00:00,1.6032000238895416,1.706580038070679,7812,807.6046707830454,max_hold,10,2011
EGP,2011-06-23 00:00:00,2011-07-01 00:00:00,41.44272061157226,43.462899238586424,302,610.0939453582766,rsi_exit,8,2011
LPLA,2011-06-23 00:00:00,2011-07-05 00:00:00,33.68723892974854,34.22142091369629,371,198.18151604461664,max_hold,12,2011
MU,2011-06-24 00:00:00,2011-07-05 00:00:00,7.224420038223267,7.764440209388733,1733,935.8549566297526,max_hold,11,2011
PG,2011-06-24 00:00:00,2011-07-05 00:00:00,62.71518015289307,64.13148213195801,199,281.84409383392307,max_hold,11,2011
KMI,2011-06-27 00:00:00,2011-07-07 00:00:00,28.3165202293396,28.922039543151854,442,267.6395367050169,max_hold,10,2011
GIS,2011-07-11 00:00:00,2011-07-15 00:00:00,36.93372061157226,37.6745,339,251.12421267700373,rsi_exit,4,2011
PLUG,2011-07-12 00:00:00,2011-07-20 00:00:00,2.0841599235534667,2.435120057106018,6009,2108.9194425172814,rsi_exit,8,2011
KBH,2011-07-11 00:00:00,2011-07-21 00:00:00,9.619200382232668,9.490980228424073,1302,-166.94264025879065,max_hold,10,2011
TREX,2011-07-12 00:00:00,2011-07-22 00:00:00,2.5613625955581667,2.7682025666236876,4889,1011.2406185393315,max_hold,10,2011
AMD,2011-07-12 00:00:00,2011-07-22 00:00:00,6.4428598279953,7.7345,1944,2510.948494377136,rsi_exit,10,2011
EXP,2011-07-12 00:00:00,2011-07-22 00:00:00,25.2904797706604,24.830239162445068,495,-227.8191010665898,max_hold,10,2011
HII,2011-07-12 00:00:00,2011-07-22 00:00:00,34.46880152893066,33.84217984771728,363,-227.46367028045663,max_hold,10,2011
MPWR,2011-07-15 00:00:00,2011-07-25 00:00:00,13.627200382232667,13.662619581222534,919,32.55024387168808,max_hold,10,2011
FTNT,2011-07-20 00:00:00,2011-07-27 00:00:00,4.3306440267562865,3.9540758934021,2892,-1089.0350416603076,stop,7,2011
EW,2011-07-22 00:00:00,2011-07-27 00:00:00,13.0109696559906,11.909466730117796,962,-1059.6458146896375,stop,5,2011
NVDA,2011-07-20 00:00:00,2011-08-01 00:00:00,0.3517020109891891,0.3635215042829514,35612,420.9157951774633,max_hold,12,2011
ET,2011-07-21 00:00:00,2011-08-01 00:00:00,10.543545038223266,10.366724809646607,1187,-209.88561132049438,max_hold,11,2011
MAS,2011-07-22 00:00:00,2011-08-01 00:00:00,10.05521891784668,9.252108610153199,1245,-999.8723330783846,max_hold,10,2011
VMC,2011-07-22 00:00:00,2011-08-01 00:00:00,35.921698471069334,33.47292091369629,348,-852.1745899658185,max_hold,10,2011
ALL,2011-07-22 00:00:00,2011-08-01 00:00:00,28.747380535125732,28.283320152282716,435,-201.86626653671192,max_hold,10,2011
KMI,2011-07-25 00:00:00,2011-08-04 00:00:00,27.555,26.417059314727783,454,-516.6250711135862,max_hold,10,2011
WERN,2011-07-27 00:00:00,2011-08-04 00:00:00,23.747400764465333,21.357199619293212,527,-1259.6360035057075,stop,8,2011
HIG,2011-08-01 00:00:00,2011-08-04 00:00:00,23.046,20.898120532989502,543,-1166.2985505867002,stop,3,2011
ACAD,2011-07-27 00:00:00,2011-08-05 00:00:00,1.5731400525569916,1.3373200333118438,7961,-1877.3631732106219,stop,9,2011
LDOS,2011-08-01 00:00:00,2011-08-08 00:00:00,38.57081547546387,34.76982523345947,324,-1231.5208384094242,stop,7,2011
ATI,2011-08-04 00:00:00,2011-08-08 00:00:00,49.4086213760376,42.47488137054443,253,-1754.2362213897723,stop,4,2011
FCX,2011-08-04 00:00:00,2011-08-08 00:00:00,46.893599235534666,41.80621939086914,267,-1358.3304185256957,stop,4,2011
BAC,2011-08-05 00:00:00,2011-08-08 00:00:00,8.186340076446534,6.496980228424072,1529,-2583.031207626344,stop,3,2011
CPB,2011-08-01 00:00:00,2011-08-10 00:00:00,33.0259190826416,29.710460456848146,379,-1256.558819175719,stop,9,2011
ABT,2011-08-01 00:00:00,2011-08-11 00:00:00,24.263936611175534,23.64513890838623,516,-319.2996146392813,max_hold,10,2011
CHD,2011-08-04 00:00:00,2011-08-15 00:00:00,18.80252938842774,20.90310969543457,666,1398.9864844665485,max_hold,11,2011
HOG,2011-08-08 00:00:00,2011-08-18 00:00:00,35.420698471069336,33.64257908630371,353,-627.6761428222653,max_hold,10,2011
LEN,2011-08-08 00:00:00,2011-08-18 00:00:00,13.48639351272583,12.634582767486572,928,-790.4803715820308,max_hold,10,2011
INTC,2011-08-08 00:00:00,2011-08-18 00:00:00,20.150220611572262,19.730460456848146,621,-260.67105608367626,max_hold,10,2011
CMC,2011-08-08 00:00:00,2011-08-18 00:00:00,10.911780344009399,10.928099809646607,1147,18.718427085877686,max_hold,10,2011
WDC,2011-08-11 00:00:00,2011-08-18 00:00:00,23.06947864151001,20.99345331954956,542,-1125.2057245025644,stop,7,2011
WSM,2011-08-15 00:00:00,2011-08-18 00:00:00,15.856649808883667,14.37618973350525,789,-1168.0829994735711,stop,3,2011
HPQ,2011-08-15 00:00:00,2011-08-18 00:00:00,14.756975028991699,13.3746501121521,848,-1172.2115294799796,stop,3,2011
KTOS,2011-08-18 00:00:00,2011-08-25 00:00:00,8.2665,9.01193973350525,1515,1129.3411962604519,rsi_exit,7,2011
ISRG,2011-08-18 00:00:00,2011-08-26 00:00:00,37.22430152893067,39.5795719909668,336,791.37087524414,rsi_exit,8,2011
ODFL,2011-08-18 00:00:00,2011-08-26 00:00:00,6.370493628501892,6.762004975318908,1966,769.7113078422542,rsi_exit,8,2011
CMC,2011-08-18 00:00:00,2011-08-29 00:00:00,10.971899808883666,11.7265,1141,860.9988180637364,max_hold,11,2011
MLM,2011-08-18 00:00:00,2011-08-29 00:00:00,62.124,70.22926274108887,201,1629.1578109588631,rsi_exit,11,2011
HOG,2011-08-18 00:00:00,2011-08-29 00:00:00,33.7774190826416,37.38507908630371,370,1334.8342013549814,max_hold,11,2011
SAIA,2011-08-25 00:00:00,2011-09-06 00:00:00,7.595159923553466,7.578146101951599,1649,-28.055791821478568,max_hold,12,2011
HPQ,2011-09-01 00:00:00,2011-09-09 00:00:00,11.68089935874939,10.265531993865967,1072,-1517.2738151550293,stop,8,2011
PCRX,2011-08-31 00:00:00,2011-09-12 00:00:00,7.675319847106934,8.502960456848145,1631,1349.881834487915,max_hold,12,2011
NTAP,2011-09-01 00:00:00,2011-09-12 00:00:00,37.2844190826416,36.22739923858643,335,-354.1016477584817,max_hold,11,2011
HCA,2011-09-02 00:00:00,2011-09-12 00:00:00,18.687299617767334,18.363199619293212,670,-217.1469989776614,max_hold,10,2011
GM,2011-09-02 00:00:00,2011-09-12 00:00:00,22.11413969421387,21.826260837554933,566,-162.9394328689572,max_hold,10,2011
ALB,2011-09-02 00:00:00,2011-09-12 00:00:00,47.735279388427735,44.60061862945557,262,-821.2811188507078,max_hold,10,2011
APO,2011-09-06 00:00:00,2011-09-12 00:00:00,12.214379579544067,10.82830038070679,1025,-1420.7311788082097,stop,6,2011
NFLX,2011-09-15 00:00:00,2011-09-16 00:00:00,2.4226926455497746,2.212566007614136,5169,-1086.144591489317,stop,1,2011
XPO,2011-09-15 00:00:00,2011-09-21 00:00:00,3.5209037132263186,3.082298990726471,3557,-1560.1169979319584,stop,6,2011
FSLR,2011-09-16 00:00:00,2011-09-21 00:00:00,85.87139694213867,73.37295664978028,145,-1812.2738423919673,stop,5,2011
GNRC,2011-09-16 00:00:00,2011-09-22 00:00:00,18.637200382232667,15.698539543151856,672,-1974.7800838623048,stop,6,2011
HEI,2011-09-16 00:00:00,2011-09-22 00:00:00,16.292000392913817,14.827296819686888,768,-1124.8923442382816,stop,6,2011
PM,2011-09-13 00:00:00,2011-09-23 00:00:00,66.10194122314454,63.682381370544434,189,-457.2968121414193,max_hold,10,2011
LDOS,2011-09-14 00:00:00,2011-09-26 00:00:00,31.816592262268067,30.038566890716552,393,-698.7639710197452,max_hold,12,2011
MPC,2011-09-22 00:00:00,2011-09-30 00:00:00,14.7644696559906,13.502939733505249,848,-1069.7773742675781,stop,8,2011
WTW,2011-09-21 00:00:00,2011-10-03 00:00:00,91.06919549560547,88.90791790771485,137,-296.0950295410154,max_hold,12,2011
URBN,2011-09-21 00:00:00,2011-10-03 00:00:00,23.837580917358398,21.856199619293214,525,-1040.2251814842216,max_hold,12,2011
APA,2011-09-22 00:00:00,2011-10-03 00:00:00,83.85738244628907,76.347,149,-1119.0469844970717,stop,11,2011
VMC,2011-09-26 00:00:00,2011-10-03 00:00:00,29.859599235534667,26.1376205329895,419,-1559.509076366424,stop,7,2011
TMUS,2011-09-27 00:00:00,2011-10-03 00:00:00,18.877680152893067,16.32728060913086,663,-1690.9148975143435,stop,6,2011
LVS,2011-09-30 00:00:00,2011-10-10 00:00:00,38.416680152893065,44.52078060913086,326,1989.9367487335212,max_hold,10,2011
ALNY,2011-10-03 00:00:00,2011-10-12 00:00:00,6.012,7.00595998096466,2083,2070.4186403493886,rsi_exit,9,2011
O,2011-10-03 00:00:00,2011-10-13 00:00:00,29.65220934677124,30.674962066650394,422,431.60164778900304,max_hold,10,2011
NRG,2011-10-03 00:00:00,2011-10-13 00:00:00,19.96986030578613,20.868179847717286,627,563.2463527908342,max_hold,10,2011
MGM,2011-10-03 00:00:00,2011-10-13 00:00:00,8.246459541320801,10.179599809646607,1518,2934.506927318573,max_hold,10,2011
FSLR,2011-10-14 00:00:00,2011-10-19 00:00:00,56.3424595413208,50.96785969543457,222,-1193.1611657867431,stop,5,2011
VRTX,2011-10-10 00:00:00,2011-10-20 00:00:00,40.490819847106934,42.19543878173828,309,526.7272508010866,max_hold,10,2011
EW,2011-10-17 00:00:00,2011-10-21 00:00:00,11.44451043319702,12.205539543151856,1094,832.5658462905897,rsi_exit,4,2011
BSX,2011-10-17 00:00:00,2011-10-27 00:00:00,5.561100191116333,5.628719866752625,2252,152.27950953292836,max_hold,10,2011
DXCM,2011-10-17 00:00:00,2011-10-27 00:00:00,2.66030997133255,2.345299904823303,4708,-1483.0673931255349,stop,10,2011
CROX,2011-10-18 00:00:00,2011-10-28 00:00:00,16.182299617767335,17.20551977157593,773,790.9491788940436,max_hold,10,2011
SKY,2011-10-20 00:00:00,2011-10-31 00:00:00,6.903779866218567,6.746480228424073,1814,-285.34154295921326,max_hold,11,2011
NFLX,2011-10-25 00:00:00,2011-11-04 00:00:00,1.107496574163437,1.2834280133247375,11309,1989.6086454751473,max_hold,10,2011
FSLR,2011-10-26 00:00:00,2011-11-07 00:00:00,46.202220611572265,47.644521675109864,271,390.8635882186893,max_hold,12,2011
REGN,2011-10-28 00:00:00,2011-11-07 00:00:00,55.77131984710693,54.48082015228272,224,-289.0719316406237,max_hold,10,2011
VRTX,2011-11-07 00:00:00,2011-11-08 00:00:00,33.28644122314453,30.389100761413573,376,-1089.4000136108393,stop,1,2011
INCY,2011-10-31 00:00:00,2011-11-10 00:00:00,13.7975404586792,12.764419961929322,907,-937.0402905521385,max_hold,10,2011
SKY,2011-11-01 00:00:00,2011-11-11 00:00:00,6.3626999044418335,6.836299904823303,1968,932.0448007507316,max_hold,10,2011
IART,2011-11-01 00:00:00,2011-11-11 00:00:00,13.589512241363526,14.148860193252565,921,515.1594636898053,max_hold,10,2011
ANF,2011-11-09 00:00:00,2011-11-16 00:00:00,56.392558776855466,48.00379847717285,222,-1862.3047865295407,stop,7,2011
PENN,2011-11-07 00:00:00,2011-11-17 00:00:00,7.994704384803771,7.743920113563537,1566,-392.7281687622053,max_hold,10,2011
HSY,2011-11-07 00:00:00,2011-11-17 00:00:00,57.6951618347168,56.12752167510986,217,-340.1779146347056,max_hold,10,2011
PCG,2011-11-10 00:00:00,2011-11-21 00:00:00,40.17018015289307,38.16352167510986,311,-624.0707865905767,max_hold,11,2011
INCY,2011-11-11 00:00:00,2011-11-21 00:00:00,12.565079961776734,12.055839923858644,996,-507.2030777664178,max_hold,10,2011
PCRX,2011-11-11 00:00:00,2011-11-21 00:00:00,7.234439789772034,7.315339923858643,1731,140.0381321039204,max_hold,10,2011
ALNY,2011-11-16 00:00:00,2011-11-28 00:00:00,6.7534797706604,6.756459980964661,1854,5.525309904100078,max_hold,12,2011
XPO,2011-11-17 00:00:00,2011-11-28 00:00:00,3.30604595375061,3.28249294090271,3788,-89.2188126678461,max_hold,11,2011
MGM,2011-11-17 00:00:00,2011-11-28 00:00:00,9.739440267562866,9.790380418777465,1286,65.5090344619741,max_hold,11,2011
NBIX,2011-11-21 00:00:00,2011-12-01 00:00:00,6.162300095558167,6.5867999048233035,2032,862.5836124267577,max_hold,10,2011
GILD,2011-11-21 00:00:00,2011-12-01 00:00:00,18.166259159088135,19.79532908630371,689,1122.429179851531,max_hold,10,2011
CROX,2011-11-21 00:00:00,2011-12-01 00:00:00,15.440819847106933,15.409119581222534,811,-25.708915632248132,max_hold,10,2011
NEM,2011-11-28 00:00:00,2011-12-08 00:00:00,65.37047785949707,65.92787756347656,191,106.46334346008157,max_hold,10,2011
ET,2011-11-28 00:00:00,2011-12-08 00:00:00,8.777520229339599,9.428605228424072,1426,928.4472086944584,max_hold,10,2011
CPB,2011-11-28 00:00:00,2011-12-08 00:00:00,31.76340076446533,32.53479847717285,394,303.93069880676217,max_hold,10,2011
VLO,2011-12-01 00:00:00,2011-12-12 00:00:00,20.259816272735595,18.883545848846435,618,-850.535121963501,max_hold,11,2011
HCA,2011-12-02 00:00:00,2011-12-12 00:00:00,22.49490076446533,20.618679847717285,556,-1043.1788297119137,max_hold,10,2011
AMAT,2011-12-02 00:00:00,2011-12-12 00:00:00,10.851659923553468,10.498960456848145,1154,-407.0151845779424,max_hold,10,2011
NRG,2011-12-08 00:00:00,2011-12-19 00:00:00,18.647220611572262,17.53485969543457,671,-746.3941747283917,max_hold,11,2011
FSLR,2011-12-16 00:00:00,2011-12-27 00:00:00,31.973819847106935,32.874118629455566,391,352.0168238983149,max_hold,11,2011
GILD,2011-12-16 00:00:00,2011-12-27 00:00:00,18.617159923553466,19.9001205329895,672,862.1495295410156,max_hold,11,2011
DECK,2011-12-16 00:00:00,2011-12-27 00:00:00,14.89139001274109,14.485970342636108,841,-340.9579425582894,max_hold,11,2011
BBY,2011-12-19 00:00:00,2011-12-29 00:00:00,22.605119464874267,23.063780609130855,554,254.09827391814986,max_hold,10,2011
NVDA,2011-12-19 00:00:00,2011-12-29 00:00:00,0.3296579961776733,0.34855148881673814,37993,717.8204658359915,max_hold,10,2011
BSX,2011-12-20 00:00:00,2011-12-30 00:00:00,5.160300095558166,5.3293201522827145,2427,410.2116776704788,max_hold,10,2011
AA,2011-12-30 00:00:00,2012-01-04 00:00:00,20.827521606445313,22.662932529449463,601,1103.0819647254946,rsi_exit,5,2012
APO,2011-12-27 00:00:00,2012-01-05 00:00:00,12.324600191116334,13.373199619293212,1016,1065.3770190277082,rsi_exit,9,2012
HPQ,2011-12-27 00:00:00,2012-01-06 00:00:00,11.671798398971557,11.965123207092285,1073,314.73751911354094,max_hold,10,2012
KBH,2011-12-27 00:00:00,2012-01-06 00:00:00,6.462899808883667,7.1855998096466065,1937,1399.869901477814,max_hold,10,2012
LRCX,2011-12-30 00:00:00,2012-01-06 00:00:00,3.7094039025306706,3.7764319200515746,3376,226.28658715057165,rsi_exit,7,2012
IMAX,2011-12-30 00:00:00,2012-01-09 00:00:00,18.366659923553467,20.189539543151856,681,1241.381020946503,max_hold,10,2012
IART,2012-01-06 00:00:00,2012-01-17 00:00:00,11.093572111129761,11.225244312286375,1129,148.65791510581624,max_hold,11,2012
NRG,2012-01-11 00:00:00,2012-01-18 00:00:00,17.625180152893066,17.20551977157593,710,-297.9588707351669,regime_exit,7,2012
CME,2012-01-11 00:00:00,2012-01-18 00:00:00,45.29040076446533,46.436938781738284,276,316.44449276733485,regime_exit,7,2012
AXON,2012-01-11 00:00:00,2012-01-18 00:00:00,5.170319847106933,5.249480228424073,2422,191.72644355011195,regime_exit,7,2012
MA,2012-01-11 00:00:00,2012-01-18 00:00:00,34.21529335784912,35.16752296447754,366,348.5160360260022,regime_exit,7,2012
ICE,2012-01-11 00:00:00,2012-01-18 00:00:00,22.567043357849123,22.904100761413574,555,187.06685897827026,regime_exit,7,2012
ES,2012-01-17 00:00:00,2012-01-18 00:00:00,34.278419082641605,34.051758934020995,365,-82.73095424652261,regime_exit,1,2012
BSX,2012-04-16 00:00:00,2012-04-25 00:00:00,5.5210202293396,6.1377000951766965,2268,1398.6299357185353,rsi_exit,9,2012
HEI,2012-04-16 00:00:00,2012-04-25 00:00:00,16.3708014793396,16.710958812713624,765,260.22036003112765,rsi_exit,9,2012
MPC,2012-04-16 00:00:00,2012-04-26 00:00:00,20.045009159088135,20.284350761413574,624,149.34915985107386,max_hold,10,2012
IONS,2012-04-16 00:00:00,2012-04-26 00:00:00,7.344659923553467,7.864240114212036,1705,885.8842250728607,max_hold,10,2012
OMCL,2012-04-16 00:00:00,2012-04-26 00:00:00,14.028,13.942060266494751,892,-76.65824228668228,max_hold,10,2012
IP,2012-04-16 00:00:00,2012-04-26 00:00:00,30.749171230316165,31.45592493438721,407,287.648757556915,max_hold,10,2012
CNC,2012-04-26 00:00:00,2012-05-04 00:00:00,10.5635845413208,9.485990114212036,1185,-1276.9493961238852,stop,8,2012
ARCB,2012-04-27 00:00:00,2012-05-04 00:00:00,16.2925202293396,14.640660076141355,768,-1268.628597656253,stop,7,2012
GD,2012-04-25 00:00:00,2012-05-07 00:00:00,67.69511755371094,67.28515817260742,185,-75.84248550415104,max_hold,12,2012
ZBRA,2012-04-26 00:00:00,2012-05-07 00:00:00,37.23431984710693,37.51482015228272,336,94.24810253906378,max_hold,11,2012
FTNT,2012-04-26 00:00:00,2012-05-07 00:00:00,5.206392099380493,5.031915817260742,2405,-419.6154584980011,max_hold,11,2012
CELH,2012-04-27 00:00:00,2012-05-07 00:00:00,0.09018000358343116,0.1164336684346199,138888,3646.319003851902,max_hold,10,2012
BAC,2012-05-04 00:00:00,2012-05-14 00:00:00,7.755479770660401,7.335299904823303,1614,-678.1703034610749,max_hold,10,2012
GS,2012-05-04 00:00:00,2012-05-14 00:00:00,109.20797785949705,99.57045664978027,114,-1098.6774179077129,stop,10,2012
C,2012-05-07 00:00:00,2012-05-14 00:00:00,31.733340076446535,28.083719390869145,394,-1437.9505501174913,stop,7,2012
CROX,2012-05-07 00:00:00,2012-05-17 00:00:00,18.086099235534668,15.738460456848145,692,-1624.566034851074,stop,10,2012
LDOS,2012-05-07 00:00:00,2012-05-17 00:00:00,27.932296131134034,26.21906132888794,448,-767.5291914062507,max_hold,10,2012
INTU,2012-05-07 00:00:00,2012-05-17 00:00:00,56.6931618347168,54.301179847717286,220,-526.2360371398925,max_hold,10,2012
LH,2012-05-07 00:00:00,2012-05-17 00:00:00,74.9261874847412,73.26383085632324,167,-277.61355694580055,max_hold,10,2012
MMM,2012-05-14 00:00:00,2012-05-24 00:00:00,71.90774198913574,70.9114055480957,174,-173.3625407409675,max_hold,10,2012
XOM,2012-05-14 00:00:00,2012-05-24 00:00:00,82.2842427520752,82.44478060913086,152,24.40175427246004,max_hold,10,2012
IART,2012-05-17 00:00:00,2012-05-29 00:00:00,15.333498470306397,16.066355598449707,816,598.0114165649412,max_hold,12,2012
JAZZ,2012-05-17 00:00:00,2012-05-29 00:00:00,43.226279388427734,45.97785969543457,289,795.2067087249748,max_hold,12,2012
AXP,2012-05-17 00:00:00,2012-05-29 00:00:00,55.761301528930666,56.44688137054443,224,153.56988452148357,max_hold,12,2012
DLR,2012-05-17 00:00:00,2012-05-29 00:00:00,69.49872061157227,71.79612243652343,180,413.53232849120985,max_hold,12,2012
ENPH,2012-05-30 00:00:00,2012-06-01 00:00:00,7.0240202293396,5.938099809646607,1783,-1936.1961083126066,stop,2,2012
MU,2012-05-24 00:00:00,2012-06-04 00:00:00,5.7514797706604,5.379219866752624,2177,-810.409810807228,max_hold,11,2012
CPB,2012-05-24 00:00:00,2012-06-04 00:00:00,32.6251213760376,31.486899238586425,383,-435.93907864379923,max_hold,11,2012
GNRC,2012-05-29 00:00:00,2012-06-07 00:00:00,25.44077938842774,25.498899238586425,492,28.594966278073585,regime_exit,9,2012
TMUS,2012-05-30 00:00:00,2012-06-07 00:00:00,12.685319847106934,12.435080038070678,987,-246.9866915187841,regime_exit,8,2012
EXC,2012-05-30 00:00:00,2012-06-07 00:00:00,26.25068453979492,27.719059394836425,477,700.414805854797,rsi_exit,8,2012
BIIB,2012-06-01 00:00:00,2012-06-07 00:00:00,126.98346336364746,133.07331634521483,98,596.8055921936028,regime_exit,6,2012
NOC,2012-06-04 00:00:00,2012-06-07 00:00:00,57.224220611572264,59.23129847717285,218,437.5429747009277,rsi_exit,3,2012
HOLX,2012-06-04 00:00:00,2012-06-07 00:00:00,16.372680152893068,16.806320152282716,764,331.30095953369096,regime_exit,3,2012
NOW,2012-10-17 00:00:00,2012-10-25 00:00:00,6.967907996177673,6.265443878173828,1797,-1262.3280200529093,stop,8,2012
OMCL,2012-10-17 00:00:00,2012-10-26 00:00:00,13.4167803440094,14.2215,933,750.8034390392306,rsi_exit,9,2012
FTNT,2012-10-17 00:00:00,2012-10-31 00:00:00,4.036055877685547,3.8662520723342895,3103,-526.901208004951,max_hold,14,2012
WDC,2012-10-17 00:00:00,2012-10-31 00:00:00,27.44707469558716,25.821270324707033,456,-741.3667931213372,max_hold,14,2012
CVS,2012-10-17 00:00:00,2012-10-31 00:00:00,46.743301528930665,46.30720152282715,267,-116.43870162963867,max_hold,14,2012
EW,2012-10-17 00:00:00,2012-10-31 00:00:00,14.66259987258911,14.44272395515442,854,-187.7740334892253,rsi_exit,14,2012
CROX,2012-10-25 00:00:00,2012-11-05 00:00:00,12.7855202293396,13.083779657363891,979,291.99598003578126,max_hold,11,2012
ANF,2012-10-26 00:00:00,2012-11-05 00:00:00,30.641159923553467,34.00185969543457,408,1371.1655069274893,rsi_exit,10,2012
ET,2012-10-31 00:00:00,2012-11-12 00:00:00,11.024504579544068,11.212529657363891,1136,213.59648840331909,max_hold,12,2012
PANW,2012-10-31 00:00:00,2012-11-12 00:00:00,9.181659605026246,8.699233840942382,1364,-658.0287422103903,max_hold,12,2012
ROST,2012-11-01 00:00:00,2012-11-12 00:00:00,28.62213053512573,27.539809314727783,437,-472.97437331390296,max_hold,11,2012
DXCM,2012-11-01 00:00:00,2012-11-12 00:00:00,3.274034923553467,3.2659550380706786,3825,-30.90556197166553,max_hold,11,2012
PM,2012-11-05 00:00:00,2012-11-15 00:00:00,86.9635809173584,83.80206121826171,144,-455.25883666992286,max_hold,10,2012
NSC,2012-11-05 00:00:00,2012-11-15 00:00:00,61.11198168182373,56.90596045684814,204,-858.0283298950196,max_hold,10,2012
WDAY,2012-11-12 00:00:00,2012-11-20 00:00:00,47.08398168182373,50.60857908630371,266,937.5429095916757,rsi_exit,8,2012
WAL,2012-11-12 00:00:00,2012-11-23 00:00:00,9.9097803440094,10.528900190353394,1263,781.9483659324638,max_hold,11,2012
TOL,2012-11-12 00:00:00,2012-11-23 00:00:00,30.891659923553465,32.40506121826172,405,612.9275243568437,max_hold,11,2012
KBH,2012-11-12 00:00:00,2012-11-23 00:00:00,14.699340076446532,14.570800380706789,852,-109.51582077026113,max_hold,11,2012
LMT,2012-11-15 00:00:00,2012-11-26 00:00:00,87.7551618347168,93.10342091369628,142,759.4527892150863,max_hold,11,2012
GD,2012-11-15 00:00:00,2012-11-26 00:00:00,62.26427938842773,64.92987756347657,201,535.7852331848159,max_hold,11,2012
ESS,2012-11-20 00:00:00,2012-11-30 00:00:00,140.30004428100585,140.20902548217774,89,-8.100673095702376,max_hold,10,2012
ES,2012-11-23 00:00:00,2012-11-30 00:00:00,37.8054595413208,38.662521675109865,331,283.68756628418026,rsi_exit,7,2012
GWW,2012-11-26 00:00:00,2012-12-05 00:00:00,190.8008381652832,191.82558670043946,65,66.60865478515618,rsi_exit,9,2012
VRTX,2012-11-26 00:00:00,2012-12-06 00:00:00,40.581,39.02179847717285,308,-480.23406903076284,max_hold,10,2012
GNRC,2012-11-26 00:00:00,2012-12-06 00:00:00,32.07401831817627,32.28529847717285,390,82.39926200866613,max_hold,10,2012
DHI,2012-11-26 00:00:00,2012-12-06 00:00:00,19.539,18.652620532989502,641,-568.1692383537302,max_hold,10,2012
HOLX,2012-11-30 00:00:00,2012-12-10 00:00:00,19.118159923553467,19.67057908630371,655,361.83455160140977,max_hold,10,2012
MSFT,2012-11-30 00:00:00,2012-12-10 00:00:00,26.673240840911866,26.8861205329895,469,99.84057558441093,max_hold,10,2012
FCX,2012-12-05 00:00:00,2012-12-14 00:00:00,32.22431984710693,33.71243878173828,388,577.3901466369618,regime_exit,9,2012
WERN,2012-12-06 00:00:00,2012-12-14 00:00:00,21.663240840911865,20.788339923858643,578,-505.69273005676183,regime_exit,8,2012
OKE,2012-12-07 00:00:00,2012-12-14 00:00:00,37.72194170379639,37.483979095458984,332,-79.00358596801843,regime_exit,7,2012
CG,2012-12-10 00:00:00,2012-12-14 00:00:00,24.98988053512573,24.66057908630371,501,-164.98002585983318,regime_exit,4,2012
SHW,2012-12-10 00:00:00,2012-12-14 00:00:00,50.026519592285155,49.311179847717284,250,-178.83493614196766,regime_exit,4,2012
PANW,2012-12-10 00:00:00,2012-12-14 00:00:00,8.152940586090088,8.281736501693725,1536,197.8305263671873,regime_exit,4,2012
FANG,2013-02-25 00:00:00,2013-03-04 00:00:00,19.7794797706604,22.345219390869143,633,1624.1131795921335,rsi_exit,7,2013
AFL,2013-02-25 00:00:00,2013-03-05 00:00:00,24.488880535125734,25.45398916244507,511,493.17050856018017,rsi_exit,8,2013
HUM,2013-02-25 00:00:00,2013-03-06 00:00:00,69.79932366943359,66.866,179,-525.0649368286128,regime_exit,9,2013
MATX,2013-02-25 00:00:00,2013-03-06 00:00:00,24.899700382232666,25.668559314727784,503,386.736043045044,regime_exit,9,2013
FFIV,2013-02-25 00:00:00,2013-03-06 00:00:00,94.08780152893067,92.92378060913086,133,-154.81478233337478,regime_exit,9,2013
TJX,2013-02-25 00:00:00,2013-03-06 00:00:00,21.833580917358397,22.425059314727783,573,338.91712169265804,regime_exit,9,2013
ALGN,2013-03-04 00:00:00,2013-03-06 00:00:00,31.0519797706604,32.375118629455564,403,533.2249600944515,regime_exit,2,2013
MGM,2013-03-05 00:00:00,2013-03-06 00:00:00,12.114180152893066,12.185580038070679,1033,73.75608138847375,regime_exit,1,2013
LEN,2013-07-05 00:00:00,2013-07-11 00:00:00,32.36162546539307,35.566827278137204,387,1240.4131015319806,rsi_exit,6,2013
PHM,2013-07-08 00:00:00,2013-07-11 00:00:00,18.096119464874267,20.349219390869145,692,1559.1451487884556,rsi_exit,3,2013
NVR,2013-07-08 00:00:00,2013-07-11 00:00:00,919.4952930908203,960.4752243652342,13,532.7391065673814,rsi_exit,3,2013
STAG,2013-07-08 00:00:00,2013-07-12 00:00:00,19.839599235534667,20.159600761413575,631,201.9209628295909,rsi_exit,4,2013
NEM,2013-07-05 00:00:00,2013-07-15 00:00:00,27.8355606880188,27.51485969543457,449,-143.99474567031862,max_hold,10,2013
WYNN,2013-07-08 00:00:00,2013-07-15 00:00:00,127.23396336364746,131.72602548217773,98,440.22208761596653,rsi_exit,7,2013
TDG,2013-07-12 00:00:00,2013-07-17 00:00:00,142.64472061157227,138.8716939086914,87,-328.2533231506344,regime_exit,5,2013
GILD,2013-08-15 00:00:00,2013-08-26 00:00:00,57.00377938842774,60.29915817260742,219,721.6879537353504,max_hold,11,2013
AEP,2013-08-15 00:00:00,2013-08-26 00:00:00,43.86755877685547,42.56470152282715,285,-371.3143173980706,max_hold,11,2013
AMZN,2013-08-15 00:00:00,2013-08-26 00:00:00,14.35214667892456,14.28187914466858,872,-61.27328987121551,max_hold,11,2013
PCG,2013-08-15 00:00:00,2013-08-26 00:00:00,43.436698471069334,41.38706121826172,288,-590.2955288085927,max_hold,11,2013
INTC,2013-08-15 00:00:00,2013-08-26 00:00:00,22.0740606880188,22.225460456848143,567,85.84366892623743,max_hold,11,2013
MLM,2013-08-15 00:00:00,2013-08-26 00:00:00,95.84130152893066,96.58643878173828,130,96.86784286499105,max_hold,11,2013
THC,2013-08-15 00:00:00,2013-08-26 00:00:00,40.3505404586792,40.27928060913086,310,-22.090553359985563,max_hold,11,2013
MKC,2013-08-26 00:00:00,2013-09-05 00:00:00,34.45376831817627,33.62760969543457,363,-299.8955800552376,max_hold,10,2013
PG,2013-08-26 00:00:00,2013-09-05 00:00:00,78.69708091735839,76.98571939086914,159,-272.10648271179167,max_hold,10,2013
MA,2013-08-26 00:00:00,2013-09-05 00:00:00,61.64103755950927,62.77420152282715,203,230.03228455352897,rsi_exit,10,2013
PFE,2013-08-26 00:00:00,2013-09-05 00:00:00,26.637609111785885,26.767989120483396,470,61.27860408783011,max_hold,10,2013
KMB,2013-08-26 00:00:00,2013-09-05 00:00:00,90.81405519104004,88.2890333404541,137,-345.9279935302743,max_hold,10,2013
EPD,2013-08-26 00:00:00,2013-09-05 00:00:00,29.824529388427738,29.211460456848144,419,-256.87588233184994,max_hold,10,2013
KR,2013-08-26 00:00:00,2013-09-05 00:00:00,18.46686030578613,18.637649238586427,678,115.79489643860043,max_hold,10,2013
APO,2013-09-06 00:00:00,2013-09-12 00:00:00,26.5229393119812,28.492899238586425,472,929.8210853576657,rsi_exit,6,2013
JNJ,2013-09-09 00:00:00,2013-09-12 00:00:00,87.73511755371094,88.83198213195801,142,155.75477011108518,rsi_exit,3,2013
TFC,2013-09-06 00:00:00,2013-09-16 00:00:00,33.5870404586792,34.41103954315186,372,306.52765942382973,max_hold,10,2013
GNRC,2013-09-06 00:00:00,2013-09-16 00:00:00,39.7693786239624,41.48685969543457,314,539.2890564422596,max_hold,10,2013
ABT,2013-09-06 00:00:00,2013-09-16 00:00:00,33.567,34.939978324890134,373,512.1209151840201,rsi_exit,10,2013
STRL,2013-09-06 00:00:00,2013-09-16 00:00:00,9.619200382232668,9.371220342636109,1302,-322.87001155471984,max_hold,10,2013
SJM,2013-09-06 00:00:00,2013-09-16 00:00:00,106.20197785949706,107.70415817260744,117,175.75509663391358,max_hold,10,2013
WSM,2013-09-16 00:00:00,2013-09-18 00:00:00,28.5770404586792,29.031820152282716,438,199.1935057983401,rsi_exit,2,2013
MPC,2013-09-12 00:00:00,2013-09-20 00:00:00,33.53193015289307,32.190491065979,373,-500.35677941894613,regime_exit,8,2013
MTB,2013-09-12 00:00:00,2013-09-20 00:00:00,111.9334190826416,111.30693878173828,111,-69.53931340026901,regime_exit,8,2013
AAPL,2013-09-16 00:00:00,2013-09-20 00:00:00,16.10786553955078,16.659827987670898,777,428.874822189332,regime_exit,4,2013
CBOE,2013-09-16 00:00:00,2013-09-20 00:00:00,45.3004190826416,45.22935969543457,276,-19.61239086914199,regime_exit,4,2013
BAH,2013-09-16 00:00:00,2013-09-20 00:00:00,19.5089393119812,19.371179847717286,642,-88.44157605743361,regime_exit,4,2013
NBIX,2013-09-16 00:00:00,2013-09-20 00:00:00,10.7614797706604,11.037880418777466,1163,321.4539537601462,regime_exit,4,2013
IART,2013-09-18 00:00:00,2013-09-20 00:00:00,18.010633129119874,17.798870334625246,695,-147.17514217376683,regime_exit,2,2013
ALGN,2013-10-15 00:00:00,2013-10-18 00:00:00,43.09601831817627,57.864039543151854,290,4282.726155242919,rsi_exit,3,2013
ERIE,2013-10-15 00:00:00,2013-10-22 00:00:00,71.28227938842774,73.99171939086914,175,474.1520004272445,rsi_exit,7,2013
IMAX,2013-10-18 00:00:00,2013-10-23 00:00:00,26.5730404586792,27.494899238586427,471,434.1954853363048,rsi_exit,5,2013
PHM,2013-10-15 00:00:00,2013-10-24 00:00:00,15.571079961776734,17.814300380706786,804,1803.5492168197623,rsi_exit,9,2013
GNRC,2013-10-15 00:00:00,2013-10-24 00:00:00,40.02990076446533,47.34511862945557,312,2282.3479738769543,rsi_exit,9,2013
GM,2013-10-15 00:00:00,2013-10-24 00:00:00,34.76940076446533,35.55874106597901,360,284.1625085449232,regime_exit,9,2013
WSM,2013-10-15 00:00:00,2013-10-24 00:00:00,26.12715076446533,26.801289543151857,479,322.91247499084596,regime_exit,9,2013
NTAP,2013-10-15 00:00:00,2013-10-24 00:00:00,40.78140076446533,39.21142091369629,307,-481.98381418609665,regime_exit,9,2013
AMD,2013-10-22 00:00:00,2013-10-24 00:00:00,3.1863600668907166,3.2235400190353394,3930,146.1172119283675,regime_exit,2,2013
HAL,2013-12-19 00:00:00,2013-12-26 00:00:00,49.518838165283206,51.10757908630371,252,400.36271209716654,rsi_exit,7,2013
WELL,2013-12-19 00:00:00,2013-12-27 00:00:00,52.685161834716794,53.093600761413576,237,96.8000256271373,regime_exit,8,2013
THC,2013-12-19 00:00:00,2013-12-27 00:00:00,39.92969847106934,40.80821939086914,313,274.97704789733876,regime_exit,8,2013
MSCI,2013-12-19 00:00:00,2013-12-27 00:00:00,42.13409923553467,43.383061218261716,297,370.94170886993265,regime_exit,8,2013
REGN,2013-12-19 00:00:00,2013-12-27 00:00:00,271.0910877685547,276.485928527832,46,248.1626749267565,regime_exit,8,2013
UHS,2013-12-19 00:00:00,2013-12-27 00:00:00,79.17803663635254,79.98970152282715,158,128.2430520629872,regime_exit,8,2013
PFE,2013-12-20 00:00:00,2013-12-27 00:00:00,28.75758996963501,29.012069084167482,435,110.69841482162545,regime_exit,7,2013
REXR,2013-12-26 00:00:00,2013-12-27 00:00:00,13.086120420455932,13.163619581222534,957,74.16669685363749,regime_exit,1,2013
ESS,2013-12-26 00:00:00,2013-12-27 00:00:00,145.58057327270507,144.67008670043944,86,-78.30184521484381,regime_exit,1,2013
GWW,2014-01-31 00:00:00,2014-02-10 00:00:00,234.9489557189941,233.82141329956056,53,-59.7597482299783,max_hold,10,2014
RPM,2014-01-31 00:00:00,2014-02-10 00:00:00,39.749338165283206,39.02179847717285,315,-229.1750017547617,max_hold,10,2014
ZTS,2014-01-31 00:00:00,2014-02-10 00:00:00,30.42072061157226,31.077719390869145,411,270.02649829101955,max_hold,10,2014
MDT,2014-01-31 00:00:00,2014-02-10 00:00:00,56.6731213760376,55.69838137054443,221,-215.41754121399,max_hold,10,2014
BMY,2014-01-31 00:00:00,2014-02-10 00:00:00,50.06994122314453,52.015758934020994,250,486.4544277191154,max_hold,10,2014
WWD,2014-01-31 00:00:00,2014-02-10 00:00:00,42.93569847106934,41.57667984771729,291,-395.4744193954465,max_hold,10,2014
LOW,2014-01-31 00:00:00,2014-02-10 00:00:00,46.382580917358396,46.027758934020994,270,-95.80193550109854,max_hold,10,2014
MAS,2014-01-31 00:00:00,2014-02-10 00:00:00,18.63121270751953,19.03040349197388,672,268.2562071533216,max_hold,10,2014
ROK,2014-02-10 00:00:00,2014-02-13 00:00:00,112.2640809173584,116.21709695434572,111,438.7847801055927,rsi_exit,3,2014
SHW,2014-02-10 00:00:00,2014-02-19 00:00:00,60.90489949035644,64.23128060913086,205,681.9081293487563,rsi_exit,9,2014
HBAN,2014-02-10 00:00:00,2014-02-20 00:00:00,9.048059732437133,8.932099809646607,1384,-160.4885331420891,max_hold,10,2014
COP,2014-02-10 00:00:00,2014-02-20 00:00:00,64.7091618347168,64.79015817260742,193,15.63229321289056,max_hold,10,2014
JBHT,2014-02-10 00:00:00,2014-02-20 00:00:00,73.36644122314453,71.50670152282714,170,-316.15574905395647,max_hold,10,2014
FDX,2014-02-10 00:00:00,2014-02-20 00:00:00,130.1397648925781,132.72402548217772,96,248.08901660156243,max_hold,10,2014
BA,2014-02-10 00:00:00,2014-02-20 00:00:00,127.4143236694336,129.30087756347658,98,184.88228161621163,rsi_exit,10,2014
KEY,2014-02-10 00:00:00,2014-02-20 00:00:00,12.69534007644653,12.734480228424072,986,38.592189849855814,max_hold,10,2014
SJM,2014-02-14 00:00:00,2014-02-24 00:00:00,91.99361755371095,98.50259695434572,136,885.221198486329,rsi_exit,10,2014
STX,2014-02-19 00:00:00,2014-02-25 00:00:00,49.12805877685547,50.58861862945557,254,370.9822025604251,rsi_exit,6,2014
AMZN,2014-02-20 00:00:00,2014-02-25 00:00:00,17.5249797706604,17.880168365478514,714,253.60465670013272,rsi_exit,5,2014
EMR,2014-02-20 00:00:00,2014-02-26 00:00:00,63.687121376037595,65.09954335021973,196,276.834706939699,rsi_exit,6,2014
CI,2014-02-27 00:00:00,2014-02-28 00:00:00,77.95560305786132,79.43081634521485,160,236.03412597656416,rsi_exit,1,2014
JBHT,2014-02-20 00:00:00,2014-03-03 00:00:00,71.79330152893067,71.01768365478516,174,-134.95751010131877,max_hold,11,2014
ALGN,2014-02-20 00:00:00,2014-03-03 00:00:00,53.6270404586792,52.195399238586425,233,-333.5724042816158,max_hold,11,2014
CHTR,2014-02-21 00:00:00,2014-03-03 00:00:00,125.33016183471678,125.43862243652342,99,10.737599578857456,max_hold,10,2014
CHRW,2014-02-25 00:00:00,2014-03-03 00:00:00,52.52483816528321,51.6465,238,-209.04448333740243,regime_exit,6,2014
ALLY,2014-02-27 00:00:00,2014-03-03 00:00:00,26.18129019927979,26.07677407073975,478,-49.95870944213965,regime_exit,4,2014
KMI,2014-02-28 00:00:00,2014-03-03 00:00:00,31.913700382232665,31.576719390869144,392,-132.09654861450045,regime_exit,3,2014
JPM,2014-04-11 00:00:00,2014-04-21 00:00:00,55.41059923553467,54.91993878173828,226,-110.88926255798351,max_hold,10,2014
MA,2014-04-11 00:00:00,2014-04-21 00:00:00,68.81736030578614,74.16137756347656,182,972.6111408996572,max_hold,10,2014
NDAQ,2014-04-11 00:00:00,2014-04-21 00:00:00,11.613180152893067,11.803013498306276,1078,204.64034635543962,max_hold,10,2014
EQIX,2014-04-11 00:00:00,2014-04-21 00:00:00,170.82095571899413,179.94937756347656,73,666.3747946472175,max_hold,10,2014
WAL,2014-04-11 00:00:00,2014-04-21 00:00:00,22.73538053512573,23.1436205329895,550,224.53199882507366,max_hold,10,2014
GM,2014-04-11 00:00:00,2014-04-21 00:00:00,31.993860305786132,33.912039543151856,391,750.008081809998,max_hold,10,2014
PRIM,2014-04-11 00:00:00,2014-04-21 00:00:00,26.853599235534666,27.73442091369629,466,410.4629020233167,max_hold,10,2014
LOW,2014-04-11 00:00:00,2014-04-21 00:00:00,46.4026213760376,46.58664030456543,269,49.501091773985486,max_hold,10,2014
UHS,2014-04-21 00:00:00,2014-04-28 00:00:00,75.64097785949707,82.95376274108887,165,1206.6095054626462,rsi_exit,7,2014
CI,2014-04-21 00:00:00,2014-04-29 00:00:00,76.45260305786132,77.69429847717285,163,202.39635334777873,regime_exit,8,2014
NVR,2014-04-21 00:00:00,2014-04-29 00:00:00,1072.681119140625,1078.7182448730468,11,66.4083830566401,regime_exit,8,2014
RJF,2014-04-21 00:00:00,2014-04-29 00:00:00,33.56031857299805,32.8208920135498,373,-275.80610667419637,regime_exit,8,2014
PCTY,2014-04-21 00:00:00,2014-04-29 00:00:00,19.408740840911864,19.7703794670105,645,233.25691383361976,regime_exit,8,2014
RH,2014-04-21 00:00:00,2014-04-29 00:00:00,62.77530152893066,60.428899238586425,199,-466.93405577850314,regime_exit,8,2014
HBAN,2014-04-21 00:00:00,2014-04-29 00:00:00,9.2584797706604,9.031900190353394,1352,-306.3355925750734,regime_exit,8,2014
WTW,2014-04-21 00:00:00,2014-04-29 00:00:00,112.40980329895021,114.20821383666994,111,199.62356968689028,rsi_exit,8,2014
ALNY,2014-04-28 00:00:00,2014-04-29 00:00:00,48.967738929748535,50.848100761413576,255,479.4922670745856,regime_exit,1,2014
TMHC,2014-07-24 00:00:00,2014-07-30 00:00:00,20.200319847106933,17.983960456848145,620,-1374.1428219604484,stop,6,2014
ALB,2014-07-24 00:00:00,2014-07-31 00:00:00,67.6750809173584,61.21732015228272,185,-1194.6857415390014,stop,7,2014
GWW,2014-07-24 00:00:00,2014-08-04 00:00:00,240.9709855041504,234.53997451782223,51,-327.98156030273697,max_hold,11,2014
MAS,2014-07-24 00:00:00,2014-08-04 00:00:00,18.13813639068604,18.697151805877684,690,385.72063648223514,max_hold,11,2014
PENN,2014-07-24 00:00:00,2014-08-04 00:00:00,10.961879579544068,10.479,1142,-551.4484798393261,max_hold,11,2014
AXP,2014-07-24 00:00:00,2014-08-04 00:00:00,93.33630152893066,86.75614030456543,134,-881.7416040649405,max_hold,11,2014
DE,2014-07-24 00:00:00,2014-08-04 00:00:00,87.15396336364746,85.09945664978028,143,-293.7944600830073,max_hold,11,2014
ANF,2014-07-24 00:00:00,2014-08-04 00:00:00,38.8475404586792,39.36111862945557,322,165.37217098999108,max_hold,11,2014
KO,2014-07-30 00:00:00,2014-08-11 00:00:00,39.69923892974853,39.49085969543457,315,-65.63945880889716,max_hold,12,2014
ALB,2014-07-31 00:00:00,2014-08-11 00:00:00,61.462680152893064,60.76821939086914,203,-140.97553469085625,max_hold,11,2014
WAL,2014-08-04 00:00:00,2014-08-14 00:00:00,22.504919082641603,22.814280609130854,556,172.0050087280237,max_hold,10,2014
KEY,2014-08-04 00:00:00,2014-08-14 00:00:00,13.256459541320801,13.103740114212036,944,-144.16713919067465,max_hold,10,2014
PCG,2014-08-04 00:00:00,2014-08-14 00:00:00,44.5689595413208,44.43096045684815,281,-38.77774273681564,max_hold,10,2014
CLX,2014-08-04 00:00:00,2014-08-14 00:00:00,86.56277938842773,88.30304335021972,144,250.59801049804742,max_hold,10,2014
RF,2014-08-04 00:00:00,2014-08-14 00:00:00,9.959879579544067,9.880199619293212,1257,-100.15771003532515,max_hold,10,2014
FITB,2014-08-04 00:00:00,2014-08-14 00:00:00,20.009939311981203,19.7703794670105,625,-149.7249031066894,max_hold,10,2014
V,2014-08-11 00:00:00,2014-08-20 00:00:00,52.7502904586792,53.94189923858642,237,282.4112808380112,rsi_exit,9,2014
PRGO,2014-08-11 00:00:00,2014-08-21 00:00:00,142.5345,147.4545,87,428.03999999999894,max_hold,10,2014
ZION,2014-08-14 00:00:00,2014-08-21 00:00:00,28.2764393119812,28.951980228424073,442,298.58908506775003,rsi_exit,7,2014
MTB,2014-08-14 00:00:00,2014-08-21 00:00:00,120.34019847106934,123.0434209136963,104,281.13513403320303,rsi_exit,7,2014
ZG,2014-08-14 00:00:00,2014-08-25 00:00:00,41.81405200195312,45.10449548339844,299,983.8426009521493,rsi_exit,11,2014
MCD,2014-08-14 00:00:00,2014-08-25 00:00:00,93.84732366943359,94.25112243652342,133,53.70523602294668,rsi_exit,11,2014
VZ,2014-08-14 00:00:00,2014-08-25 00:00:00,49.098,49.05170152282715,255,-11.806111679076032,max_hold,11,2014
FCX,2014-08-14 00:00:00,2014-08-25 00:00:00,36.12209923553467,36.39706121826172,346,95.13684602355906,max_hold,11,2014
SKY,2014-08-22 00:00:00,2014-08-26 00:00:00,4.058100191116333,3.4131600761413576,3086,-1990.285194812774,stop,4,2014
MGM,2014-08-22 00:00:00,2014-08-27 00:00:00,25.130159923553467,24.580739162445067,498,-273.61153903198357,rsi_exit,5,2014
TMUS,2014-08-20 00:00:00,2014-08-29 00:00:00,29.739360305786132,30.019839923858644,421,118.08191920852755,rsi_exit,9,2014
WYNN,2014-08-22 00:00:00,2014-08-29 00:00:00,200.52023510742188,192.49424487304688,62,-497.6113945312501,regime_exit,7,2014
STRL,2014-08-28 00:00:00,2014-08-29 00:00:00,8.587139694213867,8.502960456848145,1458,-122.73332807922328,regime_exit,1,2014
NEM,2014-09-18 00:00:00,2014-09-29 00:00:00,24.5389797706604,23.433039543151857,510,-564.0295160293574,max_hold,11,2014
KKR,2014-09-18 00:00:00,2014-09-29 00:00:00,22.5650404586792,22.325260837554932,555,-133.07768972396823,max_hold,11,2014
WELL,2014-09-18 00:00:00,2014-09-29 00:00:00,63.01577938842773,62.60453954315186,198,-81.42548936462276,max_hold,11,2014
EGP,2014-09-18 00:00:00,2014-09-29 00:00:00,61.051860305786136,61.10753954315186,205,11.414243659973238,max_hold,11,2014
FANG,2014-09-19 00:00:00,2014-09-29 00:00:00,75.70110305786133,76.606482131958,165,149.38754722595087,max_hold,10,2014
KMI,2014-09-19 00:00:00,2014-09-29 00:00:00,38.04594122314453,38.45293878173828,329,133.9021967773442,max_hold,10,2014
STX,2014-09-19 00:00:00,2014-09-29 00:00:00,58.426621376037595,57.1355,214,-276.29997447204516,max_hold,10,2014
ADBE,2014-09-19 00:00:00,2014-09-29 00:00:00,67.07388244628906,69.08156121826173,186,373.4282515869155,max_hold,10,2014
ATI,2014-09-29 00:00:00,2014-10-02 00:00:00,38.296441223144534,35.01982015228271,327,-1071.4550901718158,stop,3,2014
MPLX,2014-09-29 00:00:00,2014-10-09 00:00:00,59.98973892974853,57.71434182739258,208,-473.2825972900382,max_hold,10,2014
F,2014-09-29 00:00:00,2014-10-09 00:00:00,15.1402196559906,13.812320152282714,827,-1098.172889566422,stop,10,2014
CMCSA,2014-09-29 00:00:00,2014-10-09 00:00:00,25.430327236175533,24.93597095489502,492,-243.22329039001255,max_hold,10,2014
TREX,2014-09-29 00:00:00,2014-10-09 00:00:00,8.9403446559906,8.542880418777466,1400,-556.4499320983874,max_hold,10,2014
MGM,2014-09-29 00:00:00,2014-10-09 00:00:00,22.204319847106934,21.347219390869146,564,-483.4046573181124,max_hold,10,2014
PH,2014-09-29 00:00:00,2014-10-09 00:00:00,114.25805877685546,109.31093878173829,109,-539.2360794677722,max_hold,10,2014
ALB,2014-09-30 00:00:00,2014-10-10 00:00:00,59.01780152893066,54.91993878173828,212,-868.7469024047846,max_hold,10,2014
BK,2014-10-02 00:00:00,2014-10-13 00:00:00,38.2864190826416,36.27729847717285,327,-656.9824379882818,max_hold,11,2014
ET,2014-10-09 00:00:00,2014-10-13 00:00:00,26.50290076446533,23.438030609130855,472,-1446.6187133178723,stop,4,2014
AES,2014-10-09 00:00:00,2014-10-20 00:00:00,13.496940267562866,13.333279657363892,927,-151.71338565444904,max_hold,11,2014
PAYC,2014-10-09 00:00:00,2014-10-20 00:00:00,14.9097601146698,16.307320152282713,840,1173.9504315948477,max_hold,11,2014
THC,2014-10-09 00:00:00,2014-10-20 00:00:00,56.08194122314453,56.33710076141357,223,56.9005770339961,max_hold,11,2014
USB,2014-10-09 00:00:00,2014-10-20 00:00:00,40.66116183471679,39.301241065979006,308,-418.8555967712384,max_hold,11,2014
SNPS,2014-10-10 00:00:00,2014-10-20 00:00:00,37.35455877685547,38.02379847717285,335,224.19529960632357,max_hold,10,2014
MGM,2014-10-13 00:00:00,2014-10-23 00:00:00,20.3105404586792,22.315280609130856,616,1234.9199326782204,max_hold,10,2014
MAS,2014-10-13 00:00:00,2014-10-23 00:00:00,18.46391902542114,20.109086681365966,678,1115.423670730591,max_hold,10,2014
USB,2014-10-20 00:00:00,2014-10-29 00:00:00,39.45876107025146,41.75632015228271,317,728.326229003906,rsi_exit,9,2014
EBAY,2014-10-20 00:00:00,2014-10-30 00:00:00,20.74848544692993,21.652736587524416,603,545.2634377784749,max_hold,10,2014
CDW,2014-10-20 00:00:00,2014-10-30 00:00:00,29.007900764465333,30.069739162445067,431,457.6523495292655,rsi_exit,10,2014
CELH,2014-10-21 00:00:00,2014-10-31 00:00:00,0.1402800005972385,0.15967999643087388,89285,1732.1286280061354,max_hold,10,2014
LPLA,2014-10-22 00:00:00,2014-11-03 00:00:00,40.34051831817627,41.27728060913086,310,290.3963101959229,max_hold,12,2014
ARES,2014-10-23 00:00:00,2014-11-03 00:00:00,16.3125606880188,16.06780038070679,767,-187.7311557083116,max_hold,11,2014
CMG,2014-10-23 00:00:00,2014-11-03 00:00:00,12.224399808883668,12.745059118270873,1024,533.1551328124988,max_hold,11,2014
NEM,2014-10-30 00:00:00,2014-11-04 00:00:00,20.370659923553468,18.622679847717286,614,-1073.2597665634157,stop,5,2014
FCX,2014-10-30 00:00:00,2014-11-05 00:00:00,28.136159923553468,27.075739162445068,445,-471.887238693238,regime_exit,6,2014
ENPH,2014-11-24 00:00:00,2014-11-28 00:00:00,11.583120420455932,10.488980228424072,1081,-1182.7655475864408,stop,4,2014
REG,2014-11-24 00:00:00,2014-12-03 00:00:00,60.751261070251466,62.015719390869144,206,260.4784140472416,rsi_exit,9,2014
AEP,2014-11-25 00:00:00,2014-12-03 00:00:00,56.6931618347168,58.39297832489014,220,373.9596278381349,rsi_exit,8,2014
TNDM,2014-11-24 00:00:00,2014-12-04 00:00:00,141.38220611572265,136.32680609130858,88,-444.8752021484381,max_hold,10,2014
CBOE,2014-11-24 00:00:00,2014-12-04 00:00:00,59.49876107025146,60.44885969543457,210,199.52071128845296,max_hold,10,2014
HRL,2014-11-25 00:00:00,2014-12-05 00:00:00,25.711319847106935,26.332230228424073,487,302.3833557014463,max_hold,10,2014
EXC,2014-11-25 00:00:00,2014-12-05 00:00:00,25.14291120529175,25.334393932342525,498,95.35839807128632,max_hold,10,2014
NFLX,2014-11-25 00:00:00,2014-12-05 00:00:00,4.995542049407959,5.00311677646637,2507,18.989840735435823,max_hold,10,2014
SLB,2014-11-28 00:00:00,2014-12-08 00:00:00,86.12189694213868,84.04157908630371,145,-301.6460890960696,max_hold,10,2014
WYNN,2014-12-03 00:00:00,2014-12-10 00:00:00,169.9091473388672,146.4565,73,-1712.0432557373051,stop,7,2014
WMB,2014-12-05 00:00:00,2014-12-10 00:00:00,50.1400809173584,44.64053954315185,249,-1369.3858021774295,stop,5,2014
HUBS,2014-12-04 00:00:00,2014-12-15 00:00:00,32.855580917358395,32.27532015228272,381,-221.07935149383346,max_hold,11,2014
T,2014-12-04 00:00:00,2014-12-15 00:00:00,25.66300563812256,24.309289512634276,488,-660.6134692382823,max_hold,11,2014
VZ,2014-12-04 00:00:00,2014-12-15 00:00:00,48.877558776855466,45.32915817260742,256,-908.3905546874994,max_hold,11,2014
GOOGL,2014-12-05 00:00:00,2014-12-15 00:00:00,26.456807327270507,25.740415817260743,473,-338.85318423461837,max_hold,10,2014
NFLX,2014-12-05 00:00:00,2014-12-15 00:00:00,5.023169348716736,4.662655931472778,2493,-898.7599491891865,max_hold,10,2014
OKE,2014-12-08 00:00:00,2014-12-15 00:00:00,48.43668015289307,44.23135969543457,258,-1084.9726780242925,stop,7,2014
KO,2014-12-10 00:00:00,2014-12-17 00:00:00,41.68319847106934,41.46689923858643,300,-64.88976974487315,regime_exit,7,2014
BKNG,2014-12-15 00:00:00,2014-12-17 00:00:00,1080.7972946777343,1073.189285888672,11,-83.68809667968526,regime_exit,2,2014
AMD,2014-12-15 00:00:00,2014-12-17 00:00:00,2.47494002866745,2.544899952411652,5060,353.99721414566164,regime_exit,2,2014
F,2014-12-15 00:00:00,2014-12-17 00:00:00,14.308559732437134,14.421099809646606,875,98.47256755828782,regime_exit,2,2014
TDY,2014-12-15 00:00:00,2014-12-17 00:00:00,98.45652214050294,96.99562243652342,127,-185.5342624053992,regime_exit,2,2014
AAPL,2014-12-15 00:00:00,2014-12-17 00:00:00,27.111615840911867,27.297795913696287,461,85.82901355361786,regime_exit,2,2014
AFL,2014-12-15 00:00:00,2014-12-17 00:00:00,28.82252938842774,29.475929847717286,434,283.5757993316631,regime_exit,2,2014
VEEV,2014-12-24 00:00:00,2015-01-05 00:00:00,26.933759159088133,26.177539543151855,465,-351.64212141036916,max_hold,12,2015
PLUG,2014-12-24 00:00:00,2015-01-05 00:00:00,3.056099952220917,3.00397999048233,4098,-213.58760320472868,max_hold,12,2015
ANET,2014-12-24 00:00:00,2015-01-05 00:00:00,4.070625,3.979524952411652,3076,-280.2237463817581,max_hold,12,2015
ZG,2014-12-26 00:00:00,2015-01-05 00:00:00,32.637643318176266,30.36633639907837,383,-869.910550014494,max_hold,10,2015
HOG,2014-12-26 00:00:00,2015-01-05 00:00:00,65.91155877685547,64.371,190,-292.7061676025406,max_hold,10,2015
PM,2015-01-02 00:00:00,2015-01-08 00:00:00,81.18203663635254,82.77412243652344,154,245.18121322631958,rsi_exit,6,2015
CAG,2015-01-02 00:00:00,2015-01-12 00:00:00,27.93123734664917,27.711003639221193,448,-98.66470092773329,max_hold,10,2015
DECK,2015-01-05 00:00:00,2015-01-15 00:00:00,14.873019910812378,14.196550380706789,842,-569.5873443489057,max_hold,10,2015
ADBE,2015-01-05 00:00:00,2015-01-15 00:00:00,72.12396336364746,70.14942091369629,173,-341.5958438415529,max_hold,10,2015
CMC,2015-01-08 00:00:00,2015-01-15 00:00:00,14.3887196559906,13.023900190353393,870,-1187.3929351043707,stop,7,2015
WWD,2015-01-09 00:00:00,2015-01-15 00:00:00,46.3425,42.18546045684815,270,-1122.4006766510004,stop,6,2015
EXPD,2015-01-06 00:00:00,2015-01-16 00:00:00,42.63509923553467,43.283258934021,293,189.91079165649515,max_hold,10,2015
OKE,2015-01-09 00:00:00,2015-01-20 00:00:00,43.80744122314453,43.60261862945556,285,-58.37443920135545,max_hold,11,2015
SLB,2015-01-12 00:00:00,2015-01-22 00:00:00,78.20610305786133,81.97571939086914,160,603.1386132812509,max_hold,10,2015
STRL,2015-01-15 00:00:00,2015-01-26 00:00:00,5.8416599235534665,5.5089599809646606,2144,-713.3086769104,max_hold,11,2015
THC,2015-01-15 00:00:00,2015-01-26 00:00:00,44.8194595413208,44.32117984771728,279,-139.02003451538246,max_hold,11,2015
CDNS,2015-01-15 00:00:00,2015-01-26 00:00:00,17.7654595413208,18.542839923858644,705,548.0531696891787,max_hold,11,2015
TDY,2015-01-15 00:00:00,2015-01-26 00:00:00,96.36233816528322,98.73214030456543,129,305.70447596740564,max_hold,11,2015
QCOM,2015-01-16 00:00:00,2015-01-26 00:00:00,71.4325809173584,72.46478060913086,175,180.63494606018082,max_hold,10,2015
AMCR,2015-01-20 00:00:00,2015-01-29 00:00:00,53.70719847106933,49.05170152282715,233,-1084.7307889404283,stop,9,2015
FCX,2015-01-27 00:00:00,2015-01-29 00:00:00,18.416759159088134,16.796339923858643,680,-1101.885079956054,stop,2,2015
FFIV,2015-01-22 00:00:00,2015-02-02 00:00:00,113.62680152893067,112.38478060913086,110,-136.62230117797947,max_hold,11,2015
GM,2015-01-28 00:00:00,2015-02-04 00:00:00,32.90568015289307,35.75834182739258,380,1084.011436309813,rsi_exit,7,2015
STX,2015-01-26 00:00:00,2015-02-05 00:00:00,59.178121376037595,60.289179847717286,211,234.43333752441475,max_hold,10,2015
BRO,2015-01-29 00:00:00,2015-02-05 00:00:00,15.500940267562866,16.177579086303712,808,546.7241655426038,rsi_exit,7,2015
THC,2015-01-28 00:00:00,2015-02-09 00:00:00,43.03590076446533,42.56470152282715,291,-137.11897931671092,max_hold,12,2015
AXP,2015-01-28 00:00:00,2015-02-09 00:00:00,81.89346336364746,84.81004335021973,152,443.32015795898553,max_hold,12,2015
QCOM,2015-01-29 00:00:00,2015-02-09 00:00:00,63.817378623962405,66.97578060913087,196,619.0467890930182,max_hold,11,2015
ACAD,2015-02-02 00:00:00,2015-02-10 00:00:00,31.17222061157226,33.40306121826172,401,894.5670832824728,rsi_exit,8,2015
PODD,2015-02-09 00:00:00,2015-02-13 00:00:00,30.641159923553467,31.936,408,528.2947511901856,rsi_exit,4,2015
IONS,2015-02-04 00:00:00,2015-02-17 00:00:00,59.83944122314453,63.30314030456543,209,723.9131080169678,max_hold,13,2015
PNW,2015-02-06 00:00:00,2015-02-17 00:00:00,66.9235809173584,64.84006121826172,187,-389.6181837310772,max_hold,11,2015
WELL,2015-02-06 00:00:00,2015-02-17 00:00:00,77.4045,76.81606121826172,161,-94.73864385986242,max_hold,11,2015
UPS,2015-02-09 00:00:00,2015-02-17 00:00:00,100.6609190826416,102.30498213195803,124,203.86381811523722,rsi_exit,8,2015
DLR,2015-02-09 00:00:00,2015-02-17 00:00:00,68.11596336364747,67.1654030456543,183,-173.95253819274927,regime_exit,8,2015
CDNS,2015-02-10 00:00:00,2015-02-17 00:00:00,17.2744797706604,17.904120532989502,725,456.4895526885998,regime_exit,7,2015
PCG,2015-02-13 00:00:00,2015-02-17 00:00:00,54.1681213760376,54.28121939086914,231,26.12564142608644,regime_exit,4,2015
VEEV,2015-03-23 00:00:00,2015-03-24 00:00:00,26.422740840911864,27.185519771575926,474,361.5572131347655,rsi_exit,1,2015
LIN,2015-03-20 00:00:00,2015-03-30 00:00:00,122.16383816528322,121.27695664978027,102,-90.46191458130085,max_hold,10,2015
PLUG,2015-03-20 00:00:00,2015-03-30 00:00:00,2.66532008600235,2.6746400666236876,4699,43.79458893966511,max_hold,10,2015
INTC,2015-03-20 00:00:00,2015-03-30 00:00:00,31.37261946487427,31.397079086303712,399,9.759388950347855,max_hold,10,2015
WDC,2015-03-20 00:00:00,2015-03-30 00:00:00,76.07020220947265,70.10139094543457,164,-978.8850473022453,max_hold,10,2015
BKNG,2015-03-20 00:00:00,2015-03-30 00:00:00,1181.528384033203,1147.5302961425782,10,-339.980878906249,max_hold,10,2015
APA,2015-03-23 00:00:00,2015-04-02 00:00:00,58.797360305786135,61.317118629455564,213,536.7085229415883,rsi_exit,10,2015
HALO,2015-03-24 00:00:00,2015-04-06 00:00:00,13.9177803440094,14.680580038070678,899,685.7569249610897,max_hold,13,2015
ACAD,2015-03-30 00:00:00,2015-04-09 00:00:00,33.41669847106934,35.03978060913086,374,607.0327196350083,max_hold,10,2015
SMCI,2015-03-31 00:00:00,2015-04-10 00:00:00,3.327642099380493,3.5049760837554933,3763,667.3077832031255,max_hold,10,2015
LRCX,2015-03-31 00:00:00,2015-04-10 00:00:00,7.038048168182373,7.295379942893982,1779,457.7932272119529,max_hold,10,2015
BAC,2015-03-31 00:00:00,2015-04-10 00:00:00,15.4207803440094,15.68856026649475,812,217.43729705810517,max_hold,10,2015
BBY,2015-04-01 00:00:00,2015-04-13 00:00:00,37.2844190826416,38.263320152282716,335,327.9318583297746,max_hold,12,2015
ARCB,2015-04-02 00:00:00,2015-04-13 00:00:00,37.14413969421387,36.35714030456543,337,-265.2187943115253,max_hold,11,2015
CME,2015-04-06 00:00:00,2015-04-16 00:00:00,92.28419847106933,91.33695664978028,135,-127.87764587402236,max_hold,10,2015
ALGN,2015-04-09 00:00:00,2015-04-16 00:00:00,52.82544122314453,52.66446045684815,237,-38.152441612242804,regime_exit,7,2015
O,2015-04-10 00:00:00,2015-04-16 00:00:00,48.07075735473633,47.74346736907959,260,-85.09539627075256,regime_exit,6,2015
BIIB,2015-04-10 00:00:00,2015-04-16 00:00:00,426.50129388427735,427.79269390869143,29,37.45060070800855,regime_exit,6,2015
EQR,2015-04-10 00:00:00,2015-04-16 00:00:00,75.7712427520752,75.61845664978027,165,-25.209706878662672,regime_exit,6,2015
PSA,2015-04-13 00:00:00,2015-04-16 00:00:00,191.83289694213866,191.22678060913086,65,-39.397561645507295,regime_exit,3,2015
F,2015-04-13 00:00:00,2015-04-16 00:00:00,15.9017398853302,15.908119581222534,787,5.020820667267472,regime_exit,3,2015
EL,2015-06-12 00:00:00,2015-06-18 00:00:00,87.16397785949707,88.16331634521484,143,142.90540345764134,rsi_exit,6,2015
KR,2015-06-12 00:00:00,2015-06-18 00:00:00,35.896650764465335,36.69646045684814,348,278.3337729492174,rsi_exit,6,2015
DGX,2015-06-12 00:00:00,2015-06-22 00:00:00,73.1860809173584,72.12545664978028,171,-181.36674975585856,max_hold,10,2015
TRMB,2015-06-12 00:00:00,2015-06-22 00:00:00,23.0059190826416,23.592719390869146,544,319.2193676757845,max_hold,10,2015
HPQ,2015-06-12 00:00:00,2015-06-22 00:00:00,14.747875024795531,14.367211715698243,849,-323.18314942359785,max_hold,10,2015
CG,2015-06-12 00:00:00,2015-06-22 00:00:00,28.7974797706604,28.502879467010498,434,-127.85653178405693,max_hold,10,2015
MSCI,2015-06-12 00:00:00,2015-06-22 00:00:00,62.013779388427736,61.876,201,-27.693657073975352,max_hold,10,2015
SHAK,2015-06-18 00:00:00,2015-06-24 00:00:00,69.23819847106934,62.355039543151854,180,-1238.9686070251473,stop,6,2015
HUM,2015-06-18 00:00:00,2015-06-29 00:00:00,199.69860305786133,192.51419390869142,62,-445.43336724853435,max_hold,11,2015
PLUG,2015-06-22 00:00:00,2015-07-01 00:00:00,2.6452801051139834,2.345299904823303,4734,-1420.10626817608,stop,9,2015
EXP,2015-06-22 00:00:00,2015-07-02 00:00:00,79.37844122314453,75.74820152282715,157,-569.9476329498301,max_hold,10,2015
XPO,2015-06-22 00:00:00,2015-07-02 00:00:00,16.426263439178467,15.356267961502075,762,-815.3365539894102,max_hold,10,2015
NEM,2015-06-22 00:00:00,2015-07-02 00:00:00,23.99790076446533,23.622660076141358,521,-195.50039861679025,max_hold,10,2015
SLB,2015-06-22 00:00:00,2015-07-02 00:00:00,87.14394122314454,83.841982131958,143,-472.1801500396741,max_hold,10,2015
DGX,2015-06-24 00:00:00,2015-07-06 00:00:00,71.84339694213867,70.92785969543458,174,-159.30348092651175,max_hold,12,2015
IMAX,2015-07-02 00:00:00,2015-07-08 00:00:00,39.0980404586792,35.299258934021,320,-1215.610087890625,stop,6,2015
ICE,2015-06-29 00:00:00,2015-07-09 00:00:00,44.54691618347168,44.796229583740235,281,70.05706547546399,max_hold,10,2015
ARES,2015-07-01 00:00:00,2015-07-13 00:00:00,18.7574393119812,18.582760837554932,667,-116.51054244232145,max_hold,12,2015
GNRC,2015-07-02 00:00:00,2015-07-13 00:00:00,37.71527938842773,36.47689923858643,332,-411.14220974731325,max_hold,11,2015
ATI,2015-07-02 00:00:00,2015-07-13 00:00:00,29.609099235534668,28.6925,423,-387.72147663116493,max_hold,11,2015
SAIA,2015-07-02 00:00:00,2015-07-13 00:00:00,39.27840076446533,40.798241065979006,318,483.30921588134856,max_hold,11,2015
EPD,2015-07-06 00:00:00,2015-07-16 00:00:00,29.478840076446534,29.660559314727784,424,77.04895703125001,max_hold,10,2015
ANET,2015-07-13 00:00:00,2015-07-17 00:00:00,4.9768088264465336,5.283162309646606,2516,770.7853637313824,rsi_exit,4,2015
NI,2015-07-08 00:00:00,2015-07-20 00:00:00,17.174279388427735,16.876179847717285,729,-217.31456517791761,max_hold,12,2015
RPM,2015-07-09 00:00:00,2015-07-20 00:00:00,47.47476107025147,47.04571939086914,263,-112.83796167755273,max_hold,11,2015
MTZ,2015-07-13 00:00:00,2015-07-20 00:00:00,19.42877938842774,17.72448022842407,644,-1097.568659042362,stop,7,2015
ZTS,2015-07-16 00:00:00,2015-07-20 00:00:00,48.096,48.882039543151855,260,204.37028121948316,rsi_exit,4,2015
MPLX,2015-07-13 00:00:00,2015-07-22 00:00:00,59.14805877685547,52.47484182739258,211,-1408.04877633667,stop,9,2015
OXY,2015-07-13 00:00:00,2015-07-23 00:00:00,73.47178454589844,69.43238252258301,170,-686.6983439636235,max_hold,10,2015
CELH,2015-07-20 00:00:00,2015-07-24 00:00:00,0.7515,0.8150336862802505,16666,1058.8524155466562,rsi_exit,4,2015
ALB,2015-07-17 00:00:00,2015-07-27 00:00:00,53.116018318176266,49.71038137054443,235,-800.3246826934809,max_hold,10,2015
WWD,2015-07-21 00:00:00,2015-07-31 00:00:00,49.148099235534666,49.26128060913086,254,28.74806889343259,max_hold,10,2015
EXAS,2015-07-21 00:00:00,2015-07-31 00:00:00,25.200299617767335,24.02185969543457,497,-585.6846413993837,max_hold,10,2015
ADI,2015-07-22 00:00:00,2015-08-03 00:00:00,58.767301528930666,58.55265817260742,213,-45.719034896850864,max_hold,12,2015
CE,2015-07-23 00:00:00,2015-08-03 00:00:00,64.71917633056641,65.14943878173828,193,83.040653076171,max_hold,11,2015
BIIB,2015-07-24 00:00:00,2015-08-03 00:00:00,300.6300587768555,323.7312448730469,41,947.1486299438468,max_hold,10,2015
CAG,2015-07-27 00:00:00,2015-08-06 00:00:00,33.94323543548584,34.92611679077149,368,361.70033874511876,rsi_exit,10,2015
ALNY,2015-08-06 00:00:00,2015-08-07 00:00:00,120.1097427520752,105.97762243652342,104,-1469.740512817386,stop,1,2015
AMAT,2015-07-31 00:00:00,2015-08-10 00:00:00,17.394720611572264,17.56480038070679,720,122.45743377685756,max_hold,10,2015
THC,2015-07-31 00:00:00,2015-08-10 00:00:00,56.41259923553467,53.023741065979,222,-752.3265136413584,max_hold,10,2015
IAC,2015-08-03 00:00:00,2015-08-13 00:00:00,13.656292110443115,13.189763668060303,917,-427.8065816650382,max_hold,10,2015
URBN,2015-08-03 00:00:00,2015-08-13 00:00:00,32.4848381652832,32.27532015228272,385,-80.66443500518614,max_hold,10,2015
VEEV,2015-08-03 00:00:00,2015-08-13 00:00:00,26.342580917358397,25.109679847717285,475,-585.6280080795284,max_hold,10,2015
EMR,2015-08-07 00:00:00,2015-08-17 00:00:00,49.2883786239624,50.239320152282716,254,241.53914819335975,max_hold,10,2015
HALO,2015-08-14 00:00:00,2015-08-20 00:00:00,19.2885,17.14564030456543,649,-1390.715942337036,stop,6,2015
MS,2015-08-11 00:00:00,2015-08-21 00:00:00,37.9958381652832,34.14157908630371,329,-1268.051236984254,stop,10,2015
ZBRA,2015-08-11 00:00:00,2015-08-21 00:00:00,83.96760305786133,81.0875,149,-429.1353556213366,max_hold,10,2015
LPLA,2015-08-13 00:00:00,2015-08-24 00:00:00,42.63509923553467,39.421,293,-941.7310760116578,max_hold,11,2015
HPQ,2015-08-13 00:00:00,2015-08-24 00:00:00,12.945912700653077,12.055767589569092,967,-860.7703224182136,max_hold,11,2015
OMCL,2015-08-17 00:00:00,2015-08-24 00:00:00,36.12209923553467,32.77432015228271,346,-1158.3315628051773,stop,7,2015
ARCB,2015-08-21 00:00:00,2015-08-25 00:00:00,29.5289393119812,26.946,424,-1095.1662682800286,stop,4,2015
INTU,2015-08-21 00:00:00,2015-08-25 00:00:00,89.45855877685547,79.71026274108887,140,-1364.761445007324,stop,4,2015
PENN,2015-08-20 00:00:00,2015-08-28 00:00:00,17.845619464874268,18.39314030456543,701,383.8121086235055,regime_exit,8,2015
ARES,2015-08-24 00:00:00,2015-08-28 00:00:00,16.853639694213868,17.305320152282714,743,335.5985803451529,regime_exit,4,2015
RH,2015-08-24 00:00:00,2015-08-28 00:00:00,91.79322061157227,91.74614030456543,136,-6.402921752929842,regime_exit,4,2015
EQIX,2015-08-24 00:00:00,2015-08-28 00:00:00,256.0410587768555,268.24243878173826,48,585.6662402343727,regime_exit,4,2015
MATX,2015-08-25 00:00:00,2015-08-28 00:00:00,35.771400764465334,37.72439923858643,350,683.5494659423833,regime_exit,3,2015
BKNG,2015-08-25 00:00:00,2015-08-28 00:00:00,1181.1676787109375,1256.8712346191405,10,757.0355590820304,regime_exit,3,2015
LLY,2015-10-22 00:00:00,2015-10-30 00:00:00,77.13396336364747,81.40685969543458,162,692.2092057495117,rsi_exit,8,2015
SHAK,2015-10-22 00:00:00,2015-10-30 00:00:00,42.96576107025147,45.47885969543457,291,731.3116999282835,rsi_exit,8,2015
HCA,2015-10-22 00:00:00,2015-11-02 00:00:00,66.2121618347168,69.6105,189,642.2859132385261,max_hold,11,2015
THC,2015-10-22 00:00:00,2015-11-02 00:00:00,28.2964797706604,32.6845,442,1939.5049413681027,max_hold,11,2015
TSLA,2015-10-22 00:00:00,2015-11-02 00:00:00,14.142896272659302,14.224162092208863,885,71.9202503013613,max_hold,11,2015
ZBRA,2015-10-22 00:00:00,2015-11-02 00:00:00,72.79530152893066,78.46276274108887,172,974.8033284912107,rsi_exit,11,2015
EXC,2015-10-30 00:00:00,2015-11-09 00:00:00,19.954236545562743,20.508116886138914,627,347.28297354125937,max_hold,10,2015
OMCL,2015-10-30 00:00:00,2015-11-09 00:00:00,27.25440076446533,27.105679847717287,459,-68.26290078735204,max_hold,10,2015
ENPH,2015-11-04 00:00:00,2015-11-09 00:00:00,2.334659923553467,2.0957999048233034,5364,-1281.245140468597,stop,5,2015
AMCR,2015-11-04 00:00:00,2015-11-12 00:00:00,47.29440076446533,48.20339923858643,264,239.97559716796997,rsi_exit,8,2015
FTNT,2015-11-03 00:00:00,2015-11-13 00:00:00,6.945864160537719,6.620731824874878,1803,-586.2136012001032,max_hold,10,2015
PSTG,2015-11-03 00:00:00,2015-11-13 00:00:00,17.47488053512573,17.20551977157593,716,-192.86230670165816,max_hold,10,2015
KBH,2015-11-09 00:00:00,2015-11-18 00:00:00,12.795540458679199,13.423099809646606,978,613.7530452461248,rsi_exit,9,2015
ETSY,2015-11-09 00:00:00,2015-11-19 00:00:00,8.817600191116332,8.702560266494752,1420,-163.35669296264433,max_hold,10,2015
UNP,2015-11-09 00:00:00,2015-11-19 00:00:00,86.34233816528321,86.86592091369629,145,75.91949851989611,max_hold,10,2015
INTC,2015-11-12 00:00:00,2015-11-20 00:00:00,32.464801528930664,34.59067984771728,385,818.4631527328481,rsi_exit,8,2015
CMG,2015-11-13 00:00:00,2015-11-20 00:00:00,11.881515129089355,10.702352106094363,1054,-1242.8378262367212,stop,7,2015
TJX,2015-11-13 00:00:00,2015-11-23 00:00:00,32.169209541320804,35.22440817260742,389,1188.4722675704932,max_hold,10,2015
IAC,2015-11-18 00:00:00,2015-11-27 00:00:00,11.138491138458251,11.224229728698731,1124,96.37017543029918,regime_exit,9,2015
BBY,2015-11-19 00:00:00,2015-11-27 00:00:00,30.731340076446532,31.417039543151855,407,279.0796829490664,regime_exit,8,2015
WSM,2015-11-19 00:00:00,2015-11-27 00:00:00,33.1712095413208,32.385100761413575,377,-296.36301002502336,regime_exit,8,2015
PFE,2015-11-20 00:00:00,2015-11-27 00:00:00,30.592371746063233,31.047837715148926,409,186.28558135604874,regime_exit,7,2015
CG,2015-11-20 00:00:00,2015-11-27 00:00:00,17.5049393119812,18.003920913696287,715,356.7718452262874,regime_exit,7,2015
FFIV,2015-11-23 00:00:00,2015-11-27 00:00:00,103.05569847106933,102.794,121,-31.665514999389814,regime_exit,4,2015
NRG,2015-12-04 00:00:00,2015-12-14 00:00:00,9.018,9.181599809646606,1388,227.07653578948825,max_hold,10,2015
EPD,2015-12-04 00:00:00,2015-12-14 00:00:00,22.97586030578613,22.115679847717285,545,-468.7983496475214,max_hold,10,2015
UNP,2015-12-04 00:00:00,2015-12-14 00:00:00,78.46661755371093,76.72623725891113,159,-276.72046687316913,max_hold,10,2015
ET,2015-12-07 00:00:00,2015-12-15 00:00:00,13.015979770660401,13.083779657363891,962,65.2234910087575,regime_exit,8,2015
WMB,2015-12-07 00:00:00,2015-12-15 00:00:00,27.023939311981202,25.788320152282715,463,-572.0916709403996,regime_exit,8,2015
CNP,2015-12-07 00:00:00,2015-12-15 00:00:00,16.442819847106932,16.85621939086914,761,314.59705280303945,regime_exit,8,2015
SKY,2015-12-14 00:00:00,2015-12-15 00:00:00,2.8657198948860167,2.7943999524116516,4370,-311.6681486129756,regime_exit,1,2015
PPG,2015-12-14 00:00:00,2015-12-15 00:00:00,97.92546336364747,98.35290304565429,127,54.2848396148662,regime_exit,1,2015
RH,2015-12-14 00:00:00,2015-12-15 00:00:00,78.80730152893067,79.40087756347656,158,93.78501345825066,regime_exit,1,2015
PRGO,2016-03-08 00:00:00,2016-03-10 00:00:00,129.31811755371095,133.61224487304688,96,412.2362226562491,rsi_exit,2,2016
PCRX,2016-03-08 00:00:00,2016-03-17 00:00:00,50.230261070251466,45.26928060913086,249,-1235.284134819031,stop,9,2016
MATX,2016-03-10 00:00:00,2016-03-21 00:00:00,37.575,39.83017984771728,333,750.9748892898541,max_hold,11,2016
ERIE,2016-03-14 00:00:00,2016-03-24 00:00:00,90.36036030578613,91.44673725891111,138,149.92001953124765,max_hold,10,2016
ANET,2016-03-15 00:00:00,2016-03-28 00:00:00,3.5132624044418335,3.685115114212036,3565,612.6549103307719,max_hold,13,2016
INCY,2016-03-15 00:00:00,2016-03-28 00:00:00,65.77127938842773,68.31309695434571,190,482.94533752441635,max_hold,13,2016
PCRX,2016-03-17 00:00:00,2016-03-28 00:00:00,45.450720611572265,46.87606121826172,275,391.9686668395995,max_hold,11,2016
SHAK,2016-03-18 00:00:00,2016-03-28 00:00:00,34.90968015289307,32.80425893402099,358,-753.7407963562025,max_hold,10,2016
REGN,2016-03-21 00:00:00,2016-03-31 00:00:00,371.7820885620117,359.71912243652343,33,-398.0778821411135,max_hold,10,2016
BX,2016-03-24 00:00:00,2016-03-31 00:00:00,26.50290076446533,27.993899238586426,472,703.7512797851571,rsi_exit,7,2016
BMY,2016-03-28 00:00:00,2016-04-04 00:00:00,62.8955404586792,65.83806121826171,199,585.5616311569204,rsi_exit,7,2016
MRVL,2016-04-04 00:00:00,2016-04-05 00:00:00,9.6392398853302,10.858240114212036,1299,1583.4812973175044,rsi_exit,1,2016
QCOM,2016-03-28 00:00:00,2016-04-07 00:00:00,50.290378623962404,49.92993878173828,249,-89.74952071380703,max_hold,10,2016
BBY,2016-03-28 00:00:00,2016-04-07 00:00:00,31.442759159088133,30.159559314727783,398,-510.7135380554194,max_hold,10,2016
TNDM,2016-03-28 00:00:00,2016-04-07 00:00:00,80.05980152893066,89.22120152282714,156,1429.1783990478511,max_hold,10,2016
AMCR,2016-03-31 00:00:00,2016-04-07 00:00:00,52.454698471069335,54.1415,238,401.4587638854984,rsi_exit,7,2016
DE,2016-03-31 00:00:00,2016-04-11 00:00:00,77.14397785949707,75.5985,162,-250.3674132385252,max_hold,11,2016
ATI,2016-04-07 00:00:00,2016-04-13 00:00:00,14.418780344009399,16.496940685272218,868,1803.8431762161272,rsi_exit,6,2016
BKNG,2016-04-11 00:00:00,2016-04-14 00:00:00,1267.1592648925782,1333.7172346191405,9,599.0217275390607,rsi_exit,3,2016
FSLR,2016-04-05 00:00:00,2016-04-15 00:00:00,62.5448381652832,59.47082015228271,200,-614.803602600098,max_hold,10,2016
EXPD,2016-04-07 00:00:00,2016-04-15 00:00:00,47.44469847106934,49.141521675109864,263,446.2645026626586,rsi_exit,8,2016
WTW,2016-04-07 00:00:00,2016-04-18 00:00:00,113.7670809173584,121.01748213195802,110,797.5441336059582,rsi_exit,11,2016
GM,2016-04-07 00:00:00,2016-04-18 00:00:00,29.478840076446534,31.247379467010497,424,749.8607015991199,max_hold,11,2016
NKE,2016-04-11 00:00:00,2016-04-19 00:00:00,58.0358381652832,59.44088137054443,215,302.0842891311643,regime_exit,8,2016
WM,2016-04-13 00:00:00,2016-04-19 00:00:00,57.12401831817627,57.01574106597901,219,-23.712718231200263,regime_exit,6,2016
ANF,2016-04-14 00:00:00,2016-04-19 00:00:00,28.16622061157226,28.76235969543457,444,264.6857532348648,regime_exit,5,2016
SMCI,2016-04-15 00:00:00,2016-04-19 00:00:00,2.684357900619507,2.783422034263611,4665,462.13418344974536,regime_exit,4,2016
FFIV,2016-04-15 00:00:00,2016-04-19 00:00:00,95.80122061157226,95.56848213195802,130,-30.256002349851343,regime_exit,4,2016
VZ,2016-04-18 00:00:00,2016-04-19 00:00:00,51.8334595413208,51.97584182739258,241,34.31413094329878,regime_exit,1,2016
HUM,2016-04-18 00:00:00,2016-04-19 00:00:00,172.06344122314454,174.42046426391602,72,169.70565893554658,regime_exit,1,2016
WMT,2016-05-18 00:00:00,2016-05-19 00:00:00,21.09209923553467,23.02053422164917,593,1143.5619467659003,rsi_exit,1,2016
F,2016-05-18 00:00:00,2016-05-25 00:00:00,13.186319847106933,13.492960456848145,949,291.0019386444102,rsi_exit,7,2016
SLB,2016-05-18 00:00:00,2016-05-25 00:00:00,73.3163381652832,77.75418365478515,170,754.433733215332,rsi_exit,7,2016
CMC,2016-05-18 00:00:00,2016-05-27 00:00:00,16.352639694213867,17.17557908630371,765,629.54863494873,rsi_exit,9,2016
EL,2016-05-18 00:00:00,2016-05-31 00:00:00,90.681,91.59643878173829,138,126.33055187988379,max_hold,13,2016
PEG,2016-05-18 00:00:00,2016-05-31 00:00:00,44.418661834716794,44.6605,281,67.95652444458071,max_hold,13,2016
EMR,2016-05-18 00:00:00,2016-05-31 00:00:00,50.90159923553467,51.91596045684815,246,249.53286044311577,max_hold,13,2016
MAR,2016-05-19 00:00:00,2016-05-31 00:00:00,65.09994122314453,65.90792091369629,192,155.13210058593813,max_hold,12,2016
ET,2016-05-25 00:00:00,2016-06-02 00:00:00,11.152260114669799,13.582779657363892,1123,2729.473446445466,rsi_exit,8,2016
IONS,2016-05-26 00:00:00,2016-06-06 00:00:00,21.402720611572263,24.241420913696288,585,1660.6396767425545,max_hold,11,2016
ANF,2016-05-27 00:00:00,2016-06-06 00:00:00,20.230380535125732,18.991940685272215,619,-766.594267059327,max_hold,10,2016
DIS,2016-05-31 00:00:00,2016-06-06 00:00:00,99.41844122314453,98.58243878173828,125,-104.50030517578135,regime_exit,6,2016
SBUX,2016-05-31 00:00:00,2016-06-06 00:00:00,54.99977938842773,55.478820152282715,227,108.74225339508098,regime_exit,6,2016
PEP,2016-05-31 00:00:00,2016-06-06 00:00:00,101.37233816528321,102.49459695434572,123,138.03783105468915,regime_exit,6,2016
NSC,2016-05-31 00:00:00,2016-06-06 00:00:00,84.22811755371093,83.10345664978027,148,-166.44981378173776,regime_exit,6,2016
CPB,2016-06-02 00:00:00,2016-06-06 00:00:00,60.8514595413208,61.297158172607425,205,91.36821941375811,regime_exit,4,2016
RARE,2016-06-20 00:00:00,2016-06-24 00:00:00,54.609,49.07165817260742,229,-1268.051278472901,stop,4,2016
MSFT,2016-06-20 00:00:00,2016-06-30 00:00:00,50.170139694213866,51.06765817260742,249,223.4821011199958,max_hold,10,2016
ALNY,2016-06-20 00:00:00,2016-06-30 00:00:00,56.753279388427735,55.37902167510986,220,-302.3366969299323,max_hold,10,2016
GILD,2016-06-20 00:00:00,2016-06-30 00:00:00,83.15597785949707,83.25315817260743,150,14.577046966553553,max_hold,10,2016
KR,2016-06-21 00:00:00,2016-07-01 00:00:00,34.53894122314453,36.47689923858643,362,701.5408015899653,max_hold,10,2016
JAZZ,2016-06-21 00:00:00,2016-07-01 00:00:00,142.2038381652832,140.75791329956056,88,-127.24138818359279,max_hold,10,2016
PYPL,2016-06-21 00:00:00,2016-07-01 00:00:00,36.232319847106936,36.27729847717285,345,15.517627372739895,max_hold,10,2016
ACAD,2016-06-24 00:00:00,2016-07-05 00:00:00,31.492860305786134,32.57471939086914,397,429.49805677795376,max_hold,11,2016
CELH,2016-06-30 00:00:00,2016-07-08 00:00:00,0.7648596886396408,0.6753136410713195,16375,-1466.3165289312612,stop,8,2016
PRGO,2016-07-05 00:00:00,2016-07-15 00:00:00,91.07177938842773,94.51059695434571,137,471.11800653076415,rsi_exit,10,2016
ACAD,2016-07-05 00:00:00,2016-07-15 00:00:00,32.70527938842773,32.934,382,87.37127362060484,rsi_exit,10,2016
WYNN,2016-07-05 00:00:00,2016-07-15 00:00:00,89.27819847106933,92.03556121826172,140,386.0307846069344,max_hold,10,2016
ZBRA,2016-07-06 00:00:00,2016-07-18 00:00:00,47.02386030578613,50.408978324890136,266,900.4413930816655,max_hold,12,2016
PENN,2016-07-06 00:00:00,2016-07-18 00:00:00,13.857659923553468,13.772400190353393,903,-76.98953907966819,max_hold,12,2016
NOW,2016-07-06 00:00:00,2016-07-18 00:00:00,13.092131984710695,13.938067604064942,956,808.7144521026601,rsi_exit,12,2016
RUN,2016-07-11 00:00:00,2016-07-18 00:00:00,5.100180152893066,5.199580038070679,2455,244.0267181110399,regime_exit,7,2016
DHR,2016-09-16 00:00:00,2016-09-26 00:00:00,68.01696510314942,67.77198316955567,184,-45.07667578124983,max_hold,10,2016
MAS,2016-09-16 00:00:00,2016-09-26 00:00:00,32.96580152893066,34.26134182739258,379,491.009773117066,max_hold,10,2016
SEDG,2016-09-16 00:00:00,2016-09-26 00:00:00,14.619180152893067,15.908119581222534,856,1103.3321506500238,max_hold,10,2016
ET,2016-09-16 00:00:00,2016-09-26 00:00:00,16.192319847106933,16.696539543151854,773,389.76182504272344,max_hold,10,2016
EXP,2016-09-16 00:00:00,2016-09-26 00:00:00,73.4766618347168,77.0455969543457,170,606.7189703369137,max_hold,10,2016
ORCL,2016-09-16 00:00:00,2016-09-26 00:00:00,38.997838165283206,38.95193878173828,321,-14.733702117921801,max_hold,10,2016
DLR,2016-09-16 00:00:00,2016-09-26 00:00:00,92.78519847106934,97.44471939086914,134,624.3758032531737,max_hold,10,2016
NVR,2016-09-23 00:00:00,2016-10-03 00:00:00,1654.6026489257813,1637.4884794921875,7,-119.79918603515671,max_hold,10,2016
XOM,2016-09-26 00:00:00,2016-10-03 00:00:00,83.22611755371094,86.8759030456543,150,547.4678237915043,rsi_exit,7,2016
HSY,2016-09-26 00:00:00,2016-10-06 00:00:00,95.52066183471678,94.91978060913085,131,-78.71544055175586,max_hold,10,2016
COST,2016-09-26 00:00:00,2016-10-06 00:00:00,151.49238244628907,149.1710612182617,82,-190.34834069824336,max_hold,10,2016
MO,2016-09-26 00:00:00,2016-10-06 00:00:00,63.15605877685547,61.65643878173828,198,-296.9247590332028,max_hold,10,2016
WING,2016-09-26 00:00:00,2016-10-06 00:00:00,29.589060688018797,27.934019771575926,423,-700.0823076553346,max_hold,10,2016
ICE,2016-09-26 00:00:00,2016-10-06 00:00:00,54.91761465454102,53.436910720825196,228,-337.60049688720767,max_hold,10,2016
GE,2016-09-26 00:00:00,2016-10-06 00:00:00,141.85174072265625,139.99409365844727,88,-163.47294165038988,max_hold,10,2016
NBIX,2016-10-06 00:00:00,2016-10-12 00:00:00,47.66513969421387,42.98385969543457,262,-1226.4953596801774,stop,6,2016
KR,2016-10-03 00:00:00,2016-10-13 00:00:00,29.3385606880188,31.06773916244507,426,736.630030105591,rsi_exit,10,2016
CVS,2016-10-03 00:00:00,2016-10-13 00:00:00,87.2641763305664,87.824,143,80.05478472900452,max_hold,10,2016
ALNY,2016-10-06 00:00:00,2016-10-17 00:00:00,36.2824190826416,36.50684182739258,345,77.42584693908614,max_hold,11,2016
PPL,2016-10-06 00:00:00,2016-10-17 00:00:00,32.565,32.993881370544436,384,164.6904462890643,max_hold,11,2016
PCRX,2016-10-06 00:00:00,2016-10-17 00:00:00,34.82951831817627,33.58270152282715,359,-447.6072295303337,max_hold,11,2016
CI,2016-10-06 00:00:00,2016-10-17 00:00:00,127.15380152893066,118.40271939086914,98,-857.6060495300289,max_hold,11,2016
PCG,2016-10-06 00:00:00,2016-10-17 00:00:00,59.12801831817627,60.27920152282715,211,242.89965618133658,max_hold,11,2016
FTNT,2016-10-12 00:00:00,2016-10-24 00:00:00,6.144263969421386,6.235504144668579,2038,185.9474771537788,max_hold,12,2016
PLNT,2016-10-13 00:00:00,2016-10-24 00:00:00,19.5189595413208,19.660600761413573,641,90.79202207946707,max_hold,11,2016
SMCI,2016-10-13 00:00:00,2016-10-24 00:00:00,2.1563039503097534,2.1656600761413576,5808,54.340378829957004,max_hold,11,2016
REGN,2016-10-17 00:00:00,2016-10-27 00:00:00,367.46347100830076,364.6193060913086,34,-96.70160717773331,max_hold,10,2016
NKE,2016-10-17 00:00:00,2016-10-27 00:00:00,51.132058776855466,51.78621939086914,244,159.61518981933705,max_hold,10,2016
FDX,2016-10-17 00:00:00,2016-10-27 00:00:00,171.1816763305664,174.0511939086914,73,209.4747832031249,rsi_exit,10,2016
GE,2016-10-17 00:00:00,2016-10-27 00:00:00,138.5383492126465,136.93307403564452,90,-144.4747659301774,max_hold,10,2016
TNDM,2016-10-17 00:00:00,2016-10-27 00:00:00,66.132,59.88,189,-1181.6280000000004,stop,10,2016
ETSY,2016-10-24 00:00:00,2016-10-27 00:00:00,14.128200382232668,12.804339923858644,886,-1172.940366119386,stop,3,2016
PSTG,2016-10-24 00:00:00,2016-11-03 00:00:00,12.464879579544068,11.7265,1004,-741.3330978622442,max_hold,10,2016
CROX,2016-10-24 00:00:00,2016-11-03 00:00:00,7.8957601146698,7.4550597906112674,1586,-698.9507139568326,max_hold,10,2016
PENN,2016-10-27 00:00:00,2016-11-03 00:00:00,13.056059732437134,11.956039543151855,959,-1054.919361524583,stop,7,2016
INCY,2016-10-27 00:00:00,2016-11-07 00:00:00,87.18402214050293,91.96570152282715,143,683.7801516723625,rsi_exit,11,2016
KIM,2016-10-27 00:00:00,2016-11-07 00:00:00,26.482860305786133,25.43901977157593,472,-492.6927321472165,max_hold,11,2016
SPG,2016-10-27 00:00:00,2016-11-07 00:00:00,183.59645571899412,181.5661326904297,68,-138.06196594238088,max_hold,11,2016
URBN,2016-10-27 00:00:00,2016-11-07 00:00:00,33.567,32.53479847717285,373,-385.01116801452736,max_hold,11,2016
BLK,2016-11-03 00:00:00,2016-11-09 00:00:00,341.82229467773436,363.6911734008789,36,787.2796340332027,rsi_exit,6,2016
ISRG,2016-11-07 00:00:00,2016-11-11 00:00:00,75.53187336730957,68.94627325439453,165,-1086.6240186309826,stop,4,2016
SKY,2016-11-03 00:00:00,2016-11-14 00:00:00,11.292540458679198,11.826300380706789,1109,591.9397535285975,max_hold,11,2016
CHD,2016-11-03 00:00:00,2016-11-14 00:00:00,44.20823892974853,43.83215817260742,283,-106.43085427093432,max_hold,11,2016
CELH,2016-11-07 00:00:00,2016-11-14 00:00:00,0.6345996934175492,0.7451736934185028,19736,2182.288464018821,rsi_exit,7,2016
PLUG,2016-11-07 00:00:00,2016-11-17 00:00:00,1.2625199904441833,1.5069799904823302,9920,2425.0432003784176,max_hold,10,2016
FSLR,2016-11-08 00:00:00,2016-11-18 00:00:00,33.55698168182373,29.151579086303713,373,-1643.215168128966,stop,10,2016
NXPI,2016-11-09 00:00:00,2016-11-21 00:00:00,97.47455877685547,98.39281634521484,128,117.53696874999878,max_hold,12,2016
ISRG,2016-11-11 00:00:00,2016-11-21 00:00:00,69.22261102294922,73.41842826843262,180,755.2471041870115,max_hold,10,2016
TSLA,2016-11-14 00:00:00,2016-11-23 00:00:00,12.120860624313357,12.850248403549195,1033,753.4575759506203,rsi_exit,9,2016
PEP,2016-11-14 00:00:00,2016-11-25 00:00:00,101.59277938842773,101.96565817260743,123,45.86409045410363,max_hold,11,2016
CNC,2016-11-14 00:00:00,2016-11-25 00:00:00,25.836569847106933,28.328230228424072,484,1205.9636245574955,max_hold,11,2016
CL,2016-11-17 00:00:00,2016-11-28 00:00:00,66.12197785949706,66.29714030456543,189,33.105702117921254,max_hold,11,2016
WELL,2016-11-17 00:00:00,2016-11-28 00:00:00,62.1039595413208,63.27320152282715,201,235.01763828277697,max_hold,11,2016
CVS,2016-11-22 00:00:00,2016-11-29 00:00:00,73.73717633056641,75.72823725891114,169,336.4892968902582,rsi_exit,7,2016
TSN,2016-11-21 00:00:00,2016-12-01 00:00:00,57.715198471069336,56.057658172607425,217,-359.68624476623455,max_hold,10,2016
NEM,2016-11-23 00:00:00,2016-12-02 00:00:00,31.563,33.51284182739258,396,772.1373636474611,rsi_exit,9,2016
SO,2016-11-23 00:00:00,2016-12-05 00:00:00,47.3244595413208,46.776258934020994,264,-144.72496032714844,max_hold,12,2016
SPGI,2016-11-28 00:00:00,2016-12-05 00:00:00,118.63680152893066,114.05143878173828,105,-481.4630884551996,regime_exit,7,2016
TMO,2016-11-28 00:00:00,2016-12-05 00:00:00,140.6006473388672,141.09724487304686,89,44.19718054199069,regime_exit,7,2016
MDT,2016-11-28 00:00:00,2016-12-05 00:00:00,74.13797785949707,71.52665817260743,168,-438.70170739746015,regime_exit,7,2016
CL,2016-11-28 00:00:00,2016-12-05 00:00:00,66.56286030578613,64.50073725891113,188,-387.67913281250026,regime_exit,7,2016
PEP,2016-11-29 00:00:00,2016-12-05 00:00:00,102.7450809173584,100.50857908630371,121,-270.6167215576165,regime_exit,6,2016
PCRX,2016-12-01 00:00:00,2016-12-05 00:00:00,30.611099235534667,30.788300380706787,409,72.47526837539701,regime_exit,4,2016
WDAY,2016-12-02 00:00:00,2016-12-05 00:00:00,71.54280152893067,73.53264030456543,175,348.22178573608403,regime_exit,3,2016
EOG,2017-03-27 00:00:00,2017-03-30 00:00:00,93.56675724792478,96.97565817260744,133,453.3838229827931,rsi_exit,3,2017
HUM,2017-03-27 00:00:00,2017-04-06 00:00:00,203.8869557189941,212.17480609130857,61,505.5588727111824,max_hold,10,2017
MO,2017-03-27 00:00:00,2017-04-06 00:00:00,73.34639694213867,71.27715817260743,170,-351.77059082031064,max_hold,10,2017
BA,2017-03-27 00:00:00,2017-04-06 00:00:00,176.45220611572265,177.01525512695312,70,39.41343078613329,max_hold,10,2017
WSO,2017-03-27 00:00:00,2017-04-06 00:00:00,143.6166618347168,140.9675,87,-230.47707962036222,max_hold,10,2017
TTD,2017-03-27 00:00:00,2017-04-06 00:00:00,3.729443883419037,3.763457908630371,3358,114.21909665966072,max_hold,10,2017
FDS,2017-03-28 00:00:00,2017-04-07 00:00:00,164.89914733886718,159.59018365478516,75,-398.1722763061512,max_hold,10,2017
GILD,2017-03-28 00:00:00,2017-04-07 00:00:00,67.23419847106933,66.44684182739257,186,-146.44833572387716,max_hold,10,2017
SAIC,2017-03-30 00:00:00,2017-04-10 00:00:00,75.11994122314454,72.4049030456543,166,-450.6963374633803,max_hold,11,2017
T,2017-04-06 00:00:00,2017-04-17 00:00:00,30.725983085632325,30.377190349578857,407,-141.95864357376163,max_hold,11,2017
CHRW,2017-04-06 00:00:00,2017-04-17 00:00:00,76.43255877685547,75.51865817260742,163,-148.96579849243312,max_hold,11,2017
VZ,2017-04-06 00:00:00,2017-04-17 00:00:00,48.52686030578613,48.712381370544435,258,47.86443470764269,max_hold,11,2017
IART,2017-04-06 00:00:00,2017-04-17 00:00:00,41.0619595413208,41.23735969543457,305,53.49704700469889,max_hold,11,2017
MDT,2017-04-06 00:00:00,2017-04-17 00:00:00,80.38044122314453,80.19928060913085,155,-28.079895172120004,max_hold,11,2017
MMM,2017-04-07 00:00:00,2017-04-17 00:00:00,159.17221646118165,158.8455516357422,78,-25.479856384277184,max_hold,10,2017
ZTS,2017-04-07 00:00:00,2017-04-17 00:00:00,52.6450809173584,53.393,237,177.25682258605957,max_hold,10,2017
MRK,2017-04-10 00:00:00,2017-04-20 00:00:00,59.8044860458374,59.56574558258057,209,-49.89675682067788,max_hold,10,2017
HALO,2017-04-17 00:00:00,2017-04-21 00:00:00,12.925799617767332,13.263419961929321,968,326.8164931488053,rsi_exit,4,2017
AMCR,2017-04-17 00:00:00,2017-04-26 00:00:00,56.3625,58.43289923858642,222,459.62863096618645,rsi_exit,9,2017
SNAP,2017-04-17 00:00:00,2017-04-26 00:00:00,19.979880535125734,21.536839923858643,626,974.6565773468016,rsi_exit,9,2017
HCA,2017-04-17 00:00:00,2017-04-27 00:00:00,85.82130152893066,83.27312243652344,145,-369.4859683990475,max_hold,10,2017
THC,2017-04-17 00:00:00,2017-04-27 00:00:00,16.112159923553467,15.439060266494751,777,-522.998433534622,max_hold,10,2017
SKY,2017-04-17 00:00:00,2017-04-27 00:00:00,6.112199904441834,6.227519771575928,2049,236.29040775775823,max_hold,10,2017
ABBV,2017-04-17 00:00:00,2017-04-27 00:00:00,64.43861755371094,65.93785969543457,194,290.8529754943837,rsi_exit,10,2017
UHS,2017-04-20 00:00:00,2017-05-01 00:00:00,119.36825724792479,120.19912243652342,104,86.40997961425819,max_hold,11,2017
IRTC,2017-04-21 00:00:00,2017-05-01 00:00:00,33.697261070251464,35.1795,371,549.9106429367057,max_hold,10,2017
HAL,2017-04-26 00:00:00,2017-05-01 00:00:00,47.08398168182373,45.67846045684814,266,-373.8686458435061,regime_exit,5,2017
FFIV,2017-04-27 00:00:00,2017-05-01 00:00:00,127.24397785949705,127.14520152282715,98,-9.680080993650193,regime_exit,4,2017
MAA,2017-04-27 00:00:00,2017-05-01 00:00:00,98.196,99.41078060913085,127,154.27713735961862,regime_exit,4,2017
OKE,2017-04-27 00:00:00,2017-05-01 00:00:00,53.116018318176266,52.913960456848145,235,-47.48359741210859,regime_exit,4,2017
VST,2017-04-27 00:00:00,2017-05-01 00:00:00,15.250440267562865,14.950039543151856,821,-246.62899474143853,regime_exit,4,2017
EXC,2017-04-27 00:00:00,2017-05-01 00:00:00,24.899914432525634,24.437475391387938,503,-232.60683769226097,regime_exit,4,2017
JNJ,2017-07-13 00:00:00,2017-07-19 00:00:00,132.12372061157225,134.93958670043946,94,264.69141235351776,rsi_exit,6,2017
TSLA,2017-07-13 00:00:00,2017-07-20 00:00:00,21.603788372039794,21.95067771911621,579,200.84893195724516,regime_exit,7,2017
HRL,2017-07-13 00:00:00,2017-07-20 00:00:00,32.775419082641605,32.86414030456543,382,33.891506774901714,regime_exit,7,2017
BMY,2017-07-13 00:00:00,2017-07-20 00:00:00,54.7793381652832,55.329118629455564,228,125.34994583129915,regime_exit,7,2017
T,2017-07-13 00:00:00,2017-07-20 00:00:00,27.403641597747804,27.527916034698485,457,56.79341768646151,regime_exit,7,2017
WELL,2017-07-13 00:00:00,2017-07-20 00:00:00,73.44660305786132,73.5525969543457,170,18.018962402344272,regime_exit,7,2017
VTR,2017-07-13 00:00:00,2017-07-20 00:00:00,67.65503663635253,68.26320152282715,185,112.51050399780311,regime_exit,7,2017
LVS,2017-07-14 00:00:00,2017-07-20 00:00:00,61.192139694213864,62.03567984771728,204,172.08219131469744,regime_exit,6,2017
CVS,2017-07-19 00:00:00,2017-07-20 00:00:00,77.54477938842773,77.00568365478516,161,-86.79441311645354,regime_exit,1,2017
NTAP,2017-08-17 00:00:00,2017-08-28 00:00:00,39.6391213760376,38.263320152282716,315,-433.37738548278844,max_hold,11,2017
DGX,2017-08-17 00:00:00,2017-08-28 00:00:00,105.58074275207521,106.8259209136963,118,146.93102307128788,rsi_exit,11,2017
RJF,2017-08-17 00:00:00,2017-08-28 00:00:00,51.936998725891115,52.17543878173828,241,57.46405345916652,max_hold,11,2017
MRK,2017-08-17 00:00:00,2017-08-28 00:00:00,59.12564847564697,60.29900588989258,211,247.57841440582325,rsi_exit,11,2017
PRU,2017-08-17 00:00:00,2017-08-28 00:00:00,102.8653236694336,102.47464030456543,121,-47.272687149048195,max_hold,11,2017
KKR,2017-08-17 00:00:00,2017-08-28 00:00:00,18.066060688018798,18.612699619293213,693,378.82077937316996,max_hold,11,2017
KR,2017-08-17 00:00:00,2017-08-28 00:00:00,22.905720611572264,21.676559314727783,546,-671.1220680770866,max_hold,11,2017
F,2017-08-17 00:00:00,2017-08-28 00:00:00,10.6612803440094,10.768419961929322,1174,125.7819114379879,max_hold,11,2017
EBAY,2017-08-28 00:00:00,2017-08-30 00:00:00,34.8796213760376,35.61861862945557,359,265.30001397705144,rsi_exit,2,2017
CPB,2017-08-28 00:00:00,2017-08-31 00:00:00,50.84148168182373,46.10760076141357,246,-1164.5347064208988,stop,3,2017
COP,2017-08-28 00:00:00,2017-09-06 00:00:00,43.136099235534665,44.969881370544435,290,531.7968191528332,rsi_exit,9,2017
KBH,2017-08-28 00:00:00,2017-09-07 00:00:00,21.412740840911866,21.187539543151857,584,-131.51755789184517,max_hold,10,2017
ALL,2017-08-28 00:00:00,2017-09-07 00:00:00,90.83130152893067,86.27709695434571,137,-623.9260267181392,max_hold,10,2017
LLY,2017-08-29 00:00:00,2017-09-07 00:00:00,78.70710305786133,81.3769209136963,159,424.5010390777593,rsi_exit,9,2017
TRV,2017-08-29 00:00:00,2017-09-08 00:00:00,123.25602214050295,119.52048213195802,101,-377.289540863038,max_hold,10,2017
CAG,2017-08-29 00:00:00,2017-09-08 00:00:00,32.49486030578613,34.431,385,745.4137822723376,max_hold,10,2017
GIS,2017-08-31 00:00:00,2017-09-11 00:00:00,53.36651831817627,55.66843878173828,234,538.649388473511,max_hold,11,2017
MDLZ,2017-08-31 00:00:00,2017-09-11 00:00:00,40.741319847106936,41.107618629455565,307,112.45372618102911,max_hold,11,2017
CNK,2017-09-07 00:00:00,2017-09-13 00:00:00,32.3545809173584,34.69047832489014,387,903.992296714783,rsi_exit,6,2017
TEAM,2017-09-06 00:00:00,2017-09-14 00:00:00,34.458779388427736,36.47689923858643,363,732.5775056076046,rsi_exit,8,2017
NRG,2017-09-08 00:00:00,2017-09-15 00:00:00,23.96784007644653,22.88414030456543,522,-565.6912809219345,regime_exit,7,2017
WBD,2017-09-08 00:00:00,2017-09-15 00:00:00,21.2925,21.896120532989503,588,354.9288733978275,regime_exit,7,2017
QCOM,2017-09-08 00:00:00,2017-09-15 00:00:00,49.73927938842773,52.08561862945557,251,588.9311494979864,regime_exit,7,2017
BK,2017-09-08 00:00:00,2017-09-15 00:00:00,50.530860305786135,51.45688137054444,247,228.72720299530067,regime_exit,7,2017
SAIC,2017-09-11 00:00:00,2017-09-15 00:00:00,61.432621376037595,63.15343878173828,203,349.3259333572392,regime_exit,4,2017
AMCR,2017-09-12 00:00:00,2017-09-15 00:00:00,63.97769847106934,63.72229847717285,195,-49.802998809815406,regime_exit,3,2017
PEG,2017-09-13 00:00:00,2017-09-15 00:00:00,45.5709595413208,45.72835969543457,274,43.12764222717193,regime_exit,2,2017
TMUS,2017-09-14 00:00:00,2017-09-15 00:00:00,61.292338165283205,61.04765817260742,204,-49.914718505860094,regime_exit,1,2017
NSC,2017-11-15 00:00:00,2017-11-27 00:00:00,126.67283816528322,127.22504335021972,98,54.11610812377671,max_hold,12,2017
CNK,2017-11-15 00:00:00,2017-11-27 00:00:00,33.80748168182373,34.830201522827146,370,378.4063411712635,max_hold,12,2017
FDX,2017-11-15 00:00:00,2017-11-27 00:00:00,214.87889694213868,217.43425512695313,58,148.2107747192382,max_hold,12,2017
DOV,2017-11-15 00:00:00,2017-11-27 00:00:00,75.02859526062012,76.09951774597168,166,177.77313256835885,max_hold,12,2017
PCTY,2017-11-15 00:00:00,2017-11-27 00:00:00,46.7833786239624,47.285241065979,267,133.99727201843274,max_hold,12,2017
KMI,2017-11-15 00:00:00,2017-11-27 00:00:00,17.0640606880188,16.926079086303712,733,-101.14051405715844,max_hold,12,2017
RS,2017-11-15 00:00:00,2017-11-27 00:00:00,74.53877938842774,75.73821939086915,168,201.50592041015625,max_hold,12,2017
TGT,2017-11-15 00:00:00,2017-11-27 00:00:00,54.26831984710693,55.72832015228271,230,335.80007019042995,max_hold,12,2017
LNC,2017-11-27 00:00:00,2017-11-29 00:00:00,73.40652214050293,76.3969030456543,170,508.36475387573273,rsi_exit,2,2017
HAL,2017-11-27 00:00:00,2017-12-05 00:00:00,41.152139694213865,43.542741065979,304,726.7428170166014,rsi_exit,8,2017
PLUG,2017-11-27 00:00:00,2017-12-06 00:00:00,2.334659923553467,2.335319914340973,5364,3.5401905841822057,rsi_exit,9,2017
EOG,2017-11-27 00:00:00,2017-12-07 00:00:00,100.01963969421386,99.52056121826172,125,-62.384809494018256,max_hold,10,2017
SLB,2017-11-27 00:00:00,2017-12-07 00:00:00,61.48272061157227,61.94585969543457,203,94.0172340240473,max_hold,10,2017
APA,2017-11-27 00:00:00,2017-12-07 00:00:00,39.93972061157226,40.548741065979,313,190.6234022293093,max_hold,10,2017
INTC,2017-11-27 00:00:00,2017-12-07 00:00:00,44.57898168182373,42.99384182739258,280,-443.8391592407214,max_hold,10,2017
KMI,2017-11-27 00:00:00,2017-12-07 00:00:00,16.9939190826416,17.32528060913086,737,244.21344502258495,rsi_exit,10,2017
EQR,2017-11-29 00:00:00,2017-12-11 00:00:00,66.87347785949707,65.78815817260742,187,-202.9547814483641,max_hold,12,2017
WMT,2017-12-07 00:00:00,2017-12-13 00:00:00,32.32451831817627,32.52149277496338,387,76.22911477661171,rsi_exit,6,2017
EIX,2017-12-05 00:00:00,2017-12-14 00:00:00,70.14,69.15142091369628,178,-175.96707736206142,regime_exit,9,2017
VEEV,2017-12-06 00:00:00,2017-12-14 00:00:00,54.108,55.46884182739258,231,314.3544621276868,regime_exit,8,2017
INTC,2017-12-07 00:00:00,2017-12-14 00:00:00,43.166161834716796,43.173478324890134,290,2.1217821502679612,regime_exit,7,2017
SYK,2017-12-07 00:00:00,2017-12-14 00:00:00,151.45229388427734,151.03731634521483,82,-34.02815820312543,regime_exit,7,2017
TNDM,2017-12-08 00:00:00,2017-12-14 00:00:00,2.4048000955581665,2.4550800380706788,5208,261.85794060516366,regime_exit,6,2017
PPL,2017-12-08 00:00:00,2017-12-14 00:00:00,34.569,33.732399238586424,362,-302.84947563171534,regime_exit,6,2017
ADI,2017-12-11 00:00:00,2017-12-14 00:00:00,85.97160305786133,85.26912243652343,145,-101.85969009399521,regime_exit,3,2017
MRVL,2017-12-13 00:00:00,2017-12-14 00:00:00,21.87365992355347,21.606699619293213,572,-152.70129403686605,regime_exit,1,2017
AMAT,2018-02-06 00:00:00,2018-02-08 00:00:00,50.3505,45.6585,248,-1163.616,stop,2,2018
ALGN,2018-02-06 00:00:00,2018-02-08 00:00:00,241.93289694213868,220.26858670043944,51,-1104.8798223266613,stop,2,2018
CBOE,2018-02-06 00:00:00,2018-02-09 00:00:00,117.17388244628904,106.89578060913085,106,-1089.478794738768,stop,3,2018
TRMB,2018-02-06 00:00:00,2018-02-16 00:00:00,40.400639694213865,39.39106121826172,310,-312.9693275451654,max_hold,10,2018
EXC,2018-02-06 00:00:00,2018-02-16 00:00:00,26.064864040374754,26.89332350540161,480,397.6605432128912,max_hold,10,2018
PNW,2018-02-06 00:00:00,2018-02-16 00:00:00,75.3103236694336,78.53262243652344,166,534.9015953369133,max_hold,10,2018
PSX,2018-02-06 00:00:00,2018-02-16 00:00:00,97.07375724792479,91.80601786804198,129,-679.5383800048828,max_hold,10,2018
STAG,2018-02-06 00:00:00,2018-02-16 00:00:00,23.777459541320802,23.981940685272217,526,107.5570817184446,max_hold,10,2018
PENN,2018-02-08 00:00:00,2018-02-20 00:00:00,27.16422061157226,28.393100761413574,461,566.5137490768452,max_hold,12,2018
GNRC,2018-02-08 00:00:00,2018-02-20 00:00:00,46.623058776855466,45.01978060913086,268,-429.6785489501938,max_hold,12,2018
HAL,2018-02-09 00:00:00,2018-02-20 00:00:00,46.79340076446533,47.065679847717284,267,72.69851522827122,max_hold,11,2018
PCRX,2018-02-16 00:00:00,2018-02-26 00:00:00,30.210299617767333,31.736399238586426,414,631.8052430191043,max_hold,10,2018
SHAK,2018-02-16 00:00:00,2018-02-26 00:00:00,38.10605877685547,38.922,328,267.62872119140496,max_hold,10,2018
ON,2018-02-16 00:00:00,2018-02-26 00:00:00,22.585080917358397,24.32126083755493,554,961.8436757888799,rsi_exit,10,2018
PCTY,2018-02-16 00:00:00,2018-02-26 00:00:00,45.2803786239624,47.215381370544435,276,534.0607580566419,max_hold,10,2018
OLN,2018-02-16 00:00:00,2018-02-26 00:00:00,32.7353381652832,33.043780609130856,382,117.82501354980351,max_hold,10,2018
STRL,2018-02-20 00:00:00,2018-03-02 00:00:00,12.214379579544067,12.135679847717284,1025,-80.66722512245215,max_hold,10,2018
WMT,2018-02-20 00:00:00,2018-03-02 00:00:00,31.432740840911865,29.530820152282715,398,-756.964434074402,max_hold,10,2018
KO,2018-02-20 00:00:00,2018-03-02 00:00:00,44.07798168182373,43.63256121826172,284,-126.49941165161047,rsi_exit,10,2018
MATX,2018-02-27 00:00:00,2018-03-09 00:00:00,29.0479797706604,29.959960456848144,431,393.06367574691717,max_hold,10,2018
KHC,2018-02-27 00:00:00,2018-03-09 00:00:00,68.0057427520752,67.09554335021973,184,-167.47668994140554,max_hold,10,2018
CVS,2018-02-27 00:00:00,2018-03-09 00:00:00,68.3865,69.13145664978028,183,136.32706690979083,max_hold,10,2018
HOG,2018-02-27 00:00:00,2018-03-09 00:00:00,45.631080917358396,44.26129847717285,274,-375.3203886108395,max_hold,10,2018
PENN,2018-02-27 00:00:00,2018-03-09 00:00:00,26.402700382232666,27.1955,474,375.7870188217158,max_hold,10,2018
AIG,2018-03-02 00:00:00,2018-03-12 00:00:00,56.62301831817627,56.49678060913086,221,-27.898533699036122,max_hold,10,2018
LOW,2018-03-02 00:00:00,2018-03-12 00:00:00,85.51067633056641,87.50464030456543,146,291.1187402038563,max_hold,10,2018
ULTA,2018-03-02 00:00:00,2018-03-12 00:00:00,194.388,207.20475512695313,64,820.2723281250001,rsi_exit,10,2018
AIG,2018-03-12 00:00:00,2018-03-15 00:00:00,56.723220611572266,54.550679847717284,220,-477.95896804809615,regime_exit,3,2018
NXPI,2018-03-12 00:00:00,2018-03-15 00:00:00,123.86724275207521,121.63623725891112,101,-225.33155480957316,regime_exit,3,2018
ET,2018-03-14 00:00:00,2018-03-15 00:00:00,15.190319847106933,14.510919961929321,824,-559.8255053863517,regime_exit,1,2018
OXY,2018-03-14 00:00:00,2018-03-15 00:00:00,64.1680809173584,63.78217984771729,195,-75.25070858001598,regime_exit,1,2018
WMT,2018-03-14 00:00:00,2018-03-15 00:00:00,29.281780025482178,29.11166007614136,427,-72.6412183685297,regime_exit,1,2018
HOG,2018-03-14 00:00:00,2018-03-15 00:00:00,43.5469190826416,43.33315817260742,287,-61.34938117981022,regime_exit,1,2018
GIS,2018-03-14 00:00:00,2018-03-15 00:00:00,51.9136213760376,50.82814030456543,241,-261.6009382247921,regime_exit,1,2018
KR,2018-03-14 00:00:00,2018-03-15 00:00:00,23.48688053512573,23.58273916244507,533,51.09264836120693,regime_exit,1,2018
C,2018-03-29 00:00:00,2018-04-09 00:00:00,67.635,69.30112243652344,185,308.23265075683594,max_hold,11,2018
HOLX,2018-03-29 00:00:00,2018-04-09 00:00:00,37.43472061157227,36.45693878173828,334,-326.57913116455154,max_hold,11,2018
APD,2018-03-29 00:00:00,2018-04-09 00:00:00,159.34805877685548,159.909535736084,78,43.79520281982411,max_hold,11,2018
WTW,2018-03-29 00:00:00,2018-04-09 00:00:00,152.49438244628905,145.708,82,-556.4833605957024,max_hold,11,2018
HIG,2018-03-29 00:00:00,2018-04-09 00:00:00,51.6230404586792,51.097600761413574,242,-127.1564067382813,max_hold,11,2018
TTD,2018-03-29 00:00:00,2018-04-09 00:00:00,4.9719238929748535,4.7844121484756466,2519,-472.34208439350226,max_hold,11,2018
SFM,2018-03-29 00:00:00,2018-04-09 00:00:00,23.5169393119812,23.55280038070679,532,19.078088562012596,max_hold,11,2018
SHW,2018-03-29 00:00:00,2018-04-09 00:00:00,130.9680783691406,129.44725170898437,95,-144.47853271484334,max_hold,11,2018
CMC,2018-04-11 00:00:00,2018-04-17 00:00:00,19.869659923553467,21.24742091369629,630,867.9894237899774,rsi_exit,6,2018
IONS,2018-04-11 00:00:00,2018-04-19 00:00:00,43.63709923553467,45.75829847717285,287,608.7841823501578,rsi_exit,8,2018
CBOE,2018-04-10 00:00:00,2018-04-20 00:00:00,110.50055877685547,109.93968365478516,113,-63.37888879394549,max_hold,10,2018
DOV,2018-04-10 00:00:00,2018-04-20 00:00:00,76.51783488464355,77.40546385192872,163,144.6835216674822,max_hold,10,2018
ENPH,2018-04-10 00:00:00,2018-04-20 00:00:00,4.008,4.900179847717285,3125,2788.0620241165166,rsi_exit,10,2018
SNAP,2018-04-11 00:00:00,2018-04-20 00:00:00,14.829600191116333,15.169599809646606,844,286.95967803955034,rsi_exit,9,2018
LNC,2018-04-11 00:00:00,2018-04-23 00:00:00,68.14602214050294,72.07556121826173,183,719.1056512298585,rsi_exit,12,2018
LBRDA,2018-04-11 00:00:00,2018-04-23 00:00:00,76.35671617126465,77.35201261901855,164,163.2286174316398,max_hold,12,2018
METC,2018-04-20 00:00:00,2018-04-26 00:00:00,6.193157738685608,6.8018430852890015,2022,1230.7617708320615,rsi_exit,6,2018
D,2018-04-17 00:00:00,2018-04-27 00:00:00,65.82138244628906,66.21729847717285,190,75.22404586791865,max_hold,10,2018
CLX,2018-04-19 00:00:00,2018-04-27 00:00:00,119.3983236694336,118.07337756347658,104,-137.79439501952913,regime_exit,8,2018
HOG,2018-04-23 00:00:00,2018-04-27 00:00:00,41.09201831817627,41.73635969543457,304,195.8797786865232,regime_exit,4,2018
SJM,2018-04-23 00:00:00,2018-04-27 00:00:00,114.79913969421386,115.94764030456543,109,125.18656652832021,regime_exit,4,2018
CL,2018-04-23 00:00:00,2018-04-27 00:00:00,66.50274275207519,66.44684182739257,188,-10.50937384033216,regime_exit,4,2018
CHD,2018-04-23 00:00:00,2018-04-27 00:00:00,45.50081984710693,46.68643878173828,275,326.04520702362123,regime_exit,4,2018
KIM,2018-04-23 00:00:00,2018-04-27 00:00:00,13.3867196559906,14.660619581222534,935,1191.096430091858,rsi_exit,4,2018
KNX,2018-04-26 00:00:00,2018-04-27 00:00:00,39.378599235534665,38.82220152282715,318,-176.93447264098972,regime_exit,1,2018
CME,2018-05-08 00:00:00,2018-05-17 00:00:00,158.77692672729492,160.3785969543457,78,124.93027770996156,rsi_exit,9,2018
EBAY,2018-05-08 00:00:00,2018-05-18 00:00:00,38.176198471069334,38.24335969543457,328,22.02888159179747,rsi_exit,10,2018
PRGO,2018-05-08 00:00:00,2018-05-18 00:00:00,74.649,76.0575790863037,167,235.23270741271847,max_hold,10,2018
CHTR,2018-05-08 00:00:00,2018-05-18 00:00:00,271.55202978515626,269.6296734008789,46,-88.4283936767581,max_hold,10,2018
PCG,2018-05-08 00:00:00,2018-05-18 00:00:00,42.8555404586792,42.694438781738285,292,-47.041689666747516,max_hold,10,2018
FSLR,2018-05-08 00:00:00,2018-05-18 00:00:00,67.39452214050293,69.86,185,456.1134040069581,max_hold,10,2018
EIX,2018-05-08 00:00:00,2018-05-18 00:00:00,61.23222061157227,61.1275,204,-21.363004760742825,max_hold,10,2018
D,2018-05-08 00:00:00,2018-05-18 00:00:00,63.26627938842773,63.16342091369629,197,-20.26311952209391,max_hold,10,2018
WEC,2018-05-17 00:00:00,2018-05-24 00:00:00,60.510779388427736,62.02570152282715,206,312.07395968627907,regime_exit,7,2018
PEG,2018-05-18 00:00:00,2018-05-24 00:00:00,49.8294595413208,51.82614030456543,251,501.16687157440117,regime_exit,6,2018
REG,2018-05-18 00:00:00,2018-05-24 00:00:00,55.81140076446533,57.265241065979005,224,325.6602275390626,regime_exit,6,2018
D,2018-05-18 00:00:00,2018-05-24 00:00:00,63.416580917358395,63.872,197,89.71755928039613,regime_exit,6,2018
SJM,2018-05-21 00:00:00,2018-05-24 00:00:00,108.50658091735839,109.62031634521485,115,128.07957420349226,regime_exit,3,2018
MAA,2018-05-21 00:00:00,2018-05-24 00:00:00,88.7671763305664,90.69823725891112,141,272.2795908966056,regime_exit,3,2018
NI,2018-05-22 00:00:00,2018-05-24 00:00:00,24.448799617767335,24.800300380706787,512,179.9683906249993,regime_exit,2,2018
EQIX,2018-05-22 00:00:00,2018-05-24 00:00:00,383.95638244628907,386.226,32,72.62776171874975,regime_exit,2,2018
UHS,2018-06-29 00:00:00,2018-07-09 00:00:00,111.66288244628905,113.60234182739256,112,217.219450683594,max_hold,10,2018
THC,2018-06-29 00:00:00,2018-07-09 00:00:00,33.637139694213865,35.429,372,666.5720337524432,max_hold,10,2018
KNX,2018-06-29 00:00:00,2018-07-09 00:00:00,38.2864190826416,38.77229847717285,327,158.88256201171964,max_hold,10,2018
AVGO,2018-06-29 00:00:00,2018-07-09 00:00:00,24.312527938842774,24.69351403045654,515,196.20783718109016,max_hold,10,2018
EL,2018-06-29 00:00:00,2018-07-09 00:00:00,142.97538244628907,142.35471939086915,87,-53.99768582153348,max_hold,10,2018
LH,2018-06-29 00:00:00,2018-07-09 00:00:00,154.54386813354492,156.15613229370118,81,130.59339697265688,max_hold,10,2018
EPD,2018-06-29 00:00:00,2018-07-09 00:00:00,27.725340076446532,27.864160076141356,451,62.60781986236585,max_hold,10,2018
HPQ,2018-06-29 00:00:00,2018-07-09 00:00:00,22.73538053512573,23.323260837554933,550,323.334166336061,max_hold,10,2018
NDAQ,2018-07-10 00:00:00,2018-07-16 00:00:00,30.313838802337646,31.234073764801025,413,380.0570394973755,rsi_exit,6,2018
IAC,2018-07-09 00:00:00,2018-07-18 00:00:00,27.82294892120361,27.389047523498537,450,-195.25562896728363,rsi_exit,9,2018
HALO,2018-07-10 00:00:00,2018-07-18 00:00:00,17.23440076446533,17.474980228424073,726,174.66069083404668,rsi_exit,8,2018
SCHW,2018-07-10 00:00:00,2018-07-18 00:00:00,51.21222061157226,54.11156121826172,244,707.4391080322274,rsi_exit,8,2018
TSLA,2018-07-09 00:00:00,2018-07-19 00:00:00,21.276467250823973,21.30596981048584,588,17.347505081178312,max_hold,10,2018
SHAK,2018-07-10 00:00:00,2018-07-19 00:00:00,63.82740076446533,68.47278060913087,196,910.4944495544447,rsi_exit,9,2018
VLO,2018-07-10 00:00:00,2018-07-19 00:00:00,108.83724275207521,106.786,115,-235.8929164886493,regime_exit,9,2018
ODFL,2018-07-11 00:00:00,2018-07-19 00:00:00,48.727261070251465,49.61723384094238,257,228.7230020675658,regime_exit,8,2018
TSN,2018-07-16 00:00:00,2018-07-19 00:00:00,65.99172061157226,64.77020152282715,189,-230.86710777282607,regime_exit,3,2018
PEG,2018-07-18 00:00:00,2018-07-19 00:00:00,51.8535,52.06565817260742,241,51.13011959838918,regime_exit,1,2018
XPO,2018-10-17 00:00:00,2018-10-23 00:00:00,34.86249353027344,31.627214435577393,359,-1161.465194995881,stop,6,2018
URBN,2018-10-16 00:00:00,2018-10-26 00:00:00,37.905661834716796,38.52279847717285,330,203.65509201049753,max_hold,10,2018
NKE,2018-10-17 00:00:00,2018-10-29 00:00:00,76.63296336364746,72.04562243652343,163,-747.7365711212173,max_hold,12,2018
AVAV,2018-10-17 00:00:00,2018-10-29 00:00:00,95.70102214050294,85.47870152282715,130,-1328.9016802978529,stop,12,2018
RTX,2018-10-17 00:00:00,2018-10-29 00:00:00,82.02022700500488,76.05275172424317,152,-907.0562426757812,max_hold,12,2018
OMCL,2018-10-17 00:00:00,2018-10-29 00:00:00,65.40053663635254,67.3150969543457,191,365.68102073669434,max_hold,12,2018
ETSY,2018-10-17 00:00:00,2018-10-29 00:00:00,43.2563381652832,38.892061218261716,289,-1261.2760376892097,stop,12,2018
NDAQ,2018-10-17 00:00:00,2018-10-29 00:00:00,26.930420356750492,27.97061330795288,465,483.68972230911095,max_hold,12,2018
GE,2018-10-26 00:00:00,2018-10-30 00:00:00,54.26285009765625,48.68943997955322,230,-1281.884327163696,stop,4,2018
MPC,2018-10-23 00:00:00,2018-11-02 00:00:00,72.23417633056641,69.35101786804199,173,-498.78641401672473,max_hold,10,2018
BA,2018-10-29 00:00:00,2018-11-07 00:00:00,336.2611763305664,371.27594903564454,37,1295.5465900878912,rsi_exit,9,2018
SHAK,2018-10-29 00:00:00,2018-11-08 00:00:00,50.170139694213866,50.74829847717285,249,143.96153695678768,max_hold,10,2018
LVS,2018-10-29 00:00:00,2018-11-08 00:00:00,50.831459541320804,53.60257908630371,246,681.6954080657956,max_hold,10,2018
PENN,2018-10-29 00:00:00,2018-11-08 00:00:00,22.424759159088136,21.646620532989502,558,-434.20135336303804,max_hold,10,2018
CNC,2018-10-29 00:00:00,2018-11-08 00:00:00,62.56988969421387,71.6813469543457,200,1822.2914520263657,max_hold,10,2018
FCX,2018-10-29 00:00:00,2018-11-08 00:00:00,11.112180152893066,11.906140304565428,1127,894.793090934752,max_hold,10,2018
IART,2018-11-01 00:00:00,2018-11-12 00:00:00,54.558900764465335,53.892,229,-152.72027506256103,max_hold,11,2018
WING,2018-11-02 00:00:00,2018-11-12 00:00:00,62.53481984710693,66.69634182739257,200,832.3043960571283,max_hold,10,2018
PCG,2018-11-09 00:00:00,2018-11-12 00:00:00,39.9998381652832,32.91403954315186,313,-2217.85496872711,stop,3,2018
SMCI,2018-11-08 00:00:00,2018-11-16 00:00:00,1.1673299617767332,1.4271399476528168,10729,2787.5013384645013,rsi_exit,8,2018
WSO,2018-11-12 00:00:00,2018-11-16 00:00:00,143.13570611572266,147.07525512695312,87,342.74076397705073,rsi_exit,4,2018
QCOM,2018-11-08 00:00:00,2018-11-19 00:00:00,58.166099235534666,54.79020152282715,215,-725.8180082321168,max_hold,11,2018
APA,2018-11-08 00:00:00,2018-11-19 00:00:00,36.0920404586792,36.45693878173828,347,126.6197181015008,max_hold,11,2018
METC,2018-11-08 00:00:00,2018-11-19 00:00:00,5.928994354248047,5.38885270023346,2112,-1140.779173278809,stop,11,2018
IMAX,2018-11-09 00:00:00,2018-11-19 00:00:00,19.21836030578613,19.101719390869143,651,-75.93323561095964,max_hold,10,2018
IART,2018-11-12 00:00:00,2018-11-23 00:00:00,54.108,52.99379847717285,231,-257.3805517730704,max_hold,11,2018
PEG,2018-11-13 00:00:00,2018-11-23 00:00:00,53.607,53.12353954315186,233,-112.64628644561719,max_hold,10,2018
MO,2018-11-16 00:00:00,2018-11-26 00:00:00,56.89355877685547,53.10357908630371,220,-833.7955319213872,max_hold,10,2018
PM,2018-11-16 00:00:00,2018-11-26 00:00:00,86.5026618347168,83.67231634521484,144,-407.56975048828303,max_hold,10,2018
TJX,2018-11-19 00:00:00,2018-11-27 00:00:00,49.057919082641604,45.458899238586426,255,-917.7500602340704,regime_exit,8,2018
URBN,2018-11-19 00:00:00,2018-11-27 00:00:00,35.681220611572265,37.075701522827146,351,489.4627998504632,regime_exit,8,2018
ZG,2018-11-19 00:00:00,2018-11-27 00:00:00,27.054,33.063741065979,462,2776.5003724822996,regime_exit,8,2018
BE,2018-11-19 00:00:00,2018-11-27 00:00:00,14.529,14.471,862,-49.99599999999985,regime_exit,8,2018
CMA,2018-11-23 00:00:00,2018-11-27 00:00:00,78.5267427520752,79.17134182739258,159,102.49125297546459,regime_exit,4,2018
WSM,2018-11-23 00:00:00,2018-11-27 00:00:00,26.7934797706604,27.594699619293213,467,374.1696693115231,regime_exit,4,2018
WMT,2018-11-26 00:00:00,2018-11-27 00:00:00,31.780100509643553,31.61664030456543,394,-64.40332080078085,regime_exit,1,2018
PM,2018-11-26 00:00:00,2018-11-27 00:00:00,84.00767633056641,84.8799030456543,149,129.9617805480957,regime_exit,1,2018
D,2019-01-29 00:00:00,2019-02-01 00:00:00,68.82738244628906,70.82806121826172,181,362.12285772705127,rsi_exit,3,2019
MRNA,2019-01-29 00:00:00,2019-02-06 00:00:00,14.6592601146698,18.103719390869145,854,2941.56822187424,rsi_exit,8,2019
PFE,2019-01-28 00:00:00,2019-02-07 00:00:00,37.57975497436524,39.48444097900391,333,634.2604395446771,max_hold,10,2019
ABBV,2019-01-28 00:00:00,2019-02-07 00:00:00,77.29427938842774,79.01165817260743,162,278.2153630371092,max_hold,10,2019
VZ,2019-01-29 00:00:00,2019-02-08 00:00:00,53.386558776855466,53.842100761413576,234,106.59682438659772,max_hold,10,2019
BE,2019-01-29 00:00:00,2019-02-08 00:00:00,9.8997601146698,10.039880418777466,1265,177.25218469619827,max_hold,10,2019
PLUG,2019-01-29 00:00:00,2019-02-08 00:00:00,1.4027999761104584,1.3373200333118438,8928,-584.604929306031,max_hold,10,2019
CROX,2019-01-30 00:00:00,2019-02-11 00:00:00,28.5469797706604,26.65657908630371,438,-827.9954997482295,max_hold,12,2019
TXRH,2019-02-01 00:00:00,2019-02-11 00:00:00,60.90155877685547,63.872,205,608.9404507446293,max_hold,10,2019
MATX,2019-02-08 00:00:00,2019-02-13 00:00:00,32.104080917358395,34.03179847717285,390,751.8098483276369,rsi_exit,5,2019
KR,2019-02-08 00:00:00,2019-02-14 00:00:00,27.885659923553465,28.90207908630371,449,456.3722040748605,rsi_exit,6,2019
GNRC,2019-02-07 00:00:00,2019-02-19 00:00:00,49.9096213760376,52.634521675109866,250,681.2250747680669,max_hold,12,2019
AMGN,2019-02-07 00:00:00,2019-02-19 00:00:00,184.5984557189941,186.59606121826172,67,133.8395684509306,max_hold,12,2019
BIIB,2019-02-07 00:00:00,2019-02-19 00:00:00,309.3474710083008,332.334,40,919.4611596679692,max_hold,12,2019
SCHW,2019-02-08 00:00:00,2019-02-19 00:00:00,44.84951831817627,46.96588137054443,279,590.465291610716,max_hold,11,2019
CME,2019-02-11 00:00:00,2019-02-21 00:00:00,177.67464733886717,176.13702548217773,70,-107.63352996826086,max_hold,10,2019
CNK,2019-02-11 00:00:00,2019-02-21 00:00:00,36.60305877685547,36.82620152282715,342,76.314819122314,max_hold,10,2019
CWEN,2019-02-13 00:00:00,2019-02-25 00:00:00,13.426799617767331,14.510919961929321,932,1010.4001607589747,max_hold,12,2019
XPO,2019-02-15 00:00:00,2019-02-25 00:00:00,18.009977600097656,17.661951042175293,695,-241.87845775604254,max_hold,10,2019
URBN,2019-02-20 00:00:00,2019-03-04 00:00:00,30.240360305786133,30.139600761413575,414,-41.714451370238905,max_hold,12,2019
NBIX,2019-02-20 00:00:00,2019-03-04 00:00:00,79.51872061157226,78.74220152282714,157,-121.91349693298358,max_hold,12,2019
PSA,2019-02-21 00:00:00,2019-03-04 00:00:00,200.8809557189941,211.92530609130856,62,684.7497230834962,max_hold,11,2019
CNK,2019-02-21 00:00:00,2019-03-04 00:00:00,36.973801528930665,39.11161862945556,338,722.5821799774158,rsi_exit,11,2019
CELH,2019-02-21 00:00:00,2019-03-04 00:00:00,1.169000318527222,1.1643336505889894,10714,-49.99868029022365,max_hold,11,2019
ANF,2019-02-21 00:00:00,2019-03-04 00:00:00,20.0700606880188,21.546820152282717,624,921.4979057006844,max_hold,11,2019
METC,2019-02-25 00:00:00,2019-03-07 00:00:00,5.175639570236206,5.17446814250946,2419,-2.8336836709981696,max_hold,10,2019
CG,2019-02-25 00:00:00,2019-03-07 00:00:00,18.086099235534668,17.554820152282716,692,-367.6451256103511,max_hold,10,2019
IAC,2019-03-04 00:00:00,2019-03-14 00:00:00,37.77416997528076,37.043703117370605,331,-241.78452996826255,max_hold,10,2019
CVS,2019-03-04 00:00:00,2019-03-14 00:00:00,56.0719190826416,55.768241065979005,223,-67.72019771575859,max_hold,10,2019
XPO,2019-03-04 00:00:00,2019-03-14 00:00:00,16.821325744628908,17.334048286437987,744,381.4655711059552,max_hold,10,2019
AON,2019-03-05 00:00:00,2019-03-15 00:00:00,157.5645,169.66,79,955.544499999999,max_hold,10,2019
ARCB,2019-03-05 00:00:00,2019-03-15 00:00:00,33.82751831817627,33.03379847717285,370,-293.6763411712638,max_hold,10,2019
JBHT,2019-03-05 00:00:00,2019-03-15 00:00:00,103.05569847106933,103.09340304565428,121,4.562253524778953,max_hold,10,2019
SWKS,2019-03-07 00:00:00,2019-03-15 00:00:00,79.659,83.59248213195801,157,617.5566947174062,rsi_exit,8,2019
TXRH,2019-03-07 00:00:00,2019-03-18 00:00:00,60.5608786239624,60.688381370544434,206,26.265565795898496,max_hold,11,2019
SPG,2019-03-18 00:00:00,2019-03-21 00:00:00,174.6786618347168,177.8236326904297,71,223.2929307556158,rsi_exit,3,2019
PENN,2019-03-14 00:00:00,2019-03-22 00:00:00,21.90372061157226,20.149620532989502,571,-1001.5911448707554,regime_exit,8,2019
ZG,2019-03-14 00:00:00,2019-03-22 00:00:00,37.68522061157226,35.029798477172854,332,-881.6001486206037,regime_exit,8,2019
EXP,2019-03-14 00:00:00,2019-03-22 00:00:00,71.7732572479248,71.1474209136963,174,-108.89552215576063,regime_exit,8,2019
TREX,2019-03-15 00:00:00,2019-03-22 00:00:00,35.16519122314453,31.042789543151855,356,-1467.574998077393,stop,7,2019
DECK,2019-03-15 00:00:00,2019-03-22 00:00:00,23.675588802337646,23.371496387481688,529,-160.86488745880195,regime_exit,7,2019
AXON,2019-03-15 00:00:00,2019-03-22 00:00:00,48.0559190826416,51.94589923858643,260,1011.3948405456549,regime_exit,7,2019
RH,2019-03-15 00:00:00,2019-03-22 00:00:00,134.37822061157226,130.80786730957033,93,-332.0428570861798,regime_exit,7,2019
BIIB,2019-03-21 00:00:00,2019-03-22 00:00:00,227.33376489257813,216.27658670043945,55,-608.1448005676273,regime_exit,1,2019
ADI,2019-05-14 00:00:00,2019-05-20 00:00:00,106.9635,97.305,117,-1130.0444999999988,stop,6,2019
WERN,2019-05-14 00:00:00,2019-05-21 00:00:00,31.8235202293396,34.051758934020995,393,875.6978109397883,rsi_exit,7,2019
UHS,2019-05-14 00:00:00,2019-05-22 00:00:00,122.7850809173584,125.18912243652342,102,245.212234954832,rsi_exit,8,2019
EIX,2019-05-14 00:00:00,2019-05-22 00:00:00,59.969698471069336,61.02770152282715,208,220.06463476562556,rsi_exit,8,2019
BLK,2019-05-14 00:00:00,2019-05-24 00:00:00,446.75170532226565,434.88848974609374,28,-332.1700361328135,max_hold,10,2019
ODFL,2019-05-14 00:00:00,2019-05-24 00:00:00,48.192861579895016,46.06767984771729,259,-550.4220686340319,max_hold,10,2019
TDY,2019-05-14 00:00:00,2019-05-24 00:00:00,237.41388244628905,239.26052548217777,52,96.02543786621334,max_hold,10,2019
PRIM,2019-05-14 00:00:00,2019-05-24 00:00:00,20.2905,18.762399238586426,617,-942.8381697921764,max_hold,10,2019
AVGO,2019-05-20 00:00:00,2019-05-30 00:00:00,27.313518779754634,25.610676654815673,458,-779.9016932220441,max_hold,10,2019
KHC,2019-05-24 00:00:00,2019-05-30 00:00:00,31.17222061157226,27.34519961929321,401,-1534.6354179038988,stop,6,2019
CVS,2019-05-21 00:00:00,2019-05-31 00:00:00,53.6270404586792,52.265258934021,233,-317.29509524536024,max_hold,10,2019
PSTG,2019-05-22 00:00:00,2019-06-03 00:00:00,15.531,15.668599809646606,806,110.90544657516409,max_hold,12,2019
TSLA,2019-05-22 00:00:00,2019-06-03 00:00:00,12.87436447906494,11.90746992301941,972,-939.8215084762564,max_hold,12,2019
CMG,2019-05-24 00:00:00,2019-06-03 00:00:00,13.27770212173462,12.80753405380249,943,-443.36848805999887,max_hold,10,2019
JBHT,2019-05-24 00:00:00,2019-06-03 00:00:00,89.43852214050293,85.11942091369629,140,-604.6741717529292,max_hold,10,2019
CI,2019-05-24 00:00:00,2019-06-03 00:00:00,149.77895571899415,150.10918365478517,83,27.40891867065426,max_hold,10,2019
MRNA,2019-05-31 00:00:00,2019-06-05 00:00:00,20.8215606880188,17.664600761413574,601,-1897.3329158897402,stop,5,2019
PRGO,2019-05-30 00:00:00,2019-06-10 00:00:00,43.166161834716796,43.72238137054443,290,161.30366539001471,max_hold,11,2019
WAL,2019-05-30 00:00:00,2019-06-10 00:00:00,42.51486030578613,43.82217984771729,294,384.3519453277603,max_hold,11,2019
CNP,2019-06-03 00:00:00,2019-06-13 00:00:00,28.717319847106932,29.20148022842407,436,211.09392625427256,max_hold,10,2019
GOOGL,2019-06-03 00:00:00,2019-06-13 00:00:00,52.04087427520752,54.44139796447754,240,576.125685424804,max_hold,10,2019
CNK,2019-06-04 00:00:00,2019-06-14 00:00:00,38.35655877685547,38.06371939086914,326,-95.46563983154469,max_hold,10,2019
FANG,2019-06-04 00:00:00,2019-06-14 00:00:00,99.3282572479248,98.75209695434572,126,-72.59619699096396,max_hold,10,2019
SLB,2019-06-04 00:00:00,2019-06-14 00:00:00,35.8014595413208,35.85814030456543,349,19.78158637237533,max_hold,10,2019
METC,2019-06-11 00:00:00,2019-06-14 00:00:00,5.3713164167404175,4.911359778404236,2331,-1072.1589239616385,stop,3,2019
PM,2019-06-05 00:00:00,2019-06-17 00:00:00,77.4045,77.834017868042,161,69.15237675476168,max_hold,12,2019
BE,2019-06-11 00:00:00,2019-06-17 00:00:00,10.500959541320801,11.766419961929321,1192,1508.4288213653554,rsi_exit,6,2019
SPG,2019-06-14 00:00:00,2019-06-18 00:00:00,163.2458381652832,165.79774487304687,76,193.94490979003842,rsi_exit,4,2019
ESTC,2019-06-14 00:00:00,2019-06-18 00:00:00,74.61894122314453,75.72823725891114,167,185.25243797302295,regime_exit,4,2019
AVAV,2019-06-17 00:00:00,2019-06-18 00:00:00,61.61298168182373,61.327100761413575,203,-58.033826843261984,regime_exit,1,2019
KHC,2019-08-08 00:00:00,2019-08-13 00:00:00,28.2764393119812,25.90807908630371,442,-1046.8152197494499,stop,5,2019
NUE,2019-08-08 00:00:00,2019-08-15 00:00:00,52.274338165283204,47.61457908630371,239,-1113.6824198760983,stop,7,2019
FCX,2019-08-08 00:00:00,2019-08-15 00:00:00,10.1402398853302,8.972019771575928,1235,-1442.7518404865255,stop,7,2019
WBD,2019-08-08 00:00:00,2019-08-15 00:00:00,29.729340076446533,27.115660076141356,421,-1100.3592801284794,stop,7,2019
SCHW,2019-08-08 00:00:00,2019-08-19 00:00:00,37.52490076446533,37.624600761413575,333,33.2000989837659,max_hold,11,2019
BA,2019-08-08 00:00:00,2019-08-19 00:00:00,337.02270611572266,333.11243878173826,37,-144.67989135742255,max_hold,11,2019
CFG,2019-08-08 00:00:00,2019-08-19 00:00:00,33.567,32.88410076141358,373,-254.72141599273561,max_hold,11,2019
HAL,2019-08-09 00:00:00,2019-08-19 00:00:00,19.5590404586792,19.291339923858644,640,-171.3283422851555,max_hold,10,2019
PCG,2019-08-15 00:00:00,2019-08-19 00:00:00,14.418780344009399,10.648660076141356,868,-3272.464392509461,stop,4,2019
ABBV,2019-08-15 00:00:00,2019-08-21 00:00:00,63.1059595413208,67.40492091369629,198,851.1943517303464,rsi_exit,6,2019
ESTC,2019-08-13 00:00:00,2019-08-23 00:00:00,86.5828236694336,80.28909695434571,144,-906.2966469726555,max_hold,10,2019
GE,2019-08-19 00:00:00,2019-08-23 00:00:00,43.29887301635742,39.644109405517575,289,-1056.2266835327148,stop,4,2019
PCRX,2019-08-15 00:00:00,2019-08-26 00:00:00,39.0178786239624,36.906039543151856,321,-677.9003449401857,max_hold,11,2019
DVN,2019-08-19 00:00:00,2019-08-27 00:00:00,23.3165404586792,21.297320152282715,537,-1084.3213045349119,stop,8,2019
CZR,2019-08-19 00:00:00,2019-08-29 00:00:00,39.8094595413208,38.62260076141357,314,-372.6736568908689,max_hold,10,2019
ALGN,2019-08-19 00:00:00,2019-08-29 00:00:00,177.97523510742187,179.5900969543457,70,113.0403292846691,max_hold,10,2019
EXP,2019-08-19 00:00:00,2019-08-29 00:00:00,80.52072061157227,83.47271939086914,155,457.55981079101514,max_hold,10,2019
OXY,2019-08-21 00:00:00,2019-09-03 00:00:00,45.150121376037596,42.59464030456543,277,-707.8682567977899,max_hold,13,2019
F,2019-08-26 00:00:00,2019-09-04 00:00:00,8.837639694213868,9.181599809646606,1417,487.39148356818987,rsi_exit,9,2019
JAZZ,2019-08-26 00:00:00,2019-09-05 00:00:00,129.2479855041504,126.52643878173828,96,-261.26848535156296,max_hold,10,2019
IR,2019-08-26 00:00:00,2019-09-05 00:00:00,28.2764393119812,28.203480228424073,442,-32.247914932249934,max_hold,10,2019
RUN,2019-08-27 00:00:00,2019-09-05 00:00:00,14.869680152893066,15.269400190353393,842,336.5642715415951,rsi_exit,9,2019
PANW,2019-09-03 00:00:00,2019-09-06 00:00:00,33.25470826721192,35.914694297790525,376,1000.1547474975566,rsi_exit,3,2019
ULTA,2019-08-30 00:00:00,2019-09-09 00:00:00,238.2054557189941,225.70768365478511,52,-649.8841473388674,max_hold,10,2019
ACAD,2019-09-03 00:00:00,2019-09-09 00:00:00,25.3105202293396,38.77229847717285,494,6650.118454429628,rsi_exit,6,2019
TEAM,2019-09-03 00:00:00,2019-09-11 00:00:00,132.15377938842772,122.59431634521485,94,-898.58952606201,regime_exit,8,2019
CBOE,2019-09-05 00:00:00,2019-09-11 00:00:00,119.4484190826416,114.76001786804198,104,-487.5937263183607,regime_exit,6,2019
RARE,2019-09-06 00:00:00,2019-09-11 00:00:00,44.84951831817627,44.91997832489014,279,19.658341873168517,regime_exit,5,2019
IONS,2019-09-06 00:00:00,2019-09-11 00:00:00,61.8735,64.70034182739258,202,571.0220491333007,regime_exit,5,2019
ZG,2019-09-06 00:00:00,2019-09-11 00:00:00,31.502880535125733,32.814241065979004,397,520.6101307487487,regime_exit,5,2019
JAZZ,2019-09-06 00:00:00,2019-09-11 00:00:00,126.7129190826416,133.0833060913086,98,624.2979268493655,regime_exit,5,2019
CHD,2019-09-09 00:00:00,2019-09-11 00:00:00,73.78727938842773,71.72626274108887,169,-348.3118134002674,regime_exit,2,2019
JNJ,2019-09-09 00:00:00,2019-09-11 00:00:00,127.20389694213868,130.90765817260743,98,362.96860058593677,regime_exit,2,2019
HCA,2019-10-09 00:00:00,2019-10-15 00:00:00,117.78510305786132,121.26698213195802,106,369.0791818542498,rsi_exit,6,2019
ARES,2019-10-15 00:00:00,2019-10-18 00:00:00,26.7934797706604,27.794300380706787,467,467.3832248916622,rsi_exit,3,2019
KR,2019-10-09 00:00:00,2019-10-21 00:00:00,24.5790606880188,24.061780609130857,509,-263.29556015396287,max_hold,12,2019
FSLR,2019-10-09 00:00:00,2019-10-21 00:00:00,56.31240076446533,56.227320152282715,222,-18.8878959045406,max_hold,12,2019
LLY,2019-10-09 00:00:00,2019-10-21 00:00:00,107.51460305786131,107.69418365478515,116,20.83134924316562,max_hold,12,2019
SHAK,2019-10-09 00:00:00,2019-10-21 00:00:00,93.46655877685546,92.70421939086914,134,-102.15347772216725,max_hold,12,2019
BJ,2019-10-09 00:00:00,2019-10-21 00:00:00,24.198299617767333,25.319260837554932,517,579.5369506301887,max_hold,12,2019
IMAX,2019-10-10 00:00:00,2019-10-21 00:00:00,20.621159923553467,20.798320152282717,607,107.53625883865446,max_hold,11,2019
CNK,2019-10-10 00:00:00,2019-10-21 00:00:00,35.951761070251465,36.13757908630371,348,64.6646695861813,max_hold,11,2019
BA,2019-10-18 00:00:00,2019-10-28 00:00:00,344.688,340.19824487304686,36,-161.6311845703126,max_hold,10,2019
ULTA,2019-10-21 00:00:00,2019-10-28 00:00:00,235.77060305786134,241.25652548217775,53,290.7538884887699,rsi_exit,7,2019
PNW,2019-10-21 00:00:00,2019-10-29 00:00:00,94.17797785949706,92.89384182739256,132,-169.50595623779384,regime_exit,8,2019
TRV,2019-10-22 00:00:00,2019-10-29 00:00:00,130.41029388427734,128.6721326904297,96,-166.86347460937395,regime_exit,7,2019
NET,2019-10-22 00:00:00,2019-10-29 00:00:00,14.6492398853302,15.68856026649475,854,887.5796055145262,regime_exit,7,2019
SHAK,2019-10-23 00:00:00,2019-10-29 00:00:00,84.69905877685547,83.28309695434571,147,-208.14638790893434,regime_exit,6,2019
ZS,2019-10-23 00:00:00,2019-10-29 00:00:00,41.17218015289307,43.033758934020995,304,565.9199494628891,regime_exit,6,2019
TEAM,2019-10-23 00:00:00,2019-10-29 00:00:00,107.9655,119.50051786804198,116,1338.0620726928692,regime_exit,6,2019
CWEN,2019-10-28 00:00:00,2019-10-29 00:00:00,17.074080917358398,17.514899238586427,733,323.1198294601454,regime_exit,1,2019
AMT,2019-10-28 00:00:00,2019-10-29 00:00:00,211.1715,215.72768365478512,59,268.81483563232183,regime_exit,1,2019
PINS,2020-02-28 00:00:00,2020-03-06 00:00:00,19.539,18.47298022842407,641,-683.3186735801718,regime_exit,7,2020
KBH,2020-02-28 00:00:00,2020-03-06 00:00:00,32.65518015289307,31.786300380706788,383,-332.7809527473449,regime_exit,7,2020
LEN,2020-02-28 00:00:00,2020-03-06 00:00:00,58.52921644592285,60.43068856048584,213,405.0135604019173,regime_exit,7,2020
COST,2020-02-28 00:00:00,2020-03-06 00:00:00,281.70229467773436,310.71731634521484,44,1276.6609533691412,regime_exit,7,2020
EQR,2020-02-28 00:00:00,2020-03-06 00:00:00,75.25019847106934,77.48471939086915,166,370.93047268676776,regime_exit,7,2020
EXC,2020-02-28 00:00:00,2020-03-06 00:00:00,30.810427837371826,32.1538251953125,406,545.4193273239136,regime_exit,7,2020
HSY,2020-02-28 00:00:00,2020-03-06 00:00:00,144.2779855041504,155.97741329956054,86,1006.1507904052725,regime_exit,7,2020
ESS,2020-02-28 00:00:00,2020-03-06 00:00:00,283.9267053222656,294.07068365478517,44,446.3350466308609,regime_exit,7,2020
AXON,2020-05-29 00:00:00,2020-06-01 00:00:00,76.1119190826416,89.5705,164,2207.207270446776,rsi_exit,3,2020
MSC,2020-05-29 00:00:00,2020-06-02 00:00:00,14.318579961776733,17.964,874,3186.0971134071347,rsi_exit,4,2020
PODD,2020-06-01 00:00:00,2020-06-04 00:00:00,189.15755877685547,172.63403573608397,66,-1090.5525206909185,stop,3,2020
BIIB,2020-06-01 00:00:00,2020-06-09 00:00:00,302.0529122314453,293.15251025390626,41,-364.91648107910095,regime_exit,8,2020
BMY,2020-06-02 00:00:00,2020-06-09 00:00:00,60.771301528930664,60.80814030456543,206,7.58878778076118,regime_exit,7,2020
NEM,2020-06-04 00:00:00,2020-06-09 00:00:00,56.01180152893066,57.05565817260742,223,232.78003153991784,regime_exit,5,2020
PODD,2020-06-04 00:00:00,2020-06-09 00:00:00,173.32595571899415,181.50625512695314,72,588.9815573730468,regime_exit,5,2020
DXCM,2020-06-04 00:00:00,2020-06-09 00:00:00,86.38492652893066,94.93475,144,1231.1745798339837,regime_exit,5,2020
AMGN,2020-06-04 00:00:00,2020-06-09 00:00:00,221.32176489257813,224.45019390869143,56,175.19202490234488,regime_exit,5,2020
ACAD,2020-06-05 00:00:00,2020-06-09 00:00:00,45.70122061157227,47.39502167510987,274,464.10149140930207,regime_exit,4,2020
NFLX,2020-06-05 00:00:00,2020-06-09 00:00:00,42.0439190826416,43.31818878173828,297,378.4581006317133,regime_exit,4,2020
IRTC,2020-07-10 00:00:00,2020-07-15 00:00:00,112.41438244628905,123.12326274108888,111,1188.6857127227806,rsi_exit,5,2020
STX,2020-07-10 00:00:00,2020-07-16 00:00:00,47.47476107025147,48.403,263,244.12683852386363,rsi_exit,6,2020
CWEN,2020-07-13 00:00:00,2020-07-17 00:00:00,22.7754595413208,23.562780609130854,549,432.2392662277201,rsi_exit,4,2020
SMCI,2020-07-10 00:00:00,2020-07-20 00:00:00,2.769527938842774,2.8592700095176697,4522,405.8136435918794,max_hold,10,2020
D,2020-07-13 00:00:00,2020-07-22 00:00:00,73.82736030578613,79.3909030456543,169,940.2387230377204,regime_exit,9,2020
MTZ,2020-07-13 00:00:00,2020-07-22 00:00:00,38.10605877685547,41.796241065979004,328,1210.3797908325191,regime_exit,9,2020
KIM,2020-07-13 00:00:00,2020-07-22 00:00:00,11.823600191116332,11.26741996192932,1059,-588.9948627090456,regime_exit,9,2020
OXY,2020-07-13 00:00:00,2020-07-22 00:00:00,16.192319847106933,16.916100761413574,773,559.4826467590333,regime_exit,9,2020
MSC,2020-07-15 00:00:00,2020-07-22 00:00:00,14.2785,14.960019771575928,877,597.6928396720891,regime_exit,7,2020
REG,2020-07-20 00:00:00,2020-07-22 00:00:00,41.252338165283206,41.287258934021,303,10.580992927550753,regime_exit,2,2020
EQR,2020-07-21 00:00:00,2020-07-22 00:00:00,54.679139694213866,55.58860076141357,229,208.266584388733,regime_exit,1,2020
C,2020-09-17 00:00:00,2020-09-23 00:00:00,45.62105877685547,41.76629847717285,274,-1056.204322113037,stop,6,2020
HIG,2020-09-17 00:00:00,2020-09-28 00:00:00,37.725301528930665,36.806241065979,332,-305.12807369995204,max_hold,11,2020
HSY,2020-09-17 00:00:00,2020-09-28 00:00:00,140.781,140.12918365478515,88,-57.35983837890717,max_hold,11,2020
CB,2020-09-17 00:00:00,2020-09-28 00:00:00,117.26405877685546,116.73606121826172,106,-55.96774121093637,max_hold,11,2020
PYPL,2020-09-17 00:00:00,2020-09-28 00:00:00,176.14157327270507,191.63596426391604,71,1100.1017603759783,max_hold,11,2020
INTU,2020-09-17 00:00:00,2020-09-28 00:00:00,307.8444710083008,324.8988878173828,40,682.17667236328,max_hold,11,2020
MO,2020-09-17 00:00:00,2020-09-28 00:00:00,40.941720611572265,38.87210076141358,305,-631.2340542983998,max_hold,11,2020
ANET,2020-09-17 00:00:00,2020-09-28 00:00:00,12.679057920455932,12.789993940353394,987,109.49385163879504,max_hold,11,2020
HCA,2020-09-23 00:00:00,2020-10-05 00:00:00,116.56266183471678,129.9096581726074,107,1428.1286081542974,max_hold,12,2020
GM,2020-09-28 00:00:00,2020-10-08 00:00:00,29.498880535125732,32.14557908630371,424,1122.2001856994636,max_hold,10,2020
DIS,2020-09-28 00:00:00,2020-10-08 00:00:00,126.24197785949706,122.84381634521485,99,-336.4179899139386,max_hold,10,2020
BSX,2020-09-29 00:00:00,2020-10-08 00:00:00,37.83551831817627,40.40902167510986,331,851.8296111450192,rsi_exit,9,2020
KNX,2020-09-29 00:00:00,2020-10-09 00:00:00,41.392621376037596,40.1695,302,-369.38265556335415,max_hold,10,2020
HAL,2020-09-29 00:00:00,2020-10-09 00:00:00,12.094139694213869,12.554839923858644,1035,476.82473768234246,max_hold,10,2020
PM,2020-09-29 00:00:00,2020-10-09 00:00:00,74.4886763305664,78.72223725891114,168,711.2382359619146,max_hold,10,2020
CVX,2020-09-29 00:00:00,2020-10-09 00:00:00,72.04380152893066,73.852,173,312.81833549499686,max_hold,10,2020
AMT,2020-10-05 00:00:00,2020-10-09 00:00:00,243.8166618347168,244.19063269042968,51,19.072513641357062,rsi_exit,4,2020
MSC,2020-10-08 00:00:00,2020-10-09 00:00:00,15.691319847106934,16.706519771575927,798,810.1295397262563,rsi_exit,1,2020
CBOE,2020-10-08 00:00:00,2020-10-15 00:00:00,85.20005877685547,83.5825,147,-237.7811401977548,regime_exit,7,2020
BAH,2020-10-12 00:00:00,2020-10-15 00:00:00,81.72311755371094,81.85595664978027,153,20.324381698607894,regime_exit,3,2020
DRVN,2021-03-12 00:00:00,2021-03-19 00:00:00,26.432759159088135,23.8921205329895,473,-1201.7220701446538,stop,7,2021
GDRX,2021-03-12 00:00:00,2021-03-22 00:00:00,39.12809923553467,37.544758934021,320,-506.6688964843752,max_hold,10,2021
CRM,2021-03-16 00:00:00,2021-03-23 00:00:00,214.90895571899412,214.57,58,-19.659431701659457,rsi_exit,7,2021
BIIB,2021-03-16 00:00:00,2021-03-26 00:00:00,260.43985345458987,276.0767448730469,48,750.5707880859372,rsi_exit,10,2021
DASH,2021-03-16 00:00:00,2021-03-26 00:00:00,133.9273236694336,133.74197451782226,93,-17.237471099855355,max_hold,10,2021
VST,2021-03-16 00:00:00,2021-03-26 00:00:00,18.156240840911867,16.83626083755493,689,-909.4662223129285,max_hold,10,2021
AMR,2021-03-16 00:00:00,2021-03-26 00:00:00,11.472899808883668,13.103740114212036,1091,1779.2467731132494,max_hold,10,2021
ESTC,2021-03-16 00:00:00,2021-03-26 00:00:00,118.38630152893066,110.70814030456543,105,-806.2069285583487,max_hold,10,2021
PANW,2021-03-19 00:00:00,2021-03-29 00:00:00,52.91395101928711,53.26492262268066,236,82.8292984008769,max_hold,10,2021
VMC,2021-03-23 00:00:00,2021-04-01 00:00:00,158.7268236694336,166.05721939086914,78,571.7708662719718,regime_exit,9,2021
APA,2021-03-25 00:00:00,2021-04-01 00:00:00,18.376680152893066,18.812300380706787,681,296.65737514114454,regime_exit,7,2021
DIS,2021-03-26 00:00:00,2021-04-01 00:00:00,186.2918381652832,188.5920612182617,67,154.11494454956014,regime_exit,6,2021
CBOE,2021-03-26 00:00:00,2021-04-01 00:00:00,97.91544122314453,100.65828060913086,127,348.3406020202638,regime_exit,6,2021
WBD,2021-03-26 00:00:00,2021-04-01 00:00:00,41.98380152893066,43.22338137054443,298,369.39479280090285,regime_exit,6,2021
ULTA,2021-03-26 00:00:00,2021-04-01 00:00:00,303.606,312.9927551269531,41,384.8569602050779,regime_exit,6,2021
ARRY,2021-03-29 00:00:00,2021-04-01 00:00:00,27.2844595413208,29.959960456848144,459,1228.054920227051,regime_exit,3,2021
ASAN,2021-03-29 00:00:00,2021-04-01 00:00:00,26.212319847106933,30.748379467010498,477,2163.7004386940002,regime_exit,3,2021
PYPL,2021-05-18 00:00:00,2021-05-24 00:00:00,243.69642672729492,256.6556734008789,51,660.9215803527843,rsi_exit,6,2021
BKNG,2021-05-18 00:00:00,2021-05-26 00:00:00,2216.043357421875,2342.306,5,631.313212890625,rsi_exit,8,2021
LVS,2021-05-18 00:00:00,2021-05-26 00:00:00,56.8234190826416,58.89197832489014,220,455.0830332946788,rsi_exit,8,2021
BSX,2021-05-18 00:00:00,2021-05-28 00:00:00,41.8535404586792,42.464899238586426,299,182.7962751922611,max_hold,10,2021
WING,2021-05-18 00:00:00,2021-05-28 00:00:00,134.0976618347168,142.3946326904297,93,771.6182895812983,rsi_exit,10,2021
MA,2021-05-18 00:00:00,2021-05-28 00:00:00,363.7961473388671,359.8588265991211,34,-133.86890515136542,max_hold,10,2021
RH,2021-05-18 00:00:00,2021-05-28 00:00:00,629.3762351074218,639.7678878173828,19,197.44140148925726,max_hold,10,2021
TDY,2021-05-18 00:00:00,2021-05-28 00:00:00,410.24885266113284,418.6310612182617,30,251.4662567138663,max_hold,10,2021
MP,2021-05-24 00:00:00,2021-05-28 00:00:00,26.5329595413208,28.02383992385864,472,703.6955405578615,rsi_exit,4,2021
AMCR,2021-05-26 00:00:00,2021-06-07 00:00:00,59.01780152893066,60.379,212,288.57407586669933,max_hold,12,2021
VZ,2021-05-26 00:00:00,2021-06-07 00:00:00,56.472720611572264,57.08560076141357,221,135.44651311492945,max_hold,12,2021
CLX,2021-05-28 00:00:00,2021-06-07 00:00:00,177.08345571899414,178.28271939086915,70,83.94845703125014,max_hold,10,2021
DGX,2021-05-28 00:00:00,2021-06-07 00:00:00,131.9333381652832,128.6721326904297,94,-306.5533146362301,max_hold,10,2021
CHD,2021-05-28 00:00:00,2021-06-07 00:00:00,85.90146336364747,85.84795664978027,145,-7.758473510743045,max_hold,10,2021
T,2021-05-28 00:00:00,2021-06-07 00:00:00,22.272554111480716,21.919817626953126,562,-198.23790430450543,max_hold,10,2021
KMB,2021-05-28 00:00:00,2021-06-07 00:00:00,130.89126489257814,130.81784182739258,95,-6.9751911926273635,max_hold,10,2021
WEC,2021-05-28 00:00:00,2021-06-07 00:00:00,94.0978236694336,93.37287756347658,133,-96.4178320922832,max_hold,10,2021
RARE,2021-09-27 00:00:00,2021-10-07 00:00:00,88.83732366943359,85.2790969543457,140,-498.1517401123037,max_hold,10,2021
META,2021-09-27 00:00:00,2021-10-07 00:00:00,354.28714654541017,328.5615612182617,35,-900.3954864501958,max_hold,10,2021
AAPL,2021-09-27 00:00:00,2021-10-07 00:00:00,145.66073510742189,143.00341329956055,85,-225.8723536682136,max_hold,10,2021
PODD,2021-09-27 00:00:00,2021-10-07 00:00:00,286.85255877685546,292.414,43,239.14197259521467,max_hold,10,2021
DHR,2021-09-27 00:00:00,2021-10-07 00:00:00,280.70212939453126,267.7347282104492,44,-570.5656520996108,max_hold,10,2021
LVS,2021-09-27 00:00:00,2021-10-07 00:00:00,37.97580152893067,37.045758934020995,329,-305.98401372528207,max_hold,10,2021
WDAY,2021-09-27 00:00:00,2021-10-07 00:00:00,264.30755877685544,257.3442653808594,47,-327.27478961181487,max_hold,10,2021
EQIX,2021-09-27 00:00:00,2021-10-07 00:00:00,809.1450893554687,764.9570102539062,15,-662.8211865234374,max_hold,10,2021
EXAS,2021-10-07 00:00:00,2021-10-15 00:00:00,95.691,98.76207908630371,130,399.24028121948254,rsi_exit,8,2021
TOL,2021-10-07 00:00:00,2021-10-18 00:00:00,57.194161834716795,59.750258934021,218,557.2291676483163,rsi_exit,11,2021
AMGN,2021-10-07 00:00:00,2021-10-18 00:00:00,209.53823510742188,202.72374487304688,59,-402.054923828125,max_hold,11,2021
RARE,2021-10-07 00:00:00,2021-10-18 00:00:00,85.62089694213867,77.86395664978028,146,-1132.5132826843255,stop,11,2021
VRTX,2021-10-07 00:00:00,2021-10-18 00:00:00,180.38004428100587,180.4384030456543,69,4.026754760741795,max_hold,11,2021
DASH,2021-10-07 00:00:00,2021-10-18 00:00:00,205.3298381652832,214.93925512695313,60,576.5650177001953,rsi_exit,11,2021
PNW,2021-10-07 00:00:00,2021-10-18 00:00:00,68.32638244628906,66.87598213195801,183,-265.4232575225819,max_hold,11,2021
IONS,2021-10-07 00:00:00,2021-10-18 00:00:00,33.8375404586792,30.1895,370,-1349.7749697113045,stop,11,2021
INCY,2021-10-15 00:00:00,2021-10-25 00:00:00,65.69111755371094,66.6165,190,175.82266479492205,rsi_exit,10,2021
GILD,2021-10-18 00:00:00,2021-10-28 00:00:00,66.03180152893066,67.20531634521484,189,221.79430027771048,max_hold,10,2021
VZ,2021-10-18 00:00:00,2021-10-28 00:00:00,52.01381984710693,52.69439923858643,240,163.3390539550794,max_hold,10,2021
RARE,2021-10-20 00:00:00,2021-10-28 00:00:00,77.1139190826416,84.60045664978027,162,1212.8190858764642,rsi_exit,8,2021
KMB,2021-10-19 00:00:00,2021-10-29 00:00:00,130.02954428100585,129.23102548217773,96,-76.65780468750017,max_hold,10,2021
CPB,2021-10-19 00:00:00,2021-10-29 00:00:00,40.90163969421387,39.870100761413575,306,-315.6509134368903,max_hold,10,2021
CLX,2021-10-19 00:00:00,2021-10-29 00:00:00,159.3079855041504,162.68397451782226,78,263.3271430664058,max_hold,10,2021
BIIB,2021-10-19 00:00:00,2021-10-29 00:00:00,268.6662648925781,266.14663269042967,46,-115.9030812988284,max_hold,10,2021
PRGO,2021-10-25 00:00:00,2021-11-01 00:00:00,45.01986030578613,46.23734182739258,278,338.4598630065916,rsi_exit,7,2021
GM,2021-10-28 00:00:00,2021-11-05 00:00:00,54.34848168182373,58.40296045684814,230,932.5301182556152,rsi_exit,8,2021
ALNY,2021-10-28 00:00:00,2021-11-08 00:00:00,162.46427938842774,187.59406121826171,77,1934.993200897216,max_hold,11,2021
IP,2021-10-28 00:00:00,2021-11-08 00:00:00,49.7893786239624,49.24132015228272,251,-137.5626763916,max_hold,11,2021
PSX,2021-10-29 00:00:00,2021-11-08 00:00:00,74.92955877685547,77.834017868042,167,485.04466822814953,max_hold,10,2021
MO,2021-11-01 00:00:00,2021-11-08 00:00:00,44.13809923553467,44.97985969543457,283,238.21821015167228,regime_exit,7,2021
LMT,2021-11-01 00:00:00,2021-11-08 00:00:00,331.5918526611328,341.0964387817383,37,351.6696864624033,regime_exit,7,2021
EPD,2021-11-02 00:00:00,2021-11-08 00:00:00,22.234380535125734,22.7045,563,264.6772587242116,regime_exit,6,2021
PYPL,2021-11-03 00:00:00,2021-11-08 00:00:00,230.84076489257814,228.9611581726074,54,-101.49876287841909,regime_exit,5,2021
PTON,2021-11-05 00:00:00,2021-11-08 00:00:00,55.75127938842773,51.1475,224,-1031.246583007812,regime_exit,3,2021
CRWD,2021-11-29 00:00:00,2021-12-01 00:00:00,225.01914733886719,201.097,55,-1315.7181036376946,stop,2,2021
BE,2021-11-29 00:00:00,2021-12-03 00:00:00,27.474840076446533,24.670559314727782,455,-1275.9477465820316,stop,4,2021
PRVA,2021-11-29 00:00:00,2021-12-03 00:00:00,23.847599235534666,21.097719390869145,525,-1443.6869184493987,stop,4,2021
LIN,2021-11-29 00:00:00,2021-12-09 00:00:00,321.3814702148438,331.45575512695314,38,382.8228266601558,max_hold,10,2021
CI,2021-11-29 00:00:00,2021-12-09 00:00:00,200.00922061157226,210.8774030456543,62,673.8273109130859,max_hold,10,2021
CAT,2021-11-29 00:00:00,2021-12-09 00:00:00,196.3118381652832,203.72174487304687,63,466.8241225891111,max_hold,10,2021
MRK,2021-11-29 00:00:00,2021-12-09 00:00:00,75.03977938842773,72.71428060913085,166,-386.03279736328193,max_hold,10,2021
V,2021-11-29 00:00:00,2021-12-09 00:00:00,196.68257327270507,210.96721939086913,63,899.9327054443359,rsi_exit,10,2021
NEM,2021-12-01 00:00:00,2021-12-13 00:00:00,53.97773892974853,57.05565817260742,232,714.0772643432624,rsi_exit,12,2021
DOCU,2021-12-03 00:00:00,2021-12-13 00:00:00,135.36017633056642,139.490464263916,92,379.9864898681625,max_hold,10,2021
ARRY,2021-12-03 00:00:00,2021-12-13 00:00:00,16.903740840911865,17.764399238586424,740,636.8872142791737,max_hold,10,2021
DECK,2021-12-09 00:00:00,2021-12-16 00:00:00,65.94329173278808,59.27288307952882,189,-1260.707235466001,stop,7,2021
URBN,2021-12-09 00:00:00,2021-12-16 00:00:00,31.472819847106933,27.824239162445068,397,-1448.4865318107607,stop,7,2021
ANF,2021-12-09 00:00:00,2021-12-20 00:00:00,36.00186030578613,32.74438137054443,347,-1130.3451905288698,stop,11,2021
C,2021-12-09 00:00:00,2021-12-20 00:00:00,62.26427938842773,58.16343878173828,201,-824.2689619445799,max_hold,11,2021
CHTR,2021-12-09 00:00:00,2021-12-20 00:00:00,613.1939106445312,645.4664897460938,20,645.4515820312508,max_hold,11,2021
STLD,2021-12-13 00:00:00,2021-12-21 00:00:00,59.91959923553467,60.95784182739258,209,216.99270169830294,rsi_exit,8,2021
DOW,2021-12-13 00:00:00,2021-12-21 00:00:00,53.42663969421387,54.091600761413574,234,155.60088972473102,rsi_exit,8,2021
RKLB,2021-12-13 00:00:00,2021-12-23 00:00:00,11.783520229339599,11.976,1062,204.4135164413467,max_hold,10,2021
NFLX,2021-12-16 00:00:00,2021-12-23 00:00:00,59.22421099090576,61.28618239593505,211,435.07596646118014,rsi_exit,7,2021
BILL,2021-12-16 00:00:00,2021-12-23 00:00:00,233.45598550415042,252.87324487304687,53,1029.1147465515119,rsi_exit,7,2021
CROX,2021-12-22 00:00:00,2021-12-23 00:00:00,140.05955877685548,123.28293878173828,89,-1493.1191795654308,stop,1,2021
ARES,2021-12-20 00:00:00,2021-12-27 00:00:00,73.75722061157227,82.6344030456543,169,1500.2438313598632,rsi_exit,7,2021
AVAV,2021-12-27 00:00:00,2021-12-28 00:00:00,63.246238929748536,62.674399238586425,198,-113.22425885009804,rsi_exit,1,2021
NKE,2021-12-20 00:00:00,2021-12-30 00:00:00,157.29395571899414,167.15502548217773,79,779.0245112915038,max_hold,10,2021
DOCS,2021-12-20 00:00:00,2021-12-30 00:00:00,48.486779388427735,51.017758934020996,258,652.9927227630615,max_hold,10,2021
DECK,2021-12-22 00:00:00,2022-01-03 00:00:00,58.09762989807129,61.20068707275391,215,667.157292556763,max_hold,12,2022
BNTX,2021-12-23 00:00:00,2022-01-03 00:00:00,255.80057327270507,231.38630609130857,48,-1171.8848247070318,stop,11,2022
PCG,2021-12-27 00:00:00,2022-01-03 00:00:00,11.933819847106934,12.185580038070679,1049,264.0964403209688,regime_exit,7,2022
PLUG,2021-12-28 00:00:00,2022-01-03 00:00:00,28.386659923553466,28.732420913696288,441,152.48059665298422,regime_exit,6,2022
ENPH,2021-12-28 00:00:00,2022-01-03 00:00:00,187.16357327270507,184.0810969543457,66,-203.44343701171834,regime_exit,6,2022
FSLR,2021-12-28 00:00:00,2022-01-03 00:00:00,87.52469847106934,88.40284182739258,143,125.57449995422267,regime_exit,6,2022
RH,2021-12-30 00:00:00,2022-01-03 00:00:00,537.8034404296875,537.2433673095703,23,-12.881681762695166,regime_exit,4,2022
ORCL,2021-12-31 00:00:00,2022-01-03 00:00:00,87.3844190826416,87.72420152282714,143,48.58888894653286,regime_exit,3,2022
RUN,2022-01-21 00:00:00,2022-01-27 00:00:00,25.961819847106934,23.223460456848144,482,-1319.8892261047367,stop,6,2022
DRVN,2022-01-21 00:00:00,2022-01-27 00:00:00,29.2884595413208,26.337219390869144,427,-1260.1795442428574,stop,6,2022
PWR,2022-01-21 00:00:00,2022-01-31 00:00:00,98.46653663635254,102.51456121826172,127,514.0991219024652,max_hold,10,2022
CWEN,2022-01-21 00:00:00,2022-01-31 00:00:00,32.955779388427736,33.61264030456543,380,249.60714813232428,max_hold,10,2022
CBOE,2022-01-21 00:00:00,2022-01-31 00:00:00,118.32617633056641,118.29293878173829,105,-3.4899426269532086,max_hold,10,2022
NSC,2022-01-21 00:00:00,2022-01-31 00:00:00,276.9728534545898,271.44601025390625,45,-248.70794403076076,max_hold,10,2022
AVB,2022-01-21 00:00:00,2022-01-31 00:00:00,242.484,243.74153573608396,51,64.13432254028154,max_hold,10,2022
PFE,2022-01-21 00:00:00,2022-01-31 00:00:00,52.8955809173584,52.58461862945557,236,-73.3870999450684,max_hold,10,2022
EBAY,2022-01-27 00:00:00,2022-02-07 00:00:00,56.813400764465335,58.58260076141357,220,389.2239993286124,max_hold,11,2022
CCI,2022-01-27 00:00:00,2022-02-07 00:00:00,171.9131473388672,180.52821939086914,72,620.2851877441403,max_hold,11,2022
LH,2022-01-31 00:00:00,2022-02-07 00:00:00,233.59340579223633,235.40452917480468,53,95.98953927612277,rsi_exit,7,2022
BNTX,2022-01-31 00:00:00,2022-02-09 00:00:00,172.42416183471678,172.98334182739256,72,40.26095947265617,rsi_exit,9,2022
PNC,2022-01-31 00:00:00,2022-02-09 00:00:00,206.40198550415042,210.33847451782225,60,236.1893408203099,rsi_exit,9,2022
NOC,2022-01-31 00:00:00,2022-02-10 00:00:00,370.63979388427737,381.2559490356445,33,350.33311999511557,max_hold,10,2022
KHC,2022-01-31 00:00:00,2022-02-10 00:00:00,35.87159923553467,34.22142091369629,349,-575.9122343215929,max_hold,10,2022
MDT,2022-02-01 00:00:00,2022-02-11 00:00:00,103.7971763305664,102.78401786804197,120,-121.57901550293161,max_hold,10,2022
XPO,2022-02-07 00:00:00,2022-02-15 00:00:00,37.85333418273926,41.28387445068359,330,1132.078288421629,rsi_exit,8,2022
SMCI,2022-02-07 00:00:00,2022-02-17 00:00:00,3.8086021184921264,3.87722999048233,3288,225.64844310379016,max_hold,10,2022
ITW,2022-02-07 00:00:00,2022-02-17 00:00:00,225.26964733886717,216.72568365478512,55,-469.9180026245132,max_hold,10,2022
INCY,2022-02-09 00:00:00,2022-02-17 00:00:00,68.41655877685547,67.69434182739258,183,-132.16570175170887,regime_exit,8,2022
MSC,2022-02-10 00:00:00,2022-02-17 00:00:00,4.989960019111633,4.8502801332473755,2510,-350.5965135192866,regime_exit,7,2022
KMB,2022-02-10 00:00:00,2022-02-17 00:00:00,131.21189694213868,131.36674487304688,95,14.710553436279383,regime_exit,7,2022
SJM,2022-02-10 00:00:00,2022-02-17 00:00:00,133.8571763305664,138.0533418273926,93,390.243391204835,regime_exit,7,2022
FFIV,2022-02-11 00:00:00,2022-02-17 00:00:00,196.21164733886718,200.24869390869142,63,254.3339338989272,regime_exit,6,2022
CL,2022-02-16 00:00:00,2022-02-17 00:00:00,78.4966763305664,78.99170152282714,159,78.70900556945777,regime_exit,1,2022
UPST,2022-04-08 00:00:00,2022-04-14 00:00:00,91.35233816528321,82.44478060913086,137,-1220.3353851928725,stop,6,2022
PSTG,2022-04-08 00:00:00,2022-04-18 00:00:00,31.192259159088135,30.488899238586427,401,-282.04732812118476,max_hold,10,2022
CSX,2022-04-08 00:00:00,2022-04-18 00:00:00,34.3986618347168,34.6805,364,102.58909216308643,max_hold,10,2022
WWD,2022-04-08 00:00:00,2022-04-18 00:00:00,116.35224275207521,117.19514030456543,107,90.19003811645293,max_hold,10,2022
EMR,2022-04-08 00:00:00,2022-04-18 00:00:00,94.75913969421387,93.78206121826172,132,-128.97435882568442,max_hold,10,2022
UNP,2022-04-08 00:00:00,2022-04-18 00:00:00,242.4639557189941,241.63575512695311,51,-42.23823019409028,max_hold,10,2022
SCHW,2022-04-11 00:00:00,2022-04-18 00:00:00,81.7431618347168,74.79012243652343,153,-1063.8150279235854,stop,7,2022
IMAX,2022-04-11 00:00:00,2022-04-21 00:00:00,16.8135606880188,16.167600761413574,744,-480.59418539428805,max_hold,10,2022
CRM,2022-04-18 00:00:00,2022-04-22 00:00:00,187.38401449584958,171.08713269042968,66,-1075.5941991577133,stop,4,2022
ZION,2022-04-14 00:00:00,2022-04-25 00:00:00,63.0458381652832,60.96782015228271,198,-411.44756657409664,max_hold,11,2022
WDAY,2022-04-18 00:00:00,2022-04-26 00:00:00,219.939,201.49619390869142,56,-1032.7971411132798,stop,8,2022
EXPD,2022-04-18 00:00:00,2022-04-27 00:00:00,96.9435,100.31895664978028,129,435.43390782165557,rsi_exit,9,2022
APP,2022-04-25 00:00:00,2022-04-27 00:00:00,41.22227938842774,37.60464030456543,303,-1096.1446424102792,stop,2,2022
CSX,2022-04-18 00:00:00,2022-04-28 00:00:00,34.8195,35.13957908630371,359,114.9083919830334,max_hold,10,2022
VMC,2022-04-18 00:00:00,2022-04-28 00:00:00,174.3379855041504,177.52424487304688,71,226.22441519165054,max_hold,10,2022
FDX,2022-04-18 00:00:00,2022-04-28 00:00:00,203.66651449584958,206.43630609130855,61,168.9572873229971,max_hold,10,2022
FSLR,2022-04-21 00:00:00,2022-04-29 00:00:00,74.57886030578614,72.88393878173828,167,-283.05189451599205,regime_exit,8,2022
DXCM,2022-04-22 00:00:00,2022-04-29 00:00:00,110.38282347106933,101.94070664978027,113,-953.9592008056641,regime_exit,7,2022
GE,2022-04-26 00:00:00,2022-04-29 00:00:00,50.309345008850094,46.35301577758789,248,-981.1696493530262,regime_exit,3,2022
PNW,2022-04-27 00:00:00,2022-04-29 00:00:00,74.5588236694336,71.0575969543457,167,-584.7048614196785,regime_exit,2,2022
D,2022-04-27 00:00:00,2022-04-29 00:00:00,83.5467572479248,81.47671939086914,149,-308.43564070129435,regime_exit,2,2022
CMCSA,2022-04-28 00:00:00,2022-04-29 00:00:00,39.15969841003418,37.1888285446167,319,-628.7074870681773,regime_exit,1,2022
KR,2022-04-28 00:00:00,2022-04-29 00:00:00,55.60098168182373,53.85207908630371,225,-393.5030839920049,regime_exit,1,2022
PFE,2022-04-28 00:00:00,2022-04-29 00:00:00,50.61101831817627,48.97185969543457,247,-404.8721798172008,regime_exit,1,2022
BMY,2022-08-04 00:00:00,2022-08-09 00:00:00,72.26424275207519,74.81007908630372,173,440.42968582153486,rsi_exit,5,2022
VRTX,2022-08-04 00:00:00,2022-08-09 00:00:00,275.39970611572267,298.2323265991211,45,1027.46792175293,rsi_exit,5,2022
SNAP,2022-08-09 00:00:00,2022-08-11 00:00:00,10.180319847106933,11.087779657363892,1230,1116.1755666160602,rsi_exit,2,2022
INCY,2022-08-03 00:00:00,2022-08-15 00:00:00,72.6850809173584,75.12943878173829,172,420.42955267333963,max_hold,12,2022
ABBV,2022-08-04 00:00:00,2022-08-15 00:00:00,139.1978381652832,142.00541329956056,89,249.8741869506848,max_hold,11,2022
LLY,2022-08-04 00:00:00,2022-08-15 00:00:00,306.40158856201174,313.31212243652345,40,276.42135498046855,max_hold,11,2022
HALO,2022-08-08 00:00:00,2022-08-18 00:00:00,45.1300809173584,43.02378060913086,277,-583.4451853790282,max_hold,10,2022
INTC,2022-08-08 00:00:00,2022-08-18 00:00:00,35.45076107025147,36.127600761413575,353,238.9244109802242,max_hold,10,2022
CHD,2022-08-17 00:00:00,2022-08-18 00:00:00,88.4265,88.55254335021972,141,17.772112380980147,rsi_exit,1,2022
IMAX,2022-08-09 00:00:00,2022-08-19 00:00:00,15.991920038223267,15.788359695434572,783,-159.38774840354796,max_hold,10,2022
METC,2022-08-09 00:00:00,2022-08-19 00:00:00,9.040248807907107,11.245455083847046,1385,3054.210692176817,max_hold,10,2022
ABBV,2022-08-15 00:00:00,2022-08-19 00:00:00,142.57457327270507,141.5663060913086,87,-87.71924478149222,rsi_exit,4,2022
PFE,2022-08-11 00:00:00,2022-08-22 00:00:00,48.3865809173584,48.80220152282715,258,107.23011621093644,max_hold,11,2022
INCY,2022-08-16 00:00:00,2022-08-22 00:00:00,75.1099190826416,73.44281634521484,166,-276.73905441284205,rsi_exit,6,2022
TSN,2022-08-18 00:00:00,2022-08-29 00:00:00,81.94355877685547,77.50468365478515,152,-674.7090185546878,max_hold,11,2022
VTR,2022-08-18 00:00:00,2022-08-29 00:00:00,49.1180404586792,48.30320152282715,254,-206.96908970641937,max_hold,11,2022
TREX,2022-08-19 00:00:00,2022-08-29 00:00:00,51.943680152893066,47.125561218261716,241,-1161.1666632461554,stop,10,2022
EXAS,2022-08-19 00:00:00,2022-08-29 00:00:00,36.9036618347168,35.62860076141357,339,-432.2457038497941,max_hold,10,2022
CNK,2022-08-22 00:00:00,2022-08-31 00:00:00,15.360659923553468,14.051839923858644,815,-1066.6882997512819,stop,9,2022
PLTR,2022-08-22 00:00:00,2022-09-01 00:00:00,8.086139694213868,7.475019771575928,1548,-946.0136402435307,max_hold,10,2022
ISRG,2022-08-22 00:00:00,2022-09-01 00:00:00,218.97707327270507,205.69778060913086,57,-756.91968182373,max_hold,10,2022
DOCS,2022-08-22 00:00:00,2022-09-01 00:00:00,32.76540076446533,32.62461862945557,382,-53.77877557373019,max_hold,10,2022
BMY,2022-08-29 00:00:00,2022-09-02 00:00:00,66.8835,68.47278060913087,187,297.19547390747215,regime_exit,4,2022
MKC,2022-08-29 00:00:00,2022-09-02 00:00:00,86.0417427520752,82.8839030456543,145,-457.8867574310307,regime_exit,4,2022
DASH,2022-08-30 00:00:00,2022-09-02 00:00:00,61.5428381652832,58.11353954315186,203,-696.1476202926623,regime_exit,3,2022
NOW,2022-08-30 00:00:00,2022-09-02 00:00:00,87.54273220825195,86.7281964263916,143,-116.47861680602904,regime_exit,3,2022
KNX,2022-08-31 00:00:00,2022-09-02 00:00:00,50.61101831817627,50.19939923858642,247,-101.66991265869234,regime_exit,2,2022
DKNG,2022-09-01 00:00:00,2022-09-02 00:00:00,15.991920038223267,15.459019771575928,783,-417.2609087848661,regime_exit,1,2022
PENN,2022-09-01 00:00:00,2022-09-02 00:00:00,30.611099235534667,31.237399238586427,409,256.15670124816995,regime_exit,1,2022
OKTA,2022-09-01 00:00:00,2022-09-02 00:00:00,60.721198471069336,64.50073725891113,206,778.5849902954096,regime_exit,1,2022
TNDM,2022-11-17 00:00:00,2022-11-23 00:00:00,39.438720611572265,39.470899238586426,317,10.200624763489202,rsi_exit,6,2022
HSY,2022-11-17 00:00:00,2022-11-25 00:00:00,222.0632351074219,233.29247451782223,56,628.837406982419,rsi_exit,8,2022
D,2022-11-17 00:00:00,2022-11-28 00:00:00,58.48673892974853,60.498758934021,214,430.57228091430744,max_hold,11,2022
LPLA,2022-11-17 00:00:00,2022-11-28 00:00:00,218.03520611572262,234.51003573608395,57,939.065288360596,max_hold,11,2022
MO,2022-11-17 00:00:00,2022-11-28 00:00:00,43.7573381652832,45.05970152282715,286,372.4759202575686,max_hold,11,2022
OMCL,2022-11-17 00:00:00,2022-11-28 00:00:00,53.236261070251466,48.532741065979,235,-1105.3272010040287,stop,11,2022
IRTC,2022-11-17 00:00:00,2022-11-28 00:00:00,106.48253663635253,106.15726274108889,117,-38.05704574584695,rsi_exit,11,2022
DIS,2022-11-18 00:00:00,2022-11-28 00:00:00,91.98360305786132,95.49862243652342,136,478.042635498046,max_hold,10,2022
ARES,2022-12-01 00:00:00,2022-12-07 00:00:00,78.156,70.93784182739257,160,-1154.905307617189,stop,6,2022
BX,2022-12-01 00:00:00,2022-12-07 00:00:00,85.2100809173584,77.48471939086915,146,-1127.9027828674307,stop,6,2022
FANG,2022-11-28 00:00:00,2022-12-08 00:00:00,144.01745571899414,132.61424487304689,86,-980.6761327514641,max_hold,10,2022
AMGN,2022-11-29 00:00:00,2022-12-09 00:00:00,282.55397021484373,278.0926939086914,44,-196.29615747070306,max_hold,10,2022
ALB,2022-12-01 00:00:00,2022-12-09 00:00:00,275.8405885620117,252.7435,45,-1039.368985290526,stop,8,2022
DUOL,2022-12-01 00:00:00,2022-12-12 00:00:00,70.79130152893066,70.92785969543458,176,24.03423730468944,max_hold,11,2022
BJ,2022-12-01 00:00:00,2022-12-12 00:00:00,70.87146336364746,70.66837756347657,176,-35.743100830077765,max_hold,11,2022
PRVA,2022-12-01 00:00:00,2022-12-12 00:00:00,24.218340076446534,24.041820152282714,517,-91.26080079269494,rsi_exit,11,2022
MTB,2022-12-07 00:00:00,2022-12-19 00:00:00,148.26594122314452,140.3686939086914,84,-663.3687744140625,max_hold,12,2022
AXON,2022-12-07 00:00:00,2022-12-19 00:00:00,170.50032366943358,167.23486730957032,73,-238.37831427001834,max_hold,12,2022
PSX,2022-12-08 00:00:00,2022-12-19 00:00:00,101.10180152893066,100.40878060913086,123,-85.24157313537623,max_hold,11,2022
LNC,2022-12-09 00:00:00,2022-12-19 00:00:00,31.723319847106932,29.18151977157593,394,-1001.4692297592155,max_hold,10,2022
EPD,2022-12-09 00:00:00,2022-12-19 00:00:00,23.927759159088136,23.433039543151857,523,-258.7383591346743,max_hold,10,2022
AMGN,2022-12-12 00:00:00,2022-12-22 00:00:00,277.33355877685545,264.72948974609375,45,-567.1831063842768,max_hold,10,2022
METC,2022-12-12 00:00:00,2022-12-22 00:00:00,8.668463516235352,8.926201709747314,1444,372.1739514312728,max_hold,10,2022
OXY,2022-12-13 00:00:00,2022-12-22 00:00:00,64.40855877685547,61.67639923858643,194,-530.0389504241947,regime_exit,9,2022
KIM,2022-12-19 00:00:00,2022-12-22 00:00:00,21.0219595413208,20.858199619293213,595,-97.43715360641448,regime_exit,3,2022
EOG,2022-12-19 00:00:00,2022-12-22 00:00:00,125.78105877685547,126.04740304565428,99,26.368082611081576,regime_exit,3,2022
CFG,2022-12-19 00:00:00,2022-12-22 00:00:00,38.27640076446533,38.81221939086914,327,175.21269083404576,regime_exit,3,2022
COF,2022-12-19 00:00:00,2022-12-22 00:00:00,88.0457427520752,89.31101786804199,142,179.66906646728378,regime_exit,3,2022
ARCB,2022-12-19 00:00:00,2022-12-22 00:00:00,73.11594122314453,70.39892091369629,171,-464.61047291564984,regime_exit,3,2022
NBIX,2023-01-13 00:00:00,2023-01-23 00:00:00,109.20797785949705,108.5325,114,-77.00447598266373,max_hold,10,2023
CVS,2023-01-17 00:00:00,2023-01-27 00:00:00,89.5487427520752,87.60443878173828,139,-270.2582518768316,max_hold,10,2023
CPB,2023-01-17 00:00:00,2023-01-27 00:00:00,54.769319847106935,51.027741065979,228,-853.0799620971691,max_hold,10,2023
HSY,2023-01-17 00:00:00,2023-01-27 00:00:00,226.61232366943358,218.32247451782223,55,-455.9417033386242,max_hold,10,2023
SAIC,2023-01-18 00:00:00,2023-01-30 00:00:00,102.19397785949705,102.44470152282715,122,30.588286926271223,max_hold,12,2023
GIS,2023-01-18 00:00:00,2023-01-30 00:00:00,78.56682366943359,78.05357908630371,159,-81.60588871765017,max_hold,12,2023
PEP,2023-01-18 00:00:00,2023-01-30 00:00:00,171.96323510742187,169.14103573608398,72,-203.19835473632793,max_hold,12,2023
KO,2023-01-18 00:00:00,2023-01-30 00:00:00,59.929621376037595,60.518719390869144,208,122.53238708496224,max_hold,12,2023
LLY,2023-01-23 00:00:00,2023-02-02 00:00:00,342.89441143798825,330.0386121826172,36,-462.8087731933574,max_hold,10,2023
CL,2023-01-27 00:00:00,2023-02-06 00:00:00,71.73317633056641,73.70229847717285,174,342.6272535095202,max_hold,10,2023
AMGN,2023-01-27 00:00:00,2023-02-06 00:00:00,254.15729388427738,243.36230609130857,49,-528.9544018554718,max_hold,10,2023
DUK,2023-01-27 00:00:00,2023-02-06 00:00:00,101.78316183471678,101.60637756347657,123,-21.744465362545654,max_hold,10,2023
AEP,2023-01-30 00:00:00,2023-02-07 00:00:00,93.0557427520752,92.09543878173828,134,-128.68073202514773,regime_exit,8,2023
EXC,2023-01-30 00:00:00,2023-02-07 00:00:00,41.8335,40.73835969543457,299,-327.44695106506447,regime_exit,8,2023
MMM,2023-01-30 00:00:00,2023-02-07 00:00:00,94.31869299316405,97.54699246215822,132,426.1355299072299,regime_exit,8,2023
CVS,2023-01-30 00:00:00,2023-02-07 00:00:00,87.22410305786133,85.80804335021972,143,-202.49653819274997,regime_exit,8,2023
MRK,2023-02-02 00:00:00,2023-02-07 00:00:00,103.6669190826416,105.46864030456543,120,216.2065466308593,regime_exit,5,2023
CI,2023-02-06 00:00:00,2023-02-07 00:00:00,289.01688244628906,288.422,43,-25.579945190428475,regime_exit,1,2023
MRNA,2023-02-06 00:00:00,2023-02-07 00:00:00,170.61054428100587,170.71787756347655,73,7.835329620359403,regime_exit,1,2023
WRBY,2023-02-16 00:00:00,2023-02-27 00:00:00,13.627200382232667,13.043859695434572,919,-536.0900911674497,max_hold,11,2023
VRTX,2023-02-16 00:00:00,2023-02-27 00:00:00,292.6240885620117,286.8251939086914,42,-243.55357543945274,max_hold,11,2023
DVN,2023-02-16 00:00:00,2023-02-27 00:00:00,55.83144122314453,54.410960456848144,224,-318.18769165039043,max_hold,11,2023
CAT,2023-02-16 00:00:00,2023-02-27 00:00:00,247.01304428100588,239.50003573608396,50,-375.65042724609583,max_hold,11,2023
TSN,2023-02-16 00:00:00,2023-02-27 00:00:00,60.811378623962405,60.289179847717286,205,-107.05074913024944,max_hold,11,2023
JAZZ,2023-02-16 00:00:00,2023-02-27 00:00:00,146.6126473388672,141.02737756347656,85,-474.74793090820344,max_hold,11,2023
WWD,2023-02-16 00:00:00,2023-02-27 00:00:00,101.79317633056641,100.11935969543457,123,-205.87944612121663,max_hold,11,2023
APA,2023-02-17 00:00:00,2023-02-27 00:00:00,38.16618015289307,39.151539543151856,328,323.1978800048818,max_hold,10,2023
PINS,2023-02-27 00:00:00,2023-03-02 00:00:00,25.039979770660402,25.289320152282716,500,124.67019081115716,rsi_exit,3,2023
SNAP,2023-02-27 00:00:00,2023-03-06 00:00:00,9.8997601146698,11.636679847717286,1265,2197.20346230507,rsi_exit,7,2023
D,2023-02-27 00:00:00,2023-03-09 00:00:00,56.442661834716795,54.16146045684815,221,-504.14550450897116,max_hold,10,2023
ROST,2023-02-27 00:00:00,2023-03-09 00:00:00,111.14183816528322,105.34887756347658,112,-648.8115874023438,max_hold,10,2023
AON,2023-02-27 00:00:00,2023-03-09 00:00:00,303.1951763305664,296.1764490356445,41,-287.7678190917986,max_hold,10,2023
CMS,2023-02-27 00:00:00,2023-03-09 00:00:00,59.819400764465335,59.011741065979,209,-168.80087698364358,max_hold,10,2023
DUK,2023-02-27 00:00:00,2023-03-09 00:00:00,96.00161755371096,94.03156121826171,130,-256.1073236084016,max_hold,10,2023
SO,2023-02-27 00:00:00,2023-03-09 00:00:00,64.4987427520752,64.4209030456543,194,-15.100903045655201,max_hold,10,2023
COF,2023-03-06 00:00:00,2023-03-10 00:00:00,108.717,97.99362243652342,115,-1233.188419799806,stop,4,2023
SCHW,2023-03-09 00:00:00,2023-03-10 00:00:00,66.60294122314453,58.58260076141357,188,-1507.8240068054192,stop,1,2023
WAL,2023-03-09 00:00:00,2023-03-10 00:00:00,62.484720611572264,49.24132015228272,200,-2648.6800918579092,stop,1,2023
TRMB,2023-03-02 00:00:00,2023-03-13 00:00:00,52.334459541320804,47.58464030456543,239,-1135.2067975845337,stop,11,2023
GM,2023-03-09 00:00:00,2023-03-15 00:00:00,37.89563969421387,34.26134182739258,330,-1199.3182960510264,stop,6,2023
ABNB,2023-03-09 00:00:00,2023-03-20 00:00:00,120.0796763305664,118.16320152282715,104,-199.31338000488188,max_hold,11,2023
LDOS,2023-03-09 00:00:00,2023-03-20 00:00:00,92.92547785949705,91.39684182739256,134,-204.83722830200122,max_hold,11,2023
POOL,2023-03-09 00:00:00,2023-03-20 00:00:00,349.73808856201174,342.26411218261717,35,-261.58917327881,max_hold,11,2023
CBOE,2023-03-10 00:00:00,2023-03-20 00:00:00,118.88730152893066,125.39870152282715,105,683.6969993591314,max_hold,10,2023
UNH,2023-03-10 00:00:00,2023-03-20 00:00:00,461.2506465454102,476.00607147216795,27,398.39647302245976,max_hold,10,2023
BIIB,2023-03-10 00:00:00,2023-03-20 00:00:00,257.0731175537109,267.37418365478516,48,494.45117285156357,max_hold,10,2023
LPLA,2023-03-13 00:00:00,2023-03-23 00:00:00,203.10539694213867,203.47224487304686,61,22.37772378539978,max_hold,10,2023
UPST,2023-03-20 00:00:00,2023-03-24 00:00:00,14.19834007644653,12.914119581222534,882,-1132.6824767875648,stop,4,2023
DVN,2023-03-15 00:00:00,2023-03-27 00:00:00,45.210238929748535,47.98384182739258,277,768.2880026474008,max_hold,12,2023
PRIM,2023-03-20 00:00:00,2023-03-30 00:00:00,24.12815992355347,24.211480228424072,519,43.24323822784344,max_hold,10,2023
ANF,2023-03-20 00:00:00,2023-03-30 00:00:00,26.11211946487427,26.6965,479,279.91827632522546,max_hold,10,2023
HOOD,2023-03-20 00:00:00,2023-03-30 00:00:00,8.817600191116332,9.441080038070679,1420,885.3413826751718,rsi_exit,10,2023
DDOG,2023-03-20 00:00:00,2023-03-30 00:00:00,66.3424190826416,67.77418365478516,188,269.17173956299,rsi_exit,10,2023
RARE,2023-03-21 00:00:00,2023-03-31 00:00:00,38.416680152893065,40.01979847717285,326,522.6165737152095,max_hold,10,2023
RKLB,2023-03-23 00:00:00,2023-03-31 00:00:00,3.857699904441833,4.031919961929321,3246,565.5183066043866,rsi_exit,8,2023
SHLS,2023-03-24 00:00:00,2023-03-31 00:00:00,21.382680152893066,22.74442091369629,585,796.6183450698851,rsi_exit,7,2023
VST,2023-03-27 00:00:00,2023-04-05 00:00:00,23.24640076446533,23.87216007614136,538,336.65850968170287,regime_exit,9,2023
SCHW,2023-04-04 00:00:00,2023-04-05 00:00:00,50.1,48.772258934020996,250,-331.93526649475126,regime_exit,1,2023
VTR,2023-04-04 00:00:00,2023-04-05 00:00:00,42.34451831817627,41.886061218261716,295,-135.24484447479347,regime_exit,1,2023
TNDM,2023-05-18 00:00:00,2023-05-25 00:00:00,29.679240840911866,26.23742091369629,422,-1452.448009284973,stop,7,2023
TMO,2023-05-18 00:00:00,2023-05-30 00:00:00,524.5870579833984,513.1915307617187,23,-262.09712609863277,max_hold,12,2023
MO,2023-05-18 00:00:00,2023-05-30 00:00:00,45.16013969421387,44.23135969543457,277,-257.2720596618655,max_hold,12,2023
VICI,2023-05-18 00:00:00,2023-05-30 00:00:00,31.432740840911865,30.458960456848146,398,-387.5645928573602,max_hold,12,2023
CVX,2023-05-18 00:00:00,2023-05-30 00:00:00,154.3180144958496,152.8137551269531,81,-121.84500888061638,max_hold,12,2023
JNJ,2023-05-18 00:00:00,2023-05-30 00:00:00,158.79695571899413,154.0612551269531,78,-369.384646179199,max_hold,12,2023
ABBV,2023-05-18 00:00:00,2023-05-30 00:00:00,143.72688244628907,136.16712243652344,87,-657.6991208496095,max_hold,12,2023
VTR,2023-05-18 00:00:00,2023-05-30 00:00:00,45.14009923553467,43.063701522827145,277,-575.1621664199845,max_hold,12,2023
ZTS,2023-05-25 00:00:00,2023-06-05 00:00:00,165.57048550415038,170.77775512695314,75,390.54522171020665,max_hold,11,2023
WELL,2023-05-30 00:00:00,2023-06-06 00:00:00,73.2762572479248,78.49270152282715,170,886.7955267333984,rsi_exit,7,2023
TREX,2023-05-30 00:00:00,2023-06-08 00:00:00,53.025838165283204,58.78220152282715,236,1358.5017523803715,regime_exit,9,2023
AES,2023-05-30 00:00:00,2023-06-08 00:00:00,19.939799617767335,20.369179847717284,628,269.6507844085679,regime_exit,9,2023
KR,2023-05-30 00:00:00,2023-06-08 00:00:00,46.051919082641604,45.66847832489014,271,-103.91244535064712,regime_exit,9,2023
ALL,2023-05-30 00:00:00,2023-06-08 00:00:00,110.8813236694336,111.68618365478515,112,90.14431835937421,regime_exit,9,2023
PCRX,2023-05-30 00:00:00,2023-06-08 00:00:00,39.33851831817627,36.93597832489014,318,-764.0077178649904,regime_exit,9,2023
V,2023-05-30 00:00:00,2023-06-08 00:00:00,222.08327938842774,222.6039030456543,56,29.154924804687653,regime_exit,9,2023
NEM,2023-06-05 00:00:00,2023-06-08 00:00:00,42.003838165283206,41.95592091369629,298,-14.279340972901153,regime_exit,3,2023
KMB,2023-06-06 00:00:00,2023-06-08 00:00:00,135.89123510742186,134.45056121826173,92,-132.54199780273268,regime_exit,2,2023
CDNS,2023-08-16 00:00:00,2023-08-23 00:00:00,223.68648550415043,233.11284182739257,55,518.4495977783181,rsi_exit,7,2023
AMT,2023-08-16 00:00:00,2023-08-28 00:00:00,178.34598550415038,177.81365817260743,70,-37.262913208006125,max_hold,12,2023
NXPI,2023-08-16 00:00:00,2023-08-28 00:00:00,197.13348550415043,198.83153573608396,63,106.97716461181275,max_hold,12,2023
CE,2023-08-16 00:00:00,2023-08-28 00:00:00,116.63280152893067,121.29692091369628,107,499.06077416992053,max_hold,12,2023
ADI,2023-08-16 00:00:00,2023-08-28 00:00:00,177.5243381652832,179.96934182739258,70,171.150256347656,max_hold,12,2023
ALGN,2023-08-16 00:00:00,2023-08-28 00:00:00,359.25708856201175,357.9426836547851,34,-44.68976684570498,max_hold,12,2023
MAS,2023-08-16 00:00:00,2023-08-28 00:00:00,58.10598168182373,56.686399238586425,215,-305.21022529602016,max_hold,12,2023
QCOM,2023-08-16 00:00:00,2023-08-28 00:00:00,110.37030152893067,111.45664030456543,113,122.75628164672763,max_hold,12,2023
HPE,2023-08-28 00:00:00,2023-09-01 00:00:00,16.8235809173584,17.944039543151856,744,833.6212175903322,rsi_exit,4,2023
CLX,2023-08-23 00:00:00,2023-09-05 00:00:00,151.28195571899414,153.15308670043945,82,153.43274047851497,max_hold,13,2023
STEM,2023-08-28 00:00:00,2023-09-06 00:00:00,101.80319847106934,93.21320152282715,123,-1056.569624633789,stop,9,2023
PRGO,2023-08-28 00:00:00,2023-09-07 00:00:00,36.372599235534665,33.64257908630371,344,-939.1269313354477,max_hold,10,2023
FDX,2023-08-28 00:00:00,2023-09-07 00:00:00,258.86670611572265,255.64768365478517,48,-154.51307812499908,max_hold,10,2023
NU,2023-08-28 00:00:00,2023-09-07 00:00:00,6.973920038223267,6.816339923858642,1795,-282.85630528450133,max_hold,10,2023
CZR,2023-08-28 00:00:00,2023-09-07 00:00:00,52.07394122314453,53.263258934020996,240,285.43625061035186,max_hold,10,2023
KIM,2023-08-29 00:00:00,2023-09-08 00:00:00,18.887700382232666,18.542839923858644,663,-228.6424839019766,max_hold,10,2023
DXCM,2023-09-01 00:00:00,2023-09-11 00:00:00,102.10380152893066,107.07542091369629,122,606.537564941407,max_hold,10,2023
AMGN,2023-09-05 00:00:00,2023-09-14 00:00:00,254.51801449584957,261.7753878173828,49,355.6112927551286,rsi_exit,9,2023
HII,2023-09-06 00:00:00,2023-09-18 00:00:00,209.61839694213867,211.8554387817383,59,131.98546853637714,max_hold,12,2023
KMI,2023-09-07 00:00:00,2023-09-18 00:00:00,16.623180152893067,16.985960456848144,753,273.173568878173,max_hold,11,2023
OLN,2023-09-07 00:00:00,2023-09-18 00:00:00,49.70922061157226,49.72035969543457,251,2.7959100494382483,max_hold,11,2023
PFE,2023-09-07 00:00:00,2023-09-18 00:00:00,34.34855877685547,33.57271939086914,364,-282.40553649902427,max_hold,11,2023
RF,2023-09-07 00:00:00,2023-09-18 00:00:00,17.825580917358398,17.764399238586424,702,-42.949538497925204,max_hold,11,2023
PCRX,2023-09-08 00:00:00,2023-09-18 00:00:00,33.8175,32.90406121826172,370,-337.97234924316575,max_hold,10,2023
RTX,2023-09-11 00:00:00,2023-09-20 00:00:00,77.05380152893066,74.28114030456543,162,-449.1711183471684,regime_exit,9,2023
SJM,2023-09-14 00:00:00,2023-09-20 00:00:00,127.67483816528322,128.00347451782227,98,32.20636254882689,regime_exit,6,2023
GNRC,2023-09-18 00:00:00,2023-09-20 00:00:00,110.22,109.99956121826172,113,-24.909582336425743,regime_exit,2,2023
CAG,2023-09-18 00:00:00,2023-09-20 00:00:00,28.7774393119812,28.862160076141357,435,36.853532409668034,regime_exit,2,2023
INCY,2023-09-18 00:00:00,2023-09-20 00:00:00,59.62901831817627,60.24925893402099,210,130.25052932739158,regime_exit,2,2023
CLX,2023-09-18 00:00:00,2023-09-20 00:00:00,142.98539694213866,136.18708670043947,87,-591.4529910278302,regime_exit,2,2023
HCA,2023-09-18 00:00:00,2023-09-20 00:00:00,256.2214267272949,253.70158670043946,48,-120.95232128906082,regime_exit,2,2023
TMO,2023-09-18 00:00:00,2023-09-20 00:00:00,508.7454710083008,503.88023461914065,24,-116.76567333984349,regime_exit,2,2023
AES,2023-09-28 00:00:00,2023-10-03 00:00:00,14.9097601146698,13.512919961929322,840,-1173.345728302001,stop,5,2023
EIX,2023-09-28 00:00:00,2023-10-09 00:00:00,63.717180152893064,62.40493878173828,196,-257.1993087463376,max_hold,11,2023
BMY,2023-09-28 00:00:00,2023-10-09 00:00:00,58.256279388427735,56.49678060913086,214,-376.5327387695316,max_hold,11,2023
LLY,2023-09-28 00:00:00,2023-10-09 00:00:00,545.5389122314454,570.6164897460937,22,551.7067053222647,max_hold,11,2023
CAG,2023-09-28 00:00:00,2023-10-09 00:00:00,27.494880535125734,27.534820152282716,455,18.17252580642677,max_hold,11,2023
EXC,2023-09-28 00:00:00,2023-10-09 00:00:00,37.95576107025146,38.62260076141357,329,219.39025839233426,max_hold,11,2023
CNP,2023-09-28 00:00:00,2023-10-09 00:00:00,26.753400764465333,27.235420913696288,468,225.58542984008696,max_hold,11,2023
ES,2023-09-28 00:00:00,2023-10-09 00:00:00,57.474720611572266,57.125521675109866,217,-75.77616921234089,max_hold,11,2023
HRL,2023-10-09 00:00:00,2023-10-12 00:00:00,36.12209923553467,32.60465817260742,346,-1217.0346077728275,stop,3,2023
GDRX,2023-10-03 00:00:00,2023-10-13 00:00:00,5.270520229339599,5.299379942893982,2376,68.57067940521267,max_hold,10,2023
STEM,2023-10-09 00:00:00,2023-10-19 00:00:00,74.74919847106933,73.45279847717285,167,-216.49879898071316,max_hold,10,2023
HALO,2023-10-09 00:00:00,2023-10-19 00:00:00,37.1140809173584,35.72839923858643,337,-466.9747257461551,max_hold,10,2023
EMN,2023-10-09 00:00:00,2023-10-19 00:00:00,72.8554190826416,71.38693878173828,171,-251.11013145446827,max_hold,10,2023
SEDG,2023-10-09 00:00:00,2023-10-19 00:00:00,119.45844122314453,113.75204335021972,104,-593.4653787841803,max_hold,10,2023
AON,2023-10-09 00:00:00,2023-10-19 00:00:00,328.19508856201173,318.4418265991211,38,-370.62395458984406,max_hold,10,2023
INCY,2023-10-09 00:00:00,2023-10-19 00:00:00,56.79336030578613,55.52871939086914,220,-278.2210012817375,max_hold,10,2023
CMC,2023-10-12 00:00:00,2023-10-23 00:00:00,43.777378623962406,39.96989923858643,286,-1088.9391042175296,stop,11,2023
FDX,2023-10-13 00:00:00,2023-10-23 00:00:00,243.32567633056644,237.49406121826172,51,-297.41237072754063,max_hold,10,2023
BX,2023-10-19 00:00:00,2023-10-25 00:00:00,94.40844122314454,91.72618365478516,132,-354.05799902343756,regime_exit,6,2023
TSN,2023-10-19 00:00:00,2023-10-25 00:00:00,46.683180152893065,45.279258934020994,268,-376.25088665771506,regime_exit,6,2023
BNTX,2023-10-19 00:00:00,2023-10-25 00:00:00,93.42647785949706,95.0595,134,218.8249668273946,regime_exit,6,2023
RIVN,2023-10-19 00:00:00,2023-10-25 00:00:00,17.194319847106932,16.985960456848144,728,-151.68563610839809,regime_exit,6,2023
AA,2023-10-19 00:00:00,2023-10-25 00:00:00,24.288479770660402,23.792320152282716,515,-255.52220346450804,regime_exit,6,2023
PLD,2023-10-19 00:00:00,2023-10-25 00:00:00,102.78516183471679,98.54251786804198,121,-513.3599199676514,regime_exit,6,2023
IP,2023-10-23 00:00:00,2023-10-25 00:00:00,32.474819847106936,33.053758934021,385,222.8915484619138,regime_exit,2,2023
INCY,2023-10-23 00:00:00,2023-10-25 00:00:00,55.21019847106933,54.1415,226,-241.5258544616691,regime_exit,2,2023
MRK,2024-04-17 00:00:00,2024-04-25 00:00:00,125.62074275207522,130.4585612182617,99,478.9440281524626,rsi_exit,8,2024
CSX,2024-04-17 00:00:00,2024-04-29 00:00:00,34.22831984710693,33.882100761413575,365,-126.36996627807494,max_hold,12,2024
IP,2024-04-17 00:00:00,2024-04-29 00:00:00,35.1301213760376,35.24935969543457,356,42.448841705321456,max_hold,12,2024
CI,2024-04-17 00:00:00,2024-04-29 00:00:00,346.7721465454102,355.7271224365234,36,322.3791320800765,max_hold,12,2024
AVY,2024-04-17 00:00:00,2024-04-29 00:00:00,209.33783816528322,217.95321939086915,59,508.3074923095702,max_hold,12,2024
MDT,2024-04-17 00:00:00,2024-04-29 00:00:00,79.23816183471679,80.69828060913086,158,230.6987663574231,max_hold,12,2024
HON,2024-04-17 00:00:00,2024-04-29 00:00:00,179.77448071289064,182.2643337097168,69,171.79985678100493,max_hold,12,2024
SYK,2024-04-17 00:00:00,2024-04-29 00:00:00,336.7020587768555,338.1922551269531,37,55.13726495361192,max_hold,12,2024
FFIV,2024-04-29 00:00:00,2024-04-30 00:00:00,182.49426489257812,164.97937756347656,68,-1191.0123383789057,stop,1,2024
DD,2024-04-29 00:00:00,2024-05-01 00:00:00,30.982342712402342,32.70015847015381,404,693.9975661315925,rsi_exit,2,2024
NDAQ,2024-04-29 00:00:00,2024-05-03 00:00:00,60.200161834716795,60.748258934020996,208,114.00419665527374,rsi_exit,4,2024
CAT,2024-04-25 00:00:00,2024-05-06 00:00:00,338.676,341.4158060913086,36,98.63301928710939,max_hold,11,2024
DIS,2024-04-29 00:00:00,2024-05-06 00:00:00,112.30416183471678,116.23706121826172,111,436.5518315734878,rsi_exit,7,2024
EXPD,2024-04-29 00:00:00,2024-05-08 00:00:00,114.0175809173584,116.59634182739256,109,281.0849391937237,rsi_exit,9,2024
BBY,2024-04-29 00:00:00,2024-05-09 00:00:00,75.15,74.01168365478516,166,-188.96051330566453,max_hold,10,2024
UBER,2024-04-29 00:00:00,2024-05-09 00:00:00,67.53480152893066,67.79414030456543,185,47.977673492433155,max_hold,10,2024
EW,2024-05-06 00:00:00,2024-05-09 00:00:00,85.26017633056641,87.24515817260742,146,289.8073489379873,rsi_exit,3,2024
HAL,2024-04-30 00:00:00,2024-05-10 00:00:00,37.544941223144534,36.99585969543457,333,-182.84414872741857,max_hold,10,2024
CDW,2024-05-01 00:00:00,2024-05-13 00:00:00,215.03922061157226,221.6059030456543,58,380.8675811767575,max_hold,12,2024
NET,2024-05-03 00:00:00,2024-05-13 00:00:00,74.54880152893067,73.42285969543457,168,-189.15822802734476,max_hold,10,2024
AMR,2024-05-06 00:00:00,2024-05-16 00:00:00,297.23329467773436,288.6415612182617,42,-360.8528052978519,max_hold,10,2024
INSP,2024-05-08 00:00:00,2024-05-17 00:00:00,163.7368236694336,154.90956121826173,76,-670.8719462890615,regime_exit,9,2024
COP,2024-05-09 00:00:00,2024-05-17 00:00:00,123.63677938842774,121.46657908630371,101,-219.19023051452706,regime_exit,8,2024
ODFL,2024-05-09 00:00:00,2024-05-17 00:00:00,183.52632366943357,182.7038673095703,68,-55.92703247070119,regime_exit,8,2024
MPC,2024-05-10 00:00:00,2024-05-17 00:00:00,179.91911755371095,179.31065817260742,69,-41.983697296143504,regime_exit,7,2024
F,2024-05-10 00:00:00,2024-05-17 00:00:00,12.0139797706604,12.255439733505249,1042,251.60128128433178,regime_exit,7,2024
RARE,2024-05-13 00:00:00,2024-05-17 00:00:00,41.0419190826416,41.786258934021,305,227.02365467071726,regime_exit,4,2024
ALGN,2024-05-13 00:00:00,2024-05-17 00:00:00,273.28547021484377,270.957,45,-104.78115966796992,regime_exit,4,2024
DASH,2024-05-16 00:00:00,2024-05-17 00:00:00,116.3923236694336,117.19514030456543,107,85.90137995910617,regime_exit,1,2024
UBER,2024-07-31 00:00:00,2024-08-02 00:00:00,64.59894122314454,58.87202167510986,193,-1105.2954727706917,stop,2,2024
MP,2024-08-01 00:00:00,2024-08-02 00:00:00,12.705360305786131,11.147660076141356,985,-1534.3347262001032,stop,1,2024
IART,2024-07-31 00:00:00,2024-08-05 00:00:00,24.859619464874267,22.295320152282716,503,-1289.8425542335501,stop,5,2024
MGM,2024-08-01 00:00:00,2024-08-05 00:00:00,37.364580917358396,34.00185969543457,335,-1126.5116093444822,stop,4,2024
HOOD,2024-08-02 00:00:00,2024-08-05 00:00:00,17.915759159088136,16.387160076141356,699,-1068.4907589797992,stop,3,2024
PLNT,2024-08-02 00:00:00,2024-08-08 00:00:00,72.54480152893066,78.083517868042,172,952.6592103271491,rsi_exit,6,2024
SHOP,2024-08-05 00:00:00,2024-08-08 00:00:00,52.364518318176266,68.4129030456543,239,3835.563949867251,rsi_exit,3,2024
BIIB,2024-07-31 00:00:00,2024-08-12 00:00:00,213.62639694213868,200.63791329956055,58,-753.3320512695316,max_hold,12,2024
ROST,2024-07-31 00:00:00,2024-08-12 00:00:00,143.51645571899414,140.38865817260742,87,-272.11838653564433,max_hold,12,2024
LVS,2024-07-31 00:00:00,2024-08-12 00:00:00,39.749338165283206,38.36311862945556,315,-436.65915378570736,max_hold,12,2024
ZS,2024-08-01 00:00:00,2024-08-12 00:00:00,174.78888244628905,172.2049030456543,71,-183.46253744506697,max_hold,11,2024
FDX,2024-08-05 00:00:00,2024-08-15 00:00:00,283.6561763305664,283.6116326904297,44,-1.9599201660139443,max_hold,10,2024
PPG,2024-08-05 00:00:00,2024-08-15 00:00:00,119.62877938842773,121.82585969543457,104,228.49635192871165,max_hold,10,2024
COIN,2024-08-08 00:00:00,2024-08-19 00:00:00,192.70464733886718,204.05108670043944,64,726.172119140625,max_hold,11,2024
EL,2024-08-08 00:00:00,2024-08-19 00:00:00,91.88339694213869,92.66429847717285,136,106.2026087646459,max_hold,11,2024
ZION,2024-08-12 00:00:00,2024-08-22 00:00:00,45.58098168182373,47.58464030456543,274,549.0024626312266,rsi_exit,10,2024
KTOS,2024-08-12 00:00:00,2024-08-22 00:00:00,19.659240840911867,21.606699619293213,637,1240.5312418289175,rsi_exit,10,2024
BE,2024-08-12 00:00:00,2024-08-22 00:00:00,11.1622803440094,11.217519771575928,1122,61.97863772964466,max_hold,10,2024
USB,2024-08-12 00:00:00,2024-08-22 00:00:00,41.55294122314453,44.101618629455565,301,767.1518992996218,rsi_exit,10,2024
POOL,2024-08-15 00:00:00,2024-08-23 00:00:00,347.7841763305664,357.80294903564453,36,360.67581738281183,rsi_exit,8,2024
CCI,2024-08-22 00:00:00,2024-08-23 00:00:00,109.70897785949705,112.15523725891111,114,278.8735715332029,rsi_exit,1,2024
PFE,2024-08-15 00:00:00,2024-08-26 00:00:00,28.767419082641602,28.862160076141357,435,41.2123321723935,max_hold,11,2024
MSC,2024-08-19 00:00:00,2024-08-27 00:00:00,6.012,5.848280133247376,2083,-341.02848244571544,regime_exit,8,2024
HUM,2024-08-19 00:00:00,2024-08-27 00:00:00,353.9565,352.7431121826172,35,-42.46857360839783,rsi_exit,8,2024
AMT,2024-08-22 00:00:00,2024-08-27 00:00:00,220.54020611572264,225.70768365478511,56,289.3787421874986,regime_exit,5,2024
PCRX,2024-08-22 00:00:00,2024-08-27 00:00:00,13.997940267562866,14.451039543151856,894,405.07075237655687,regime_exit,5,2024
MPC,2024-10-29 00:00:00,2024-11-08 00:00:00,145.57055877685548,153.4425,86,676.9869451904285,max_hold,10,2024
PSX,2024-10-29 00:00:00,2024-11-08 00:00:00,123.51653663635254,126.19709695434571,101,270.7365921173101,max_hold,10,2024
BOOT,2024-10-29 00:00:00,2024-11-08 00:00:00,129.63876489257814,134.86971939086914,96,502.17163183593584,max_hold,10,2024
MRK,2024-10-29 00:00:00,2024-11-08 00:00:00,103.93746336364747,102.71415817260744,120,-146.79662292480316,max_hold,10,2024
KO,2024-10-29 00:00:00,2024-11-08 00:00:00,65.69111755371094,63.79215817260742,190,-360.8022824096681,max_hold,10,2024
CL,2024-10-29 00:00:00,2024-11-08 00:00:00,94.90944122314453,92.38485969543457,131,-330.7201801300041,max_hold,10,2024
CNC,2024-10-29 00:00:00,2024-11-08 00:00:00,60.74123892974853,60.029701522827146,206,-146.57670582580573,max_hold,10,2024
EMN,2024-10-29 00:00:00,2024-11-08 00:00:00,105.04967633056641,101.26706121826172,119,-450.1311983642589,max_hold,10,2024
UBER,2024-11-08 00:00:00,2024-11-11 00:00:00,72.1840809173584,71.50670152282714,173,-117.18663525390757,regime_exit,3,2024
CEG,2024-11-08 00:00:00,2024-11-11 00:00:00,239.84873510742187,236.79546426391605,52,-158.77008386230307,regime_exit,3,2024
CBOE,2024-11-08 00:00:00,2024-11-11 00:00:00,197.25372061157228,199.6499030456543,63,150.95949334716735,regime_exit,3,2024
ENPH,2024-11-08 00:00:00,2024-11-11 00:00:00,67.03380152893067,63.53267984771728,186,-651.2086327056894,regime_exit,3,2024
UPST,2025-01-06 00:00:00,2025-01-10 00:00:00,63.6470404586792,57.62452167510986,196,-1180.4136815795905,stop,4,2025
GIS,2025-01-06 00:00:00,2025-01-16 00:00:00,61.623,59.04167984771728,203,-524.007990913391,max_hold,10,2025
KIM,2025-01-06 00:00:00,2025-01-16 00:00:00,22.384680152893065,22.24542091369629,559,-77.84591471099739,max_hold,10,2025
CME,2025-01-06 00:00:00,2025-01-16 00:00:00,226.27164733886718,231.84537756347657,55,306.55516235351655,max_hold,10,2025
PGR,2025-01-06 00:00:00,2025-01-16 00:00:00,240.06917633056642,245.04891329956055,52,258.94632238769486,max_hold,10,2025
NOC,2025-01-06 00:00:00,2025-01-16 00:00:00,456.05029467773437,480.22762243652346,27,652.7878494873055,rsi_exit,10,2025
STAG,2025-01-06 00:00:00,2025-01-16 00:00:00,33.19626107025147,34.560741065979,377,514.4089583892808,max_hold,10,2025
LMT,2025-01-06 00:00:00,2025-01-16 00:00:00,466.932,485.88626538085936,26,492.81089990234284,max_hold,10,2025
SRE,2025-01-10 00:00:00,2025-01-21 00:00:00,78.88746336364746,86.33698213195801,158,1177.0239653930676,max_hold,11,2025
ORCL,2025-01-16 00:00:00,2025-01-22 00:00:00,159.85907327270507,183.8515612182617,78,1871.4140597534174,rsi_exit,6,2025
DIS,2025-01-16 00:00:00,2025-01-24 00:00:00,106.6729190826416,111.93568365478515,117,615.7434549407957,rsi_exit,8,2025
IMAX,2025-01-16 00:00:00,2025-01-27 00:00:00,22.43477938842774,23.66257908630371,558,685.112231414793,max_hold,11,2025
ZIM,2025-01-16 00:00:00,2025-01-27 00:00:00,16.653240840911867,17.68455931472778,752,775.5514923095682,max_hold,11,2025
MCD,2025-01-16 00:00:00,2025-01-27 00:00:00,280.2994702148437,292.50381634521483,44,536.9912297363287,max_hold,11,2025
DDOG,2025-01-16 00:00:00,2025-01-27 00:00:00,137.06357327270507,141.87568365478515,91,437.90204476928716,max_hold,11,2025
ENPH,2025-01-16 00:00:00,2025-01-27 00:00:00,63.59694122314453,63.82210076141357,196,44.131269500731776,max_hold,11,2025
STEM,2025-01-27 00:00:00,2025-01-28 00:00:00,14.368680152893067,12.37519961929321,871,-1736.3215447654743,stop,1,2025
AFRM,2025-01-27 00:00:00,2025-01-30 00:00:00,55.280338165283204,61.97579847717285,226,1513.1740304870602,rsi_exit,3,2025
ERIE,2025-01-21 00:00:00,2025-01-31 00:00:00,381.8321473388671,402.1441121826172,32,649.9828750000033,rsi_exit,10,2025
AES,2025-01-22 00:00:00,2025-02-03 00:00:00,11.152260114669799,10.688580038070679,1123,-520.7127260208118,max_hold,12,2025
SHAK,2025-01-24 00:00:00,2025-02-03 00:00:00,119.42838244628905,114.93965817260744,104,-466.82732446288765,max_hold,10,2025
CELH,2025-01-27 00:00:00,2025-02-04 00:00:00,25.430759159088133,22.874160076141358,492,-1257.8467488098133,stop,8,2025
RIVN,2025-01-27 00:00:00,2025-02-05 00:00:00,12.875700382232667,12.744460456848145,972,-127.56520747375518,regime_exit,9,2025
ON,2025-01-27 00:00:00,2025-02-05 00:00:00,54.047878623962404,51.616561218261715,231,-561.6343207168592,regime_exit,9,2025
PLUG,2025-01-28 00:00:00,2025-02-05 00:00:00,1.9639200382232669,1.8463000237941742,6377,-750.0628320143238,regime_exit,8,2025
CMCSA,2025-01-30 00:00:00,2025-02-05 00:00:00,31.224460350036622,31.745191661834717,401,208.8132560310359,regime_exit,6,2025
OXY,2025-01-31 00:00:00,2025-02-05 00:00:00,46.743301528930665,47.26528060913086,267,139.3684144134525,regime_exit,5,2025
FANG,2025-02-03 00:00:00,2025-02-05 00:00:00,164.80895571899413,164.43047451782226,75,-28.386090087889926,regime_exit,2,2025
APA,2025-02-03 00:00:00,2025-02-05 00:00:00,21.512939311981203,22.1456205329895,582,368.2204706268293,regime_exit,2,2025
OLN,2025-02-04 00:00:00,2025-02-05 00:00:00,27.775439311981202,26.65657908630371,450,-503.4871015548708,regime_exit,1,2025
TEAM,2025-03-03 00:00:00,2025-03-06 00:00:00,274.7684412231445,250.15868365478514,45,-1107.4390905761722,stop,3,2025
BILL,2025-03-03 00:00:00,2025-03-07 00:00:00,51.673139694213866,47.14552167510986,242,-1095.683560623169,stop,4,2025
MPWR,2025-02-28 00:00:00,2025-03-10 00:00:00,612.2320297851562,580.4268468017578,20,-636.1036596679673,max_hold,10,2025
NTAP,2025-02-28 00:00:00,2025-03-10 00:00:00,100.00961755371095,91.86590304565428,125,-1017.9643135070844,max_hold,10,2025
RKLB,2025-03-03 00:00:00,2025-03-10 00:00:00,18.697319847106932,17.085760837554933,669,-1078.1329773902878,stop,7,2025
OMCL,2025-03-03 00:00:00,2025-03-12 00:00:00,37.8054595413208,33.273320152282714,331,-1500.1381377716066,stop,9,2025
BRZE,2025-03-03 00:00:00,2025-03-13 00:00:00,35.19023892974854,33.043780609130856,355,-761.9927038192773,max_hold,10,2025
AVGO,2025-03-03 00:00:00,2025-03-13 00:00:00,187.7447351074219,190.97728060913087,66,213.34800311279292,max_hold,10,2025
ABNB,2025-03-07 00:00:00,2025-03-13 00:00:00,134.65877938842775,119.14123725891112,93,-1443.1314180450463,stop,6,2025
CZR,2025-03-06 00:00:00,2025-03-17 00:00:00,28.967819847106934,28.02383992385864,432,-407.7993268432624,max_hold,11,2025
PANW,2025-03-10 00:00:00,2025-03-17 00:00:00,174.1776618347168,184.63,71,742.1160097351078,regime_exit,7,2025
INTC,2025-03-10 00:00:00,2025-03-17 00:00:00,19.96986030578613,25.638620532989503,627,3554.312662456514,rsi_exit,7,2025
STLD,2025-03-10 00:00:00,2025-03-17 00:00:00,119.63880152893067,124.69012243652342,104,525.3373743896464,regime_exit,7,2025
TXN,2025-03-12 00:00:00,2025-03-17 00:00:00,176.05139694213867,179.63002548217773,71,254.08262634277344,regime_exit,5,2025
ADBE,2025-03-13 00:00:00,2025-03-17 00:00:00,378.5956763305664,398.54131634521485,33,658.2061204833992,regime_exit,4,2025
IRTC,2025-03-13 00:00:00,2025-03-17 00:00:00,97.96553663635254,103.49259695434571,127,701.9366603851333,regime_exit,4,2025
NBIX,2025-03-13 00:00:00,2025-03-17 00:00:00,109.20797785949705,111.277,114,235.8685240173365,regime_exit,4,2025
PLUG,2025-03-27 00:00:00,2025-04-01 00:00:00,1.4428800573348999,1.3073799428939819,8680,-1176.1409933471684,stop,5,2025
POOL,2025-03-26 00:00:00,2025-04-02 00:00:00,327.5838526611328,325.00868365478516,38,-97.85642224121125,rsi_exit,7,2025
WERN,2025-03-26 00:00:00,2025-04-02 00:00:00,29.989860305786134,30.019839923858644,417,12.501500736236501,rsi_exit,7,2025
UPS,2025-03-26 00:00:00,2025-04-03 00:00:00,111.23202214050295,99.91976274108889,112,-1266.9730527343747,stop,8,2025
ARRY,2025-03-27 00:00:00,2025-04-03 00:00:00,5.120220133781433,4.421139828681945,2446,-1709.950426273346,stop,7,2025
APD,2025-03-27 00:00:00,2025-04-04 00:00:00,295.71023510742185,262.94306121826173,42,-1376.2213033447251,stop,8,2025
PFE,2025-03-27 00:00:00,2025-04-04 00:00:00,25.0600202293396,22.924059314727785,499,-1065.8444963912955,stop,8,2025
WDC,2025-04-03 00:00:00,2025-04-04 00:00:00,34.21830152893067,30.47892091369629,366,-1368.6133051757822,stop,1,2025
MRK,2025-03-26 00:00:00,2025-04-07 00:00:00,88.28622061157226,81.01764030456543,141,-1024.8698232879628,max_hold,12,2025
RARE,2025-04-01 00:00:00,2025-04-08 00:00:00,33.907680152893064,30.9978794670105,369,-1073.7164530906666,stop,7,2025
TMO,2025-04-03 00:00:00,2025-04-08 00:00:00,470.97005877685547,418.47137756347655,26,-1364.9657115478517,stop,5,2025
INTC,2025-04-04 00:00:00,2025-04-08 00:00:00,19.889700382232665,18.09373916244507,629,-1129.659607246398,stop,4,2025
HPQ,2025-04-03 00:00:00,2025-04-10 00:00:00,23.8275606880188,22.82426083755493,525,-526.7324214935309,regime_exit,7,2025
STX,2025-04-03 00:00:00,2025-04-10 00:00:00,71.67305877685547,69.60051786804199,174,-360.6221181335454,regime_exit,7,2025
AES,2025-04-04 00:00:00,2025-04-10 00:00:00,10.801559732437134,10.279400190353394,1159,-605.1829092750546,regime_exit,6,2025
BIIB,2025-04-04 00:00:00,2025-04-10 00:00:00,123.22596336364747,113.15323725891112,101,-1017.3453365783711,regime_exit,6,2025
WTW,2025-04-07 00:00:00,2025-04-10 00:00:00,301.61202978515627,316.0067346191406,41,590.1828981933584,regime_exit,3,2025
ENPH,2025-04-08 00:00:00,2025-04-10 00:00:00,49.6190404586792,49.460881370544435,252,-39.85609020996117,regime_exit,2,2025
WRBY,2025-04-08 00:00:00,2025-04-10 00:00:00,14.298540458679199,15.139660076141356,875,735.9796652793873,regime_exit,2,2025
GDRX,2025-04-08 00:00:00,2025-04-10 00:00:00,4.098180152893066,4.3113601713180545,3056,651.4781363067638,regime_exit,2,2025
POOL,2025-10-17 00:00:00,2025-10-27 00:00:00,290.79041143798827,292.9728775634766,43,93.84604339599707,max_hold,10,2025
APD,2025-10-17 00:00:00,2025-10-27 00:00:00,253.70639694213867,255.24847451782225,49,75.56180120849532,max_hold,10,2025
NSC,2025-10-17 00:00:00,2025-10-27 00:00:00,290.35955877685547,281.0767346191406,43,-399.1614387817388,max_hold,10,2025
DKNG,2025-10-17 00:00:00,2025-10-27 00:00:00,34.16819847106934,32.89407908630371,366,-466.3276948242192,max_hold,10,2025
PKG,2025-10-17 00:00:00,2025-10-27 00:00:00,203.73666183471678,206.19678060913085,61,150.06724523925828,max_hold,10,2025
MSCI,2025-10-17 00:00:00,2025-10-27 00:00:00,535.4186755371094,545.7662653808594,23,237.99456640625067,max_hold,10,2025
IAC,2025-10-17 00:00:00,2025-10-27 00:00:00,32.7954595413208,33.58270152282715,381,299.9391949539186,max_hold,10,2025
ALL,2025-10-20 00:00:00,2025-10-28 00:00:00,194.17757327270508,190.46830609130856,64,-237.3930996093768,regime_exit,8,2025
HIG,2025-10-27 00:00:00,2025-10-28 00:00:00,125.21994122314453,122.44462243652342,100,-277.53187866211135,regime_exit,1,2025
CHD,2025-10-27 00:00:00,2025-10-28 00:00:00,85.81127938842774,84.091482131958,145,-249.3706021881112,regime_exit,1,2025
CLX,2025-10-27 00:00:00,2025-10-28 00:00:00,115.731,114.98956121826171,108,-80.07538842773442,regime_exit,1,2025
PCRX,2025-10-27 00:00:00,2025-10-28 00:00:00,21.372659923553467,21.317280609130854,586,-32.45227825165103,regime_exit,1,2025
NXPI,2025-11-25 00:00:00,2025-12-02 00:00:00,191.40204428100589,214.91930609130856,65,1528.6220176696736,rsi_exit,7,2025
COST,2025-11-24 00:00:00,2025-12-04 00:00:00,887.8922351074219,894.0682653808594,14,86.46442382812506,max_hold,10,2025
LDOS,2025-11-24 00:00:00,2025-12-04 00:00:00,187.18361755371095,192.03515817260742,66,320.2016808471676,max_hold,10,2025
VICI,2025-11-24 00:00:00,2025-12-04 00:00:00,28.7774393119812,27.944,435,-362.5461007118229,max_hold,10,2025
AIG,2025-11-24 00:00:00,2025-12-04 00:00:00,75.26022061157227,77.12543878173828,166,309.6262162475588,max_hold,10,2025
WSO,2025-11-24 00:00:00,2025-12-04 00:00:00,331.6820289916992,347.28405096435546,37,577.2748129882812,max_hold,10,2025
LMT,2025-11-24 00:00:00,2025-12-04 00:00:00,451.9621175537109,447.4533060913086,27,-121.73790948486266,max_hold,10,2025
BE,2025-11-25 00:00:00,2025-12-04 00:00:00,94.4785809173584,117.85381634521484,132,3085.5310764770497,rsi_exit,9,2025
MSCI,2025-12-02 00:00:00,2025-12-10 00:00:00,548.3845579833984,537.1136224365234,22,-247.96058203124926,regime_exit,8,2025
HALO,2025-12-04 00:00:00,2025-12-10 00:00:00,63.07590076446533,62.52470152282715,198,-109.13744984435967,regime_exit,6,2025
PPL,2025-12-04 00:00:00,2025-12-10 00:00:00,34.22831984710693,33.19347832489014,365,-377.7171556091299,regime_exit,6,2025
BSX,2025-12-04 00:00:00,2025-12-10 00:00:00,97.91544122314453,92.51459695434572,127,-685.9072221374485,regime_exit,6,2025
AJG,2025-12-05 00:00:00,2025-12-10 00:00:00,240.18942672729492,239.9690969543457,52,-11.457148193359103,regime_exit,5,2025
ALL,2025-12-05 00:00:00,2025-12-10 00:00:00,202.6745442810059,200.78762243652343,61,-115.10223251342995,regime_exit,5,2025
PTON,2025-12-05 00:00:00,2025-12-10 00:00:00,6.432840076446533,6.666639828681946,1947,455.208117602349,regime_exit,5,2025
SEDG,2025-12-05 00:00:00,2025-12-10 00:00:00,29.5790404586792,31.496879467010498,423,811.2459005241395,regime_exit,5,2025
