symbol,entry_date,exit_date,entry_price,exit_price,qty,pnl,reason,ml_rank_pct,rule_score,combined_score,side
NVDA,2017-03-24,2017-04-04,2.7256122032403947,2.532909191116532,6332,-1251.8554727682983,stop,1.0,0.40575285477500644,1.0,long
MSFT,2017-03-24,2017-04-05,65.39268061065674,65.52721755981446,229,29.663961357117923,max_hold,0.9325842696629213,0.39781737677384243,1.0,long
BKNG,2017-03-24,2017-04-05,1754.4767755737305,1760.8891345214843,9,57.66623052978396,max_hold,0.9971910112359551,0.4056378428857838,1.0,long
ORCL,2017-03-29,2017-04-10,44.542260457992555,43.978,336,-191.27151388549788,max_hold,0.949438202247191,0.4233767864083612,1.0,long
AAPL,2017-04-05,2017-04-17,36.07302780532837,35.43977170753479,416,-265.514536682131,max_hold,0.9438202247191011,0.4810276944311446,1.0,long
BKNG,2017-04-06,2017-04-18,1765.632375,1762.4284035644532,9,-28.880742919920223,max_hold,0.9719101123595506,0.4007900077261109,1.0,long
NRG,2017-04-07,2017-04-19,18.92946007633209,17.871059161186217,792,-842.2135247955325,max_hold,0.9353932584269663,0.5404416191048669,1.0,long
D,2017-04-12,2017-04-24,77.41868725204468,78.0309646949768,222,134.81559233093182,max_hold,0.9775280898876404,0.3656201077065366,1.0,long
NEE,2017-04-18,2017-05-08,32.741360973358155,33.720630487442016,527,513.4400339221944,max_hold,0.9775280898876404,0.3840335862191926,1.0,long
MSFT,2017-04-19,2017-05-09,65.68282652664185,69.00548091506958,228,756.4252005615239,max_hold,0.9438202247191011,0.38618000173494893,1.0,long
NVDA,2017-04-20,2017-05-10,2.508003481864929,2.9246581194674968,6881,2832.5955613432698,stop,0.9971910112359551,0.1954507378383444,1.0,long
AAPL,2017-04-25,2017-05-15,35.995489665985104,38.90553673744202,416,1208.499581726077,max_hold,0.9578651685393258,0.43103690560579155,1.0,long
ADBE,2017-05-01,2017-05-18,134.3671530532837,133.13234934761047,24,-29.755288936157168,stop,0.9213483146067416,0.4660181698541188,1.0,long
ORCL,2017-05-09,2017-05-18,45.52275,43.91448059761047,390,-629.1750669319173,stop,0.898876404494382,0.43569604458689937,1.0,long
AMZN,2017-05-01,2017-05-22,46.41319438934326,48.50923392105103,641,1340.3563398246786,max_hold,0.8820224719101124,0.5260821593642879,1.0,long
LOW,2017-05-01,2017-05-22,84.88241633605956,84.00797805023193,1,-0.8794382858276367,max_hold,0.8426966292134831,0.4622686138740202,1.0,long
CMG,2017-05-01,2017-05-22,9.464930409908295,9.650971965789795,3,0.5431246676445008,max_hold,0.9634831460674157,0.4414769403725292,1.0,long
MSFT,2017-05-10,2017-05-30,69.02449286270142,70.37479866027832,228,306.72972184753183,max_hold,0.8820224719101124,0.4320617020827197,1.0,long
INTU,2017-05-11,2017-05-31,126.90341633605956,140.56967938995362,158,2158.479562515261,max_hold,0.9466292134831461,0.45439863509440676,1.0,long
AAPL,2017-05-16,2017-06-05,39.00449311065674,38.46325691986084,416,-227.23425537109424,max_hold,0.8286516853932584,0.48995993528942994,1.0,long
CMG,2017-05-23,2017-06-07,9.69604585647583,9.28220735290043,7,-2.9318695250278015,stop,0.8286516853932584,0.39096051208186794,1.0,long
HD,2017-05-19,2017-06-08,156.11801328277588,153.42325,130,-350.9692267608645,max_hold,0.800561797752809,0.40939391969685174,1.0,long
SHOP,2017-05-22,2017-06-09,8.998497435092926,8.95137743703833,3,-0.15635999416378732,stop,0.9578651685393258,0.627498592241985,1.0,long
MU,2017-05-31,2017-06-09,31.025505228996277,29.837430914316275,517,-616.8194206895608,stop,0.8904494382022472,0.5828071292511764,1.0,long
MSFT,2017-06-06,2017-06-09,72.3361530532837,69.73930699018669,221,-575.0079799444379,stop,0.8792134831460674,0.4980551694703349,1.0,long
AAPL,2017-06-08,2017-06-09,38.83190625,37.44335788014143,2,-2.7870967397171516,stop,0.9662921348314607,0.42026658698113395,1.0,long
ADBE,2017-06-09,2017-06-09,143.21156938934325,137.62232555135984,139,-777.5998934796951,stop,0.8342696629213483,0.46687895736135104,1.0,long
TMO,2017-05-23,2017-06-12,173.47669438934327,173.2933148803711,141,-26.561510765075425,max_hold,0.8117977528089888,0.4476997015884094,1.0,long
MCD,2017-05-23,2017-06-12,148.29411122131347,148.28492574825285,45,-0.6383462877281602,stop,0.9662921348314607,0.49059184176840465,1.0,long
NEE,2017-06-01,2017-06-21,35.35517027664184,35.24736688995361,628,-70.84052684020982,max_hold,0.9943820224719101,0.5129875634035697,0.9802991303788465,long
INTU,2017-06-12,2017-06-27,139.02948671722413,135.43401273049236,214,-770.5014331606,stop,0.9241573033707865,0.4550188260438842,1.0,long
MO,2017-06-13,2017-06-29,74.75736122131347,74.95265404195786,416,79.1618133880633,stop,0.9550561797752809,0.42695767196411355,1.0,long
AMD,2017-06-23,2017-06-29,14.157074618339538,12.4633652671051,1,-1.6987093512344371,stop,0.9831460674157303,0.7109510190264566,1.0,long
PGR,2017-06-12,2017-07-03,43.46171862602234,44.28784637260437,468,384.2877854003907,max_hold,0.9719101123595506,0.4857775901792261,1.0,long
NVDA,2017-06-26,2017-07-03,3.8809394484758375,3.4800861584035205,2,-0.8117065801446339,stop,0.8202247191011236,0.5543160394817165,1.0,long
FTNT,2017-06-16,2017-07-06,7.523759980916977,7.592202194452285,2,0.12688442707061554,max_hold,0.8876404494382022,0.1910123494374878,0.9914832103710264,long
BLK,2017-06-22,2017-07-12,420.50015354919435,435.0723635406494,52,757.4949195556628,max_hold,0.9410112359550562,0.4137399348322229,1.0,long
AXP,2017-06-22,2017-07-12,82.15105561065674,84.77758969497681,3,7.8646022529602115,max_hold,0.8960674157303371,0.43751997586789787,1.0,long
MSFT,2017-06-28,2017-07-12,69.2446040840149,71.11442652511597,418,779.4957803802507,max_hold,0.9438202247191011,0.24352657150205223,1.0,long
AAPL,2017-06-30,2017-07-12,36.13055548667908,36.41678387260437,864,242.9813254394516,max_hold,0.9719101123595506,0.20891613530407319,1.0,long
COF,2017-07-05,2017-07-17,83.43169438934326,82.12891316986084,248,-324.32974243164176,max_hold,0.8033707865168539,0.33307328853788076,1.0,long
PGR,2017-07-06,2017-07-18,44.772375,45.317330152511595,1,0.5399551525115979,max_hold,0.9157303370786517,0.44931694256898547,1.0,long
FTNT,2017-07-11,2017-07-27,7.705851141214371,7.73397728510859,2,0.046252287788439046,stop,0.8202247191011236,0.32026063558638324,1.0,long
AAPL,2017-07-20,2017-07-27,37.8939375,36.922751180335936,58,-56.618806540515685,stop,0.9353932584269663,0.45481798540874885,1.0,long
SHOP,2017-07-13,2017-08-02,9.578787358760836,9.830082538127899,1801,443.5776180400793,max_hold,1.0,0.5548308436746682,1.0,long
MSFT,2017-07-20,2017-08-02,74.21709030532837,71.58649002738953,471,-1241.3677309091934,stop,0.9382022471910112,0.4795714168382787,1.0,long
ORCL,2017-07-19,2017-08-08,50.48522908401489,49.354358708915704,297,-337.35350140445803,stop,0.949438202247191,0.4591651913127322,1.0,long
NVDA,2017-07-20,2017-08-09,4.150324228048325,4.300598735570907,8437,1225.68101996803,max_hold,0.9466292134831461,0.5681185068571428,1.0,long
AVGO,2017-08-02,2017-08-10,25.472729084014894,24.102353742722766,1,-1.375375341292128,stop,0.8202247191011236,0.4021234661688029,1.0,long
INTU,2017-07-28,2017-08-16,136.54823572540283,137.85103816986083,15,19.467036666869934,max_hold,0.9241573033707865,0.4286427591014017,1.0,long
LLY,2017-07-28,2017-08-16,82.91143774795532,80.15140277826308,1,-2.765034969692242,stop,0.8623595505617978,0.3878196520230353,1.0,long
MU,2017-08-03,2017-08-16,28.404194389343264,30.674655533790588,1232,2791.048129959104,max_hold,0.9606741573033708,0.20886908656220562,1.0,long
PGR,2017-08-03,2017-08-16,47.25361454200745,48.685644084930416,347,495.1792513942702,max_hold,0.9719101123595506,0.46496167243134345,1.0,long
SCHW,2017-08-10,2017-08-17,41.61079515266418,39.65606752997234,589,-1154.2795697654944,stop,0.848314606741573,0.2387340545341052,1.0,long
BLK,2017-08-09,2017-08-18,426.52315255737307,416.03497491783145,34,-356.76803974441503,stop,0.9578651685393258,0.3606558685018443,1.0,long
SHOP,2017-08-08,2017-08-21,9.797896721363065,9.622186355113984,1,-0.18071036624908132,max_hold,0.9971910112359551,0.4162553029500372,1.0,long
NEE,2017-08-11,2017-08-23,36.928454847335814,37.3912948474884,322,147.42448004913365,max_hold,0.9831460674157303,0.4454331048445351,1.0,long
NRG,2017-08-18,2017-08-30,25.302645915985106,24.83757538127899,682,-320.5881046695703,max_hold,0.9831460674157303,0.5511292793912462,1.0,long
AJG,2017-08-22,2017-09-05,58.31914591598511,57.68114408493042,295,-189.68554016113276,max_hold,0.9859550561797753,0.3411841077708453,0.9544187559503401,long
D,2017-08-23,2017-09-05,78.9994790840149,78.15090744018555,189,-161.32504068374624,max_hold,0.9550561797752809,0.4113908825532637,1.0,long
PEG,2017-08-25,2017-09-06,47.39368393135071,45.87705152511597,316,-480.83584037017823,max_hold,0.9325842696629213,0.4338765528447843,1.0,long
DUK,2017-08-31,2017-09-12,87.42368725204467,87.23635877990722,171,-32.888168735504244,max_hold,0.9327731092436975,0.39307274404037323,0.9896669104787903,long
NRG,2017-09-06,2017-09-14,24.532260457992553,23.04530686984556,703,-1048.8433724673357,stop,0.9915966386554622,0.45177352764994344,1.0,long
AEP,2017-09-06,2017-09-18,74.27711786270142,71.9047825684738,202,-480.2217294339774,stop,0.9663865546218487,0.44412767030373607,1.0,long
ORCL,2017-09-15,2017-09-18,50.67532652664185,48.20402468146504,432,-1069.7623971163791,stop,0.9103641456582633,0.5328132538708505,1.0,long
D,2017-09-12,2017-09-22,79.8298959159851,76.99733163414615,216,-612.9138848772144,stop,0.9775910364145658,0.4202782894206782,1.0,long
NVDA,2017-09-18,2017-09-25,4.630814234733582,4.289264969541479,2,-0.6930985303842052,stop,0.9243697478991597,0.6568232623294791,1.0,long
FTNT,2017-09-21,2017-09-28,7.6578268053531655,7.234263207749662,3,-1.2856907928105097,stop,0.8431372549019608,0.38747026315917826,1.0,long
INTU,2017-09-19,2017-09-29,144.37215305328368,140.82127439271326,75,-266.6908995427814,stop,0.9635854341736695,0.460898653748662,1.0,long
EMR,2017-09-13,2017-10-03,61.15055893135071,63.298336830139164,245,524.9805852031714,max_hold,0.9439775910364145,0.44040157750237297,1.0,long
MU,2017-09-15,2017-10-05,34.657319389343265,39.35031393241882,1010,4734.874488506312,max_hold,0.9355742296918768,0.5122209447192284,1.0,long
MSFT,2017-09-19,2017-10-09,75.2476040840149,76.25185591506958,325,324.7568450927737,max_hold,0.8571428571428571,0.44985644682185866,1.0,long
AAPL,2017-09-21,2017-10-11,38.96947576332092,39.117932012557986,1,0.14345624923706424,max_hold,0.896358543417367,0.2835377096268457,1.0,long
SPGI,2017-09-25,2017-10-16,156.65829183197022,162.37877671051027,106,605.8413971252452,max_hold,0.8599439775910365,0.4523065054362783,1.0,long
ANET,2017-09-29,2017-10-19,11.7715078125,11.877183742523192,4,0.40270372009276967,max_hold,0.8683473389355743,0.46950167020850225,1.0,long
BLK,2017-10-02,2017-10-23,447.9538759918213,474.1528196411133,23,602.4607039337161,max_hold,0.9831932773109243,0.46691565040479827,1.0,long
AXP,2017-10-02,2017-10-23,90.48522244262693,92.33380725479124,2,3.687169624328609,max_hold,0.896358543417367,0.46074989905275854,1.0,long
KLAC,2017-10-04,2017-10-24,102.68131225204466,107.63615744018553,151,747.4266234092706,max_hold,0.8296089385474861,0.465521230381201,1.0,long
ORCL,2017-10-06,2017-10-26,48.66431938934326,50.12492652511597,719,1046.5815306205745,max_hold,0.9329608938547486,0.20147171311778656,1.0,long
BSX,2017-10-24,2017-10-26,29.844914923667908,28.78594272988886,1,-1.0639721937790485,stop,0.935933147632312,0.4433545938696629,1.0,long
MSFT,2017-10-10,2017-10-30,76.36816683197021,83.84805438995362,320,2391.964018554689,max_hold,0.8212290502793296,0.42086408116258,1.0,long
AAPL,2017-10-12,2017-11-01,39.10704527664185,41.701638597488405,133,344.41591167259196,max_hold,0.8519553072625698,0.24523046748216928,1.0,long
CRM,2017-10-17,2017-11-06,97.0084790840149,102.36878816986085,177,947.8897081947341,max_hold,0.9192200557103064,0.42449632658820896,1.0,long
TXN,2017-10-20,2017-11-09,94.09702805328368,97.00147805023192,1,2.8994499969482446,max_hold,0.8997214484679665,0.46926470714515517,1.0,long
ORCL,2017-10-27,2017-11-09,50.315145915985106,48.959450246035566,230,-312.9600040883942,stop,0.9331476323119777,0.4412896555635609,1.0,long
INTU,2017-10-24,2017-11-13,147.16354133605958,154.81255438995362,75,573.3009790420529,max_hold,0.9164345403899722,0.4105390848445749,1.0,long
ADBE,2017-10-25,2017-11-14,170.4551801147461,181.22934732055663,95,1023.0708845520002,max_hold,0.9832869080779945,0.5506128590917975,1.0,long
NVDA,2017-10-27,2017-11-14,4.9474726717472075,5.351822566986084,4954,1978.379381013395,max_hold,0.8467966573816156,0.4690443045720726,1.0,long
MSFT,2017-10-31,2017-11-14,84.40218061065674,84.00797805023193,318,-126.94641421509144,max_hold,0.9415041782729805,0.5568927380591404,1.0,long
LRCX,2017-11-02,2017-11-14,20.310149236679077,20.853568320274352,274,147.52682890510528,max_hold,0.8328690807799443,0.5113406775015352,1.0,long
MU,2017-11-07,2017-11-20,43.60179183197022,47.616179389953615,415,1663.89583656311,max_hold,0.8523676880222841,0.5457423073640487,1.0,long
CRM,2017-11-10,2017-11-22,103.46170866394043,106.77658683013915,110,364.08659828185966,max_hold,0.8050139275766016,0.466906925898659,1.0,long
AAPL,2017-11-14,2017-11-27,43.28162832069397,43.50073783493042,268,57.38134981536868,max_hold,0.9888579387186629,0.4339744710721163,1.0,long
FTNT,2017-11-14,2017-11-27,7.993994771003723,8.361817175388337,1,0.3628224043846141,max_hold,0.9415041782729805,0.45683374646883507,1.0,long
OXY,2017-11-21,2017-12-04,68.10403469467163,70.02496755981446,220,421.50523033142275,max_hold,0.9498607242339833,0.4275730496755294,1.0,long
ROST,2017-11-24,2017-12-06,72.30613164138794,76.75160591506958,207,919.1781746520995,max_hold,0.9526462395543176,0.5518353964235125,1.0,long
APD,2017-11-28,2017-12-11,160.97044438934327,163.0384351196289,93,191.85813791656352,max_hold,0.9303621169916435,0.39726265059557386,0.9820321334425942,long
DUK,2017-11-30,2017-12-12,89.19457652664184,87.08643225479126,168,-355.0082376708969,max_hold,0.9637883008356546,0.366289302786086,1.0,long
D,2017-12-05,2017-12-19,83.69182652664185,81.64801052613848,179,-366.7380640901031,stop,0.9610027855153204,0.4224287161882483,1.0,long
CMG,2017-12-18,2017-12-22,6.2631302289962765,5.841704685512788,5,-2.132127717417443,stop,0.9220055710306406,0.12821584449884418,1.0,long
TSLA,2017-12-14,2017-12-26,22.745366251945494,21.194223813585527,1308,-2035.4343093748373,stop,0.9275766016713092,0.3507680146205861,1.0,long
ETSY,2017-12-08,2017-12-28,19.099545152664184,20.63967461872101,785,1205.076630854608,max_hold,0.9637883008356546,0.5566413064104313,1.0,long
MPWR,2017-12-12,2018-01-02,113.3466459159851,116.25184255981446,152,440.82988986206215,max_hold,1.0,0.2644030235381262,0.9632201511769063,long
SHOP,2017-12-14,2018-01-03,10.368181416034698,10.769612118721007,3884,1539.7368492336227,max_hold,0.9972144846796658,0.33672361632552344,1.0,long
BLK,2017-12-14,2018-01-03,514.817277557373,514.082856842041,6,-4.436524291992128,max_hold,0.8551532033426184,0.480978914941822,1.0,long
SCHW,2017-12-14,2018-01-03,50.56527091598511,51.49424045753479,2,1.8479390830993532,max_hold,0.883008356545961,0.5072313678129144,1.0,long
PGR,2017-12-20,2018-01-09,55.96796862602234,56.14191316986084,261,44.09452594184899,max_hold,0.8272980501392758,0.47504736197529474,1.0,long
NVDA,2017-12-26,2018-01-16,4.828162749052048,5.499998544931412,7,4.667850571155547,max_hold,0.9832869080779945,0.2188328511747099,1.0,long
AMZN,2017-12-27,2018-01-16,59.024996406555175,65.2103747177124,415,2564.8569991302475,max_hold,0.8495821727019499,0.3876615327039701,1.0,long
MSFT,2017-12-29,2018-01-18,85.67281225204468,90.05494847488403,226,989.232786361693,max_hold,0.9331476323119777,0.4020014977943681,1.0,long
MCD,2018-01-03,2018-01-23,173.31661072540282,176.72159255981444,102,346.7981471099847,max_hold,0.9721448467966574,0.42690748734338135,1.0,long
FTNT,2018-01-04,2018-01-24,9.026511312961578,9.045475190639495,3297,46.038904704093326,max_hold,0.9025069637883009,0.4906796027066649,1.0,long
ROST,2018-01-04,2018-01-24,80.50022908401489,84.54770133972168,189,764.0272563285839,max_hold,0.958217270194986,0.4787976850307444,1.0,long
SHOP,2018-01-05,2018-01-25,11.060527805328368,12.483754771232604,4,5.672907863616945,max_hold,0.9860724233983287,0.5621323303988717,1.0,long
AAPL,2018-01-17,2018-01-25,44.05951722335816,43.16910834646571,556,-497.84733555219873,stop,0.841225626740947,0.44090881179272823,1.0,long
HD,2018-01-10,2018-01-30,192.85637450408933,197.59970886307508,76,360.1134112829169,stop,0.8050139275766016,0.4714589426743295,1.0,long
ORCL,2018-01-24,2018-01-30,51.385680610656735,50.80775068635171,351,-204.60840343106366,stop,0.807799442896936,0.4734309613821779,1.0,long
INTU,2018-01-25,2018-02-02,168.1140137786865,163.4933239556078,32,-148.02207433851905,stop,0.9498607242339833,0.44473241354344467,1.0,long
ADBE,2018-01-17,2018-02-05,194.1170142745972,189.60148583849835,13,-58.7668696692852,stop,0.8440111420612814,0.547607621443594,1.0,long
MSFT,2018-01-19,2018-02-05,90.18506938934325,89.52258202985448,226,-150.852143244464,stop,0.9220055710306406,0.47501885152860457,1.0,long
NVDA,2018-01-25,2018-02-05,5.95297480916977,5.674711102228165,6764,-1915.9957137530143,stop,0.9721448467966574,0.5745813615032245,1.0,long
SCHW,2018-01-26,2018-02-05,54.39718393135071,51.46604854628285,444,-1303.6441109701304,stop,0.9136490250696379,0.43195458521288677,1.0,long
MS,2018-01-31,2018-02-05,56.738354084014894,53.922691057876,432,-1218.5264272920017,stop,0.8607242339832869,0.44074920171814147,1.0,long
ISRG,2018-01-31,2018-02-06,143.40499491119385,132.31261003875733,58,-643.6483226013185,stop,0.8969359331476323,0.4782330968819114,1.0,long
AIG,2018-02-05,2018-02-06,62.321145915985106,59.07632588661229,84,-272.9848824673167,stop,0.8440111420612814,0.2588650344631144,1.0,long
ENPH,2018-02-08,2018-02-08,2.521259980916977,2.3183994028523975,6845,-1422.8056568520472,stop,0.9805013927576601,0.6030937077819112,0.9626059388709897,long
FTNT,2018-01-29,2018-02-12,9.156576427459717,9.291351527214053,3,0.3893252992630073,max_hold,0.8690807799442897,0.4494244381543752,1.0,long
EBAY,2018-02-13,2018-02-26,42.01099667930603,43.80808683013916,357,639.7761838474268,max_hold,0.9665738161559888,0.4555070426987723,1.0,long
FTNT,2018-02-14,2018-02-26,9.590793442726136,10.05896812963486,1564,724.4052103252429,max_hold,0.9526462395543176,0.5446371880230126,0.9878231556847998,long
SHOP,2018-02-16,2018-02-28,13.55577428627014,13.814089599132537,1107,280.4200513386734,max_hold,0.9331476323119777,0.7326649157463742,0.9817956347813067,long
SEDG,2018-02-20,2018-03-05,45.52275,50.57469847488403,379,1912.7934719810469,max_hold,0.9944289693593314,0.698536103076642,0.9799128775772304,long
AMAT,2018-02-28,2018-03-12,57.928951526641846,60.93951622009277,259,778.4412556037893,max_hold,0.9442896935933147,0.42439772326562897,1.0,long
BKNG,2018-03-02,2018-03-22,2003.821356262207,2112.743148803711,7,762.4175477905275,max_hold,0.9554317548746518,0.5178869936449993,1.0,long
INTU,2018-03-05,2018-03-23,167.67379133605957,169.95725669779432,89,202.78341719439325,stop,0.9554317548746518,0.40676798849922446,0.925153623873559,long
SCHW,2018-03-15,2018-03-23,56.34815969467163,52.30065799800096,377,-1527.7931396448432,stop,0.8916666666666667,0.47647270910869743,1.0,long
BSX,2018-03-15,2018-03-23,28.08403469467163,26.71680996180809,1,-1.3722247328635406,stop,0.8305555555555556,0.36007838981310253,1.0,long
SHOP,2018-03-07,2018-03-26,14.001997385501861,13.665479302285837,1071,-365.7658671243619,stop,0.9665738161559888,0.6072201050681492,0.9868681692759484,long
NVDA,2018-03-16,2018-03-27,6.253125,5.641115985870126,1,-0.6170090141298737,stop,0.8555555555555555,0.48605291526145733,1.0,long
KBH,2018-03-14,2018-03-28,30.125055610656734,27.701193636223294,572,-1389.309049375927,stop,0.9972222222222222,0.2737829375013308,0.9611891468750666,long
LRCX,2018-03-15,2018-03-28,22.411199618339538,20.62344265697479,1796,-3219.7915026110836,stop,0.9805555555555555,0.6027148384464548,1.0,long
MU,2018-03-26,2018-03-28,56.28812832069397,51.75918551601094,435,-1972.2651200371197,stop,0.8388888888888889,0.5085337074968848,1.0,long
UNH,2018-03-23,2018-04-04,215.857875,228.67559828948976,68,871.2651836853029,max_hold,0.8305555555555556,0.22894549308821108,0.9950051478249251,long
ISRG,2018-03-26,2018-04-09,135.9946295928955,135.14905121612549,77,-65.49453501129163,max_hold,0.9,0.23572829270232845,1.0,long
BKNG,2018-03-27,2018-04-09,2138.498646606445,2047.7156202392578,6,-544.7281582031244,max_hold,0.9666666666666667,0.4529668740789255,1.0,long
TJX,2018-03-27,2018-04-09,40.48523265266419,41.284347805023195,45,35.73518185615534,max_hold,0.9555555555555556,0.3674620102447605,0.9933592175480949,long
CMG,2018-03-28,2018-04-09,6.44322005724907,6.33882900762558,1,-0.10939104962348989,max_hold,0.9,0.08677591809515167,1.0,long
SHOP,2018-04-11,2018-04-23,12.205099858760835,12.284854866027832,1414,105.70358027553286,max_hold,0.9944444444444445,0.18670898196355584,0.9907678596592568,long
NVDA,2018-04-12,2018-04-24,5.752875,5.527235209703446,3000,-691.9193708896637,max_hold,0.9722222222222222,0.19074195697082988,1.0,long
OXY,2018-04-12,2018-04-24,71.80588164138794,77.30132633972168,209,1147.502941951752,max_hold,0.9361111111111111,0.4786173098676436,1.0,long
NFLX,2018-04-18,2018-04-24,33.646816068649294,30.93959324776577,512,-1388.6580842923636,stop,0.9777777777777777,0.717366969789474,0.9658683484894737,long
LLY,2018-04-30,2018-05-01,83.13154133605957,79.10053342362417,168,-678.0493292891471,stop,0.961218836565097,0.34965743983438446,1.0,long
SNAP,2018-04-27,2018-05-02,14.75,11.035514732837678,1694,6283.8680425729735,short_take_profit,0.1440443213296399,0.0,,short
OXY,2018-04-25,2018-05-03,77.288625,77.25135591506958,223,-9.426005939482527,max_hold,0.9750692520775623,0.48285255936694993,1.0,long
ETSY,2018-05-09,2018-05-09,30.705345534324646,28.234793432632884,488,-1208.06942562558,stop,0.9445983379501385,0.622322726426781,1.0,long
OLN,2018-04-27,2018-05-09,30.770000457763672,32.63250858547211,812,-1516.4165996992513,short_stop,0.1329639889196676,0.0,,short
O,2018-04-27,2018-05-10,48.77907180786133,51.73166902439118,512,-1514.2897748632845,short_stop,0.027700831024930747,0.0,,short
NVDA,2018-05-08,2018-05-15,6.220358495235443,6.036109795647633,2774,-524.9758926565852,stop,0.9833795013850416,0.6129095050057036,1.0,long
TTD,2018-05-14,2018-05-15,7.554775618314743,7.376550167636872,2284,-418.48692934825607,stop,1.0,1.0,1.0,long
MMC,2018-04-27,2018-05-17,82.30999755859375,81.0405,303,383.14276025390797,short_max_hold,0.08033240997229917,0.0,,short
HOG,2018-04-27,2018-05-17,41.56999969482422,42.59128469467163,601,-616.7972849082934,short_max_hold,0.07756232686980609,0.0,,short
CCI,2018-04-27,2018-05-17,102.91999816894533,101.96095866394043,242,230.8775602111847,short_max_hold,0.08310249307479224,0.0,,short
INTU,2018-05-08,2018-05-21,188.37413877868653,191.59415744018554,79,253.9864742584219,max_hold,0.9335180055401662,0.5284545295892328,0.9775254824483226,long
USB,2018-05-03,2018-05-23,49.75,50.965468626022336,502,-612.6752502632125,short_max_hold,0.10249307479224377,0.0,,short
XOM,2018-05-22,2018-05-25,82.48122244262696,78.83771164280112,209,-762.5387571635991,stop,0.9722991689750693,0.3231304092414604,1.0,long
ROST,2018-05-24,2018-05-25,82.57126377868653,77.9216269835264,296,-1377.7724913673997,stop,0.861878453038674,0.42824363796265286,1.0,long
SCHW,2018-05-24,2018-05-29,58.60929183197022,55.47630171899112,477,-1496.8212838910313,stop,0.9558011049723757,0.44391782627793613,0.9697135612205964,long
AMZN,2018-05-14,2018-06-04,80.2400969467163,83.22186465072632,187,556.6555606498721,max_hold,0.9335180055401662,0.46402804573924755,0.9540073165220335,long
AAPL,2018-05-17,2018-06-06,47.0235,48.47075143241882,319,460.0782069416048,max_hold,0.9335180055401662,0.42091845631293906,0.977468697874109,long
SHOP,2018-05-18,2018-06-07,14.533263022899627,16.11793645095825,1032,1630.2229777564996,max_hold,0.9418282548476454,0.49168040146575615,1.0,long
CMG,2018-05-25,2018-06-14,8.68253886795044,9.204195915699005,1,0.5166570477485654,max_hold,0.9116022099447514,0.4326003240877953,1.0,long
ETSY,2018-05-30,2018-06-14,30.51525,40.17215534673691,803,7750.479993429735,stop,0.8646408839779005,0.42967404678916793,1.0,long
CAT,2018-05-29,2018-06-15,154.33712450408936,149.762838583524,63,-288.4950129956176,stop,0.8950276243093923,0.40377978539839854,1.0,long
LOW,2018-05-29,2018-06-18,95.54775,98.54070133972168,311,929.2528666534441,max_hold,0.919889502762431,0.5572290897296598,1.0,long
FTNT,2018-05-29,2018-06-18,12.046019961833954,13.227383205890655,8,9.41090595245361,max_hold,0.8397790055248618,0.4878737743516587,0.9954853513749016,long
AAPL,2018-06-07,2018-06-18,48.55926734733582,46.83626314368397,319,-551.2333409649392,stop,0.9226519337016574,0.45711021103377025,0.9741914434871094,long
LLY,2018-06-05,2018-06-25,85.292625,85.72711164474487,205,88.04476217269736,max_hold,0.9475138121546961,0.3818376030202137,1.0,long
EBAY,2018-06-18,2018-06-25,38.51925,36.91218543165021,245,-394.95581924569893,stop,0.8011049723756906,0.05438253742587809,1.0,long
NVDA,2018-06-19,2018-06-25,6.526261263370514,6.134743581164062,6170,-2446.5140992138067,stop,0.988950276243094,0.45538773178963154,1.0,long
MSFT,2018-06-19,2018-06-25,99.69982652664184,97.89771838615796,1,-1.807108140483881,stop,0.8425414364640884,0.41966646912799915,0.8845107208365979,long
PFE,2018-06-08,2018-06-28,34.675772672653196,34.479905658721925,479,-96.2152996730784,max_hold,0.8784530386740331,0.4175481387792368,1.0,long
TJX,2018-06-15,2018-06-28,47.26862143135071,47.64116841506958,518,190.3893375663745,max_hold,0.8729281767955801,0.46532290749758154,1.0,long
ROST,2018-06-15,2018-06-28,84.36215969467163,85.05744847488403,92,63.50656777954024,max_hold,0.8314917127071824,0.39509801563069435,1.0,long
TMO,2018-06-19,2018-06-28,210.96543061065674,202.9285397540901,25,-201.04727141416572,stop,0.8480662983425414,0.24887755664415076,0.9951007402426746,long
LLY,2018-06-26,2018-07-09,85.58277091598511,87.82606774520875,286,640.1528931579605,max_hold,0.8591160220994475,0.4148391229774608,1.0,long
ISRG,2018-06-26,2018-07-09,157.93560253143312,166.3900909729004,188,1588.503826995848,max_hold,0.9060773480662984,0.3927184716490045,0.997940711499675,long
FTNT,2018-06-26,2018-07-09,12.500247435092927,12.947523472785948,832,367.9736633605932,max_hold,0.914364640883978,0.40432489619099415,0.9693354014035402,long
VRTX,2018-07-03,2018-07-16,170.085,181.12939122009277,88,971.4664273681631,max_hold,0.9613259668508287,0.4323242993620572,1.0,long
OXY,2018-07-10,2018-07-16,85.66281274795533,81.47036786068759,175,-734.5528552718546,stop,0.9558011049723757,0.42193117359744053,1.0,long
LLY,2018-07-19,2018-07-24,89.87491683197021,90.00139974689483,389,47.25685390567815,stop,0.93646408839779,0.47029450026792735,1.0,long
VST,2018-07-19,2018-07-25,23.521755228996277,22.213460438612675,1,-1.313294790383602,stop,0.9392265193370166,0.29067831968620916,1.0,long
SHOP,2018-07-26,2018-07-30,16.941467064857484,15.000290201890742,1,-1.946176862966742,stop,0.9834254143646409,0.5523577539079815,0.9677005933720059,long
NVDA,2018-07-11,2018-07-31,6.240618940830231,6.11843926525116,2765,-351.65180297613114,max_hold,0.9779005524861878,0.37447932084800967,1.0,long
CMG,2018-07-19,2018-07-31,9.064530419826507,8.779900806161011,3283,-950.8540216638233,stop,0.9226519337016574,0.4097946096244856,1.0,long
PEG,2018-07-17,2018-08-01,51.99598622131348,50.05280597363417,288,-561.0759113316408,stop,0.9392265193370166,0.23506654025575,1.0,long
SO,2018-07-13,2018-08-02,47.923951526641844,48.44576622009277,313,161.7629990501404,max_hold,0.9392265193370166,0.38279794531698474,1.0,long
BKNG,2018-07-19,2018-08-08,2017.378180114746,2043.9775,4,106.37727954101545,max_hold,0.8314917127071824,0.19372357769793835,1.0,long
NEE,2018-07-19,2018-08-08,42.51875012397766,42.49874045753479,33,-0.8253189926148474,max_hold,0.930939226519337,0.41150399122847614,1.0,long
AAPL,2018-07-25,2018-08-14,48.28913188934326,52.41128125,725,2984.933286476138,max_hold,0.9668508287292817,0.4954506243187136,1.0,long
NVDA,2018-08-01,2018-08-17,6.156326842546463,6.139911396287765,5688,-121.81105831947332,stop,0.9640883977900553,0.2611644775825311,1.0,long
ADBE,2018-08-01,2018-08-17,245.1225,244.08116297687292,43,-44.99249199446464,stop,0.8839779005524862,0.2635352180797117,0.983144211133973,long
FTNT,2018-07-31,2018-08-20,12.626309885501861,15.328332442283632,1,2.6970225567817705,max_hold,0.9281767955801105,0.3101828494785134,1.0,long
TSLA,2018-08-15,2018-08-20,22.805397625923156,20.058715535856972,1305,-3590.94512753637,stop,0.925414364640884,0.41488145984526636,1.0,long
SCHW,2018-08-02,2018-08-22,50.225100763320924,50.904535305023195,289,194.91158255195637,max_hold,0.9337016574585635,0.0849329373410127,1.0,long
TMO,2018-08-03,2018-08-23,233.06647194671632,234.07290744018556,65,65.09330707550062,max_hold,0.8038674033149171,0.4840817956548034,1.0,long
UNH,2018-08-09,2018-08-29,260.0399586639404,268.8655,37,326.3600294342047,max_hold,0.9419889502762431,0.4149877970083923,1.0,long
MDT,2018-08-15,2018-09-04,90.95545866394043,95.51221755981447,90,409.65830062866365,max_hold,0.8176795580110497,0.43071532425866893,1.0,long
SHOP,2018-08-20,2018-09-06,13.80690019083023,13.31027193640061,2916,-1462.7479899167715,stop,1.0,0.09259723803532155,1.0,long
ETSY,2018-08-21,2018-09-06,47.26362167930603,45.8431667149744,518,-738.3856715237821,stop,0.861878453038674,0.5957314074141378,1.0,long
DHR,2018-08-20,2018-09-10,89.39751302719117,93.15375535202027,57,213.82081251525884,max_hold,0.8121546961325967,0.25900093386738887,1.0,long
NEE,2018-08-21,2018-09-10,43.64431262397766,42.98599594497681,40,-26.53266716003419,max_hold,0.9861878453038674,0.42168063264339684,1.0,long
AAPL,2018-08-30,2018-09-10,55.84040625,54.630396316588445,178,-216.27176814725686,stop,0.9005524861878453,0.5360763427366019,1.0,long
LLY,2018-08-23,2018-09-12,105.04249286270141,105.91701622009278,140,121.73327003479152,max_hold,0.856353591160221,0.48388521710848126,1.0,long
WMT,2018-08-24,2018-09-13,31.71251505088806,31.690813612937927,480,-12.816690216064808,max_hold,0.9281767955801105,0.30372633493571405,1.0,long
CMG,2018-09-14,2018-09-21,9.949772777080536,9.421164090226995,2,-1.0672173737070827,stop,0.8480662983425414,0.3236832123897181,1.0,long
ADBE,2018-09-05,2018-09-25,265.7427903442383,267.7060763397217,32,62.665151855468,max_hold,0.8342541436464088,0.43440265852223925,1.0,long
NVDA,2018-09-07,2018-09-27,6.728362404584884,6.681657442808151,5204,-269.07262108611855,max_hold,0.9585635359116023,0.3792582746679121,1.0,long
INTU,2018-09-07,2018-09-27,218.38913877868652,222.70859732055663,112,483.2193566894534,max_hold,0.8232044198895028,0.4341145455364283,1.0,long
ULTA,2018-09-11,2018-10-01,285.58272244262696,282.8185114593506,69,-191.0755578460696,max_hold,0.8287292817679558,0.5753758410628245,1.0,long
MSFT,2018-09-11,2018-10-01,108.95445152664185,115.55219561004638,1,6.592744083404535,max_hold,0.9033149171270718,0.3640729334870322,0.9844624577758323,long
LLY,2018-09-13,2018-10-03,106.21308366394042,108.56569274520875,140,328.6652713775657,max_hold,0.8867403314917127,0.4711715590382098,1.0,long
AMD,2018-10-02,2018-10-03,30.745364542007447,27.04239283656807,644,-2387.933778302959,stop,0.9613259668508287,0.6359385961623343,1.0,long
MDT,2018-09-14,2018-10-04,96.99847194671632,96.93151335525512,157,-11.297498859408623,max_hold,0.93646408839779,0.4560313839422175,1.0,long
SHOP,2018-09-26,2018-10-05,16.260126809120177,14.525284051610479,527,-916.8971332076109,stop,0.9613259668508287,0.4712447726771857,1.0,long
NVDA,2018-09-28,2018-10-05,6.821659304380417,6.710549614149317,5133,-595.9910399562394,stop,0.9640883977900553,0.3462127028491069,1.0,long
ENPH,2018-10-02,2018-10-05,4.952474809169769,4.389004198684692,1,-0.5684706104850773,stop,0.9972375690607734,0.27177155614541476,0.9611023899619668,long
FTNT,2018-09-24,2018-10-08,17.104548671722412,16.76416764963457,1,-0.3453810220878434,stop,0.9558011049723757,0.5255417908931297,1.0,long
DHR,2018-09-28,2018-10-08,95.95221085739136,93.45045899965284,255,-639.2217237233241,stop,0.8342541436464088,0.4298885952384404,1.0,long
ETSY,2018-10-04,2018-10-08,48.01399667930603,42.231190919250416,679,-3929.9201110777635,stop,0.9585635359116023,0.35292430699537275,1.0,long
UNH,2018-10-05,2018-10-11,268.7843188934326,259.16373374500176,56,-539.0327683121275,stop,0.8895027624309392,0.38187306592926584,1.0,long
LLY,2018-10-05,2018-10-11,114.14704133605957,109.34089060571692,1,-4.811150730342651,stop,0.9226519337016574,0.6656847805972235,1.0,long
AMZN,2018-10-08,2018-10-11,93.74684694671632,86.26677478225683,261,-1953.603834923926,stop,0.8232044198895028,0.24759363003543616,1.0,long
EOG,2018-10-09,2018-10-11,130.28511122131349,124.77300497279754,27,-148.9618687099306,stop,0.8784530386740331,0.45697866488843025,1.0,long
GE,2018-10-08,2018-10-15,64.82615145492554,59.97706525222779,1,-4.854086202697748,stop,0.9640883977900553,0.21989487098985205,1.0,long
VST,2018-10-12,2018-10-19,24.47222908401489,22.649211595006328,669,-1222.943700146729,stop,0.8342541436464088,0.3643664577979592,0.982856462605999,long
ULTA,2018-10-08,2018-10-22,270.5051801147461,274.4726803588867,65,257.56251586913777,max_hold,0.8591160220994475,0.3385774549945977,1.0,long
ISRG,2018-10-09,2018-10-22,175.98127246856689,170.38476622009279,139,-778.6093685379,max_hold,0.8591160220994475,0.263659146492186,1.0,long
BSX,2018-10-09,2018-10-22,37.23861122131348,36.601688932418824,658,-422.3848660926813,max_hold,0.8425414364640884,0.38720553910641964,1.0,long
BA,2018-10-12,2018-10-24,366.19301477050783,354.47266889953613,66,-773.8728274841321,max_hold,0.8397790055248618,0.35589133491171826,1.0,long
BOOT,2018-10-23,2018-10-26,28.094039923667907,25.894246259689332,534,-1177.359816564559,stop,0.9613259668508287,0.46105317874935936,0.9382460291032138,long
SHOP,2018-11-02,2018-11-12,14.442217919826508,13.750801594963074,1195,-832.2175082118039,stop,0.9944903581267218,0.2841412104045903,1.0,long
PG,2018-11-01,2018-11-13,88.85440255737305,93.42326622009277,168,766.7290953369131,max_hold,0.9614325068870524,0.4461144820831371,1.0,long
KR,2018-11-01,2018-11-13,30.055020915985107,31.364309161186217,574,748.6614527454369,max_hold,0.9862258953168044,0.4410723107589293,0.9596569213230703,long
KO,2018-11-02,2018-11-14,47.84390969467163,49.735118322372436,313,590.3833004703522,max_hold,0.9641873278236914,0.4396322143226523,1.0,long
TTD,2018-11-19,2018-11-19,12.391192728996277,11.394197362021236,1392,-1394.7775508292566,stop,0.977961432506887,0.27643905998920626,0.9066697204024479,long
STRL,2018-11-19,2018-11-26,13.406699618339537,12.913540076255796,1119,-557.4405275917071,regime_exit,0.953168044077135,0.4103702327212361,0.9283697513054833,long
TMHC,2018-11-23,2018-11-26,16.558274236679075,16.51174045753479,1042,-53.69819786834708,regime_exit,0.9724517906336089,0.06221974660636499,0.9283175989005663,long
ON,2018-11-27,2018-12-03,18.469999313354492,19.58798837179184,1353,-1519.404196065733,short_stop,0.046831955922865015,0.0,,short
RH,2018-11-27,2018-12-03,114.12999725341795,121.03828598716734,219,-1514.0102326911158,short_stop,0.11570247933884298,0.0,,short
D,2018-12-07,2018-12-17,75.00748622131347,73.963,214,-224.59005136108405,max_hold,0.9807162534435262,0.46085506699666423,1.0,long
SRE,2018-12-07,2018-12-17,57.95896530532837,57.436267652511596,241,-127.17513432884252,max_hold,0.953168044077135,0.3839918718134002,1.0,long
AFL,2018-11-27,2018-12-17,44.43000030517578,44.34215969467163,562,46.556423103333444,short_max_hold,0.11294765840220386,0.0,,short
LNC,2018-11-27,2018-12-17,62.11000061035156,52.58628137397766,402,3826.5251330223077,short_max_hold,0.1184573002754821,0.0,,short
MAR,2018-11-27,2018-12-17,120.0,107.71383366394043,208,2554.48259790039,short_max_hold,0.06611570247933884,0.0,,short
F,2018-11-27,2018-12-17,9.369999885559082,8.50425,2668,2296.4806946716285,short_max_hold,0.03305785123966942,0.0,,short
SWKS,2018-12-04,2018-12-24,72.80999755859375,62.81138877868652,343,3427.8078115081794,short_max_hold,0.03581267217630854,0.0,,short
HBAN,2018-12-04,2018-12-24,14.40999984741211,11.295644961833954,1734,5391.621371592521,short_max_hold,0.11294765840220386,0.0,,short
TFC,2018-12-26,2019-01-02,41.279998779296875,43.778677105407716,605,-1514.7253872970591,short_stop,0.12947658402203857,0.0,,short
USB,2018-12-26,2019-01-04,43.91999816894531,46.57847565811157,569,-1515.5186913356015,short_stop,0.1487603305785124,0.0,,short
EQIX,2018-12-18,2019-01-07,371.8699951171875,354.67725,67,1151.5789228515614,short_max_hold,0.09917355371900827,0.0,,short
DLR,2018-12-18,2019-01-07,108.06999969482422,106.25309694671633,231,418.54953481292324,short_max_hold,0.12396694214876033,0.0,,short
SBAC,2018-12-18,2019-01-07,165.74000549316406,164.67229133605957,150,159.4071235656735,short_max_hold,0.05785123966942149,0.0,,short
PLD,2018-12-18,2019-01-07,62.68000030517578,58.96946862602234,398,1474.8016083030693,short_max_hold,0.11294765840220386,0.0,,short
CMA,2019-01-10,2019-01-16,73.12999725341797,77.55655598716737,341,-1511.1615282085463,short_stop,0.024793388429752067,0.0,,short
JPM,2019-01-03,2019-01-18,98.63999938964844,104.61067855270387,253,-1511.8468282530255,short_stop,0.046831955922865015,0.0,,short
WERN,2019-01-09,2019-01-18,31.0,32.87643,806,-1516.4325799999992,short_stop,0.1322314049586777,0.0,,short
INTC,2019-01-07,2019-01-24,47.099998474121094,49.95096138175964,530,-1513.6603410484297,short_stop,0.12121212121212122,0.0,,short
SAIA,2019-01-10,2019-01-28,56.869998931884766,60.31233996723175,439,-1513.3827145173263,short_stop,0.12121212121212122,0.0,,short
MMC,2019-01-10,2019-01-30,80.7699966430664,83.80188213729858,309,-938.3976177177407,short_max_hold,0.046831955922865015,0.0,,short
WYNN,2019-01-25,2019-01-31,115.73999786376952,122.74573993446349,216,-1514.3202872698973,short_stop,0.06043956043956044,0.0,,short
ANF,2019-01-22,2019-02-04,20.649999618530273,21.89994409543991,1210,-1518.48281706066,short_stop,0.01098901098901099,0.0,,short
ICE,2019-01-17,2019-02-06,74.2300033569336,78.72314546012879,336,-1511.3757466735863,short_stop,0.1346153846153846,0.0,,short
NVDA,2019-01-28,2019-02-11,3.415456808209419,3.6594194893836973,5053,1207.4784279736273,max_hold,0.9972527472527473,0.22680613191529672,1.0,long
SHOP,2019-01-28,2019-02-11,15.975984412193299,17.308340935707093,1080,1433.5450453948984,max_hold,0.9835164835164835,0.5137206040293841,0.9671615927455709,long
MSFT,2019-01-29,2019-02-11,104.93243725204466,105.197375,143,37.171097957612105,max_hold,0.9532967032967034,0.37885602512039745,1.0,long
INTU,2019-01-29,2019-02-11,211.31561171722413,225.35726622009278,71,996.6024697036744,max_hold,0.9340659340659341,0.3134461936107414,0.9316116130779768,long
F,2019-01-22,2019-02-11,8.539999961853027,8.334164923667908,2927,587.8441567678448,short_max_hold,0.019230769230769232,0.0,,short
INTU,2019-02-12,2019-02-22,227.6937918319702,238.62598537935528,65,710.2675805800303,stop,0.9560439560439561,0.3768736869559823,0.9337820504983235,long
AAPL,2019-02-13,2019-02-25,42.868923597335815,43.53572018241882,402,266.0422272033683,max_hold,0.9752747252747253,0.10601726568494182,0.8923927373744134,long
ADBE,2019-02-14,2019-02-26,259.52969389343264,261.08939122009275,57,88.6177476196265,max_hold,0.9423076923076923,0.3505644435955601,0.9357249294075565,long
NVDA,2019-02-15,2019-02-27,4.075786894083023,3.883307466506958,4234,-836.1278963570585,max_hold,0.9917582417582418,0.06071955308114943,1.0,long
ETSY,2019-02-28,2019-03-07,71.68582652664185,66.9149227131653,240,-1146.2169152343722,stop,0.9835164835164835,0.8108677081154971,1.0,long
CMG,2019-02-25,2019-03-11,12.026010457992554,12.33143095445633,1247,374.62435909032934,max_hold,0.9423076923076923,0.4926692642451845,1.0,long
MSFT,2019-02-26,2019-03-11,111.31563213729859,112.77358683013915,134,194.69592884063493,max_hold,0.9313186813186813,0.346588986926629,0.9785585168481342,long
PG,2019-02-27,2019-03-11,99.38966633605958,99.53021183013915,150,20.331824111936243,max_hold,0.9368131868131868,0.4328199006312008,1.0,long
SHOP,2019-03-11,2019-04-01,19.108550431251526,20.59369809150696,903,1336.5733372106552,max_hold,0.9807692307692307,0.49977984591152763,0.9797025881881154,long
MSFT,2019-03-12,2019-04-01,112.87640969467164,118.96048664474488,132,802.4381574096676,max_hold,0.967032967032967,0.3593853501019999,0.9777921954421889,long
INTU,2019-03-12,2019-04-01,249.88487450408934,265.617125,60,943.6350297546389,max_hold,0.945054945054945,0.5120390520878522,0.9327466078065536,long
ECL,2019-03-14,2019-04-03,172.90641732788086,181.35927194976807,86,726.5154974823002,max_hold,0.9615384615384616,0.4912572887090705,1.0,long
CMG,2019-03-22,2019-04-11,13.514754374027252,14.143525133132934,2979,1858.2130913758285,max_hold,0.9752747252747253,0.6438577426199418,1.0,long
EBAY,2019-03-22,2019-04-11,37.07853137397766,36.514535454093625,138,-78.52143694399695,stop,0.9120879120879121,0.4874470480060891,1.0,long
CCI,2019-04-04,2019-04-16,128.74433267211913,125.30258097142267,121,-417.05695578427134,stop,0.8164383561643835,0.4730954888891853,1.0,long
SHOP,2019-04-02,2019-04-22,20.570279465675355,22.41778635406494,1957,3605.7859805784183,max_hold,0.9945205479452055,0.5943343020668902,1.0,long
NEE,2019-04-02,2019-04-22,47.70134042930603,47.571203720092775,209,-28.243572225570027,max_hold,0.8328767123287671,0.397038973771301,1.0,long
ANET,2019-04-05,2019-04-25,19.654822957992554,19.87193314743042,1,0.21211018943786442,max_hold,0.8054794520547945,0.5716057194072697,1.0,long
CMG,2019-04-12,2019-04-25,14.157074618339538,13.49234697662257,5,-3.3486382085848336,stop,0.989041095890411,0.5397422067790374,1.0,long
LRCX,2019-04-12,2019-05-02,19.42070479774475,20.67365801525116,1262,1574.9169604930883,max_hold,0.8301369863013699,0.49400730855538133,1.0,long
MSFT,2019-04-12,2019-05-02,120.70031938934326,125.59424345626739,187,914.2288005148121,stop,0.9287671232876712,0.4467864463364255,1.0,long
FTNT,2019-04-17,2019-05-03,18.883437549591065,17.39701350571634,1,-1.4914240438747237,stop,0.852054794520548,0.566023160706556,1.0,long
QCOM,2019-04-17,2019-05-07,78.85940969467163,85.15739694976807,192,1208.2535529785173,max_hold,0.9698630136986301,0.8165477126396952,1.0,long
AVGO,2019-04-26,2019-05-07,30.930458415985107,30.372431280554792,4,-2.25210854172126,stop,0.9835616438356164,0.4280328989663362,1.0,long
NVDA,2019-05-02,2019-05-09,4.523760860681533,4.151011701806374,5,-1.888745794375795,stop,0.8958904109589041,0.06624452607730225,1.0,long
AAPL,2019-05-06,2019-05-10,51.09803457069397,48.59241497588916,1,-2.5106195948048056,stop,0.947945205479452,0.4077315401580953,1.0,long
SHOP,2019-04-23,2019-05-13,22.66132461833954,25.06646097278595,1777,4265.042301851275,max_hold,1.0,0.5954214583201686,1.0,long
HSY,2019-04-23,2019-05-13,117.0985209159851,127.00646469497681,115,1138.8385345840463,max_hold,0.9671232876712329,0.4476178798767469,1.0,long
ADBE,2019-05-03,2019-05-15,282.70127755737303,276.68159732055665,86,-518.122500366209,max_hold,0.8438356164383561,0.40332064914670585,1.0,long
ORCL,2019-05-03,2019-05-15,54.82739923667908,54.53272137260437,460,-137.85181747436522,max_hold,0.9315068493150684,0.38750524466573255,1.0,long
INTU,2019-05-08,2019-05-20,243.54170816802977,243.56815744018556,67,1.4371012344377414,max_hold,0.9013698630136986,0.2231328769756238,1.0,long
MRVL,2019-05-10,2019-05-20,23.371680610656735,21.618385610466007,2,-3.5165900003814574,stop,0.9426229508196722,0.3929762086980355,1.0,long
PEP,2019-05-09,2019-05-21,125.83288164138794,128.98547805023193,1,3.1475964088439907,max_hold,0.8821917808219178,0.4055647036125469,1.0,long
EBAY,2019-05-13,2019-05-28,36.56827423667908,36.201891220092776,1,-0.3713830165863047,max_hold,0.825136612021858,0.36896673021479715,1.0,long
FTNT,2019-05-22,2019-05-29,16.402196099281312,15.092026691179079,914,-1202.064839005441,stop,0.9344262295081968,0.16443350416562535,1.0,long
MDB,2019-05-22,2019-06-03,143.73183366394042,132.1671703273398,104,-1203.2449870064656,stop,0.9453551912568307,0.5246166130661002,1.0,long
NTRA,2019-05-22,2019-06-03,23.41169961833954,22.328830152511596,737,-801.7597963151945,max_hold,0.9918032786885246,0.6334331119108274,0.9742946064152135,long
TTD,2019-05-30,2019-06-04,20.312151045799254,20.497466476745604,849,153.08780087345102,stop,0.9890710382513661,0.20539967417881588,0.9504339181351703,long
LEN,2019-05-29,2019-06-10,49.72475153160095,51.06835563659668,347,464.4956244335172,max_hold,0.9836065573770492,0.3620071440447425,0.9533462588415814,long
NEE,2019-06-05,2019-06-25,50.1500625,51.529222805023196,344,472.71114492798023,max_hold,0.9918032786885246,0.4003287658906361,1.0,long
SHOP,2019-06-07,2019-06-25,29.880932221412664,29.186610402379866,502,-351.05955315446437,stop,0.9453551912568307,0.6291755338150335,1.0,long
PGR,2019-06-11,2019-06-25,83.291625,80.09962685204076,180,-575.459666632663,stop,0.9480874316939891,0.4836128034430416,0.9993374266707398,long
ENPH,2019-06-19,2019-06-25,19.019505228996277,16.728796019215967,1,-2.29570920978031,stop,1.0,0.8002521888552026,0.9900126094427601,long
GIS,2019-06-18,2019-06-26,53.306638778686526,50.84739674578346,459,-1131.087093102506,stop,0.855191256830601,0.40402230018481916,1.0,long
MCD,2019-06-07,2019-06-27,203.60175,206.16686927032472,84,215.05001870727605,max_hold,0.9726775956284153,0.5124801917682348,1.0,long
CMG,2019-06-18,2019-07-08,14.68233769083023,14.968511832237244,1669,469.2796420083049,max_hold,0.8770491803278688,0.40826779809835995,1.0,long
EBAY,2019-06-18,2019-07-08,39.419701526641845,39.52023091506958,218,20.82540667724685,max_hold,0.825136612021858,0.46980747193733413,1.0,long
FCX,2019-06-26,2019-07-09,11.355675381660463,10.685344653123057,1,-0.6753307285374063,stop,0.8934426229508197,0.12825230117702358,1.0,long
MRVL,2019-06-26,2019-07-16,23.83190969467163,25.71713454246521,1248,2346.5206100463884,max_hold,0.912568306010929,0.3108243678868939,1.0,long
MSFT,2019-06-26,2019-07-16,134.41718110656737,137.01146183013915,126,326.2493711700449,max_hold,0.8879781420765027,0.4297307907844748,1.0,long
NEM,2019-06-26,2019-07-16,37.468725763320926,38.67065362739563,3,3.590783592224114,max_hold,0.9644808743169399,0.43382268825046755,1.0,long
ORCL,2019-06-27,2019-07-17,57.0285,58.01129355081355,409,399.9175622827406,stop,0.8005464480874317,0.4690528195426327,1.0,long
INTU,2019-06-28,2019-07-18,258.2290561065674,282.7385648803711,67,1641.802087844848,max_hold,0.9043715846994536,0.3611516007694431,1.0,long
MU,2019-07-09,2019-07-29,40.150066068649295,46.79658969497681,837,5558.95527523613,max_hold,0.9672131147540983,0.4039033790291236,1.0,long
FTNT,2019-07-10,2019-07-29,16.204097145080567,16.51426199790574,1,0.30516485282517436,stop,0.9180327868852459,0.3625004108004117,1.0,long
NVDA,2019-07-17,2019-07-31,4.180839413166046,4.173588740027926,9632,-117.99848366637505,stop,0.9754768392370572,0.16523282449087684,1.0,long
MSFT,2019-07-17,2019-07-31,137.7688469467163,135.54533691326455,66,-147.08166220781615,stop,0.8474114441416893,0.419108231019229,1.0,long
WMT,2019-07-17,2019-07-31,38.28913545799255,36.930541209104334,1,-1.3635942488882167,stop,0.9318801089918256,0.4415026099321454,1.0,long
EBAY,2019-07-18,2019-08-05,41.130555610656735,38.715999561237105,4,-9.67822419767852,stop,0.8446866485013624,0.4015142240293201,1.0,long
BRO,2019-07-19,2019-08-05,35.217600763320924,34.83531522506812,538,-208.3596195800074,stop,0.9836512261580381,0.4771134414045219,0.9591417756124605,long
AMZN,2019-07-30,2019-08-05,94.60327775573731,89.40690647903806,314,-1633.2305808835654,stop,0.885558583106267,0.3629477845481809,1.0,long
INTU,2019-07-30,2019-08-05,279.61975099182126,266.2918006670757,33,-439.98736071660437,stop,0.888283378746594,0.47058693320999867,1.0,long
COST,2019-08-01,2019-08-05,275.887875,265.6751177788432,107,-1093.3000226637814,stop,0.8828337874659401,0.4118439100962848,1.0,long
MCD,2019-07-18,2019-08-07,214.18704183197022,216.72158683013916,110,278.2499497985834,max_hold,0.9373297002724795,0.43063300482698863,1.0,long
ENPH,2019-08-06,2019-08-07,28.024005228996277,28.312637441864013,1253,355.39116272327277,stop,1.0,0.8093648043792919,0.9904682402189646,long
ULTA,2019-08-01,2019-08-13,348.90437599182127,341.0294122009277,56,-441.2779722900393,max_hold,0.8065395095367848,0.3525711767483506,1.0,long
NEM,2019-08-01,2019-08-13,35.98798622131348,37.641169847488406,9,14.833652635574362,max_hold,0.9754768392370572,0.2807245846212145,1.0,long
AMD,2019-08-06,2019-08-14,28.874430610656734,31.43907133720398,848,2170.575336112065,stop,0.8637602179836512,0.14779222004386844,1.0,long
AAPL,2019-08-06,2019-08-19,49.102038139343264,52.56120777511597,500,1727.0848178863516,max_hold,0.885558583106267,0.2469256107374738,0.9619617746251414,long
LLY,2019-08-14,2019-08-26,114.91743061065674,111.72410877990723,150,-479.74827461242666,max_hold,0.970108695652174,0.1752606169981744,1.0,long
MPWR,2019-08-14,2019-08-26,147.16354133605958,148.49572232055664,117,155.2801751861557,max_hold,0.9918478260869565,0.4849723169525234,0.9669116593258871,long
PHM,2019-08-15,2019-08-27,31.775880228996275,33.37330438995361,543,864.6863193998328,max_hold,0.978319783197832,0.19395656959544047,0.9401856333578208,long
SMCI,2019-08-20,2019-09-03,1.9759875238537787,1.83908,8734,-1239.420313338903,stop,0.994579945799458,0.4304314932073057,1.0,long
NEM,2019-08-27,2019-09-09,39.62980561065674,38.210224904156235,378,-538.4915070571906,stop,0.9539295392953929,0.47155155215998873,1.0,long
TGT,2019-08-28,2019-09-09,104.7223331680298,107.89602194976808,164,519.6649602050776,max_hold,0.975609756097561,0.6137825320687103,0.9587379070912404,long
LOW,2019-09-11,2019-09-23,115.50772194671632,110.05140882689723,212,-1157.798381401646,stop,0.8319783197831978,0.5549599863902855,1.0,long
KBH,2019-09-04,2019-09-24,28.104045152664185,31.42428053379059,614,2035.554524011613,max_hold,0.978319783197832,0.4171187306631583,0.9513437414112067,long
NEE,2019-09-05,2019-09-25,54.822395668029785,57.31382752990723,314,780.7396046295175,max_hold,0.983739837398374,0.4504447603239356,1.0,long
NVDA,2019-09-10,2019-09-25,4.481739566802979,4.298602200564849,3348,-629.883902165259,stop,0.962059620596206,0.5743937057733686,1.0,long
SCHW,2019-09-12,2019-09-26,42.181079847335816,40.91357091145936,1,-1.2725089358764565,stop,0.8482384823848238,0.23523835258211478,1.0,long
MU,2019-09-25,2019-09-27,48.49423622131348,44.43077422336618,398,-1619.2478751830254,stop,0.940379403794038,0.48463189158882936,0.998821767923572,long
CMG,2019-09-11,2019-10-01,15.867929656505584,16.568510993003844,1544,1073.9775835533135,max_hold,0.8753387533875339,0.3345987397264885,1.0,long
ADBE,2019-09-11,2019-10-01,277.79883366394046,272.5736364593506,107,-559.6311008911135,max_hold,0.8888888888888888,0.2611003546116985,0.9573628482945433,long
AAPL,2019-09-11,2019-10-01,54.544760581970216,56.11942533493042,49,76.91357289504994,max_hold,0.8509485094850948,0.5165334117935281,0.9122474256433939,long
CVX,2019-09-26,2019-10-01,123.3216321372986,118.01390519953833,21,-111.56726569296556,stop,0.964769647696477,0.39579436485398306,0.9943673452397002,long
COF,2019-09-24,2019-10-02,93.26661122131348,88.32930878984328,250,-1235.5756078675502,stop,0.8482384823848238,0.43911126517743704,1.0,long
VST,2019-09-26,2019-10-03,27.16357461833954,26.113070637068,1095,-1155.7768594923357,stop,0.9186991869918699,0.41370856211744683,1.0,long
SHOP,2019-09-27,2019-10-09,31.415699618339538,31.369307728767396,2,-0.10278377914428403,max_hold,0.997289972899729,0.12326037856705362,1.0,long
AEP,2019-09-30,2019-10-14,93.89692347335816,91.98398377990722,188,-360.5726623687762,max_hold,0.8915989159891599,0.4233075961863878,1.0,long
NEE,2019-10-02,2019-10-14,57.951461860656735,57.19638597488403,694,-527.4926647262571,max_hold,0.9701897018970189,0.42572405040967476,1.0,long
NEM,2019-10-02,2019-10-14,38.13905893135071,37.981,518,-84.46452643966728,max_hold,0.9295392953929539,0.18319394979128803,0.9741227563857551,long
ENPH,2019-10-02,2019-10-14,21.280635457992553,24.737625,1,3.451989542007449,max_hold,0.994579945799458,0.08441640095508374,0.9493427712672664,long
SBUX,2019-10-03,2019-10-15,84.3421530532837,86.40677194976807,261,537.5605319824222,max_hold,0.983739837398374,0.17708709788995358,1.0,long
CMG,2019-10-03,2019-10-15,16.18809030532837,16.52653217601776,4,1.3337674827575614,max_hold,0.9728997289972899,0.27025201420342837,1.0,long
SO,2019-10-04,2019-10-16,61.47071862602234,61.059455152511596,465,-193.5625151824957,max_hold,0.962059620596206,0.4087317893154927,1.0,long
SHOP,2019-10-15,2019-10-18,34.72735408401489,31.933191174415054,496,-1388.3848031615194,stop,0.997289972899729,0.3389388515298021,1.0,long
CMG,2019-10-16,2019-10-23,16.548270915985107,16.026407075300185,906,-477.33863966053957,stop,0.9512195121951219,0.3963720425750842,1.0,long
TMHC,2019-10-22,2019-10-30,27.563774236679077,25.59892770562442,626,-1233.1239284402159,stop,0.9864864864864865,0.49575329177235883,0.9626255024264558,long
FAST,2019-10-17,2019-10-31,17.78388711833954,17.828423259669904,970,38.35005709045414,stop,0.981029810298103,0.506037328889456,0.9582286957127655,long
NEE,2019-10-16,2019-11-04,56.94595829200745,57.19061943055694,263,63.03087943851747,stop,0.9349593495934959,0.36753216924846327,1.0,long
DUK,2019-10-24,2019-11-05,96.09802805328367,92.68822977288302,156,-532.7085317425015,stop,0.9351351351351351,0.39953182570567886,1.0,long
NVDA,2019-10-29,2019-11-18,5.158327672719955,5.304346660137177,4751,669.9812092192195,max_hold,0.8135135135135135,0.5968871173343048,1.0,long
COF,2019-10-29,2019-11-18,94.77736835861207,97.15139694976808,258,611.2093765182531,max_hold,0.845945945945946,0.5010615810820557,1.0,long
FDX,2019-10-29,2019-11-18,159.00945767211914,154.81556686401092,78,-327.5134830324413,stop,0.8702702702702703,0.15569696571636865,1.0,long
PANW,2019-10-31,2019-11-20,37.89060178756713,41.2910125617981,423,1436.2587574997003,max_hold,0.8490566037735849,0.36410773590903894,1.0,long
SCHW,2019-11-01,2019-11-21,41.23060408401489,48.005983779907226,419,2836.789092578888,max_hold,0.8194070080862533,0.17533126191213047,1.0,long
FTNT,2019-11-05,2019-11-25,18.307149335861205,21.017485877990723,822,2223.7866376304637,max_hold,0.9272237196765498,0.5155646535411862,1.0,long
LLY,2019-11-06,2019-11-26,111.62578469467164,117.03145133972168,129,696.6859972114561,max_hold,0.9272237196765498,0.08948233296181031,1.0,long
VRT,2019-11-06,2019-11-26,10.275135457992553,10.22488454246521,5,-0.2762545776367148,max_hold,0.8544474393530997,0.3223256351013899,1.0,long
NVDA,2019-11-19,2019-12-03,5.278388035297394,5.113480801282184,6634,-1127.1645904569048,stop,0.9514824797843666,0.5696988323619491,1.0,long
MSFT,2019-11-19,2019-12-03,150.9554448852539,146.91531266433714,180,-728.1237997650194,stop,0.9487870619946092,0.491428889783269,1.0,long
AAPL,2019-11-19,2019-12-03,67.00848597335815,64.4728482945254,1,-2.5406376788327423,stop,0.8274932614555256,0.5491244982278397,1.0,long
ADBE,2019-11-21,2019-12-03,299.1394852294922,297.8592993678944,58,-74.54077997267409,stop,0.8652291105121294,0.3823680517003884,1.0,long
AXP,2019-11-26,2019-12-03,120.97045866394043,116.67812436439716,144,-618.816139134231,stop,0.8463611859838275,0.39478869519732124,1.0,long
ORCL,2019-11-27,2019-12-03,56.928451526641844,54.90848774534777,266,-538.6403658242236,stop,0.894878706199461,0.4629753557981936,1.0,long
INTU,2019-11-22,2019-12-05,268.05397343444827,252.61769804689075,75,-1158.0956540668137,stop,0.9245283018867925,0.41126976548918237,1.0,long
SMCI,2019-12-19,2019-12-20,2.245121958017349,2.3095588706987247,1,0.05943691268137553,stop,0.9543010752688172,0.43104471602883676,1.0,long
LLY,2019-12-04,2019-12-24,118.33913877868652,131.04444561004638,207,2628.9635140914916,max_hold,0.8706199460916442,0.335148679995292,1.0,long
NEE,2019-12-04,2019-12-24,57.941454723358156,60.09743487739563,695,1494.9312070560431,max_hold,0.9730458221024259,0.4059966102373565,1.0,long
ENPH,2019-12-04,2019-12-24,23.94196530532837,27.00649045753479,1554,4754.502086528779,max_hold,1.0,0.6757113519872174,0.9837855675993609,long
SEDG,2019-12-04,2019-12-24,88.54425,95.15239694976808,80,528.2517559814456,max_hold,0.9865229110512129,0.577403471975869,0.9667407935448851,long
FTNT,2019-12-05,2019-12-26,20.744366251945497,21.637176716804507,1,0.8878104648590107,max_hold,0.8490566037735849,0.5123407461321239,1.0,long
NRG,2019-12-06,2019-12-26,38.57928137397766,39.210384542465206,491,307.41665572738646,max_hold,0.9649595687331537,0.23684056410986062,1.0,long
TSLA,2019-12-27,2020-01-13,29.0145,33.26824511282947,665,2825.415500031596,stop,0.8844086021505376,0.7698807817008988,1.0,long
NVDA,2019-12-26,2020-01-15,5.9719843626022335,6.136180176734924,5863,933.3650582599641,max_hold,0.9650537634408602,0.5182341997539935,1.0,long
MSFT,2019-12-26,2020-01-15,157.63877755737306,163.09840267944335,222,1210.926777099605,max_hold,0.9381720430107527,0.4310218926148466,1.0,long
AAPL,2019-12-26,2020-01-15,71.24060433197022,77.79608158493042,344,2253.3641750183097,max_hold,0.8709677419354839,0.482822896762937,1.0,long
ADBE,2019-12-26,2020-01-15,329.7948198852539,342.76853244018554,72,933.7473039550779,max_hold,0.8602150537634409,0.47303035580599584,1.0,long
LLY,2019-12-26,2020-01-15,131.0655,141.03944561004639,1,9.968945610046399,max_hold,0.9301075268817204,0.4744253192094632,1.0,long
VRT,2019-12-27,2020-01-16,10.95547480916977,11.664165076255797,1,0.7036902670860269,max_hold,0.967741935483871,0.39859542054998304,1.0,long
NVDA,2020-01-16,2020-01-27,6.196096339702606,5.907284262996487,4803,-1411.1794044194933,stop,0.9139784946236559,0.4921540140993663,1.0,long
MSFT,2020-01-16,2020-01-27,164.43218110656738,160.84132489868017,149,-535.7825749751948,stop,0.8521505376344086,0.47693244710975147,1.0,long
FTNT,2020-01-16,2020-01-27,23.491739542007448,22.59054020536294,7,-6.343395356511543,stop,0.8870967741935484,0.5860557753711445,1.0,long
SHOP,2020-01-14,2020-02-03,44.299138927459715,46.91552967643738,499,1303.0839837398548,max_hold,0.9731182795698925,0.6321517776327432,1.0,long
AAPL,2020-01-16,2020-02-03,78.4366978340149,76.3046256708801,312,-666.7665148980556,stop,0.8252688172043011,0.5221206904991431,1.0,long
ADBE,2020-01-16,2020-02-05,346.1530009918213,365.3672127990722,85,1632.7830036163293,max_hold,0.9166666666666666,0.49954179767671736,1.0,long
INTU,2020-01-16,2020-02-05,274.7773346557617,289.66509255981447,56,833.4344426269547,max_hold,0.8924731182795699,0.31027185171163413,1.0,long
TSLA,2020-02-04,2020-02-05,58.89343041229248,52.014832539825434,683,-4701.497346894993,stop,0.9704301075268817,0.9602294782643115,1.0,long
SMCI,2020-02-07,2020-02-07,2.742370437026024,2.49518043714336,9,-2.269709998943975,stop,0.9381720430107527,0.5520601671938081,1.0,long
LLY,2020-01-28,2020-02-18,138.75934744262696,140.93948950958253,252,548.1358008728032,max_hold,0.9301075268817204,0.4419216482316434,1.0,long
PG,2020-01-28,2020-02-18,125.99296530532837,124.80756774520876,139,-165.46526085662595,max_hold,0.956989247311828,0.4065479958952143,1.0,long
PLUG,2020-02-03,2020-02-18,3.8919451049566267,4.571659406196944,4,2.698857204961269,stop,0.9946236559139785,0.5456761819727447,0.9724450994212179,long
SHOP,2020-02-04,2020-02-24,47.662819438934335,47.77857800842285,146,16.17075114532287,stop,0.9973118279569892,0.6356191727329608,1.0,long
ORCL,2020-02-06,2020-02-24,55.0275,53.36326514665806,540,-901.3868208046504,stop,0.9166666666666666,0.09553990965566811,1.0,long
CRM,2020-02-06,2020-02-24,186.9234168319702,181.53682193320253,159,-857.2635889040592,stop,0.8844086021505376,0.4749494950266756,1.0,long
INTU,2020-02-06,2020-02-24,291.99593110656735,287.04034407380277,80,-396.84696262116665,stop,0.9543010752688172,0.4681667201704003,1.0,long
NVDA,2020-02-12,2020-02-24,6.753624987602234,6.981465454269012,3,0.6685214000003331,stop,0.8440860215053764,0.6004820980992237,1.0,long
AAPL,2020-02-19,2020-02-24,80.04,75.40870778135296,306,-1418.7054189059966,stop,0.8655913978494624,0.42913664302768073,1.0,long
CL,2020-02-19,2020-02-24,76.038,72.84237539208087,373,-1193.832978753835,stop,0.9650537634408602,0.34096519788140933,1.0,long
ENPH,2020-02-25,2020-02-25,57.0285,50.159987459999996,425,-2921.242829500002,stop,1.0,0.8291737059210548,0.9914586852960527,long
VST,2020-02-19,2020-02-26,23.41169961833954,21.795122996873058,1,-1.621576621466482,stop,0.967741935483871,0.10238255222796372,1.0,long
GE,2020-02-25,2020-02-26,59.68992526245117,54.5424684264232,498,-2565.923504341929,stop,0.8978494623655914,0.24409660655884746,1.0,long
NEE,2020-02-25,2020-02-27,68.51924311065673,65.14811097652486,357,-1205.2791718850774,stop,0.8602150537634409,0.41070533189753616,0.996780001678729,long
TSLA,2020-02-27,2020-02-27,48.69100127220154,44.7733233098402,689,-2702.7251160669625,stop,0.9919354838709677,0.6625630477623163,1.0,long
AMZN,2020-02-25,2020-02-28,101.37165964508056,93.64741654993287,241,-1862.7475859305919,stop,0.8333333333333334,0.4263632279047018,1.0,long
FTNT,2020-02-25,2020-02-28,21.810899236679077,20.05599428409588,1605,-2824.64744889603,stop,0.9596774193548387,0.2007819574160218,1.0,long
MPWR,2020-02-27,2020-03-05,159.26959744262695,172.24383683013917,93,1206.1392630386372,regime_exit,0.989247311827957,0.15705946758908787,0.9481755540246157,long
PHM,2020-02-27,2020-03-05,41.47072576332092,42.93851908493042,3,4.388379964828496,regime_exit,0.9865591397849462,0.1983787383029688,0.9478221627216001,long
MSFT,2020-03-03,2020-03-05,173.8869030532837,166.1868692703247,86,-662.6329053344737,regime_exit,0.9596774193548387,0.4252681846537949,0.9373215645740898,long
VTR,2020-03-06,2020-03-11,50.70000076293945,37.978979084014895,493,6268.998687709807,short_take_profit,0.12365591397849462,0.0,,short
LLY,2020-03-05,2020-03-12,138.44919488525392,132.90592010787964,124,-687.9860723944106,stop,0.9704301075268817,0.421444159256544,1.0,long
KTOS,2020-03-06,2020-03-16,15.5,11.055525190830231,1612,7156.4333923816675,short_take_profit,0.11559139784946236,0.0,,short
WERN,2020-03-06,2020-03-18,32.279998779296875,34.23390710540772,774,-1516.1950444097913,short_stop,0.05913978494623656,0.0,,short
IAC,2020-03-12,2020-03-20,31.833248138427734,23.379061923980714,785,6632.611178340911,short_take_profit,0.1424731182795699,0.0,,short
PSA,2020-03-06,2020-03-23,224.9900054931641,160.69030561065674,111,7136.711686958316,short_take_profit,0.016129032258064516,0.0,,short
AMZN,2020-03-23,2020-03-24,91.3874969482422,96.91918213851932,273,-1511.5150569456528,short_stop,0.13978494623655913,0.0,,short
ON,2020-03-25,2020-03-25,14.079999923706056,14.932262319087984,1775,-1521.6407518029216,short_stop,0.016129032258064516,0.0,,short
MMM,2020-03-06,2020-03-26,125.07524871826172,113.91980833053589,199,2218.937637157441,short_max_hold,0.11827956989247312,0.0,,short
MSC,2020-03-06,2020-03-26,20.31999969482422,17.198595534324646,1230,3833.1771174144747,short_max_hold,0.06182795698924731,0.0,,short
AVGO,2020-03-27,2020-03-31,23.299999237060547,24.710348190879824,1072,-1517.2540784942646,short_stop,0.1424731182795699,0.0,,short
NTAP,2020-03-17,2020-04-06,42.040000915527344,39.61979847335815,594,1434.6302506485,short_max_hold,0.0967741935483871,0.0,,short
INTC,2020-03-24,2020-04-06,53.13999938964844,56.356563552703854,470,-1514.1351566360456,short_stop,0.056451612903225805,0.0,,short
BLK,2020-04-01,2020-04-06,418.1099853515625,443.4181827648926,59,-1493.4786473864763,short_stop,0.12064343163538874,0.0,,short
NXPI,2020-03-26,2020-04-07,86.45999908447266,91.69342282905579,289,-1513.904462184526,short_stop,0.06989247311827956,0.0,,short
WDC,2020-03-27,2020-04-07,32.01814270019531,33.956200877838135,780,-1515.585378561402,short_stop,0.10215053763440861,0.0,,short
CGNX,2020-03-19,2020-04-08,45.4900016784668,45.652816068649294,549,-92.13010021019085,short_max_hold,0.13978494623655913,0.0,,short
CZR,2020-04-07,2020-04-09,17.389999389648438,18.44261605270386,1437,-1519.7951448106396,short_stop,0.04825737265415549,0.0,,short
CDW,2020-04-08,2020-04-09,99.52999877929688,105.55454960540771,251,-1513.4172573538208,short_stop,0.11528150134048257,0.0,,short
ZG,2020-04-08,2020-04-09,38.22999954223633,40.544061414527896,653,-1514.3474026063936,short_stop,0.10455764075067024,0.0,,short
ALLY,2020-04-09,2020-04-09,16.309999465942383,17.297243733615876,1532,-1520.118218075791,short_stop,0.11528150134048257,0.0,,short
IMAX,2020-04-07,2020-04-20,10.84000015258789,11.496145361824036,2306,-1524.600852498551,short_stop,0.021447721179624665,0.0,,short
XPO,2020-04-21,2020-04-22,19.62721061706543,20.8152456757164,1273,-1518.7336296626866,short_stop,0.10187667560321716,0.0,,short
IR,2020-04-07,2020-04-23,26.459999084472656,28.06162282905579,944,-1516.6528148864775,short_stop,0.08042895442359249,0.0,,short
FITB,2020-04-24,2020-04-27,17.0,18.02901,1470,-1519.9946999999993,short_stop,0.07238605898123325,0.0,,short
COF,2020-04-13,2020-04-28,60.0,63.6318,416,-1512.9087999999992,short_stop,0.00804289544235925,0.0,,short
C,2020-04-13,2020-04-29,47.5,50.375175,526,-1514.9720499999994,short_stop,0.0777479892761394,0.0,,short
ENPH,2020-04-30,2020-05-01,47.53375332069397,44.65938725739161,338,-973.2257293961981,stop,0.9919786096256684,0.9066034147316012,0.9620340607408564,long
AXP,2020-04-13,2020-05-04,93.29000091552734,86.42318725204468,267,1832.10424814987,short_max_hold,0.11528150134048257,0.0,,short
AIG,2020-04-13,2020-05-04,26.63999938964844,24.08203469467163,938,2394.680883888248,short_max_hold,0.06702412868632708,0.0,,short
WDAY,2020-05-05,2020-05-07,148.85000610351562,157.85989697296145,167,-1505.486775197453,short_stop,0.1497326203208556,0.0,,short
ESTC,2020-05-05,2020-05-07,64.0,67.87392,390,-1512.7787999999994,short_stop,0.12566844919786097,0.0,,short
ALL,2020-04-23,2020-05-13,102.63999938964844,92.1260418319702,243,2553.676686515812,short_max_hold,0.11528150134048257,0.0,,short
PNC,2020-04-28,2020-05-18,109.97000122070312,104.11202755737307,227,1328.625021575923,short_max_hold,0.1447721179624665,0.0,,short
EMN,2020-05-15,2020-05-18,59.779998779296875,63.398482105407716,418,-1514.6160303143315,short_stop,0.12299465240641712,0.0,,short
BAC,2020-04-29,2020-05-19,24.90999984741211,22.221104084014893,1003,2691.947450687408,short_max_hold,0.128686327077748,0.0,,short
USB,2020-04-30,2020-05-20,37.38999938964844,33.07653137397766,668,2878.05663446808,short_max_hold,0.06684491978609626,0.0,,short
RH,2020-05-19,2020-05-21,173.58999633789062,184.09739881622315,144,-1513.7859568798833,short_stop,0.06684491978609626,0.0,,short
IART,2020-05-19,2020-05-26,49.209999084472656,52.18868032905579,508,-1515.710072248233,short_stop,0.10427807486631016,0.0,,short
ARCB,2020-05-08,2020-05-27,21.309999465942383,22.59989373361588,1173,-1518.910975981011,short_stop,0.045454545454545456,0.0,,short
NUE,2020-05-22,2020-05-27,40.0,42.421200000000006,625,-1516.3750000000039,short_stop,0.112,0.0,,short
MSC,2020-05-08,2020-05-28,16.5,14.297144961833954,1515,3329.75038282156,short_max_hold,0.12834224598930483,0.0,,short
DELL,2020-05-20,2020-05-29,22.513938903808594,23.87670762565613,1110,-1518.2232812507664,short_stop,0.05080213903743316,0.0,,short
QCOM,2020-05-21,2020-06-02,79.47000122070312,84.2803203945923,314,-1512.010220601199,short_stop,0.13866666666666666,0.0,,short
BA,2020-06-03,2020-06-03,157.17855610656738,159.22754976745605,109,222.79530903686498,stop,0.9893333333333333,0.10353073065362804,0.9923562592361141,long
NSC,2020-05-27,2020-06-03,181.72000122070312,192.7195128945923,137,-1507.6180993228168,short_stop,0.128,0.0,,short
BOOT,2020-05-28,2020-06-04,25.68000030517578,27.23441072364807,973,-1517.3063371735386,short_stop,0.032,0.0,,short
LNC,2020-05-28,2020-06-05,41.47999954223633,43.990783914527896,602,-1514.5021921195237,short_stop,0.104,0.0,,short
PINS,2020-06-02,2020-06-18,20.540265686988832,23.04846946620941,840,2102.691174545287,max_hold,0.9946666666666667,0.12382980684238151,0.9115054170814683,long
TSLA,2020-06-03,2020-06-18,59.23760418319702,66.89719873046874,253,1936.6124204597459,max_hold,0.9466666666666667,0.5663542487246984,0.9639631476244458,long
NVDA,2020-06-04,2020-06-18,8.732363687038422,9.213391411781311,1976,940.6307840919485,max_hold,0.984,0.5836135150607155,1.0,long
MSFT,2020-06-04,2020-06-18,184.3921530532837,196.22184732055663,93,1099.6965668563837,max_hold,0.9706666666666667,0.4603601347852554,0.8155504697270006,long
NEM,2020-06-09,2020-06-18,57.13855561065674,55.50223377990723,612,-1004.4889604186994,max_hold,0.9573333333333334,0.21011504944419207,1.0,long
DLR,2020-06-09,2020-06-18,141.14054232788087,143.08842366027832,194,376.9189784851068,max_hold,0.9546666666666667,0.2764439073485614,0.9990947303525397,long
FTNT,2020-06-09,2020-06-18,27.51375,27.114436259269716,1,-0.40431374073028536,max_hold,0.96,0.4935748615508707,0.9290244180857732,long
SMCI,2020-06-11,2020-06-18,2.8804394484758378,3.140428959965706,6,1.5299370689392096,regime_exit,0.9013333333333333,0.6651274427962091,1.0,long
BE,2020-07-07,2020-07-08,11.695844580173492,11.772310649118424,1377,98.40877693717063,stop,0.9893617021276596,0.892068578513961,0.9850289608405918,long
ALLY,2020-06-19,2020-07-09,20.5,19.059524236679078,1219,1749.844955488204,short_max_hold,0.088,0.0,,short
AIG,2020-06-19,2020-07-09,33.36000061035156,28.014,749,4000.409457153321,short_max_hold,0.096,0.0,,short
TFC,2020-06-19,2020-07-09,41.45000076293945,33.62680561065674,603,4714.371676826477,short_max_hold,0.13066666666666665,0.0,,short
CFG,2020-06-19,2020-07-09,26.760000228881836,22.741364542007446,934,3748.7357315406803,short_max_hold,0.08,0.0,,short
HBAN,2020-06-19,2020-07-09,10.31999969482422,8.064030419826507,2422,5451.8475840444635,short_max_hold,0.12,0.0,,short
RF,2020-06-19,2020-07-09,12.649999618530272,9.83491492366791,1976,5552.727357048027,short_max_hold,0.072,0.0,,short
ENPH,2020-07-13,2020-07-14,56.278125,51.749987062500004,306,-1387.1402088749996,stop,0.9867021276595744,0.5922766946803045,0.9676457496276323,long
LLY,2020-07-06,2020-07-20,164.5422367172241,166.95647328948974,85,204.78510864257788,max_hold,0.9601063829787234,0.4592021747104479,1.0,long
REGN,2020-07-20,2020-07-24,646.9633346557617,600.5344443040638,23,-1067.9794780890536,stop,0.9574468085106383,0.4785035805743249,1.0,long
SHOP,2020-07-21,2020-07-24,102.27311112213137,89.95533761858186,168,-2070.225948596317,stop,0.973404255319149,0.6355346548133275,1.0,long
LLY,2020-07-22,2020-07-30,165.62276328277588,155.12414370191183,163,-1712.0899916808394,stop,0.9095744680851063,0.37333629768417403,1.0,long
EQIX,2020-07-15,2020-08-04,724.5320679016113,793.0332776794434,20,1369.9241955566413,max_hold,0.949468085106383,0.3916498775431573,1.0,long
DLR,2020-07-15,2020-08-04,148.84438927459718,161.01945610046386,100,1217.006682586668,max_hold,0.9468085106382979,0.38278481742065174,1.0,long
AAPL,2020-07-27,2020-08-06,93.75685408401489,109.86095101158142,1,16.09909692756653,stop,0.9202127659574468,0.4373879398719088,0.9036144750715447,long
FTNT,2020-07-31,2020-08-07,27.69384030532837,25.488859972059874,915,-2022.1320049406725,stop,0.9680851063829787,0.2874768051953395,1.0,long
FDX,2020-08-05,2020-08-07,171.93593110656738,173.31651570701598,3,4.1267538013458,stop,0.9177718832891246,0.5166251803416908,1.0,long
NVDA,2020-07-22,2020-08-11,10.372684055328367,10.844575381278993,3882,1812.4721273403295,max_hold,0.9813829787234043,0.5228608273863692,1.0,long
ORCL,2020-07-22,2020-08-11,55.72785076332092,54.24286545753479,534,-795.6521532897947,max_hold,0.8803191489361702,0.36284312983929745,1.0,long
WMT,2020-07-22,2020-08-11,44.21209362602234,43.378301525115965,3,-2.516376302719116,max_hold,0.9840425531914894,0.4414156969018626,1.0,long
INTU,2020-07-27,2020-08-17,290.61523622131347,307.85600476074217,99,1706.3410854034414,max_hold,0.9175531914893617,0.26008962062268076,0.9258677838453688,long
TSLA,2020-08-10,2020-08-17,96.5815994911194,117.33966148349742,265,5499.561427980175,stop,0.9575596816976127,0.4533723559802558,1.0,long
CAT,2020-08-05,2020-08-25,132.84638877868653,141.07941889953614,224,1843.0787470703117,max_hold,0.9151193633952255,0.382931109516644,1.0,long
EBAY,2020-08-12,2020-08-28,54.427201526641845,54.65234039810139,1,0.22013887145954214,stop,0.883289124668435,0.3689524175164289,1.0,long
NVDA,2020-08-12,2020-09-01,10.996245687961578,13.814089599132537,3662,10300.634402708052,max_hold,0.986737400530504,0.4524427266519691,1.0,long
ZS,2020-08-12,2020-09-01,119.01947908401489,153.70550938869476,259,8982.386848912087,stop,0.946949602122016,0.4351613667878441,1.0,long
CMG,2020-08-12,2020-09-01,23.171579847335817,26.470604836416243,1,3.294024989080426,stop,0.8275862068965517,0.41408937399061807,0.978638465887713,long
SHOP,2020-08-26,2020-09-03,104.95245152664185,99.77024922210691,232,-1203.430934652106,stop,0.9893899204244032,0.4837919028745263,1.0,long
NVDA,2020-09-02,2020-09-03,14.711101531505586,13.13970201360181,2380,-3751.8308526109877,stop,0.9310344827586207,0.725575996863673,1.0,long
FTNT,2020-09-02,2020-09-03,26.36717709159851,23.905557655234148,475,-1171.644232273072,stop,0.9814323607427056,0.19121482274350854,1.0,long
AMZN,2020-08-18,2020-09-04,160.68030610656737,162.3863243395294,15,25.515273494430563,stop,0.8328912466843501,0.44456136721486517,0.9849641592615977,long
ORCL,2020-09-02,2020-09-04,57.748861221313476,55.17220591825334,606,-1564.4831136544424,stop,0.9628647214854111,0.43006553187425994,1.0,long
NKE,2020-09-02,2020-09-04,115.11752755737307,110.78990381995641,1,-4.332623737416658,stop,0.8010610079575596,0.5635992795055281,1.0,long
VRT,2020-08-18,2020-09-08,15.757875,16.34182538127899,1555,900.26784288883,max_hold,0.8753315649867374,0.511193919859804,1.0,long
MS,2020-08-18,2020-09-08,51.195583168029785,50.14491316986084,478,-504.6102591247544,max_hold,0.830238726790451,0.4343343621790796,0.9990965181088389,long
CRM,2020-09-04,2020-09-16,263.1115009918213,250.47470610046383,113,-1428.5228227233924,max_hold,0.9204244031830239,0.6228520664784474,1.0,long
TJX,2020-09-04,2020-09-16,55.91794438934326,57.291339694976806,438,599.3571438674921,max_hold,0.8169761273209549,0.2774285003369044,1.0,long
INTU,2020-09-04,2020-09-16,337.9288897705078,313.2233148803711,54,-1334.3710440673813,max_hold,0.8408488063660478,0.45343300585349866,0.9744220006249752,long
ADBE,2020-09-08,2020-09-18,472.12595965576173,457.62748414733886,51,-739.6772509295664,stop,0.843501326259947,0.47121618216234007,0.9485264136635814,long
BKNG,2020-09-10,2020-09-18,1871.9355,1721.4220660617323,13,-1956.7396411974812,stop,0.8010610079575596,0.4263768753782824,1.0,long
MSFT,2020-09-08,2020-09-21,206.60325,202.43872328948976,66,-275.18876289367614,max_hold,0.896551724137931,0.41212216461279766,0.9162982677077576,long
APD,2020-09-09,2020-09-21,298.3290826721191,290.63460877990724,82,-631.3568591613737,max_hold,0.8541114058355438,0.4614642457050098,1.0,long
ROST,2020-09-10,2020-09-21,93.35665255737307,88.2942277131653,25,-126.68562110519422,stop,0.8541114058355438,0.0672825262988915,1.0,long
BE,2020-09-22,2020-09-22,18.029010457992555,16.578396276542474,957,-1393.022771647728,stop,0.9893899204244032,0.6705850657275052,0.9739801816683382,long
PINS,2020-09-22,2020-10-05,37.428704847335815,44.047964694976805,461,3049.1737897624967,max_hold,0.9946949602122016,0.5672946994714725,0.9735901991645551,long
ENPH,2020-09-28,2020-10-05,75.17756938934326,94.57094381847381,229,4439.937744270895,stop,0.9947089947089947,0.5088178719295451,0.9706789888345724,long
EXAS,2020-09-25,2020-10-07,91.93594438934326,108.3757853050232,187,3073.3152512321485,max_hold,0.9708994708994709,0.8699358472895735,0.9673063161740025,long
PLUG,2020-10-08,2020-10-08,19.029510457992554,17.498396046542474,906,-1391.7196567737724,stop,0.9868073878627969,0.9459703303929906,0.9854251655961668,long
NVDA,2020-09-28,2020-10-12,13.046769949436188,14.218886832237244,1150,1342.1844152212145,max_hold,0.9444444444444444,0.45614006169575955,1.0,long
SHOP,2020-10-06,2020-10-22,106.85340305328367,99.68174499234597,161,-1155.44194781097,stop,0.9947229551451188,0.48701481907769856,1.0,long
NVDA,2020-10-14,2020-10-22,14.297644937038422,13.241030223404897,1049,-1113.633834601568,stop,0.941952506596306,0.5348742692359629,1.0,long
CMG,2020-10-15,2020-10-22,26.136060690879823,25.404703851827477,937,-689.9663581920479,stop,0.8100263852242744,0.46022754952197426,1.0,long
TJX,2020-10-15,2020-10-27,56.98847908401489,54.06480784112338,522,-1528.7663887893673,stop,0.8918205804749341,0.3825038324788201,1.0,long
VRT,2020-10-12,2020-10-28,18.179085076332093,17.60528952493719,825,-477.50632990079396,stop,0.9393139841688655,0.48252862181387424,1.0,long
FTNT,2020-10-14,2020-10-28,26.277131938934325,24.088318182160013,571,-1252.6676551181322,stop,0.9393139841688655,0.5012612831576264,0.9661142627550857,long
BKNG,2020-10-15,2020-10-28,1700.85,1653.3559730897637,14,-664.9863767433075,stop,0.8179419525065963,0.22026327671571688,1.0,long
ROST,2020-10-15,2020-10-28,95.41768774795534,87.98660879153897,197,-1464.907554414025,stop,0.899736147757256,0.2897148449256554,1.0,long
EBAY,2020-10-23,2020-10-29,52.496236221313474,48.471890304165115,566,-2280.6097891059712,stop,0.9026315789473685,0.21294272913163464,1.0,long
CRM,2020-10-23,2020-10-30,250.22505610656737,229.28070104497368,97,-2032.0874409745873,stop,0.8526315789473684,0.4326689314673742,1.0,long
AMZN,2020-10-23,2020-11-02,159.6297780532837,154.38027918060303,19,-99.83547858093283,stop,0.8421052631578947,0.266114622883971,0.9403073796184771,long
CAT,2020-10-28,2020-11-02,153.87690305328368,163.1883692703247,193,1796.147979888916,regime_exit,0.8947368421052632,0.44046712569097707,1.0,long
FDX,2020-10-29,2020-11-02,260.3400964508057,266.84652098083495,114,741.1623964233377,regime_exit,0.8868421052631579,0.4975990110509461,1.0,long
ADBE,2020-10-29,2020-11-02,459.5496673278808,444.71753244018555,64,-949.5766328124959,regime_exit,0.9,0.2049778677554328,0.9403715259683426,long
AAPL,2020-10-29,2020-11-02,112.42618774795534,108.34659931327819,139,-567.7577924201237,stop,0.9210526315789473,0.22202939422228676,0.9382889866230251,long
MSFT,2020-10-30,2020-11-02,203.60175,202.22883683013916,138,-190.15201744079747,regime_exit,0.8894736842105263,0.21022800857590182,0.9089135372772518,long
NEM,2020-11-02,2020-11-02,63.281625,64.69763835525512,21,29.631280460357612,regime_exit,0.8,0.3165327263369297,1.0,long
MMC,2020-11-03,2020-11-09,106.43000030517578,112.87220822364807,234,-1508.6466529225163,short_stop,0.10526315789473684,0.0,,short
O,2020-11-03,2020-11-09,57.37403106689453,60.84688116737366,435,-1512.8647937084208,short_stop,0.10263157894736842,0.0,,short
IART,2020-11-04,2020-11-09,47.2400016784668,50.09943898006439,529,-1515.2873325451276,short_stop,0.11842105263157894,0.0,,short
EQR,2020-11-04,2020-11-09,52.130001068115234,55.285430032768254,479,-1513.8454740687962,short_stop,0.034210526315789476,0.0,,short
USB,2020-11-05,2020-11-09,38.959999084472656,41.31824782905579,641,-1514.8424452777901,short_stop,0.05263157894736842,0.0,,short
NEE,2020-11-02,2020-11-10,74.13704847335815,75.95200286483765,330,597.284949188236,max_hold,0.8421052631578947,0.38312360620678093,1.0,long
MSC,2020-11-03,2020-11-12,15.460000038146973,15.50775,1617,-85.29668831634473,regime_cover,0.09210526315789473,0.0,,short
AVB,2020-11-10,2020-11-12,165.2899932861328,166.58325,151,-196.03676379394417,regime_cover,0.07368421052631578,0.0,,short
WERN,2020-11-11,2020-11-12,40.9900016784668,40.35016683197021,609,386.6144215164193,regime_cover,0.12894736842105264,0.0,,short
SPG,2020-11-12,2020-11-12,71.66000366210938,69.17456938934326,348,863.1911269226075,regime_cover,0.06842105263157895,0.0,,short
NEM,2020-11-13,2020-11-23,66.033,60.20554174293894,371,-2163.8420133696536,stop,0.8315789473684211,0.3589404195732794,1.0,long
NET,2020-11-16,2020-11-30,60.42019438934326,70.63862953333742,440,4493.911463357432,stop,0.9078947368421053,0.5661138646599626,1.0,long
EOG,2020-11-16,2020-11-30,44.312145915985106,47.86565358947754,750,2661.380755119325,stop,0.9868421052631579,0.2225932760427245,1.0,long
BA,2020-11-13,2020-12-02,179.0895,211.425072681766,136,4396.957884720179,stop,0.8131578947368421,0.16143905566061312,1.0,long
ADBE,2020-11-13,2020-12-03,467.6837372131348,484.03785877990725,52,850.1543214721673,max_hold,0.8605263157894737,0.17792497874343924,0.915466908832576,long
MSFT,2020-11-13,2020-12-03,216.46818061065673,214.13288549041752,113,-264.45334858703063,max_hold,0.8552631578947368,0.3400892830269018,0.8859775372385583,long
SLB,2020-11-16,2020-12-07,18.899444389343266,22.8185849237442,65,254.41913473606076,max_hold,0.9973684210526316,0.23042116711589594,1.0,long
VLO,2020-11-16,2020-12-07,56.028,59.43026908493042,1,3.397269084930424,max_hold,0.9763157894736842,0.31118683357816124,1.0,long
TSLA,2020-12-01,2020-12-10,199.29626886749267,190.53614789123534,149,-1306.0030254623416,stop,0.9131578947368421,0.7774423505276358,1.0,long
NVDA,2020-11-24,2020-12-14,13.14907117366791,13.302095777511596,1157,171.2644666471452,max_hold,0.9184210526315789,0.23629835256066628,1.0,long
FDX,2020-12-04,2020-12-18,294.5071653442383,278.81495311606346,83,-1302.8686149385092,stop,0.8236842105263158,0.5178900104986939,1.0,long
FTNT,2020-12-11,2020-12-18,25.472729084014894,27.460163968152376,171,338.99636518750935,stop,0.9552631578947368,0.362336275632719,0.9259548205040558,long
SHOP,2020-12-01,2020-12-21,108.09202101516723,119.66613492584227,323,3736.8237931480376,max_hold,0.9368421052631579,0.6111933332705789,1.0,long
ETSY,2020-12-03,2020-12-22,154.56725049591066,190.3764688595581,192,6874.409925820307,stop,0.9,0.5972823124884612,1.0,long
ETN,2020-12-04,2020-12-24,116.99847244262693,118.0109646949768,209,210.56588074112338,max_hold,0.8447368421052631,0.4539222948011481,1.0,long
SCHW,2020-12-10,2020-12-30,50.185079847335814,52.3837948474884,35,76.78002500534062,max_hold,0.8421052631578947,0.5266470210478125,1.0,long
BLK,2020-12-11,2020-12-31,692.6461377868652,721.1792080383301,35,998.4824588012713,max_hold,0.8315789473684211,0.4292025577665866,1.0,long
NVDA,2020-12-15,2021-01-04,13.446469592571258,13.106942891597747,1154,-397.5838129234322,max_hold,0.9447368421052632,0.2865060038493044,1.0,long
AAPL,2020-12-21,2021-01-04,125.08250664138794,126.8260147440688,6,10.43104861608518,stop,0.9184210526315789,0.5165726469451565,0.9059025958743334,long
ORCL,2020-12-22,2021-01-06,64.59227755737305,62.12126150252589,379,-938.4100847870744,stop,0.8105263157894737,0.5269483732309179,1.0,long
SCHW,2020-12-31,2021-01-06,52.576274236679076,54.37029992641722,472,844.4201255564029,stop,0.916010498687664,0.5020294631220193,1.0,long
GS,2020-12-21,2021-01-11,250.41513828277587,293.6830715789795,78,3374.5087971038815,max_hold,0.8105263157894737,0.5265251745019675,1.0,long
AXP,2020-12-23,2021-01-12,115.83788877868652,121.55919274520875,211,1206.1401369361902,max_hold,0.8530183727034121,0.3634610243563961,1.0,long
EBAY,2020-12-28,2021-01-19,50.52525,56.95150954246521,485,3114.310878095627,max_hold,0.8582677165354331,0.18860960776341967,1.0,long
MS,2021-01-04,2021-01-25,69.31463877868653,72.34380725479126,348,1052.410629684446,max_hold,0.8031496062992126,0.5334711511769922,1.0,long
MU,2021-01-05,2021-01-25,76.47822244262696,81.23935877990722,217,1032.081585189817,max_hold,0.8530183727034121,0.6184356048692602,1.0,long
TSLA,2021-01-05,2021-01-25,241.34061122131348,293.4532061004639,2,104.21518975830081,max_hold,0.9186351706036745,0.7206907371817637,1.0,long
SHOP,2021-01-07,2021-01-27,110.25509694671632,109.15339618301392,365,-403.94577875137475,max_hold,0.9921259842519685,0.32001541427785674,1.0,long
LLY,2021-01-07,2021-01-27,164.26208267211913,205.1721637773895,20,818.1016221054073,stop,0.958005249343832,0.3189946888787292,1.0,long
BA,2021-01-12,2021-01-27,206.75331889343263,194.7334418652634,84,-1010.0896703662168,stop,0.958005249343832,0.36426375639864755,1.0,long
FDX,2021-01-13,2021-01-29,250.62525,239.86846795704315,96,-1033.131076123857,stop,0.8608923884514436,0.14238890532647167,1.0,long
NVDA,2021-01-20,2021-02-09,13.118305523872376,14.256118725776671,2006,2272.4232830200167,max_hold,0.9711286089238845,0.2181920931230553,1.0,long
NET,2021-01-28,2021-02-12,75.13754847335815,83.32006186577897,478,3908.85140157715,stop,0.9763779527559056,0.30080130102430525,1.0,long
ZS,2021-01-26,2021-02-16,209.5847357254028,223.5181898803711,142,1977.8404900054989,max_hold,0.889763779527559,0.48802723141330673,1.0,long
INTU,2021-01-26,2021-02-16,374.2170137786865,422.0488797607422,35,1673.9403093719482,max_hold,0.884514435695538,0.40898480653294933,1.0,long
FTNT,2021-01-26,2021-02-16,30.45321872520447,32.96151164054871,11,27.536222068786625,max_hold,0.8503937007874016,0.4525278269846804,1.0,long
GS,2021-01-28,2021-02-17,274.7472903442383,312.5836202392578,108,4085.7836286621064,max_hold,0.9133858267716536,0.4733302759969046,1.0,long
ETSY,2021-01-28,2021-02-17,196.53321505737304,222.2987986602783,21,540.9722556610103,max_hold,0.9553805774278216,0.4776126469653363,1.0,long
AAPL,2021-02-01,2021-02-18,133.816875,129.34907120088315,168,-751.4310382516334,stop,0.863517060367454,0.40501450997680655,1.0,long
MSFT,2021-02-16,2021-02-22,245.1525137786865,234.91719033780942,121,-1239.0791363461285,stop,0.9212598425196851,0.4955115241523017,1.0,long
ADBE,2021-02-17,2021-02-22,495.6577086639404,468.6767932468269,49,-1322.3098554385624,stop,0.8293963254593176,0.4684175273346313,1.0,long
NVDA,2021-02-10,2021-02-23,14.470481785297393,13.91439780026274,684,-383.7814457637021,stop,0.926509186351706,0.45413085213999654,1.0,long
INTU,2021-02-17,2021-02-23,420.1399576721192,394.2519970471567,23,-595.5380943741372,stop,0.8057742782152231,0.5694870293825701,1.0,long
ROST,2021-02-18,2021-03-03,118.36915255737306,112.70683584375841,83,-470.38728723001543,stop,0.8320209973753281,0.4130968710841219,1.0,long
VRT,2021-02-23,2021-03-05,20.540265686988832,19.086452671051024,1193,-1740.3639280138045,stop,0.8162729658792651,0.4456774460287287,1.0,long
ORCL,2021-02-17,2021-03-09,61.860916831970215,72.60367938995361,396,4252.153972961426,max_hold,0.8031496062992126,0.2810773481580877,1.0,long
FTNT,2021-02-18,2021-03-09,32.8384095954895,35.136422328948974,906,2077.469536514282,max_hold,0.9186351706036745,0.59453774130677,1.0,long
XOM,2021-02-19,2021-03-09,52.13605561065674,59.900035305023195,420,3258.771471633911,max_hold,0.931758530183727,0.5057999316683588,1.0,long
ROK,2021-02-23,2021-03-09,242.62125,259.5901412200928,108,1832.1002517700208,max_hold,0.9081364829396326,0.17334959219093932,0.9635893456807381,long
PHM,2021-02-24,2021-03-09,45.72285076332092,47.3163301525116,402,638.568714454652,max_hold,0.994750656167979,0.31810895525280286,0.9611810383138213,long
HAL,2021-02-26,2021-03-10,21.830909694671632,24.127929389953618,96,220.03389074707061,max_hold,0.8792650918635171,0.6637921795331836,1.0,long
TJX,2021-03-04,2021-03-16,63.96196530532837,66.68664122009277,109,296.44467470931926,max_hold,0.8188976377952756,0.21256165133674762,1.0,long
FCX,2021-03-08,2021-03-17,34.747364542007446,34.45516492248535,618,-183.6693648646542,stop,0.9186351706036745,0.5868157118536944,0.9899278397560711,long
TMHC,2021-03-10,2021-03-22,28.51425,30.054964694976807,605,929.1073904609678,max_hold,0.989501312335958,0.35282492121177644,0.958192427162951,long
PHM,2021-03-12,2021-03-24,47.06352091598511,48.18589408493042,366,408.9585798339831,max_hold,0.989501312335958,0.4277250250257528,0.9619374323536498,long
KBH,2021-03-18,2021-03-25,45.99298622131348,42.2923905499466,375,-1389.5983767625787,stop,0.979002624671916,0.6096761953289656,0.9615861719711727,long
VICI,2021-03-23,2021-04-12,28.154069389343267,28.625679389953618,613,286.03193037414513,max_hold,0.989501312335958,0.3527757383320283,0.9581899680189636,long
NVR,2021-03-29,2021-04-19,4732.365,4981.9277119140625,3,748.673135742188,max_hold,0.979002624671916,0.4706493451474454,0.9546348294620967,long
TMHC,2021-03-31,2021-04-20,31.145564160346986,30.874554389953616,481,-132.76069955921088,max_hold,0.968503937007874,0.5206425334874298,0.9476856699814581,long
WM,2021-04-01,2021-04-21,129.314625,135.49221755981446,230,1419.696288757325,max_hold,0.8923884514435696,0.4865278956975416,1.0,long
GE,2021-04-01,2021-04-21,65.97307167434693,63.80980931777878,371,-804.4253342867826,stop,0.8608923884514436,0.3980362491310947,1.0,long
ROK,2021-04-01,2021-04-21,266.77333465576174,267.68609732055666,111,100.76165579223516,max_hold,0.8976377952755905,0.4245457656570456,1.0,long
LIN,2021-04-01,2021-04-21,279.26956988525393,291.8240162200928,87,1091.801831130982,max_hold,0.8031496062992126,0.5036689114796227,1.0,long
NEM,2021-04-01,2021-04-21,61.06051377868652,66.78658969497681,97,554.9443638801582,max_hold,0.9396325459317585,0.08929780811349289,1.0,long
SBUX,2021-04-22,2021-04-28,116.92843774795534,112.39563469672746,178,-807.728943118564,stop,0.800524934383202,0.45737029368165977,1.0,long
NVDA,2021-04-13,2021-05-03,15.239115421772004,14.862844190668914,906,-345.43173537939913,stop,0.9816272965879265,0.7018723562050267,1.0,long
SHOP,2021-04-21,2021-05-03,111.6648056602478,113.35769709472657,153,258.24738947525356,stop,0.994750656167979,0.17208797252250235,1.0,long
CMG,2021-04-22,2021-05-04,30.57007743358612,28.786000098333176,4,-7.156309341011781,stop,0.9002624671916011,0.43893257303552247,1.0,long
AMZN,2021-04-20,2021-05-06,168.76433267211914,162.90566600886058,81,-474.95699972394334,stop,0.8503937007874016,0.338340072145661,1.0,long
HD,2021-04-22,2021-05-12,326.36311221313474,324.38595113752297,91,-180.37665788067156,stop,0.9081364829396326,0.4895587327113843,1.0,long
LOW,2021-04-22,2021-05-12,203.9819448852539,198.08295446002637,120,-708.4788510273046,stop,0.8451443569553806,0.4713976755442573,1.0,long
MCD,2021-04-22,2021-05-12,232.94641683197023,228.3210094142684,172,-796.4300758447159,stop,0.979002624671916,0.42496912799744563,1.0,long
TJX,2021-04-29,2021-05-17,70.53525,71.97399713516235,279,400.0154507102942,max_hold,0.8608923884514436,0.4333037474130001,1.0,long
BA,2021-05-04,2021-05-17,235.867875,227.86600572967527,126,-1008.8655280609163,max_hold,0.889763779527559,0.21021435557286183,1.0,long
NOC,2021-05-04,2021-05-17,362.82133465576175,372.6835601196289,5,49.28612731933581,max_hold,0.910761154855643,0.5562126762807592,1.0,long
WM,2021-05-05,2021-05-17,141.16054133605957,141.4392395095825,7,1.9158872146605825,max_hold,0.9238845144356955,0.5233126003597648,1.0,long
GE,2021-05-07,2021-05-19,65.62401264953613,65.209703666687,188,-78.8300887756348,max_hold,0.8031496062992126,0.29575614256483895,1.0,long
PHM,2021-05-13,2021-05-25,55.78787832069397,56.50173377990723,533,377.81995976066565,max_hold,0.9186351706036745,0.4115232549297371,0.8973478162897939,long
DELL,2021-05-13,2021-05-25,48.1588864402771,50.41066462707519,618,1388.5089194412205,max_hold,0.905511811023622,0.3818715433835272,0.8840542070904363,long
CDW,2021-05-13,2021-05-25,165.0324719467163,166.64663072967528,180,289.6485809326166,max_hold,0.9133858267716536,0.22396868196949318,0.8752221429011149,long
MPWR,2021-05-21,2021-06-02,332.82633366394043,343.4581898803711,51,541.9696670379639,max_hold,0.9973753280839895,0.18306964448753982,0.9567912774999676,long
PHM,2021-05-26,2021-06-10,56.80838877868652,54.408621377069785,303,-728.6445226898708,stop,0.9816272965879265,0.3957879898158885,0.9532539664199283,long
TMHC,2021-05-26,2021-06-10,28.884435839653015,27.718041691767336,597,-699.3223062877505,stop,0.9921259842519685,0.19581215336534089,0.9527039934950388,long
CL,2021-05-28,2021-06-17,84.00197908401489,82.38878530502319,178,-288.03849266052265,max_hold,0.94750656167979,0.4445673866157951,1.0,long
HAL,2021-06-03,2021-06-17,24.33215969467163,22.25691703534292,616,-1281.4294781464864,stop,0.968503937007874,0.5753142707099657,0.9152212399988056,long
SCHW,2021-06-07,2021-06-18,75.97797244262695,70.2325613268709,322,-1851.63237927345,stop,0.8398950131233596,0.46891768354335556,1.0,long
AXP,2021-06-07,2021-06-18,165.7128198852539,158.4920208057148,147,-1062.1924646922505,stop,0.8241469816272966,0.48128984001029707,1.0,long
GS,2021-06-11,2021-06-18,375.88786221313484,353.1092993648851,65,-1480.9315851362337,stop,0.8582677165354331,0.4147661602971152,1.0,long
NVDA,2021-06-07,2021-06-28,17.58003654098511,19.97500811004638,1991,4758.433394000994,max_hold,0.958005249343832,0.7149681998425415,1.0,long
CME,2021-06-07,2021-06-28,219.43966683197021,215.11239122009277,51,-220.94605620574941,max_hold,0.9002624671916011,0.4248565250779274,1.0,long
VRT,2021-06-11,2021-07-01,26.023005228996276,27.44626908493042,511,724.7328303823483,max_hold,0.9238845144356955,0.5613246158499646,1.0,long
KBH,2021-06-21,2021-07-06,42.831406373977664,39.74212598944462,940,-2908.6235614610646,stop,0.9973753280839895,0.23124893379172057,0.9592002419651766,long
SLB,2021-06-18,2021-07-08,31.805895915985108,30.30546612412149,770,-1159.180939734985,stop,0.8162729658792651,0.39743109971733065,1.0,long
OXY,2021-06-18,2021-07-08,28.184085076332092,28.946319465789795,96,72.69450138793947,stop,0.910761154855643,0.500663486615452,1.0,long
ANF,2021-06-21,2021-07-08,41.14055893135071,41.80895241381123,780,517.4469163192025,stop,0.984251968503937,0.4438564134137041,0.9580195923242286,long
PEG,2021-06-21,2021-07-12,59.74986122131347,60.669650762557986,10,9.14789541244512,max_hold,0.9343832020997376,0.23997265266604967,0.9571201253944503,long
NVDA,2021-06-29,2021-07-15,19.89244094467163,19.21709708187245,1232,-838.1836389685913,stop,0.868766404199475,0.7023647367382045,1.0,long
LLY,2021-06-29,2021-07-19,228.364125,234.02292938995362,86,486.22717753601097,max_hold,0.9501312335958005,0.5002214035191688,1.0,long
MRK,2021-07-02,2021-07-21,78.07902091598511,75.81107402826309,135,-306.84782984247255,stop,0.806282722513089,0.3424019525927466,1.0,long
TMO,2021-07-07,2021-07-27,520.2399704589844,530.0148892822266,47,459.1861846923815,max_hold,0.8743455497382199,0.5129964527101605,1.0,long
ORCL,2021-07-09,2021-07-29,85.92293725204468,87.58618225479125,285,472.5998257827747,max_hold,0.8534031413612565,0.47098138336583034,1.0,long
ISRG,2021-07-09,2021-07-29,317.4486535491943,326.9997484130859,93,887.7868223419181,max_hold,0.9031413612565445,0.5277251603772086,1.0,long
NKE,2021-07-09,2021-07-29,161.77084744262694,166.90651049041747,158,810.6447615509037,max_hold,0.9712041884816754,0.5669692690514576,1.0,long
AMZN,2021-07-16,2021-07-30,181.75632957458495,173.1050613544026,140,-1211.8775508255283,stop,0.887434554973822,0.40694761720497286,1.0,long
AAPL,2021-07-14,2021-08-03,148.17405610656738,147.28632061004637,1,-0.8927354965210031,max_hold,0.9057591623036649,0.5102317196680592,0.9275491304214616,long
LLY,2021-07-30,2021-08-03,245.02244389343264,243.78770278576448,121,-150.00867402784695,stop,0.8979057591623036,0.5046368974583804,1.0,long
SHOP,2021-07-20,2021-08-09,147.80886811065673,154.92149342346192,145,1030.605670356753,max_hold,0.9712041884816754,0.45220216222387916,1.0,long
MU,2021-07-22,2021-08-11,76.26811835861206,75.36979201724486,98,-88.5259814539851,stop,0.9214659685863874,0.19875809737912523,1.0,long
MP,2021-07-28,2021-08-16,36.228104084014895,34.42597786315918,646,-1167.4035386727899,stop,0.9973821989528796,0.4829627919523202,0.9717921186552076,long
NVDA,2021-08-02,2021-08-18,19.709850763320922,19.099952703706546,1243,-764.3182881006704,stop,0.8691099476439791,0.4003090998477728,1.0,long
AA,2021-07-30,2021-08-19,39.179579847335816,39.80009,1027,632.1289267861141,stop,0.9947643979057592,0.4541098202115649,0.9679934491257616,long
CMG,2021-07-30,2021-08-19,36.831207761764524,37.39609133720398,278,155.64763397216782,max_hold,0.8848167539267016,0.5669399483508705,0.9621502835467326,long
KBH,2021-08-04,2021-08-19,42.281128320693966,40.68652112230314,108,-172.75757742620914,stop,0.9842931937172775,0.3949860726427832,0.955613177977689,long
NRG,2021-08-04,2021-08-24,41.33065637397766,43.928025762557986,593,1537.2750474281333,max_hold,0.8481675392670157,0.44249605457111485,1.0,long
SHOP,2021-08-10,2021-08-30,155.7778469467163,154.82254389953613,122,-117.15697175598028,max_hold,0.9947643979057592,0.4917933008725354,1.0,long
FTNT,2021-08-12,2021-09-01,59.89793403053284,61.66315324401855,105,184.82301741600003,max_hold,0.9083769633507853,0.5838471105740575,1.0,long
NEE,2021-08-17,2021-09-07,83.64179847335815,84.98748377990722,293,392.8207948188781,max_hold,0.8638743455497382,0.4241491246388635,1.0,long
PHM,2021-08-19,2021-09-08,51.66581938934326,51.01006627617079,543,-358.7889404526528,stop,0.9842931937172775,0.20762004322421923,0.9462448765067608,long
SMCI,2021-08-20,2021-09-09,3.4657319866418836,3.646176001906395,8588,1506.7132030916246,max_hold,0.8926701570680629,0.21031985550102442,0.9935070042567541,long
DVN,2021-08-20,2021-09-09,24.972479084014893,28.435775762557984,1116,3859.4590932540905,max_hold,0.9895287958115183,0.23474198236766025,0.9523130153487495,long
SHOP,2021-09-02,2021-09-13,154.31712549591063,143.93002780911849,39,-405.2918097848937,stop,0.9764397905759162,0.427948548667233,1.0,long
PANW,2021-08-25,2021-09-14,73.37000254440308,80.7645978050232,257,1899.125981979371,max_hold,0.9476439790575916,0.823855397927935,1.0,long
ORCL,2021-08-31,2021-09-14,89.49472194671631,86.16181938361157,1,-3.3379025631047385,stop,0.8717277486910995,0.38781195302805316,1.0,long
MSFT,2021-08-31,2021-09-20,304.57222343444823,293.4131876857073,52,-580.529858934527,stop,0.9267015706806283,0.47238841604382237,1.0,long
NVDA,2021-09-08,2021-09-20,22.52425698852539,21.0104506505173,1150,-1746.6272887093053,stop,0.9738219895287958,0.5072330877953197,1.0,long
FTNT,2021-09-10,2021-09-20,62.677322908401486,57.95542116808323,391,-1848.2185804644391,stop,0.806282722513089,0.4772818985714675,1.0,long
ADBE,2021-09-14,2021-09-20,646.323,634.2895369146161,33,-397.2692818176692,stop,0.9502617801047121,0.41820421103514094,1.0,long
MDB,2021-09-09,2021-09-24,473.4666259918213,507.78598854064944,63,2161.8048405761742,max_hold,0.9633507853403142,0.7427832818992969,1.0,long
BKNG,2021-09-10,2021-09-24,2331.165,2490.104422607422,10,1589.3442260742188,max_hold,0.8089005235602095,0.3125947596996102,1.0,long
SMCI,2021-09-15,2021-09-27,3.622810551524162,3.786106106758117,5227,827.4108672078828,max_hold,0.900523560209424,0.22951493311943977,1.0,long
EBAY,2021-09-15,2021-09-27,71.99597908401489,73.63316316986084,1,1.632184085845945,max_hold,0.8848167539267016,0.2458975557733081,1.0,long
AAPL,2021-09-21,2021-10-01,144.00195767211915,139.25641364523284,170,-807.5924845706722,stop,0.8455497382198953,0.2596876633691772,1.0,long
COP,2021-09-21,2021-10-04,58.499236221313474,71.45425286483764,598,7744.109952827453,max_hold,0.9685863874345549,0.4035800879450764,1.0,long
MPC,2021-09-21,2021-10-04,58.06902091598511,62.98849045753479,487,2393.3466667346947,max_hold,0.9764397905759162,0.3619130277021827,1.0,long
OKE,2021-09-21,2021-10-04,53.826899236679075,60.02997137260437,8,49.58457708740237,max_hold,0.9869109947643979,0.40960979148726256,0.9587003848623213,long
XOM,2021-10-04,2021-10-18,61.350659694671634,62.52872137260437,244,286.2270494155882,max_hold,0.9686684073107049,0.49838263658165405,1.0,long
SLB,2021-10-05,2021-10-18,31.275630228996278,34.1429198474884,551,1577.1215797891596,max_hold,0.9947780678851175,0.47750631251867587,1.0,long
PSX,2021-10-05,2021-10-18,77.13854847335816,80.82956774520873,223,821.982297622679,max_hold,0.9895561357702349,0.2275460293219453,0.9575497790298155,long
VLO,2021-10-08,2021-10-20,76.5782709159851,80.99948091506958,195,861.160949821474,max_hold,0.9321148825065274,0.46601667285088194,0.8357996629032471,long
NVDA,2021-10-19,2021-11-01,22.287137068748475,25.81408616447449,774,2725.988600091935,max_hold,0.9765625,0.46689608745031486,1.0,long
BNTX,2021-10-19,2021-11-01,273.1365,271.1907491473389,63,-122.89730371764881,stop,0.9973958333333334,0.11928657730923647,0.9536205788654619,long
FTNT,2021-10-19,2021-11-01,65.80288164138794,64.78958759689331,228,-232.1710421447753,max_hold,0.9479166666666666,0.560360681828949,0.9468908096872237,long
AAPL,2021-10-21,2021-11-02,148.88440255737305,149.9449942703247,100,105.55917129516627,max_hold,0.9348958333333334,0.42968376556948956,1.0,long
NVDA,2021-11-02,2021-11-04,25.83491150379181,27.733863008852556,668,1265.1596053805793,stop,0.9844155844155844,0.6893593152620031,1.0,long
PLTR,2021-11-02,2021-11-10,26.573279465675355,23.52823,649,-1979.482103223305,stop,0.9766233766233766,0.5581452704159737,1.0,long
SCHW,2021-11-03,2021-11-19,81.75085408401489,78.8711716501686,183,-527.89688539387,stop,0.9454545454545454,0.4222111091458077,1.0,long
NOW,2021-11-08,2021-11-22,138.8133752975464,130.68671652812978,176,-1431.1719434173256,stop,0.8701298701298701,0.474821061444374,1.0,long
AAPL,2021-11-03,2021-11-23,150.46519438934325,161.3292986602783,99,1075.051322822571,max_hold,0.9506493506493506,0.41599821617999555,1.0,long
LIN,2021-11-08,2021-11-24,335.49765156555173,326.6049111404419,21,-186.85254892730623,stop,0.8493506493506493,0.5171505851389849,1.0,long
MU,2021-11-05,2021-11-26,73.0365,83.37828816986084,236,2439.482008087157,max_hold,0.9714285714285714,0.1322880900248067,1.0,long
INTU,2021-11-08,2021-11-26,619.3195147705078,666.576518157959,48,2268.096162597656,max_hold,0.8909090909090909,0.5096928576936113,1.0,long
LLY,2021-11-08,2021-11-26,264.12198522949217,260.2398101196289,132,-513.1071145019533,max_hold,0.9532467532467532,0.48296294763999553,1.0,long
ORCL,2021-11-11,2021-11-26,94.15705561065674,92.28383683013915,198,-371.8873185424828,max_hold,0.8,0.3312957514182157,1.0,long
FTNT,2021-11-22,2021-12-01,68.77436786270141,63.24078222446846,108,-598.1672489291585,stop,0.825974025974026,0.4081976299701713,1.0,long
MSFT,2021-11-24,2021-12-03,336.44813877868654,318.8454495479331,45,-792.3460153839061,stop,0.9090909090909091,0.45801219190644793,1.0,long
NVDA,2021-11-26,2021-12-03,32.61629847335816,30.690566534881594,175,-337.8780892333985,stop,0.8883116883116883,0.7251775927904343,1.0,long
AVGO,2021-11-23,2021-12-06,55.2696215801239,56.4697520980835,458,547.3697772254936,max_hold,0.9194805194805195,0.4314680289862667,1.0,long
PG,2021-12-08,2021-12-20,151.74583316802978,157.78107061004638,98,590.9632693176277,max_hold,0.9404145077720207,0.45223242651964063,1.0,long
ORCL,2021-12-16,2021-12-20,104.00197194671632,95.63397328388353,144,-1205.7118074479217,stop,0.9585492227979274,0.5683296296202238,1.0,long
FTNT,2021-12-20,2022-01-04,64.76236835861206,64.6775620336914,231,-20.7452610566732,stop,0.9689119170984456,0.5915583104326073,0.9515986409102315,long
ANET,2021-12-22,2022-01-05,34.249614418029786,33.3916400366942,503,-434.07611381180055,stop,0.9896907216494846,0.5980890516071442,0.9706261020648934,long
MSFT,2022-01-03,2022-01-05,335.5176811065674,316.20629777801224,88,-1699.8417329128547,stop,0.922879177377892,0.4103124990948962,1.0,long
NEM,2021-12-27,2022-01-06,59.30963877868653,58.33816153343725,253,-247.04874304806663,stop,0.9664948453608248,0.1619737022510876,1.0,long
AAPL,2022-01-03,2022-01-06,177.91891683197022,172.65871813778773,143,-752.9234132680964,stop,0.8997429305912596,0.47446755558314424,1.0,long
AVGO,2022-01-04,2022-01-07,66.32114601516723,62.97024576669011,2,-6.711800496954234,stop,0.8303341902313625,0.5562078862042367,1.0,long
AA,2021-12-20,2022-01-10,51.91594438934326,61.50923091506958,332,3183.3111265411385,max_hold,0.9740932642487047,0.6657353749684654,0.9599707065722576,long
LLY,2022-01-07,2022-01-14,259.8698602294922,245.66626178921862,134,-1903.952190996658,stop,0.9460154241645244,0.2857352594407899,1.0,long
NVDA,2022-01-05,2022-01-19,28.963473904609682,25.475113107538494,606,-2116.97664302514,stop,0.8637532133676092,0.33040341524659905,1.0,long
ORCL,2022-01-06,2022-01-19,86.043,84.06197047831199,345,-685.1801849823652,stop,0.8920308483290489,0.19191072496878597,1.0,long
MU,2022-01-03,2022-01-20,93.95695866394043,89.52641496124268,372,-1650.0222574035618,stop,0.9485861182519281,0.5063379927022656,1.0,long
INTU,2022-01-06,2022-01-20,587.0933877868653,544.3476851196289,31,-1325.2717826843284,max_hold,0.9922879177377892,0.21283652761201663,1.0,long
F,2022-01-07,2022-01-20,24.68233507633209,23.163213091087343,206,-313.9691289604181,stop,1.0,0.7607043790531063,0.9880352189526553,long
WBD,2022-01-10,2022-01-20,30.185085076332093,28.67125748062134,1,-1.5188275957107544,stop,0.9948586118251928,0.8164615907303827,0.9861958301791927,long
SLB,2022-01-11,2022-01-24,35.41770152664184,34.76780866279602,570,-373.288932392118,stop,0.9562982005141388,0.5436808264236273,1.0,long
PFE,2022-01-18,2022-01-24,54.52725,50.139987465000004,545,-2393.783081574999,stop,0.9051282051282051,0.342075796204287,1.0,long
ROK,2022-01-20,2022-01-27,317.17849900817873,291.6583169779807,77,-1965.4390163252494,stop,0.8,0.20093615954896452,0.9984599142111339,long
PM,2022-01-20,2022-02-01,101.11052755737306,103.198375,294,612.3571481323197,max_hold,0.9282051282051282,0.34971597490475476,1.0,long
NRG,2022-02-01,2022-02-14,39.65981938934326,38.66066030502319,378,-379.57213387298634,max_hold,0.9362244897959183,0.3089765284058126,1.0,long
NI,2022-02-01,2022-02-14,29.174579847335817,28.395794847488403,514,-402.8654899215706,max_hold,0.9413265306122449,0.548648825107531,0.924626318806397,long
ANF,2022-02-02,2022-02-14,39.83990969467163,39.6401698474884,433,-88.65235383033912,max_hold,0.9719387755102041,0.3493715813365455,0.942213477026011,long
MGM,2022-02-02,2022-02-14,44.20209030532837,44.616081220932,339,138.6479203896319,stop,0.9642857142857143,0.36424138289857955,0.9360692120020718,long
AA,2022-02-15,2022-02-16,72.48622194671631,77.80107633972167,207,1099.1398593521099,regime_exit,0.9669211195928753,0.6950944020736073,0.9549837277372681,long
FTNT,2022-02-16,2022-02-16,63.5237465801239,64.0399625968933,236,120.64697995757967,regime_exit,0.9567430025445293,0.3796566517774293,1.0,long
BE,2022-02-16,2022-02-18,19.499744771003723,18.565113015041348,885,-831.5741040267018,stop,0.9974554707379135,0.2460967571372763,0.960014761520986,long
LLY,2022-02-16,2022-02-24,242.70129183197022,242.95846183013916,61,15.382369888304943,max_hold,0.9541984732824428,0.2647900168373689,0.9404584893319884,long
NET,2022-02-17,2022-03-01,110.68000030517578,117.37946072364808,225,-1508.5035941562671,short_stop,0.007633587786259542,0.0,,short
TDY,2022-02-17,2022-03-04,422.75,448.3390575,59,-1510.0493925000014,short_stop,0.0916030534351145,0.0,,short
XOM,2022-03-03,2022-03-09,79.89993061065674,82.47194225311279,175,449.22703742980826,stop,0.9567430025445293,0.4943317895691505,1.0,long
SWKS,2022-02-17,2022-03-09,138.3699951171875,134.22708366394042,180,744.8240615844745,short_max_hold,0.08396946564885496,0.0,,short
WDC,2022-02-17,2022-03-09,42.19198989868164,36.12538398742676,592,3588.4706994628905,short_max_hold,0.04580152671755725,0.0,,short
JPM,2022-02-17,2022-03-09,153.0,133.50672244262697,163,3176.5892418518047,short_max_hold,0.04834605597964377,0.0,,short
C,2022-02-17,2022-03-09,66.33000183105469,55.97797576332092,376,3890.4818014678963,short_max_hold,0.10687022900763359,0.0,,short
ENPH,2022-03-10,2022-03-14,179.02947244262694,168.20356024402128,78,-844.8111514912417,stop,0.9516539440203562,0.4324738628159317,0.8069427640296005,long
SNAP,2022-03-02,2022-03-14,38.119998931884766,28.014,655,6616.154300384523,short_take_profit,0.005089058524173028,0.0,,short
HBAN,2022-03-10,2022-03-16,14.479999542236328,15.356473914527895,1726,-1521.424766575244,short_stop,0.10941475826972011,0.0,,short
MMC,2022-03-10,2022-03-17,150.00999450683594,159.09009947433472,166,-1508.127424604798,short_stop,0.1450381679389313,0.0,,short
WTW,2022-03-10,2022-03-18,221.6499938964844,235.0664680270386,112,-1503.205102622071,short_stop,0.07633587786259542,0.0,,short
NTAP,2022-03-17,2022-03-18,84.41999816894531,89.52994065811158,296,-1514.0229767932165,short_stop,0.13740458015267176,0.0,,short
DOCU,2022-03-21,2022-03-21,94.20999908447266,99.91253032905578,265,-1512.4957798145288,short_stop,0.03307888040712468,0.0,,short
ZG,2022-03-18,2022-03-22,51.4900016784668,54.6066914800644,485,-1514.0195537748368,short_stop,0.06361323155216285,0.0,,short
SNOW,2022-03-22,2022-03-22,212.7899932861328,225.67017157974243,117,-1507.5658603523252,short_stop,0.005089058524173028,0.0,,short
TFC,2022-03-07,2022-03-28,58.540000915527344,59.58978137397766,427,-450.3912557582842,short_max_hold,0.14249363867684478,0.0,,short
SLB,2022-03-22,2022-03-29,41.220600763320924,41.0386706867218,390,-72.90272987365796,stop,0.9923664122137404,0.46120294410930096,0.944410321033823,long
SHOP,2022-03-23,2022-03-29,71.5,75.82789500000001,349,-1512.180355000004,short_stop,0.04834605597964377,0.0,,short
BILL,2022-03-23,2022-03-29,226.4600067138672,240.16763092025758,110,-1508.388662702943,short_stop,0.017811704834605598,0.0,,short
IART,2022-03-10,2022-03-30,65.5199966430664,65.7428540840149,381,-86.81368500137386,short_max_hold,0.09923664122137404,0.0,,short
WM,2022-03-15,2022-04-04,155.58999633789062,159.46969438934326,160,-621.5516882324216,short_max_hold,0.13994910941475827,0.0,,short
DASH,2022-03-30,2022-04-04,122.3000030517578,129.7028222364807,204,-1511.1951136834718,short_stop,0.020356234096692113,0.0,,short
IAC,2022-03-21,2022-04-11,85.28302001953125,80.9264140548706,293,1275.020547645569,short_max_hold,0.04580152671755725,0.0,,short
UPST,2022-04-05,2022-04-12,113.61000061035156,84.00197908401489,220,6512.664735794067,short_take_profit,0.043256997455470736,0.0,,short
AFRM,2022-04-05,2022-04-14,47.65999984741211,35.20759362602234,524,6522.440860008241,short_take_profit,0.02544529262086514,0.0,,short
HUBS,2022-03-29,2022-04-18,503.7099914550781,433.5766653442383,49,3436.2879794311525,short_max_hold,0.05343511450381679,0.0,,short
TTD,2022-03-30,2022-04-19,72.0199966430664,66.92344438934326,347,1766.7686320419318,short_max_hold,0.05089058524173028,0.0,,short
XOM,2022-04-08,2022-04-20,85.21258316802978,87.91601908493043,176,474.9247213745135,max_hold,0.9669211195928753,0.44842541113885587,1.0,long
VST,2022-04-08,2022-04-20,24.22210408401489,26.246870228767396,619,1250.2352436018004,max_hold,0.9541984732824428,0.5000270842838572,1.0,long
SWKS,2022-03-31,2022-04-20,136.41000366210938,120.87040255737305,183,2842.832002166747,short_max_hold,0.06615776081424936,0.0,,short
NRG,2022-04-11,2022-04-22,39.58978469467163,38.204664669488466,435,-604.7022109546758,stop,0.9745547073791349,0.10984109814388748,1.0,long
HAL,2022-04-11,2022-04-22,39.599791831970215,38.28964503875732,378,-497.1254878344739,stop,0.9414758269720102,0.583209311967613,0.9230214542966538,long
COP,2022-04-21,2022-04-25,103.17156274795533,94.87037880925485,145,-1204.3966711115709,stop,0.9541984732824428,0.4288577518040998,1.0,long
KMB,2022-04-25,2022-05-02,138.71931889343261,134.80376038589478,108,-423.42031881408656,stop,0.9467005076142132,0.6056844758235336,1.0,long
LLY,2022-05-05,2022-05-13,293.56672343444825,291.4841898803711,47,-98.1140770416258,max_hold,0.9619289340101523,0.41649752195949774,1.0,long
CNK,2022-04-29,2022-05-16,15.779999732971191,16.73516311680794,1584,-1520.8987999974088,short_stop,0.13705583756345177,0.0,,short
OXY,2022-05-18,2022-05-18,68.53425,64.3899839025,204,-846.4502838899987,stop,0.9543147208121827,0.6656317829290871,1.0,long
HUBS,2022-04-29,2022-05-19,393.94000244140625,339.30958465576174,63,3441.401320495604,short_max_hold,0.09390862944162437,0.0,,short
SNAP,2022-04-29,2022-05-19,29.06999969482422,23.211600763320924,859,5028.06968216133,short_max_hold,0.027918781725888325,0.0,,short
TFC,2022-04-29,2022-05-19,50.310001373291016,46.14305893135071,496,2064.3234512023923,short_max_hold,0.09137055837563451,0.0,,short
KBH,2022-04-29,2022-05-19,33.9900016784668,32.73636122131348,735,917.7507360076879,short_max_hold,0.12436548223350254,0.0,,short
AMT,2022-04-29,2022-05-19,250.30999755859375,233.366625,99,1676.8988833007816,short_max_hold,0.12944162436548223,0.0,,short
NRG,2022-05-12,2022-05-20,41.88093061065674,45.697141220092774,334,1272.9443435516353,max_hold,0.9543147208121827,0.3972350304854734,1.0,long
CRWD,2022-05-17,2022-05-27,151.3300018310547,160.49000684188846,165,-1512.2258267875723,short_stop,0.11421319796954314,0.0,,short
MPWR,2022-05-20,2022-05-27,428.6499938964844,454.5961780270386,58,-1505.1686795721453,short_stop,0.11928934010152284,0.0,,short
PLTR,2022-05-20,2022-05-27,8.260000228881836,8.759978042736055,3026,-1528.0628647228668,short_stop,0.01015228426395939,0.0,,short
ESTC,2022-05-20,2022-05-27,60.97999954223633,64.6711189145279,409,-1511.712823267251,short_stop,0.03299492385786802,0.0,,short
AMD,2022-05-20,2022-05-31,98.38999938964844,104.34554605270387,254,-1513.978852416079,short_stop,0.116751269035533,0.0,,short
HUBS,2022-05-20,2022-06-01,343.0199890136719,363.7829889486694,72,-1495.2959953198226,short_stop,0.08629441624365482,0.0,,short
MDB,2022-06-02,2022-06-02,262.0,277.85886000000005,95,-1507.0667000000046,short_stop,0.027918781725888325,0.0,,short
ZS,2022-06-01,2022-06-07,155.17999267578125,164.5730376324463,161,-1513.0852380230733,short_stop,0.04060913705583756,0.0,,short
HAL,2022-05-31,2022-06-08,41.71084362602234,42.94851622009277,386,475.8116213111867,max_hold,0.9771573604060914,0.603086358218127,0.906269294595828,long
TSLA,2022-05-31,2022-06-21,257.9466552734375,237.15518520355224,96,1995.5011267089853,short_max_hold,0.1446700507614213,0.0,,short
ROST,2022-05-31,2022-06-21,86.3499984741211,75.13754847335815,289,3238.9530502204902,short_max_hold,0.06852791878172589,0.0,,short
WERN,2022-05-31,2022-06-21,40.59000015258789,37.53876045799255,615,1873.437412176133,short_max_hold,0.14720812182741116,0.0,,short
SHW,2022-05-31,2022-06-21,272.7099914550781,220.26006889343265,91,4772.487953109739,short_max_hold,0.11928934010152284,0.0,,short
UPST,2022-06-22,2022-06-22,36.939998626708984,39.17597674358368,676,-1514.9012070072959,short_stop,0.10379746835443038,0.0,,short
META,2022-06-03,2022-06-23,195.97999572753903,158.829375,127,4717.4938323974575,short_max_hold,0.12944162436548223,0.0,,short
MNDY,2022-06-22,2022-06-23,102.83999633789062,109.06490131622314,243,-1513.8669097348018,short_stop,0.09113924050632911,0.0,,short
BILL,2022-06-23,2022-06-23,114.0199966430664,120.92162703987121,219,-1512.5520569002524,short_stop,0.1341772151898734,0.0,,short
CE,2022-06-22,2022-06-24,119.97000122070312,127.2317853945923,208,-1511.491108168947,short_stop,0.05822784810126582,0.0,,short
ALB,2022-06-22,2022-06-24,209.4499969482422,222.1280052635193,119,-1509.2779895179763,short_stop,0.1341772151898734,0.0,,short
DDOG,2022-06-08,2022-06-28,106.55999755859376,97.36865969467163,234,2149.603060157778,short_max_hold,0.015228426395939087,0.0,,short
AFRM,2022-06-28,2022-07-07,22.25,23.5967925,1123,-1518.0629774999993,short_stop,0.09620253164556962,0.0,,short
COIN,2022-06-27,2022-07-08,59.560001373291016,63.16516825641632,419,-1512.6599240295036,short_stop,0.1240506329113924,0.0,,short
SNAP,2022-06-28,2022-07-08,14.359999656677246,15.22921043589592,1740,-1521.1267558404934,short_stop,0.10379746835443038,0.0,,short
OXY,2022-07-08,2022-07-11,63.21159030532837,59.38918543956517,254,-972.1608359038538,stop,0.9899244332493703,0.18005411161183293,0.9855572465864634,long
MPC,2022-07-08,2022-07-14,84.53224286270141,79.42057813679385,190,-972.1662979224363,stop,0.9722921914357683,0.0745827329983535,0.8742580616914659,long
IP,2022-06-24,2022-07-14,41.459999084472656,41.80088877868652,602,-208.2255959167461,short_max_hold,0.12658227848101267,0.0,,short
NET,2022-06-27,2022-07-18,51.5099983215332,48.85441683197021,485,1285.5320224380505,short_max_hold,0.02278481012658228,0.0,,short
JPM,2022-06-29,2022-07-19,116.0,114.61727755737306,215,296.21032516479266,short_max_hold,0.14936708860759493,0.0,,short
PINS,2022-07-19,2022-07-20,20.420000076293945,21.656022680912017,1224,-1519.0116680525193,short_stop,0.12562814070351758,0.0,,short
MAS,2022-07-15,2022-07-22,53.84000015258789,57.09893536182404,464,-1514.4659370855732,short_stop,0.11557788944723618,0.0,,short
TFC,2022-07-08,2022-07-28,48.29999923706055,49.58478137397766,517,-666.8173647861489,short_max_hold,0.06801007556675064,0.0,,short
AVB,2022-07-20,2022-07-28,194.91000366210935,206.70790618377683,128,-1510.7715227734377,short_stop,0.135678391959799,0.0,,short
CFLT,2022-07-11,2022-08-01,28.489999771118164,25.962975763320923,877,2211.81505483818,short_max_hold,0.08816120906801007,0.0,,short
ALLY,2022-07-11,2022-08-01,34.13999938964844,33.44671530532837,732,503.82394972229076,short_max_hold,0.14105793450881612,0.0,,short
NET,2022-07-21,2022-08-03,53.18000030517578,56.398985723648074,470,-1515.2731466819778,short_stop,0.035175879396984924,0.0,,short
SHOP,2022-07-25,2022-08-03,37.04999923706055,39.29263569087982,674,-1514.9069698741898,short_stop,0.05025125628140704,0.0,,short
CRWD,2022-07-29,2022-08-03,182.91000366210935,193.98154618377683,136,-1506.4097829467776,short_stop,0.10050251256281408,0.0,,short
OXY,2022-08-03,2022-08-04,64.70233316802978,59.49638344133011,231,-1203.729386867624,stop,0.9673366834170855,0.46588443622121595,1.0,long
NVDA,2022-08-03,2022-08-08,18.19309201526642,17.66896124031067,824,-436.00375856353855,stop,0.9472361809045227,0.2650040352401365,1.0,long
EBAY,2022-08-03,2022-08-15,49.0245,48.65566030502319,352,-131.5915726318383,max_hold,0.9773869346733668,0.17301529773493904,0.9924416786921338,long
SMCI,2022-08-04,2022-08-16,5.764881083965301,6.6086939885616305,2993,2510.567023456813,max_hold,0.9798994974874372,0.6863629186650408,1.0,long
STX,2022-07-29,2022-08-18,79.5,81.67081225204468,314,-683.2050471420307,short_max_hold,0.11306532663316583,0.0,,short
IMAX,2022-08-02,2022-08-22,16.780000686645508,15.147570343494415,1489,2423.243780951977,short_max_hold,0.06281407035175879,0.0,,short
VZ,2022-08-02,2022-08-22,46.25,44.19208316802978,540,1108.5750892639176,short_max_hold,0.12060301507537688,0.0,,short
NOC,2022-08-11,2022-08-23,474.237,482.6385648803711,31,260.29351129150405,max_hold,0.9323308270676691,0.3934557650401827,1.0,long
SMCI,2022-08-19,2022-08-29,7.112554706096649,6.838618794088364,2110,-588.5547743374807,stop,0.9473684210526315,0.8332982121738521,1.0,long
VST,2022-08-19,2022-08-31,25.752869771003724,24.061137166321007,670,-1136.8108451374198,stop,0.974937343358396,0.4594349173791242,1.0,long
DVN,2022-08-22,2022-09-01,67.41368725204468,69.6567536265564,256,572.9449918749985,stop,0.9974937343358395,0.5545639000142666,0.975472555902969,long
XOM,2022-08-24,2022-09-01,98.0590071372986,94.06574618049623,176,-703.6939283972152,stop,0.9924812030075187,0.4989969415648091,1.0,long
HAL,2022-08-30,2022-09-01,31.205595534324647,29.318593172364036,480,-908.1611337410935,stop,0.9624060150375939,0.3478141901647725,0.8354875790674481,long
TSLA,2022-09-02,2022-09-09,281.07000732421875,298.08317486755374,88,-1497.598743813479,short_stop,0.14786967418546365,0.0,,short
SNOW,2022-09-02,2022-09-09,175.0,185.59275,142,-1504.8804999999993,short_stop,0.022556390977443608,0.0,,short
MDB,2022-09-02,2022-09-09,244.1699981689453,258.9496081581116,102,-1508.0302188949586,short_stop,0.010025062656641603,0.0,,short
BILL,2022-09-02,2022-09-09,153.24000549316406,162.5156230256653,163,-1512.7406577977004,short_stop,0.002506265664160401,0.0,,short
CFLT,2022-09-02,2022-09-09,26.559999465942383,28.167676233615875,941,-1517.5288383807563,short_stop,0.005012531328320802,0.0,,short
ESTC,2022-09-02,2022-09-09,83.16999816894531,88.20427815811158,300,-1511.7839967498794,short_stop,0.047619047619047616,0.0,,short
SLB,2022-09-09,2022-09-16,39.06952423667908,37.80668877696991,412,-522.3482094001791,stop,0.9824561403508771,0.2959457511020667,0.8422173453413904,long
AFRM,2022-09-12,2022-09-23,26.579999923706055,19.28964068698883,940,6848.237682514193,short_take_profit,0.002506265664160401,0.0,,short
TEAM,2022-09-12,2022-10-03,261.0,217.4386668319702,95,4137.85165096283,short_max_hold,0.05012531328320802,0.0,,short
WDAY,2022-09-12,2022-10-03,170.97999572753906,154.327125,146,2430.5891262207037,short_max_hold,0.08521303258145363,0.0,,short
OKTA,2022-09-12,2022-10-03,65.04000091552734,57.84890969467163,384,2759.459028808593,short_max_hold,0.09022556390977443,0.0,,short
HUBS,2022-09-12,2022-10-03,333.5,284.6722637786865,74,3612.882480377199,short_max_hold,0.08020050125313283,0.0,,short
S,2022-09-12,2022-10-03,28.38999938964844,26.04301568698883,880,2060.945658340457,short_max_hold,0.03759398496240601,0.0,,short
COIN,2022-10-04,2022-10-04,69.08999633789062,73.27201381622314,361,-1511.5133096780366,short_stop,0.0075,0.0,,short
PINS,2022-10-04,2022-10-06,24.420000076293945,25.89814268091202,1023,-1517.2548845242904,short_stop,0.015,0.0,,short
OXY,2022-10-07,2022-10-10,70.89543061065673,66.60838392163032,197,-845.5331977382031,stop,0.9525,0.5692803736890528,1.0,long
LLY,2022-10-06,2022-10-14,328.10397244262697,331.22431964111325,49,152.652012725828,max_hold,0.98,0.41502715054182665,1.0,long
META,2022-09-26,2022-10-17,140.1199951171875,134.10701328277588,178,1069.4207665252682,short_max_hold,0.007518796992481203,0.0,,short
NFLX,2022-10-04,2022-10-19,24.483999252319336,25.966015727062228,1021,-1518.2438207124926,short_stop,0.145,0.0,,short
SLB,2022-10-19,2022-10-21,44.022,47.3617071566391,318,1060.4368758112341,stop,0.9675,0.4042615529186175,0.861083385053661,long
SNAP,2022-10-20,2022-10-21,10.899999618530272,7.7638802289962765,2293,7179.656760201451,short_take_profit,0.03,0.0,,short
COP,2022-10-14,2022-10-24,121.15054133605958,125.07742938995361,115,451.01712619781375,max_hold,0.9675,0.5593867040926644,1.0,long
OKTA,2022-10-04,2022-10-24,59.81999969482422,54.73735408401489,417,2117.3782197074906,short_max_hold,0.105,0.0,,short
TTD,2022-10-04,2022-10-24,63.4900016784668,55.69783316802979,393,3060.3572246017443,short_max_hold,0.065,0.0,,short
EXP,2022-10-05,2022-10-25,114.0999984741211,121.00647138175965,219,-1513.6125667728445,short_stop,0.1375,0.0,,short
ENPH,2022-10-25,2022-10-27,256.69829232788084,305.9269465789795,62,3051.866563568116,take_profit,0.9875,0.18727102226124795,0.9264673059913127,long
NET,2022-10-07,2022-10-27,58.58000183105469,56.007989542007444,426,1093.5472351341257,short_max_hold,0.0875,0.0,,short
CMA,2022-10-25,2022-10-27,66.72000122070312,70.7585628945923,374,-1512.2920660345521,short_stop,0.095,0.0,,short
GTLB,2022-10-26,2022-10-27,48.58000183105469,51.52054934188843,514,-1514.0114205685452,short_stop,0.022443890274314215,0.0,,short
AIG,2022-10-24,2022-10-28,53.560001373291016,56.80198825641632,466,-1513.0958875363929,short_stop,0.15,0.0,,short
HUBS,2022-10-28,2022-10-31,276.3299865722656,293.0562406594849,90,-1505.8128678497349,short_stop,0.059850374064837904,0.0,,short
AFRM,2022-10-28,2022-11-01,19.969999313354492,21.17878337179184,1251,-1518.4438571051235,short_stop,0.02493765586034913,0.0,,short
SNAP,2022-10-31,2022-11-01,10.039999961853027,10.647721159543991,2490,-1525.6757822504999,short_stop,0.012468827930174564,0.0,,short
PSX,2022-10-26,2022-11-03,100.73034030532837,103.06844274520876,139,324.30123914337383,max_hold,0.9501246882793017,0.6070788282208922,1.0,long
MMC,2022-10-18,2022-11-07,159.60000610351562,163.09149950408934,156,-545.4529704894998,short_max_hold,0.09,0.0,,short
MNDY,2022-10-28,2022-11-07,105.88999938964844,77.84890255737305,236,6616.518852416991,short_take_profit,0.13216957605985039,0.0,,short
MTB,2022-10-25,2022-11-08,161.27999877929688,171.04227710540772,155,-1513.928140547181,short_stop,0.045,0.0,,short
OXY,2022-11-01,2022-11-09,74.05700664138794,71.3760952468872,189,-507.6372535606398,stop,0.9625935162094763,0.5261779972120001,1.0,long
HD,2022-11-02,2022-11-10,295.20001220703125,313.06846894592286,84,-1501.3703660668953,short_stop,0.14463840399002495,0.0,,short
C,2022-11-08,2022-11-10,45.79999923706055,48.57227319087983,545,-1513.6143048315073,short_stop,0.1172069825436409,0.0,,short
MLM,2022-11-08,2022-11-11,345.2799987792969,366.1797971054078,72,-1505.1454794799845,short_stop,0.09226932668329177,0.0,,short
MGM,2022-11-02,2022-11-15,35.86000061035156,38.030606447296144,697,-1516.397268350373,short_stop,0.10723192019950124,0.0,,short
MSC,2022-11-09,2022-11-15,2.25,2.3861925000000004,11111,-1568.7898675000042,short_stop,0.0199501246882793,0.0,,short
SHOP,2022-11-14,2022-11-15,39.04999923706055,41.41369569087983,640,-1515.9657304443392,short_stop,0.00997506234413965,0.0,,short
FITB,2022-11-01,2022-11-21,35.93000030517578,35.82790637397766,695,67.48028218269306,short_max_hold,0.14962593516209477,0.0,,short
FSLR,2022-11-11,2022-11-23,155.39766732788087,169.38526622009277,103,1440.2076858978262,max_hold,0.9950124688279302,0.6228008419832933,0.9766512640443018,long
TFC,2022-11-11,2022-12-01,46.310001373291016,46.24311122131348,539,33.35879191589346,short_max_hold,0.07481296758104738,0.0,,short
IART,2022-11-11,2022-12-01,52.630001068115234,55.81569503276825,475,-1515.5796332101809,short_stop,0.09975062344139651,0.0,,short
CMG,2022-11-25,2022-12-06,30.19048748016358,30.60205719822971,497,202.06514987886624,stop,0.9676616915422885,0.25501475588849065,1.0,long
BILL,2022-11-16,2022-12-06,126.8499984741211,106.7233331680298,197,3963.9680652999855,short_max_hold,0.032418952618453865,0.0,,short
CFLT,2022-11-16,2022-12-06,23.450000762939453,21.120555610656734,1066,2477.858532333379,short_max_hold,0.04239401496259352,0.0,,short
ESTC,2022-11-16,2022-12-06,65.69999694824219,51.86592015266419,380,5255.04918231964,short_max_hold,0.057356608478802994,0.0,,short
ULTA,2022-11-25,2022-12-07,448.80427656555173,479.8099627990722,33,1023.0226457061754,max_hold,0.9477611940298507,0.47358067717592933,0.9853895571347573,long
DOCS,2022-11-25,2022-12-07,32.016,34.74261832237244,539,1466.9522757587442,max_hold,0.9950248756218906,0.1774628418705352,0.9543955301532283,long
NEM,2022-11-28,2022-12-12,45.832906373977664,46.376801525115965,327,176.21871442222442,max_hold,0.9502487562189055,0.12619846882537794,1.0,long
ULTA,2022-12-13,2022-12-16,483.10141534423826,449.1263953264661,35,-1189.3007006220262,stop,0.972636815920398,0.44749230952209923,1.0,long
MCD,2022-12-14,2022-12-20,275.3576112213135,264.4858834298607,54,-587.3433007384526,stop,0.9427860696517413,0.4132260876620161,1.0,long
TJX,2022-12-14,2022-12-21,79.41968725204468,78.80057633972169,188,-117.33285151672305,regime_exit,0.9676616915422885,0.4586960945623394,1.0,long
FDX,2022-12-22,2022-12-23,168.0500030517578,178.2220697364807,148,-1506.2058693389881,short_stop,0.034739454094292806,0.0,,short
VLO,2022-12-16,2022-12-27,117.86890255737306,126.34679866027832,146,1237.0428310241682,max_hold,0.9751243781094527,0.21879853969585253,0.9573229046289664,long
OKTA,2022-12-22,2023-01-03,66.52999877929688,70.55705960540773,375,-1512.0228097915706,short_stop,0.004962779156327543,0.0,,short
MNDY,2022-12-22,2023-01-03,116.08000183105467,123.10632434188842,215,-1511.7343398292564,short_stop,0.022332506203473945,0.0,,short
SWKS,2022-12-22,2023-01-06,89.66999816894531,95.09772315811158,278,-1510.2975469882217,short_stop,0.13399503722084366,0.0,,short
MDB,2022-12-22,2023-01-11,196.0399932861328,188.91441732788087,127,904.3131466979968,short_max_hold,0.01488833746898263,0.0,,short
CSX,2022-12-22,2023-01-11,30.950000762939453,32.46622576332092,807,-1227.6285753078446,short_max_hold,0.14640198511166252,0.0,,short
IP,2023-01-04,2023-01-11,35.7599983215332,37.92455101993561,699,-1516.5173361832847,short_stop,0.14392059553349876,0.0,,short
UPS,2022-12-27,2023-01-17,177.08999633789062,179.0895,141,-282.63501635742,short_max_hold,0.13895781637717122,0.0,,short
AFRM,2023-01-17,2023-01-19,12.88644011449814,12.367812824611663,1339,-701.1369411579916,stop,0.9975186104218362,0.18624576590233355,0.9570790376747693,long
CMA,2023-01-09,2023-01-23,67.7300033569336,71.82970046012878,369,-1514.6332310790226,short_stop,0.08684863523573201,0.0,,short
NSC,2023-01-04,2023-01-24,246.52000427246097,256.0079448852539,101,-958.7870018920855,short_max_hold,0.11166253101736973,0.0,,short
OXY,2023-01-13,2023-01-25,65.782875,64.48773664474487,262,-340.636249076845,max_hold,0.9851116625310173,0.3484204938875737,1.0,long
ULTA,2023-01-13,2023-01-25,490.66522343444825,502.3786898803711,35,409.79632560729965,max_hold,0.9727047146401985,0.4726983833250383,0.9680505455892792,long
BOOT,2023-01-12,2023-01-26,72.98999786376953,77.40808243446351,342,-1512.6949231773403,short_stop,0.062034739454094295,0.0,,short
AMZN,2023-01-18,2023-01-30,97.298625,100.49972805023192,177,565.7102398910502,max_hold,0.9826302729528535,0.12050467166609855,1.0,long
NOC,2023-01-12,2023-02-01,491.7099914550781,442.8112913360596,50,2444.685005950927,short_max_hold,0.05459057071960298,0.0,,short
KTOS,2023-01-12,2023-02-01,10.970000267028809,11.634014383192062,2278,-1524.0141566198906,short_stop,0.0967741935483871,0.0,,short
SBUX,2023-01-24,2023-02-03,106.45320152664185,104.2809029960816,140,-304.8217942784357,stop,0.9652605459057072,0.4918650513310993,1.0,long
PLTR,2023-01-26,2023-02-10,7.373684885501862,7.907244198684692,2340,1236.8287928478228,stop,0.9801488833746899,0.15494945835453577,0.9424060173576139,long
NVDA,2023-01-26,2023-02-15,19.710850713729858,22.75261793899536,875,2657.1713221073146,max_hold,0.9751861042183623,0.7027625555600512,1.0,long
AAPL,2023-01-31,2023-02-15,142.7713469467163,155.25233683013917,105,1309.9789377594007,max_hold,0.9627791563275434,0.11988460926186145,0.8901664915060783,long
FTNT,2023-02-06,2023-02-21,52.496236221313474,59.68014408493042,285,2045.9887411308293,max_hold,0.9554455445544554,0.1794505496910616,1.0,long
SMCI,2023-02-07,2023-02-21,8.320157984733582,8.816549793605807,4607,2263.8420634743416,stop,0.9777227722772277,0.4239920610036119,1.0,long
TSLA,2023-02-07,2023-02-21,196.52820767211915,197.2713101196289,166,122.52500628661947,max_hold,0.943069306930693,0.35786326398941304,1.0,long
XOM,2023-02-07,2023-02-21,112.44619438934326,111.11441316986085,184,-245.96774438476317,max_hold,0.9554455445544554,0.3461685241443719,1.0,long
SLB,2023-02-07,2023-02-21,53.46671862602234,53.37330152511597,2,-0.19683420181274358,max_hold,0.9678217821782178,0.19052932793975788,1.0,long
SCHW,2023-02-13,2023-02-27,80.54025,77.84105725479127,153,-413.74149001693627,max_hold,0.8217821782178217,0.3404545848100125,1.0,long
FSLR,2023-02-28,2023-03-01,166.32312549591063,181.99062276589214,103,1613.2372188080953,stop,0.9975247524752475,0.3161857684725005,0.9635815656513478,long
BIIB,2023-03-06,2023-03-10,270.63525,256.00471562492805,63,-922.0386656295318,stop,0.995049504950495,0.19405416491087915,0.9552472627009895,long
KLAC,2023-02-28,2023-03-13,378.39909645080564,364.6375973205566,39,-536.8934660797124,max_hold,0.9455445544554455,0.20154485059945093,1.0,long
MSC,2023-03-07,2023-03-13,7.50375,7.0068946947669986,2300,-1154.2672020359037,stop,0.995049504950495,0.724709913212244,0.9817800501160577,long
NVDA,2023-03-03,2023-03-15,23.331659694671632,24.215886640548707,643,565.3429261989588,max_hold,0.9331683168316832,0.5305792465590513,1.0,long
NVDA,2023-03-16,2023-03-28,24.03901392745972,26.396794847488405,624,1468.135294097899,max_hold,0.9405940594059405,0.5415898849577916,1.0,long
NFLX,2023-03-16,2023-03-28,30.490237881660462,32.33582518959045,566,1041.772416288374,max_hold,0.9876237623762376,0.19603894579789222,0.9486633334285085,long
AAPL,2023-03-17,2023-03-29,156.15804183197022,160.6896192703247,96,434.5514340820296,max_hold,0.9405940594059405,0.36820780096423633,0.9689828559746947,long
ADBE,2023-03-17,2023-03-29,354.95738877868655,378.9704236602783,42,1008.3374650268535,max_hold,0.9381188118811881,0.08598099645482221,0.9655406911330502,long
CRM,2023-04-05,2023-04-11,198.099,187.80218472654423,123,-1267.123278635059,stop,0.8415841584158416,0.5137329413660435,1.0,long
MSFT,2023-03-29,2023-04-18,279.09947145080565,288.22581011962893,53,483.43094944763385,max_hold,0.9554455445544554,0.4589998317813064,0.9781794032287242,long
NVDA,2023-03-30,2023-04-19,27.24261459159851,27.917034255981445,550,368.1808154106141,max_hold,0.9405940594059405,0.642870485919542,1.0,long
NOW,2023-03-30,2023-04-19,88.75235418319703,95.07043721771241,169,1066.9110328330996,max_hold,0.9678217821782178,0.331277893425923,0.9965424157572581,long
INTU,2023-03-30,2023-04-19,439.9398612213135,445.2672452392578,34,180.96105661010708,max_hold,0.9554455445544554,0.4744745687985104,0.9358164798933566,long
AAPL,2023-04-05,2023-04-25,164.82237549591065,163.6881192703247,148,-168.60992138671963,max_hold,0.8613861386138614,0.5175066360307321,1.0,long
ORCL,2023-04-05,2023-04-25,93.66681274795533,94.01296755981447,261,89.04140589523466,max_hold,0.849009900990099,0.46322696326693424,1.0,long
FTNT,2023-04-05,2023-04-25,65.71284030532837,64.18201938858395,385,-591.2910529466008,stop,0.9034653465346535,0.5281079356389575,1.0,long
ADBE,2023-04-12,2023-04-26,376.60822343444823,360.4320764367076,66,-1067.9557018508835,stop,0.9678217821782178,0.42880944217490824,0.9584406607139779,long
STRL,2023-04-26,2023-05-02,36.51825,37.22708887944902,163,114.72573735019003,stop,0.9752475247524752,0.23604822139995985,0.9395251833472257,long
LLY,2023-04-19,2023-05-09,370.7352627868652,428.1658148803711,34,1952.4687711792012,max_hold,0.8886138613861386,0.34643366620324706,1.0,long
NVDA,2023-04-20,2023-05-10,27.684835026741027,28.870557728767395,1264,1492.433495361329,max_hold,0.948019801980198,0.5582940076079915,1.0,long
GIS,2023-04-20,2023-05-10,87.46370816802978,89.52521469497681,129,265.2893419761666,max_hold,0.9900990099009901,0.44874563766280773,1.0,long
VST,2023-04-21,2023-05-11,23.81189923667908,24.627679389953617,60,48.64680919647229,max_hold,0.801980198019802,0.3208848527665994,1.0,long
ISRG,2023-04-26,2023-05-16,293.1765137786865,306.45668035888673,101,1340.7918246002218,max_hold,0.900990099009901,0.566143484229477,1.0,long
XPO,2023-04-26,2023-05-16,42.52125,47.03647137260437,947,4271.179639856335,max_hold,0.9900990099009901,0.6942332094665781,0.97580076938422,long
PEP,2023-04-27,2023-05-17,188.27408267211914,191.96396755981445,134,493.77457495117204,max_hold,0.8861386138613861,0.4585846622690229,1.0,long
MSFT,2023-05-10,2023-05-22,308.7743051147461,321.0194026794434,31,379.443024505616,max_hold,0.905940594059406,0.46410642610027064,1.0,long
ORCL,2023-05-10,2023-05-22,96.8383959159851,101.71911164474487,1,4.875715728759768,max_hold,0.8762376237623762,0.4275928612624169,1.0,long
NVDA,2023-05-11,2023-05-23,28.91044790840149,30.672655725479125,1392,2446.0332813720665,max_hold,0.9777227722772277,0.5336064566886228,1.0,long
AAPL,2023-05-11,2023-05-23,173.93693110656739,171.47421755981446,40,-98.70854187011692,max_hold,0.8712871287128713,0.4867783167487889,1.0,long
INTU,2023-05-12,2023-05-24,426.6032096557617,418.71271995173936,5,-39.477448520111714,stop,0.8737623762376238,0.2494473802669042,1.0,long
FTNT,2023-05-17,2023-05-25,68.43420152664184,65.34529923969465,434,-1342.7535925350799,stop,0.9257425742574258,0.42786177413261456,1.0,long
VRT,2023-05-17,2023-05-26,15.317655419826508,19.03957522923946,2286,8496.87868431801,stop,0.9628712871287128,0.4649453218910048,1.0,long
AAPL,2023-05-24,2023-06-05,171.17554133605958,179.49021183013917,100,830.9670494079593,max_hold,0.9801980198019802,0.42597378418225196,1.0,long
ADBE,2023-05-25,2023-06-06,375.6777352294922,432.67356964111326,39,2222.6425420532205,max_hold,0.9306930693069307,0.30154672544105,1.0,long
NET,2023-05-30,2023-06-07,63.0315,62.13211786315918,238,-215.2429485681153,stop,0.9504950495049505,0.6146187011837234,1.0,long
ORCL,2023-05-30,2023-06-14,104.95245152664185,115.99005804968182,142,1566.6301262716756,stop,0.9356435643564357,0.5462880795381776,1.0,long
MSFT,2023-06-08,2023-06-26,324.10197244262696,329.08288291036513,108,537.3983305157224,stop,0.9306930693069307,0.4662896629022365,1.0,long
ADBE,2023-06-07,2023-06-27,434.77727755737305,489.02535401916504,39,2115.479982009887,max_hold,0.9777227722772277,0.6051744759480602,1.0,long
NVDA,2023-06-08,2023-06-28,37.74286102294922,41.09644207954407,1066,3569.587406330108,max_hold,1.0,0.6781311911831505,1.0,long
AAPL,2023-06-08,2023-06-28,177.9889438934326,189.155375,167,1863.9589947967536,max_hold,0.8886138613861386,0.44078261339819164,1.0,long
CRM,2023-06-08,2023-06-28,205.48269488525392,212.06391316986085,117,769.4175392990112,max_hold,0.9034653465346535,0.38912024960439995,1.0,long
MDB,2023-06-15,2023-07-05,373.376597442627,409.3652223205566,10,359.8362487792962,max_hold,0.9925742574257426,0.731968629338554,1.0,long
LLY,2023-06-29,2023-07-11,459.28952755737305,442.49056553691406,76,-1277.101113554883,stop,0.9331683168316832,0.5144089467646739,1.0,long
AMZN,2023-06-22,2023-07-12,125.37265255737306,130.73460305023193,3,16.0708514785766,max_hold,0.844059405940594,0.4839594953836214,1.0,long
FTNT,2023-06-22,2023-07-12,71.14555561065674,76.68164122009277,1,5.531085609436029,max_hold,0.9529702970297029,0.4296368179154048,1.0,long
INTU,2023-06-27,2023-07-17,456.1179596557617,490.57459732055656,53,1825.936796234128,max_hold,0.8391089108910891,0.4410050019987345,1.0,long
NOW,2023-06-28,2023-07-18,107.83989611434936,119.36628950119018,276,3179.904574768067,max_hold,0.9158415841584159,0.377362328913381,1.0,long
NVDA,2023-06-29,2023-07-19,41.578777656555175,47.053461164474484,968,5294.653635665891,max_hold,0.9975247524752475,0.4775801926869369,1.0,long
HD,2023-06-29,2023-07-19,306.93338877868655,319.32027098083495,79,978.1686939697236,max_hold,0.8217821782178217,0.29728493589555927,1.0,long
AAPL,2023-07-06,2023-07-26,189.9349163360596,194.40275,16,71.40533862304657,max_hold,0.8638613861386139,0.4486087232180578,1.0,long
MSFT,2023-07-12,2023-07-26,336.76830610656737,333.3694122742322,72,-245.08035592813064,stop,0.8168316831683168,0.39346541533271345,1.0,long
AMZN,2023-07-18,2023-07-26,132.77636171722412,127.18202381598908,153,-856.6986988889605,stop,0.9133663366336634,0.4988651432562684,1.0,long
ORCL,2023-07-13,2023-08-02,117.14854133605957,115.65214408493043,75,-112.60479383468541,max_hold,0.900990099009901,0.39090163632781455,1.0,long
FTNT,2023-07-13,2023-08-02,77.43870152664185,74.96112562345964,1,-2.482575903182213,stop,0.9306930693069307,0.480112568177292,1.0,long
CRM,2023-07-20,2023-08-02,231.21555610656736,218.89177806441992,128,-1578.0835893948722,stop,0.8861386138613861,0.5424257397379207,1.0,long
SHOP,2023-07-19,2023-08-03,67.91393725204468,60.01238175262451,438,-3463.0713087460313,stop,0.8935643564356436,0.5270938303191308,1.0,long
AAPL,2023-08-03,2023-08-04,191.66579232788087,182.58116433836977,127,-1154.3827546679086,stop,0.8217821782178217,0.3954949631330111,1.0,long
PLTR,2023-07-27,2023-08-07,16.808399236679076,17.582404198684696,2083,1601.837335857706,stop,0.9678217821782178,0.5247064581076827,1.0,long
NVDA,2023-07-20,2023-08-09,46.53025346946716,42.618526680608674,865,-3387.968672362592,stop,0.9925742574257426,0.6050545387058077,1.0,long
XOM,2023-07-27,2023-08-15,106.053,108.10592366027832,193,395.2492664337166,max_hold,0.9801980198019802,0.052373887647711975,1.0,long
SLB,2023-07-27,2023-08-15,57.99898622131348,58.30083683013916,4,1.1874024353027255,max_hold,0.9727722772277227,0.4305286670083106,1.0,long
INTU,2023-08-03,2023-08-15,495.58766633605956,496.9314026794434,19,25.435990524293203,max_hold,0.8910891089108911,0.44585197119451575,1.0,long
VRT,2023-08-03,2023-08-15,34.11704847335815,34.71263454246521,11,6.496446760177626,max_hold,1.0,1.0,1.0,long
CAT,2023-08-04,2023-08-16,283.34161221313474,274.37275476074217,97,-870.4641728820792,max_hold,0.9133663366336634,0.5933512951968251,1.0,long
ADBE,2023-08-07,2023-08-21,530.265,520.2097357177735,46,-462.7721569824198,max_hold,0.8638613861386139,0.5305691834388423,1.0,long
ERIE,2023-08-08,2023-08-21,273.33661221313474,280.55966220092773,139,1003.3089483032255,max_hold,1.0,0.8110376585187357,0.9905518829259368,long
ORCL,2023-08-10,2023-08-22,113.83688877868653,116.48173091506958,261,688.9987975959755,max_hold,0.8935643564356436,0.2627827019564174,1.0,long
MSFT,2023-08-17,2023-08-29,320.7002785491943,328.2457986602783,46,346.86392510986343,max_hold,0.9504950495049505,0.1828235478160942,0.9828449188270458,long
AAPL,2023-08-22,2023-09-05,177.14852755737306,189.60514694976806,84,1045.9360289611798,max_hold,0.9603960396039604,0.1928364746062332,1.0,long
ADBE,2023-08-22,2023-09-05,529.9848306884766,564.5975648803711,28,969.0165573730477,max_hold,0.9381188118811881,0.4526041194947415,0.9963511665351392,long
NVDA,2023-08-30,2023-09-07,49.06852071762085,45.383896279068,351,-1295.0581779320512,stop,0.995049504950495,0.5348727457338331,1.0,long
MCD,2023-08-28,2023-09-11,284.72227656555174,279.6201297607422,52,-265.57163385009585,max_hold,0.9529702970297029,0.2678574743455178,1.0,long
LLY,2023-09-06,2023-09-18,561.3005295410156,568.1924734026121,30,206.6083158478942,stop,0.9876237623762376,0.5777625150630834,1.0,long
AFRM,2023-09-06,2023-09-18,21.720854084014892,24.997495228767395,794,2597.6830689334874,max_hold,1.0,0.7211197644439976,0.9860559882222,long
ROST,2023-09-12,2023-09-20,119.15954847335816,114.93146979465222,125,-529.1348348382427,stop,0.948019801980198,0.38087517120831066,1.0,long
INTU,2023-09-20,2023-09-21,531.3655255737305,506.2961161278655,46,-1153.4228345097877,stop,0.8217821782178217,0.41303291321725405,1.0,long
MSFT,2023-09-20,2023-09-26,329.6747647705078,313.5375852104147,74,-1194.5212874468893,stop,0.806930693069307,0.247752611356073,1.0,long
CME,2023-09-20,2023-09-26,206.55322194671632,199.22419724899194,144,-1056.0995564723105,stop,0.9257425742574258,0.42367387185055816,1.0,long
VRT,2023-09-08,2023-09-27,39.34966683197022,36.1835926386699,438,-1388.9304966655393,stop,0.9975247524752475,0.6301927824542538,1.0,long
CB,2023-09-20,2023-09-29,215.1075,207.47494813125,113,-863.0433611687499,stop,0.8292079207920792,0.3868658818691257,1.0,long
PGR,2023-09-20,2023-10-02,142.84138927459716,137.56004817555365,171,-903.9643279364412,stop,0.8391089108910891,0.38467970718679634,1.0,long
XOM,2023-09-20,2023-10-02,116.59827091598511,115.57218225479124,15,-15.46632991790801,max_hold,0.9628712871287128,0.3574780836911136,1.0,long
ISRG,2023-09-21,2023-10-03,290.20502755737306,287.8959885406494,55,-127.27214591980126,max_hold,0.9257425742574258,0.21670477390562878,0.9923439466349306,long
AMZN,2023-09-22,2023-10-04,131.17555561065674,126.9365,195,-827.590844078066,max_hold,0.9084158415841584,0.20950900294776065,0.9658546783304438,long
ANF,2023-09-27,2023-10-05,53.29663545799255,53.618378662796026,278,88.0546109353661,stop,0.948019801980198,0.5210667769874363,0.92927116063155,long
XPO,2023-09-27,2023-10-09,69.69483366394043,78.47074713516236,577,5060.817072895052,max_hold,0.9876237623762376,0.25228957755144515,0.9514758650161861,long
NVDA,2023-10-05,2023-10-17,44.07202423667908,43.16780501937866,391,-355.5047139644624,stop,0.9925742574257426,0.2296488346720763,1.0,long
KTOS,2023-10-10,2023-10-23,17.138564160346984,17.1614150762558,875,15.619551420213558,max_hold,0.9579207920792079,0.7303333824292848,0.9486453819927514,long
SLB,2023-10-13,2023-10-24,59.42970152664184,56.9715,252,-620.7267847137446,max_hold,0.9455445544554455,0.22781764345268868,0.9069318155086779,long
HAL,2023-10-13,2023-10-24,42.52125,40.64406622303009,352,-662.52868949341,stop,0.943069306930693,0.4352561280413939,0.8893987412293929,long
OXY,2023-10-18,2023-10-24,65.76286835861207,62.478744999999996,262,-861.7503199563625,stop,0.9851485148514851,0.39975355790809286,1.0,long
NRG,2023-10-26,2023-11-02,41.88093061065674,42.4009899035263,384,197.78276846191156,stop,0.9826732673267327,0.4707348658978192,1.0,long
SHOP,2023-10-25,2023-11-02,50.849998474121094,53.92794888175965,491,-1513.7286501505298,short_stop,0.05693069306930693,0.0,,short
C,2023-10-25,2023-11-02,38.70000076293945,41.04251180912018,645,-1514.1446247865676,short_stop,0.06435643564356436,0.0,,short
BK,2023-10-25,2023-11-02,41.59000015258789,44.10744286182404,601,-1515.988068250926,short_stop,0.10643564356435643,0.0,,short
NET,2023-10-25,2023-11-03,58.56999969482422,62.11524177635194,426,-1512.403126730808,short_stop,0.039603960396039604,0.0,,short
HPQ,2023-10-25,2023-11-06,26.0,27.573780000000003,961,-1517.2075800000027,short_stop,0.10148514851485149,0.0,,short
JPM,2023-10-25,2023-11-14,140.57000732421875,149.0787098675537,177,-1506.9253501702858,short_stop,0.08663366336633663,0.0,,short
GNRC,2023-11-03,2023-11-14,103.0199966430664,109.25579703987123,242,-1510.2736960267664,short_stop,0.007425742574257425,0.0,,short
MSC,2023-11-15,2023-11-15,5.239999771118164,5.5571769572639464,4770,-1536.7851779153818,short_stop,0.05693069306930693,0.0,,short
F,2023-11-03,2023-11-16,10.260000228881836,10.165079847335816,2436,219.04604944610418,regime_cover,0.09158415841584158,0.0,,short
HON,2023-11-03,2023-11-16,177.32327270507812,179.83540193939209,140,-352.3980928039544,regime_cover,0.08415841584158416,0.0,,short
GM,2023-11-06,2023-11-16,29.770000457763672,27.493739542007447,839,1905.587908319473,regime_cover,0.13613861386138615,0.0,,short
AON,2023-11-07,2023-11-16,325.8299865722656,333.8268336639404,76,-608.1403789672844,regime_cover,0.09653465346534654,0.0,,short
LBRDA,2023-11-15,2023-11-16,78.93158721923828,78.30529977035522,316,196.32683384704754,regime_cover,0.08663366336633663,0.0,,short
CFLT,2023-11-16,2023-11-16,19.670000076293945,18.97948431301117,1270,870.6050193691245,regime_cover,0.04207920792079208,0.0,,short
NVDA,2023-11-17,2023-11-30,49.548760259628295,46.865748033819216,706,-1897.7366314212102,stop,0.9405940594059405,0.5119859511813515,1.0,long
ORCL,2023-12-01,2023-12-06,116.12803469467163,112.18492950695467,256,-1010.7149280555398,stop,0.9133663366336634,0.46419293317413585,1.0,long
PGR,2023-11-17,2023-12-07,159.91991633605957,161.62915171051026,186,316.98777964782744,max_hold,0.8836633663366337,0.4492459971568934,1.0,long
COF,2023-11-17,2023-12-07,105.91293061065674,115.32230725479124,281,2642.6298370017935,max_hold,0.9232673267326733,0.3611122518261484,1.0,long
CMG,2023-11-17,2023-12-07,43.52175,44.502739025115964,563,549.4818211402895,max_hold,0.8787128712871287,0.5437227724011504,1.0,long
BKNG,2023-11-17,2023-12-07,3156.527426147461,3236.6508845214844,7,560.8292086181635,max_hold,0.8143564356435643,0.460879570535419,1.0,long
ROST,2023-11-17,2023-12-07,127.18356274795534,131.59417366027833,152,669.6528586730951,max_hold,0.9084158415841584,0.4138054652727965,1.0,long
ULTA,2023-11-17,2023-12-07,410.23501377868655,489.60508110046385,2,158.7301346435546,max_hold,0.8589108910891089,0.13183957639771451,1.0,long
AMZN,2023-11-17,2023-12-07,142.73133366394043,146.8065648803711,2,8.140462432861332,max_hold,0.9455445544554455,0.4496989131531461,0.9975909319569037,long
SCHW,2023-12-07,2023-12-27,62.72134362602234,69.23536164474487,390,2538.5170273017875,max_hold,0.8539603960396039,0.36551997930794833,1.0,long
AAPL,2023-12-08,2023-12-27,194.2970969467163,191.08056251369476,116,-373.6979942304982,stop,0.8539603960396039,0.4786857760812118,0.9447080405467553,long
CRM,2023-12-08,2023-12-28,248.6742780532837,265.4471965789795,119,1995.382304557802,max_hold,0.8836633663366337,0.4791360705896301,1.0,long
BLK,2023-12-08,2023-12-28,743.5215994262695,814.0027681579589,32,2255.2373994140617,max_hold,0.8168316831683168,0.3678289310958673,1.0,long
SPGI,2023-12-08,2023-12-28,415.84783465576174,441.6190763397217,71,1829.403159561156,max_hold,0.8960396039603961,0.4292299605400173,1.0,long
INTU,2023-12-08,2023-12-28,566.4430531311035,627.7060095214844,52,3185.413732299804,max_hold,0.8985148514851485,0.4350991942410724,0.9765924505857524,long
CRM,2023-12-29,2024-01-03,265.14251477050783,253.00625575291343,44,-534.2153967741535,stop,0.9183168316831684,0.5327253620807472,1.0,long
AMZN,2023-12-29,2024-01-04,153.17655610656738,145.38626922530383,194,-1512.285654965127,stop,0.8935643564356436,0.4582300169103225,1.0,long
ADBE,2023-12-29,2024-01-05,596.3880718688965,568.534414624076,67,-1866.5300354029741,stop,0.9752475247524752,0.3474968851163789,1.0,long
COF,2024-01-02,2024-01-11,130.66530610656739,126.70534437287684,2,-7.929923467381096,stop,0.8589108910891089,0.5672646187385937,1.0,long
SCHW,2024-01-05,2024-01-16,66.94345866394043,64.20408092492097,437,-1199.2930719515039,stop,0.8886138613861386,0.4358419892750175,1.0,long
NVDA,2023-12-28,2024-01-17,49.66782305717467,56.02497490310669,771,4897.509073213585,max_hold,0.9975247524752475,0.4095518445535898,1.0,long
FTNT,2023-12-28,2024-01-17,59.52975,60.589688932418824,3,3.164816797256471,max_hold,0.9777227722772277,0.1420772696918638,1.0,long
MSFT,2023-12-29,2024-01-18,376.188,393.67306011962893,107,1870.3664328002965,max_hold,0.9777227722772277,0.4071581540536745,1.0,long
INTU,2024-01-03,2024-01-23,597.8587775573731,635.5020973205567,5,188.19159881591813,max_hold,0.9207920792079208,0.4219246401675016,1.0,long
GS,2024-01-04,2024-01-24,383.7417627868652,379.2102938995361,34,-154.23994216918882,max_hold,0.8118811881188119,0.4875013194039999,1.0,long
CME,2024-01-09,2024-01-29,199.0794857254028,204.67760877990722,123,687.9541357040428,max_hold,0.8168316831683168,0.19583806224905553,1.0,long
AAPL,2024-01-19,2024-01-31,189.42466683197023,186.08054474116003,157,-525.8121682572017,stop,0.8811881188118812,0.28244467761243747,0.9487524321273,long
ORCL,2024-01-12,2024-02-01,105.15254847335815,115.47223377990723,73,752.9720273780825,max_hold,0.8935643564356436,0.0750197425379622,1.0,long
SNOW,2024-01-17,2024-02-02,185.8628892745972,204.98870165716474,142,2715.1553583245914,stop,0.905940594059406,0.36532928488833566,1.0,long
NVDA,2024-01-18,2024-02-06,57.28862832069397,66.40225118407754,702,6394.25325009527,stop,0.995049504950495,0.5827734135911349,1.0,long
FTNT,2024-01-18,2024-02-07,61.0305,69.99498377990723,60,537.5690267944336,max_hold,0.9232673267326733,0.11358821354435275,1.0,long
SPGI,2024-01-30,2024-02-08,450.415097442627,436.048927900151,52,-747.3008162087506,stop,0.9381188118811881,0.4912894449779049,1.0,long
BK,2024-01-24,2024-02-13,54.977475763320925,53.76061699355324,146,-178.39138038608166,stop,0.8341584158415841,0.4827303472232579,1.0,long
ADBE,2024-02-05,2024-02-13,633.3465443115234,592.0853689454951,38,-1568.1146639090748,stop,0.8341584158415841,0.5125545970530092,1.0,long
AMZN,2024-01-25,2024-02-14,157.0284719467163,170.8945057296753,76,1053.4385675048834,max_hold,0.8811881188118812,0.5161613913921596,1.0,long
MSFT,2024-02-07,2024-02-20,407.64372244262694,400.1913517551815,73,-544.388060183519,stop,0.8985148514851485,0.43649074888771106,1.0,long
ORCL,2024-02-14,2024-02-20,114.37715969467163,108.55428270802703,214,-1247.1656751419446,stop,0.8787128712871287,0.29010670605444355,1.0,long
INTU,2024-02-01,2024-02-21,631.8357795410157,637.9508845214843,47,287.17493408202824,max_hold,0.9158415841584159,0.44450628014322546,1.0,long
FTNT,2024-02-09,2024-02-21,68.284125,63.860857043036894,348,-1541.0372490231618,stop,0.8094059405940595,0.4236676069103145,1.0,long
SCHW,2024-02-02,2024-02-22,62.031,64.59768225479127,155,397.06074949264644,max_hold,0.9381188118811881,0.23361792274126578,1.0,long
BKNG,2024-02-21,2024-02-23,3718.418338623047,3585.8945712160703,6,-795.1726044418604,stop,0.8242574257425742,0.4246806567358445,1.0,long
CB,2024-02-08,2024-02-28,246.1730280532837,253.45321183013917,87,632.9409885864256,max_hold,0.8539603960396039,0.4668871913481518,1.0,long
CRM,2024-02-14,2024-03-05,285.1425,298.600625,27,363.2343749999999,max_hold,0.8366336633663366,0.44006136610968616,1.0,long
HOOD,2024-02-15,2024-03-06,13.406699618339537,16.39179961872101,816,2431.761600311281,max_hold,1.0,1.0,1.0,long
CMG,2024-02-21,2024-03-11,51.43570484733581,52.32826263947673,476,422.47750905907793,stop,0.8465346534653465,0.4501255474663378,1.0,long
AVGO,2024-03-07,2024-03-11,138.2681046295166,126.4022620170285,79,-937.7965663865606,stop,0.8143564356435643,0.5869325229840445,1.0,long
NVDA,2024-02-22,2024-03-12,75.06251402664185,86.34683311341288,536,6045.715030509275,stop,0.995049504950495,0.5094238939663411,1.0,long
TEAM,2024-02-22,2024-03-13,209.20455610656737,207.62613072967525,125,-197.92817211151416,max_hold,0.900990099009901,0.158602858595237,1.0,long
INTU,2024-02-23,2024-03-14,653.0863897705078,649.7149580383301,3,-10.129295196533135,max_hold,0.8811881188118812,0.48212911076750076,1.0,long
ADBE,2024-02-29,2024-03-15,555.1674596557617,522.870775516312,37,-1195.1623131596375,stop,0.844059405940594,0.15136190028000285,1.0,long
PGR,2024-02-26,2024-03-18,192.24606889343264,206.3067986602783,119,1672.6318422546344,max_hold,0.8910891089108911,0.47452785488090804,1.0,long
MU,2024-03-13,2024-03-25,95.36765969467163,110.39508690872663,257,3860.763794012134,stop,0.8193069306930693,0.5226104654614464,1.0,long
CB,2024-03-06,2024-03-26,249.73480561065674,255.9519465789795,23,142.8792422714233,max_hold,0.9678217821782178,0.36926231853813335,1.0,long
FTNT,2024-03-12,2024-03-26,71.71584030532837,67.58853815361113,147,-607.448416302435,stop,0.8267326732673267,0.44536135313423053,1.0,long
PANW,2024-03-12,2024-04-01,142.73632578277588,139.64015171051025,173,-536.5031145019533,max_hold,0.8836633663366337,0.051440886961851104,1.0,long
PLTR,2024-03-18,2024-04-02,23.781885457992555,22.277017482130837,862,-1301.5061951928005,stop,0.9900990099009901,0.34803661218271825,1.0,long
JPM,2024-03-14,2024-04-03,191.12551377868652,198.20085305023193,183,1293.8720866928088,max_hold,0.9331683168316832,0.517802827326732,1.0,long
BAC,2024-03-15,2024-04-04,35.297638778686526,36.90153816986084,458,732.2959211578369,max_hold,0.8465346534653465,0.4451914007939268,1.0,long
ZS,2024-03-26,2024-04-04,195.9379163360596,182.26294875856667,110,-1504.796433524223,stop,0.8217821782178217,0.07484427388195283,1.0,long
SCHW,2024-03-19,2024-04-08,67.63379847335815,72.33381774520873,339,1591.6115331573462,max_hold,0.9579207920792079,0.3997953169173949,1.0,long
CB,2024-04-03,2024-04-09,256.18802755737306,247.09783586956857,80,-727.6153350243593,stop,0.8267326732673267,0.39098132033422106,1.0,long
PGR,2024-03-27,2024-04-11,205.2625836639404,202.56601053969177,74,-199.91641119439862,stop,0.9405940594059405,0.5035253222774021,1.0,long
XOM,2024-03-27,2024-04-16,113.53674335861206,118.63065744018553,1,5.088914081573473,max_hold,0.9554455445544554,0.36018275334017985,1.0,long
LRCX,2024-04-02,2024-04-16,96.74834694671632,96.27483654785156,262,-125.36972450256735,max_hold,0.9108910891089109,0.45291051581377845,1.0,long
INTU,2024-04-04,2024-04-16,634.0969193115235,611.1842452392578,46,-1054.2130073242197,max_hold,0.900990099009901,0.2514003449736337,1.0,long
NVDA,2024-04-05,2024-04-17,86.90943031311035,83.99298616027832,463,-1352.628642761229,max_hold,0.995049504950495,0.45424589496735734,1.0,long
CRWD,2024-04-05,2024-04-17,309.8748612213135,292.2298007751465,21,-370.6512693695072,stop,0.9653465346534653,0.23960263238890747,1.0,long
MSFT,2024-04-12,2024-04-18,424.26201278686517,404.51546839420337,31,-612.2978761725159,stop,0.844059405940594,0.43823055409996226,1.0,long
SCHW,2024-04-09,2024-04-22,72.5762709159851,74.22287213516235,304,499.0467706298816,max_hold,0.905940594059406,0.456142766616724,1.0,long
AXP,2024-04-10,2024-04-22,217.61874950408932,232.8835,99,1510.715299095157,max_hold,0.806930693069307,0.41024473371070247,1.0,long
RTX,2024-04-24,2024-05-06,101.77086122131348,101.85904866027832,147,12.228553527831096,max_hold,0.943069306930693,0.45791956239410253,1.0,long
ANF,2024-04-24,2024-05-06,120.06,129.3153148803711,143,1322.7950278930657,max_hold,0.9876237623762376,0.2802048717931487,0.9528716297282713,long
NU,2024-04-25,2024-05-07,10.545269961833954,11.984004771232605,1636,2345.590148176194,max_hold,0.9826732673267327,0.22184651978652722,0.9454982665833858,long
PLTR,2024-04-29,2024-05-07,22.761375,23.181602558135985,659,273.6349608116136,stop,0.9579207920792079,0.40541519632241024,1.0,long
VST,2024-05-07,2024-05-08,82.92143725204468,82.02296519378662,208,-187.9221881176775,stop,0.9925742574257426,0.6691235487572771,1.0,long
NEM,2024-05-07,2024-05-23,41.42070152664184,41.40898558585447,416,-6.9538313675482915,stop,0.9900990099009901,0.3262170124840113,1.0,long
INTU,2024-05-17,2024-05-24,655.577625,628.6210274205263,37,-997.5791104405282,stop,0.8267326732673267,0.4500476640317996,1.0,long
NVDA,2024-05-08,2024-05-28,89.52774320983886,109.85950870941161,192,3902.7389759179687,stop,0.995049504950495,0.5002892669894244,1.0,long
AAPL,2024-05-08,2024-05-28,182.94143110656736,189.89501049041752,82,569.7835094757128,max_hold,0.948019801980198,0.35540064431874674,1.0,long
PG,2024-05-09,2024-05-28,165.1325280532837,162.37652701194764,90,-248.49009372024437,stop,0.9405940594059405,0.41897975735636817,1.0,long
KO,2024-05-17,2024-05-29,63.37167015266419,61.12308486647228,329,-741.4295591571365,stop,0.8143564356435643,0.43114713536136445,1.0,long
CB,2024-05-17,2024-06-06,267.5336938934326,263.618125,91,-356.7717693023646,max_hold,0.8118811881188119,0.6113758517742662,1.0,long
PGR,2024-05-17,2024-06-06,209.41465255737305,213.08340744018554,117,428.6593212890617,max_hold,0.8366336633663366,0.2714183862452212,1.0,long
AAPL,2024-06-10,2024-06-11,196.99844389343264,197.46013908495223,4,1.826780766078382,stop,0.8589108910891089,0.3927516735403913,1.0,long
PLTR,2024-05-24,2024-06-13,20.73035931301117,23.25836545753479,830,2094.095099954604,max_hold,0.9628712871287128,0.1582026927246467,1.0,long
DUK,2024-05-29,2024-06-13,100.58026377868653,100.65934859987068,262,19.410223150248218,stop,0.9777227722772277,0.3738535797821396,1.0,long
CL,2024-05-28,2024-06-17,92.91643774795534,95.90202194976808,251,748.1266346549982,max_hold,0.9257425742574258,0.3591909209237947,1.0,long
SO,2024-05-30,2024-06-17,77.43870152664185,77.40397289853378,273,-10.845915473503075,stop,0.9133663366336634,0.394758599288337,1.0,long
SCHW,2024-05-29,2024-06-18,69.93495152664184,72.80357633972167,350,1002.2686845779417,max_hold,0.8391089108910891,0.21436426735354294,1.0,long
ANF,2024-06-07,2024-06-24,175.74783366394044,170.22913464305623,229,-1264.9270757824847,stop,0.9925742574257426,0.6584392113312425,0.9762387922497304,long
NVDA,2024-06-14,2024-06-24,130.02498671722412,119.25074641052247,188,-2026.4971776599116,stop,0.8663366336633663,0.736205802817805,1.0,long
NFLX,2024-06-07,2024-06-27,64.97047254180909,68.3997811088562,31,106.15356557846059,max_hold,0.9975247524752475,0.4325101787354805,0.9693977861644968,long
ECL,2024-06-25,2024-07-01,244.372125,235.7011910746875,121,-1049.7880049628138,stop,0.8886138613861386,0.44326776742858676,1.0,long
MSFT,2024-06-14,2024-07-05,438.49913877868653,467.32621755981444,43,1239.3493875885001,max_hold,0.943069306930693,0.4440551107364085,1.0,long
MRVL,2024-06-17,2024-07-08,73.45670816802979,74.87254866027833,8,11.286723937988278,max_hold,0.9207920792079208,0.3919828895180329,1.0,long
ADBE,2024-06-18,2024-07-08,514.9673769836426,575.1123244018555,78,4690.91589862061,max_hold,0.9925742574257426,0.21065892024791172,1.0,long
ORCL,2024-06-18,2024-07-08,141.29061122131347,144.95748377990722,34,124.50366699218758,max_hold,0.9158415841584159,0.5561376438000348,1.0,long
INTU,2024-06-20,2024-07-10,610.7952352294922,630.2975564063928,40,779.8928470760254,stop,0.9752475247524752,0.19968720273648238,1.0,long
NEM,2024-06-25,2024-07-15,42.43120484733581,47.326323474884035,577,2821.5984480953234,max_hold,0.8044554455445545,0.47526912895663453,1.0,long
SCHW,2024-07-09,2024-07-16,73.06651377868653,71.09007486105861,335,-663.7820374053521,stop,0.8564356435643564,0.2652804735765012,1.0,long
VRT,2024-07-02,2024-07-17,86.15305561065674,82.76659465789795,322,-1092.0504267883275,stop,0.9752475247524752,0.1866001178460843,1.0,long
AAPL,2024-06-28,2024-07-18,215.8778892745972,224.06790267944336,62,507.4708311004616,max_hold,0.9529702970297029,0.5095276308883776,1.0,long
VST,2024-07-17,2024-07-24,82.80138213729859,72.82878367268235,296,-2953.369145526407,stop,0.9876237623762376,0.29180863030701343,1.0,long
CB,2024-07-08,2024-07-29,253.9168882827759,271.56416220092774,52,917.3982437438964,max_hold,0.8811881188118812,0.21257909361971009,1.0,long
PGR,2024-07-09,2024-07-29,210.06498671722412,213.5231898803711,116,400.57156692504924,max_hold,0.806930693069307,0.37667978258114315,1.0,long
COF,2024-07-09,2024-07-29,135.87790255737303,148.98546755981445,16,209.6410400390627,max_hold,0.9356435643564357,0.2385537596355817,1.0,long
TJX,2024-07-11,2024-07-30,112.98646530532837,113.18337786483764,213,40.87737517547494,max_hold,0.9603960396039604,0.49199236879241715,1.0,long
JPM,2024-07-16,2024-07-30,210.105,215.08240744018553,127,631.4957449035642,max_hold,0.9207920792079208,0.5082978379733532,1.0,long
DUK,2024-07-18,2024-07-30,107.0635071372986,109.84505152511596,275,763.5497066497746,max_hold,0.9158415841584159,0.5028324439640939,1.0,long
AEP,2024-07-19,2024-07-31,93.85690255737306,98.07094274520875,158,665.0283496780395,max_hold,0.8688118811881188,0.46072818476900074,0.9661128256077652,long
FDX,2024-07-25,2024-08-05,298.4391535491943,284.4090083032182,80,-1122.8116196780916,stop,0.9579207920792079,0.43769452348090226,1.0,long
PGR,2024-07-30,2024-08-12,214.20705610656736,222.8785104904175,138,1195.9707049713202,max_hold,0.8861386138613861,0.3498608625090596,1.0,long
NEE,2024-07-30,2024-08-12,74.56726377868652,77.54121183013916,142,421.5906233062746,max_hold,0.9381188118811881,0.41479278252964985,1.0,long
EXC,2024-07-30,2024-08-12,36.85842015266419,36.88155152511597,1,0.018131372451778986,max_hold,0.8910891089108911,0.33512966912871667,1.0,long
VST,2024-08-09,2024-08-21,78.039,82.23885877990723,221,927.0637903594981,max_hold,0.9876237623762376,0.17851745464171814,1.0,long
ECL,2024-08-13,2024-09-03,238.369125,247.80602767944336,72,679.0969929199222,max_hold,0.9702970297029703,0.24318806705218746,1.0,long
SHW,2024-08-13,2024-09-03,343.41161022949217,363.568125,43,866.5151351318372,max_hold,0.9504950495049505,0.43361201421073875,1.0,long
GILD,2024-08-14,2024-09-03,73.54675713729858,79.66014694976806,204,1246.1115217437737,max_hold,0.9529702970297029,0.2740839444655152,1.0,long
UNH,2024-08-27,2024-09-09,589.7647056884765,577.9600329129734,59,-696.7706937546858,stop,0.948019801980198,0.4508777823099891,1.0,long
NEE,2024-08-22,2024-09-11,79.71984030532838,83.38828530502319,216,791.3041199340796,max_hold,0.9975247524752475,0.433633777677731,1.0,long
MO,2024-08-27,2024-09-11,52.93645484733582,52.768751541957855,1,-0.1727033053779624,stop,0.9232673267326733,0.47879139539859406,1.0,long
KO,2024-09-04,2024-09-11,73.3366530532837,70.61878574203594,477,-1298.8077074651808,stop,0.943069306930693,0.5072782260448806,1.0,long
ABBV,2024-08-27,2024-09-16,198.08900049591068,195.63213072967525,176,-433.28907885743536,max_hold,0.9579207920792079,0.5050100159833169,1.0,long
MDT,2024-08-27,2024-09-16,89.60477755737304,90.0649456100464,270,122.89537422180535,max_hold,0.9405940594059405,0.42047590137178925,1.0,long
PM,2024-09-04,2024-09-17,126.063,122.07549352688373,108,-431.1906990965571,stop,0.9554455445544554,0.5947886597940787,1.0,long
VST,2024-09-04,2024-09-20,75.53775,104.05214525087355,1,28.50939525087355,stop,0.9628712871287128,0.262074348365747,1.0,long
ZIM,2024-09-17,2024-09-23,18.869430610656735,20.588404328433796,1098,1881.943142119213,stop,0.8960396039603961,0.2322528188211701,0.8680482845054149,long
PLTR,2024-09-10,2024-09-30,34.82740637397766,37.181400762557985,1012,2377.182321243289,max_hold,0.995049504950495,0.7662681967295172,1.0,long
DELL,2024-09-17,2024-10-01,117.76885408401489,115.30823052360928,297,-732.2901974404656,stop,0.9405940594059405,0.38220389667269267,0.9156448482989812,long
PGR,2024-09-12,2024-10-02,247.97393110656736,254.30277767944335,98,619.7369641418469,max_hold,0.8217821782178217,0.4963851238003978,1.0,long
MNDY,2024-09-12,2024-10-02,252.09598622131347,271.20432633972166,111,2120.4707531433096,max_hold,0.9727722772277227,0.339400335651842,0.9424650662875426,long
NTAP,2024-09-12,2024-10-02,115.8879168319702,122.95848664474487,2,14.131139625549329,max_hold,0.9752475247524752,0.172898420790804,0.936367693316768,long
NEE,2024-09-24,2024-10-07,84.2420969467163,80.70225326669869,1,-3.5448436800176113,stop,0.8638613861386139,0.4659292237724019,1.0,long
MPWR,2024-09-18,2024-10-08,876.9282352294922,922.6784446411134,14,640.4329317626967,max_hold,0.9851485148514851,0.34613907974280644,0.943278532582851,long
NRG,2024-10-09,2024-10-11,93.30663213729859,86.179199453319,80,-570.5946147183673,stop,0.9580246913580247,0.5423488554530227,1.0,long
CME,2024-09-24,2024-10-14,215.96793061065674,224.08789694976807,82,665.427239807129,max_hold,0.8316831683168316,0.2931823859502259,1.0,long
AMZN,2024-10-01,2024-10-21,184.99244389343264,188.97547232055663,132,525.0997523803677,max_hold,0.8123456790123457,0.35332952357301023,1.0,long
PLTR,2024-10-02,2024-10-22,36.318149236679076,42.91852862739563,1108,7307.680364913942,max_hold,0.9876543209876543,0.5324082645239571,0.970336848625662,long
NTAP,2024-10-03,2024-10-22,122.47120866394043,120.73791744701249,184,-319.84558391474064,stop,0.8987654320987655,0.37461540407441823,0.8776196590926099,long
MNDY,2024-10-03,2024-10-23,270.35511122131345,282.37872901916506,148,1778.7554340820388,max_hold,0.9753086419753086,0.428524946393199,0.9492040250974377,long
SCHW,2024-10-14,2024-10-28,67.89393061065674,72.00398091506958,36,147.78181095886214,max_hold,0.9135802469135802,0.20492460086683845,1.0,long
VST,2024-10-15,2024-10-28,132.07599950408937,124.77238484497072,137,-1001.2802082992552,stop,0.9679012345679012,0.7480725238410864,1.0,long
NVDA,2024-10-16,2024-10-28,134.04698572540283,140.44974427032471,19,121.55741235351573,max_hold,0.9901234567901235,0.47300784123894407,1.0,long
FTNT,2024-10-16,2024-10-28,82.65130561065673,80.71962213516235,2,-3.8733669509887623,max_hold,0.9407407407407408,0.5847989774110608,1.0,long
MU,2024-10-23,2024-10-31,106.61327755737307,99.47583748062134,328,-2342.7203451745672,stop,0.9530864197530864,0.3346862031298513,1.0,long
AAPL,2024-10-23,2024-11-01,234.1970418319702,223.2375599225436,104,-1140.3061185803679,stop,0.8691358024691358,0.43827389452520454,1.0,long
AMZN,2024-10-22,2024-11-04,188.44418110656736,195.68210877990722,124,896.8830314941437,max_hold,0.8,0.3532143474428244,1.0,long
COF,2024-10-24,2024-11-05,155.2775969467163,165.96697805023194,157,1677.447833251956,max_hold,0.8024691358024691,0.4028395520457351,1.0,long
PLTR,2024-11-06,2024-11-15,53.46671862602234,61.4678465233394,322,2574.7531829360914,stop,1.0,0.9170707921109762,1.0,long
WM,2024-11-07,2024-11-19,219.11949950408933,216.33432813766225,68,-189.73165291704137,stop,0.9333333333333333,0.4934378400500946,1.0,long
SCHW,2024-11-05,2024-11-25,70.46521530532837,81.72911164474488,212,2386.886023956299,max_hold,0.9358024691358025,0.3257947263312602,1.0,long
ISRG,2024-11-05,2024-11-25,506.58315156555176,536.2817127990722,29,861.1132757720939,max_hold,0.9679012345679012,0.4164798386274245,1.0,long
NVDA,2024-11-18,2024-11-27,139.56975,132.02577721074456,137,-1034.2092721279944,stop,0.9259259259259259,0.4125675336358824,1.0,long
MSFT,2024-11-11,2024-12-02,422.73124900817874,430.76452098083496,57,457.6115024414047,max_hold,0.8271604938271605,0.2806943811853637,1.0,long
CME,2024-11-11,2024-12-02,227.04345767211913,235.4921956100464,131,1106.1296698684714,max_hold,0.8839506172839506,0.42024784337968396,1.0,long
CAT,2024-11-11,2024-12-02,398.1089586639404,402.3087547607422,74,310.41491116333145,max_hold,0.908641975308642,0.40325767740715757,1.0,long
FDX,2024-11-11,2024-12-02,288.8443622131348,296.54165744018553,41,315.38410430908056,max_hold,0.8419753086419753,0.4911918129723118,1.0,long
ANET,2024-11-20,2024-12-10,95.0475,104.72760877990723,137,1325.4899028472905,max_hold,0.9061728395061729,0.25518982934902157,1.0,long
ORCL,2024-11-26,2024-12-10,188.41416732788085,174.7358607639999,8,-109.4664525110475,stop,0.9037037037037037,0.5621651985748394,1.0,long
ADBE,2024-12-03,2024-12-12,511.29552854919433,504.01775389215834,47,-342.2904088806916,stop,0.8074074074074075,0.0768559874248688,1.0,long
SCHW,2024-12-03,2024-12-13,81.82088877868652,78.87844300116537,363,-1069.9228172401804,stop,0.9259259259259259,0.5139359057122864,1.0,long
AAPL,2024-11-26,2024-12-16,233.44666683197022,250.91447328948973,127,2217.776420104978,max_hold,0.8814814814814815,0.4518441615702544,1.0,long
ROST,2024-12-03,2024-12-16,156.02797194671632,149.6928292776294,119,-754.4769776213452,stop,0.8567901234567902,0.5039396871072092,1.0,long
INTU,2024-11-29,2024-12-19,641.2004448852539,636.6315372009277,27,-123.4955074768068,max_hold,0.8074074074074075,0.3472785707113334,1.0,long
PM,2024-12-11,2024-12-19,129.60476328277588,123.75739569815867,2,-11.704735169234405,stop,0.9580246913580247,0.3659262655684299,1.0,long
MSFT,2024-12-16,2024-12-20,447.4936240081787,433.06461096767606,54,-779.4367041871425,stop,0.8074074074074075,0.42328935566808595,1.0,long
FTNT,2024-12-03,2024-12-23,95.0475,96.37178816986085,257,339.0570596542384,max_hold,0.8518518518518519,0.541949268829562,1.0,long
PLTR,2024-12-11,2024-12-31,73.01649335861207,75.59218225479125,164,421.5929789733867,max_hold,0.9703703703703703,0.6152518468886704,1.0,long
NVDA,2024-12-13,2025-01-02,139.00947244262696,138.24084255981444,175,-135.3852294921908,max_hold,0.9950617283950617,0.23810003594711648,1.0,long
AAPL,2024-12-17,2025-01-02,250.20504183197022,246.47073218741883,97,-362.71303552148464,stop,0.8395061728395061,0.5264493939666672,1.0,long
VST,2024-12-17,2025-01-03,142.95144488525392,162.27882061004638,224,4328.212162353511,max_hold,0.9629629629629629,0.4378225010904524,0.9807928923486428,long
INTU,2024-12-20,2025-01-03,629.5146122131348,629.9148654785156,35,13.833864288327913,max_hold,0.8617283950617284,0.23745374239781766,1.0,long
PGR,2024-12-23,2025-01-06,239.80984744262696,239.4702013397217,82,-28.26098043823041,max_hold,0.8098765432098766,0.21617365753007495,1.0,long
FTNT,2024-12-24,2025-01-06,96.69832652664185,97.89103244018553,247,293.363360645288,max_hold,0.8641975308641975,0.43500760604079247,1.0,long
WMT,2024-12-24,2025-01-06,90.41518774795534,91.3842853050232,1,0.9640975570678546,max_hold,0.9506172839506173,0.38273782810160656,1.0,long
NVDA,2025-01-03,2025-01-10,140.07999950408936,137.4068554650879,287,-768.6273391934221,stop,0.9851851851851852,0.27569395498941174,1.0,long
NOW,2025-01-03,2025-01-13,211.96593061065673,201.36363963248567,26,-275.78956543244743,stop,0.8765432098765432,0.36779762483318074,1.0,long
DDOG,2025-01-02,2025-01-14,145.0725,139.09042366027833,112,-670.5525500488257,max_hold,0.8320987654320988,0.31533564840254397,1.0,long
LOW,2025-01-08,2025-01-21,245.56272244262695,264.21783110046385,61,1137.6566281280511,max_hold,0.9604938271604938,0.1597951065141217,1.0,long
SBUX,2025-01-13,2025-01-27,92.31613164138794,99.96998664474488,162,1239.114510543824,max_hold,0.9358024691358025,0.1974423025833721,1.0,long
OXY,2025-01-17,2025-01-27,52.17607652664184,49.03079059929551,330,-1039.594356024291,stop,0.9703703703703703,0.14294973169610492,1.0,long
CEG,2025-01-17,2025-01-27,320.3200836639404,319.4849798449707,53,-44.52550240539331,stop,0.9975308641975309,0.7167755847410808,1.0,long
AEP,2025-01-22,2025-02-03,97.6287918319702,97.32268674517714,176,-54.75449527557988,stop,0.9703703703703703,0.4459121220297309,1.0,long
HD,2025-01-28,2025-02-03,423.4516102294922,401.9304907203562,35,-753.4141828197594,stop,0.9604938271604938,0.4966946299276865,0.9909395306175744,long
NKE,2025-02-05,2025-02-07,76.33815305328369,69.68983996706758,42,-279.4391496210764,stop,0.9407407407407408,0.1078247956170823,1.0,long
AMZN,2025-02-04,2025-02-14,239.12949950408932,227.7960326953028,62,-702.9849421447636,stop,0.9358024691358025,0.5019294932315091,1.0,long
TJX,2025-01-28,2025-02-18,124.67230561065674,123.76808683013914,138,-125.4721917114282,max_hold,0.9728395061728395,0.44155686329759847,0.9997532356500597,long
EBAY,2025-01-28,2025-02-18,66.54325713729858,69.75510591506958,225,721.5409749984741,max_hold,0.9654320987654321,0.4128930256688148,0.991207884881808,long
PLTR,2025-02-05,2025-02-19,101.83088877868653,109.61076961578371,395,3071.077930653387,stop,0.9827160493827161,0.9318285085311802,1.0,long
LOW,2025-02-05,2025-02-19,259.0394586639404,245.65151919502446,114,-1526.7950994564194,stop,0.9185185185185185,0.2438460747735625,1.0,long
MS,2025-02-10,2025-02-20,140.320125,132.71130318827244,7,-53.29675268209286,stop,0.8395061728395061,0.43908567192942594,1.0,long
MCD,2025-02-04,2025-02-24,289.9048897705078,307.41622232055664,51,892.8229600524913,max_hold,0.9382716049382716,0.2643822535427085,1.0,long
DDOG,2025-02-19,2025-02-24,130.58526427459717,115.49578339114275,4,-60.37792353381766,stop,0.8641975308641975,0.21583903044594563,1.0,long
SCHW,2025-02-05,2025-02-25,82.28111786270142,78.5150181888981,297,-1120.0166031195874,stop,0.837037037037037,0.4467803785539502,1.0,long
MU,2025-02-18,2025-02-25,102.69131938934326,94.01282795237088,104,-903.0831094451274,stop,0.9851851851851852,0.06795796564998574,1.0,long
AVGO,2025-02-19,2025-02-25,227.96393110656734,203.78932548470166,130,-3143.3487308425388,stop,0.9037037037037037,0.41540402029988627,1.0,long
SNOW,2025-02-21,2025-02-25,184.99244389343264,163.89843025022466,132,-2785.0698009034522,stop,0.8666666666666667,0.5006131071254928,1.0,long
CRM,2025-02-20,2025-02-27,322.4011102294922,299.3515408838225,76,-1752.147270270896,stop,0.8641975308641975,0.2343474914995394,1.0,long
VST,2025-02-26,2025-02-27,143.0715,136.2666348449707,234,-1593.508446276854,stop,0.9851851851851852,0.2020456682907102,1.0,long
PGR,2025-02-20,2025-03-04,268.70429232788086,283.04840744018554,91,1304.8594752197257,max_hold,0.8395061728395061,0.5384422737667552,1.0,long
HOOD,2025-02-26,2025-03-04,47.33365637397766,46.06895259689331,442,-561.2090694712826,stop,0.9925925925925926,0.2768827919420763,0.9571774729304371,long
FTNT,2025-02-25,2025-03-07,108.1340418319702,100.24824771316528,263,-2075.278853245691,stop,0.8864197530864197,0.46036261990200045,1.0,long
ECL,2025-02-26,2025-03-10,265.7528051147461,265.54715267944334,112,-23.593072753906707,max_hold,0.8987654320987655,0.46518792383228924,1.0,long
IMAX,2025-03-10,2025-03-14,24.86242538166046,24.087950381278993,603,-470.02342523002517,regime_exit,0.945679012345679,0.3359325846552877,0.9179077403438755,long
DASH,2025-03-13,2025-03-14,188.5192155532837,183.40825,79,-404.16127870941045,regime_exit,0.9333333333333333,0.36720763150383806,0.9083603815751919,long
IAC,2025-03-17,2025-03-19,37.2026252746582,39.454500182533266,671,-1514.3630631841672,short_stop,0.07654320987654321,0.0,,short
BILL,2025-03-17,2025-03-24,46.27000045776367,49.070723585472116,540,-1515.09048896256,short_stop,0.09876543209876543,0.0,,short
URBN,2025-03-26,2025-04-03,53.25661454200745,50.960905116271974,281,-646.4993486316681,stop,0.9629629629629629,0.26635957522406756,0.92998464542787,long
IMAX,2025-03-26,2025-04-04,27.243614542007446,25.16781057170868,550,-1144.4421836643205,stop,0.9555555555555556,0.4976368667273827,0.9348818433363693,long
TOST,2025-04-03,2025-04-04,32.996489542007446,30.341591993457527,523,-1391.1264178916074,stop,0.9876543209876543,0.25950443056395794,0.9518641104170867,long
FTNT,2025-04-03,2025-04-04,92.8063821372986,85.33918063053156,185,-1382.3572787519024,stop,0.9925925925925926,0.18649320771217529,0.549164016394698,long
SMCI,2025-03-17,2025-04-04,42.68000030517578,29.83490969467163,585,7511.453007144928,short_take_profit,0.05432098765432099,0.0,,short
LEN,2025-03-17,2025-04-07,118.31999969482422,107.1335418319702,211,2359.287609062197,short_max_hold,0.08641975308641975,0.0,,short
KBH,2025-03-17,2025-04-07,60.5,54.67732652664185,413,2402.6991444969162,short_max_hold,0.1037037037037037,0.0,,short
DOW,2025-03-17,2025-04-07,37.0099983215332,27.533760457992553,675,6393.085557889939,short_take_profit,0.12345679012345678,0.0,,short
MTB,2025-03-20,2025-04-09,175.5,168.14402755737305,142,1043.8380868530269,short_max_hold,0.10123456790123457,0.0,,short
QCOM,2025-03-25,2025-04-14,159.8800048828125,139.25959744262695,156,3216.003560668945,short_max_hold,0.1308641975308642,0.0,,short
COIN,2025-04-10,2025-04-14,168.5,178.699305,148,-1510.2371400000013,short_stop,0.03694581280788178,0.0,,short
F,2025-04-10,2025-04-14,9.100000381469728,9.650823404560093,2747,-1526.8458444292314,short_stop,0.1477832512315271,0.0,,short
UNH,2025-04-10,2025-04-17,580.5301102294922,563.220021574707,27,-467.5073936792005,stop,0.9753694581280788,0.5644173917846506,1.0,long
RIVN,2025-04-10,2025-04-23,11.475000381469728,12.169582154560093,2178,-1523.689101790814,short_stop,0.13793103448275862,0.0,,short
DELL,2025-04-15,2025-04-23,84.62000274658203,89.74205151283265,295,-1512.479386043931,short_stop,0.07635467980295567,0.0,,short
C,2025-04-15,2025-04-23,64.19000244140625,68.07542328918457,389,-1513.3737097857666,short_stop,0.14285714285714285,0.0,,short
ARM,2025-04-15,2025-04-24,104.80999755859376,111.15414671081545,238,-1511.097498228762,short_stop,0.12561576354679804,0.0,,short
UPST,2025-04-24,2025-04-24,44.2400016784668,46.91784898006439,565,-1515.8087254026411,short_stop,0.059113300492610835,0.0,,short
INTC,2025-04-10,2025-04-30,20.68000030517578,20.11005038166046,1208,682.4595076065071,short_max_hold,0.03201970443349754,0.0,,short
ALLY,2025-04-10,2025-04-30,32.900001525878906,32.676329847335815,759,165.9718040142064,short_max_hold,0.05172413793103448,0.0,,short
MTB,2025-04-24,2025-05-02,165.88999938964844,175.93132105270388,150,-1506.9482494583162,short_stop,0.0960591133004926,0.0,,short
ON,2025-04-25,2025-05-02,39.380001068115234,41.763672532768254,634,-1514.4177085900146,short_stop,0.08620689655172414,0.0,,short
TRMB,2025-05-05,2025-05-08,63.790000915527344,67.65120967094421,391,-1511.6876233679955,short_stop,0.08620689655172414,0.0,,short
ALLY,2025-05-01,2025-05-09,32.459999084472656,34.424802829055785,770,-1516.7488833290095,short_stop,0.13054187192118227,0.0,,short
SEDG,2025-05-12,2025-05-12,21.350670152664186,20.05959512853258,754,-977.2405681952298,stop,0.9827586206896551,0.7886776226709364,0.9739166397542365,long
ITW,2025-04-24,2025-05-12,238.02999877929688,252.43795460540773,105,-1513.3603617416393,short_stop,0.12807881773399016,0.0,,short
NXPI,2025-04-25,2025-05-12,189.38999938964844,200.85377605270386,132,-1513.8785195233165,short_stop,0.07635467980295567,0.0,,short
TDY,2025-05-01,2025-05-12,468.7900085449219,497.165867762146,53,-1504.1855385128777,short_stop,0.12315270935960591,0.0,,short
ORCL,2025-05-05,2025-05-13,149.44000244140625,158.48560578918458,167,-1511.4507590789804,short_stop,0.12315270935960591,0.0,,short
ETSY,2025-05-09,2025-05-28,48.08000183105469,50.99028434188843,519,-1513.0316231227139,short_stop,0.06157635467980296,0.0,,short
VEEV,2025-05-21,2025-05-29,239.2895831680298,278.9004885406494,67,2653.595659965514,take_profit,0.9876847290640394,0.4777398503950023,0.9628032486773856,long
QCOM,2025-05-12,2025-06-02,154.0800018310547,146.7033198852539,162,1194.212475219727,short_max_hold,0.11822660098522167,0.0,,short
POOL,2025-05-13,2025-06-02,320.0,300.15,78,1547.9100000000017,short_max_hold,0.10591133004926108,0.0,,short
CZR,2025-05-13,2025-06-02,30.024999618530273,26.11305038166046,832,3250.5817650756844,short_max_hold,0.10837438423645321,0.0,,short
KBH,2025-05-13,2025-06-02,56.75,51.01549667930603,440,2520.9814611053457,short_max_hold,0.08866995073891626,0.0,,short
TREX,2025-05-14,2025-06-03,61.61000061035156,55.50773954200745,405,2469.3907326793656,short_max_hold,0.1330049261083744,0.0,,short
MPWR,2025-06-03,2025-06-04,669.7899780273438,710.3323653973389,37,-1500.2533326898201,short_stop,0.1354679802955665,0.0,,short
SWKS,2025-05-29,2025-06-06,70.73999786376953,71.62579133605956,353,-314.4500957183815,regime_cover,0.11576354679802955,0.0,,short
SNPS,2025-06-03,2025-06-06,464.55999755859375,486.243,53,-1149.464129394531,regime_cover,0.13793103448275862,0.0,,short
TTD,2025-06-03,2025-06-06,75.43000030517578,71.4957290840149,331,1300.5887742042526,regime_cover,0.007389162561576354,0.0,,short
TFC,2025-06-03,2025-06-06,39.20000076293945,40.68032984733581,637,-946.1546267604809,regime_cover,0.14039408866995073,0.0,,short
S,2025-06-04,2025-06-06,18.13999938964844,18.369180610656734,1378,-322.70172254942787,regime_cover,0.07389162561576355,0.0,,short
AMAT,2025-06-05,2025-06-06,163.22000122070312,166.82337549591065,153,-552.0812641067519,regime_cover,0.1206896551724138,0.0,,short
BKNG,2025-06-09,2025-06-13,5604.000795410157,5354.768871360019,2,-498.47384810027484,stop,0.9039408866995073,0.529741057996569,1.0,long
MCD,2025-06-09,2025-06-17,303.8818759918213,291.8632750193633,80,-961.8880777966391,stop,0.8177339901477833,0.23711511594112814,1.0,long
PGR,2025-06-09,2025-06-18,278.139,260.86433890283024,88,-1520.6101765509397,stop,0.8497536945812808,0.337984627119806,1.0,long
ALNY,2025-06-02,2025-06-23,303.25155610656736,312.9734398803711,53,514.9948400115967,max_hold,0.9876847290640394,0.7024994421030546,0.9740412282627882,long
VEEV,2025-06-03,2025-06-23,278.139,280.15983779907225,57,114.90275454711767,max_hold,0.9802955665024631,0.620371328126039,0.9632845762585187,long
XOM,2025-06-18,2025-06-25,114.66730561065674,107.80609007469837,210,-1441.9052625512566,stop,0.9532019704433498,0.37906638106494134,1.0,long
NVDA,2025-06-09,2025-06-30,143.26159744262696,157.91101049041748,207,3031.3935008926373,max_hold,0.8891625615763546,0.4670038726681327,1.0,long
CME,2025-06-09,2025-06-30,271.6757785491943,275.4821851196289,128,486.58004101562926,max_hold,0.9532019704433498,0.3213055914369273,1.0,long
SCHW,2025-06-09,2025-06-30,88.3341459159851,91.19437786483763,33,94.22265431213347,max_hold,0.8374384236453202,0.43564378940160464,0.893222913640316,long
ECL,2025-06-16,2025-07-07,266.2730846557617,271.64410877990724,49,262.9351820831319,max_hold,0.8300492610837439,0.38455149847893333,0.9793186228562071,long
FTNT,2025-06-20,2025-07-10,101.37065969467163,100.14989694976808,226,-277.0223803482029,max_hold,0.8004926108374384,0.23290200193887292,1.0,long
INTU,2025-06-24,2025-07-10,769.5245846557617,750.6754345547986,42,-791.8743042404515,stop,0.9310344827586207,0.5015825169555614,0.9682672666893759,long
PSX,2025-06-24,2025-07-14,120.70031938934326,128.94548950958253,4,32.96068048095706,max_hold,0.9211822660098522,0.10961038871935262,0.9426506905658774,long
VST,2025-06-26,2025-07-16,187.94393110656736,184.03793988037108,113,-441.94200856017943,max_hold,0.9876847290640394,0.6175708053594535,1.0,long
CEG,2025-07-01,2025-07-21,320.8853686065674,317.7210648803711,125,-396.1629657745368,max_hold,0.9876847290640394,0.5449846101123828,1.0,long
BJ,2025-07-01,2025-07-21,107.90392347335815,104.70899354933917,251,-803.1824109287637,stop,0.9950738916256158,0.2677344362228548,0.9589532242741969,long
CWEN,2025-07-01,2025-07-21,32.20609362602234,32.69364408493042,1,0.4825504589080819,max_hold,0.9778325123152709,0.44981542700105376,0.9525400324337965,long
RTX,2025-07-11,2025-07-22,146.25308267211915,145.25149313206578,203,-204.33767663083484,stop,0.9039408866995073,0.43270568637515755,1.0,long
NVDA,2025-07-08,2025-07-28,159.4096668319702,176.661625,81,1397.0036116104118,max_hold,0.9852216748768473,0.6022787420751246,1.0,long
ROK,2025-07-11,2025-07-31,341.420625,351.5341364593506,82,828.8979396667496,max_hold,0.8891625615763546,0.5530317539394468,0.9975793328163427,long
AAPL,2025-07-17,2025-08-01,210.67529232788087,204.7252049776687,1,-5.955087350212158,stop,0.9802955665024631,0.12100880146577672,1.0,long
FTNT,2025-07-22,2025-08-01,106.98346530532837,99.43411343825953,274,-2069.892411576861,stop,0.9285714285714286,0.46330078451485757,1.0,long
GS,2025-07-23,2025-08-01,702.351,694.366664021259,42,-335.552111107122,stop,0.9187192118226601,0.46208247410742675,1.0,long
ETN,2025-08-04,2025-08-05,383.9018464508057,356.3259522845445,19,-524.036989158963,stop,0.8177339901477833,0.46353083660376687,1.0,long
MSFT,2025-07-17,2025-08-06,505.9328326721192,524.6775324401856,43,805.8070900268539,max_hold,0.9729064039408867,0.5130982533912135,1.0,long
ORCL,2025-07-22,2025-08-11,242.1009857254028,252.55365267944336,144,1504.4640413818395,max_hold,0.9334975369458128,0.6288400043985177,1.0,long
INTU,2025-08-01,2025-08-11,786.5330846557617,732.2367929123606,36,-1954.8465027624427,stop,0.9556650246305419,0.44026784908146843,1.0,long
CAT,2025-08-04,2025-08-11,431.0754153442383,407.6248600251813,56,-1313.5110978671921,stop,0.8620689655172413,0.5183520678974295,1.0,long
ICE,2025-07-23,2025-08-12,180.7203198852539,182.64863549041752,17,32.69636528778151,max_hold,0.8349753694581281,0.40489062033697637,1.0,long
NVDA,2025-07-29,2025-08-18,178.04898671722412,181.9189895095825,59,228.0351647491443,max_hold,0.9901477832512315,0.6382397461489424,1.0,long
MU,2025-08-06,2025-08-20,107.95395152664184,113.50085154683478,48,266.0112009692609,stop,0.9926108374384236,0.23619386725080743,1.0,long
MSFT,2025-08-12,2025-08-20,524.011875,504.7402789257154,66,-1272.2553409027846,stop,0.9359605911330049,0.41761372048512263,1.0,long
ORCL,2025-08-12,2025-08-20,252.70629183197022,230.2244109214428,138,-3103.1895656527845,stop,0.9384236453201971,0.5737908291418805,1.0,long
VST,2025-08-12,2025-08-20,202.61124950408933,184.3205914526367,95,-1738.087514887999,stop,0.8522167487684729,0.41541340509100566,1.0,long
NVDA,2025-08-19,2025-08-20,182.52120767211915,170.00099959625206,68,-851.7141491589621,stop,1.0,0.5151936583511464,1.0,long
NOC,2025-08-04,2025-08-25,585.982847442627,586.4466202392579,50,22.938639831545288,max_hold,0.8817733990147784,0.5799247554227722,1.0,long
AMZN,2025-08-07,2025-08-27,221.1105,229.0054351196289,102,804.7733822021489,max_hold,0.8325123152709359,0.3840886708744637,1.0,long
CRWD,2025-08-22,2025-08-28,415.2075,410.3161571813311,4,-19.5853712746755,stop,0.9507389162561576,0.1389706488054635,1.0,long
CME,2025-08-13,2025-09-02,275.1375,265.05638649296475,5,-50.4305675351762,stop,0.8694581280788177,0.25874415005638873,1.0,long
SCHW,2025-08-21,2025-09-05,95.42768725204466,92.78616997067739,256,-677.5084240300214,stop,0.8177339901477833,0.391754019118467,1.0,long
MO,2025-08-21,2025-09-09,67.62379133605957,65.20248621801524,233,-565.3290925043289,stop,0.9852216748768473,0.542136412369842,1.0,long
GS,2025-08-21,2025-09-10,716.8982480163575,769.1952270812989,34,1777.927288208008,max_hold,0.8201970443349754,0.4017189423005236,1.0,long
WMT,2025-08-21,2025-09-10,99.45970866394043,100.35979866027832,404,361.61635852050466,max_hold,0.9876847290640394,0.45074750783996076,1.0,long
AAPL,2025-08-29,2025-09-10,232.62624950408932,228.0660558972054,6,-27.39116164130357,stop,0.9113300492610837,0.39007356617623895,1.0,long
TJX,2025-08-26,2025-09-15,135.7378331680298,141.09941316986084,217,1162.3778603973365,max_hold,0.916256157635468,0.43257592276488793,1.0,long
AMZN,2025-08-28,2025-09-17,229.12449950408933,231.50418511962891,98,232.7191903228794,max_hold,0.9236453201970444,0.37616650984890426,1.0,long
SNOW,2025-09-03,2025-09-23,234.96743110656735,223.42822328948975,7,-80.80945471954317,max_hold,0.8596059113300493,0.5331839182383552,1.0,long
ORCL,2025-09-16,2025-09-25,314.21702755737306,288.62760863159184,76,-1945.1758383593726,stop,0.8694581280788177,0.6856638328481963,1.0,long
NVDA,2025-09-08,2025-09-29,167.6337780532837,181.75908110046385,135,1906.2409113693209,max_hold,0.9852216748768473,0.23734222836051902,1.0,long
MU,2025-09-10,2025-09-30,140.09001427459717,167.23634732055663,92,2497.002640228271,max_hold,0.9605911330049262,0.5705223041673066,1.0,long
XOM,2025-09-11,2025-09-30,111.45570152664185,111.97132921610837,11,5.616904584131795,stop,0.8251231527093597,0.409797875362808,1.0,long
BKNG,2025-09-11,2025-10-01,5477.5474636230465,5268.318537453745,5,-1046.1696308465066,stop,0.8891625615763546,0.27161208269337267,1.0,long
EBAY,2025-09-11,2025-10-01,91.67581225204466,87.53621183013917,439,-1819.479585216514,max_hold,0.9729064039408867,0.3428124422073012,1.0,long
MSFT,2025-09-18,2025-10-08,511.7457352294922,524.5875505981445,47,603.3303223266583,max_hold,0.8177339901477833,0.29027737154367156,1.0,long
FDX,2025-10-09,2025-10-10,241.63074950408932,225.232999777291,92,-1509.0529748654444,stop,0.8201970443349754,0.2960615178954075,1.0,long
AMZN,2025-09-24,2025-10-14,224.26206889343266,213.80270943066094,18,-188.35847032989088,stop,0.8004926108374384,0.24576611132198778,1.0,long
GS,2025-09-30,2025-10-14,805.90275,751.204580443911,30,-1641.0950866826684,stop,0.8645320197044335,0.446657406665092,1.0,long
PLTR,2025-09-26,2025-10-16,179.1395280532837,178.0309351196289,132,-146.99426724243236,max_hold,0.9285714285714286,0.5721077797245158,1.0,long
NVDA,2025-10-01,2025-10-16,185.33262549591066,181.71909255981444,90,-325.6679642486598,max_hold,0.9334975369458128,0.5387128337677064,1.0,long
SCHW,2025-10-02,2025-10-16,92.5362428627014,93.36329866027832,321,263.87991102219064,max_hold,0.9187192118226601,0.23273408191988046,1.0,long
EBAY,2025-10-02,2025-10-16,87.11353469467163,91.1344103050232,341,1369.4135831298843,max_hold,0.9064039408866995,0.27081754905636124,1.0,long
BA,2025-10-02,2025-10-16,215.5577219467163,211.39408677879683,33,-137.56496054134237,stop,0.9384236453201971,0.19922516130652615,1.0,long
RKLB,2025-10-13,2025-10-17,67.91393725204468,63.69653271316529,395,-1667.8497928573572,stop,0.9901477832512315,0.6323056211830778,0.9727482859852623,long
ULTA,2025-10-15,2025-10-29,542.4811269836425,501.1938898835472,1,-41.292237100095356,stop,0.9334975369458128,0.3793626316664105,1.0,long
CMG,2025-10-15,2025-10-30,42.371173473358155,37.2679893402269,578,-2952.5304289498667,stop,0.8152709359605911,0.10637342866792697,1.0,long
ABBV,2025-10-28,2025-10-31,227.1135,217.89788781043322,78,-719.2077507862081,stop,0.8990147783251231,0.3709437455035523,1.0,long
JBHT,2025-10-17,2025-11-06,170.01495767211915,168.94548377990722,101,-108.52186311340506,max_hold,0.9729064039408867,0.7309232880801471,0.9621619279508054,long
NVDA,2025-10-22,2025-11-06,181.23056938934326,187.46780966686552,95,592.0628263646148,stop,0.9753694581280788,0.3529725395905306,1.0,long
INTU,2025-10-28,2025-11-06,685.0723454589844,645.3077066671012,35,-1391.9373577159106,stop,0.812807881773399,0.3379817835048989,1.0,long
ORCL,2025-10-30,2025-11-06,268.8743602294922,241.2297585431467,6,-165.89761011807306,stop,0.8522167487684729,0.24011739186348408,1.0,long
MSFT,2025-10-31,2025-11-06,529.144444885254,501.4950290133803,42,-1161.4854666186936,stop,0.9285714285714286,0.4252165504216967,1.0,long
VRT,2025-11-10,2025-11-13,188.1140142745972,165.4575623953647,1,-22.66145187923249,stop,0.8300492610837439,0.4644122154121835,1.0,long
LLY,2025-10-28,2025-11-17,826.413,1021.1891622009277,29,5648.3637038269035,max_hold,0.8768472906403941,0.3468407208882585,1.0,long
JNJ,2025-10-28,2025-11-17,189.35462450408932,199.48021183013915,184,1862.1880679931703,max_hold,0.9384236453201971,0.4146682019561653,1.0,long
COF,2025-11-10,2025-11-17,219.21955561065673,205.91468692096709,25,-332.74671724224106,stop,0.8497536945812808,0.3029065632482829,1.0,long
ISRG,2025-11-07,2025-11-18,543.5116102294921,541.4878756828009,74,-150.12635645515104,stop,0.9926108374384236,0.45553116920963155,1.0,long
AAPL,2025-11-03,2025-11-21,270.55522343444824,271.3542452392578,63,50.0233737030029,max_hold,0.9655172413793104,0.5279972001478238,1.0,long
REGN,2025-11-07,2025-11-21,650.6751505737304,755.5220744018554,53,5556.621962890625,max_hold,0.9655172413793104,0.3921428521620025,1.0,long
DDOG,2025-11-18,2025-11-21,177.52872244262696,163.2447614348932,197,-2814.925318523549,stop,0.9679802955665024,0.48489423779257357,1.0,long
PLUG,2025-11-20,2025-11-21,1.9609800381660463,1.8206892175388336,603,-87.61036483820924,stop,0.9975369458128078,0.06417403306449326,0.9509919528847517,long
GS,2025-11-18,2025-12-01,772.4460275573731,810.4545553588868,38,1444.1340564575187,max_hold,0.9384236453201971,0.25893448790347523,1.0,long
SCHW,2025-11-18,2025-12-01,91.64579847335816,92.64365744018554,4,3.9714358673095194,max_hold,0.9064039408866995,0.2171702382526866,1.0,long
EBAY,2025-11-19,2025-12-01,81.8409030532837,82.68863835525512,427,359.84797394179884,max_hold,0.9605911330049262,0.09009789146524282,0.9925598674199114,long
ULTA,2025-11-19,2025-12-01,506.5531377868652,547.3661946411132,10,408.0805685424803,max_hold,0.9507389162561576,0.2138460321615121,0.9896659123377068,long
ECL,2025-12-02,2025-12-05,274.18701278686524,261.47116045699397,62,-788.6928444520186,stop,0.9926108374384236,0.4255396553935022,1.0,long
NVDA,2025-12-08,2025-12-17,182.73131938934327,172.02351298340346,82,-878.450125287064,stop,0.9310344827586207,0.23517777826204206,1.0,long
NEM,2025-12-02,2025-12-22,91.5357428627014,104.82755725479124,188,2497.9211057128914,max_hold,0.9778325123152709,0.5399701403714254,1.0,long
FCX,2025-12-02,2025-12-22,43.20159030532837,50.614679389953615,347,2570.606912364961,max_hold,0.9359605911330049,0.4270432368786415,1.0,long
JNJ,2025-12-05,2025-12-23,203.0814857254028,203.4189125982874,84,27.923857322304528,stop,0.9950738916256158,0.4331588555903974,1.0,long
LLY,2025-12-10,2025-12-30,985.4925,1079.210125,24,2249.103000000003,max_hold,0.8226600985221675,0.40138381539350587,1.0,long
REGN,2025-12-10,2025-12-30,695.4075275573731,773.5530324401856,35,2734.9176708984364,max_hold,0.8029556650246306,0.3877990109273486,1.0,long
MCD,2025-12-10,2025-12-30,309.65475,308.3080129880523,96,-129.76675314697465,stop,0.9113300492610837,0.318325808160591,1.0,long
TJX,2025-12-10,2025-12-30,155.1575418319702,155.27233110046387,110,12.076819534303308,max_hold,0.9285714285714286,0.4459765353090823,1.0,long
MSFT,2025-12-23,2026-01-02,485.2225009918213,470.70381975349426,61,-885.9445555379481,stop,0.9039408866995073,0.26947477564688016,1.0,long
ADBE,2025-12-24,2026-01-02,352.38609645080567,331.92235583842137,50,-1023.437030619215,stop,0.9458128078817734,0.12746003572100464,1.0,long
AAPL,2025-12-23,2026-01-06,270.9754163360596,263.04818012067557,15,-118.98354323076042,stop,0.9384236453201971,0.3488853090665929,1.0,long
AMZN,2025-12-18,2026-01-07,225.82286171722413,241.43921755981447,35,546.3974544906619,max_hold,0.8448275862068966,0.23566491546521098,1.0,long
AXP,2025-12-31,2026-01-12,373.4566240081787,363.1955878337214,79,-811.0168577821291,stop,0.896551724137931,0.37886729289149645,1.0,long
CB,2026-01-07,2026-01-13,308.6642647705078,301.006892378781,1,-7.662372391726824,stop,0.9334975369458128,0.40933517264498576,1.0,long
MDB,2026-01-05,2026-01-14,404.21201477050784,394.86676569211136,17,-158.95423433274013,stop,0.9187192118226601,0.4135381800213598,1.0,long
GS,2025-12-31,2026-01-20,884.5420255737305,942.8983101196291,39,2275.700097290044,max_hold,0.9359605911330049,0.4330732880469748,1.0,long
SCHW,2025-12-31,2026-01-20,100.85040305328367,100.93950286483764,347,29.182634609225687,max_hold,0.9605911330049262,0.4131903638705902,1.0,long
SPGI,2025-12-31,2026-01-20,526.5431693115235,518.2377590128995,2,-16.620820597247995,stop,0.8645320197044335,0.33574866038531953,1.0,long
NVDA,2026-01-05,2026-01-20,191.85587450408931,177.9008960198243,209,-2917.635503211388,stop,0.9753694581280788,0.4207298138137074,1.0,long
AMZN,2026-01-13,2026-01-20,246.65326377868652,230.3728501257972,99,-1612.2559516360413,stop,0.8078817733990148,0.48521211680420684,1.0,long
GE,2026-01-15,2026-01-22,320.75029133605955,295.4378499189339,25,-632.9360354281407,stop,0.8768472906403941,0.4117267787520736,1.0,long
WM,2026-01-08,2026-01-28,215.20755610656735,231.48420610046384,44,715.9525997314453,max_hold,0.8251231527093597,0.05397044826600725,1.0,long
DE,2026-01-14,2026-02-02,503.48162599182126,531.983875,15,427.4587351226813,max_hold,0.8054187192118226,0.327880654183336,1.0,long
CAT,2026-01-21,2026-02-02,633.9868179016113,690.564518157959,38,2149.7626097412135,max_hold,0.8374384236453202,0.4972776041214221,1.0,long
MPC,2026-01-21,2026-02-02,178.48919389343263,176.82154866027832,166,-277.6591087036143,max_hold,0.8891625615763546,0.250234923579163,1.0,long
OXY,2026-01-21,2026-02-02,42.741361221313475,43.778099237442014,942,971.897211193083,max_hold,0.9901477832512315,0.08753372335432934,1.0,long
EBAY,2026-01-21,2026-02-02,90.74534694671632,93.73310877990723,385,1148.3633057784973,max_hold,0.9310344827586207,0.3950737299332505,0.9916455576700177,long
EXAS,2026-01-21,2026-02-02,102.40117347335816,102.44875,70,2.9803568649293424,max_hold,0.9975369458128078,0.5674255062671181,0.976154526544883,long
WMT,2026-01-23,2026-02-04,118.2290831680298,127.936,36,349.26900595092735,max_hold,0.9137931034482759,0.4024275138277641,1.0,long
COST,2026-01-29,2026-02-10,958.4689852294922,970.7443654785156,9,110.43342224121098,max_hold,0.9285714285714286,0.32777326224693604,1.0,long
WBD,2026-02-03,2026-02-17,27.523755228996276,28.735625,627,756.7073464193344,max_hold,1.0,0.37098366989663406,0.9685491834948318,long
CFLT,2026-02-03,2026-02-17,30.495239542007447,30.684650762557983,565,104.19233961105274,max_hold,0.9851851851851852,0.5155308020310385,0.9624432067682187,long
EXAS,2026-02-10,2026-02-23,103.45170152664184,103.3383043899536,166,-19.653924690246996,max_hold,1.0,0.5556351379360189,0.977781756896801,long
MPC,2026-02-11,2026-02-23,206.57323622131346,191.85282503875735,72,-1060.2296051440405,stop,0.9629629629629629,0.5148104902493492,1.0,long
OXY,2026-02-19,2026-03-03,49.78487832069397,53.65316030502319,301,1162.8478772830958,max_hold,0.9604938271604938,0.41446311787577594,1.0,long
CFLT,2026-02-19,2026-03-03,30.675329847335817,30.734625,562,30.513875797271442,max_hold,0.9925925925925926,0.45431726890286384,0.9660491967784766,long
EXAS,2026-02-24,2026-03-09,103.65179847335816,103.65814408493041,166,0.22337152099471602,max_hold,0.9901234567901235,0.393319807580112,0.9607771014901167,long
HOLX,2026-02-25,2026-03-09,75.34765255737305,75.55220133972168,229,45.696671157834906,max_hold,0.9728395061728395,0.37403386772773095,0.9442572489419422,long
