Date,open,high,low,close,volume
2011-03-14 04:00:00,39.62401922571636,39.69797150689676,39.480472215982665,39.502220153808594,1643400
2011-03-15 04:00:00,39.10634396000456,39.36299133857053,38.93234399348571,39.2977409362793,1598300
2011-03-16 04:00:00,39.30647249222817,39.41957305383321,39.02807366272022,39.05417251586914,2882900
2011-03-17 04:00:00,39.24555990812253,39.48045946469565,39.24555990812253,39.47610855102539,1634200
2011-03-18 04:00:00,39.645746641593604,39.78929688378005,39.59354564840568,39.66314697265625,1300400
2011-03-21 04:00:00,39.79801915383116,39.92416914028073,39.76322178970173,39.906768798828125,943800
2011-03-22 04:00:00,39.85454077921363,39.94589001327622,39.81538921103065,39.928489685058594,2285400
2011-03-23 04:00:00,39.884992849257245,39.94154143018145,39.815391532328874,39.88064193725586,749400
2011-03-24 04:00:00,39.91542434692383,39.9545725807179,39.86757429310534,39.91542434692383,923100
2011-03-25 04:00:00,39.95023760625068,39.958939429746124,39.91544026858869,39.928489685058594,478500
2011-03-28 04:00:00,39.976336603396135,39.976336603396135,39.884987376541986,39.94153594970703,844000
2011-03-29 04:00:00,39.88934274970297,39.98069531314869,39.88064424397052,39.963294982910156,1010700
2011-03-30 04:00:00,39.99812115407842,40.04597126702993,39.91112275895351,40.02422332763672,1868800
2011-03-31 04:00:00,40.032906423484576,40.032906423484576,39.96330839794116,40.00245666503906,924100
2011-04-01 04:00:00,40.00243699469527,40.063716311919364,39.954288482666016,39.954288482666016,1322400
2011-04-04 04:00:00,40.024354199956896,40.20819229081842,39.98495841507237,40.19943618774414,3254100
2011-04-05 04:00:00,40.111884422034066,40.230068405475166,40.111884422034066,40.15565490722656,1338100
2011-04-06 04:00:00,40.23005995652818,40.260699623675514,40.199416949907594,40.24319076538086,835300
2011-04-07 04:00:00,40.238826097578645,40.30010545225209,40.23444804668072,40.282596588134766,1156700
2011-04-08 04:00:00,40.30885821457356,40.321992367267335,40.23007333525717,40.282596588134766,1168900
2011-04-11 04:00:00,40.30447009967552,40.34386252623355,40.238812715938884,40.24319076538086,1045900
2011-04-12 04:00:00,40.260706128227156,40.260706128227156,40.103129717590356,40.11626052856445,940100
2011-04-13 04:00:00,40.21253658457443,40.30883026123047,40.19502773259914,40.30883026123047,1128100
2011-04-14 04:00:00,40.26946269166233,40.27821545331365,40.111886266145724,40.14690399169922,1538700
2011-04-15 04:00:00,40.20381423928128,40.22570115749211,40.164421793871604,40.19943618774414,658300
2011-04-18 04:00:00,40.138160185133806,40.138160185133806,40.01560144763021,40.05937194824219,1736400
2011-04-19 04:00:00,40.111895193850515,40.20819229081842,40.09876437871396,40.19943618774414,1020800
2011-04-20 04:00:00,40.26946815532682,40.37014329508395,40.23007571334006,40.35263442993164,716400
2011-04-21 04:00:00,40.40951781023452,40.45766633317464,40.31759881356877,40.44891357421875,632000
2011-04-25 04:00:00,40.46643453638289,40.46643453638289,40.40078047047373,40.405155181884766,978700
2011-04-26 04:00:00,40.466415390958076,40.49705505371094,40.413892163080476,40.49705505371094,575400
2011-04-27 04:00:00,40.48393491771144,40.52333068847656,40.47956020721704,40.52333068847656,738800
2011-04-28 04:00:00,40.523316784515934,40.55833449329808,40.510185978590755,40.54520034790039,697600
2011-04-29 04:00:00,40.60210995774627,40.641502380371094,40.567092244653374,40.641502380371094,799000
2011-05-02 04:00:00,40.656020358177656,40.70446784135548,40.611978108072805,40.62078857421875,848700
2011-05-03 04:00:00,40.704468873302325,40.70887410648698,40.56353165326876,40.62959671020508,977700
2011-05-04 04:00:00,40.68688391755504,40.68688391755504,40.572374644624276,40.616416931152344,959400
2011-05-05 04:00:00,40.61640480235235,40.61640480235235,40.42702000264543,40.449039459228516,1300000
2011-05-06 04:00:00,40.56798609992926,40.71773060778049,40.56798609992926,40.656070709228516,968900
2011-05-09 04:00:00,40.69127905468214,40.7441318015244,40.647236779085375,40.70889663696289,620500
2011-05-10 04:00:00,40.66486258739993,40.79698944091797,40.66486258739993,40.79698944091797,723600
2011-05-11 04:00:00,40.8234395392793,40.84105713463516,40.682502136645155,40.7353515625,595200
2011-05-12 04:00:00,40.72651586572811,40.77496337890625,40.63402607517267,40.77496337890625,1129800
2011-05-13 04:00:00,40.783773649136194,40.783773649136194,40.607601165771484,40.607601165771484,1053400
2011-05-16 04:00:00,40.63400595356405,40.72649569831936,40.63400595356405,40.68685531616211,540400
2011-05-17 04:00:00,40.68246728158362,40.77935893270897,40.567954689986564,40.75733947753906,1674000
2011-05-18 04:00:00,40.7309101307195,40.81018755272953,40.708887317857474,40.805782318115234,813000
2011-05-19 04:00:00,40.81459455142433,40.81459455142433,40.74412758979574,40.788169860839844,715900
2011-05-20 04:00:00,40.788169402944824,40.788169402944824,40.70008486184546,40.75733947753906,538900
2011-05-23 04:00:00,40.634019362077716,40.67365639710579,40.55474193181175,40.56354904174805,1204800
2011-05-24 04:00:00,40.656040983482875,40.682469035119695,40.48867900409635,40.49748611450195,808100
2011-05-25 04:00:00,40.53272127654438,40.541531747159986,40.475466658382935,40.49748611450195,1407900
2011-05-26 04:00:00,40.50629966104638,40.5195120077631,40.462257385253906,40.462257385253906,787900
2011-05-27 04:00:00,40.497494809136136,40.6340302513116,40.47547534828964,40.5855827331543,1225700
2011-05-31 04:00:00,40.6956787109375,40.722103400630694,40.63401886151353,40.6956787109375,1848000
2011-06-01 04:00:00,40.66291039819907,40.720517923751416,40.39259218128417,40.45906448364258,2091600
2011-06-02 04:00:00,40.48561636792773,40.50334252499414,40.41471173966211,40.432437896728516,1177000
2011-06-03 04:00:00,40.30839011688198,40.36156863021765,40.24635020845109,40.2729377746582,1141100
2011-06-06 04:00:00,40.29950240428883,40.33052233824677,40.135537964271535,40.17542266845703,1660100
2011-06-07 04:00:00,40.28178993223765,40.29508371117687,40.12225782312618,40.144412994384766,995500
2011-06-08 04:00:00,40.13109695852968,40.139961726852974,39.944977394762645,39.95384216308594,1642600
2011-06-09 04:00:00,39.976032547235455,40.07795718725392,39.936151197394416,39.980464935302734,1480700
2011-06-10 04:00:00,40.00262907204007,40.038081422674566,39.63482192220447,39.719017028808594,3870000
2011-06-13 04:00:00,39.77219770137257,39.878551378094,39.56835174560547,39.56835174560547,2015400
2011-06-14 04:00:00,39.86966867374275,39.8918238465535,39.794335000529095,39.816490173339844,1253000
2011-06-15 04:00:00,39.696840287666,39.81648767992914,39.60378045347902,39.648094177246094,1319400
2011-06-16 04:00:00,39.62151380092057,39.750022608862324,38.83271449883999,38.94350051879883,7149900
2011-06-17 04:00:00,39.39107440382589,39.519586584264104,39.129621036704584,39.373348236083984,3486900
2011-06-20 04:00:00,39.41765740418466,39.69240790101317,39.41322839845223,39.648094177246094,1555600
2011-06-21 04:00:00,39.714557544586015,39.918403332924186,39.68796661155432,39.913970947265625,2212000
2011-06-22 04:00:00,39.83865287305227,39.9006927728518,39.62151322375391,39.62594223022461,1667400
2011-06-23 04:00:00,39.55057893864516,39.88293674485226,39.36445937858961,39.838623046875,2999800
2011-06-24 04:00:00,39.905118508383694,39.905118508383694,39.58605428778811,39.648094177246094,1416400
2011-06-27 04:00:00,39.66581975940616,39.70570109593371,39.59934748427324,39.63922882080078,1137600
2011-06-28 04:00:00,39.75003240266967,39.79877853393555,39.714583437048724,39.79877853393555,1477500
2011-06-29 04:00:00,39.92727906604827,40.21532338077241,39.86080678097026,40.19316482543945,1752700
2011-06-30 04:00:00,40.19315239593675,40.591982602147986,40.19315239593675,40.463470458984375,2514300
2011-07-01 04:00:00,40.75871017900808,40.7854682829418,40.51341621759127,40.67843246459961,1749800
2011-07-05 04:00:00,40.611530589149666,40.736406267770484,40.54463533460783,40.73194885253906,2253200
2011-07-06 04:00:00,40.580339725568194,40.75427431284441,40.54912078432912,40.74981689453125,1969400
2011-07-07 04:00:00,40.84341785538385,40.910316467285156,40.72299967344053,40.910316467285156,2662100
2011-07-08 04:00:00,40.65613165220726,40.816683664490064,40.64721001659837,40.79884719848633,1771000
2011-07-11 04:00:00,40.589231449806285,40.642747650993485,40.384078072505936,40.397457122802734,1967100
2011-07-12 04:00:00,40.37073067639543,40.43317196968089,40.28153466189023,40.28599548339844,1407200
2011-07-13 04:00:00,40.406374025257065,40.615988213291324,40.379615925544364,40.598148345947266,1056800
2011-07-14 04:00:00,40.52681170585502,40.807782095342944,40.500050190707306,40.575870513916016,823300
2011-07-15 04:00:00,40.6605985253923,40.6605985253923,40.53572281867689,40.56248092651367,688800
2011-07-18 04:00:00,40.47329476647406,40.58479144627151,40.36625890659893,40.49113464355469,2103500
2011-07-19 04:00:00,40.486655746997634,40.687351722590726,40.45543682669743,40.67396926879883,894100
2011-07-20 04:00:00,40.76761709596435,40.76761709596435,40.67395696079833,40.70963668823242,878500
2011-07-21 04:00:00,40.785488345096624,40.928203973956336,40.74089034906714,40.905906677246094,936300
2011-07-22 04:00:00,40.85238719379123,40.968344705990326,40.8256290765949,40.95942306518555,670000
2011-07-25 04:00:00,40.83008225183593,40.91481740796121,40.73642205396803,40.740882873535156,1050600
2011-07-26 04:00:00,40.78102075898706,40.87021672880591,40.731961954804255,40.825618743896484,570200
2011-07-27 04:00:00,40.81669827811202,40.843459791913105,40.50450897216797,40.50450897216797,1158100
2011-07-28 04:00:00,40.54913475266629,40.66509231833188,40.508997558365074,40.56697463989258,689700
2011-07-29 04:00:00,40.352904251657506,40.620495764467655,40.32168529853983,40.60711669921875,1199100
2011-08-01 04:00:00,40.73766203620499,40.836377041009264,40.49536250350136,40.6972770690918,907000
2011-08-02 04:00:00,40.603015092751434,40.60750306819527,40.1902103582964,40.194698333740234,1286700
2011-08-03 04:00:00,40.20819923907029,40.36524430418555,39.84923615595625,40.17230224609375,2361600
2011-08-04 04:00:00,39.934477450071114,40.091522463243564,38.99669192618095,39.0146369934082,3396500
2011-08-05 04:00:00,39.2345102608385,39.54411236257609,37.96468257581401,38.97426223754883,4671900
2011-08-08 04:00:00,37.63263437523375,38.52555031135236,36.941632950485044,37.314056396484375,6491600
2011-08-09 04:00:00,37.80313423906802,38.45375061035156,37.264693340303964,38.45375061035156,5124100
2011-08-10 04:00:00,38.20699044388964,38.26980847379681,37.64162475139923,37.803157806396484,3395000
2011-08-11 04:00:00,37.53841971427745,38.54799944963405,37.53841971427745,38.48966598510742,2916900
2011-08-12 04:00:00,38.57939311430362,38.68259264025042,38.153124230492516,38.3101692199707,2273600
2011-08-15 04:00:00,38.574931563565436,38.98773679680678,38.44480750504507,38.93389129638672,3280700
2011-08-16 04:00:00,38.826176884091176,38.93835236494124,38.64221087562556,38.68708038330078,2712000
2011-08-17 04:00:00,38.87106181308009,39.11784933818782,38.85760129776973,39.11336135864258,1668900
2011-08-18 04:00:00,38.66914246576336,38.69157893739597,38.189031413419855,38.637733459472656,2342700
2011-08-19 04:00:00,38.260827340838425,38.84862943168438,38.18006082425866,38.301212310791016,1879400
2011-08-22 04:00:00,38.58837264548678,38.74990564205479,38.296715655943174,38.346073150634766,1681100
2011-08-23 04:00:00,38.26532693007761,38.696080674750974,38.00507880621461,38.633262634277344,2588800
2011-08-24 04:00:00,38.3640135182084,38.615285493741204,38.22491702079902,38.4582405090332,2550900
2011-08-25 04:00:00,38.687107303892475,38.79479488191268,38.13969002868965,38.14866256713867,1678800
2011-08-26 04:00:00,38.16210676380411,38.61080876726648,37.825580261207335,38.53452682495117,1629000
2011-08-29 04:00:00,38.79926784002954,38.969773391153666,38.669143831280195,38.924903869628906,2082100
2011-08-30 04:00:00,38.86208448899964,39.0191295204794,38.80823901106732,38.99669647216797,1774500
2011-08-31 04:00:00,39.39155714617735,39.656289737790104,39.29284213800808,39.499244689941406,3213700
2011-09-01 04:00:00,39.509593348525385,39.56378536857258,39.39218247312528,39.47346878051758,1624000
2011-09-02 04:00:00,39.09416521913954,39.54123857237089,39.09416521913954,39.28834915161133,1814600
2011-09-06 04:00:00,38.72838194277558,38.97224109838486,38.619997798931266,38.82321548461914,3004100
2011-09-07 04:00:00,39.103202729927446,39.17997570000363,38.88644131362922,39.01288604736328,916900
2011-09-08 04:00:00,39.089626759828825,39.22058826476994,39.0128572916986,39.134788513183594,1533100
2011-09-09 04:00:00,39.085122596949134,39.19802011635643,38.66965710705755,38.782554626464844,1978400
2011-09-12 04:00:00,38.52517958258849,38.59291883809812,38.29938436113084,38.44841003417969,2110000
2011-09-13 04:00:00,38.53870283076219,38.83675399191457,38.44838617636666,38.741920471191406,2331900
2011-09-14 04:00:00,38.86837465009354,39.08965291911025,38.68322442979476,38.99933624267578,1648300
2011-09-15 04:00:00,39.089627884620555,39.27026456716323,39.003828130565346,39.261234283447266,1534000
2011-09-16 04:00:00,39.35610006472448,39.35610006472448,39.10772399172514,39.238685607910156,1217200
2011-09-19 04:00:00,39.17093986730582,39.256743122900254,39.00836709110606,39.17997360229492,1251000
2011-09-20 04:00:00,39.25223631611316,39.324492433104254,39.094180366896765,39.24320602416992,1509100
2011-09-21 04:00:00,39.24320327061485,39.324489673845605,38.89999362971154,38.904510498046875,2524900
2011-09-22 04:00:00,38.46194804477016,38.62000397311117,38.28582808956721,38.37614822387695,2295700
2011-09-23 04:00:00,38.263253354028755,38.665168505472714,38.24970274890052,38.48001480102539,2251300
2011-09-26 04:00:00,38.56128936234559,39.00836272416539,38.38968631572789,38.62451171875,2451400
2011-09-27 04:00:00,38.85480842096641,38.85480842096641,38.61094937986109,38.669654846191406,3481300
2011-09-28 04:00:00,38.64709379412896,38.6561240830238,38.16389237229217,38.23614501953125,2696800
2011-09-29 04:00:00,38.385172920750804,38.511617644996804,38.096155423799864,38.16389465332031,1643100
2011-09-30 04:00:00,37.9245417562928,37.9245417562928,37.36005407707848,37.40521240234375,2510700
2011-10-03 04:00:00,37.23612553750305,37.48157893509072,36.95431137084961,36.95431137084961,2560600
2011-10-04 04:00:00,36.64066793273382,36.89975699589817,35.408858283802694,36.840667724609375,4870500
2011-10-05 04:00:00,37.01340484758806,37.32249396090783,36.695226407943416,37.29067611694336,2563800
2011-10-06 04:00:00,37.40429581301374,37.87247394643497,37.22702454827916,37.86792755126953,2317200
2011-10-07 04:00:00,38.081590434729684,38.090683231601275,37.57704771281986,37.89977264404297,2686900
2011-10-10 04:00:00,38.35429374066993,38.717929116817196,38.12247956956291,38.713382720947266,2014300
2011-10-11 04:00:00,38.649772590449494,38.649772590449494,38.26341191540961,38.28614044189453,2278800
2011-10-12 04:00:00,38.53156050697579,39.21792055158935,38.37247134905437,39.1770133972168,4223000
2011-10-13 04:00:00,39.017932516222174,39.09975031747886,38.68611838237561,39.013389587402344,3361300
2011-10-14 04:00:00,39.23157119258235,39.299753277021864,39.09066409452293,39.28611755371094,2760400
2011-10-17 04:00:00,39.09976414526436,39.12249266893993,38.967949805180716,39.05885696411133,1904100
2011-10-18 04:00:00,39.05430491399549,39.35430473724607,38.83157997932739,39.267940521240234,2890000
2011-10-19 04:00:00,39.340662998567794,39.64520570503509,39.11793463006055,39.140663146972656,3574500
2011-10-20 04:00:00,39.272471350005944,39.49064980052665,39.181560772385694,39.486106872558594,1759800
2011-10-21 04:00:00,39.74975474252475,39.972483145674836,39.65884759650638,39.9633903503418,2405600
2011-10-24 04:00:00,39.99971746739258,41.12698375825086,39.93153543722401,41.045166015625,5630300
2011-10-25 04:00:00,40.640664311068164,40.83157141202161,40.299757287414636,40.317935943603516,4506500
2011-10-26 04:00:00,40.68155721095104,40.68155721095104,40.204286158193966,40.49065017700195,2839500
2011-10-27 04:00:00,41.24518690420561,41.55427595360144,40.90882641359033,41.086097717285156,5132100
2011-10-28 04:00:00,40.98156102575072,40.99973967736673,40.83610406974497,40.96337890625,2820700
2011-10-31 04:00:00,40.75427895377006,40.75882188153005,40.54518636876191,40.58155059814453,2972600
2011-11-01 04:00:00,40.02191286375555,40.291684230113,39.66526892894221,39.85730743408203,3132800
2011-11-02 04:00:00,40.06761103627948,40.319092367299824,39.98988171157709,40.23678970336914,1812500
2011-11-03 04:00:00,40.55228367062098,40.689452451009736,40.29165915060307,40.634586334228516,1409900
2011-11-04 04:00:00,40.410557171506966,40.63003220772202,40.26881498488231,40.59345245361328,3759500
2011-11-07 05:00:00,40.57059650996313,40.59802958388626,40.24595552249697,40.4562873840332,1756000
2011-11-08 05:00:00,40.579716816371025,40.61172321404087,40.387678430351926,40.54771041870117,1823800
2011-11-09 05:00:00,40.10422438834523,40.223106888877396,39.688140869140625,39.688140869140625,2151500
2011-11-10 05:00:00,40.04019182986838,40.104204647467135,39.7201277418746,39.729270935058594,2487700
2011-11-11 05:00:00,39.962480542056376,40.287118117602816,39.9304741187895,40.25511169433594,1270200
2011-11-14 05:00:00,40.18192133245862,40.18192133245862,39.77955467889976,39.98530960083008,1603100
2011-11-15 05:00:00,39.92130325166424,39.96245633575902,39.733838168493165,39.88015365600586,1450000
2011-11-16 05:00:00,39.76585346295106,39.83443962615212,39.48236561632402,39.491512298583984,1788500
2011-11-17 05:00:00,39.555523762067565,39.6744027198667,39.10743053452321,39.299468994140625,2131700
2011-11-18 05:00:00,39.450363270436355,39.46407980680255,39.22631837010096,39.27204132080078,2226100
2011-11-21 05:00:00,39.22631872896213,39.28575821657192,38.78279877739751,38.828521728515625,3219000
2011-11-22 05:00:00,38.819349148997695,38.929084846303226,38.494711906827426,38.531288146972656,4123400
2011-11-23 05:00:00,38.41243016952719,38.4993027116459,37.78144171759641,37.83631134033203,4483000
2011-11-25 05:00:00,37.94604709736646,38.26611466400235,37.7357187762018,37.83631134033203,1476200
2011-11-28 05:00:00,38.650187351766675,38.828509245705696,38.41699584106318,38.682193756103516,2455000
2011-11-29 05:00:00,38.8285155775314,38.93368148803711,38.69134674590652,38.93368148803711,2010300
2011-11-30 05:00:00,39.45949942789824,39.6332479895855,39.354333529747656,39.5966682434082,2944100
2011-12-01 05:00:00,39.573202420468,39.812480704352076,39.49957617269276,39.77106857299805,2442000
2011-12-02 05:00:00,39.890699124821914,40.03334555452586,39.77105825856181,39.99653244018555,2664700
2011-12-05 05:00:00,40.235804158839436,40.32783341109421,40.08855524881724,40.22200012207031,2719200
2011-12-06 05:00:00,40.20359269258052,40.42906681317045,40.09315337945452,40.401458740234375,2355600
2011-12-07 05:00:00,40.30024801333965,40.34626266535815,40.120788412982456,40.27263641357422,1740600
2011-12-08 05:00:00,40.21281028859843,40.27262897410303,40.005742637419864,40.01034164428711,1994200
2011-12-09 05:00:00,40.079381084608116,40.37848165082705,40.033366423042196,40.355472564697266,1355900
2011-12-12 05:00:00,40.20821088911186,40.20821088911186,40.0563629047951,40.139190673828125,1772000
2011-12-13 05:00:00,40.268044454212365,40.3600737743578,39.97354641691472,39.98735046386719,1742400
2011-12-14 05:00:00,40.00114365738598,40.02415273652609,39.78947346992871,39.91831588745117,1317700
2011-12-15 05:00:00,40.18978596075227,40.194388476565265,40.001124940710305,40.060943603515625,1562200
2011-12-16 05:00:00,40.14841466120674,40.26805561912285,40.03337622378208,40.24964904785156,1383900
2011-12-19 05:00:00,40.28182141958432,40.47048245225319,40.19439116674028,40.19899368286133,2268000
2011-12-20 05:00:00,40.46591239662263,40.73279884082721,40.429099262700035,40.70058822631836,1957100
2011-12-21 05:00:00,40.590127187010985,40.81560134887695,40.539510036901476,40.81560134887695,1792300
2011-12-22 05:00:00,40.783404163148674,41.027288471447996,40.70517890933006,40.972068786621094,1885800
2011-12-23 05:00:00,40.949043089235374,41.18832478235539,40.89382693750863,41.16071319580078,1255200
2011-12-27 05:00:00,41.213946245114116,41.338937166418546,41.1074761599589,41.32504653930664,2282000
2011-12-28 05:00:00,41.38986160979617,41.426892689101486,41.08896157512046,41.13062286376953,1899200
2011-12-29 05:00:00,41.24635893791148,41.40375429049424,41.135258621380665,41.3759765625,1558600
2011-12-30 05:00:00,41.3713423250093,41.500959925914195,41.32042062010885,41.39911651611328,1553400
2012-01-03 05:00:00,41.579666293813744,41.65836220963786,41.40838383130042,41.53337478637695,3118800
2012-01-04 05:00:00,41.5241068182042,41.52873702765097,41.250984501700046,41.46392822265625,3010000
2012-01-05 05:00:00,41.45005376199456,41.46857107361154,41.19544514203118,41.28340148925781,2579700
2012-01-06 05:00:00,41.380628109649436,41.380628109649436,41.084358091590666,41.1537971496582,1916400
2012-01-09 05:00:00,41.15842094114463,41.306555927064394,41.15842094114463,41.2093391418457,2157800
2012-01-10 05:00:00,41.38526010662628,41.422294743434946,41.29267351460463,41.35285568237305,2318000
2012-01-11 05:00:00,41.32507866493079,41.35285640893402,41.21860849700693,41.31119155883789,1191100
2012-01-12 05:00:00,41.311175080681316,41.40376163739887,41.21859205577977,41.2556266784668,1558100
2012-01-13 05:00:00,41.23248666819618,41.26026087436343,40.99176864050781,41.2093391418457,1929400
2012-01-17 05:00:00,41.37599736586065,41.37599736586065,41.22786235873391,41.29267120361328,4144200
2012-01-18 05:00:00,41.29727448643341,41.413004995653935,41.17691376793591,41.40837478637695,2725800
2012-01-19 05:00:00,41.533394816046574,41.59357345155426,41.41303401321387,41.46858596801758,2953000
2012-01-20 05:00:00,41.482473073764176,41.542651709271865,41.450068649749674,41.46858596801758,2037500
2012-01-23 05:00:00,41.55653149004676,41.67226205995888,41.505613288556795,41.612083435058594,1680100
2012-01-24 05:00:00,41.61208177636508,41.74169944440931,41.533385839597734,41.71855545043945,2863800
2012-01-25 05:00:00,41.80184589493872,42.12588978827697,41.625933325572056,42.084228515625,3882800
2012-01-26 05:00:00,42.264807110134036,42.34813326482986,42.08889437698906,42.18610763549805,6487500
2012-01-27 05:00:00,42.13055369987268,42.20924963238029,42.03334045410156,42.03334045410156,2431100
2012-01-30 05:00:00,41.87596516576728,42.000956207361526,41.82504341279453,41.899112701416016,2553000
2012-01-31 05:00:00,42.010222560727215,42.06577453970032,41.90837903185261,42.005592346191406,2864400
2012-02-01 05:00:00,42.027429857607395,42.23226118230185,42.027429857607395,42.08329391479492,4284200
2012-02-02 05:00:00,42.17176096199217,42.185729646679405,42.08797016383777,42.111244201660156,2079600
2012-02-03 05:00:00,42.46505775928986,42.474366667330244,42.167122978719355,42.232295989990234,2312900
2012-02-06 05:00:00,42.195052208944496,42.25091631079072,42.12987919928855,42.24160385131836,2270500
2012-02-07 05:00:00,42.26486928485974,42.35797254281313,42.209005199090726,42.32538604736328,2467000
2012-02-08 05:00:00,42.381246482389265,42.40452051904196,42.27417454847063,42.36262512207031,3336000
2012-02-09 05:00:00,42.390568825492835,42.40453396224399,42.209014944403016,42.38125991821289,3258700
2012-02-10 05:00:00,42.16710469365724,42.185726053325894,42.01348114013672,42.01348114013672,2909600
2012-02-13 05:00:00,42.129857627628404,42.23227331940881,42.05071952094748,42.13451385498047,2193100
2012-02-14 05:00:00,42.11123626988098,42.199686831266035,42.0786497817382,42.13451385498047,3000100
2012-02-15 05:00:00,42.143826629671246,42.25555123475881,41.99020307788762,41.999515533447266,1986600
2012-02-16 05:00:00,41.999516896644046,42.18572694560799,41.89244496419986,42.176414489746094,2514100
2012-02-17 05:00:00,42.2881233182106,42.29743577059747,42.10656956492626,42.16243362426758,2402700
2012-02-21 05:00:00,42.21361832122339,42.40448087062782,42.19965320195698,42.3206901550293,2265100
2012-02-22 05:00:00,42.37658470159817,42.47900039410174,42.34865444061023,42.45572280883789,3570600
2012-02-23 05:00:00,42.483658565261834,42.70710776671061,42.45572475133497,42.60934829711914,3212300
2012-02-24 05:00:00,42.61866299206552,42.75831786239506,42.58607650048916,42.73969650268555,1795500
2012-02-27 05:00:00,42.6372609988554,42.804849606749656,42.6372609988554,42.74898910522461,1608100
2012-02-28 05:00:00,42.781597779470715,42.884013487619136,42.75832019065102,42.83280563354492,2813200
2012-02-29 05:00:00,42.874695300147735,42.949180733084795,42.721071758460745,42.8886604309082,3085800
2012-03-01 05:00:00,42.91532605599386,43.004291567948904,42.84508749314809,42.96215057373047,3802800
2012-03-02 05:00:00,42.95281194199071,42.95281194199071,42.770190143975235,42.78424072265625,1709000
2012-03-05 05:00:00,42.82169653406066,42.83574711219013,42.540745703693176,42.54542922973633,2333700
2012-03-06 05:00:00,42.395592043768104,42.489241137449746,41.97884750366211,41.97884750366211,5792700
2012-03-07 05:00:00,42.10995994091306,42.147421009405,41.97416624699286,42.09591293334961,5840700
2012-03-08 05:00:00,42.25980687736877,42.433061665342755,42.1614742374326,42.4236946105957,2249700
2012-03-09 05:00:00,42.46582480744077,42.582887944678184,42.43772722521505,42.47050476074219,2531300
2012-03-12 04:00:00,42.43304727191362,42.479871812311906,42.37685567994563,42.47050476074219,2153000
2012-03-13 04:00:00,42.60162537777498,42.77956008911133,42.498609228717726,42.77956008911133,2890700
2012-03-14 04:00:00,42.75614153301742,42.77487206473866,42.4564601704449,42.67185592651367,2928800
2012-03-15 04:00:00,42.70461460673109,42.70461460673109,42.489218945775065,42.52667999267578,1726800
2012-03-16 04:00:00,42.56884593273713,42.61098695229331,42.2832115585769,42.37217712402344,3570300
2012-03-19 04:00:00,42.372160574788886,42.545415256647644,42.2972420451219,42.531368255615234,2283900
2012-03-20 04:00:00,42.49860382080078,42.57352237354654,42.428365221519186,42.49860382080078,2756600
2012-03-21 04:00:00,42.57819630089583,42.57819630089583,42.35343354836075,42.36280059814453,3280100
2012-03-22 04:00:00,42.35347899108054,42.5080033259635,42.34411550373305,42.46586227416992,3500900
2012-03-23 04:00:00,42.45177988386559,42.49392090054507,42.3300332148744,42.37685775756836,3465200
2012-03-26 04:00:00,42.43305825240588,42.63908699796949,42.40964418990611,42.63440704345703,2081200
2012-03-27 04:00:00,42.6156557501558,42.75612933927757,42.582878222112456,42.70930480957031,4196700
2012-03-28 04:00:00,42.72802120150832,42.72802120150832,42.50325853178938,42.568817138671875,2803700
2012-03-29 04:00:00,42.52670214159648,42.58757369515195,42.42368599520728,42.56416320800781,2158600
2012-03-30 04:00:00,42.596963576014915,42.64378814788074,42.41902520144459,42.47990036010742,4020300
2012-04-02 04:00:00,42.56704939183882,42.61886879624718,42.49167440576224,42.55291748046875,5883800
2012-04-03 04:00:00,42.54349591031701,42.64242288886816,42.51052025079997,42.51523208618164,4099700
2012-04-04 04:00:00,42.383296775609985,42.444536212054054,42.29850177449343,42.3597412109375,2297600
2012-04-05 04:00:00,42.33618645910822,42.3503183593535,42.20428033731214,42.256099700927734,3658900
2012-04-09 04:00:00,42.17604315632364,42.19488689990206,41.99232114902974,42.0394287109375,2692500
2012-04-10 04:00:00,42.05356304816733,42.128938026832984,41.79446964567694,41.832157135009766,4471100
2012-04-11 04:00:00,42.039421224557316,42.110084351873574,41.95933802416768,42.08652877807617,2003700
2012-04-12 04:00:00,42.12422161544293,42.496377445497885,42.08653413020476,42.463401794433594,2753500
2012-04-13 04:00:00,42.449253264497116,42.491648973232216,42.2985069766473,42.3267707824707,2767400
2012-04-16 04:00:00,42.41626720118426,42.477506630108415,42.260809119214365,42.3927116394043,3804300
2012-04-17 04:00:00,42.51991891817284,42.628265909697696,42.46809954167828,42.576446533203125,2787400
2012-04-18 04:00:00,42.51049751527895,42.614136273783544,42.48694553912134,42.56231689453125,3322600
2012-04-19 04:00:00,42.54819006115364,42.62827325896999,42.43513121752609,42.48223876953125,2597800
2012-04-20 04:00:00,42.61414618435383,42.61414618435383,42.449267936604016,42.548194885253906,2241500
2012-04-23 04:00:00,42.40686362871042,42.47281851412503,42.32678043123843,42.458683013916016,2850700
2012-04-24 04:00:00,42.50580138755937,42.5576171875,42.44455832513388,42.5576171875,2049300
2012-04-25 04:00:00,42.66599112376603,42.86855697631836,42.61417170143322,42.86855697631836,3351000
2012-04-26 04:00:00,42.86854479977908,42.93449611963717,42.84970105209429,42.89680862426758,2641100
2012-04-27 04:00:00,42.93447234334026,42.93918417617148,42.82141351391872,42.8779411315918,2413000
2012-04-30 04:00:00,42.8826700761885,42.97217696532127,42.77432303636371,42.96275329589844,3989000
2012-05-01 04:00:00,43.038063654578586,43.18965603175637,42.981218772041515,42.99542999267578,3624600
2012-05-02 04:00:00,42.94805266864592,43.19438889533713,42.91962661669342,43.16122817993164,2040700
2012-05-03 04:00:00,43.2038724263781,43.22756020643691,43.08544075457964,43.132816314697266,1871900
2012-05-04 04:00:00,43.08071856394586,43.14704003021649,43.014397097675236,43.04755783081055,2381400
2012-05-07 04:00:00,43.033327994746806,43.22281938131093,42.92437288708956,43.11859893798828,1906100
2012-05-08 04:00:00,43.05702825200586,43.14229921996018,42.976495564006946,43.10913848876953,1688900
2012-05-09 04:00:00,43.00016845570847,43.042805735625564,42.84384140067296,42.95753479003906,3146800
2012-05-10 04:00:00,43.09964761264886,43.12333177407551,42.88173019634204,42.91015625,3354000
2012-05-11 04:00:00,42.89121464755526,43.18018821558227,42.86279220291254,43.01911926269531,2765200
2012-05-14 04:00:00,42.872251589739335,42.905412302752694,42.63538832128774,42.70170974731445,4544000
2012-05-15 04:00:00,42.68276988378861,42.72066888271223,42.49327850341797,42.49327850341797,5242100
2012-05-16 04:00:00,42.54538912665695,42.65908612450553,42.06218953566674,42.07640075683594,6224400
2012-05-17 04:00:00,42.07640258661234,42.08114086529063,41.38950036241482,41.493717193603516,8867800
2012-05-18 04:00:00,41.69268514136729,41.825328030378046,41.441610585133,41.493717193603516,6525600
2012-05-21 04:00:00,41.5410759533324,41.95321567548902,41.5363376765702,41.9247932434082,4276900
2012-05-22 04:00:00,42.04799034790807,42.21379399941136,41.86797185692005,41.920082092285156,3675300
2012-05-23 04:00:00,41.82532355970731,42.01007665168814,41.66425463009101,41.87743377685547,4320900
2012-05-24 04:00:00,41.80638443658706,41.99587585376683,41.80638443658706,41.88691711425781,2183000
2012-05-25 04:00:00,41.95797892670406,41.99113965528518,41.73058849197039,41.754276275634766,1651500
2012-05-29 04:00:00,41.93903230157648,42.28011616996692,41.90113329081119,42.21379470825195,4380300
2012-05-30 04:00:00,42.03376091834527,42.071656297813604,41.93901343405704,42.02428436279297,2543300
2012-05-31 04:00:00,42.06692089564869,42.06692089564869,41.56950655104849,41.5789794921875,10706100
2012-06-01 04:00:00,41.270096811539496,41.5465663335107,41.1652288110191,41.2176628112793,5945600
2012-06-04 04:00:00,41.251014709472656,41.39878121876509,41.19858072810383,41.251014709472656,3125700
2012-06-05 04:00:00,41.25103626013217,41.65143745063513,41.20813405446129,41.51320266723633,2970100
2012-06-06 04:00:00,41.70388160042336,41.96605170798348,41.61808080492237,41.95651626586914,2334800
2012-06-07 04:00:00,42.18532039269405,42.29972024327801,41.96605249711411,42.11381912231445,5454300
2012-06-08 04:00:00,42.10426215577894,42.37596391149152,42.03752864642522,42.27586364746094,3738100
2012-06-11 04:00:00,42.37596704370701,42.4188656014466,41.99462955918193,41.99939727783203,5266700
2012-06-12 04:00:00,42.14242946263309,42.33786242466168,42.070928179273814,42.29496383666992,3648400
2012-06-13 04:00:00,42.232974874464524,42.3855091781225,42.070908767886216,42.1710090637207,3527200
2012-06-14 04:00:00,42.18052719469073,42.53802969395309,42.15192815849486,42.485595703125,3874100
2012-06-15 04:00:00,42.42365863343011,42.60479204647106,42.42365863343011,42.561893463134766,2683200
2012-06-18 04:00:00,42.46653235035315,42.58569986100522,42.423633792136236,42.576168060302734,3628200
2012-06-19 04:00:00,42.75256369212822,42.95276436087212,42.58572616480224,42.876495361328125,2809100
2012-06-20 04:00:00,42.986110350758864,43.062375676714616,42.81450882147805,43.043312072753906,3719000
2012-06-21 04:00:00,43.09096018421216,43.23395897383941,42.6238220766765,42.690555572509766,4843700
2012-06-22 04:00:00,42.838358674816256,43.033791595344994,42.828823232816475,42.98135757446289,3211700
2012-06-25 04:00:00,42.809747609856586,42.9241510712377,42.7430140757367,42.914615631103516,3385600
2012-06-26 04:00:00,42.95274616599268,42.95751388562108,42.73824605987352,42.85264587402344,2357900
2012-06-27 04:00:00,42.92892081144071,43.119589635495906,42.92892081144071,43.11005783081055,1918000
2012-06-28 04:00:00,42.99087820748536,43.13387705787348,42.93844420466508,43.10527801513672,3068700
2012-06-29 04:00:00,43.36746545705389,43.51523208618164,43.272129215111974,43.51523208618164,3394900
2012-07-02 04:00:00,43.52863765186923,43.56219482421875,43.336880813818766,43.56219482421875,3810700
2012-07-03 04:00:00,43.60053134190919,43.7491447709204,43.543006866446184,43.72037887573242,1987500
2012-07-05 04:00:00,43.62452529582202,43.82107711042718,43.49029657241283,43.725196838378906,2221300
2012-07-06 04:00:00,43.499858689357204,43.68682054452621,43.48068264556341,43.66764450073242,2612400
2012-07-09 04:00:00,43.61969904827943,43.73954655919373,43.57176077540487,43.68202209472656,1916600
2012-07-10 04:00:00,43.72040074200586,43.78751510191685,43.4327672484647,43.49029541015625,1832600
2012-07-11 04:00:00,43.5573861004476,43.66285251084122,43.45191969005398,43.629295349121094,3188700
2012-07-12 04:00:00,43.59098689773388,43.60536803037315,43.36567273315862,43.5334587097168,1989100
2012-07-13 04:00:00,43.58135778984492,43.68682054452621,43.50944853998229,43.66764450073242,2316400
2012-07-16 04:00:00,43.47589535705475,43.63888625803598,43.4615142372572,43.49986267089844,2178900
2012-07-17 04:00:00,43.62451344512401,43.71559876446173,43.475903635642375,43.70600891113281,4036500
2012-07-18 04:00:00,43.68684068451813,43.888187408447266,43.66766463188402,43.888187408447266,3958600
2012-07-19 04:00:00,43.869025038476856,44.05119210913137,43.85464390888035,43.99845886230469,4718200
2012-07-20 04:00:00,43.869028306336254,43.916966627715354,43.73479954349098,43.79232406616211,2733500
2012-07-23 04:00:00,43.54779813443045,43.76352588978615,43.42315933262295,43.72037887573242,4561700
2012-07-24 04:00:00,43.68205526350793,43.70123131870972,43.41838907630642,43.45194625854492,3447700
2012-07-25 04:00:00,43.5717573580122,43.59093339714918,43.35603331826831,43.36082458496094,2891000
2012-07-26 04:00:00,43.5717937556572,43.825870085917394,43.54303150165296,43.80669403076172,4330900
2012-07-27 04:00:00,43.801885517795135,44.07513779564737,43.801885517795135,44.065547943115234,5556800
2012-07-30 04:00:00,44.055961748040204,44.07992906445634,43.936114193588224,44.065547943115234,3889700
2012-07-31 04:00:00,44.07992291615352,44.099098961086,43.88337485614464,43.96007537841797,3530800
2012-08-01 04:00:00,44.06373937096825,44.19871139526367,43.938406629388865,44.19871139526367,3598100
2012-08-02 04:00:00,44.08784123954748,44.1505057740723,43.938408446143384,44.020355224609375,4516600
2012-08-03 04:00:00,44.15531034658229,44.29992528190928,44.140849588591706,44.203514099121094,4602000
2012-08-06 04:00:00,44.17942398819529,44.343317519193896,44.17460250854492,44.17460250854492,2864400
2012-08-07 04:00:00,44.26135074289728,44.29991520724224,44.03961058947836,44.08781433105469,3680600
2012-08-08 04:00:00,44.14567018823304,44.2083346975148,44.09746643665396,44.11674499511719,3162100
2012-08-09 04:00:00,44.16495654202172,44.18423877999319,44.049263114192904,44.1215705871582,2975600
2012-08-10 04:00:00,44.06853179910738,44.14566072727264,44.015506580421196,44.08299255371094,1533600
2012-08-13 04:00:00,44.063730604362625,44.107112884521484,43.98660164713208,44.107112884521484,2007800
2012-08-14 04:00:00,44.10711650428533,44.24690999245488,44.09265574304562,44.17460250854492,2381000
2012-08-15 04:00:00,44.21795392753092,44.21795392753092,43.962467193603516,43.962467193603516,2580400
2012-08-16 04:00:00,44.02996594854226,44.145659337147016,43.90463696078484,44.12637710571289,2914300
2012-08-17 04:00:00,44.102273396992835,44.17940232272934,44.05406965726232,44.12637710571289,2222000
2012-08-20 04:00:00,44.13602308036147,44.20350906176733,44.06371929864815,44.17940902709961,2333200
2012-08-21 04:00:00,44.21799389252781,44.280658424821716,44.203529451802886,44.27583694458008,2531200
2012-08-22 04:00:00,44.232460021972656,44.285485277928345,44.19389553078446,44.232460021972656,1889100
2012-08-23 04:00:00,44.23726196808008,44.27582644544469,44.16013669106184,44.222801208496094,1141700
2012-08-24 04:00:00,44.23725365024997,44.425254522625345,44.19869285784684,44.420433044433594,2082100
2012-08-27 04:00:00,44.4059971811689,44.45420095697814,44.30958595183807,44.386714935302734,1883600
2012-08-28 04:00:00,44.381898990388436,44.42046348693111,44.32405224557442,44.3481559753418,1795700
2012-08-29 04:00:00,44.410789489746094,44.43007172454303,44.348124984938714,44.410789489746094,1617600
2012-08-30 04:00:00,44.38673798044918,44.434941781285346,44.34817346869455,44.39155578613281,2022400
2012-08-31 04:00:00,44.46864530034099,44.54095277620894,44.3915163453589,44.50720977783203,1801800
2012-09-04 04:00:00,44.530489366188654,44.530489366188654,44.38022614299866,44.50625228881836,3921500
2012-09-05 04:00:00,44.54987479587457,44.5547192525218,44.47716726752257,44.5110969543457,1541000
2012-09-06 04:00:00,44.525638286907956,44.77768686393542,44.525638286907956,44.77284240722656,3306000
2012-09-07 04:00:00,44.83584299574905,44.884313437754535,44.77283179094768,44.85038375854492,3403300
2012-09-10 04:00:00,44.826176499844536,44.937658211594524,44.7486207890099,44.77770233154297,2138600
2012-09-11 04:00:00,44.80192738904361,45.08306121826172,44.80192738904361,45.08306121826172,4400300
2012-09-12 04:00:00,45.14122101848207,45.228469314401416,45.11698764065138,45.21877670288086,1957400
2012-09-13 04:00:00,45.2381527270313,45.5192864557406,45.20422304929449,45.50959014892578,5946800
2012-09-14 04:00:00,45.51444179095646,45.58230115163141,45.42234535944425,45.50474548339844,3467200
2012-09-17 04:00:00,45.4562613369665,45.55320589303373,45.417483514539605,45.46595764160156,3075500
2012-09-18 04:00:00,45.48051092160271,45.52413321029997,45.378721883251394,45.485355377197266,4099400
2012-09-19 04:00:00,45.53381840988653,45.53381840988653,45.427181243896484,45.427181243896484,3306500
2012-09-20 04:00:00,45.38359197452629,45.38844013091712,45.209095325054484,45.21394348144531,2122200
2012-09-21 04:00:00,45.30601323961162,45.30601323961162,45.09273886092897,45.15090560913086,3121700
2012-09-24 04:00:00,45.08789858024137,45.13637272790255,45.049124439394,45.09274673461914,1867200
2012-09-25 04:00:00,45.10245695483709,45.12669033808399,44.656519065993145,44.69044876098633,5726800
2012-09-26 04:00:00,44.680738846143335,44.690431456077064,44.34144202759309,44.467464447021484,6554200
2012-09-27 04:00:00,44.680733900886054,44.952171325683594,44.593485628907196,44.952171325683594,3882600
2012-09-28 04:00:00,44.91339959896279,44.91824405462409,44.73405489193524,44.7389030456543,3668200
2012-10-01 04:00:00,44.96060466429469,44.96060466429469,44.6341331795684,44.66337203979492,5386700
2012-10-02 04:00:00,44.751056056978584,44.81440379250134,44.65360314976066,44.775421142578125,3151900
2012-10-03 04:00:00,44.81441302337282,44.999575072262594,44.785177888703615,44.88750457763672,3201000
2012-10-04 04:00:00,44.941124778915935,45.10679557246869,44.916759677467574,45.07756042480469,1847200
2012-10-05 04:00:00,45.209107627479504,45.213981389705175,44.96547156247469,45.05318069458008,2513500
2012-10-08 04:00:00,44.955717309920935,45.02393509486422,44.92160841744929,44.98982620239258,1143300
2012-10-09 04:00:00,45.0775870054425,45.0775870054425,44.853442066798955,44.86318588256836,5777300
2012-10-10 04:00:00,44.902157038043455,44.931392195431044,44.73161242395956,44.75597381591797,5431800
2012-10-11 04:00:00,44.92651167141727,45.00935080087637,44.88753270662893,44.999603271484375,2811000
2012-10-12 04:00:00,45.0434515133325,45.199378496861435,44.980103736603766,45.07756042480469,3696800
2012-10-15 04:00:00,45.19940256570525,45.30172935461119,45.11169335841522,45.2822380065918,2378500
2012-10-16 04:00:00,45.34554545564967,45.47711101906362,45.28707517643592,45.447872161865234,3536300
2012-10-17 04:00:00,45.51122256391238,45.58918417992168,45.462496089207605,45.55020523071289,2971500
2012-10-18 04:00:00,45.486873337665244,45.57458250977135,45.462511950609276,45.525856018066406,1676300
2012-10-19 04:00:00,45.49664328853084,45.52100468759276,45.25787704159805,45.29685974121094,2041200
2012-10-22 04:00:00,45.316304322407134,45.40888720903903,45.277321663026235,45.30656051635742,3021700
2012-10-23 04:00:00,45.17015628733053,45.22375655620708,45.072703280788005,45.13604736328125,3916900
2012-10-24 04:00:00,45.23833626556733,45.25295755014346,45.07266554961233,45.09703063964844,4332900
2012-10-25 04:00:00,45.277393342719634,45.29688470326731,45.12146617593511,45.17019271850586,2005600
2012-10-26 04:00:00,45.18476440101347,45.21399955092778,44.96548962387767,45.06294631958008,4591800
2012-10-31 04:00:00,45.06296152122548,45.15554076638264,45.043470175509746,45.11655807495117,2914100
2012-11-01 04:00:00,44.91675622235381,45.13602724815205,44.85828221393123,45.0921745300293,2092300
2012-11-02 04:00:00,45.15068014748019,45.194532896303315,45.019114465821126,45.02886199951172,2829300
2012-11-05 05:00:00,45.02394824309719,45.11652742536135,44.88263887085116,44.95573043823242,3361700
2012-11-06 05:00:00,45.03856623952995,45.08241894981903,44.96060090889393,45.023948669433594,1409000
2012-11-07 05:00:00,44.95088353955403,44.96062735281863,44.73161242395956,44.75597381591797,3698200
2012-11-08 05:00:00,44.80953607172857,44.906992709672764,44.585391380842864,44.60975646972656,5829400
2012-11-09 05:00:00,44.47821051543371,44.673120159522924,44.46359294270566,44.53181076049805,3953900
2012-11-12 05:00:00,44.580537589581965,44.61952026222208,44.49770219841591,44.54642868041992,2066000
2012-11-13 05:00:00,44.4782197863671,44.526946278147776,44.37589303834978,44.44411087036133,4347400
2012-11-14 05:00:00,44.56593573510889,44.585427078303525,44.166372493602694,44.20048141479492,5017500
2012-11-15 05:00:00,44.122518002106254,44.302806413686596,43.89836942309303,44.18098831176758,6989700
2012-11-16 05:00:00,44.22485042436164,44.34179477625183,44.11277612050451,44.30768585205078,4730200
2012-11-19 05:00:00,44.45387632741314,44.887548599068246,44.444128794570034,44.86805725097656,9498500
2012-11-20 05:00:00,44.86804712756475,44.91677362800273,44.751099065401185,44.87291717529297,4010400
2012-11-21 05:00:00,44.82905266221621,44.941126929612544,44.81443508768467,44.8582878112793,2984700
2012-11-23 05:00:00,44.95090246888588,45.04348546305935,44.882684594525,45.009376525878906,1041100
2012-11-26 05:00:00,44.980083199452054,45.019065856933594,44.833903810282536,45.019065856933594,2160700
2012-11-27 05:00:00,44.955745813103846,45.10679904445155,44.955745813103846,45.06294631958008,4194100
2012-11-28 05:00:00,45.028859198484824,45.18965631842872,44.9460200376472,45.07271194458008,6528000
2012-11-29 05:00:00,45.18476321655522,45.29196000262861,45.12141543661103,45.2724723815918,3870500
2012-11-30 05:00:00,45.26759140458228,45.38940946341184,45.25297383233747,45.34068298339844,3276200
2012-12-03 05:00:00,45.48717295751811,45.5704460144043,45.38920509497371,45.5704460144043,5444400
2012-12-04 05:00:00,45.55085169444854,45.63902426563226,45.48227344322058,45.5704460144043,3121100
2012-12-05 05:00:00,45.688001494247494,45.69780052140501,45.482266770745916,45.643917083740234,4580900
2012-12-06 05:00:00,45.62918981430712,45.746751895912944,45.62918981430712,45.72715759277344,2261500
2012-12-07 05:00:00,45.7761619877843,45.80065581198867,45.63410976654412,45.658599853515625,2294400
2012-12-10 05:00:00,45.80064792605842,45.80064792605842,45.6389976835013,45.69778060913086,2140700
2012-12-11 05:00:00,45.81535625395079,45.90352879981929,45.727183708082286,45.741878509521484,3206300
2012-12-12 05:00:00,45.82515633306647,45.947617997519096,45.771272901728636,45.8790397644043,3305600
2012-12-13 05:00:00,45.84960301942955,45.94757450058559,45.702651403540315,45.71734619140625,4898700
2012-12-14 05:00:00,45.73208557378127,45.80066380884792,45.683101654052734,45.683101654052734,2741400
2012-12-17 05:00:00,45.71249578298081,45.898636191266476,45.71249578298081,45.85945129394531,2195600
2012-12-18 05:00:00,45.932891206320825,45.95248550904928,45.83982293989954,45.883907318115234,3409800
2012-12-19 05:00:00,45.91819959466614,45.91819959466614,45.83492660522461,45.83492660522461,2566400
2012-12-20 05:00:00,45.84963420756243,46.00148917234258,45.84473469586439,45.99658966064453,3191200
2012-12-21 05:00:00,45.771246762443624,45.88880884675481,45.771246762443624,45.864315032958984,3187900
2012-12-24 05:00:00,45.766358820415896,45.82514174604545,45.64879670638901,45.69778060913086,1221400
2012-12-26 05:00:00,45.8036904580565,45.87264194953794,45.700263220834344,45.808616638183594,2257200
2012-12-27 05:00:00,45.82832486575945,45.902198791503906,45.749521001531946,45.902198791503906,2332600
2012-12-28 05:00:00,45.80860605073263,45.92188186445379,45.73472839619896,45.779052734375,2426100
2012-12-31 05:00:00,45.788905490080474,46.000686097543934,45.7692045315288,45.97605895996094,2918500
2013-01-02 05:00:00,46.33066196703818,46.40946578979492,46.19768521310254,46.40946578979492,3975200
2013-01-03 05:00:00,46.33555679667325,46.438983925887236,46.23705208487145,46.266605377197266,3950700
2013-01-04 05:00:00,46.28633212721151,46.33558263178751,46.21245449156119,46.296180725097656,2968000
2013-01-07 05:00:00,46.30604467334278,46.34052041373188,46.212469810900295,46.33559799194336,4137300
2013-01-08 05:00:00,46.345468008261534,46.3553203715389,46.261741708282,46.301143646240234,2179100
2013-01-09 05:00:00,46.41439007053365,46.41439007053365,46.30111426774781,46.389766693115234,2183900
2013-01-10 05:00:00,46.45867252838503,46.48329588161738,46.39464354332793,46.46852111816406,1684300
2013-01-11 05:00:00,46.44395747176796,46.55230712890625,46.3996293668517,46.55230712890625,1982600
2013-01-14 05:00:00,46.51780027755669,46.527652630982864,46.40452451615866,46.488250732421875,2182400
2013-01-15 05:00:00,46.404536944798004,46.503037960010396,46.379909812208474,46.49811553955078,2136000
2013-01-16 05:00:00,46.434128274924966,46.493231191771386,46.37995154054314,46.41935348510742,3272700
2013-01-17 05:00:00,46.50303904865877,46.59661764560225,46.44886236175181,46.58676528930664,6058900
2013-01-18 05:00:00,46.56214637032654,46.65079879760742,46.53259681375735,46.65079879760742,2836800
2013-01-22 05:00:00,46.616310723724084,46.72466407922922,46.56213404597151,46.680335998535156,2295200
2013-01-23 05:00:00,46.64588351765931,46.68528544067325,46.616333954185954,46.626182556152344,2227900
2013-01-24 05:00:00,46.67541468622946,46.75421850120055,46.63601653631664,46.729591369628906,3175400
2013-01-25 05:00:00,46.77390845035041,46.77390845035041,46.680329881481846,46.714805603027344,2525100
2013-01-28 05:00:00,46.67543371024579,46.70990945395412,46.636035544275025,46.69021224975586,2331000
2013-01-29 05:00:00,46.645872524669564,46.66557348153363,46.56214627617728,46.61139678955078,1514300
2013-01-30 05:00:00,46.51783474836827,46.54738807297466,46.24202876920632,46.27650451660156,6595600
2013-01-31 05:00:00,46.26169075313989,46.35034313711155,46.10901310868871,46.133636474609375,5963700
2013-02-01 05:00:00,46.31638614042357,46.42531987347594,46.27677318700468,46.286678314208984,5713000
2013-02-04 05:00:00,46.19257634240348,46.24704318280984,46.05393484962268,46.093544006347656,3878000
2013-02-05 05:00:00,46.167843935194504,46.24706984972229,46.14803745656256,46.19755554199219,2590900
2013-02-06 05:00:00,46.12821578979492,46.192583985608806,46.07869772472488,46.12821578979492,2850500
2013-02-07 05:00:00,46.10343447940751,46.11333582101826,45.95488791137322,46.039066314697266,4071400
2013-02-08 05:00:00,46.009360156992145,46.09848735277774,46.00441137445159,46.048973083496094,3220400
2013-02-11 05:00:00,45.99454925254453,46.088629096518964,45.97969533564333,46.044063568115234,3146100
2013-02-12 05:00:00,46.009368173233426,46.227235529267745,46.00441938983065,46.202476501464844,3490600
2013-02-13 05:00:00,46.25693183417602,46.28664341568827,46.13314428134787,46.271785736083984,3672200
2013-02-14 05:00:00,46.17275398629927,46.32130055041672,46.17275398629927,46.25197982788086,2731800
2013-02-15 05:00:00,46.276764480795684,46.37579684571161,46.17773589357821,46.2569580078125,2483000
2013-02-19 05:00:00,46.296564924546836,46.341126649681854,46.25200319941181,46.301517486572266,3074300
2013-02-20 05:00:00,46.33618389974524,46.40550466633716,46.24705666017013,46.2569580078125,3830300
2013-02-21 05:00:00,46.25693180987347,46.341106439105275,46.197516202272816,46.30644607543945,7185300
2013-02-22 05:00:00,46.360944953504955,46.42036437988281,46.30152930482601,46.42036437988281,3367000
2013-02-25 05:00:00,46.435223403524354,46.50949675024778,46.2718227962727,46.27677536010742,5259300
2013-02-26 05:00:00,46.36589413464591,46.50453567504883,46.281719453358235,46.50453567504883,4075600
2013-02-27 05:00:00,46.46986922686443,46.618415873742535,46.42035493713778,46.58375549316406,3681600
2013-02-28 05:00:00,46.578795862460474,46.60850367624862,46.514427673353644,46.563941955566406,3822000
2013-03-01 05:00:00,46.5420489784952,46.79096356851538,46.53707342135216,46.656551361083984,4833200
2013-03-04 05:00:00,46.621652747326394,46.69632780271508,46.601739146014005,46.66147994995117,2222500
2013-03-05 05:00:00,46.69137948754801,46.805878023534945,46.69137948754801,46.75609588623047,3733400
2013-03-06 05:00:00,46.810868283682275,46.825802548539954,46.71627954207097,46.72623825073242,2118000
2013-03-07 05:00:00,46.7710245462485,46.79591751098633,46.746135379643825,46.79591751098633,2124900
2013-03-08 05:00:00,46.88056891122938,46.890527620923116,46.75611162700197,46.85070037841797,2464100
2013-03-11 04:00:00,46.83577319688747,46.87062108981722,46.79594594835764,46.820838928222656,2782800
2013-03-12 04:00:00,46.79094842767572,46.84570992361099,46.77601416480865,46.800907135009766,1526200
2013-03-13 04:00:00,46.845738098113706,46.8805859984735,46.77106294073234,46.810890197753906,1431200
2013-03-14 04:00:00,46.88053976389573,46.99006271362305,46.8307576407831,46.99006271362305,2954100
2013-03-15 04:00:00,46.92037196128717,46.99504705294763,46.895478998022696,46.98508834838867,2024300
2013-03-18 04:00:00,46.79592380206991,47.02492467553804,46.79592380206991,46.99505615234375,3000600
2013-03-19 04:00:00,47.01993744113651,47.059764664142456,46.90045957025174,46.9153938293457,3742800
2013-03-20 04:00:00,46.96024012675229,47.09465237042556,46.95526077013143,47.06976318359375,2553200
2013-03-21 04:00:00,46.980112794242125,47.07469769875464,46.90543770258166,46.98508834838867,3532400
2013-03-22 04:00:00,46.985100411596505,47.02492764379194,46.92038400787936,46.950252532958984,2201500
2013-03-25 04:00:00,46.94528203744007,47.01497780222714,46.87060691855841,46.88056182861328,2131700
2013-03-26 04:00:00,46.99010294287151,46.995082298885464,46.92040715121923,46.9652099609375,1169400
2013-03-27 04:00:00,46.89050410210524,46.94028623120006,46.880545397406486,46.88552474975586,2195100
2013-03-28 04:00:00,46.9153847077464,46.98508043538957,46.87556129061623,46.97014617919922,1959100
2013-04-01 04:00:00,46.954155434454144,47.084261181527026,46.864080169160104,47.054237365722656,3823000
2013-04-02 04:00:00,47.01420557323506,47.12930323642463,46.99919366453232,47.01921081542969,2528700
2013-04-03 04:00:00,47.03422272413243,47.064250359419056,46.929135545332116,47.01921081542969,2773100
2013-04-04 04:00:00,46.99919473938036,47.11429240520216,46.974176163597356,47.00419998168945,3040600
2013-04-05 04:00:00,46.92412054982124,47.049224853515625,46.87908483307384,47.049224853515625,2243800
2013-04-08 04:00:00,47.07426272960863,47.11429703625405,47.01421126964048,47.09928512573242,2346800
2013-04-09 04:00:00,47.13929345116789,47.249385833740234,47.09926298122507,47.249385833740234,2985400
2013-04-10 04:00:00,47.21436512355849,47.41953802146942,47.21436512355849,47.39952087402344,2932600
2013-04-11 04:00:00,47.414532780137804,47.43454992758379,47.35948657913148,47.39952087402344,2676200
2013-04-12 04:00:00,47.359508369613735,47.44457842199019,47.31447263054935,47.414554595947266,2040900
2013-04-15 04:00:00,47.41453409966542,47.41453409966542,47.10427403243903,47.11428451538086,3910600
2013-04-16 04:00:00,47.244420295685686,47.444584251073834,47.19938073320545,47.43958282470703,4138300
2013-04-17 04:00:00,47.344469549056356,47.374493358035686,47.239382399748614,47.36448669433594,5778600
2013-04-18 04:00:00,47.34448636963498,47.374510189281196,47.269423002638014,47.2894401550293,2476900
2013-04-19 04:00:00,47.339505850046365,47.36953350325591,47.254435771366765,47.264442443847656,2474800
2013-04-22 04:00:00,47.384514573202885,47.48459650439137,47.30444597394734,47.37450408935547,3641900
2013-04-23 04:00:00,47.4245736797882,47.564693813060046,47.4245736797882,47.559688568115234,2217400
2013-04-24 04:00:00,47.58465530582211,47.66972910564903,47.544624843533136,47.64470672607422,3872600
2013-04-25 04:00:00,47.6497483949244,47.79987133350857,47.609714084149154,47.77485275268555,2453100
2013-04-26 04:00:00,47.7698358350678,47.779846319256194,47.70478295936758,47.72480010986328,2679000
2013-04-29 04:00:00,47.734811760749984,47.83489370579821,47.72980651813313,47.81488037109375,1785300
2013-04-30 04:00:00,47.85490392356257,47.96499633789063,47.81487344207312,47.964996337890625,2953100
2013-05-01 04:00:00,47.94386834363244,48.054500921416974,47.86341072854298,47.87346649169922,4812400
2013-05-02 04:00:00,48.024351294409115,48.19030023537633,47.958979213095475,48.180240631103516,3368200
2013-05-03 04:00:00,48.26072133245919,48.34117901559908,48.20540499678083,48.25569152832031,2407400
2013-05-06 04:00:00,48.235541141674446,48.3059430020592,48.215425776333994,48.28582763671875,1458700
2013-05-07 04:00:00,48.336101584434836,48.35118714417338,48.23552479182395,48.2506103515625,2590900
2013-05-08 04:00:00,48.28584922707191,48.426656847415266,48.28584922707191,48.421627044677734,3801200
2013-05-09 04:00:00,48.37636598522379,48.42162653615553,48.27579295122155,48.28082275390625,1644900
2013-05-10 04:00:00,48.30093639906117,48.30093639906117,48.00423943712898,48.02938461303711,4654400
2013-05-13 04:00:00,47.97908166820325,48.02433836540227,47.828218337645446,47.833248138427734,2710000
2013-05-14 04:00:00,47.87347769035788,48.0042256616529,47.828220990648504,47.88353729248047,4473900
2013-05-15 04:00:00,47.8835467055183,47.943888983659676,47.818170788712024,47.88857650756836,3179800
2013-05-16 04:00:00,47.91873924777711,48.094743922531975,47.86342294476641,48.00422668457031,6036800
2013-05-17 04:00:00,48.074628554472255,48.08971412136351,47.94388058039114,48.00422668457031,4313300
2013-05-20 04:00:00,48.004225523300036,48.094742759072,47.95393902267429,48.05451202392578,2086200
2013-05-21 04:00:00,48.054528966445346,48.165161608796026,48.04447319742047,48.14504623413086,4666500
2013-05-22 04:00:00,48.13496485914025,48.215422478385086,47.823182472609716,47.84832763671875,5243800
2013-05-23 04:00:00,47.772906636118,47.78296240203639,47.61701732639038,47.71759033203125,3294400
2013-05-24 04:00:00,47.647163850492866,47.66727920855409,47.60693313437042,47.62704849243164,3420400
2013-05-28 04:00:00,47.78800035420796,47.78800035420796,47.42593133356216,47.45107650756836,3486700
2013-05-29 04:00:00,47.29012748030972,47.40076003742996,47.04372104456803,47.25995635986328,10958100
2013-05-30 04:00:00,47.27001948464926,47.45105390875356,47.11413022257564,47.355506896972656,5462100
2013-05-31 04:00:00,47.25492727289418,47.325329112738245,46.71685387602167,46.72690963745117,6809400
2013-06-03 04:00:00,46.696070543239436,46.766837176378644,46.40289614444511,46.68596267700195,14320900
2013-06-04 04:00:00,46.75672931014116,47.034743837825395,46.600032316260375,46.68596267700195,7927000
2013-06-05 04:00:00,46.60007017527586,46.625341789646974,46.2209612512505,46.2816162109375,10309200
2013-06-06 04:00:00,46.200715022524975,46.80223154626891,46.16027583503993,46.64553451538086,11849800
2013-06-07 04:00:00,46.72641990823228,46.994322816694165,46.605102327556374,46.67586898803711,8879800
2013-06-10 04:00:00,46.67589519055634,46.80226484899708,46.54447352245502,46.579856872558594,7678000
2013-06-11 04:00:00,46.29173278808594,46.625346670776125,46.145143526003835,46.29173278808594,9065200
2013-06-12 04:00:00,46.468636016042964,46.564678159658285,46.31699093207084,46.32710266113281,9193300
2013-06-13 04:00:00,46.32712548161688,46.9185346587426,46.32712548161688,46.85787582397461,7526400
2013-06-14 04:00:00,46.89828459901725,46.97916299286527,46.78202672847833,46.913448333740234,3909200
2013-06-17 04:00:00,46.974127579284996,47.236974760733254,46.90841674804687,46.908416748046875,3830700
2013-06-18 04:00:00,46.88818072249738,47.06509740349407,46.88818072249738,47.024658203125,3609700
2013-06-19 04:00:00,46.98420442424865,47.145957319040996,46.31192124506079,46.32202911376953,7971700
2013-06-20 04:00:00,46.04404320115574,46.291730488488135,45.634606774762915,45.86712646484375,11094000
2013-06-21 04:00:00,46.003593754025694,46.05414082656178,45.55371825241401,45.56888198852539,9245400
2013-06-24 04:00:00,45.21504521229189,45.49305989871516,44.618580494915626,45.0078010559082,12116100
2013-06-25 04:00:00,45.240324857110416,45.649761199951165,45.240324857110416,45.64976119995117,6233300
2013-06-26 04:00:00,45.84687426801556,46.08950551712264,45.7811634859519,46.028846740722656,5527200
2013-06-27 04:00:00,46.2007460922707,46.473705006618296,46.2007460922707,46.25129318237305,5578600
2013-06-28 04:00:00,46.15016236181006,46.16027022920721,45.73061451971351,45.93785858154297,6112000
2013-07-01 04:00:00,46.02427400107516,46.23770130451584,45.98870278383505,46.186885833740234,5213400
2013-07-02 04:00:00,46.13608995093598,46.26821333262561,45.91249713222638,46.044620513916016,3799800
2013-07-03 04:00:00,45.88194658543033,46.171598764923644,45.87686387997442,46.15127182006836,1679600
2013-07-05 04:00:00,45.932794363854036,45.958204032063634,45.54658989350019,45.65838623046875,3312600
2013-07-08 04:00:00,45.78032812441054,46.28849029541016,45.734595389966024,46.288490295410156,5638400
2013-07-09 04:00:00,46.293607359010075,46.33934400436727,46.17673214404541,46.313934326171875,6127700
2013-07-10 04:00:00,46.33425248942345,46.51719128214716,46.28343701966061,46.496864318847656,6529900
2013-07-11 04:00:00,46.84241227808364,47.091410779646715,46.75094288692167,47.08124923706055,5865400
2013-07-12 04:00:00,46.959266906497575,47.091386276229166,46.87795910022928,47.03548812866211,5788300
2013-07-15 04:00:00,47.09141492801381,47.30484223386907,47.03551674643668,47.233699798583984,6791500
2013-07-16 04:00:00,47.30484273745535,47.30484273745535,46.98978448554513,47.116825103759766,3292100
2013-07-17 04:00:00,47.27436172976658,47.5233602954186,47.25911747347785,47.46238327026367,8660500
2013-07-18 04:00:00,47.51316358823517,47.76724467694231,47.48267509822063,47.746917724609375,6825000
2013-07-19 04:00:00,47.74184789769747,47.75201331509137,47.65037852600632,47.7164421081543,2603100
2013-07-22 04:00:00,47.73171389349356,47.77236783258066,47.640244469034094,47.75204086303711,3888200
2013-07-23 04:00:00,47.71137987941159,47.757116523374854,47.59958350191519,47.635154724121094,2483700
2013-07-24 04:00:00,47.53351767040423,47.584333141754726,47.086336094759126,47.233699798583984,5249800
2013-07-25 04:00:00,47.010116062850415,47.198133714996374,46.97454484133855,47.126991271972656,5995400
2013-07-26 04:00:00,46.994850543860444,47.147296905517585,46.949113921483864,47.14729690551758,4213600
2013-07-29 04:00:00,47.05585780506994,47.12192142688846,46.96438837845232,47.04569625854492,3850100
2013-07-30 04:00:00,47.01517277898835,47.19303267984818,47.01517277898835,47.111724853515625,4239400
2013-07-31 04:00:00,46.99994095263186,47.26418758108112,46.89322731009443,47.24894332885742,4076500
2013-08-01 04:00:00,47.194289168760484,47.28109876519326,46.78066376556167,46.801090240478516,4616600
2013-08-02 04:00:00,46.959426893508365,47.112623625969285,46.8828285272779,47.08708953857422,4309400
2013-08-05 04:00:00,47.07173705482261,47.07173705482261,46.82662323698569,46.847049713134766,2231000
2013-08-06 04:00:00,46.94407166894468,46.94407166894468,46.6530012192952,46.801090240478516,3398800
2013-08-07 04:00:00,46.69897179702753,46.744932353289215,46.617269768938726,46.65301513671875,2253300
2013-08-08 04:00:00,46.68366671400421,46.77047636200232,46.66324022695394,46.755157470703125,2857100
2013-08-09 04:00:00,46.68876316661367,46.81131816371121,46.53046279969797,46.76025390625,1765600
2013-08-12 04:00:00,46.693868319116305,46.83684979091121,46.683653130586436,46.719398498535156,3840800
2013-08-13 04:00:00,46.714294800223136,46.76025146074882,46.62237758321886,46.719398498535156,2290500
2013-08-14 04:00:00,46.6887513548504,46.71938912238548,46.60194174953295,46.627471923828125,4605800
2013-08-15 04:00:00,46.46916851858385,46.51512516684203,46.34150596770861,46.3874626159668,6446100
2013-08-16 04:00:00,46.45385913512073,46.520242272607774,46.172999907381936,46.22917175292969,6922400
2013-08-19 04:00:00,46.24959110357193,46.28022887061978,45.856392141300326,45.92277526855469,6536300
2013-08-20 04:00:00,46.111735181894026,46.39769817471454,46.101519991605535,46.34663391113281,4208300
2013-08-21 04:00:00,46.30068232436843,46.35685419398603,46.147489503919424,46.17812728881836,3098100
2013-08-22 04:00:00,46.24957982215319,46.428306579589844,46.208726878753055,46.428306579589844,4049900
2013-08-23 04:00:00,46.41813737025055,46.65303616381286,46.39260328349077,46.622398376464844,3370400
2013-08-26 04:00:00,46.63257951706802,46.66832487784298,46.535554725270785,46.627471923828125,2365400
2013-08-27 04:00:00,46.49471412187111,46.53556318736189,46.321090983712196,46.32619857788086,3578500
2013-08-28 04:00:00,46.34661653183656,46.515128148871526,46.295552287403176,46.49980926513672,3860600
2013-08-29 04:00:00,46.423229984280425,46.72451185184673,46.37726942213694,46.68876647949219,4012900
2013-08-30 04:00:00,46.709194339153385,46.77046989587866,46.56621284552307,46.64791488647461,2486900
2013-09-03 04:00:00,46.683828166559614,46.80703048382123,46.360416698517675,46.401485443115234,9986800
2013-09-04 04:00:00,46.47337408365767,46.63251064280719,46.46310885129079,46.576045989990234,3507400
2013-09-05 04:00:00,46.49386859264631,46.53493731995955,46.33986282348633,46.33986282348633,3622300
2013-09-06 04:00:00,46.606841241899694,46.76597778615635,46.41690117035966,46.49390411376953,4713800
2013-09-09 04:00:00,46.57604243819222,46.714644605505704,46.56577329007569,46.611976623535156,4227400
2013-09-10 04:00:00,46.65305025985302,46.78138721977216,46.64791960136016,46.7762565612793,5287100
2013-09-11 04:00:00,46.70950411446337,46.84811018075122,46.66330470338873,46.83784103393555,3514200
2013-09-12 04:00:00,46.81216032512408,46.87375951926406,46.765957012988444,46.78135681152344,3594500
2013-09-13 04:00:00,46.83784800389658,46.878916764206814,46.70438040768717,46.745445251464844,2789300
2013-09-16 04:00:00,47.07912774209455,47.13046174039527,46.945656213286256,47.00212478637695,4331300
2013-09-17 04:00:00,47.05857536984067,47.217715795229374,47.02777576594096,47.15611267089844,5978600
2013-09-18 04:00:00,47.14583933569399,47.679721282858196,47.079105560997654,47.607852935791016,7476300
2013-09-19 04:00:00,47.73620791528053,47.73620791528053,47.43333461168005,47.469268798828125,5821100
2013-09-20 04:00:00,47.45383041631115,47.47949543396325,47.37169296015369,47.41276168823242,4033900
2013-09-23 04:00:00,47.407630920410156,47.46409944691509,47.34089716932695,47.407630920410156,6564600
2013-09-24 04:00:00,47.366599534271614,47.43847182910489,47.25879696682102,47.30500030517578,7947700
2013-09-25 04:00:00,47.29988047935471,47.36148364419218,47.20234311416225,47.222877502441406,3535700
2013-09-26 04:00:00,47.28444985758363,47.29471508676752,47.10990962920513,47.197181701660156,4751200
2013-09-27 04:00:00,47.161235776503545,47.19716994449301,47.027764331172435,47.14583206176758,6779700
2013-09-30 04:00:00,47.01750934922034,47.20231481640789,46.97130994068933,47.01237869262695,6248900
2013-10-01 04:00:00,47.02528478436738,47.22646766750904,46.97369620045915,47.216148376464844,5743900
2013-10-02 04:00:00,47.18004540157012,47.23678970336913,47.07171644422389,47.23678970336914,2765700
2013-10-03 04:00:00,47.27806908108049,47.29870373482978,47.164580453288295,47.26774978637695,3169700
2013-10-04 04:00:00,47.252251928934086,47.391534790470565,47.22130193110637,47.35026550292969,2048300
2013-10-07 04:00:00,47.180007707132226,47.33476548578718,47.180007707132226,47.226436614990234,2391700
2013-10-08 04:00:00,47.32963737908001,47.386381673351586,47.195514143923894,47.205833435058594,2944700
2013-10-09 04:00:00,47.34510677658069,47.34510677658069,47.205827847998044,47.247093200683594,2973700
2013-10-10 04:00:00,47.36575059579089,47.51018919730887,47.36575059579089,47.46376419067383,2899500
2013-10-11 04:00:00,47.54111439851529,47.58237973424907,47.463735498576156,47.551429748535156,3293900
2013-10-14 04:00:00,47.458580246694225,47.670082330386144,47.458580246694225,47.623653411865234,1003900
2013-10-15 04:00:00,47.66494818779278,47.66494818779278,47.48439993173982,47.60820388793945,2310100
2013-10-16 04:00:00,47.6288214580736,47.86611392889273,47.62366181384884,47.86095428466797,6949700
2013-10-17 04:00:00,47.84548209825609,48.10340922547041,47.83516674485599,48.09309387207031,7277900
2013-10-18 04:00:00,48.11888179709271,48.23237035704946,48.10340679994505,48.19110107421875,2873800
2013-10-21 04:00:00,48.20659815901524,48.21175780564702,48.082794189453125,48.082794189453125,2471400
2013-10-22 04:00:00,48.17047814884721,48.28912638192933,48.16016279345834,48.22722244262695,5488400
2013-10-23 04:00:00,48.2684669494629,48.27878229955479,48.13950342721514,48.26846694946289,2434200
2013-10-24 04:00:00,48.283973693847656,48.330402638928675,48.21175438875003,48.283973693847656,2284400
2013-10-25 04:00:00,48.30460193684157,48.33555193901953,48.25817693357464,48.299442291259766,2026000
2013-10-28 04:00:00,48.309765813028584,48.33555617188326,48.27365616210662,48.28913116455078,1697900
2013-10-29 04:00:00,48.27882928579696,48.382002565398764,48.26851392566588,48.36652755737305,1864600
2013-10-30 04:00:00,48.366498336389306,48.40260797851948,48.13436154927608,48.17047119140625,3691100
2013-10-31 04:00:00,48.201441079590765,48.25302573747238,48.08795247085695,48.19628143310547,5846500
2013-11-01 04:00:00,48.20662269586243,48.341395006414906,48.10295412140829,48.113319396972656,7882000
2013-11-04 05:00:00,48.24811574615792,48.24811574615792,48.170362299226944,48.19628143310547,2025500
2013-11-05 05:00:00,48.16516489043732,48.16516489043732,48.066680908203125,48.066680908203125,2770300
2013-11-06 05:00:00,48.1496232255069,48.21182676810478,48.11333881433419,48.206642150878906,4936700
2013-11-07 05:00:00,48.25845117814192,48.27918568147914,48.165147890475474,48.23771667480469,4802700
2013-11-08 05:00:00,48.04594719831113,48.185900204188876,48.03039730373623,48.15480041503906,4191100
2013-11-11 05:00:00,48.17552610023435,48.17552610023435,47.96300036743599,47.97336959838867,1607600
2013-11-12 05:00:00,47.978544130384215,47.99409402012402,47.88006017713132,47.905975341796875,2148900
2013-11-13 05:00:00,47.88006518592629,48.09258695910643,47.85414606384693,48.08740234375,2795100
2013-11-14 05:00:00,48.077052773695705,48.23255964756773,48.025218467306395,48.22737503051758,4216800
2013-11-15 05:00:00,48.23774609804256,48.29994964599609,48.185911785433554,48.299949645996094,2990600
2013-11-18 05:00:00,48.32586437607441,48.336229655769884,48.11852318982732,48.15999221801758,3694600
2013-11-19 05:00:00,48.14439803486468,48.21178613789749,48.09774838325816,48.139217376708984,1415800
2013-11-20 05:00:00,48.11853617320059,48.242939336633704,48.035598094441674,48.09261703491211,2470600
2013-11-21 05:00:00,48.11848899773487,48.258441925048835,48.08220461252745,48.25844192504883,1895800
2013-11-22 05:00:00,48.2377503518,48.31031918679286,48.20146593430357,48.294769287109375,1649200
2013-11-25 05:00:00,48.31032496046405,48.38289380412977,48.23775611679833,48.36734390258789,2813900
2013-11-26 05:00:00,48.32066851771485,48.42952172536288,48.28438411516551,48.403602600097656,2835300
2013-11-27 05:00:00,48.538365832265036,48.538365832265036,48.3621284685558,48.372493743896484,1845300
2013-11-29 05:00:00,48.37768961249514,48.439889188413076,48.36732038003984,48.424339294433594,958700
2013-12-02 05:00:00,48.38266177473199,48.455581821696526,48.36182690790719,48.43995666503906,5748100
2013-12-03 05:00:00,48.367056151015206,48.43997622742838,48.31497094984096,48.39310073852539,2710300
2013-12-04 05:00:00,48.30972086311366,48.37222543659275,48.200340839907376,48.26805114746094,3076100
2013-12-05 05:00:00,48.26809990662695,48.31497937755337,48.20038953067414,48.23163986206055,5354700
2013-12-06 05:00:00,48.35142882332759,48.42955860851411,48.25767387587295,48.3670539855957,2487900
2013-12-09 05:00:00,48.46599501532414,48.57016536222025,48.38786526823005,48.54412078857422,4313000
2013-12-10 05:00:00,48.54412078857422,48.56495565272225,48.48682590562815,48.54412078857422,1473200
2013-12-11 05:00:00,48.54415943568362,48.54415943568362,48.33060886238092,48.398319244384766,3586600
2013-12-12 05:00:00,48.40347013344066,48.44513984426989,48.309715270996094,48.309715270996094,4268800
2013-12-13 05:00:00,48.36705117426817,48.42434608181829,48.33059113981315,48.38788604736328,3523200
2013-12-16 05:00:00,48.37226670055302,48.46081194146647,48.37226670055302,48.429561614990234,3108500
2013-12-17 05:00:00,48.48162141287283,48.48162141287283,48.377447089462045,48.43474197387695,2799900
2013-12-18 05:00:00,48.43997857544832,48.58581873534394,48.309763579277764,48.51810836791992,4893500
2013-12-19 05:00:00,48.43992833862868,48.48680378118955,48.39305289606781,48.465972900390625,5775500
2013-12-20 05:00:00,48.46602597688865,48.497276306152344,48.40352134451473,48.497276306152344,12743900
2013-12-23 05:00:00,48.48684628103139,48.61185551845159,48.44518050907034,48.53372573852539,5525100
2013-12-24 05:00:00,48.49207289242048,48.54936781941086,48.49207289242048,48.50769805908203,1281600
2013-12-26 05:00:00,48.4799084299303,48.56366388791591,48.4799084299303,48.55319595336914,1577400
2013-12-27 05:00:00,48.568902052633455,48.568902052633455,48.500850490320026,48.5479621887207,1357300
2013-12-30 05:00:00,48.56368698386495,48.6160386631077,48.51133929849459,48.58986282348633,1888600
2013-12-31 05:00:00,48.605550066445,48.66313369877293,48.56367033495723,48.621253967285156,2413400
2014-01-02 05:00:00,48.610816335071746,48.71027976089241,48.53229278804878,48.70504379272461,7412500
2014-01-03 05:00:00,48.67885149249684,48.74167110765713,48.65267964825083,48.68932342529297,1903300
2014-01-06 05:00:00,48.76262523071381,48.80450498639375,48.71550950710553,48.79403305053711,2622700
2014-01-07 05:00:00,48.80450498639375,48.846380748200374,48.76786119864213,48.79403305053711,3953000
2014-01-08 05:00:00,48.79403065153106,48.83591040515195,48.74691892411241,48.76262283325195,4540500
2014-01-09 05:00:00,48.81498235932543,48.841158210150844,48.783574533434205,48.83592224121094,3036600
2014-01-10 05:00:00,48.89871597677624,48.98247146606445,48.86730417365517,48.98247146606445,2423900
2014-01-13 05:00:00,48.97203647752179,49.003444307903045,48.89874887738242,48.93015670776367,4716600
2014-01-14 05:00:00,48.93535113727752,49.0400464789245,48.93535113727752,49.00340270996094,2636100
2014-01-15 05:00:00,49.05056118821674,49.10291290283203,49.00344943771307,49.10291290283203,1797400
2014-01-16 05:00:00,49.0976550511932,49.118594928932005,49.06624723152165,49.08195114135742,1269800
2014-01-17 05:00:00,49.11861359973233,49.15002143134252,49.06102991253043,49.092437744140625,2192300
2014-01-21 05:00:00,49.15520477294922,49.18137660664509,49.11332504639117,49.15520477294922,2056000
2014-01-22 05:00:00,49.17094262634236,49.176178594245386,49.06624723152165,49.08195114135742,3235400
2014-01-23 05:00:00,49.0923953583349,49.108099260581426,48.98770001411046,49.019107818603516,4989500
2014-01-24 05:00:00,48.92488412798438,48.93012009375478,48.67884565710735,48.694549560546875,7575400
2014-01-27 05:00:00,48.762603926670266,48.79924769841248,48.65790458321281,48.6788444519043,5482900
2014-01-28 05:00:00,48.74167873931031,48.93536958764394,48.70503495653073,48.893489837646484,5393600
2014-01-29 05:00:00,48.81498460725456,48.820220576435574,48.73646104503639,48.74693298339844,5781700
2014-01-30 05:00:00,48.841137521822965,48.90918911371974,48.794021809069505,48.830665588378906,3940200
2014-01-31 05:00:00,48.752159911177266,48.87779919526805,48.74692793641222,48.814979553222656,7756900
2014-02-03 05:00:00,48.93700481125818,48.93700481125818,48.55822249440706,48.668701171875,16150600
2014-02-04 05:00:00,48.79496818298751,48.821274353548965,48.705533625091526,48.72657775878906,5246900
2014-02-05 05:00:00,48.72657775878907,48.768662012426056,48.67922745453007,48.72657775878906,3893000
2014-02-06 05:00:00,48.810757689270076,48.91071633606755,48.747629292352684,48.90019226074219,3426100
2014-02-07 05:00:00,48.958060099639056,49.14745330810546,48.958060099639056,49.14745330810547,5193300
2014-02-10 05:00:00,49.147447906167606,49.21058030663684,49.08957754251032,49.17901611328125,5199700
2014-02-11 05:00:00,49.205294184932626,49.321034855594725,49.15794791807418,49.26316452026367,3950800
2014-02-12 05:00:00,49.278973179341826,49.305279350950954,49.168494483348375,49.18427658081055,2432100
2014-02-13 05:00:00,49.157979198705696,49.33684833899862,49.157979198705696,49.32632827758789,3078400
2014-02-14 05:00:00,49.29477161763779,49.4262944917657,49.289513592579574,49.40525436401367,2158700
2014-02-18 05:00:00,49.357873040276814,49.499915889063004,49.357873040276814,49.47361373901367,3734700
2014-02-19 05:00:00,49.5104877999472,49.55257609720273,49.33687658408885,49.3474006652832,7273600
2014-02-20 05:00:00,49.39470706172748,49.49992370605469,49.384187002797844,49.49992370605469,3756900
2014-02-21 05:00:00,49.50516597531417,49.57356037919936,49.50516597531417,49.5419921875,2574600
2014-02-24 05:00:00,49.58409829373332,49.684056911566074,49.58409829373332,49.652488708496094,3531600
2014-02-25 05:00:00,49.663034249763086,49.726162655677925,49.65251017293776,49.71038055419922,2979500
2014-02-26 05:00:00,49.75244451666748,49.794532775878906,49.715618293296814,49.794532775878906,2722100
2014-02-27 05:00:00,49.794528438006004,49.8944830277289,49.794528438006004,49.889225006103516,4377300
2014-02-28 05:00:00,49.88397457878406,49.98919122837336,49.83136625398941,49.94184494018555,3919300
2014-03-03 05:00:00,49.890586413122534,49.95931205703858,49.75313109185868,49.895870208740234,9488700
2014-03-04 05:00:00,50.01743424407997,50.091447669941694,49.94870864390243,50.07558822631836,9313600
2014-03-05 05:00:00,50.05974648426009,50.06503027838347,49.95929792788717,49.98573303222656,4531600
2014-03-06 05:00:00,50.02800513174242,50.04915240074125,49.890553933393754,49.91170120239258,4075500
2014-03-07 05:00:00,49.858837171135505,49.895843888096785,49.70023868419987,49.72138595581055,4552000
2014-03-10 04:00:00,49.71610532029841,49.74253638856242,49.65266349629039,49.72667694091797,1908200
2014-03-11 04:00:00,49.76899269954739,49.779568358104044,49.663260314572554,49.673831939697266,1618500
2014-03-12 04:00:00,49.68438651861189,49.76897158401839,49.67909869157704,49.758399963378906,2595000
2014-03-13 04:00:00,49.79012231048404,49.79012231048404,49.60508868573882,49.62623596191406,4829700
2014-03-14 04:00:00,49.636811748751626,49.70025358260131,49.557510464797225,49.5892333984375,4088200
2014-03-17 04:00:00,49.64738354823933,49.70024972229243,49.61566061706304,49.657955169677734,2943100
2014-03-18 04:00:00,49.71082376576605,49.816560152454535,49.657957589137176,49.80598449707031,2903500
2014-03-19 04:00:00,49.79538783432763,49.84825398437151,49.45175180889935,49.55220031738281,9983600
2014-03-20 04:00:00,49.64208469562791,49.73195757490107,49.5204888922239,49.72138595581055,4872300
2014-03-21 04:00:00,49.70022713932135,49.77952838108308,49.6737920475912,49.68965148925781,6106500
2014-03-24 04:00:00,49.80070044188203,49.80070044188203,49.67382080167519,49.70553970336914,5986100
2014-03-25 04:00:00,49.74254266505723,49.84827905174571,49.74254266505723,49.80598449707031,3468800
2014-03-26 04:00:00,49.87998899568896,49.87998899568896,49.779544488156915,49.816551208496094,3887200
2014-03-27 04:00:00,49.78482536736015,49.821832085533174,49.73195920331723,49.742530822753906,2255400
2014-03-28 04:00:00,49.8165806258991,49.88001845055291,49.7848576801398,49.827152252197266,2732600
2014-03-31 04:00:00,49.932868651920984,49.95401593117477,49.87471464233086,49.90114974975586,2641400
2014-04-01 04:00:00,49.95691664519025,49.994098663330085,49.91442175230585,49.99409866333008,4514900
2014-04-02 04:00:00,50.0047137053551,50.0047137053551,49.91972798343276,49.94097137451172,2285900
2014-04-03 04:00:00,49.983462865754845,50.01002318160223,49.95159372876616,49.962215423583984,2812400
2014-04-04 04:00:00,50.02595446924587,50.121565926476656,50.01001990179656,50.079071044921875,4555000
2014-04-07 04:00:00,50.07378639325237,50.08972502221967,49.967553182027174,49.97286605834961,1520900
2014-04-08 04:00:00,50.010044750316894,50.0897216796875,49.97286272361554,50.0897216796875,2804400
2014-04-09 04:00:00,50.0896844821376,50.17467017182715,50.03656386698093,50.16935729980469,4383400
2014-04-10 04:00:00,50.19592302104581,50.19592302104581,50.02594757080078,50.02594757080078,3226900
2014-04-11 04:00:00,50.04721731865747,50.04721731865747,49.808186575719766,49.813499450683594,7228500
2014-04-14 04:00:00,49.84538134183468,50.00473521120972,49.84538134183468,49.97286605834961,3355800
2014-04-15 04:00:00,50.04719500864821,50.04719500864821,49.93033612675456,50.02594757080078,3104900
2014-04-16 04:00:00,50.04720024940679,50.06313481632738,49.98345792918965,50.052513122558594,3450100
2014-04-17 04:00:00,50.02596780672536,50.0631498248652,49.98347291384096,49.99409866333008,2443800
2014-04-21 04:00:00,50.05783695012064,50.07908439656284,49.98347291384096,49.99409866333008,1682200
2014-04-22 04:00:00,50.063145263605215,50.07376695959055,49.99409410836136,50.047210693359375,2442800
2014-04-23 04:00:00,50.05785850968598,50.16409578765261,50.03661105409265,50.06317138671875,1591300
2014-04-24 04:00:00,50.06316217493837,50.142839105618094,50.010045571997566,50.07378387451172,1021700
2014-04-25 04:00:00,50.095009006595596,50.100321880283666,50.01533616395078,50.05782699584961,1195400
2014-04-28 04:00:00,50.06845813786572,50.089705582372055,49.99940293008619,50.047210693359375,1903900
2014-04-29 04:00:00,50.1215705871582,50.132192282267106,50.031271994858855,50.1215705871582,1775300
2014-04-30 04:00:00,50.12155332577195,50.15342245265857,50.03656358402905,50.11092758178711,4393100
2014-05-01 04:00:00,50.16059831925474,50.18194147222331,50.059219360351555,50.05921936035156,7322200
2014-05-02 04:00:00,50.17659378051758,50.17659378051758,50.06454530483402,50.17659378051758,2146000
2014-05-05 04:00:00,50.03253226963514,50.19794066386616,50.02186273006682,50.15525436401367,3541300
2014-05-06 04:00:00,50.23527122759664,50.23527122759664,50.14456592768419,50.1659049987793,2567800
2014-05-07 04:00:00,50.20326228753032,50.29397167233895,50.181923213116335,50.24061584472656,1578600
2014-05-08 04:00:00,50.299304490712004,50.320647635950834,50.203262372531626,50.229942321777344,4522400
2014-05-09 04:00:00,50.240600811633485,50.315299762096984,50.229927206831555,50.277950286865234,1736600
2014-05-12 04:00:00,50.357986144858714,50.357986144858714,50.27261765330163,50.3313102722168,1123000
2014-05-13 04:00:00,50.29930915374698,50.48606067420252,50.2886396155328,50.41136169433594,1933600
2014-05-14 04:00:00,50.36866426818708,50.47003910657935,50.3633274648649,50.438026428222656,1721400
2014-05-15 04:00:00,50.4753908022332,50.4753908022332,50.33666237044323,50.39002227783203,4240700
2014-05-16 04:00:00,50.42202805727455,50.5020638366026,50.35799861965435,50.491390228271484,3185000
2014-05-19 04:00:00,50.47536908107334,50.6087606505639,50.4273500700348,50.56607437133789,7351000
2014-05-20 04:00:00,50.56611203514454,50.571448841719786,50.49674983282905,50.5020866394043,4217800
2014-05-21 04:00:00,50.544727175667276,50.566066241061634,50.42200516032128,50.4967041015625,2925900
2014-05-22 04:00:00,50.50738556059935,50.54473503702903,50.47003201338205,50.534061431884766,1950900
2014-05-23 04:00:00,50.50738950476131,50.60342753383364,50.50738950476131,50.550071716308594,2289100
2014-05-27 04:00:00,50.56605150696831,50.60873776689295,50.539375647604764,50.59806823730469,4384700
2014-05-28 04:00:00,50.60878749266498,50.63546744902877,50.5874443417319,50.6141242980957,3904400
2014-05-29 04:00:00,50.63546782150517,50.68882366383545,50.603451059475134,50.66214370727539,4734800
2014-05-30 04:00:00,50.67813132453602,50.72615033979346,50.651451379978774,50.71548080444336,4445800
2014-06-02 04:00:00,50.78463504080942,50.78463504080942,50.548800070847605,50.554161071777344,5722500
2014-06-03 04:00:00,50.60238527750619,50.613103186599005,50.54878346430945,50.559505462646484,2978300
2014-06-04 04:00:00,50.54878346430945,50.59702427833767,50.5219866469553,50.559505462646484,2527200
2014-06-05 04:00:00,50.60773596792737,50.69885249637319,50.55949924907147,50.68277359008789,2034100
2014-06-06 04:00:00,50.70421713583869,50.87037538762021,50.69885613694405,50.82749557495117,3059100
2014-06-09 04:00:00,50.90253825962325,50.907899259050495,50.80069971672772,50.88645935058594,2906800
2014-06-10 04:00:00,50.79001112937332,50.918646565180474,50.79001112937332,50.85968780517578,2091000
2014-06-11 04:00:00,50.85430256671569,50.87574247734027,50.80070483477667,50.86502456665039,1699500
2014-06-12 04:00:00,50.816810637718575,50.88113040363035,50.816810637718575,50.832889556884766,1354000
2014-06-13 04:00:00,50.9079287107112,50.9079287107112,50.82753002976733,50.891845703125,1276500
2014-06-16 04:00:00,50.87574247734027,50.91862229858941,50.85966356668304,50.86502456665039,1869500
2014-06-17 04:00:00,50.85965338983094,50.918612109939865,50.80069466972202,50.82749557495117,7251700
2014-06-18 04:00:00,50.832892950222984,51.084806938635175,50.832892950222984,51.05801010131836,4284800
2014-06-19 04:00:00,51.06335064360003,51.08479056012791,50.999034983262376,51.047271728515625,2882500
2014-06-20 04:00:00,51.05800499433991,51.13304267411712,51.04728298908782,51.095523834228516,2372300
2014-06-23 04:00:00,51.1008592078742,51.14910003268071,51.07406238453293,51.09014129638672,1551000
2014-06-24 04:00:00,51.06335064360003,51.13839239607056,51.04727172851562,51.047271728515625,1839300
2014-06-25 04:00:00,51.07942727057653,51.133025010581456,51.05262635595135,51.1223030090332,2385000
2014-06-26 04:00:00,51.100871973586756,51.127672892868404,51.02583430669352,51.0687141418457,1806400
2014-06-27 04:00:00,51.084793057716226,51.09551506112735,51.02047739423411,51.0687141418457,1702700
2014-06-30 04:00:00,50.97758876120155,51.09014524211604,50.97758876120155,51.02582550048828,2647600
2014-07-01 04:00:00,51.10388128711464,51.157713691348796,51.02313062718881,51.03927993774414,3472700
2014-07-02 04:00:00,51.07159042358398,51.14157214900342,51.03928769041748,51.071590423583984,2819400
2014-07-03 04:00:00,51.066186074402125,51.093104323705546,50.98005096234972,50.9962043762207,2776100
2014-07-07 04:00:00,50.98006391705853,51.03390042934595,50.953149768064065,50.958534240722656,1941300
2014-07-08 04:00:00,51.00158648686604,51.02312026561655,50.95852303651338,50.96928787231445,2035300
2014-07-09 04:00:00,51.00697628734843,51.03389454038596,50.91546079845887,50.931610107421875,3945400
2014-07-10 04:00:00,50.89394265894116,50.89394265894116,50.759359566688985,50.775508880615234,6011600
2014-07-11 04:00:00,50.78088644967679,50.88855126597944,50.78088644967679,50.861637115478516,2071400
2014-07-14 04:00:00,51.033882310885524,51.033882310885524,50.8400824354731,50.845462799072266,2632700
2014-07-15 04:00:00,50.85085956317734,50.87777781627189,50.75934407409391,50.76472854614258,2888400
2014-07-16 04:00:00,50.8239427355652,50.8239427355652,50.67320627619744,50.68397521972656,4264900
2014-07-17 04:00:00,50.6624686262704,50.678617943081555,50.3233206517839,50.32870101928711,5767800
2014-07-18 04:00:00,50.47943742299331,50.59249086386544,50.414840150667615,50.53865432739258,1994800
2014-07-21 04:00:00,50.52248492392743,50.53863423558864,50.40405116221262,50.4525032043457,3111700
2014-07-22 04:00:00,50.47941244597814,50.60323066858942,50.47403208071391,50.52248001098633,3707100
2014-07-23 04:00:00,50.581682610179236,50.64628393945879,50.56553330464633,50.61936569213867,1995900
2014-07-24 04:00:00,50.640921444330594,50.75935521249714,50.59785387278828,50.71090316772461,3089100
2014-07-25 04:00:00,50.70013349290299,50.72705174933704,50.60861799246609,50.6247673034668,3072300
2014-07-28 04:00:00,50.6086049447952,50.62475425163238,50.463252968964156,50.474021911621094,5355100
2014-07-29 04:00:00,50.506329542742186,50.603229508214085,50.39328026754979,50.40404510498047,3877100
2014-07-30 04:00:00,50.45786218578507,50.47939185235684,50.118710383642586,50.19407653808594,5415100
2014-07-31 04:00:00,49.97338862898462,50.048754822765964,49.76343935957237,49.78497314453125,7460000
2014-08-01 04:00:00,49.79091320306902,49.94776102836515,49.39068324019123,49.78009796142578,10942000
2014-08-04 04:00:00,49.79092761355943,50.09921366936429,49.77470268320882,50.08298873901367,7020400
2014-08-05 04:00:00,50.08838195157386,50.09919719279034,49.9098995236541,49.985618591308594,3612500
2014-08-06 04:00:00,49.96400275497692,50.15330462161738,49.9477778238663,50.1046257019043,4167700
2014-08-07 04:00:00,50.13165651475912,50.272275297466166,50.12083714600926,50.137062072753906,3833900
2014-08-08 04:00:00,50.02890559331692,50.331781971602055,50.02890559331692,50.293922424316406,3426300
2014-08-11 04:00:00,50.36421637033673,50.56432927399193,50.29390286245391,50.53187942504883,6908300
2014-08-12 04:00:00,50.55353369334992,50.60220848569414,50.47240491306171,50.52108383178711,4231700
2014-08-13 04:00:00,50.65085881860983,50.677898979191134,50.54809547981586,50.667083740234375,4960200
2014-08-14 04:00:00,50.68874242952189,50.81854599057393,50.68333274428365,50.764461517333984,4246600
2014-08-15 04:00:00,50.85095082925885,50.8996297005444,50.76982625441153,50.86717987060547,6051300
2014-08-18 04:00:00,50.878016187507,51.02404460911931,50.84556634412179,51.01322937011719,5112800
2014-08-19 04:00:00,51.040293761942735,51.045699320383605,50.96998023840649,50.99702453613281,2747200
2014-08-20 04:00:00,51.01325460610578,51.09979306644828,50.932125831129916,51.034889221191406,2470000
2014-08-21 04:00:00,51.034889221191406,51.08897369571501,51.02406985045814,51.034889221191406,1869100
2014-08-22 04:00:00,51.02944967593574,51.061903642764186,50.88882682335511,50.91046142578125,3065500
2014-08-25 04:00:00,50.98078670882508,51.04568640473847,50.88343303857556,51.018646240234375,1958000
2014-08-26 04:00:00,51.01865139006213,51.0943704605238,51.007832022064825,51.05651092529297,1562400
2014-08-27 04:00:00,51.094362368845914,51.09977205198785,51.00241838732907,51.0078239440918,3685200
2014-08-28 04:00:00,50.99160779311935,51.05110193877776,50.91047903755061,50.93211364746094,1815400
2014-08-29 04:00:00,50.96998977661133,50.991624393564855,50.90509005213201,50.96998977661133,2046000
2014-09-02 04:00:00,50.948253986944245,51.06235738654013,50.93738916785172,51.029754638671875,4484800
2014-09-03 04:00:00,51.02972862828168,51.02972862828168,50.89389565973624,50.899330139160156,3200200
2014-09-04 04:00:00,50.92653791590087,50.948267559874836,50.67117107359417,50.73093795776367,4754500
2014-09-05 04:00:00,50.73631302673669,50.77434608020466,50.665681397522455,50.67111587524414,4752700
2014-09-08 04:00:00,50.66025214308269,50.720018968307684,50.57332121703237,50.62221908569336,2549200
2014-09-09 04:00:00,50.60594447891137,50.60594447891137,50.3723115423402,50.38861083984375,4647900
2014-09-10 04:00:00,50.39405531352223,50.432088397003646,50.28539054508825,50.41035461425781,3290600
2014-09-11 04:00:00,50.356022230040814,50.44295321572897,50.30168984582382,50.41035461425781,2822400
2014-09-12 04:00:00,50.36688905358163,50.42122558525665,50.26908909998011,50.350589752197266,5372500
2014-09-15 04:00:00,50.39403457641602,50.39946905618999,50.241902305092665,50.258201599121094,3592400
2014-09-16 04:00:00,50.23102088197334,50.45378889920358,50.22015607041472,50.36142349243164,5132200
2014-09-17 04:00:00,50.459262628215754,50.57879222950861,50.39949575492149,50.52445983886719,4399300
2014-09-18 04:00:00,50.51899989541947,50.57333225422002,50.48096682972975,50.54072952270508,3640300
2014-09-19 04:00:00,50.58421473146568,50.633116773167664,50.540747171129404,50.616817474365234,6000600
2014-09-22 04:00:00,50.61682946278286,50.66029288811858,50.480996413531464,50.52445983886719,4355300
2014-09-23 04:00:00,50.41579074713155,50.48642243439696,50.22562532349751,50.26908874511719,3573100
2014-09-24 04:00:00,50.258199366075374,50.258199366075374,50.019132010164505,50.1169319152832,6342700
2014-09-25 04:00:00,50.040866783249825,50.040866783249825,49.714868474769034,49.774635314941406,7348000
2014-09-26 04:00:00,49.56271539340278,49.83981570462577,49.41601352175287,49.74201583862305,11842500
2014-09-29 04:00:00,49.46496974853732,49.64427039029838,49.38346907998263,49.63883590698242,6289400
2014-09-30 04:00:00,49.79093048275118,50.002829572969794,49.74203260591291,49.9593620300293,6905400
2014-10-01 04:00:00,50.06356437790389,50.14541299967634,49.93806260278695,50.01445770263672,9996600
2014-10-02 04:00:00,49.99266902719694,50.13453563862993,49.87262484598673,50.112709045410156,6197300
2014-10-03 04:00:00,50.25456844606908,50.43463467713124,50.18363515640643,50.28185272216797,6371600
2014-10-06 04:00:00,50.363679527928475,50.44007047225386,50.27637321270276,50.336395263671875,4213800
2014-10-07 04:00:00,50.27095594673396,50.31460913944541,50.09634733888578,50.14545822143555,4994200
2014-10-08 04:00:00,50.134540407139475,50.40736660384071,50.05269587852701,50.38554000854492,7589400
2014-10-09 04:00:00,50.28186542120253,50.325518608787256,49.801688683764795,49.850799560546875,7177500
2014-10-10 04:00:00,49.75256630175846,49.82349958699729,49.38698033761128,49.44700241088867,14239800
2014-10-13 04:00:00,49.40881230881752,49.63252756387044,49.1905505788417,49.20146179199219,7908500
2014-10-14 04:00:00,49.38151553404412,49.52883977077035,49.22873361062575,49.36514663696289,11695300
2014-10-15 04:00:00,49.22329376583187,49.376075744628906,48.677641462701494,49.376075744628906,11711300
2014-10-16 04:00:00,49.10324416458472,49.70891848714046,49.02685318363141,49.654354095458984,12623100
2014-10-17 04:00:00,50.058132137521625,50.33095824011134,49.87261238599868,50.074501037597656,13575900
2014-10-20 04:00:00,50.10724087106269,50.472826833875565,50.05267648546307,50.43463134765625,7331400
2014-10-21 04:00:00,50.53831196279686,50.85478709809042,50.53831196279686,50.843875885009766,7453700
2014-10-22 04:00:00,50.83294992393157,50.85477234376162,50.44553328253072,50.51101303100586,8363900
2014-10-23 04:00:00,50.67474366010079,51.79332866559614,50.47830844843372,50.489219665527344,9482300
2014-10-24 04:00:00,50.44554146604038,50.70199865209462,50.44554146604038,50.631065368652344,5764300
2014-10-27 04:00:00,50.59834898880563,50.60926020510942,50.38554072240601,50.42374038696289,4911400
2014-10-28 04:00:00,50.494639175678024,50.5873990213285,50.407332852951974,50.505550384521484,6024200
2014-10-29 04:00:00,50.54376387239879,50.57104814872271,50.31459093806376,50.46737289428711,5320700
2014-10-30 04:00:00,50.472829472257146,51.809675722810425,50.41280739606127,50.4455451965332,3341700
2014-10-31 04:00:00,50.64200168282444,50.64200168282444,50.47285075838804,50.489219665527344,5065400
2014-11-03 05:00:00,50.54071634951348,50.699649919441434,50.518794045255966,50.59552001953125,4936200
2014-11-04 05:00:00,50.57910795791487,50.57910795791487,50.398251981388206,50.436614990234375,5886200
2014-11-05 05:00:00,50.5078515435041,50.51881060859995,50.37084023291246,50.42564392089844,4399300
2014-11-06 05:00:00,50.46397753159558,50.56810322375261,50.45849591161333,50.55714416503906,3747700
2014-11-07 05:00:00,50.557176650482496,50.62842103102591,50.49689133569437,50.60649871826172,3456300
2014-11-10 05:00:00,50.59005496904646,50.65034028018822,50.57909590395404,50.62841796875,2680400
2014-11-11 05:00:00,50.628429803332615,50.75996370270845,50.5571854104448,50.7435188293457,2730700
2014-11-12 05:00:00,50.68319710521063,50.69963778415558,50.562626551279656,50.57906723022461,3218900
2014-11-13 05:00:00,50.628412072165354,50.628412072165354,50.31054904646548,50.37083435058594,5081300
2014-11-14 05:00:00,50.31599076405388,50.38723926265776,50.09677619334941,50.11869430541992,7868000
2014-11-17 05:00:00,50.15709116743832,50.23929877762984,50.063924493805864,50.113250732421875,5213700
2014-11-18 05:00:00,50.096791166856775,50.178994564815895,50.00910196736549,50.014583587646484,5227200
2014-11-19 05:00:00,49.9269170421455,50.014606281425166,49.79538736447907,50.00364303588867,7733300
2014-11-20 05:00:00,49.872117259404426,50.036532505288434,49.82827263633491,50.00912857055664,3274300
2014-11-21 05:00:00,50.211897726193556,50.42563499839677,50.16257148885678,50.28314208984375,7983000
2014-11-24 05:00:00,50.34890127443117,50.387264261462605,50.21736744925026,50.277652740478516,4569100
2014-11-25 05:00:00,50.255748602776194,50.39275991759429,50.23383047190838,50.35987854003906,4878500
2014-11-26 05:00:00,50.39275836310415,50.49140667398027,50.36535860973785,50.42564392089844,3055800
2014-11-28 05:00:00,50.1954635083098,50.22834906726171,49.894041123149684,49.943363189697266,5290500
2014-12-01 05:00:00,49.91968131979631,49.91968131979631,49.40765617587623,49.44069290161133,12432400
2014-12-02 05:00:00,49.578330186248465,49.726980738891214,49.47922841766217,49.71046447753906,6821200
2014-12-03 05:00:00,49.72699866243298,49.8316072893328,49.66092939273706,49.793067932128906,7627000
2014-12-04 05:00:00,49.748992697948324,49.826071367340674,49.71596018262945,49.76000213623047,4581600
2014-12-05 05:00:00,49.69395180446156,49.765523675646705,49.57282694516849,49.72147750854492,5237400
2014-12-08 05:00:00,49.62236566609752,49.66090500437483,49.38562281654466,49.46820831298828,6770800
2014-12-09 05:00:00,49.17091327706428,49.48473486846861,49.126871310206994,49.44069290161133,9702100
2014-12-10 05:00:00,49.203938166448914,49.27551002078939,48.68089950627982,48.87359619140625,15409400
2014-12-11 05:00:00,48.79102881686457,48.95069303022364,48.4056311361956,48.69742965698242,12053000
2014-12-12 05:00:00,48.33953606589153,48.416614714067926,47.954138624538224,48.03672409057617,11563300
2014-12-15 05:00:00,48.14137392127228,48.22946208025886,47.601818720758004,48.00923538208008,14114000
2014-12-16 05:00:00,47.590798215054996,48.26248759817319,47.41461773755464,47.83855056762695,14875500
2014-12-17 05:00:00,47.87708717047007,48.98922978380415,47.838547824491584,48.81304931640625,16864000
2014-12-18 05:00:00,49.55081460879186,49.72148829273694,48.84609258420942,49.20396041870117,16638700
2014-12-19 05:00:00,49.34159972440832,49.721486432540544,49.28653990541212,49.67744445800781,9952800
2014-12-22 05:00:00,49.63339889740919,49.715984426451364,49.385642310282655,49.55632019042969,6622400
2014-12-23 05:00:00,49.68294517384432,49.776544342263016,49.52328094592333,49.73249816894531,5314400
2014-12-24 05:00:00,49.75240671737932,49.92934330742563,49.719228206526154,49.901695251464844,2285700
2014-12-26 05:00:00,49.956982812418964,50.0399227546074,49.708167204354346,49.74687194824219,1815500
2014-12-29 05:00:00,49.77451705932618,49.896161748520946,49.614171843752125,49.77451705932617,4717100
2014-12-30 05:00:00,49.6362792380598,49.74133676942022,49.57546111929883,49.674983978271484,3624300
2014-12-31 05:00:00,49.697093410508955,49.76344619075649,49.45380831993388,49.542274475097656,4185400
2015-01-02 05:00:00,49.5920401149082,49.724741456903665,49.48145214782898,49.542274475097656,3271900
2015-01-05 05:00:00,49.265810486187746,49.34321995326653,49.016994944648744,49.083343505859375,7523100
2015-01-06 05:00:00,48.98934801944436,49.18840214463011,48.84558576936583,48.89535140991211,9489700
2015-01-07 05:00:00,49.27687235922311,49.36533851540682,49.138640562655105,49.199462890625,8353100
2015-01-08 05:00:00,49.381929762988655,49.6694542861225,49.19946698240371,49.56992721557617,8388600
2015-01-09 05:00:00,49.60864901634593,49.8408775213307,49.41512526219195,49.81875991821289,6766700
2015-01-12 05:00:00,49.857465491430844,49.857465491430844,49.56441462766366,49.757938385009766,8698500
2015-01-13 05:00:00,49.76346884050581,49.89064400590555,49.50912272820785,49.757938385009766,7738700
2015-01-14 05:00:00,49.4925000394897,49.67496275481664,49.40402968909004,49.641788482666016,7415500
2015-01-15 05:00:00,49.752376089769115,49.752376089769115,49.326619913674755,49.33768081665039,7061300
2015-01-16 05:00:00,49.39854350093513,49.59759774919765,49.39301726295726,49.525718688964844,7685500
2015-01-20 05:00:00,49.675014496797495,49.675014496797495,49.35431968880611,49.437259674072266,5915300
2015-01-21 05:00:00,49.4095555749247,49.71366710319899,49.376381305839544,49.702606201171875,6110700
2015-01-22 05:00:00,49.77451579890206,49.85745574111649,49.64181442245939,49.76898956298828,6940100
2015-01-23 05:00:00,49.76898956298828,49.840868596373745,49.72475436467382,49.76898956298828,5134500
2015-01-26 05:00:00,49.80214666588813,50.03437504914659,49.72473720480198,49.995670318603516,8252300
2015-01-27 05:00:00,49.807712157732155,50.001235946590015,49.76900739996058,49.957000732421875,8771100
2015-01-28 05:00:00,49.99015288904259,50.03991431486246,49.7689811533432,49.85192108154297,5622400
2015-01-29 05:00:00,49.951417829169266,50.050944847297366,49.84636457894912,50.028831481933594,4923200
2015-01-30 05:00:00,49.97356835041574,50.02886445576396,49.86851503095535,49.89063262939453,6383000
2015-02-02 05:00:00,49.98220678753586,50.08213806152344,49.89893001994082,50.08213806152344,4120600
2015-02-03 05:00:00,50.1765419877811,50.42637241786145,50.13213135998339,50.36530303955078,11682400
2015-02-04 05:00:00,50.32086185201705,50.32086185201705,50.13210513462524,50.1543083190918,8333900
2015-02-05 05:00:00,50.27094167601671,50.45414563743015,50.18766483775463,50.4485969543457,10172500
2015-02-06 05:00:00,50.5596015328172,50.56515444842041,50.39860086539271,50.487430572509766,6076700
2015-02-09 05:00:00,50.454128530780714,50.515197909091384,50.35419720587547,50.36530303955078,4672800
2015-02-10 05:00:00,50.46524356127728,50.53741455078125,50.45969064342766,50.53741455078125,6846600
2015-02-11 05:00:00,50.50968849342662,50.537444627923115,50.42641161866154,50.520790100097656,5688000
2015-02-12 05:00:00,50.59847074269123,50.59847074269123,50.48743782847102,50.515193939208984,3185400
2015-02-13 05:00:00,50.526294829240136,50.62622613651613,50.48743288950134,50.587364196777344,4676600
2015-02-17 05:00:00,50.65398939633639,50.67619682727026,50.53740356065936,50.55405807495117,6624200
2015-02-18 05:00:00,50.60400798879742,50.737248291728626,50.54293863419711,50.72614669799805,4744400
2015-02-19 05:00:00,50.67061176315999,50.698372093123645,50.59844083513882,50.60954666137695,2964800
2015-02-20 05:00:00,50.60399451283452,50.75388928426068,50.565132591677234,50.74834060668945,5470600
2015-02-23 05:00:00,50.770553628988345,50.787212371826165,50.670622350124184,50.78721237182617,4165700
2015-02-24 05:00:00,50.77614221580835,50.853866127792536,50.73728025981625,50.83721160888672,3689300
2015-02-25 05:00:00,50.870516679377836,51.020415809110865,50.83720764416392,51.003761291503906,9048500
2015-02-26 05:00:00,50.98709997559811,51.059275195780934,50.931583507820164,50.992652893066406,7928200
2015-02-27 05:00:00,51.020415809110865,51.048171926577396,50.97044802065479,51.003761291503906,4521800
2015-03-02 05:00:00,51.05004820481297,51.07235105234855,50.90508607658151,50.994293212890625,6933000
2015-03-03 05:00:00,50.91622799091326,50.96083367951689,50.804718023236774,50.84931945800781,10032000
2015-03-04 05:00:00,50.765677777534606,50.82700952221632,50.72664887217639,50.75452423095703,7832800
2015-03-05 05:00:00,50.832593388239594,50.84931945800781,50.76011233463314,50.84931945800781,6412500
2015-03-06 05:00:00,50.70991948089714,50.721073027678955,50.47574604445974,50.52592849731445,9271900
2015-03-09 04:00:00,50.587244399447286,50.59281691726118,50.392095676370666,50.41997528076172,9607500
2015-03-10 04:00:00,50.3363481832696,50.36980031043349,50.124477621513236,50.22483825683594,12447300
2015-03-11 04:00:00,50.375372770381105,50.43670450081845,50.21925718520628,50.36422348022461,9214800
2015-03-12 04:00:00,50.514770174259006,50.537073011882136,50.38095740235158,50.46459197998047,4469900
2015-03-13 04:00:00,50.38094411505014,50.40324694679119,50.16349682286264,50.29173278808594,6184500
2015-03-16 04:00:00,50.33077661865418,50.36980552232748,50.2081173884177,50.24156951904297,4772600
2015-03-17 04:00:00,50.11329788635063,50.19135564482583,49.895850665765586,49.990638732910156,13059600
2015-03-18 04:00:00,49.99064369872056,50.44226423959285,49.89585562216023,50.43668746948242,11633900
2015-03-19 04:00:00,50.27501704937078,50.38095445843254,50.00181474865639,50.0352668762207,9226000
2015-03-20 04:00:00,50.23600321768144,50.44787809935735,50.163522168274206,50.425575256347656,9127300
2015-03-23 04:00:00,50.419986304734216,50.48131804473998,50.35307779186484,50.46459197998047,5459200
2015-03-24 04:00:00,50.447860641116876,50.58167339903476,50.43113032427512,50.54264450073242,6767200
2015-03-25 04:00:00,50.5761089187322,50.64301744086798,50.40326722050467,50.408843994140625,5364600
2015-03-26 04:00:00,50.464579558160956,50.47572884731247,50.30846398705813,50.40324783325195,4876400
2015-03-27 04:00:00,50.397685582646965,50.49246945615048,50.37538274408764,50.442291259765625,3822000
2015-03-30 04:00:00,50.464585975241164,50.62070156619565,50.45900920304113,50.58167266845703,4197700
2015-03-31 04:00:00,50.56495708909867,50.648587420283846,50.49247179696259,50.52035140991211,4498400
2015-04-01 04:00:00,50.60211612726024,50.646922569028824,50.4620992014665,50.62451934814453,9298200
2015-04-02 04:00:00,50.663700103759766,50.73650733268015,50.60209234352888,50.663700103759766,4774400
2015-04-06 04:00:00,50.618902403203734,50.859731614782596,50.618902403203734,50.79252624511719,5020700
2015-04-07 04:00:00,50.83734291647874,51.07817219682312,50.79254074823455,51.061370849609375,8659800
2015-04-08 04:00:00,51.08376977534258,51.13417808572316,50.97175795468339,51.050167083740234,7151900
2015-04-09 04:00:00,51.07257502460948,51.11177959276273,50.9661607940603,50.99976348876953,3415700
2015-04-10 04:00:00,50.99414028890894,51.122953402614264,50.99414028890894,51.11735153198242,3012700
2015-04-13 04:00:00,51.11737769039769,51.145382784912734,51.01096773179103,51.02216720581055,2866600
2015-04-14 04:00:00,51.03894616362688,51.078150714963236,50.9269343806589,51.04454803466797,2830000
2015-04-15 04:00:00,51.1005551190045,51.27977653972225,51.08375377846466,51.24617385864258,4438300
2015-04-16 04:00:00,51.21260877044797,51.21260877044797,51.11739398253646,51.13979721069336,5285400
2015-04-17 04:00:00,51.10058491674364,51.10058491674364,50.96616984106923,50.98297119140625,3901300
2015-04-20 04:00:00,51.10053778184388,51.178946859744634,51.0277305732144,51.094940185546875,3641000
2015-04-21 04:00:00,51.2350038787627,51.2350038787627,51.10058453112443,51.12858963012695,3730700
2015-04-22 04:00:00,51.20699204737043,51.21259392103006,51.066975116722794,51.07817459106445,4031100
2015-04-23 04:00:00,51.11177916422804,51.167785079266345,51.010966807968124,51.061370849609375,4755200
2015-04-24 04:00:00,51.07256323733947,51.156569954724255,51.07256323733947,51.14537048339844,4221400
2015-04-27 04:00:00,51.21818394893365,51.24058716728219,51.11737160285369,51.16217803955078,5049600
2015-04-28 04:00:00,51.1229867701057,51.13978811999201,51.061378971870475,51.08378219604492,4697400
2015-04-29 04:00:00,50.966164130029895,51.07817596837732,50.92135768549983,50.98856735229492,8152700
2015-04-30 04:00:00,50.96615790339974,51.01096434245572,50.85974367888609,50.96055603027344,11463800
2015-05-01 04:00:00,51.00109216942338,51.08547174399258,50.972962783272486,51.074222564697266,8053700
2015-05-04 04:00:00,51.16420223358144,51.17545569895879,50.99543888037673,51.06294250488281,6683700
2015-05-05 04:00:00,51.017959342233105,51.06858707829938,50.90544610885081,50.99545669555664,12736900
2015-05-06 04:00:00,50.995435735999706,51.01793837342739,50.80979219617575,50.843544006347656,13677500
2015-05-07 04:00:00,50.798554035619745,50.95606823982046,50.78167383493524,50.83793258666992,8676400
2015-05-08 04:00:00,51.113599479997376,51.23736190795898,51.079847651259335,51.237361907958984,10319600
2015-05-11 04:00:00,51.197959752072194,51.22608483241349,50.89980729042878,50.916683197021484,5499200
2015-05-12 04:00:00,50.83230704400374,51.04045327125407,50.792928492031,50.91106414794922,6569200
2015-05-13 04:00:00,50.978570882126306,51.062950425847994,50.815429944364084,50.83793258666992,4349000
2015-05-14 04:00:00,50.961690646819314,51.11920914285318,50.961690646819314,51.085453033447266,5147100
2015-05-15 04:00:00,51.13607490417077,51.23733462841425,51.08544289607937,51.19795608520508,8939400
2015-05-18 04:00:00,51.192324431141564,51.192324431141564,51.05168617720985,51.11356735229492,2843700
2015-05-19 04:00:00,51.12482682548438,51.12482682548438,50.98981527624886,51.034820556640625,4743200
2015-05-20 04:00:00,51.040442637334685,51.11357299235063,50.9729347229004,50.97293472290039,2841700
2015-05-21 04:00:00,50.967305385969894,51.09669447570571,50.967305385969894,51.04606246948242,3709300
2015-05-22 04:00:00,51.04045204080633,51.10795567573782,51.017949398515775,51.085453033447266,3716900
2015-05-26 04:00:00,51.00669029686564,51.07419821627993,50.972938483128345,50.97856521606445,3951500
2015-05-27 04:00:00,51.06856181757932,51.13606972421637,51.01230737468456,51.091064453125,3737800
2015-05-28 04:00:00,51.08544508945822,51.09669855482362,51.0179414650238,51.06856918334961,5440700
2015-05-29 04:00:00,51.05731311883821,51.17544873759344,51.05731311883821,51.14169692993164,4764000
2015-06-01 04:00:00,51.22193692954311,51.289740373789904,51.11457572814929,51.22758865356445,9372600
2015-06-02 04:00:00,51.27844159558812,51.27844159558812,51.046768330117565,51.131526947021484,5203700
2015-06-03 04:00:00,51.07502222032571,51.10892394240816,50.8207506827027,50.854652404785156,9532700
2015-06-04 04:00:00,50.8151385752374,50.8603437805918,50.690826416015625,50.690826416015625,11381700
2015-06-05 04:00:00,50.56645036281454,50.64555721672529,50.47604437734521,50.53820037841797,7747600
2015-06-08 04:00:00,50.58340121565253,50.6342580851667,50.4816917876244,50.53820037841797,6487800
2015-06-09 04:00:00,50.526934954748256,50.538238405812315,50.385671993471725,50.4534797668457,11416200
2015-06-10 04:00:00,50.46475070612616,50.56081274247531,50.43650071625963,50.52125930786133,5187500
2015-06-11 04:00:00,50.555178577118895,50.628633749482965,50.50432168009566,50.622982025146484,5202100
2015-06-12 04:00:00,50.52692565966655,50.58342997158178,50.42521617381809,50.436519622802734,5713500
2015-06-15 04:00:00,50.32915966235137,50.413918287830455,50.18224499892114,50.199195861816406,12726200
2015-06-16 04:00:00,50.18220532003508,50.48168182373047,50.18220532003508,50.48168182373047,5249800
2015-06-17 04:00:00,50.40261358685147,50.515626521684574,50.25570323807243,50.436519622802734,5660400
2015-06-18 04:00:00,50.45346909407496,50.6794906465062,50.45346909407496,50.622982025146484,6869900
2015-06-19 04:00:00,50.71904142856119,50.71904142856119,50.54952419539863,50.6512336730957,12585700
2015-06-22 04:00:00,50.79246403492764,50.84896830609051,50.65120120152068,50.75291061401367,5035400
2015-06-23 04:00:00,50.72468351473891,50.741638685076474,50.65122835395027,50.71903610229492,3474800
2015-06-24 04:00:00,50.68511397573015,50.73597084858766,50.58340454101562,50.583404541015625,2636900
2015-06-25 04:00:00,50.611694105368635,50.651247562485786,50.43087768554687,50.430877685546875,5176700
2015-06-26 04:00:00,50.43086928418034,50.470422734708215,50.26135203277358,50.28395462036133,6683200
2015-06-29 04:00:00,50.091828747094404,50.17658735529291,49.9336149776582,49.93926239013672,10156900
2015-06-30 04:00:00,50.153991194703536,50.21049550373741,50.05228171404158,50.17659378051758,4912700
2015-07-01 04:00:00,50.40643966261653,50.40643966261653,50.15103211117542,50.18508529663086,13614700
2015-07-02 04:00:00,50.315649231342256,50.429162780376494,50.24186152723211,50.372406005859375,5586300
2015-07-06 04:00:00,50.27592017734024,50.3724071291975,50.17943322548299,50.20780944824219,4719100
2015-07-07 04:00:00,50.13402977501261,50.304300114935096,50.02051188479953,50.24754333496094,8406300
2015-07-08 04:00:00,50.043206067237776,50.18510015566496,49.980772321908695,49.997798919677734,5744800
2015-07-09 04:00:00,50.20211518073887,50.36104016056331,50.11130523681641,50.111305236816406,6291000
2015-07-10 04:00:00,50.28157727310236,50.4405022585136,50.26455067865979,50.40077209472656,7097900
2015-07-13 04:00:00,50.46322462611828,50.480251226903505,50.3553837141256,50.44619369506836,6119200
2015-07-14 04:00:00,50.36671528055172,50.41779939485755,50.3099585215277,50.39509582519531,6354100
2015-07-15 04:00:00,50.389418850213964,50.45752955920069,50.315635496509046,50.39509582519531,5983300
2015-07-16 04:00:00,50.45184477369628,50.53130509008118,50.446167799593795,50.47454833984375,7523600
2015-07-17 04:00:00,50.50862635247856,50.50862635247856,50.287271886557534,50.338356018066406,7788400
2015-07-20 04:00:00,50.31564139296838,50.32131836861501,50.09995962103306,50.10563659667969,6740400
2015-07-21 04:00:00,50.065876970668505,50.12831067525664,50.00912023838686,50.01479721069336,4904800
2015-07-22 04:00:00,49.87293131165021,49.90698450415144,49.674276141356934,49.691307067871094,10578500
2015-07-23 04:00:00,49.674275340777825,49.78211622231174,49.662925720214844,49.662925720214844,4918400
2015-07-24 04:00:00,49.66293597289689,49.69131652555858,49.4926613174555,49.52104187011719,4702900
2015-07-27 04:00:00,49.384834319463614,49.53240109717683,49.271316417070516,49.3110466003418,11061700
2015-07-28 04:00:00,49.36211186993592,49.63454607100886,49.33940829813592,49.577789306640625,10471000
2015-07-29 04:00:00,49.577775856670186,49.90697106306743,49.577775856670186,49.86724090576172,8839500
2015-07-30 04:00:00,49.83884571128084,50.04317341170363,49.83884571128084,50.01479721069336,6127600
2015-07-31 04:00:00,49.952417786516406,50.08295797958857,49.91268759772065,49.92971420288086,5936500
2015-08-03 04:00:00,49.93880316343023,49.94450580908968,49.81337540783135,49.836181640625,5416900
2015-08-04 04:00:00,49.887514189531224,49.96163121609681,49.85330700032342,49.864707946777344,3691400
2015-08-05 04:00:00,49.96732452097443,50.01863964503688,49.79058160998813,49.79627990722656,7778300
2015-08-06 04:00:00,49.733565842299704,49.79057926091074,49.57962482722039,49.59103012084961,10794800
2015-08-07 04:00:00,49.51688856267311,49.53969479078332,49.41996535558714,49.437068939208984,5483500
2015-08-10 04:00:00,49.47127660538384,49.58530774708493,49.44847472688691,49.57960510253906,3234500
2015-08-11 04:00:00,49.39149141344327,49.43140125340021,49.2945681378116,49.35158157348633,4598600
2015-08-12 04:00:00,49.18049718419166,49.305929240154526,49.05506512822879,49.28312301635742,6371900
2015-08-13 04:00:00,49.243269048729196,49.283178898166994,49.191953899539264,49.220462799072266,7422100
2015-08-14 04:00:00,49.19764398670894,49.32307615286906,49.19194133828905,49.24895477294922,3437900
2015-08-17 04:00:00,49.19764398670894,49.32307615286906,49.14632885062241,49.24895477294922,4153600
2015-08-18 04:00:00,49.18621826171875,49.26033961085431,49.13490749678898,49.18621826171875,5471300
2015-08-19 04:00:00,49.15201449895853,49.28884756478608,49.04368596567915,49.1406135559082,7208500
2015-08-20 04:00:00,48.97529784663157,49.01520769345686,48.832762057991694,48.90117645263672,11099100
2015-08-21 04:00:00,48.76431320353026,48.88974531605968,48.673092617046194,48.724403381347656,13158600
2015-08-24 04:00:00,47.78366765768701,48.678791698082094,47.567014955180206,48.3253059387207,19116200
2015-08-25 04:00:00,48.78143354866392,48.8555549223535,48.410844079599535,48.422245025634766,18194700
2015-08-26 04:00:00,48.61036988323804,48.918247476287235,48.570460066537805,48.827022552490234,10654800
2015-08-27 04:00:00,48.95246988877021,49.288852112853185,48.95246988877021,49.19192886352539,12772100
2015-08-28 04:00:00,49.157717732193944,49.31735703587247,49.066492787323476,49.2375373840332,9100000
2015-08-31 04:00:00,49.169124603271484,49.20333613664489,48.878354843592085,49.169124603271484,5408800
2015-09-01 04:00:00,49.07922907152251,49.119316949930365,48.93033373415109,49.0105094909668,4739100
2015-09-02 04:00:00,49.21091842651367,49.22809831102002,49.06774689662963,49.21091842651367,5259700
2015-09-03 04:00:00,49.251004145318994,49.382723869572175,49.17082844159903,49.279640197753906,8779000
2015-09-04 04:00:00,49.17082827287562,49.2910918280429,49.16510018855866,49.22809600830078,4671000
2015-09-08 04:00:00,49.45145654308591,49.50300057731356,49.38846070639064,49.49727249145508,5450300
2015-09-09 04:00:00,49.59463568475568,49.60609185822357,49.388468254833484,49.43428421020508,4914800
2015-09-10 04:00:00,49.411378580496326,49.594638041441016,49.411378580496326,49.55455017089844,4744100
2015-09-11 04:00:00,49.33691803000314,49.56599338861744,49.314010057216805,49.537357330322266,4834900
2015-09-14 04:00:00,49.457182248180395,49.50299819434409,49.3770065270185,49.451454162597656,4383100
2015-09-15 04:00:00,49.39420936214092,49.48584129703877,49.365573290172556,49.440025329589844,4247800
2015-09-16 04:00:00,49.26820214650161,49.38274202911291,49.21666247626384,49.262474060058594,5026700
2015-09-17 04:00:00,49.25673969563901,49.48581504209545,49.16510780935691,49.30255126953125,6576800
2015-09-18 04:00:00,49.15940252737249,49.279670526217814,49.073503055698474,49.165130615234375,10827600
2015-09-21 04:00:00,49.17083812007224,49.1937460926796,49.027666568213014,49.073482513427734,7579000
2015-09-22 04:00:00,48.87876956899494,49.073485162042246,48.655422285579874,48.71841812133789,7366900
2015-09-23 04:00:00,48.70698224404936,48.74134203142448,48.59817042502722,48.632530212402344,7686000
2015-09-24 04:00:00,48.53516223162589,48.53516223162589,48.3060868457683,48.391990661621094,9167500
2015-09-25 04:00:00,48.44924821567319,48.540880098424644,48.12854536454041,48.14572525024414,8384200
2015-09-28 04:00:00,47.91668071124634,48.11712012203754,47.372630257777175,47.40699005126953,12416300
2015-09-29 04:00:00,47.36688533590589,47.58450456610592,47.32106938136381,47.4012451171875,11417600
2015-09-30 04:00:00,47.60739613762936,47.72765969992147,47.43559292117566,47.69902801513672,14539800
2015-10-01 04:00:00,47.61732586296177,47.69213095755142,47.369888223653874,47.392906188964844,12179800
2015-10-02 04:00:00,47.12242389668878,47.45617761933528,46.990076158890496,47.43891525268555,14060200
2015-10-05 04:00:00,47.68640880323255,48.031669712728956,47.651879639121454,48.00865173339844,13531400
2015-10-06 04:00:00,48.03738900274553,48.325106941599415,47.968335116938746,48.2733154296875,13985800
2015-10-07 04:00:00,48.53802085101019,48.81423203499196,48.45170458162665,48.76819610595703,18000700
2015-10-08 04:00:00,48.69341283345436,48.986882134542974,48.601340934127094,48.96961975097656,9466900
2015-10-09 04:00:00,49.04436893354123,49.257277255918716,48.900510060486425,48.97531509399414,9900600
2015-10-12 04:00:00,49.015633906640936,49.05591424712917,48.814232204199755,48.88328170776367,3867000
2015-10-13 04:00:00,48.791214070474496,48.88328153831653,48.69914221240463,48.76819610595703,7772600
2015-10-14 04:00:00,48.77394961964081,48.88327945866274,48.704895729026184,48.73366928100586,7748100
2015-10-15 04:00:00,48.80847835558548,48.88328345052258,48.68763732981262,48.848758697509766,8049200
2015-10-16 04:00:00,48.860268844920135,49.07893292643658,48.84875766733995,49.073177337646484,5978200
2015-10-19 04:00:00,48.99838236641025,49.24006446278602,48.95810201701428,49.20553970336914,10347000
2015-10-20 04:00:00,49.13074582744827,49.309134051695175,49.078958671855126,49.2515869140625,10294800
2015-10-21 04:00:00,49.28609196980394,49.355141476824016,49.061672291532574,49.19977569580078,14332200
2015-10-22 04:00:00,49.245806938234466,49.30334965201481,49.14798388578512,49.21703338623047,11805100
2015-10-23 04:00:00,49.429928761912734,49.539258562332385,49.24578950885079,49.3896484375,13201700
2015-10-26 04:00:00,49.44720195138763,49.4529575390564,49.303342991257935,49.337867736816406,9354100
2015-10-27 04:00:00,49.2975911920737,49.30334678018478,49.107696296454726,49.17675018310547,5585800
2015-10-28 04:00:00,49.17675653185372,49.32061552161115,49.0846890613275,49.30910873413086,8637000
2015-10-29 04:00:00,49.17101064008997,49.3033628684685,49.15950385034041,49.18252182006836,6064500
2015-10-30 04:00:00,49.217044744753196,49.34939696819768,49.13648404882304,49.24006271362305,8803100
2015-11-02 05:00:00,49.24235543223828,49.41578648239661,49.201888775272636,49.392662048339844,5476000
2015-11-03 05:00:00,49.346430392016586,49.473612618421924,49.346430392016586,49.444705963134766,5873700
2015-11-04 05:00:00,49.467804449167524,49.467804449167524,49.27703120965952,49.30015563964844,6082100
2015-11-05 05:00:00,49.2828327906988,49.33485947072271,49.10362390101316,49.10940170288086,8529600
2015-11-06 05:00:00,48.91861672184327,48.959083374296675,48.75674570149533,48.87236785888672,8207700
2015-11-09 05:00:00,48.76830420047158,48.81455305781205,48.63533983825119,48.67002868652344,10127900
2015-11-10 05:00:00,48.618008617034185,48.67003969594536,48.48504863527133,48.56019973754883,9673000
2015-11-11 05:00:00,48.58332991679868,48.618014366484644,48.41568105909103,48.44458770751953,3943900
2015-11-12 05:00:00,48.25379871535195,48.375198660294544,48.109274341296405,48.12083435058594,11570600
2015-11-13 05:00:00,48.143987202734955,48.19023608826508,47.97633830059063,47.982120513916016,7487900
2015-11-16 05:00:00,47.930084683135675,48.236475772891076,47.87227138198243,48.20756912231445,8228200
2015-11-17 05:00:00,48.32897553195469,48.40990887167122,48.1960155069359,48.24225997924805,9106400
2015-11-18 05:00:00,48.21337777200471,48.363684498458646,48.21337777200471,48.33477783203125,7479000
2015-11-19 05:00:00,48.17288691750211,48.26538026469833,47.89539805484177,47.901180267333984,9428300
2015-11-20 05:00:00,47.91273091074029,48.10350419084827,47.87226425228117,47.88960647583008,9763700
2015-11-23 05:00:00,47.83182463676341,47.91854021406981,47.80292238468626,47.84916687011719,5138900
2015-11-24 05:00:00,47.77976357414544,47.93007017267557,47.73351471143859,47.912723541259766,9529200
2015-11-25 05:00:00,47.889623357561234,47.976338916409155,47.889623357561234,47.964778900146484,7132500
2015-11-27 05:00:00,47.993660496568005,48.06881600681724,47.94741604087768,48.03990936279297,2259900
2015-11-30 05:00:00,48.03988854909249,48.0687951805927,47.976297488218194,48.010986328125,5356300
2015-12-01 05:00:00,48.12601478369267,48.37579391978217,48.09697337777733,48.35255813598633,9849200
2015-12-02 05:00:00,48.31771964130117,48.46875006061389,48.230586536629446,48.253822326660156,11871300
2015-12-03 05:00:00,48.16669913063126,48.28868372955628,48.05052458835258,48.12603759765625,15290200
2015-12-04 05:00:00,48.09698619604509,48.17249918967698,47.92271998701914,48.015663146972656,14027900
2015-12-07 05:00:00,47.82398857430381,47.92273739379219,47.643912244428954,47.678768157958984,11989900
2015-12-08 05:00:00,47.301158882894086,47.411527735103505,47.02814399486369,47.08623123168945,25199100
2015-12-09 05:00:00,47.086238118218745,47.45800180640191,47.08043249592754,47.3302116394043,16703900
2015-12-10 05:00:00,47.20824158266397,47.38250782024142,47.05140551426388,47.132728576660156,14206800
2015-12-11 05:00:00,46.78415915836789,46.78415915836789,45.66886863317999,46.19165802001953,54233300
2015-12-14 05:00:00,46.12198433338531,46.18588164232484,45.43073404491598,45.7908821105957,38540500
2015-12-15 05:00:00,46.354325088192994,46.73189435173595,46.33108930659814,46.54020690917969,36337800
2015-12-16 05:00:00,46.69705217128095,46.98749285125248,46.505360258874205,46.894554138183594,30575300
2015-12-17 05:00:00,46.877121426670655,46.94101872733307,46.3543317765568,46.37175750732422,17345300
2015-12-18 05:00:00,46.21493168720788,46.34853638497935,46.08713704545453,46.197505950927734,23548900
2015-12-21 05:00:00,46.29624573532327,46.41242467420669,45.93029204933055,46.052276611328125,14468700
2015-12-22 05:00:00,46.12200114554905,46.621559689296426,46.09876534912185,46.60993957519531,12569500
2015-12-23 05:00:00,46.7667710157205,46.987504391272154,46.71448937596338,46.90618133544922,12824900
2015-12-24 05:00:00,46.920204604519206,47.124585442464344,46.87348771151228,47.001956939697266,5284300
2015-12-28 05:00:00,46.85593167033432,46.86177239097552,46.645710278896225,46.72162628173828,7151600
2015-12-29 05:00:00,46.809250159123245,47.02530795860998,46.80340943462789,46.990272521972656,7485500
2015-12-30 05:00:00,46.93185835247742,47.08952220435001,46.820906910870285,47.02528762817383,13145300
2015-12-31 05:00:00,46.996110518469514,47.22968602271647,46.94355291139693,47.05450439453125,7935200
2016-01-04 05:00:00,46.721654916361764,46.80924795900547,46.52311038935821,46.774208068847656,14787700
2016-01-05 05:00:00,46.914358118962426,47.02530961243923,46.756694193382174,46.8618049621582,11491300
2016-01-06 05:00:00,46.67494186824166,46.908521849429235,46.67494186824166,46.8618049621582,11320100
2016-01-07 05:00:00,46.52310373058004,46.71580750578137,46.49390902398888,46.558143615722656,11004700
2016-01-08 05:00:00,46.73916395880981,46.84427469943969,46.4238317369202,46.435508728027344,17902100
2016-01-11 05:00:00,46.634048056655324,46.68660119357041,46.31287514717683,46.36543273925781,16917700
2016-01-12 05:00:00,46.651571340070035,46.686606768864,46.30704440981885,46.41215515136719,15217700
2016-01-13 05:00:00,46.447200995218104,46.493917880863215,45.83405412283648,45.89828872680664,20352700
2016-01-14 05:00:00,45.93331644905985,46.15521491433324,45.71141352862022,46.102657318115234,18572700
2016-01-15 05:00:00,45.355225903032924,45.94501444598662,45.20923894869961,45.49537658691406,27309900
2016-01-19 05:00:00,45.5186992751809,45.62380998822144,45.191690148017116,45.337677001953125,15975700
2016-01-20 05:00:00,44.981480945316164,45.20922014292953,44.274904914878974,45.03403854370117,25973500
2016-01-21 05:00:00,45.034026306038925,45.524539996784604,44.847163311207446,45.337677001953125,20065800
2016-01-22 05:00:00,45.78147993860438,46.085130645483865,45.688046210231995,46.03257751464844,17653100
2016-01-25 05:00:00,45.89244958568446,45.9800426354993,45.56544028522112,45.57712173461914,16448400
2016-01-26 05:00:00,45.75815014831263,46.00924788152851,45.653039365683476,45.98588943481445,12010900
2016-01-27 05:00:00,45.96834433075477,46.178565770786584,45.769799879540045,45.91578674316406,14563000
2016-01-28 05:00:00,46.196096609099506,46.30120735898465,45.980034385678174,46.14937973022461,14622600
2016-01-29 05:00:00,46.24865089227703,46.394637800971296,46.20777473604931,46.30120849609375,14218700
2016-02-01 05:00:00,46.21962919248474,46.237233717849406,45.955547880281195,46.025970458984375,8865500
2016-02-02 05:00:00,45.80298119819601,45.90274317938089,45.6738753509001,45.697349548339844,15442100
2016-02-03 05:00:00,45.838191666149385,46.008376244889995,45.5565057654505,45.92034912109375,15465200
2016-02-04 05:00:00,45.902737881956945,46.00249985162876,45.73255332809304,45.77363204956055,8989700
2016-02-05 05:00:00,45.767785221997705,45.767785221997705,45.351128131395896,45.42155075073242,14632300
2016-02-08 05:00:00,45.05182829034458,45.06943729947689,44.76427715596304,44.89338302612305,15649900
2016-02-09 05:00:00,44.65276390691383,44.92858010554817,44.52366254843676,44.72318649291992,18685000
2016-02-10 05:00:00,44.84055042234271,45.02833947826727,44.57059945703466,44.658626556396484,13086000
2016-02-11 05:00:00,44.21849617835168,44.52365619693399,44.065916169060515,44.359336853027344,22158200
2016-02-12 05:00:00,44.51779974130453,45.06356255454023,44.46498167434848,45.022483825683594,17751500
2016-02-16 05:00:00,45.07529916184554,45.20440502246739,45.00488103950331,45.06356430053711,14106000
2016-02-17 05:00:00,45.29242498638895,45.53302766173267,45.251346262440265,45.433265686035156,16353000
2016-02-18 05:00:00,45.597582337479714,45.626926203106514,45.445006772507156,45.47434616088867,13247300
2016-02-19 05:00:00,45.27481924038921,45.5858444958099,45.21613599021937,45.56237030029297,12879900
2016-02-22 05:00:00,45.79712493839475,45.979044425259985,45.74430685937946,45.955570220947266,13826600
2016-02-23 05:00:00,45.808857186451554,45.93796306417682,45.62106803991837,45.86167526245117,16809700
2016-02-24 05:00:00,45.51543111341342,45.99077583357714,45.45674785137661,45.937957763671875,13622100
2016-02-25 05:00:00,45.96729685929341,46.202034360307444,45.808847143279635,46.184425354003906,10699100
2016-02-26 05:00:00,46.33111069668685,46.53650869736226,46.278297138051244,46.49542999267578,12060200
2016-02-29 05:00:00,46.524783984761655,47.02359826332832,46.513049127125306,46.994258880615234,23746800
2016-03-01 05:00:00,47.09396850073316,47.790083945154784,46.92288878549112,47.73698806762695,24023200
2016-03-02 05:00:00,47.489206571474384,47.5540990150517,47.32402744265712,47.41251754760742,14987400
2016-03-03 05:00:00,47.35350623506372,47.70746654342456,47.18832715825121,47.571781158447266,12018400
2016-03-04 05:00:00,47.65440457344779,47.92577103551927,47.48922537921259,47.70750045776367,18029900
2016-03-07 05:00:00,47.59539600021286,47.78417279914067,47.58949545939807,47.766475677490234,12656200
2016-03-08 05:00:00,47.66028166382527,47.695675902088865,47.40661245441857,47.43021011352539,17813700
2016-03-09 05:00:00,47.51872024801454,47.607205880986776,47.40663244518948,47.548213958740234,7699600
2016-03-10 05:00:00,47.81958938130958,47.896282945347316,47.51872917111787,47.87858581542969,18167000
2016-03-11 05:00:00,48.20891544014004,48.527477090719906,48.161720121359316,48.45668411254883,18662700
2016-03-14 04:00:00,48.30332040665314,48.40950766490733,48.09684643249085,48.321022033691406,12512400
2016-03-15 04:00:00,48.02015508067693,48.06735041559056,47.84907536721115,47.87267303466797,16442600
2016-03-16 04:00:00,47.74290302727436,48.368225657427026,47.678010546696676,48.19124984741211,21567100
2016-03-17 04:00:00,48.30331989572954,48.58058687272688,48.20893372316588,48.49799728393555,18423000
2016-03-18 04:00:00,48.551100234042494,48.733976564315874,48.53929914775639,48.61009216308594,12922000
2016-03-21 04:00:00,48.60418309772901,48.6454778908984,48.456701050581934,48.55698776245117,12653600
2016-03-22 04:00:00,48.45667944048863,48.521571872357036,48.36229331282097,48.427181243896484,8941200
2016-03-23 04:00:00,48.41541179420546,48.41541179420546,48.18534013440858,48.20303726196289,11354200
2016-03-24 04:00:00,47.85497684186922,48.07324739370741,47.83137917395253,47.990657806396484,13497800
2016-03-28 04:00:00,47.93758294858403,48.037869696192786,47.74880604099251,47.772403717041016,11298900
2016-03-29 04:00:00,47.630795149447806,47.97295453924471,47.59540090250136,47.955257415771484,11348400
2016-03-30 04:00:00,48.04374176252907,48.20302035544862,48.01424355975435,48.1263313293457,11796400
2016-03-31 04:00:00,48.07326147327256,48.31513426466143,48.06736543016278,48.19124984741211,9436700
2016-04-01 04:00:00,47.99504470603045,48.30916318037004,47.888362533446035,48.22618865966797,10822400
2016-04-04 04:00:00,48.16101701797242,48.30918652250071,48.05433479384107,48.10767364501953,9269700
2016-04-05 04:00:00,47.9002387096432,48.04840821870814,47.87653104557986,47.929874420166016,13254500
2016-04-06 04:00:00,48.01283154683006,48.37436537939337,47.995051935683165,48.33287811279297,13935000
2016-04-07 04:00:00,48.137312478401675,48.24992275611859,48.04248181889801,48.0958251953125,11306100
2016-04-08 04:00:00,48.350676825743776,48.386236062085885,48.255846166465204,48.31511306762695,7953000
2016-04-11 04:00:00,48.39214325859905,48.516605053945796,48.374363648088476,48.380287170410156,8126900
2016-04-12 04:00:00,48.46324784396019,48.68254019502661,48.43361667550568,48.66476058959961,11772800
2016-04-13 04:00:00,48.78332371126719,49.08559075103302,48.78332371126719,48.98483657836914,13596100
2016-04-14 04:00:00,48.9848129938139,49.03222829521773,48.89591043412472,48.96703338623047,10758400
2016-04-15 04:00:00,48.87815544860786,48.93742234433197,48.83666816942356,48.89000701904297,7857300
2016-04-18 04:00:00,48.694412846159196,49.17448044309791,48.676628712910386,49.16855239868164,9211400
2016-04-19 04:00:00,49.28117713568112,49.435274683439324,49.23968985610479,49.37600326538086,11623600
2016-04-20 04:00:00,49.417470401067135,49.60712710493178,49.32264431002106,49.4708137512207,10128800
2016-04-21 04:00:00,49.53009491791463,49.54787453250625,49.29302283922082,49.31673049926758,13349500
2016-04-22 04:00:00,49.358244047430425,49.45899826493055,49.31675675070825,49.42936706542969,10982300
2016-04-25 04:00:00,49.3404124671173,49.41153541022293,49.22187875037935,49.23965835571289,8972400
2016-04-26 04:00:00,49.36417142576497,49.411586770453994,49.28712488197742,49.40565872192383,8291000
2016-04-27 04:00:00,49.45306449925187,49.731623943188616,49.43528487887723,49.69606018066406,10505400
2016-04-28 04:00:00,49.68421352545035,49.808675402167424,49.57753127086776,49.61309051513672,9229000
2016-04-29 04:00:00,49.56567026888301,49.731623943188616,49.39972111635268,49.69606018066406,20284700
2016-05-02 04:00:00,49.64363942244006,49.73294887205441,49.59005647815184,49.715087890625,11420700
2016-05-03 04:00:00,49.53647762388187,49.54838797522191,49.3221367244422,49.393585205078125,18449200
2016-05-04 04:00:00,49.30428263367182,49.334053973716465,49.18520635843069,49.209022521972656,17645200
2016-05-05 04:00:00,49.36380009345165,49.369750724445375,49.14350410009071,49.167320251464844,18782100
2016-05-06 04:00:00,48.95893602720903,49.244720767067456,48.94702567994278,49.137550354003906,16204400
2016-05-09 04:00:00,49.06016627131909,49.173287350146445,48.98871779326924,49.048255920410156,11622800
2016-05-10 04:00:00,49.07801468507817,49.476925031465846,49.07801468507817,49.46501922607422,11420700
2016-05-11 04:00:00,49.46503254099866,49.631741116156434,49.37572307788758,49.42930603027344,20692000
2016-05-12 04:00:00,49.56028918644802,49.56028918644802,49.39358062289764,49.50670623779297,11312400
2016-05-13 04:00:00,49.45908651211349,49.524579827675666,49.26260656542696,49.28642272949219,11332400
2016-05-16 04:00:00,49.37571033454045,49.58409599970553,49.33998837550267,49.560279846191406,12981700
2016-05-17 04:00:00,49.47692927919408,49.60791586208138,49.42334633663136,49.459068298339844,7489900
2016-05-18 04:00:00,49.476925031465846,49.61386677703679,49.32807748050327,49.46501922607422,16612500
2016-05-19 04:00:00,49.29236488759838,49.363813360923935,49.17328409872246,49.328086853027344,20290200
2016-05-20 04:00:00,49.33403912850362,49.51265803008545,49.33403912850362,49.50074768066406,10556700
2016-05-23 04:00:00,49.48884100956781,49.7746257961477,49.39357638572965,49.512657165527344,10457400
2016-05-24 04:00:00,49.63770380739531,49.810367584228516,49.60197729126069,49.810367584228516,10838400
2016-05-25 04:00:00,49.9115572399036,49.96514017288578,49.86392493783077,49.88774108886719,15119600
2016-05-26 04:00:00,49.97704812740155,49.97704812740155,49.73889117090351,49.74484634399414,12269000
2016-05-27 04:00:00,49.76867007755544,49.82821273803711,49.73294811524023,49.82821273803711,6225600
2016-05-31 04:00:00,49.863967273721066,49.93541578749209,49.72702542461083,49.78061294555664,11994100
2016-06-01 04:00:00,49.650150421871295,49.883474061573864,49.596308611668796,49.85954284667969,16488600
2016-06-02 04:00:00,49.775815153700265,49.901455246896326,49.72197331182928,49.87154006958008,12118900
2016-06-03 04:00:00,49.91939087884084,49.99117998458351,49.793755379377004,49.96126937866211,13093000
2016-06-06 04:00:00,50.122806661402024,50.21254762093999,50.02708631846572,50.18263244628906,16126200
2016-06-07 04:00:00,50.24246162733821,50.46381748271471,50.21254645338288,50.40399169921875,18423500
2016-06-08 04:00:00,50.4697511157104,50.61333376584216,50.46376717400195,50.59538650512695,14652800
2016-06-09 04:00:00,50.595404990450206,50.595404990450206,50.338150175919125,50.39797592163086,11188300
2016-06-10 04:00:00,50.19458082111873,50.2663699092983,50.05099808034655,50.15270233154297,15259900
2016-06-13 04:00:00,49.95527992237753,50.14074117764464,49.81767654418945,49.81767654418945,17257900
2016-06-14 04:00:00,49.73393019558312,49.79973992561377,49.51855372719456,49.65017318725586,20578800
2016-06-15 04:00:00,49.81168705999752,49.88347614326335,49.63818916808388,49.6740837097168,14202800
2016-06-16 04:00:00,49.566387607964636,49.74586941630341,49.32708005165026,49.7039909362793,19195500
2016-06-17 04:00:00,49.709989829558594,49.85357715835937,49.692042554561944,49.73392105102539,16113800
2016-06-20 04:00:00,50.09287498212026,50.23645771834126,49.97321889825867,50.02706527709961,13368400
2016-06-21 04:00:00,50.11681989810817,50.24245997305195,50.03306289108868,50.218528747558594,12141800
2016-06-22 04:00:00,50.24842159429442,50.32619919075864,50.188595833915514,50.2663688659668,10759500
2016-06-23 04:00:00,50.48774710657328,50.63731384277344,50.445868603013814,50.63731384277344,9920200
2016-06-24 04:00:00,49.650159196770126,50.37406145871055,49.59631737705192,49.80570983886719,31416700
2016-06-27 04:00:00,49.65613920292403,49.692033746554955,49.06385641094888,49.08778762817383,27244200
2016-06-28 04:00:00,49.55442428413431,49.721938204230774,49.47066732408608,49.7039909362793,13910300
2016-06-29 04:00:00,50.00313604941388,50.43388883962482,49.9792048316896,50.33218002319336,23604300
2016-06-30 04:00:00,50.2902742208593,50.73299466169946,50.218485171087835,50.67316436767578,26304600
2016-07-01 04:00:00,50.671414474501105,50.91184455495539,50.64135842148941,50.773597717285156,16343000
2016-07-05 04:00:00,50.67137789684825,50.67137789684825,50.40088737272879,50.48503875732422,12078200
2016-07-06 04:00:00,50.418951262613184,50.71348588215557,50.3408119517051,50.70747375488281,9607000
2016-07-07 04:00:00,50.71949773904607,50.85173703484182,50.64135842148941,50.773597717285156,13058100
2016-07-08 04:00:00,50.98397870509474,51.47686773043688,50.965946906811865,51.44681167602539,21395600
2016-07-11 04:00:00,51.47682571411133,51.645128475259774,51.45278180738922,51.47682571411133,18313500
2016-07-12 04:00:00,51.7292967019256,51.8855798535611,51.609081715072314,51.62110137939453,16074300
2016-07-13 04:00:00,51.61513074745101,51.63316254978182,51.3987399476592,51.47086715698242,13040300
2016-07-14 04:00:00,51.63312843174726,51.63914055718854,51.452801355773225,51.573020935058594,7764400
2016-07-15 04:00:00,51.6031064886231,51.657206481526586,51.45283535465162,51.47086715698242,9163800
2016-07-18 04:00:00,51.50090933876331,51.65719256003077,51.47085328570462,51.64516830444336,7447200
2016-07-19 04:00:00,51.530956152399256,51.61510758278355,51.41674867434528,51.50691223144531,7349700
2016-07-20 04:00:00,51.57902137904185,51.687216692560604,51.482850314751516,51.63913345336914,7247500
2016-07-21 04:00:00,51.560981589697676,51.74130861288097,51.536937680879454,51.566993713378906,11265000
2016-07-22 04:00:00,51.579038530741904,51.8495291974394,51.530955275561205,51.79542922973633,10523500
2016-07-25 04:00:00,51.74730437257918,51.74730437257918,51.5008623886212,51.5489501953125,14768400
2016-07-26 04:00:00,51.51293010988313,51.54298616358447,51.32058328956038,51.35063934326172,14292600
2016-07-27 04:00:00,51.44079259529922,51.52494402568352,51.29652906957556,51.50691223144531,11730800
2016-07-28 04:00:00,51.398699770889394,51.398699770889394,51.236404504951174,51.290504455566406,17968100
2016-07-29 04:00:00,51.20036400218891,51.35063508641864,51.08615651068327,51.33861541748047,15202400
2016-08-01 04:00:00,51.3041895930276,51.310228800820134,51.008332903115196,51.05059814453125,18335300
2016-08-02 04:00:00,51.032446466566775,51.08679008730371,50.89357702596867,50.97810745239258,21959800
2016-08-03 04:00:00,51.020402783645075,51.2558811971982,50.990211353572946,51.207576751708984,13733700
2016-08-04 04:00:00,51.39473039829694,51.600017282207425,51.32227376520683,51.533599853515625,11832000
2016-08-05 04:00:00,51.70268499266676,51.793254674900716,51.63023293213192,51.648345947265625,12314900
2016-08-08 04:00:00,51.74493160958273,51.88380568657588,51.684553378675865,51.85965347290039,10800900
2016-08-09 04:00:00,51.88985029100004,52.0770242082567,51.877771879623616,52.04079818725586,13772300
2016-08-10 04:00:00,52.05287365203656,52.07702586899541,51.926077967925856,51.944190979003906,7250400
2016-08-11 04:00:00,52.02873390733914,52.14345581375358,51.98646866917047,52.07099914550781,6732600
2016-08-12 04:00:00,52.0408139272957,52.12534440624054,51.99854868782328,52.11326599121094,3996500
2016-08-15 04:00:00,52.221924914607605,52.30042075686049,52.12532067118711,52.27022933959961,9396400
2016-08-16 04:00:00,52.288386343541056,52.288386343541056,52.13743834335383,52.161590576171875,8104400
2016-08-17 04:00:00,52.197778163246156,52.2581610040854,52.119286919344724,52.2340087890625,14139600
2016-08-18 04:00:00,52.27629784308507,52.4393196105957,52.240067200753515,52.4393196105957,8582700
2016-08-19 04:00:00,52.37289542900202,52.41516066750074,52.25817812825721,52.282325744628906,7474000
2016-08-22 04:00:00,52.22796821406149,52.26419423236387,52.11324634735213,52.197776794433594,5364700
2016-08-23 04:00:00,52.330636672769735,52.421206368361844,52.2823322209118,52.372901916503906,7476400
2016-08-24 04:00:00,52.36685185914764,52.39703867772481,52.22193854634423,52.22797775268555,6655300
2016-08-25 04:00:00,52.258182752413575,52.39101308047364,52.24610433659345,52.32460021972656,7482800
2016-08-26 04:00:00,52.29441262660755,52.54196489030653,52.17365609893482,52.26422119140625,10544900
2016-08-29 04:00:00,52.342718505560676,52.554044738025354,52.324605486573184,52.52385330200195,10038500
2016-08-30 04:00:00,52.523843756231216,52.614413441274756,52.40308724721685,52.55403518676758,16157400
2016-08-31 04:00:00,52.51178127236137,52.54800731156488,52.30045503273,52.3487548828125,16985000
2016-09-01 04:00:00,52.39180062270745,52.470629211391376,52.222013123165226,52.45243835449219,14952700
2016-09-02 04:00:00,52.61012116993683,52.773843573780205,52.52522738626038,52.69501495361328,13540100
2016-09-06 04:00:00,52.67679809719617,52.7616918389836,52.66466777616257,52.7556266784668,12662000
2016-09-07 04:00:00,52.72531009416183,52.76169643406963,52.573713452572676,52.61009979248047,8245100
2016-09-08 04:00:00,52.616157568077405,52.6464787453502,52.50700780680232,52.5130729675293,8430700
2016-09-09 04:00:00,52.36147856978383,52.48881919231533,51.991582397798936,52.00977325439453,25087600
2016-09-12 04:00:00,51.90670130327816,52.288727890365564,51.87638474368235,52.19170379638672,17718300
2016-09-13 04:00:00,52.064364638174965,52.13106754811036,51.70659406430659,51.7914924621582,21907200
2016-09-14 04:00:00,51.86425167471446,52.03403920383086,51.71872016780942,51.77935791015625,14257700
2016-09-15 04:00:00,51.846029241660034,52.10677553869005,51.80964754368016,52.08251953125,9964800
2016-09-16 04:00:00,52.01582470499748,52.10678359036275,51.89454927541784,52.09465789794922,8396600
2016-09-19 04:00:00,52.131030826090935,52.19166853067333,52.040071956037195,52.12496566772461,9855500
2016-09-20 04:00:00,52.14922095049851,52.209858654238666,51.979433529481966,52.064327239990234,8705600
2016-09-21 04:00:00,52.09465283765406,52.525186585110625,52.07645736125958,52.49486541748047,17484300
2016-09-22 04:00:00,52.6707534790039,52.834475865915955,52.57979454122442,52.670753479003906,11813600
2016-09-23 04:00:00,52.63435581029822,52.73744041625188,52.573713452572676,52.61009979248047,13122600
2016-09-26 04:00:00,52.49488029276574,52.56158317936494,52.337218503862005,52.37966537475586,6590500
2016-09-27 04:00:00,52.30690899414804,52.537334234819475,52.22807577590479,52.53126907348633,8516500
2016-09-28 04:00:00,52.62221871287499,52.89509540841884,52.4342403819434,52.882965087890625,11149300
2016-09-29 04:00:00,52.85870632635729,52.87083664625515,52.488810217618365,52.68285369873047,13425800
2016-09-30 04:00:00,52.75562632859747,52.93147897152289,52.74350063400624,52.91328811645508,12158000
2016-10-03 04:00:00,52.88039779663086,52.93521748806191,52.77685517016086,52.88039779663086,10708800
2016-10-04 04:00:00,52.953444308805786,52.98998764085595,52.72199081405062,52.78899002075195,11057500
2016-10-05 04:00:00,52.9717851197015,52.98396469731173,52.843878643653625,52.92914962768555,9424500
2016-10-06 04:00:00,52.97175605622426,52.98393562715204,52.82557797050303,52.959571838378906,9455200
2016-10-07 04:00:00,52.98393141881014,53.105750353000104,52.83166123626057,53.08138656616211,10824200
2016-10-10 04:00:00,53.117942428010224,53.29457643898104,53.081399062608774,53.23366928100586,4182300
2016-10-11 04:00:00,53.154483641485335,53.16057575111171,52.84994321702029,52.935218811035156,8855400
2016-10-12 04:00:00,52.91084750519727,53.00829801078903,52.825576570210444,52.916934967041016,7915300
2016-10-13 04:00:00,52.75249926467258,52.84994979623546,52.64286451234016,52.782955169677734,10614800
2016-10-14 04:00:00,52.93524488716372,52.977880381714535,52.83169756018,52.904788970947266,6766300
2016-10-17 04:00:00,52.892591282558215,52.9839543610319,52.81341242623793,52.83168411254883,7790000
2016-10-18 04:00:00,53.02047881201983,53.0631142767661,52.88038820104375,53.044837951660156,8404600
2016-10-19 04:00:00,53.08748676470472,53.227572751724665,53.07530254597035,53.19711685180664,9874300
2016-10-20 04:00:00,53.19710918545608,53.239749297963506,53.099658684214425,53.20320129394531,12558000
2016-10-21 04:00:00,53.099643384857124,53.26409309134656,53.032644151531386,53.215370178222656,8332900
2016-10-24 04:00:00,53.28237853563495,53.33110145710217,53.16055961467517,53.24583053588867,7200800
2016-10-25 04:00:00,53.19100639820276,53.24582141806061,53.130099271610966,53.215370178222656,6906500
2016-10-26 04:00:00,53.08139218705447,53.203206487226396,52.98393702938278,53.0022087097168,13813300
2016-10-27 04:00:00,53.04486851767485,53.069232318271446,52.71596882692035,52.80732727050781,19333100
2016-10-28 04:00:00,52.74640411188827,52.78295212517011,52.508862936689134,52.55149841308594,19745600
2016-10-31 04:00:00,52.53934077931795,52.56979204836386,52.33834288654954,52.393157958984375,21174600
2016-11-01 04:00:00,52.421258709409756,52.421258709409756,51.98686275285026,52.18876647949219,26184000
2016-11-02 04:00:00,52.103136705332474,52.152079268102554,51.89511330906651,51.956295013427734,19593600
2016-11-03 04:00:00,52.06642235266067,52.14596276697081,51.92570490372913,51.96853256225586,12699700
2016-11-04 04:00:00,52.06030426706115,52.15819872812306,51.950180000163726,51.99300765991211,10970400
2016-11-07 05:00:00,52.46411480738279,52.75167396776272,52.42740671639475,52.7210807800293,14416200
2016-11-08 05:00:00,52.47633644340831,52.69659427118063,52.4579824024046,52.60482406616211,20370600
2016-11-09 05:00:00,52.280574862556165,52.617081319536794,52.18880461780323,52.23774719238281,24858900
2016-11-10 05:00:00,52.127630837547706,52.127630837547706,51.52192373636214,51.55251693725586,33213300
2016-11-11 05:00:00,51.38728132929356,51.51576427139571,50.93453124742929,51.06913375854492,16442900
2016-11-14 05:00:00,50.93455810343533,51.509676529491514,50.92843853119522,51.448490142822266,21036000
2016-11-15 05:00:00,51.71154439402117,52.19488761500035,51.71154439402117,52.127586364746094,17888600
2016-11-16 05:00:00,51.90731271604241,52.00520711117824,51.840016154213636,51.919551849365234,11965700
2016-11-17 05:00:00,51.91346454253675,52.0603015586256,51.77886199951172,51.77886199951172,12017600
2016-11-18 05:00:00,51.88899092854451,51.96853134098543,51.687091781871544,51.77886199951172,17781800
2016-11-21 05:00:00,51.91345717880531,52.21937030851879,51.907337609209144,52.19489669799805,11581600
2016-11-22 05:00:00,52.28056971244558,52.63543018341982,52.26221566530304,52.58036804199219,16648100
2016-11-23 05:00:00,52.18268247000529,52.42741400228807,52.176562898035144,52.384586334228516,10662900
2016-11-25 05:00:00,52.4151610250309,52.47022782249761,52.37233336827434,52.451873779296875,2009600
2016-11-28 05:00:00,52.38456187325555,52.61705415303576,52.29278700802057,52.445743560791016,16897400
2016-11-29 05:00:00,52.31118150989825,52.43354497961664,52.26835382871009,52.378482818603516,9164000
2016-11-30 05:00:00,52.43351973214613,52.494706105410394,52.268328660781386,52.402931213378906,15211300
2016-12-01 05:00:00,52.409701200014865,52.434284174458156,52.15773391723633,52.15773391723633,18249400
2016-12-02 05:00:00,52.28063727840902,52.4772963595695,52.22532910967123,52.47114944458008,9360400
2016-12-05 05:00:00,52.49569085946692,52.64933079152252,52.47110790769179,52.6063117980957,9782100
2016-12-06 05:00:00,52.68619843379231,52.88899954553707,52.63703253876178,52.87056350708008,16090600
2016-12-07 05:00:00,52.93825137286369,53.220948695102436,52.89523231706052,53.134910583496094,20886400
2016-12-08 05:00:00,53.079558084743816,53.15944921064666,52.93206028330877,53.128719329833984,10782100
2016-12-09 05:00:00,53.10413618373272,53.23319323161692,53.07340630573697,53.153297424316406,6463400
2016-12-12 05:00:00,53.25160862036812,53.27004466452363,53.02421980210522,53.079532623291016,8457100
2016-12-13 05:00:00,53.27623161334123,53.36841190339359,53.196335776998794,53.2086296081543,10739200
2016-12-14 05:00:00,53.208600332769855,53.368382540096945,52.75996951688637,52.80913543701172,15672400
2016-12-15 05:00:00,52.723126826151486,52.93822198576357,52.69854385237827,52.83374786376953,11221700
2016-12-16 05:00:00,52.9812312409599,53.01196112468648,52.87061022375496,52.882904052734375,15722200
2016-12-19 05:00:00,52.92592427739564,53.08570654797718,52.913630448137326,53.018104553222656,5897900
2016-12-20 05:00:00,53.03653830785685,53.1471593129935,52.96893632201105,53.09184646606445,11072400
2016-12-21 05:00:00,53.06726451898656,53.23319837424002,53.054975379833714,53.18403244018555,17461400
2016-12-22 05:00:00,53.193880871700614,53.2987060546875,53.13222204329289,53.2987060546875,8507600
2016-12-23 05:00:00,53.31721717200362,53.40354049519616,53.28022280614062,53.39737319946289,4230500
2016-12-27 05:00:00,53.329532912307336,53.43435809489235,53.30486844018539,53.34803009033203,5840600
2016-12-28 05:00:00,53.42203764859553,53.42203764859553,53.2493910023059,53.27405548095703,6961200
2016-12-29 05:00:00,53.317203028379886,53.366531972623775,53.26170679003875,53.34803009033203,3794300
2016-12-30 05:00:00,53.38505907804256,53.45904783161907,53.261736648298914,53.36656188964844,7513400
2017-01-03 05:00:00,53.56998384300822,53.613145475596795,53.45899611574256,53.58848571777344,14050100
2017-01-04 05:00:00,53.644020891863846,53.884493712623794,53.644020891863846,53.878326416015625,11912400
2017-01-05 05:00:00,53.80435836953705,53.9030116318697,53.76735927992538,53.79819107055664,10458600
2017-01-06 05:00:00,53.74266597931249,53.816654703855875,53.66867255050127,53.78582763671875,6836400
2017-01-09 05:00:00,53.77348709106445,53.81664874369058,53.67483390117645,53.77348709106445,6648800
2017-01-10 05:00:00,53.8351737253437,53.90916718417328,53.75501767314731,53.77968215942383,11777000
2017-01-11 05:00:00,53.7981902786106,53.841351962296535,53.71186691123873,53.81052017211914,11914200
2017-01-12 05:00:00,53.79813521657333,53.828966975194625,53.724141818441744,53.82279968261719,12512300
2017-01-13 05:00:00,53.804337111209335,53.890660445745226,53.705679183586085,53.841331481933594,8861000
2017-01-17 05:00:00,53.80432481785459,53.82282199899044,53.73649868417793,53.78582763671875,8633000
2017-01-18 05:00:00,53.767344588410424,53.83517074584961,53.70568572826648,53.83517074584961,12715500
2017-01-19 05:00:00,53.798143075651545,53.82897483877689,53.606999316220836,53.66249084472656,10703200
2017-01-20 05:00:00,53.68101827348988,53.7796762076776,53.62552671371121,53.76734161376953,9262000
2017-01-23 05:00:00,53.72417994362971,53.7796762076776,53.668688383851034,53.76734161376953,13561300
2017-01-24 05:00:00,53.73651801916484,53.84133855282877,53.71185353401988,53.804344177246094,7490500
2017-01-25 05:00:00,53.890643837357445,53.99546432495117,53.853644773766895,53.99546432495117,8953900
2017-01-26 05:00:00,53.95229749984572,54.00778903351168,53.896805966179755,53.970794677734375,7443900
2017-01-27 05:00:00,53.92765097706784,54.06947056186213,53.92148368096324,54.0201416015625,7888100
2017-01-30 05:00:00,53.939984760411214,53.97697912794689,53.83515954527928,53.90915298461914,7637600
2017-01-31 05:00:00,53.88449236149488,53.90298954658661,53.755007361583914,53.853660583496094,12249400
2017-02-01 05:00:00,54.00351679242828,54.084029649283416,53.84869019070121,54.053062438964844,12489400
2017-02-02 05:00:00,54.04687236572948,54.10880679131001,53.9663642273814,54.08403396606445,10886200
2017-02-03 05:00:00,54.201709022870304,54.23887063009097,54.14597369944056,54.17694091796875,12674000
2017-02-06 05:00:00,54.18932379580452,54.20790223654506,54.09642686716776,54.13977813720703,7004900
2017-02-07 05:00:00,54.20171063573946,54.20171063573946,54.05307837723648,54.05927276611328,11170100
2017-02-08 05:00:00,54.059232914507085,54.1025841548182,53.95395200588448,54.09638977050781,11107300
2017-02-09 05:00:00,54.096457836744804,54.21412766204488,54.096457836744804,54.1707763671875,7292600
2017-02-10 05:00:00,54.20168372699141,54.22026688439608,54.12736999710057,54.20787811279297,5471800
2017-02-13 05:00:00,54.251240959552504,54.32555943026062,54.245046572426915,54.28840255737305,7477200
2017-02-14 05:00:00,54.28221407340718,54.35033816439817,54.170738717688614,54.325565338134766,8785000
2017-02-15 05:00:00,54.26982824568852,54.35653077985327,54.23267136674183,54.344146728515625,10582800
2017-02-16 05:00:00,54.28841245721255,54.54852006472379,54.19551553312031,54.30079650878906,8917800
2017-02-17 05:00:00,54.2450424566105,54.36890656505923,54.19550153816362,54.35651779174805,6247300
2017-02-21 05:00:00,54.35655996249327,54.53615951538086,54.35655996249327,54.53615951538086,10437800
2017-02-22 05:00:00,54.505170135678824,54.57329423335763,54.4618188666954,54.56090545654297,10963600
2017-02-23 05:00:00,54.678563383479236,54.68475777054659,54.54850960466235,54.61043930053711,8150200
2017-02-24 05:00:00,54.56708319405642,54.7281041689746,54.53611598640321,54.653785705566406,8390200
2017-02-27 05:00:00,54.65379211385171,54.72191619873047,54.616635240257125,54.72191619873047,5693300
2017-02-28 05:00:00,54.68474892097703,54.72810017356718,54.647587329519645,54.67855453491211,5868400
2017-03-01 05:00:00,54.84897870101095,54.929838494152655,54.84897870101095,54.88008117675781,10612100
2017-03-02 05:00:00,54.89250742250331,54.89250742250331,54.70590209960938,54.705902099609375,9193000
2017-03-03 05:00:00,54.74947929779388,54.79301993615782,54.62507882977512,54.73081970214844,15059300
2017-03-06 05:00:00,54.643756262428646,54.668637313268896,54.54423680464288,54.55667495727539,17066300
2017-03-07 05:00:00,54.44471751432492,54.48825817083062,54.189695024956016,54.20213317871094,17023100
2017-03-08 05:00:00,54.07151199943155,54.15859331371561,53.83514911002849,53.841365814208984,22433500
2017-03-09 05:00:00,53.72940097885765,53.940887550674404,53.61743861626653,53.69830322265625,21260700
2017-03-10 05:00:00,54.040370542381986,54.040370542381986,53.54276406881571,53.67960739135742,20643900
2017-03-13 04:00:00,53.729391751655484,53.79159674452651,53.56767205779993,53.723175048828125,13512300
2017-03-14 04:00:00,53.56766859155415,53.62364738682619,53.48680400428427,53.56144714355469,12808500
2017-03-15 04:00:00,53.741839236369316,54.30165100097657,53.69207713605421,54.30165100097656,19654600
2017-03-16 04:00:00,54.42603302261263,54.44469261750005,54.1336867145137,54.1461296081543,15807500
2017-03-17 04:00:00,54.27053962326142,54.27053962326142,54.139917690485234,54.164798736572266,9984500
2017-03-20 04:00:00,54.15856329734133,54.15856329734133,54.059043884277344,54.059043884277344,12220600
2017-03-21 04:00:00,54.16480233835051,54.220781136588,53.667190874669004,53.67341232299805,16918200
2017-03-22 04:00:00,53.642306943231596,53.847572016883696,53.505463560796855,53.80403137207031,14054600
2017-03-23 04:00:00,53.76045833307526,53.959501838796086,53.723139158743706,53.82265853881836,10618900
2017-03-24 04:00:00,53.86624300066009,54.02796746368149,53.86624300066009,54.009307861328125,8920800
2017-03-27 04:00:00,53.81644571009733,53.97817006737719,53.741807349485285,53.95328903198242,7788700
2017-03-28 04:00:00,53.92843178849448,54.270540244137116,53.92843178849448,54.25188064575195,16871700
2017-03-29 04:00:00,54.28919125379726,54.45713710384293,54.251872062930936,54.363834381103516,12266300
2017-03-30 04:00:00,54.48825925347348,54.63132412516374,54.40739938852074,54.61888122558594,16367900
2017-03-31 04:00:00,54.56908384460301,54.674824685588305,54.54420280927018,54.600181579589844,11778400
2017-04-03 04:00:00,54.633281679890494,54.63952967362249,54.48961118481449,54.57081604003906,20664400
2017-04-04 04:00:00,54.57707405316528,54.65203092841863,54.52709962578058,54.58956527709961,8473900
2017-04-05 04:00:00,54.67703199187779,54.78947209906275,54.514617444649524,54.54585266113281,11102300
2017-04-06 04:00:00,54.59583139264279,54.67078829277476,54.53336572059106,54.61457061767578,7234500
2017-04-07 04:00:00,54.68951413186901,54.733240564374704,54.5895652770996,54.58956527709961,5457800
2017-04-10 04:00:00,54.677045826206154,54.733268276936435,54.62707137351837,54.664554595947266,7996900
2017-04-11 04:00:00,54.70204789656737,54.70204789656737,54.495906797661156,54.558372497558594,8005800
2017-04-12 04:00:00,54.59580993652344,54.72074123152899,54.54583551219185,54.59580993652344,8723800
2017-04-13 04:00:00,54.57709169828997,54.652048597777366,54.445912358361774,54.48339080810547,10446700
2017-04-17 04:00:00,54.55211970134052,54.65831184913475,54.48965401239254,54.64582061767578,7158700
2017-04-18 04:00:00,54.639541146899425,54.69575880482351,54.48962262661136,54.63329315185547,9062800
2017-04-19 04:00:00,54.664530258594375,54.78321357360587,54.5520901730197,54.58332061767578,8643200
2017-04-20 04:00:00,54.64577442371061,54.77695368935897,54.62078721608866,54.76445770263672,7766000
2017-04-21 04:00:00,54.74572085127856,54.789447275048644,54.652020010107606,54.720733642578125,11328200
2017-04-24 04:00:00,54.94563627534506,54.983114720845435,54.89566183746141,54.976871490478516,8904700
2017-04-25 04:00:00,55.01437756590434,55.095582493880364,54.98939033441315,55.07684326171875,12493400
2017-04-26 04:00:00,55.026859283447266,55.11431696145671,55.01436805277522,55.026859283447266,7269000
2017-04-27 04:00:00,55.026859275116266,55.07059049702751,54.97688958660937,55.0643424987793,6897900
2017-04-28 04:00:00,55.0705499529111,55.12051960462928,55.01432754172185,55.045562744140625,7542800
2017-05-01 04:00:00,55.04874707466734,55.11147973232825,55.01737835273939,55.0738410949707,10336000
2017-05-02 04:00:00,55.1365532457452,55.14282794503604,55.05500129973705,55.0926399230957,10792800
2017-05-03 04:00:00,55.136551381243606,55.17419000332947,55.080093448114816,55.142826080322266,7413400
2017-05-04 04:00:00,55.10517807633086,55.10517807633086,54.7977848538155,54.84797286987305,20562500
2017-05-05 04:00:00,54.847972489114994,54.992261837730624,54.81660378274863,54.942073822021484,14935200
2017-05-08 04:00:00,54.96091988286396,55.03620194307022,54.917006544292384,55.00483322143555,8199200
2017-05-09 04:00:00,55.08007225083942,55.11143616177639,54.96087694518182,54.9671516418457,10810000
2017-05-10 04:00:00,55.11142316158426,55.230618439124974,55.03614596413966,55.20552444458008,10824900
2017-05-11 04:00:00,55.1679053856088,55.23063800109506,55.09889807271638,55.21181869506836,8461400
2017-05-12 04:00:00,55.24319546990505,55.2494701687719,55.14909891786658,55.19301223754883,8929900
2017-05-15 04:00:00,55.28083519760768,55.36238713267748,55.27456049915845,55.31847381591797,10690200
2017-05-16 04:00:00,55.37492659409433,55.42511460463613,55.318468671878904,55.400020599365234,12638900
2017-05-17 04:00:00,55.21808233981231,55.268270340982404,55.123985820357426,55.15534973144531,14055700
2017-05-18 04:00:00,54.99222699925729,55.305894719436886,54.97340291564727,55.21806335449219,10731800
2017-05-19 04:00:00,55.31219911746873,55.40002575098777,55.28710510986435,55.31847381591797,15998800
2017-05-22 04:00:00,55.43139226397723,55.487850189208984,55.374929552553105,55.487850189208984,7181800
2017-05-23 04:00:00,55.512927477289715,55.512927477289715,55.425100873695676,55.481563568115234,6998400
2017-05-24 04:00:00,55.51920660752615,55.58821391388844,55.456473997976246,55.57566452026367,8533600
2017-05-25 04:00:00,55.57566684718174,55.67604285561732,55.51293423500527,55.53175354003906,7985500
2017-05-26 04:00:00,55.51921230054456,55.575670219071355,55.51921230054456,55.56312561035156,2909500
2017-05-30 04:00:00,55.556834302374,55.64466089572937,55.53174030624527,55.619571685791016,5371100
2017-05-31 04:00:00,55.62585637588061,55.644675681430165,55.53802975918827,55.613311767578125,13758400
2017-06-01 04:00:00,55.66812519773844,55.819327450287396,55.62402434046862,55.77522659301758,19189300
2017-06-02 04:00:00,55.78782486919781,55.85712689714027,55.756322199539404,55.806724548339844,9491600
2017-06-05 04:00:00,55.78782362232346,55.8445226584823,55.731119779532186,55.75632095336914,10384400
2017-06-06 04:00:00,55.74377452065413,55.76267421691966,55.63666823075459,55.66817092895508,14386500
2017-06-07 04:00:00,55.71853090095226,55.71853090095226,55.48542360900565,55.554725646972656,13329000
2017-06-08 04:00:00,55.56733231243239,55.655534045735145,55.460230894369616,55.59883499145508,14208300
2017-06-09 04:00:00,55.65553870992472,55.72484076427528,55.567336969230254,55.642940521240234,10414900
2017-06-12 04:00:00,55.66185751457042,55.78156197414744,55.624058130129626,55.73746109008789,9900000
2017-06-13 04:00:00,55.76265045369718,55.84455070482506,55.75634895541508,55.83824920654297,8640400
2017-06-14 04:00:00,55.90754019277037,55.91384168980417,55.76893609782999,55.844539642333984,8850700
2017-06-15 04:00:00,55.70595841856686,55.724858110794024,55.51695668965935,55.6303596496582,10860500
2017-06-16 04:00:00,55.68072840655075,55.68072840655075,55.523224644,55.53582763671875,11996100
2017-06-19 04:00:00,55.64292063891591,55.72482085268637,55.62402095932524,55.7059211730957,6398400
2017-06-20 04:00:00,55.53583655882938,55.57993742716328,55.50433387860482,55.51063537597656,18318500
2017-06-21 04:00:00,55.51691479195481,55.542115964784074,55.138902006148115,55.18930435180664,26728100
2017-06-22 04:00:00,55.24602815684178,55.36572776274688,55.2082239806203,55.34052658081055,18699400
2017-06-23 04:00:00,55.36574377306915,55.579951478154214,55.359447080739706,55.56734848022461,11337700
2017-06-26 04:00:00,55.554738780545776,55.66814170524356,55.53583909420187,55.642940521240234,9504500
2017-06-27 04:00:00,55.64293330470191,55.655531491752484,55.42873047840594,55.466529846191406,15293300
2017-06-28 04:00:00,55.573613045729495,55.71851858580558,55.510612517856835,55.69331741333008,9755500
2017-06-29 04:00:00,55.605128003063804,55.687028226736984,55.479122112835945,55.554725646972656,14548400
2017-06-30 04:00:00,55.63032793318335,55.7437308285279,55.57362408219452,55.68702697753906,8202000
2017-07-03 04:00:00,55.685175479086645,55.83702552833361,55.60291954752393,55.65986633300781,13882000
2017-07-05 04:00:00,55.69777913940566,55.748397387487245,55.577562007017356,55.61552810668945,16269100
2017-07-06 04:00:00,55.59655075766031,55.60920290681786,55.38775409239486,55.47633361816406,15424700
2017-07-07 04:00:00,55.432029627922965,55.49530001191578,55.33079315175776,55.42570114135742,15731200
2017-07-10 04:00:00,55.42570894669672,55.51428846220507,55.406728311548015,55.48897933959961,12286600
2017-07-11 04:00:00,55.488988192858045,55.50164516979097,55.375099536573316,55.451026916503906,9261400
2017-07-12 04:00:00,55.67247443103941,55.81167221069336,55.596551880117055,55.81167221069336,17979900
2017-07-13 04:00:00,55.8179843228343,55.88125470578107,55.76103759912765,55.8559455871582,11744600
2017-07-14 04:00:00,55.89392013284731,56.03944639270316,55.83697822283107,56.014137268066406,12626700
2017-07-17 04:00:00,56.026810797838074,56.052115102729374,55.982521023443255,56.03313446044922,10158100
2017-07-18 04:00:00,56.02047606708084,56.083746476707226,55.976186297620096,56.05843734741211,9221100
2017-07-19 04:00:00,56.11537810970413,56.203957639177474,56.07741200619961,56.15333938598633,8250900
2017-07-20 04:00:00,56.21027896873376,56.216607456925715,56.10271880558105,56.184974670410156,11827800
2017-07-21 04:00:00,56.17231118861384,56.17863967607288,56.090060160532474,56.14067840576172,8771700
2017-07-24 04:00:00,56.12802793112676,56.184974670410156,56.090066656419246,56.184974670410156,4707500
2017-07-25 04:00:00,56.22928973337219,56.25459887030562,56.178671459505345,56.210304260253906,7292900
2017-07-26 04:00:00,56.292545318603516,56.3368350897524,56.22294641719484,56.292545318603516,7279800
2017-07-27 04:00:00,56.28621033135087,56.31151945868889,56.19130231063893,56.24824905395508,11624500
2017-07-28 04:00:00,56.21661915628244,56.25458526611328,56.16600089465673,56.25458526611328,4945300
2017-07-31 04:00:00,56.18498636318371,56.30519870051587,56.17865787367472,56.25458526611328,9779900
2017-08-01 04:00:00,56.297792545698236,56.34226640045877,56.272378221936975,56.31049728393555,14946800
2017-08-02 04:00:00,56.3104906418053,56.36767407534468,56.28507632104181,56.32320022583008,7422700
2017-08-03 04:00:00,56.27239620159909,56.32957966015432,56.177093668865815,56.21521759033203,9548300
2017-08-04 04:00:00,56.21516239664209,56.240571856287595,56.17068857133736,56.227867126464844,6451600
2017-08-07 04:00:00,56.22790990121374,56.22790990121374,56.16437650920087,56.20249557495117,5204700
2017-08-08 04:00:00,56.1770663860688,56.22789502514634,55.90386851013428,55.96105194091797,18534700
2017-08-09 04:00:00,55.84669818674558,55.897526833341026,55.70692183225137,55.74504089355469,15001700
2017-08-10 04:00:00,55.6306575286141,55.68148615571733,55.34475498390662,55.38922882080078,24749700
2017-08-11 04:00:00,55.509941899748895,55.567120465966745,55.44005375395974,55.484527587890625,17434300
2017-08-14 04:00:00,55.6497228525904,55.872096907524956,55.6497228525904,55.77679443359375,12566000
2017-08-15 04:00:00,55.78317462377118,55.84035322579348,55.73870076199138,55.79587936401367,6830500
2017-08-16 04:00:00,55.84034990070595,55.89117855322404,55.783171302088434,55.80223083496094,11716100
2017-08-17 04:00:00,55.73235091744449,55.783179577502985,55.45915292873985,55.49091720581055,14112300
2017-08-18 04:00:00,55.58618343180453,55.713254998968424,55.45911671192528,55.57347869873047,14324400
2017-08-21 04:00:00,55.64338203866223,55.66244156711862,55.56078428563658,55.630672454833984,7763400
2017-08-22 04:00:00,55.681487278231614,55.91021125752244,55.64971817383048,55.85938262939453,12982200
2017-08-23 04:00:00,55.764069234614624,55.89114078003042,55.7259501946318,55.865726470947266,6449500
2017-08-24 04:00:00,55.89121232752357,55.95474575792001,55.83402884706375,55.94839096069336,8480100
2017-08-25 04:00:00,55.93564103050619,56.06906258075206,55.91658150151194,56.05000305175781,6622800
2017-08-28 04:00:00,56.08176781142765,56.08176781142765,55.99917490263,56.056358337402344,5161700
2017-08-29 04:00:00,55.91656204845653,56.00550971767605,55.903852468691206,55.9864501953125,8991600
2017-08-30 04:00:00,56.005544021139286,56.164379934501966,55.999189227364305,56.13896560668945,13431100
2017-08-31 04:00:00,56.17709605520255,56.297812924945156,56.17709605520255,56.29145812988281,12705200
2017-09-01 04:00:00,56.240386282135155,56.36798588995918,56.240386282135155,56.348846435546875,10535700
2017-09-05 04:00:00,56.31056168705089,56.31056168705089,56.119157427551364,56.22124099731445,9560500
2017-09-06 04:00:00,56.29147139111459,56.32336888381063,56.170248263066036,56.183006286621094,9023300
2017-09-07 04:00:00,56.27228175416153,56.27228175416153,56.182961058330555,56.1893424987793,8784000
2017-09-08 04:00:00,56.18296782719152,56.18296782719152,56.0107078552246,56.01070785522461,7688700
2017-09-11 04:00:00,56.106403243397054,56.26590518132564,56.04898001458408,56.1893424987793,8047600
2017-09-12 04:00:00,56.214864949919836,56.265906739697755,56.176586041392895,56.259525299072266,4752800
2017-09-13 04:00:00,56.20850906218834,56.29145322518786,56.176611579786,56.278690338134766,11725900
2017-09-14 04:00:00,56.253133419368616,56.38073787013343,56.246756847539444,56.35521697998047,9554600
2017-09-15 04:00:00,56.32334018477222,56.41904234932973,56.29781928304927,56.40628433227539,8248000
2017-09-18 04:00:00,56.38712532183883,56.412646216916045,56.34884641302953,56.3807487487793,7442200
2017-09-19 04:00:00,56.39990772345,56.44456808838902,56.34886591562977,56.43818664550781,7208300
2017-09-20 04:00:00,56.45093372147537,56.48283119171869,56.348850134424715,56.43178939819336,10087200
2017-09-21 04:00:00,56.45090924345982,56.45728581417549,56.34882570067422,56.3615837097168,6932300
2017-09-22 04:00:00,56.35522561978508,56.41902542114258,56.33608616613912,56.41902542114258,7570500
2017-09-25 04:00:00,56.39991262499974,56.463712456512326,56.374391718871685,56.45095443725586,4326200
2017-09-26 04:00:00,56.50197107885316,56.5785337697258,56.48921306418107,56.52111053466797,8816500
2017-09-27 04:00:00,56.52112521457812,56.56579044656451,56.457325389420575,56.54664611816406,7490100
2017-09-28 04:00:00,56.54664611816406,56.57216702175001,56.514748639392614,56.54664611816406,5934000
2017-09-29 04:00:00,56.591301480311024,56.62958526611329,56.52750166079288,56.62958526611328,8906900
2017-10-02 04:00:00,56.54308307233839,56.63277259111666,56.53026749096309,56.600738525390625,13097600
2017-10-03 04:00:00,56.6007381561304,56.709646158548914,56.6007381561304,56.703243255615234,5928800
2017-10-04 04:00:00,56.68402214613055,56.70324062946583,56.61355111542656,56.64558029174805,5832400
2017-10-05 04:00:00,56.63918669245957,56.716060638427734,56.63918669245957,56.716060638427734,5967900
2017-10-06 04:00:00,56.66480353203766,56.690429807873315,56.60074028630469,56.632774353027344,5847400
2017-10-09 04:00:00,56.658416793654396,56.677635284086136,56.61997492507717,56.639198303222656,3278400
2017-10-10 04:00:00,56.716057805470925,56.716057805470925,56.63277607226107,56.68402862548828,8786500
2017-10-11 04:00:00,56.68403745900729,56.68403745900729,56.61356640926594,56.62637710571289,7948700
2017-10-12 04:00:00,56.63275739246821,56.63275739246821,56.562286376953125,56.562286376953125,6181100
2017-10-13 04:00:00,56.63919659551022,56.652007292840544,56.55590995586551,56.58794403076172,3941200
2017-10-16 04:00:00,56.626380021413944,56.63278781382399,56.55590896804403,56.619972229003906,6060300
2017-10-17 04:00:00,56.61995664035576,56.73527243342012,56.61995664035576,56.703243255615234,7468100
2017-10-18 04:00:00,56.722480682287475,56.79295173978903,56.70966509671603,56.76091766357422,7974400
2017-10-19 04:00:00,56.6840293618996,56.79293737313794,56.658403084953065,56.767311096191406,7270600
2017-10-20 04:00:00,56.79937357613808,56.84421836129836,56.76733949200288,56.8185920715332,7107000
2017-10-23 04:00:00,56.82498766742154,56.85061395388977,56.7545166015625,56.7545166015625,7227200
2017-10-24 04:00:00,56.77373998219945,56.818584761590266,56.74811369573122,56.7545166015625,7103700
2017-10-25 04:00:00,56.71605723945337,56.71605723945337,56.517459707320505,56.59433364868164,16817000
2017-10-26 04:00:00,56.651975940554706,56.67119441977112,56.498223219112504,56.52384948730469,10649800
2017-10-27 04:00:00,56.56873857755893,56.69045733724553,56.523893794997605,56.67764663696289,13720000
2017-10-30 04:00:00,56.568706319961166,56.703240590928644,56.568706319961166,56.664798736572266,5954500
2017-10-31 04:00:00,56.69045733724553,56.70327292524289,56.65842814268157,56.67764663696289,7198400
2017-11-01 04:00:00,56.726534794655485,56.73939871237784,56.61717431594909,56.62360382080078,9505500
2017-11-02 04:00:00,56.61716721899785,56.66219828740991,56.546403410347715,56.591434478759766,6096800
2017-11-03 04:00:00,56.623586256419124,56.66218781365009,56.52709463338532,56.59785842895508,7003200
2017-11-06 05:00:00,56.56568573372304,56.63644952235115,56.539953000765834,56.60428237915039,12262400
2017-11-07 05:00:00,56.5914281994702,56.597862610820364,56.424167860490776,56.44346618652344,11805400
2017-11-08 05:00:00,56.44345008616653,56.44345008616653,56.166829373228865,56.192562103271484,18120000
2017-11-09 05:00:00,56.057463062716145,56.057463062716145,55.78727678767633,55.91593551635742,38343500
2017-11-10 05:00:00,55.92881705517957,56.08320854631676,55.890215501382514,56.038177490234375,24521600
2017-11-13 05:00:00,55.99312690175666,56.070325074404295,55.98669249369887,55.99956130981445,16280500
2017-11-14 05:00:00,55.9159576793248,55.94169041686368,55.72296950980998,55.761566162109375,13870600
2017-11-15 05:00:00,55.62003855965447,55.81303163718713,55.46564704243904,55.761566162109375,25382000
2017-11-16 05:00:00,56.04462432758086,56.353407378323205,55.99315884978444,56.30837631225586,30075200
2017-11-17 05:00:00,56.198973492026155,56.295469963154076,56.18610467826809,56.269737243652344,15942100
2017-11-20 05:00:00,56.30195213927237,56.37271595710662,56.244057147236525,56.28265380859375,8930300
2017-11-21 05:00:00,56.33406238368713,56.42412444121389,56.33406238368713,56.39839172363281,10102400
2017-11-22 05:00:00,56.430588465022204,56.52708497959362,56.417719645470484,56.48848342895508,9473800
2017-11-24 05:00:00,56.52706527709962,56.559227498735545,56.50133255498193,56.52706527709961,3126500
2017-11-27 05:00:00,56.52710357845845,56.52710357845845,56.314812158155355,56.35340881347656,10645400
2017-11-28 05:00:00,56.37910335192666,56.539929184151006,56.37266894439351,56.52706527709961,10403700
2017-11-29 05:00:00,56.49489927276014,56.533495902698014,56.40483719756177,56.456302642822266,11806200
2017-11-30 05:00:00,56.47562691550155,56.57855294531511,56.46919250488281,56.46919250488281,17981500
2017-12-01 05:00:00,56.47693782844244,56.52862232321794,56.1926829649866,56.45109558105469,15485800
2017-12-04 05:00:00,56.52860119001088,56.59966611153341,56.41231358469246,56.43169403076172,14801700
2017-12-05 05:00:00,56.46403630961451,56.496335431975496,56.38650954391697,56.39943313598633,9347600
2017-12-06 05:00:00,56.392981969780806,56.470508750091795,56.33483565232077,56.34775924682617,10081700
2017-12-07 05:00:00,56.37359237670898,56.40589149992707,56.315446068666276,56.373592376708984,8955900
2017-12-08 05:00:00,56.418775376349835,56.44461761407647,56.38000955530845,56.43169403076172,9100400
2017-12-11 05:00:00,56.43170989693841,56.45755214193077,56.39294899390198,56.44463348388672,11847900
2017-12-12 05:00:00,56.49633363241776,56.49633363241776,56.41235000226685,56.4188117980957,8846700
2017-12-13 05:00:00,56.44463871588628,56.49631828175707,56.41879646849853,56.45109558105469,7495000
2017-12-14 05:00:00,56.425265214149455,56.46403105784569,56.250836168686554,56.33481979370117,19337000
2017-12-15 05:00:00,56.39940528046696,56.425242594032284,56.334797209842336,56.34125900268555,14223900
2017-12-18 05:00:00,56.36066728868446,56.45757451357983,56.35421042155598,56.39943313598633,11735200
2017-12-19 05:00:00,56.39939918635948,56.43169828927802,56.263726195830614,56.283111572265625,10985000
2017-12-20 05:00:00,56.3348298229997,56.373595673597414,56.26376484729495,56.328372955322266,11857400
2017-12-21 05:00:00,56.39388642748028,56.432808496885364,56.3549643580752,56.38739776611328,11195700
2017-12-22 05:00:00,56.419835687859845,56.48470745283351,56.38091361875533,56.43929672241211,11136900
2017-12-26 05:00:00,56.40035053076558,56.52360534667969,56.3938618722239,56.52360534667969,5798900
2017-12-27 05:00:00,56.49116984097676,56.57550260128082,56.49116984097676,56.54955291748047,5625500
2017-12-28 05:00:00,56.56253234853346,56.57550471622052,56.50414432045095,56.52360534667969,6116500
2017-12-29 05:00:00,56.5301144795048,56.64039696767437,56.49119241295039,56.60796356201172,5116800
2018-01-02 05:00:00,56.63389489376813,56.67281694770284,56.60145654922488,56.65983963012695,7223500
2018-01-03 05:00:00,56.659842770882854,56.94528438061724,56.659842770882854,56.93231201171875,20557100
2018-01-04 05:00:00,56.971255956483056,57.081538457380034,56.9388175976787,57.02964401245117,13610900
2018-01-05 05:00:00,57.068565368652344,57.09451506549106,57.0101773134156,57.068565368652344,9851600
2018-01-08 05:00:00,57.06208873525732,57.10749947694758,56.99721695418547,57.02316665649414,9804000
2018-01-09 05:00:00,57.081526590488025,57.081526590488025,56.83501194277917,56.847984313964844,13550400
2018-01-10 05:00:00,56.7636458749966,56.80256793407523,56.6144363995333,56.72472381591797,33182000
2018-01-11 05:00:00,56.77660091818419,56.919321690447426,56.73767887098353,56.912837982177734,12911500
2018-01-12 05:00:00,56.82201639314016,56.899865443472365,56.796071659092135,56.81553268432617,12088500
2018-01-16 05:00:00,56.854498722479434,56.91288679275179,56.73123886810436,56.783138275146484,18474100
2018-01-17 05:00:00,56.80258800558121,56.88692576258229,56.77663830722694,56.789615631103516,16340400
2018-01-18 05:00:00,56.7636624183428,56.80258448876497,56.69879065117298,56.731224060058594,16134900
2018-01-19 05:00:00,56.72474385991729,56.7961042930418,56.69230549962474,56.789615631103516,14401800
2018-01-22 05:00:00,56.75713874068206,56.860937463634365,56.75713874068206,56.84147644042969,16674700
2018-01-23 05:00:00,56.880418852766354,57.02313967322893,56.84798050288039,57.010162353515625,11600300
2018-01-24 05:00:00,56.958261557930996,57.01015598279327,56.86095146854452,56.92582321166992,10746300
2018-01-25 05:00:00,57.02316076935561,57.02316076935561,56.835029159090425,56.88692855834961,11039300
2018-01-26 05:00:00,56.906362324525006,56.98420643670947,56.8479742909899,56.93231201171875,7164100
2018-01-29 05:00:00,56.8479952207237,56.8804335790079,56.718251686384065,56.731224060058594,19590800
2018-01-30 05:00:00,56.73122878206366,56.7377174441403,56.53012480227883,56.53661346435547,18469300
2018-01-31 05:00:00,56.6339111328125,56.71175526300272,56.57552308577193,56.6339111328125,12692800
2018-02-01 05:00:00,56.585668591307275,56.670356381406286,56.49446482651375,56.527034759521484,17920000
2018-02-02 05:00:00,56.38373325351466,56.42933514816088,56.123148868293235,56.16875076293945,24787000
2018-02-05 05:00:00,56.110116993112854,56.35767439602125,55.7518178118917,55.856048583984375,28071300
2018-02-06 05:00:00,55.70622645251912,56.25996527021028,55.70622645251912,56.194820404052734,33924300
2018-02-07 05:00:00,56.273000906481904,56.42935457357869,55.93424456824313,55.98636245727539,24298100
2018-02-08 05:00:00,55.96679638105003,56.025425254325086,55.49122953791876,55.497745513916016,25419300
2018-02-09 05:00:00,55.55640946089606,55.6476133015025,54.76814485551955,55.341426849365234,47230300
2018-02-12 05:00:00,55.5042900080077,55.803965441888586,55.47823602876592,55.71927261352539,23448100
2018-02-13 05:00:00,55.582447589368705,55.64759245536417,55.44564187970782,55.54336166381836,14679900
2018-02-14 05:00:00,55.36744738795324,55.66060664672362,55.308818518339024,55.64106369018555,19332400
2018-02-15 05:00:00,55.77135151777947,56.0905647277832,55.77135151777947,56.0905647277832,21931600
2018-02-16 05:00:00,56.08406658586973,56.35768296596679,56.07103960121487,56.3185920715332,29195600
2018-02-20 05:00:00,56.15572744798724,56.27299019086268,56.097098561666776,56.1231575012207,22740600
2018-02-21 05:00:00,56.18177303500694,56.27297681665235,55.856043823349516,55.869075775146484,15656700
2018-02-22 05:00:00,55.89515706473967,56.11665063154489,55.856066163947034,55.90818405151367,14626900
2018-02-23 05:00:00,55.953796354390896,56.29906872574484,55.91471041657309,56.27952575683594,15919500
2018-02-26 05:00:00,56.31858630328086,56.46842394775486,56.279500383085036,56.377220153808594,10996300
2018-02-27 05:00:00,56.33812674006464,56.35115372165252,56.15571420620085,56.22737503051758,13840900
2018-02-28 05:00:00,56.292518730082676,56.3381206160333,56.10359521107787,56.14268112182617,8751000
2018-03-01 05:00:00,56.189144176850206,56.20222291288112,55.77054977416993,55.77054977416992,24974200
2018-03-02 05:00:00,55.803266695572624,56.110669456472216,55.78364609210764,56.08450698852539,18767600
2018-03-05 05:00:00,55.96677837775492,56.12374819545536,55.96677837775492,56.08450698852539,9000200
2018-03-06 05:00:00,56.136812852221034,56.215295239416996,56.045246740506514,56.1629753112793,14462900
2018-03-07 05:00:00,56.09756766244161,56.12373012196336,55.986380951958374,56.02562713623047,8195200
2018-03-08 05:00:00,56.09101867675781,56.11718113062958,55.992910722233155,56.09101867675781,10201800
2018-03-09 05:00:00,56.15645114315526,56.333041559966254,56.10412620855185,56.293800354003906,8942600
2018-03-12 04:00:00,56.24802306522311,56.29380614021185,56.11067384025691,56.202239990234375,10126500
2018-03-13 04:00:00,56.20221750052861,56.27416301671869,55.99292281433355,56.02562713623047,19020400
2018-03-14 04:00:00,56.07139292965625,56.104092251506785,55.934038811960875,55.960201263427734,10802500
2018-03-15 04:00:00,55.953682884679715,56.08449019526598,55.92097856204363,55.99946594238281,8647900
2018-03-16 04:00:00,56.012537672635055,56.123724371726496,55.9798333540889,56.1171875,11006000
2018-03-19 04:00:00,56.025636959946944,56.04525756053386,55.822879110595906,55.888282775878906,14298800
2018-03-20 04:00:00,55.87519550434053,56.01908653997285,55.87519550434053,55.99946594238281,14317800
2018-03-21 04:00:00,55.973320931930296,56.123748887002456,55.9340747345362,56.01910400390625,8643700
2018-03-22 04:00:00,55.88828448177085,55.96677187649402,55.67245287874705,55.68553161621094,15972300
2018-03-23 04:00:00,55.78365179018538,55.849055471742915,55.47624899788582,55.54165267944336,21847400
2018-03-26 04:00:00,55.822887412893955,55.91445355590435,55.67899633388318,55.90137481689453,12454200
2018-03-27 04:00:00,55.907919232380785,56.00602225438211,55.73132381281685,55.84905242919922,12661500
2018-03-28 04:00:00,55.829402579140236,55.88172749011826,55.72475275718419,55.82286071777344,14642900
2018-03-29 04:00:00,55.914434750100625,56.05178391842133,55.84903109708775,56.012542724609375,10299600
2018-04-02 04:00:00,55.90019437950347,55.99869869927162,55.74914607187119,55.79511642456055,18902700
2018-04-03 04:00:00,55.89367140771664,55.959342677998805,55.74919160685783,55.95277404785156,12994100
2018-04-04 04:00:00,55.755763857551216,56.110394752579246,55.755763857551216,56.07755661010742,9677200
2018-04-05 04:00:00,56.10382283198923,56.20233224323089,56.09069058200884,56.1235237121582,10152000
2018-04-06 04:00:00,56.09068693537453,56.149789572039,55.93306988347633,55.998741149902344,12680800
2018-04-09 04:00:00,56.11695585464388,56.22203389752095,56.090691354321464,56.20889663696289,9043200
2018-04-10 04:00:00,56.281158498669974,56.43877562448476,56.26802624338481,56.412506103515625,11434100
2018-04-11 04:00:00,56.39280342519183,56.47817560783225,56.3533966397897,56.43220520019531,7675500
2018-04-12 04:00:00,56.497850102500365,56.64889852011621,56.45844834590332,56.63576126098633,23692600
2018-04-13 04:00:00,56.67520114072692,56.747441076958886,56.635794350709965,56.66863250732422,16213400
2018-04-16 04:00:00,56.73427403508126,56.81308256335593,56.662034136761974,56.75397491455078,10781600
2018-04-17 04:00:00,56.839346748493,56.91158664004539,56.760538227600534,56.78023910522461,15577600
2018-04-18 04:00:00,56.81966149787269,56.83936739305026,56.70145117879703,56.72115707397461,13745600
2018-04-19 04:00:00,56.61605168101816,56.635752556288736,56.47157191517324,56.5438117980957,19345500
2018-04-20 04:00:00,56.51098852556146,56.537253023569576,56.3927782429393,56.40591049194336,17693500
2018-04-23 04:00:00,56.366505385301984,56.3730690042158,56.20232472532643,56.25486373901367,15971100
2018-04-24 04:00:00,56.27458182731856,56.32711584667646,56.07099433961521,56.14323425292969,17872600
2018-04-25 04:00:00,56.090704321334336,56.1760764931106,55.97905762236782,56.14980697631836,15078400
2018-04-26 04:00:00,56.19576857131744,56.38621878041602,56.16293042787391,56.34681701660156,17479700
2018-04-27 04:00:00,56.392769822470754,56.425602945276516,56.22202054853552,56.32052993774414,7014700
2018-04-30 04:00:00,56.28117752075195,56.379687005081024,56.274613896090386,56.28117752075195,12473000
2018-05-01 04:00:00,56.24357195991776,56.322715759277344,56.17762130964081,56.322715759277344,18707700
2018-05-02 04:00:00,56.32269071949301,56.42161916678314,56.26992821004363,56.30290603637695,12057000
2018-05-03 04:00:00,56.322695496464156,56.322695496464156,56.203982355989396,56.29631423950195,21626200
2018-05-04 04:00:00,56.197401489053135,56.355684043350564,56.16442868241833,56.335899353027344,14862100
2018-05-07 04:00:00,56.34249447743791,56.40844512072239,56.322709787623715,56.3886604309082,23063900
2018-05-08 04:00:00,56.355663514116486,56.36885665733376,56.26333163843499,56.30290603637695,13693500
2018-05-09 04:00:00,56.28971575941934,56.4150254678149,56.28311918747481,56.395240783691406,10476200
2018-05-10 04:00:00,56.43479469604041,56.57988904882221,56.421606587473306,56.56010437011719,13375800
2018-05-11 04:00:00,56.56014418970419,56.61290169282378,56.474403812674346,56.54035949707031,8505100
2018-05-14 04:00:00,56.533743146318216,56.59969377593184,56.434814686042536,56.55352783203125,14695800
2018-05-15 04:00:00,56.428232461781505,56.45461372667712,56.23697206507217,56.276546478271484,20008800
2018-05-16 04:00:00,56.302886507371404,56.36883710545283,56.250124016223026,56.34905242919922,13028100
2018-05-17 04:00:00,56.28314395287296,56.42823840923567,56.28314395287296,56.38207244873047,13198300
2018-05-18 04:00:00,56.28973791828283,56.3622851431011,56.27654980091228,56.322715759277344,14241600
2018-05-21 04:00:00,56.31611631623091,56.434829493367495,56.31611631623091,56.401851654052734,7000400
2018-05-22 04:00:00,56.42822836144404,56.47439431372878,56.395255556504324,56.44142150878906,6220700
2018-05-23 04:00:00,56.37544373230566,56.4875602722168,56.31608466124689,56.4875602722168,13053100
2018-05-24 04:00:00,56.40185566208366,56.53376199700442,56.40185566208366,56.52056884765625,12468600
2018-05-25 04:00:00,56.44139290872618,56.480962267287765,56.36224915989414,56.428199768066406,12895700
2018-05-29 04:00:00,56.302906044870014,56.322690727989055,56.16440823132688,56.1907844543457,13519800
2018-05-30 04:00:00,56.25014996888982,56.382051225909215,56.25014996888982,56.362266540527344,15145000
2018-05-31 04:00:00,56.38204120653648,56.388637777728334,56.29630590788051,56.30949401855469,17391000
2018-06-01 04:00:00,56.41152217321085,56.464523053839926,56.37839535920713,56.43802261352539,12891000
2018-06-04 04:00:00,56.49102404486211,56.59039944229131,56.46452865636082,56.55727767944336,13830900
2018-06-05 04:00:00,56.5572903759366,56.65666074123069,56.510915853984756,56.623538970947266,10614100
2018-06-06 04:00:00,56.5838006811855,56.7825465008371,56.563921550220115,56.762672424316406,6920900
2018-06-07 04:00:00,56.72954608958882,56.82229515045906,56.676550236552075,56.78254699707031,13764400
2018-06-08 04:00:00,56.70966696172299,56.79579469232013,56.68979288679881,56.749420166015625,9784000
2018-06-11 04:00:00,56.775902564207186,56.87527797052052,56.769281243711255,56.855403900146484,10429300
2018-06-12 04:00:00,56.862011973363686,56.95476097488558,56.82225879096752,56.90176010131836,12432400
2018-06-13 04:00:00,56.91504005542299,57.00778910128399,56.86203915651844,56.921661376953125,9958900
2018-06-14 04:00:00,57.027631383359754,57.100506315116675,56.99450457640076,57.08725357055664,13954300
2018-06-15 04:00:00,57.0475270675913,57.08065388710584,56.968025733422216,57.05415344238281,16303700
2018-06-18 04:00:00,57.00778679727695,57.06078263959572,56.961412276220706,57.04753494262695,11512000
2018-06-19 04:00:00,56.934903442753765,56.99452565199792,56.88852892852733,56.96802520751953,12543200
2018-06-20 04:00:00,57.02764892578125,57.06077068848782,56.994522108632026,57.02764892578125,10422800
2018-06-21 04:00:00,57.02102076222571,57.02102076222571,56.88852360667169,56.90839767456055,8132500
2018-06-22 04:00:00,57.00114262853655,57.03426438784128,56.89514086810027,56.91501998901367,7385200
2018-06-25 04:00:00,56.82229515045906,56.84879560419981,56.72954608958882,56.78254699707031,13975400
2018-06-26 04:00:00,56.78253198442529,56.79578473501416,56.70965701951673,56.77590560913086,7503900
2018-06-27 04:00:00,56.74278971171222,56.78253785870405,56.6235402162928,56.65666198730469,13119200
2018-06-28 04:00:00,56.54401702214488,56.583770208222035,56.41814625381947,56.497642517089844,13829300
2018-06-29 04:00:00,56.570534041983464,56.6566567039159,56.35190914502792,56.36516189575195,17450500
2018-07-02 04:00:00,56.325908744455596,56.43238738027484,56.29928908550078,56.41907501220703,22438600
2018-07-03 04:00:00,56.458979523336936,56.538838468462714,56.39243294098818,56.42570877075195,10098600
2018-07-05 04:00:00,56.498933917641324,56.65199060996198,56.492277733615836,56.6386833190918,12729400
2018-07-06 04:00:00,56.65196265364321,56.78506088256836,56.64531155008067,56.78506088256836,9640300
2018-07-09 04:00:00,56.81169162442002,56.9248213332184,56.80503544237915,56.87158203125,11517200
2018-07-10 04:00:00,56.89819069897643,56.951429990667854,56.871571053130715,56.87822723388672,7531700
2018-07-11 04:00:00,56.82501244373264,56.86493939112757,56.76512202264025,56.7917366027832,14111200
2018-07-12 04:00:00,56.884894970607824,56.99802468055028,56.858275319354426,56.971405029296875,10327300
2018-07-13 04:00:00,57.0179881496955,57.044607800948896,56.97140502929688,56.971405029296875,9860300
2018-07-16 04:00:00,56.9780597121905,56.98471081694434,56.9048569424646,56.93147659301758,7963100
2018-07-17 04:00:00,56.891531989931146,56.99801056858204,56.86491234526843,56.9514274597168,10721000
2018-07-18 04:00:00,56.9714016796113,57.01798479727102,56.918162380234754,56.978057861328125,12838600
2018-07-19 04:00:00,56.94477127925659,56.991354388121835,56.891531989931146,56.9514274597168,6907300
2018-07-20 04:00:00,56.978057861328125,57.02464097898785,56.951438211639854,56.978057861328125,9329000
2018-07-23 04:00:00,57.01132721921517,57.02463958232278,56.95808792114258,56.95808792114258,7459200
2018-07-24 04:00:00,56.964751144869446,57.11781287645543,56.964751144869446,57.077880859375,11803700
2018-07-25 04:00:00,57.09119425790828,57.19766779196514,57.04461113478722,57.18436050415039,11342300
2018-07-26 04:00:00,57.19100570678711,57.23758882096487,57.16438605908858,57.19100570678711,9233600
2018-07-27 04:00:00,57.19763125174224,57.217599786477074,57.10446506501855,57.171016693115234,10811200
2018-07-30 04:00:00,57.19100570678711,57.23758882096487,57.131110230170755,57.19100570678711,8400500
2018-07-31 04:00:00,57.29745958426229,57.33073540177632,57.26418884392518,57.31077194213867,10709500
2018-08-01 04:00:00,57.3154802395249,57.39567587381458,57.25532841489905,57.36226272583008,23297900
2018-08-02 04:00:00,57.31547240645548,57.402352698031926,57.28873883237628,57.395668029785156,10989200
2018-08-03 04:00:00,57.382304758540634,57.46918505158018,57.375620090181286,57.44245147705078,6940500
2018-08-06 04:00:00,57.38901535295259,57.54941177368164,57.38901535295259,57.54941177368164,7521900
2018-08-07 04:00:00,57.388988549302105,57.62958561747944,57.388988549302105,57.57611846923828,8408200
2018-08-08 04:00:00,57.56274681154915,57.58948038459172,57.529333669426705,57.54269790649414,10103600
2018-08-09 04:00:00,57.54936501387121,57.56941391280849,57.475848985163736,57.50258255004883,6354700
2018-08-10 04:00:00,57.40903604748774,57.48255209978974,57.3555689005576,57.40235137939453,9473300
2018-08-13 04:00:00,57.4491430292801,57.4491430292801,57.32215980977665,57.36226272583008,10479000
2018-08-14 04:00:00,57.395649803661996,57.482535166555685,57.38228557032019,57.462486267089844,9767700
2018-08-15 04:00:00,57.388996303562834,57.409045212135254,57.295431330952475,57.36226272583008,14684800
2018-08-16 04:00:00,57.41574972951634,57.46921180455473,57.38233147107079,57.43579864501953,14931800
2018-08-17 04:00:00,57.40901762240408,57.52263144898612,57.40901762240408,57.50258255004883,15280900
2018-08-20 04:00:00,57.536014591209565,57.57611750117011,57.49591678015683,57.529335021972656,8174900
2018-08-21 04:00:00,57.54941385030259,57.66971244491782,57.53604450706175,57.61624526977539,9281400
2018-08-22 04:00:00,57.60953504001164,57.66300219143367,57.60953504001164,57.636268615722656,8297400
2018-08-23 04:00:00,57.63625720514296,57.68972434597979,57.602844066300335,57.62957763671875,7751800
2018-08-24 04:00:00,57.66299649763505,57.749881884843596,57.64294759255852,57.729827880859375,7458500
2018-08-27 04:00:00,57.74321996194052,57.78331778788814,57.72317104896671,57.74990463256836,5581700
2018-08-28 04:00:00,57.723148345947266,57.74988191903436,57.68973010486147,57.723148345947266,8175300
2018-08-29 04:00:00,57.70309965091693,57.73651789507737,57.66300183705094,57.689735412597656,7403700
2018-08-30 04:00:00,57.696419115530574,57.709783353626165,57.6229030587346,57.64295196533203,8481700
2018-08-31 04:00:00,57.66968632869901,57.7565666247781,57.66300166010579,57.716468811035156,9569300
2018-09-04 04:00:00,57.650030396420306,57.67687931960605,57.53592631356227,57.59633255004883,16029000
2018-09-05 04:00:00,57.58961321091823,57.609748619252244,57.515779966421846,57.53591537475586,13369200
2018-09-06 04:00:00,57.58960688059125,57.60974228671195,57.535909050331405,57.58289337158203,13137500
2018-09-07 04:00:00,57.47548806822388,57.56945669495972,57.47548806822388,57.5224723815918,12374700
2018-09-10 04:00:00,57.58961235397144,57.65001857807462,57.56947182502961,57.6365966796875,6997900
2018-09-11 04:00:00,57.5627616455975,57.710428127799275,57.5627616455975,57.65001678466797,17897800
2018-09-12 04:00:00,57.67015954038384,57.82453955169509,57.67015954038384,57.784263610839844,14041900
2018-09-13 04:00:00,57.837960942896025,57.93192960255226,57.837960942896025,57.891658782958984,10375800
2018-09-14 04:00:00,57.88496216722658,57.9856443665031,57.878253775941694,57.94537353515625,12945000
2018-09-17 04:00:00,57.93191635774074,57.94534337514064,57.87822365086128,57.905067443847656,13279900
2018-09-18 04:00:00,57.91849279597162,57.965477113706946,57.884930374343575,57.89835739135742,19882300
2018-09-19 04:00:00,57.884927034590014,57.91848945428163,57.77753650920813,57.790958404541016,14471100
2018-09-20 04:00:00,57.80438982840706,57.87150955200195,57.67685876894211,57.87150955200195,15360100
2018-09-21 04:00:00,57.87153064391795,57.911801468570694,57.858103621761344,57.884952545166016,10966700
2018-09-24 04:00:00,57.858097076416016,57.891659507102155,57.77755543622201,57.858097076416016,10229400
2018-09-25 04:00:00,57.81110382080078,57.844666246305366,57.784254904578546,57.81110382080078,13240400
2018-09-26 04:00:00,57.85137414701415,57.95205117195315,57.83794712975118,57.87150955200195,19504800
2018-09-27 04:00:00,57.9318937205134,57.99230503339345,57.90504481711168,57.978878021240234,7996600
2018-09-28 04:00:00,57.95876895752358,58.03931570432521,57.911784635449386,58.01918029785156,17085200
2018-10-01 04:00:00,58.092660265441545,58.18705368041992,58.07917255241303,58.18705368041992,22566000
2018-10-02 04:00:00,58.16006940768243,58.187039683196296,58.10612885665469,58.13984298706055,13577600
2018-10-03 04:00:00,58.173570015701884,58.19379644259691,57.92410389192234,57.98478317260742,17930600
2018-10-04 04:00:00,57.86346316446208,57.91740377295409,57.70164648304563,57.76906967163086,24935100
2018-10-05 04:00:00,57.74880860278735,57.7622911747963,57.512825012207024,57.51282501220703,25063300
2018-10-08 04:00:00,57.54652878893492,57.55327264635528,57.3644857910332,57.38471221923828,12869500
2018-10-09 04:00:00,57.40494318564201,57.51956305056951,57.391460613791416,57.47236633300781,19488500
2018-10-10 04:00:00,57.38470391041733,57.38470391041733,57.04758310499557,57.061065673828125,25204700
2018-10-11 04:00:00,57.1959349108124,57.310554785810375,57.020630597014,57.108280181884766,37665300
2018-10-12 04:00:00,57.38469659183648,57.452119715510946,57.27007676718443,57.41166687011719,31877600
2018-10-15 04:00:00,57.36449617921415,57.438663192101075,57.33752588870464,57.37123489379883,16658500
2018-10-16 04:00:00,57.47913048222011,57.58026781100047,57.47238662188589,57.56678009033203,18955700
2018-10-17 04:00:00,57.48586640515503,57.55328956701303,57.404955524490916,57.452152252197266,18739400
2018-10-18 04:00:00,57.4116785479208,57.438648831687395,57.20940399169921,57.20940399169922,28653800
2018-10-19 04:00:00,57.34425938595226,57.35774195674242,57.20940795777068,57.24312210083008,20606400
2018-10-22 04:00:00,57.377975652044654,57.411689799374045,57.22290292006542,57.27009963989258,15049900
2018-10-23 04:00:00,57.07457726971191,57.24313774295733,57.00715410922522,57.21616744995117,20873200
2018-10-24 04:00:00,57.229630975858754,57.256601259888,56.912741712640425,56.93296813964844,23827800
2018-10-25 04:00:00,57.04760742187499,57.0880602896712,56.92624367442894,57.047607421875,29513700
2018-10-26 04:00:00,56.84534399181801,56.9936780616986,56.75095051899554,56.79140853881836,27424100
2018-10-29 04:00:00,56.90600244734366,56.93297273354913,56.663275015550546,56.73744201660156,23379400
2018-10-30 04:00:00,56.75093545519883,56.87229919433594,56.62957171606172,56.87229919433594,24105300
2018-10-31 04:00:00,56.93972235073275,57.03411579849971,56.87229919433594,56.87229919433594,23047900
2018-11-01 04:00:00,56.97730740651952,57.19413647630667,56.91632810775905,57.13315200805664,33115700
2018-11-02 04:00:00,57.20089573424555,57.27542941796858,57.01117551003725,57.09925842285156,19675800
2018-11-05 05:00:00,57.09925649950065,57.21444820559416,57.07215804223088,57.14668655395508,12299600
2018-11-06 05:00:00,57.19412895715894,57.29576110839844,57.17379735742217,57.29576110839844,14675500
2018-11-07 05:00:00,57.34999913612251,57.64135685479211,57.34999913612251,57.6278076171875,26155500
2018-11-08 05:00:00,57.49225083181494,57.64809539194206,57.47192440429579,57.4854736328125,20677500
2018-11-09 05:00:00,57.37034424671926,57.37712145247282,57.10609008675699,57.16029739379883,20869300
2018-11-12 05:00:00,57.13994956162867,57.194156848383635,56.787607367212786,56.80793380737305,22319600
2018-11-13 05:00:00,56.82147301619279,56.929882391215884,56.66562840082771,56.71305847167969,22907600
2018-11-14 05:00:00,56.787587843427886,56.90955161194926,56.46912660509487,56.604644775390625,44747700
2018-11-15 05:00:00,56.36751041703376,56.59110641479492,56.231992208324336,56.59110641479492,32332600
2018-11-16 05:00:00,56.34718241715586,56.44204257587907,56.23876785319164,56.42171096801758,64912800
2018-11-19 05:00:00,56.27264044121398,56.401376255171364,56.17100309478117,56.24553680419922,36567300
2018-11-20 05:00:00,56.08971197112377,56.21845299998873,56.03550467797094,56.06938552856445,21901900
2018-11-21 05:00:00,56.35395050048828,56.46913708950873,56.28619398750511,56.35395050048828,16560400
2018-11-23 05:00:00,56.12357394338448,56.17100401656611,56.04226303100586,56.04226303100586,9708100
2018-11-26 05:00:00,56.25908848022522,56.333622192878856,56.177782735141555,56.3065185546875,19807100
2018-11-27 05:00:00,56.19810938522224,56.28619233256146,56.15067931057951,56.279415130615234,14370700
2018-11-28 05:00:00,56.313273836028024,56.76047076838292,56.27939300910472,56.74692153930664,23513100
2018-11-29 05:00:00,56.63855328112265,56.84182806968466,56.604677596024054,56.76051712036133,17927900
2018-11-30 05:00:00,56.61821724714989,56.74018106573246,56.611445212972676,56.645320892333984,15081000
2018-12-03 05:00:00,56.935260787123276,57.05777560039288,56.833164243924294,57.037357330322266,27052900
2018-12-04 05:00:00,56.92164771966176,56.97609990421014,56.62897371877194,56.68342590332031,32066500
2018-12-06 05:00:00,56.39076091034152,56.5541122972344,56.302279990951,56.48604965209961,27661900
2018-12-07 05:00:00,56.669848549255306,56.758329506185405,56.377174377441406,56.377174377441406,28901200
2018-12-10 05:00:00,56.37032058306296,56.465609287542506,56.19335362066742,56.417964935302734,23434700
2018-12-11 05:00:00,56.6153540185844,56.66980619423574,56.47242095213359,56.52006530761719,19243900
2018-12-12 05:00:00,56.710642353814045,56.89441195436315,56.690224086291394,56.703834533691406,17571500
2018-12-13 05:00:00,56.833177071290116,56.90123971783602,56.78553269942328,56.83998489379883,15859200
2018-12-14 05:00:00,56.74470162303863,56.819572099314435,56.560926747508,56.601768493652344,16397600
2018-12-17 05:00:00,56.55407519197395,56.60172472443699,56.18653611081997,56.23418045043945,24124900
2018-12-18 05:00:00,56.32376963937754,56.371640531277585,56.00918874724352,56.132286071777344,25284300
2018-12-19 05:00:00,56.15965751628057,56.25539932719364,55.55784588478423,55.6262321472168,32062700
2018-12-20 05:00:00,55.44159953903545,55.52366620049629,54.71669562418245,55.14069366455078,68796100
2018-12-21 05:00:00,55.113342737698844,55.3458623559229,54.77824630596004,54.86715316772461,56295000
2018-12-24 05:00:00,54.86713416496209,54.94919558735261,54.45680618286132,54.45680618286133,18853600
2018-12-26 05:00:00,54.5251871071246,55.37318801879883,54.40208977982222,55.37318801879883,25010300
2018-12-27 05:00:00,55.044942698463515,55.373204072282896,54.9697162423286,55.33900833129883,31806100
2018-12-28 05:00:00,55.38688198559116,55.612561365190594,55.29114016713161,55.421077728271484,30106400
2018-12-31 05:00:00,55.52365608663169,55.6193978987937,55.455264605769585,55.46210479736328,14153600
2019-01-02 05:00:00,55.20222032455102,55.468930333325055,55.15434943111815,55.386863708496094,26977400
2019-01-03 05:00:00,55.33216130485782,55.50312953746331,55.243254484679674,55.414222717285156,32776600
2019-01-04 05:00:00,55.85194392532582,56.419560146279906,55.78355762320204,56.34433364868164,38754000
2019-01-07 05:00:00,56.47421748166077,56.891380310058594,56.467377292701755,56.891380310058594,38127600
2019-01-08 05:00:00,57.028161649409384,57.267516124829875,56.93926004926356,57.26068115234375,30795000
2019-01-09 05:00:00,57.34272713026375,57.45214927102875,57.30169643624429,57.32905197143555,40909400
2019-01-10 05:00:00,57.212812068718875,57.58893905127813,57.13758562869974,57.55474853515625,50520000
2019-01-11 05:00:00,57.322231030436264,57.43165320794214,57.294875486059794,57.37010192871094,19793300
2019-01-14 05:00:00,57.21966492255837,57.288051193709265,57.137603484192525,57.18547439575195,20137700
2019-01-15 05:00:00,57.18548090107124,57.40432012417168,57.137609984066096,57.3769645690918,24799000
2019-01-16 05:00:00,57.45217947875694,57.54108110172088,57.41798373740441,57.46585464477539,26508100
2019-01-17 05:00:00,57.40430688450131,57.64366141432252,57.37011114415366,57.623146057128906,24574400
2019-01-18 05:00:00,57.73256231012779,57.90353057464549,57.712046953191646,57.78727340698242,36236400
2019-01-22 05:00:00,57.671029901611966,57.67786487718498,57.32909329157163,57.404319763183594,25504200
2019-01-23 05:00:00,57.486369292029124,57.602631680668125,57.35643695507822,57.520565032958984,18529400
2019-01-24 05:00:00,57.500065165153785,57.595807004503904,57.40432332580366,57.58212661743164,17875500
2019-01-25 05:00:00,57.691531341531324,57.78043296037455,57.67785095860938,57.72572708129883,16775200
2019-01-28 05:00:00,57.57527948530954,57.67102130444526,57.49321283281984,57.63682556152344,14694100
2019-01-29 05:00:00,57.68468822375643,57.68468822375643,57.465849065943104,57.60262680053711,18717000
2019-01-30 05:00:00,57.677856665947644,58.149730790237875,57.67102169134768,58.060829162597656,25993500
2019-01-31 05:00:00,58.04715556761122,58.29335033798947,58.04715556761122,58.20444869995117,27070400
2019-02-01 05:00:00,58.16253157550414,58.231231837221394,58.080088116547046,58.17626953125,24749900
2019-02-04 05:00:00,58.183134572562196,58.348016230400034,58.128172272785115,58.313663482666016,15968400
2019-02-05 05:00:00,58.35491653984616,58.58162696535852,58.34804493861973,58.519798278808594,33188300
2019-02-06 05:00:00,58.4717229824342,58.540423288338836,58.409889038071874,58.46485137939453,25936800
2019-02-07 05:00:00,58.27931097405234,58.3274016718561,58.16252002817078,58.265567779541016,27119400
2019-02-08 05:00:00,58.196903058351154,58.26560334836775,58.107593205479205,58.25186538696289,16728100
2019-02-11 05:00:00,58.2380992269244,58.3068047313538,58.19000851872026,58.27932357788086,10051800
2019-02-12 05:00:00,58.45108905802502,58.581618012402714,58.44421745784877,58.56100845336914,20174000
2019-02-13 05:00:00,58.595356201596694,58.609094159279124,58.430474501933844,58.47856521606445,25088400
2019-02-14 05:00:00,58.38236103676062,58.54724267217068,58.29991759830924,58.485408782958984,19406700
2019-02-15 05:00:00,58.58846643657471,58.712128983353786,58.58846643657471,58.6709098815918,24052000
2019-02-19 05:00:00,58.60225659473114,58.72591924061218,58.57477542436899,58.691566467285156,11317700
2019-02-20 05:00:00,58.7121504944244,58.773984411215324,58.622840660720875,58.73963165283203,9925700
2019-02-21 05:00:00,58.70527523707962,58.7602375504707,58.63657496608812,58.68466567993164,15479800
2019-02-22 05:00:00,58.75338479563408,58.856437855922174,58.732775231875735,58.801475524902344,12330300
2019-02-25 05:00:00,58.88391111978883,58.96635460525547,58.8220824368106,58.84956359863281,13698200
2019-02-26 05:00:00,58.89079285379328,58.99384591798472,58.8564400852306,58.925140380859375,16049300
2019-02-27 05:00:00,58.94575881958008,58.98697795119826,58.89766808552657,58.94575881958008,14818900
2019-02-28 05:00:00,58.93197887669163,58.96633162595598,58.87701657446612,58.91136932373047,21340600
2019-03-01 05:00:00,59.036977027007595,59.11288705944036,59.00247055228403,59.0783805847168,26455300
2019-03-04 05:00:00,59.1473721950495,59.17497631433675,58.89203804035292,58.98865509033203,16034400
2019-03-05 05:00:00,58.988671326592154,58.99556840960179,58.90585894593679,58.96106719970703,14510100
2019-03-06 05:00:00,58.933448585743584,58.94724801331952,58.8368367978693,58.86444091796875,16806400
2019-03-07 05:00:00,58.88516587825112,58.89206296228109,58.71264400840856,58.823055267333984,28101100
2019-03-08 05:00:00,58.643599022112305,58.74021078659293,58.526280223860425,58.72640609741211,21043400
2019-03-11 04:00:00,58.70573705853085,58.92656482402458,58.69193762660278,58.91966247558594,17922400
2019-03-12 04:00:00,58.871358020880166,59.05768457868246,58.85755858861117,59.02317810058594,20180500
2019-03-13 04:00:00,59.057672655182536,59.188785662589595,59.04386796075129,59.181888580322266,24524800
2019-03-14 04:00:00,59.1542999983512,59.230210042822435,59.12669586718442,59.14049530029297,12342500
2019-03-15 04:00:00,59.181909794086266,59.264716930562784,59.17500744439649,59.195709228515625,21775300
2019-03-18 04:00:00,59.20259191761059,59.23019604225244,59.11977954368506,59.17498779296875,10498900
2019-03-19 04:00:00,59.21642314816476,59.3199373549243,59.175019571441446,59.20952606201172,14067200
2019-03-20 04:00:00,59.216408008575804,59.55455468186796,59.105996743891566,59.464839935302734,31184400
2019-03-21 04:00:00,59.388908695116186,59.52692930790769,59.37510926631106,59.451019287109375,16400700
2019-03-22 04:00:00,59.36132610202907,59.38203315016896,59.17500478836961,59.23711013793945,27030400
2019-03-25 04:00:00,59.195698366164,59.28541310081791,59.105988896459316,59.216400146484375,23592100
2019-03-26 04:00:00,59.3129879032568,59.45100849098417,59.271584359412124,59.36129379272461,18762700
2019-03-27 04:00:00,59.395803800205215,59.5131173580636,59.26468555027679,59.402706146240234,16706700
2019-03-28 04:00:00,59.409603054799895,59.52001953125,59.37510185461977,59.52001953125,19706700
2019-03-29 04:00:00,59.5683455757564,59.713263301413086,59.55454614400541,59.67185974121094,22358900
2019-04-01 04:00:00,59.75433998921617,59.8028585556016,59.64344267524682,59.65730285644531,21353900
2019-04-02 04:00:00,59.67117023456848,59.705828623935545,59.56720564272279,59.685035705566406,15129300
2019-04-03 04:00:00,59.747407823085126,59.823652040720184,59.678096340178854,59.7058219909668,13746500
2019-04-04 04:00:00,59.71276871544745,59.80287313552293,59.69890324274143,59.79594039916992,14435700
2019-04-05 04:00:00,59.85828458520203,59.955321677004996,59.84441912173024,59.906803131103516,14227000
2019-04-08 04:00:00,59.87909078381188,59.89295625036143,59.823639493865834,59.87215805053711,11472100
2019-04-09 04:00:00,59.83750676912886,59.89988550610915,59.79591565634911,59.83057403564453,19118700
2019-04-10 04:00:00,59.90681450624776,60.09395599365234,59.90681450624776,60.093955993652344,16767000
2019-04-11 04:00:00,60.087056320263926,60.20488639598301,60.0593306633662,60.1840934753418,20976100
2019-04-12 04:00:00,60.25336938412085,60.30882066516332,60.156332286359145,60.27416229248047,17442800
2019-04-15 04:00:00,60.2672809827774,60.2672809827774,60.18410927837349,60.232627868652344,13940000
2019-04-16 04:00:00,60.27415448836812,60.281087219632106,60.17711740317048,60.19791030883789,11543800
2019-04-17 04:00:00,60.26034229482826,60.26034229482826,60.045469759553875,60.05240249633789,11818600
2019-04-18 04:00:00,60.156345218976924,60.156345218976924,60.0107895410423,60.080101013183594,15295500
2019-04-22 04:00:00,60.03850782878384,60.06623347186738,59.96919107701214,59.97612380981445,24591400
2019-04-23 04:00:00,60.05239792710968,60.2187465803677,60.017739533955435,60.1840934753418,15094100
2019-04-24 04:00:00,60.19793968993206,60.19793968993206,60.09396982272537,60.10090255737305,11938800
2019-04-25 04:00:00,60.09396557973816,60.170209791097975,60.00386118818872,60.128623962402344,14369000
2019-04-26 04:00:00,60.19794715328716,60.28805685049743,60.19794715328716,60.281124114990234,11937200
2019-04-29 04:00:00,60.26725144710064,60.3019098323701,60.25339126586914,60.25339126586914,7601200
2019-04-30 04:00:00,60.28108877412353,60.32960731797352,60.246430405034396,60.26029586791992,11168100
2019-05-01 04:00:00,60.271489098817746,60.46638924805887,60.055713428836945,60.06267547607422,24574300
2019-05-02 04:00:00,60.1113779383311,60.19490654419548,59.986087684776614,60.10441589355469,24936600
2019-05-03 04:00:00,60.222732934853084,60.278418661769855,60.18793333839251,60.257537841796875,18522700
2019-05-06 04:00:00,59.98607337426907,60.292339545556935,59.860783150604306,60.285377502441406,18893700
2019-05-07 04:00:00,60.13917398571132,60.17397356153185,59.82594594044612,59.92339324951172,30266300
2019-05-08 04:00:00,59.93038514896925,60.069599453054614,59.881661470160054,59.94430923461914,27527500
2019-05-09 04:00:00,59.85384750366212,59.90257120599258,59.63807186626795,59.85384750366211,30890400
2019-05-10 04:00:00,59.83290182125127,60.07652006883985,59.68673087269812,60.02083969116211,33782400
2019-05-13 04:00:00,59.63804872693768,59.70069118684957,59.457072769720234,59.47099685668945,34801600
2019-05-14 04:00:00,59.58930312194493,59.742436159372936,59.53361741551998,59.60322189331055,18128500
2019-05-15 04:00:00,59.50577580337236,59.69371373885595,59.470976218991915,59.65890884399414,19543700
2019-05-16 04:00:00,59.742457419475336,59.937352150837164,59.721576599755586,59.83990478515625,29384100
2019-05-17 04:00:00,59.71460991665746,59.93038545097374,59.71460991665746,59.81901931762695,27089400
2019-05-20 04:00:00,59.805082550190676,59.9164539704038,59.707635212745004,59.76332092285156,15780000
2019-05-21 04:00:00,59.85381226574665,59.96518369721125,59.85381226574665,59.95125961303711,15004300
2019-05-22 04:00:00,59.91645766668284,59.99998092651367,59.83989113818329,59.99998092651367,14976200
2019-05-23 04:00:00,59.83292820442534,59.853809019071775,59.631071478706744,59.70067596435547,18333400
2019-05-24 04:00:00,59.770290048123215,59.83989453876504,59.61019494021302,59.617156982421875,17611600
2019-05-28 04:00:00,59.68676023649073,59.73548390997878,59.50578431618561,59.56147003173828,20544600
2019-05-29 04:00:00,59.48490339006851,59.52666502141444,59.33873236987564,59.40137481689453,25441900
2019-05-30 04:00:00,59.50578010495547,59.617151528179036,59.47098051805941,59.52666091918945,20311900
2019-05-31 04:00:00,59.33177965314791,59.40138415315841,59.08119920472375,59.095123291015625,34947400
2019-06-03 04:00:00,59.19020080566406,59.28109936910522,59.06433838373394,59.19020080566406,58940600
2019-06-04 04:00:00,59.37201907255752,59.791558812430594,59.37201907255752,59.78456497192383,34113300
2019-06-05 04:00:00,59.84052607052903,59.93841853310053,59.73563976499125,59.92443084716797,28368700
2019-06-06 04:00:00,59.91043289548512,60.10621776964635,59.83351664710211,60.05027770996094,23538600
2019-06-07 04:00:00,60.13418297556848,60.28102161941012,59.546828400201946,60.204105377197266,29934000
2019-06-10 04:00:00,60.31594382389264,60.37187850571598,60.26000380733569,60.29496765136719,17482200
2019-06-11 04:00:00,60.49080545477413,60.59569174417188,60.2880267178687,60.37892532348633,34293700
2019-06-12 04:00:00,60.36495246593997,60.37893481718032,60.22510227984084,60.23908996582031,18195500
2019-06-13 04:00:00,60.343966783512606,60.4208830400884,60.30900290880059,60.37892532348633,19438500
2019-06-14 04:00:00,60.35798181752527,60.385951865493524,60.288059364975226,60.337005615234375,8842000
2019-06-17 04:00:00,60.30200177125748,60.33696564173938,60.21809701768115,60.24606704711914,10554000
2019-06-18 04:00:00,60.53275495120305,60.672599773908495,60.51177876127104,60.665611267089844,22540400
2019-06-19 04:00:00,60.623640819361036,60.966269632079744,60.51875989172971,60.9522819519043,28212600
2019-06-20 04:00:00,61.13411673368904,61.28794928843081,61.036224259715134,61.259979248046875,48362000
2019-06-21 04:00:00,61.09912173963307,61.14806795169804,61.06416320800781,61.06416320800781,22467800
2019-06-24 04:00:00,61.06419522938539,61.092165270194975,61.029231344688455,61.05720138549805,13764100
2019-06-25 04:00:00,61.05017153937382,61.05017153937382,60.75649428616892,60.79844665527344,26173600
2019-06-26 04:00:00,60.91731208632377,60.9452821067335,60.749491963865374,60.77047348022461,19554600
2019-06-27 04:00:00,60.87539767964281,60.97329015332477,60.84742763934229,60.938331604003906,12995100
2019-06-28 04:00:00,60.973241374797674,61.0082052308872,60.93828285344359,60.959259033203125,14690800
2019-07-01 04:00:00,61.19524496473517,61.28655313529764,60.96347546348291,60.97751998901367,26036100
2019-07-02 04:00:00,61.01966898723085,61.14609117169972,60.99157457307537,61.11097717285156,20683200
2019-07-03 04:00:00,61.13909822344547,61.37789281011019,61.125048331015826,61.3427734375,16237900
2019-07-05 04:00:00,61.16013377736786,61.167153361224905,60.998592254819506,61.096920013427734,17591400
2019-07-08 04:00:00,61.06882280111543,61.06882280111543,60.970495047017934,60.97751998901367,16679400
2019-07-09 04:00:00,60.93540108990244,60.963495508662305,60.89325678253141,60.90730667114258,19189100
2019-07-10 04:00:00,61.05478959839031,61.16014231402154,61.026695183657864,61.07585906982422,24497000
2019-07-11 04:00:00,61.11097564015916,61.11097564015916,60.87217580505757,60.956459045410156,19191200
2019-07-12 04:00:00,60.95646272304656,61.06181544022808,60.907298836156755,61.05479049682617,21291200
2019-07-15 04:00:00,61.04073655026657,61.153108835049856,61.00561719713751,61.096920013427734,10735200
2019-07-16 04:00:00,61.08991500418561,61.08991500418561,60.9143289135715,60.97051239013672,20147200
2019-07-17 04:00:00,61.0196793470459,61.0196793470459,60.88623755522884,60.89325714111328,9361300
2019-07-18 04:00:00,60.900286724988405,60.93540609093614,60.7598199781233,60.921356201171875,17236600
2019-07-19 04:00:00,60.92133552222321,60.94942993375253,60.7949133495718,60.815982818603516,14771000
2019-07-22 04:00:00,60.88621158541239,61.0196533203125,60.8581171784702,61.0196533203125,12852800
2019-07-23 04:00:00,61.06881119163727,61.146069463521094,60.99857786041372,61.125,14051800
2019-07-24 04:00:00,61.110989724648526,61.18122309523191,61.096939835454236,61.174198150634766,12713700
2019-07-25 04:00:00,61.20932113153484,61.20932113153484,61.040759960483236,61.08992385864258,14272500
2019-07-26 04:00:00,61.18825940050606,61.23742330488884,61.16016497536394,61.22337341308594,8512700
2019-07-29 04:00:00,61.20932696113644,61.21635190681769,61.07587978551022,61.1320686340332,14731800
2019-07-30 04:00:00,61.03373784094027,61.16717965157141,60.991593527379095,61.160160064697266,13794100
2019-07-31 04:00:00,61.209307100897504,61.286565402933164,60.80897106237715,61.05479049682617,23449700
2019-08-01 04:00:00,61.04562783603798,61.35596589030463,61.00330485227132,61.02446365356445,28839000
2019-08-02 04:00:00,61.00330854041992,61.00330854041992,60.784660405597926,60.932777404785156,23559600
2019-08-05 04:00:00,60.56599176172333,60.56599176172333,60.19922137073038,60.29796600341797,47727900
2019-08-06 04:00:00,60.5659943938425,60.74232487147327,60.42492678303041,60.68589782714844,28695000
2019-08-07 04:00:00,60.43904517919746,60.74938320655336,60.26976402117068,60.67885208129883,38028500
2019-08-08 04:00:00,60.69297920316271,60.95394498069122,60.69297920316271,60.91868209838867,27074700
2019-08-09 04:00:00,60.812875163065186,60.90456510312227,60.714130494948066,60.83403396606445,19090800
2019-08-12 04:00:00,60.66475569419869,60.75644563052757,60.573060376689206,60.622432708740234,17466700
2019-08-13 04:00:00,60.61539715932992,60.946899484777425,60.57307416423797,60.890472412109375,30078600
2019-08-14 04:00:00,60.61538072081137,60.63653952202829,60.30503728648217,60.347354888916016,29745300
2019-08-15 04:00:00,60.453154324149764,60.58716724020378,60.41083672168234,60.523685455322266,27296500
2019-08-16 04:00:00,60.61539221185342,60.749399772024944,60.61539221185342,60.728240966796875,15780200
2019-08-19 04:00:00,60.84108749606076,60.9116186317297,60.81287396555704,60.904563903808594,13603000
2019-08-20 04:00:00,60.932790167605155,60.989217240404315,60.834045480797535,60.953948974609375,16126800
2019-08-21 04:00:00,61.10911681982215,61.257233840545815,61.06679920852438,61.21491622924805,18334300
2019-08-22 04:00:00,61.32070562775411,61.384182034337904,61.18669270561416,61.327754974365234,20677200
2019-08-23 04:00:00,61.21489955957326,61.461761193555496,60.99625145250043,61.045623779296875,30340300
2019-08-26 04:00:00,61.23605337225661,61.34890747070313,61.179626323033354,61.348907470703125,14187800
2019-08-27 04:00:00,61.46880329028707,61.48996208582651,61.214886981455884,61.32068634033203,14722700
2019-08-28 04:00:00,61.30662646454172,61.497066540753174,61.28546765189229,61.46885299682617,13576000
2019-08-29 04:00:00,61.60280726171696,61.6521849567202,61.49701329007751,61.53227615356445,16271400
2019-08-30 04:00:00,61.63103072088924,61.63808544719584,61.341851516472374,61.47586441040039,14413600
2019-09-03 04:00:00,61.426973660420686,61.426973660420686,61.193221198488665,61.29947280883789,20561500
2019-09-04 04:00:00,61.40576032885955,61.44825883617952,61.334922277746855,61.42700958251953,13526700
2019-09-05 04:00:00,61.483660043698535,61.71740717040274,61.46949027590859,61.667823791503906,23399100
2019-09-06 04:00:00,61.75283669969762,61.83783910836078,61.653669925015876,61.72450256347656,25162700
2019-09-09 04:00:00,61.759915835898845,61.80949921862426,61.63949441712277,61.78824996948242,17484200
2019-09-10 04:00:00,61.79531623258411,61.84489960470434,61.696149488343664,61.82365036010742,14055800
2019-09-11 04:00:00,61.78826062118497,61.837844012458085,61.74575671139063,61.81658935546875,13999200
2019-09-12 04:00:00,61.86617700239357,61.929930169378366,61.80242923959348,61.852012634277344,23246400
2019-09-13 04:00:00,61.74575746008024,61.844924243828906,61.70325895395492,61.738677978515625,34407300
2019-09-16 04:00:00,61.837851162639375,61.96535209839639,61.752848737406374,61.95826721191406,23020800
2019-09-17 04:00:00,61.9794956091316,62.00074485724257,61.86615908029557,61.99365997314453,14626400
2019-09-18 04:00:00,61.951182325431745,62.00785060892041,61.7599336238887,61.95826721191406,15913800
2019-09-19 04:00:00,61.92284190414183,62.007844320754806,61.85909414482042,61.887428283691406,13327000
2019-09-20 04:00:00,61.90867901094772,61.98659654365219,61.86617509953694,61.96534729003906,23298400
2019-09-23 04:00:00,61.91573958529693,61.986572204256,61.90156981899567,61.936988830566406,15456800
2019-09-24 04:00:00,61.99367793217846,62.00076281832892,61.774095099176314,61.852012634277344,21934200
2019-09-25 04:00:00,61.802414334182515,61.8307484677661,61.646579301564515,61.78824996948242,15142100
2019-09-26 04:00:00,61.788250515391425,61.809499764721004,61.65366473072618,61.74574661254883,13873100
2019-09-27 04:00:00,61.7386761045525,61.788259494921824,61.62533955274591,61.674922943115234,13419200
2019-09-30 04:00:00,61.66782909555141,61.74574661254882,61.63949496171749,61.74574661254883,21827700
2019-10-01 04:00:00,61.75995051994503,61.77417740766354,61.553709481737336,61.603492736816406,27665700
2019-10-02 04:00:00,61.56795842023137,61.57507186726524,61.1910271169906,61.24081039428711,33789500
2019-10-03 04:00:00,61.24791882766355,61.333258481203075,60.984775568653745,61.2763671875,30387800
2019-10-04 04:00:00,61.35457512481231,61.47548197460681,61.304791866415115,61.46836853027344,17588600
2019-10-07 04:00:00,61.425723066293884,61.51106272825144,61.34037797836595,61.418609619140625,14542500
2019-10-08 04:00:00,61.3545960740141,61.390157881855146,61.191024780273445,61.19102478027344,15471500
2019-10-09 04:00:00,61.35457519431945,61.43280680417055,61.34035373160481,61.37591552734375,11351300
2019-10-10 04:00:00,61.39016767731193,61.50396113978419,61.37594620748837,61.45417785644531,11092800
2019-10-11 04:00:00,61.617713865353416,61.75284216810925,61.56793061054356,61.710166931152344,18661400
2019-10-14 04:00:00,61.710189585023464,61.78131319740523,61.65329829147579,61.752864837646484,9842600
2019-10-15 04:00:00,61.75997794241862,61.92355466800518,61.73153500628817,61.88799285888672,26321500
2019-10-16 04:00:00,61.86664797299432,61.88087486473692,61.8310915955766,61.838199615478516,11813000
2019-10-17 04:00:00,61.8808988857333,61.944903645512255,61.87378543710069,61.92356872558594,14814300
2019-10-18 04:00:00,61.92355319047723,61.96622301962505,61.84532155305947,61.937774658203125,21363700
2019-10-21 04:00:00,61.98754716990959,61.994655188930956,61.95198537092788,61.95909881591797,10090400
2019-10-22 04:00:00,62.00180270922605,62.00180270922605,61.930684498145794,61.97335433959961,15464300
2019-10-23 04:00:00,61.980444389573705,62.03734110734687,61.937769138259,62.03022766113281,9097500
2019-10-24 04:00:00,62.05867904952507,62.101348876953125,61.994668882413066,62.101348876953125,14832800
2019-10-25 04:00:00,62.087118315108505,62.17245795746383,62.087118315108505,62.151123046875,11593600
2019-10-28 04:00:00,62.15822789615119,62.18667624832504,62.129779543977335,62.14400100708008,10646500
2019-10-29 04:00:00,62.13690765046509,62.15824256313761,62.01600076870469,62.03022766113281,10655700
2019-10-30 04:00:00,62.065806789076085,62.072920237897414,61.87378707867324,61.95201873779297,24566400
2019-10-31 04:00:00,61.93775762196488,61.94487106685631,61.72440310893969,61.738624572753906,24576400
2019-11-01 04:00:00,61.8393222443145,62.0678594527662,61.83218454302059,62.00358200073242,23894100
2019-11-04 05:00:00,62.117860259846836,62.16785141980896,62.08929310435022,62.13214111328125,14135800
2019-11-05 05:00:00,62.182138092499144,62.189281244198725,62.003597440407596,62.067874908447266,21946800
2019-11-06 05:00:00,62.067880587211235,62.067880587211235,61.9750359525069,61.9964599609375,8976900
2019-11-07 05:00:00,62.08930348643432,62.1178706467077,61.95361083729289,61.967891693115234,15077600
2019-11-08 05:00:00,61.96072571636584,62.046421709453575,61.8750242746519,62.02499771118164,11692800
2019-11-11 05:00:00,61.967900831911145,62.017892007604914,61.90362879828894,61.98933029174805,4933600
2019-11-12 05:00:00,61.95359084854035,62.05357315292449,61.93930999732559,62.00358200073242,14690200
2019-11-13 05:00:00,61.93932342529297,61.96788513391445,61.903613116573936,61.93932342529297,15333600
2019-11-14 05:00:00,61.946439152365684,61.9892925973517,61.88216715782595,61.90359115600586,14965100
2019-11-15 05:00:00,61.96787123626336,62.09642069074248,61.96073353502284,62.08928298950195,12996200
2019-11-18 05:00:00,62.03928644767727,62.060710446791305,61.98215215095554,62.010719299316406,13135800
2019-11-19 05:00:00,61.94642700934452,61.95357015687965,61.789310455322266,61.789310455322266,20175500
2019-11-20 05:00:00,61.75364556598447,61.83220389381836,61.653663230310194,61.66080093383789,22566100
2019-11-21 05:00:00,61.7250590537751,61.739339904981776,61.61079044961394,61.67506790161133,17853800
2019-11-22 05:00:00,61.76790415019978,61.91073989868164,61.70363214985296,61.91073989868164,20394800
2019-11-25 05:00:00,61.92501968668228,62.08927943246132,61.92501968668228,62.07499313354492,16885300
2019-11-26 05:00:00,62.09643599040575,62.146427154541016,62.06073112952528,62.146427154541016,11469400
2019-11-27 05:00:00,62.12501231639839,62.239280964786914,62.09644515430126,62.22499465942383,11814700
2019-11-29 05:00:00,62.21068929411365,62.21068929411365,62.082139839634536,62.08928298950195,11519500
2019-12-02 05:00:00,62.111522173783314,62.111522173783314,61.91077011398518,62.0469970703125,20966400
2019-12-03 05:00:00,61.903623958835524,61.99683421734587,61.83192754696374,61.96098327636719,29757200
2019-12-04 05:00:00,61.989607434938144,62.16885103918099,61.989607434938144,62.147342681884766,12406800
2019-12-05 05:00:00,62.190385871306525,62.24057388305664,62.07567276019899,62.24057388305664,18158900
2019-12-06 05:00:00,62.340966730148246,62.38398894474638,62.26927033259737,62.326629638671875,16094700
2019-12-09 05:00:00,62.30512126641506,62.37681766396594,62.30512126641506,62.326629638671875,18034300
2019-12-10 05:00:00,62.326601214949704,62.48433649967798,62.30509285250167,62.47716522216797,15117100
2019-12-11 05:00:00,62.49150334904243,62.62055351458616,62.44130988011105,62.60621643066406,14127500
2019-12-12 05:00:00,62.63490162378045,62.81414527415297,62.61339326094888,62.74961471557617,18958100
2019-12-13 05:00:00,62.77115409423285,62.84285048954345,62.735303161535384,62.814170837402344,18088100
2019-12-16 05:00:00,62.90735170030952,62.97188226062731,62.87867205906631,62.936031341552734,17517400
2019-12-17 05:00:00,62.94322747990468,63.129642486572266,62.94322747990468,63.129642486572266,18650700
2019-12-18 05:00:00,63.15829624467195,63.27301481785675,63.136787879720465,63.24433517456055,31575700
2019-12-19 05:00:00,63.25444529406251,63.2688336061114,63.11773162627717,63.21126937866211,29429300
2019-12-20 05:00:00,63.28317357610961,63.3119556678476,63.103289619964194,63.11768341064453,31918800
2019-12-23 05:00:00,63.1392798489839,63.17525884246811,63.124891545364406,63.14647674560547,9720200
2019-12-24 05:00:00,63.160886076325006,63.19686508178711,63.12491256048839,63.19686508178711,4854900
2019-12-26 05:00:00,63.275997895317836,63.3119714017132,63.24001889929842,63.29038619995117,11382700
2019-12-27 05:00:00,63.333530078481225,63.333530078481225,63.23999241347933,63.26157760620117,11627100
2019-12-30 05:00:00,63.319167980926686,63.33355628548778,63.153672285541965,63.21843338012695,12524300
2019-12-31 05:00:00,63.21844820965869,63.283203829809764,63.1824692053801,63.2760124206543,8310800
2020-01-02 05:00:00,63.39110394875898,63.549402705762276,63.35513045192715,63.542205810546875,15756600
2020-01-03 05:00:00,63.405521702167086,63.5206446210092,63.34795749793369,63.477474212646484,17342200
2020-01-06 05:00:00,63.398312349656734,63.44867964606015,63.35514194977483,63.41270065307617,17936900
2020-01-07 05:00:00,63.419896284566335,63.434290077322245,63.3479437896572,63.355140686035156,9640300
2020-01-08 05:00:00,63.36953025319427,63.48465863904412,63.3335512602103,63.41270065307617,16088100
2020-01-09 05:00:00,63.49184356927413,63.58538674564089,63.44147627800857,63.578189849853516,16649500
2020-01-10 05:00:00,63.58540798840742,63.614190091549474,63.535040680315035,63.599796295166016,16182900
2020-01-13 05:00:00,63.606993193357745,63.64296670506667,63.57101419202396,63.599796295166016,17762400
2020-01-14 05:00:00,63.58539511022362,63.67173591253801,63.52063401886408,63.592586517333984,29157100
2020-01-15 05:00:00,63.60695648193359,63.70049414594038,63.599759587895626,63.606956481933594,24637900
2020-01-16 05:00:00,63.65736028908119,63.700530698837824,63.5925991848214,63.628578186035156,22349200
2020-01-17 05:00:00,63.6645361304329,63.68612132817199,63.578189849853516,63.578189849853516,29626700
2020-01-21 05:00:00,63.563809980401246,63.6285710774259,63.44149017333984,63.441490173339844,19724900
2020-01-22 05:00:00,63.5422468252784,63.58542273481706,63.48468809527042,63.556640625,17731800
2020-01-23 05:00:00,63.448650937818805,63.46303923472806,63.333522604060406,63.3623046875,28566200
2020-01-24 05:00:00,63.36953682260788,63.36953682260788,63.067333012858434,63.09611511230469,40838300
2020-01-27 05:00:00,62.772315863942865,62.87305045957518,62.57084667267823,62.67158126831055,41372700
2020-01-28 05:00:00,62.95943274560506,63.29041881899816,62.88028330526901,63.21126937866211,32628300
2020-01-29 05:00:00,63.297574608440954,63.4846554813298,63.16086102945026,63.175254821777344,17308200
2020-01-30 05:00:00,62.96658004789621,63.25439546880462,62.9593831527273,63.2400016784668,20103300
2020-01-31 05:00:00,63.17528065611584,63.17528065611584,62.880268178627354,62.98100280761719,35659700
2020-02-03 05:00:00,63.10094297634028,63.20210057759647,62.95642817977728,62.970882415771484,25754700
2020-02-04 05:00:00,63.22375854162384,63.361046181369986,63.209309822391,63.34659194946289,25063800
2020-02-05 05:00:00,63.49832765381976,63.62838817627152,63.46942470297778,63.606712341308594,36687700
2020-02-06 05:00:00,63.585078705302976,63.69346346472259,63.491148187234174,63.65733337402344,18329900
2020-02-07 05:00:00,63.57785281220388,63.62121002441559,63.49837102127337,63.56340408325195,12865100
2020-02-10 05:00:00,63.548950695346,63.657335458314385,63.498371874317826,63.650108337402344,14220000
2020-02-11 05:00:00,63.780142848391485,63.78736996634582,63.69343948364258,63.69343948364258,16821500
2020-02-12 05:00:00,63.81627127406966,63.91742887210951,63.77291959281705,63.859622955322266,26688200
2020-02-13 05:00:00,63.80901886801491,63.917403540867916,63.79457015088212,63.88127899169922,13297900
2020-02-14 05:00:00,63.902983617921464,63.93910818336761,63.83795057983689,63.874080657958984,11398800
2020-02-18 05:00:00,63.837952858108096,63.8740829375196,63.693443565814334,63.744022369384766,26635300
2020-02-19 05:00:00,63.80904708101022,63.85240427692576,63.76569539777057,63.77292251586914,18547500
2020-02-20 05:00:00,63.81624598291803,63.90295482373513,63.62837958415105,63.88127899169922,31277000
2020-02-21 05:00:00,63.830757528527336,63.8596605039155,63.7007024082989,63.82353591918945,23027000
2020-02-24 05:00:00,63.223744203628875,63.29599880875557,63.00697487557581,63.13703536987305,57828300
2020-02-25 05:00:00,63.411613121975066,63.44773766964599,62.638477239600086,62.6962776184082,68418000
2020-02-26 05:00:00,62.81188553646099,63.043103575485944,62.57344038327726,62.76130676269531,69233800
2020-02-27 05:00:00,62.23387997885022,62.6385159566531,61.79311943104772,61.915958404541016,72596300
2020-02-28 05:00:00,61.19340590116764,62.24833935276697,61.19340590116764,62.16885757446289,97472600
2020-03-02 05:00:00,62.154323310320514,62.70590456707508,61.856763453303664,62.64058303833008,72357700
2020-03-03 05:00:00,62.69136774036294,63.27923917734387,62.22688014640819,62.37203598022461,58721000
2020-03-04 05:00:00,62.89460058515286,63.25748194868466,62.84379187861344,63.228450775146484,52664700
2020-03-05 05:00:00,62.6768540032023,62.78571949268034,62.30671355382849,62.430091857910156,62455700
2020-03-06 05:00:00,61.34873166355771,61.89305379075662,61.02939424371909,61.726131439208984,69860600
2020-03-09 04:00:00,57.79975445651815,60.5939403953379,57.79975445651815,59.06983947753906,73609600
2020-03-10 04:00:00,59.96250363436938,60.14394427114317,58.88111345246483,59.97701644897461,57598000
2020-03-11 04:00:00,58.96822349719608,59.28756087940107,58.20617039407248,58.670658111572266,60006600
2020-03-12 04:00:00,55.43377470041993,58.242479440644765,55.32491468257304,56.32646560668945,82926400
2020-03-13 04:00:00,58.155369741600126,58.26423526635115,56.711103355486216,58.097312927246094,69164600
2020-03-16 04:00:00,54.95475672363777,56.355479063014634,53.92417493990341,54.903953552246094,43080100
2020-03-17 04:00:00,54.83137681572266,56.39176226546085,54.16367089164927,55.41924285888672,68569400
2020-03-18 04:00:00,53.59757556935011,54.25076312239696,52.18959966292701,52.973419189453125,54289800
2020-03-19 04:00:00,52.15331701302131,52.74118312900111,51.36223265498577,51.78317642211914,45706300
2020-03-20 04:00:00,51.82672869649258,52.35653248560568,50.37520297072113,50.6219596862793,55796500
2020-03-23 04:00:00,50.839672958607096,50.89047611973525,49.003488907251466,49.809085845947266,48862100
2020-03-24 04:00:00,50.8687058674869,52.21862495587143,50.730814717343584,51.86300277709961,51304000
2020-03-25 04:00:00,52.43634986645704,54.8458815696312,52.3129715486235,53.321781158447266,45692600
2020-03-26 04:00:00,53.71369869203976,55.76034927368163,53.48870849098665,55.76034927368164,41965200
2020-03-27 04:00:00,54.7515609139037,56.87804666410217,54.69349854666536,55.905521392822266,66536800
2020-03-30 04:00:00,55.95629956534347,56.63851823258686,55.62244940866447,56.38450241088867,35016900
2020-03-31 04:00:00,56.15227085374622,56.39902755242501,55.869223799553076,55.934539794921875,31103400
2020-04-01 04:00:00,54.83678220175908,54.90242611715986,54.24596470343161,54.399139404296875,36859100
2020-04-02 04:00:00,54.24595004086593,55.653704461558526,54.14383360122427,54.822181701660156,31824800
2020-04-03 04:00:00,54.70547167083007,54.851350702647615,53.48006888280634,53.64783477783203,39986200
2020-04-06 04:00:00,54.74925445043486,55.113957729353146,54.56690281097572,54.953487396240234,32347800
2020-04-07 04:00:00,55.7485434380459,55.96007200761015,54.88054785344266,54.953487396240234,35120800
2020-04-08 04:00:00,55.40571769050488,56.623825223515084,55.20878038187636,56.38312530517578,46291400
2020-04-09 04:00:00,59.78941893738931,61.306584961733044,59.43930156064578,60.07388687133789,88846900
2020-04-13 04:00:00,59.672750459851706,59.752985628753144,58.658875760021395,59.213226318359375,40390500
2020-04-14 04:00:00,59.74568963022645,59.876977459089225,59.06004573320521,59.46121597290039,37632800
2020-04-15 04:00:00,58.53488049549497,59.01629152961536,58.3233519106479,58.90687942504883,34367500
2020-04-16 04:00:00,58.76096473149566,58.89955369744306,58.30144080509401,58.84849548339844,25821900
2020-04-17 04:00:00,59.31534516158594,59.3736990258306,58.97252316531203,59.147579193115234,38251800
2020-04-20 04:00:00,58.56405128247512,58.92875454947402,58.14828978069358,58.2577018737793,24676200
2020-04-21 04:00:00,57.59391145513214,57.66685096033675,57.07603373377355,57.19274139404297,42335600
2020-04-22 04:00:00,57.81278319593522,57.89301838728362,57.50642811763579,57.696075439453125,15720900
2020-04-23 04:00:00,57.80544764696959,58.10450689271254,57.42615883022037,57.6668586730957,23896700
2020-04-24 04:00:00,57.710656147002446,57.79089132369086,57.01042643084724,57.12712860107422,37915200
2020-04-27 04:00:00,57.404289648043644,57.57205559255978,57.265706196413795,57.36052703857422,20550700
2020-04-28 04:00:00,57.67416868986295,57.71064123891087,57.21464462247945,57.535579681396484,23927600
2020-04-29 04:00:00,57.93675875866584,58.61510702908557,57.82005104701385,58.54945755004883,34838300
2020-04-30 04:00:00,58.24309214832292,58.76096995536594,58.00968235409327,58.6661491394043,34636000
2020-05-01 04:00:00,58.13784099344801,58.28439802482327,57.60292320302086,57.65421676635742,31859400
2020-05-04 04:00:00,57.544270304606464,57.7934143323949,57.30245552219961,57.57358169555664,20400900
2020-05-05 04:00:00,57.756789788291265,58.07188034057617,57.756789788291265,58.07188034057617,26484200
2020-05-06 04:00:00,58.13051953203511,58.20379525520286,57.72016541925289,57.74215316772461,18823300
2020-05-07 04:00:00,58.0352385358714,58.408951878932285,57.86670498253448,57.88868713378906,19581700
2020-05-08 04:00:00,58.130505437121165,58.44559600186384,58.08653554141844,58.43826675415039,21770400
2020-05-11 04:00:00,58.313692922188984,58.416280019819176,58.137824534327926,58.17446517944336,14285100
2020-05-12 04:00:00,58.55550693602986,58.62145338761374,58.10118865966797,58.10118865966797,25332700
2020-05-13 04:00:00,58.145171287621665,58.19646485188006,57.69818211740747,57.7934455871582,29962000
2020-05-14 04:00:00,57.49300918260048,57.815429074256365,57.141283474048016,57.59559631347656,30429100
2020-05-15 04:00:00,57.42703570330085,57.77143200038505,57.280478734840514,57.67617416381836,34133400
2020-05-18 04:00:00,58.59214937160663,58.73870637788568,58.37232224805529,58.69473648071289,31900200
2020-05-19 04:00:00,58.65077298442344,58.93655216239315,58.540856625840114,58.76801300048828,18536500
2020-05-20 04:00:00,59.075759595924126,59.53740143443907,59.02446605831135,59.39085006713867,36053700
2020-05-21 04:00:00,59.37619400024414,59.52275096410441,59.20766048002551,59.37619400024414,23307300
2020-05-22 04:00:00,59.317586311656434,59.59604181857256,59.21499920613301,59.52276611328125,11311900
2020-05-26 04:00:00,59.962402908187954,60.204217674305085,59.48610262084155,59.9697265625,27673800
2020-05-27 04:00:00,60.39473509343401,60.41671723816844,59.837835458241884,60.094303131103516,24905000
2020-05-28 04:00:00,60.182257874749226,60.49002480656325,60.04303570071125,60.15294647216797,23282500
2020-05-29 04:00:00,60.12363944694239,60.541317141784894,59.99906459084121,60.39476013183594,32189000
2020-06-01 04:00:00,60.27781122547641,60.87367256884072,60.18953318435501,60.85160446166992,46987000
2020-06-02 04:00:00,60.94722606889716,61.484240920381836,60.778033529858284,61.45481491088867,35930900
2020-06-03 04:00:00,61.70491149865921,62.07272810285053,61.63134930030814,61.741695404052734,35991000
2020-06-04 04:00:00,61.67548277607798,61.778476584149175,61.440080384277515,61.5504264831543,36405800
2020-06-05 04:00:00,62.21251191401749,62.55090258005108,62.08745559204711,62.131591796875,35306500
2020-06-08 04:00:00,62.27871842485049,62.29342862150894,62.05066828336903,62.20515060424805,20493100
2020-06-09 04:00:00,61.8741096808258,61.90353568268898,61.48422497790163,61.719627380371094,28412400
2020-06-10 04:00:00,61.63870937477231,61.95503189001508,61.24882465858764,61.631351470947266,36663100
2020-06-11 04:00:00,60.748617943213404,60.77804395775529,59.93206428010095,60.04976272583008,48794500
2020-06-12 04:00:00,60.86632040246837,60.961956359145326,60.211606969945265,60.645633697509766,36156800
2020-06-15 04:00:00,60.2483658986607,61.63135442493823,60.115951685644184,61.23411178588867,39432300
2020-06-16 04:00:00,61.97710298532231,62.0359549938955,61.285605915678524,61.484230041503906,40976300
2020-06-17 04:00:00,61.44010815536897,61.5136759961635,61.167927349206956,61.19735336303711,17066700
2020-06-18 04:00:00,61.02814004791285,61.21204837940214,60.932509736015696,61.175270080566406,22223600
2020-06-19 04:00:00,61.29297983569995,61.329763753778934,60.84424297483838,60.96929931640625,32037600
2020-06-22 04:00:00,60.9619128342175,61.07961120367466,60.829498660806465,60.92512893676758,21536000
2020-06-23 04:00:00,61.138495516013,61.160563621175534,60.97665526157074,61.0134391784668,17438000
2020-06-24 04:00:00,60.82217977225444,60.895742001904836,59.9835580068755,60.388153076171875,43720600
2020-06-25 04:00:00,60.22629372142962,60.44698031989306,59.94674950596545,60.41020202636719,31159700
2020-06-26 04:00:00,60.3292891038092,60.3292891038092,59.75549602209886,59.83641052246094,33705800
2020-06-29 04:00:00,59.90998632494835,59.91733861804653,59.20377892933709,59.49802780151367,76540200
2020-06-30 04:00:00,59.69666314097567,60.17482606644572,59.64516901745973,60.04241180419922,40554300
2020-07-01 04:00:00,60.1406146098317,60.40655488935607,60.1406146098317,60.2292594909668,28799100
2020-07-02 04:00:00,60.753777454436644,60.9532397587525,60.554320786241284,60.672515869140625,30623300
2020-07-06 04:00:00,61.03452577660109,61.12317071523068,60.879391497876576,61.1083984375,22888200
2020-07-07 04:00:00,61.04192915119946,61.19706348088947,60.672560089235255,60.702110290527344,22408000
2020-07-08 04:00:00,60.672531549962784,60.945866556249264,60.6651482302062,60.86460494995117,21155700
2020-07-09 04:00:00,60.864601435494556,60.9163128514145,60.45091010813498,60.73162841796875,21655600
2020-07-10 04:00:00,60.62819287325018,60.975400437103126,60.56170919648878,60.93846130371094,17903400
2020-07-13 04:00:00,61.16752937930028,61.248791037723336,60.598697770338866,60.60608673095703,20039400
2020-07-14 04:00:00,60.606054697871286,61.152719136040936,60.606054697871286,61.1231689453125,31929700
2020-07-15 04:00:00,61.49252484626355,61.54423626005111,61.24874568762012,61.47036361694336,21291300
2020-07-16 04:00:00,61.43345370056354,61.536876567847436,61.374353308937444,61.52948760986328,17570400
2020-07-17 04:00:00,61.669842040626534,61.721553467903846,61.47037965246915,61.69938659667969,22863700
2020-07-20 04:00:00,61.75109478474282,62.09830247944429,61.69200003961353,62.06875228881836,16701600
2020-07-21 04:00:00,62.27558807550722,62.48243372212519,62.253421210980015,62.356849670410156,22331600
2020-07-22 04:00:00,62.42336344168853,62.512014034160615,62.30516265172575,62.48246383666992,15251400
2020-07-23 04:00:00,62.47504567549307,62.511984814120915,62.031804192565225,62.438106536865234,28434900
2020-07-24 04:00:00,62.30513046051533,62.571076464401294,62.2755859144133,62.4972038269043,14977500
2020-07-27 04:00:00,62.59325089467994,62.65973458562776,62.43072769086751,62.644962310791016,12931500
2020-07-28 04:00:00,62.58588670982541,62.6449871048068,62.42336344168853,62.48246383666992,14862900
2020-07-29 04:00:00,62.674518594799586,62.873980977231,62.571095743213924,62.82965850830078,18012800
2020-07-30 04:00:00,62.63019200740431,62.99217196415088,62.600641818019774,62.96262741088867,54812400
2020-07-31 04:00:00,62.940444776788816,63.088195686703706,62.71882686609786,63.080806732177734,28623100
2020-08-03 04:00:00,63.06672873090591,63.12606606889879,62.93322254978192,63.096397399902344,17480600
2020-08-04 04:00:00,63.022238950217684,63.096407805580505,62.896151330228804,63.07415771484375,17120700
2020-08-05 04:00:00,63.08899256536315,63.215085850754356,63.05191096507735,63.18541717529297,14566000
2020-08-06 04:00:00,63.185412966631475,63.34116925838819,63.11865703660953,63.326332092285156,13258600
2020-08-07 04:00:00,63.30408038614799,63.30408038614799,63.081573828769194,63.17057418823242,14289900
2020-08-10 04:00:00,63.23730544180257,63.26697410295405,63.05188055364469,63.200218200683594,13708700
2020-08-11 04:00:00,63.22993328797621,63.24476480008263,62.59948933708402,62.62915802001953,20535400
2020-08-12 04:00:00,62.90357963489332,63.059335966854704,62.643985748291016,62.643985748291016,18003400
2020-08-13 04:00:00,62.658786875438274,62.90354345131804,62.41402464083944,62.47336196899414,28444900
2020-08-14 04:00:00,62.45854816169021,62.52530409550496,62.24345451074231,62.36212921142578,14072300
2020-08-17 04:00:00,62.4214662212876,62.76264749580982,62.37696037941347,62.73297882080078,13756500
2020-08-18 04:00:00,62.762645022090865,62.873895475588505,62.60688872847323,62.82939529418945,24900300
2020-08-19 04:00:00,62.79971249400452,62.888718495502296,62.57720597833954,62.65137481689453,18738300
2020-08-20 04:00:00,62.54754961637648,62.85906219482422,62.5401310334456,62.85906219482422,19912800
2020-08-21 04:00:00,62.85906882175009,62.90356900658527,62.77006279335836,62.85165023803711,17570600
2020-08-24 04:00:00,62.97033090119829,63.17058741062746,62.96291231678331,63.14091873168945,16058100
2020-08-25 04:00:00,63.148296652501514,63.25213413255867,62.9777089318583,63.20763397216797,24018600
2020-08-26 04:00:00,63.215055360618585,63.31889284528952,63.17054953953211,63.200218200683594,16243100
2020-08-27 04:00:00,63.281846296923185,63.30409639241487,62.97033364259533,63.10383987426758,19861800
2020-08-28 04:00:00,63.14089403814453,63.24473154445717,63.111225370809535,63.155731201171875,14418500
2020-08-31 04:00:00,63.14090316366183,63.21507767207933,63.03706564234194,63.066734313964844,21473800
2020-09-01 04:00:00,63.082347647606255,63.469587532485846,63.030219857122816,63.410011291503906,22774200
2020-09-02 04:00:00,63.44727573841756,63.58876796520951,63.261104148009636,63.48451232910156,15878600
2020-09-03 04:00:00,63.37278809987718,63.38768500401925,62.829170410280895,63.08980941772461,34169800
2020-09-04 04:00:00,63.14942053238398,63.25367619291491,62.53877780005677,62.91856384277344,36087300
2020-09-08 04:00:00,62.65791834518187,62.85898687120314,62.48664364087451,62.56855392456055,34967600
2020-09-09 04:00:00,62.836604737305784,63.10469216079683,62.739797599407595,63.06001281738281,32976800
2020-09-10 04:00:00,63.15682489644142,63.171721799747225,62.739802507941704,62.762142181396484,32866300
2020-09-11 04:00:00,62.806836041044164,62.91854011563339,62.628112930604544,62.88875198364258,20807100
2020-09-14 04:00:00,63.01534775386159,63.074918331411716,62.75470304087259,62.82172775268555,28958000
2020-09-15 04:00:00,62.96320995782565,63.089805227103135,62.88129403499813,62.99299240112305,22176900
2020-09-16 04:00:00,63.037677429076886,63.29086796763186,62.93342183302438,62.99299240112305,26951200
2020-09-17 04:00:00,62.78451407065108,63.045158878708605,62.72494347137295,62.92600631713867,25752400
2020-09-18 04:00:00,63.052567126976676,63.06746402976924,62.739800346377585,62.769588470458984,29891800
2020-09-21 04:00:00,62.50150964058794,62.57597712029243,62.09192997995646,62.26321029663086,42968900
2020-09-22 04:00:00,62.33767575433022,62.51639883612478,62.196183570428005,62.47916793823242,41396800
2020-09-23 04:00:00,62.53876523167278,62.53876523167278,61.779181935877745,61.84620666503906,39577800
2020-09-24 04:00:00,61.71214059680132,62.0621382995301,61.48128403697503,61.88341522216797,38755800
2020-09-25 04:00:00,61.80894983656816,61.92810234650774,61.630226753163164,61.77171325683594,36032200
2020-09-28 04:00:00,62.09193507433644,62.27066385809658,61.9504485557409,62.173851013183594,20277000
2020-09-29 04:00:00,62.225982666015625,62.26321925197588,62.024919873744096,62.225982666015625,20243400
2020-09-30 04:00:00,62.22597169764449,62.57597509055775,62.21852892696862,62.47916793823242,28797600
2020-10-01 04:00:00,62.678837504637855,62.73866833526453,62.58909696447989,62.69379806518555,31098000
2020-10-02 04:00:00,62.282468236854726,62.72371348049889,62.282468236854726,62.69379806518555,26284300
2020-10-05 04:00:00,62.81346751006218,63.17992714701248,62.7611169484669,63.16496658325195,27394000
2020-10-06 04:00:00,63.17991120225082,63.381833115792524,62.985463862919744,63.02285385131836,37848500
2020-10-07 04:00:00,63.209846264696736,63.29211226026592,63.17245626130065,63.24724197387695,20968200
2020-10-08 04:00:00,63.4491493210122,63.45662960227823,63.29957793038853,63.38932418823242,18738800
2020-10-09 04:00:00,63.486547568848806,63.59124868764289,63.38932673162088,63.53141784667969,21287800
2020-10-12 04:00:00,63.73333705120933,63.92030412507194,63.666025937612005,63.85299301147461,10503400
2020-10-13 04:00:00,63.68847500547794,63.763260703526015,63.51646276476266,63.56881332397461,25183100
2020-10-14 04:00:00,63.538871739575875,63.58374199877145,63.35938499701291,63.41173553466797,31620600
2020-10-15 04:00:00,63.15747821356789,63.404276131962696,63.060257384707455,63.366886138916016,32232100
2020-10-16 04:00:00,63.46411888724322,63.52394973429406,63.20984064016898,63.29210662841797,27456900
2020-10-19 04:00:00,63.41925578683208,63.46412607430979,63.04532150909318,63.06775665283203,20998100
2020-10-20 04:00:00,63.179930922427175,63.396807757865126,63.17245064009992,63.29210662841797,27650700
2020-10-21 04:00:00,63.284610748291016,63.419227255947455,63.21729964157195,63.284610748291016,26901600
2020-10-22 04:00:00,63.277137404324854,63.44914391831743,63.15747573738886,63.396793365478516,28977800
2020-10-23 04:00:00,63.49401563997207,63.5089704944454,63.32200343172804,63.471580505371094,20734700
2020-10-26 04:00:00,63.239737011603154,63.28461298626341,62.88823802330431,62.91067886352539,50102400
2020-10-27 04:00:00,62.955579098544376,63.075235107768854,62.91070880830828,62.94062423706055,30880900
2020-10-28 04:00:00,62.52928040560735,62.61154639005,62.30491759243952,62.41709899902344,45794300
2020-10-29 04:00:00,62.372219616032275,62.626492108449206,62.27499308181667,62.59657669067383,37112600
2020-10-30 04:00:00,62.54424927972001,62.76113185950926,62.39467784127863,62.73121643066406,36801700
2020-11-02 05:00:00,62.925743237988186,62.97831882747763,62.70792844430064,62.880680084228516,25665400
2020-11-03 05:00:00,63.00838393736754,63.42148208618164,63.00838393736754,63.42148208618164,39777600
2020-11-04 05:00:00,63.609245877369695,64.1500267648351,63.58671429544376,64.01483154296875,57673400
2020-11-05 05:00:00,64.322739512039,64.50299780471433,64.15750035612504,64.24011993408203,55079000
2020-11-06 05:00:00,64.26268467446477,64.27770954928923,63.92469948495426,64.01483154296875,25953400
2020-11-09 05:00:00,65.25412757265796,65.26915245051744,64.47300010301095,64.50304412841797,59347100
2020-11-10 05:00:00,64.42791434491933,64.63821671873534,62.62531356458076,64.41289520263672,39295700
2020-11-11 05:00:00,64.53304457382742,64.54055700768393,64.3152298344535,64.39034271240234,14416200
2020-11-12 05:00:00,64.330257211923,64.330257211923,63.95471572875976,63.954715728759766,43300100
2020-11-13 05:00:00,64.02982352918065,64.24012584503713,64.02231109495482,64.17253112792969,20277100
2020-11-16 05:00:00,64.51801614307877,64.56307927911062,64.36028943666007,64.53303527832031,28350400
2020-11-17 05:00:00,64.42791263584937,64.67577145426186,64.382849479887,64.55559539794922,23747100
2020-11-18 05:00:00,64.62321089741944,64.69831808493439,64.4129084802532,64.43544006347656,22098900
2020-11-19 05:00:00,64.37532597505775,64.69829190797981,64.33026282684358,64.65322875976562,21704200
2020-11-20 05:00:00,64.53303527832031,64.60814241514248,64.48045970951408,64.53303527832031,48530200
2020-11-23 05:00:00,64.69830915684624,64.75088475388259,64.56311394585127,64.6307144165039,23790600
2020-11-24 05:00:00,64.83350120597301,64.98371555294814,64.75088159604368,64.82598876953125,26080100
2020-11-25 05:00:00,64.8184204666191,64.90854669703343,64.7358009352029,64.79588317871094,26510900
2020-11-27 05:00:00,64.91612693207449,64.96870253150027,64.88608291378682,64.90110778808594,7338500
2020-11-30 05:00:00,64.91610041893077,64.91610041893077,64.70579810711965,64.83348083496094,24256900
2020-12-01 05:00:00,65.03785036136956,65.14341858577117,64.98506624916877,65.0001449584961,26256700
2020-12-02 05:00:00,65.01521965391449,65.26406146820877,64.9624355496432,65.18111419677734,23705000
2020-12-03 05:00:00,65.24141670721268,65.37714804531993,65.18109614263612,65.21879577636719,20748400
2020-12-04 05:00:00,65.35454876828828,65.5279855506254,65.24143832354981,65.49028015136719,19362000
2020-12-07 05:00:00,65.45258467688213,65.4827420945674,65.3620951647166,65.46012115478516,17811300
2020-12-08 05:00:00,65.42992378440378,65.49025009431541,65.3771397014895,65.40730285644531,21408300
2020-12-09 05:00:00,65.49024593131074,65.49024593131074,65.21878330699796,65.30927276611328,36608500
2020-12-10 05:00:00,65.21128162043703,65.5129018056542,65.19619715935443,65.4299545288086,24251500
2020-12-11 05:00:00,65.39226186619811,65.49783009290627,65.2565304671395,65.36209869384766,17699600
2020-12-14 05:00:00,65.47519083963277,65.51289047974926,65.30175408538412,65.37715911865234,20705200
2020-12-15 05:00:00,65.49026765198597,65.60337807513633,65.36207852383195,65.58075714111328,25052800
2020-12-16 05:00:00,65.55812256041821,65.58074348973246,65.30173860444431,65.48271179199219,42386700
2020-12-17 05:00:00,65.56527436763037,65.6334246743494,65.50470337789154,65.5804214477539,23911400
2020-12-18 05:00:00,65.61070038217238,65.66370360113463,65.53498232321454,65.63341522216797,26741200
2020-12-21 05:00:00,65.40627229283186,65.53499938117564,65.28512452234955,65.3987045288086,30308300
2020-12-22 05:00:00,65.44412507700893,65.52741668498044,65.38354831177179,65.48198699951172,21975100
2020-12-23 05:00:00,65.58798468147448,65.80757109341293,65.57283760373113,65.77728271484375,15913900
2020-12-24 05:00:00,65.83787324956114,65.9135971069336,65.83030548535928,65.9135971069336,7327300
2020-12-28 05:00:00,66.01199798742553,66.0498598977312,65.9059915708694,65.99685668945312,22575500
2020-12-29 05:00:00,66.11046296072811,66.11046296072811,65.9060235658125,65.9135971069336,22893000
2020-12-30 05:00:00,65.93629337491407,66.08772949315129,65.93629337491407,66.04987335205078,21080100
2020-12-31 05:00:00,66.03473970373945,66.13317262292044,66.00445131854865,66.10289001464844,12059900
2021-01-04 05:00:00,66.1785884791518,66.1785884791518,65.77727760389793,65.9665756225586,34528300
2021-01-05 05:00:00,65.89086490235263,66.06502165601192,65.86058229702931,65.98930358886719,33725500
2021-01-06 05:00:00,65.94386686941164,66.13316492212242,65.85300750133804,65.86814880371094,37148100
2021-01-07 05:00:00,66.01201965507492,66.15588802915977,65.97415773234154,66.05744934082031,25868200
2021-01-08 05:00:00,66.14073671017263,66.16345155158947,65.98172704333676,66.1558837890625,27403600
2021-01-11 05:00:00,65.89083185842058,66.00441179063701,65.79239899818785,65.79997253417969,26608000
2021-01-12 05:00:00,65.79242801063052,65.92872283400901,65.71670994806867,65.88329315185547,41746100
2021-01-13 05:00:00,65.86058138972056,66.11045043016412,65.83786077066375,66.08016204833984,47710300
2021-01-14 05:00:00,66.08016663309344,66.16345824465958,66.04231048587518,66.06502532958984,25484800
2021-01-15 05:00:00,65.98169920683387,66.0801320704191,65.91355471133228,65.958984375,48134800
2021-01-19 05:00:00,66.14071900408644,66.16343383942244,65.98928291723544,66.1482925415039,24270500
2021-01-20 05:00:00,66.34517115508191,66.34517115508191,66.15587313786156,66.26944732666016,24534700
2021-01-21 05:00:00,66.2315673828125,66.30728540710084,66.16341711711254,66.2315673828125,20451400
2021-01-22 05:00:00,66.08774293359365,66.17103454863863,66.01202485907605,66.10289001464844,26615900
2021-01-25 05:00:00,66.10290068560724,66.13318329876776,65.89845549679559,66.1180419921875,28718200
2021-01-26 05:00:00,66.09530271451646,66.12559109340188,66.01201111681097,66.01958465576172,39103500
2021-01-27 05:00:00,65.89086273361809,66.04230463984123,65.73185306477234,65.83029174804688,46378600
2021-01-28 05:00:00,65.99688566468572,66.24675474088956,65.98173858314672,66.02716827392578,38836200
2021-01-29 05:00:00,65.97413691284049,66.15586715230998,65.79241245028751,65.85298919677734,46095900
2021-02-01 05:00:00,65.97306380610473,66.09466191814738,65.85907282371113,66.06426239013672,35620700
2021-02-02 05:00:00,66.23145539630133,66.31505264690955,66.18585320625877,66.2238540649414,29522300
2021-02-03 05:00:00,66.26943724437434,66.39103532942154,66.24663905295695,66.27703857421875,31911000
2021-02-04 05:00:00,66.3834493486624,66.4746479335346,66.35304982037167,66.41384887695312,21181100
2021-02-05 05:00:00,66.59624679762396,66.61144946232292,66.48225580297034,66.51264953613281,21653100
2021-02-08 05:00:00,66.56583928895631,66.71023559570312,66.54304109275778,66.71023559570312,16590100
2021-02-09 05:00:00,66.61145176417168,66.67225082883309,66.55065269951025,66.58865356445312,14404300
2021-02-10 05:00:00,66.58865847689275,66.63425487969361,66.4746616717722,66.57345581054688,20469400
2021-02-11 05:00:00,66.6038589477539,66.6342584839716,66.52786300626902,66.6038589477539,17047200
2021-02-12 05:00:00,66.53544555943628,66.71783692714165,66.53544555943628,66.71023559570312,17800100
2021-02-16 05:00:00,66.67225935377338,66.67985488923881,66.55066120890261,66.6038589477539,22264400
2021-02-17 05:00:00,66.46705788658487,66.5810546875,66.44425968602548,66.5810546875,20276700
2021-02-18 05:00:00,66.47466366598456,66.56585647432205,66.41386459501388,66.48986053466797,26366700
2021-02-19 05:00:00,66.59625354971006,66.59625354971006,66.48226254349908,66.4974594116211,28124800
2021-02-22 05:00:00,66.39865467052775,66.4670492633326,66.2922592163086,66.2922592163086,25455400
2021-02-23 05:00:00,66.2618581845839,66.50504861701681,66.12506320395805,66.45185089111328,29015900
2021-02-24 05:00:00,66.35306150649366,66.52025604248047,66.29226823732243,66.52025604248047,21791800
2021-02-25 05:00:00,66.36823527200931,66.43662984433853,65.81345417128229,65.88945007324219,59413400
2021-02-26 05:00:00,66.02624715273977,66.05664667413065,65.66906582215768,65.69186401367188,46615300
2021-03-01 05:00:00,66.10143750294611,66.4751546849789,66.01754228402312,66.42938995361328,48014200
2021-03-02 05:00:00,66.46752853290431,66.47515695819001,66.29973808932048,66.33024597167969,23988500
2021-03-03 05:00:00,66.23109650862445,66.28448966894427,66.09381976077512,66.11669921875,30197000
2021-03-04 05:00:00,66.16246537574767,66.31499899146328,65.65147136243749,65.86502075195312,49020300
2021-03-05 05:00:00,65.96414902635168,66.13956787347925,65.65907605935492,66.06330108642578,46950100
2021-03-08 05:00:00,66.02515727978034,66.07854460652861,65.56755079068338,65.58280181884766,39868700
2021-03-09 05:00:00,65.7582268748449,65.93363989986962,65.65145221123434,65.67433166503906,31441100
2021-03-10 05:00:00,65.75824618257285,65.97179557249564,65.70485883509214,65.8802719116211,23776600
2021-03-11 05:00:00,66.03278029664631,66.2463295861545,66.03278029664631,66.12429809570312,27728500
2021-03-12 05:00:00,66.01752043076155,66.04802830197872,65.87261531595685,65.94125366210938,21842000
2021-03-15 04:00:00,65.89552622879242,66.00992934578719,65.82688203108188,65.94891357421875,14719400
2021-03-16 04:00:00,65.91842592875132,65.96418486208586,65.72775594814274,65.79639434814453,22931400
2021-03-17 04:00:00,65.66670827897698,66.08618436018949,65.62094936785678,65.88788604736328,28345800
2021-03-18 04:00:00,65.63619365908218,65.72008886671028,65.36925700698485,65.38451385498047,37150300
2021-03-19 04:00:00,65.48370442761092,65.70488232303524,65.32354232791465,65.63623809814453,47467800
2021-03-22 04:00:00,65.74301301368943,65.98707037849232,65.7048825053435,65.87267303466797,32979500
2021-03-23 04:00:00,65.85735847095754,65.97176153332654,65.78109170230536,65.94125366210938,24705800
2021-03-24 04:00:00,66.00230298330668,66.20060133771207,65.97942352294922,65.97942352294922,31374500
2021-03-25 04:00:00,65.93363560200363,66.09380340576172,65.86499724506363,66.09380340576172,24070300
2021-03-26 04:00:00,66.1700580772998,66.29971216253695,66.0251471474575,66.29208374023438,25948000
2021-03-29 04:00:00,66.24635074988778,66.3531254287532,66.12431922045096,66.33024597167969,17447500
2021-03-30 04:00:00,66.22349233686653,66.2616228378447,66.15484812504913,66.17010498046875,19622100
2021-03-31 04:00:00,66.2463526041529,66.51328930878813,66.23872417865368,66.49040985107422,41604700
2021-04-01 04:00:00,66.55469308979394,66.63121795654297,66.46285974661126,66.63121795654297,30806600
2021-04-05 04:00:00,66.63885495837377,66.71537980532936,66.60824385189721,66.66181182861328,20758300
2021-04-06 04:00:00,66.67714661267146,66.80724533754507,66.67714661267146,66.7766342163086,15367900
2021-04-07 04:00:00,66.79190635580375,66.82251746306103,66.70772727046415,66.75364685058594,15645400
2021-04-08 04:00:00,66.83020221885383,66.85315910016257,66.76132573645316,66.7766342163086,11052100
2021-04-09 04:00:00,66.69245336892399,66.7383671303549,66.65418800874873,66.730712890625,17413100
2021-04-12 04:00:00,66.65415759237625,66.6847686988528,66.59293537942315,66.66181182861328,15464500
2021-04-13 04:00:00,66.58530978372232,66.73070529118701,66.50878491056088,66.70774841308594,20643500
2021-04-14 04:00:00,66.7230588782701,66.79958375371098,66.64652816435546,66.67713928222656,17992800
2021-04-15 04:00:00,66.83020943740718,66.94499969482422,66.78428983135534,66.94499969482422,20944400
2021-04-16 04:00:00,66.96027781657048,66.98323469195194,66.8072280883789,66.8072280883789,32509300
2021-04-19 04:00:00,66.73067850838959,66.79955495352239,66.66946213751417,66.7000732421875,23904900
2021-04-20 04:00:00,66.62354850686742,66.68477072167765,66.54702365759051,66.58528900146484,22901000
2021-04-21 04:00:00,66.5546907822372,66.8072280883789,66.54703654428576,66.8072280883789,19527000
2021-04-22 04:00:00,66.82253102692918,66.83018526491512,66.66948129804791,66.68478393554688,18506500
2021-04-23 04:00:00,66.73071822365776,66.92203336287521,66.72306982179086,66.8608169555664,14388700
2021-04-26 04:00:00,66.86843681555703,66.9449675093577,66.79956619730308,66.8301773071289,12746100
2021-04-27 04:00:00,66.86844276402915,66.86844276402915,66.73834991455078,66.73834991455078,17660600
2021-04-28 04:00:00,66.76128751815486,66.92199143379366,66.70771954627526,66.86842346191406,14795000
2021-04-29 04:00:00,66.9985677031555,66.9985677031555,66.8455120804411,66.94499969482422,17152900
2021-04-30 04:00:00,66.86079968417695,66.95262719065677,66.84549120744819,66.91436767578125,23367500
2021-05-03 04:00:00,66.97886991268108,67.05565295213847,66.93279540247033,66.94047546386719,15782400
2021-05-04 04:00:00,66.8867300851971,66.91744447414546,66.77923265296319,66.90208435058594,23089700
2021-05-05 04:00:00,66.94814494472094,67.04796229442327,66.93278482435474,67.03260803222656,13676300
2021-05-06 04:00:00,67.02492738097293,67.06331596521092,66.91742997203548,67.00956726074219,23110100
2021-05-07 04:00:00,67.07099543624285,67.11706993836097,66.97885814834538,67.0556411743164,17872700
2021-05-10 04:00:00,67.07869062249632,67.09404488788516,66.90208435058594,66.90208435058594,16580800
2021-05-11 04:00:00,66.72548748636407,66.87137351891595,66.6563786430113,66.8329849243164,28683600
2021-05-12 04:00:00,66.7408242403601,66.7868987432294,66.5104751586914,66.5104751586914,31630100
2021-05-13 04:00:00,66.62564710795729,66.80225334381713,66.61797290591475,66.74850463867188,28689600
2021-05-14 04:00:00,66.84064930123375,66.9635009765625,66.81760912007557,66.9635009765625,22550800
2021-05-17 04:00:00,66.95583172875641,66.9635117903827,66.79458558362764,66.84066009521484,13545000
2021-05-18 04:00:00,66.93279451159246,66.93279451159246,66.67173100927803,66.67940521240234,16447500
2021-05-19 04:00:00,66.4951199270552,66.6794003775723,66.4720856030118,66.50279998779297,34701000
2021-05-20 04:00:00,66.55656363167206,67.0633364488546,66.55656363167206,66.78691864013672,28013700
2021-05-21 04:00:00,66.86366917320073,66.90205775049496,66.74081166625513,66.88670349121094,36466200
2021-05-24 04:00:00,66.94046665357396,67.04028400591417,66.87903788682478,66.9635009765625,24277800
2021-05-25 04:00:00,67.00189052859311,67.0172447900746,66.90974738519658,66.97117614746094,15466600
2021-05-26 04:00:00,66.92510632684663,67.00956355076201,66.92510632684663,66.99420928955078,14354900
2021-05-27 04:00:00,67.09403271227731,67.09403271227731,66.95582091617645,66.9635009765625,12682100
2021-05-28 04:00:00,67.03261862611829,67.07100721676179,66.94047546386719,66.94047546386719,15464100
2021-06-01 04:00:00,67.07222311752022,67.14926919925942,67.02600017070934,67.14156341552734,22655300
2021-06-02 04:00:00,67.14155712085058,67.23400300580533,67.1184456496119,67.22630310058594,13698300
2021-06-03 04:00:00,67.0491005616892,67.20318682190816,67.01828330964541,67.0876235961914,16701800
2021-06-04 04:00:00,67.20317453225951,67.26480314728705,67.15694572375291,67.2339859008789,26829200
2021-06-07 04:00:00,67.24941244233202,67.29563538334571,67.22630097182517,67.25711822509766,9189800
2021-06-08 04:00:00,67.36498687274934,67.36498687274934,67.26482931351407,67.30335235595703,10983900
2021-06-09 04:00:00,67.38807890722094,67.40348459307933,67.3341501900326,67.35726165771484,13232200
2021-06-10 04:00:00,67.4112029985203,67.53447201962842,67.38038574324325,67.48053741455078,15290000
2021-06-11 04:00:00,67.5267277918601,67.55754502959218,67.44968763642345,67.50361633300781,12559600
2021-06-14 04:00:00,67.48054139398191,67.48054139398191,67.38809550048957,67.44202423095703,19408600
2021-06-15 04:00:00,67.39578612932765,67.46512053385608,67.36496887916296,67.4343032836914,16037000
2021-06-16 04:00:00,67.43430378354608,67.46512103393921,67.22629469062943,67.34185791015625,21267200
2021-06-17 04:00:00,67.38036337212358,67.4111806171689,67.31872888203293,67.38806915283203,21099000
2021-06-18 04:00:00,67.28792137687877,67.37266734357323,67.24940422333815,67.35726165771484,35134500
2021-06-21 04:00:00,67.42660097013295,67.48823547363281,67.37267224901802,67.48823547363281,21265000
2021-06-22 04:00:00,67.46512931315097,67.53446960449219,67.42660627598471,67.53446960449219,14604400
2021-06-23 04:00:00,67.51131080461217,67.60376251037313,67.465087890625,67.465087890625,16583100
2021-06-24 04:00:00,67.59608603806191,67.67312622070312,67.56526878944759,67.67312622070312,12722300
2021-06-25 04:00:00,67.68082004247134,67.75786021149884,67.6654143597811,67.7424545288086,16175000
2021-06-28 04:00:00,67.77330239872653,67.77330239872653,67.68855641116313,67.73477935791016,16019300
2021-06-29 04:00:00,67.75017700769679,67.81951141357422,67.74247122555833,67.81951141357422,12728000
2021-06-30 04:00:00,67.77328838273517,67.85032857064468,67.76558260060735,67.82721710205078,26093500
2021-07-01 04:00:00,67.89060942223665,67.96017456054688,67.87514657104562,67.96017456054688,31932400
2021-07-02 04:00:00,67.99107808838826,68.07610605753366,67.96015829075827,68.06837463378906,11464800
2021-07-06 04:00:00,68.0683847096295,68.08384755940759,67.97563120035804,68.02973937988281,17784300
2021-07-07 04:00:00,68.09157043810663,68.0993018626949,67.96789713143929,68.05292510986328,11463700
2021-07-08 04:00:00,67.87515471518356,67.96791414141025,67.84423490644132,67.90607452392578,21936400
2021-07-09 04:00:00,67.92927424968961,68.03749064968328,67.92154871922685,68.02203369140625,17698100
2021-07-12 04:00:00,68.02199818844161,68.03745513865114,67.93697021891819,67.99880981445312,17546700
2021-07-13 04:00:00,67.96018376729205,67.9911035765131,67.79012776525163,67.79785919189453,26938600
2021-07-14 04:00:00,67.87515471518356,67.92926290614483,67.82104652422228,67.90607452392578,16100200
2021-07-15 04:00:00,67.84422495439765,67.88287618399333,67.80557962215161,67.85968780517578,16384800
2021-07-16 04:00:00,67.89834201791182,67.89834201791182,67.743748874009,67.76693725585938,17820400
2021-07-19 04:00:00,67.6045965719151,67.6277849482385,67.23357075604264,67.31086730957031,54224700
2021-07-20 04:00:00,67.37271165555423,67.65870951348082,67.31087204943789,67.6509780883789,26941300
2021-07-21 04:00:00,67.69738377741889,67.83651998985061,67.68192092195345,67.8133316040039,18522600
2021-07-22 04:00:00,67.8210165452573,67.90604450737584,67.75145142935007,67.85193634033203,17110500
2021-07-23 04:00:00,67.92924448484479,68.0142724614901,67.89059915740987,67.98335266113281,19441000
2021-07-26 04:00:00,67.9601700939818,67.99882132206929,67.85195373215615,67.88287353515625,15282700
2021-07-27 04:00:00,67.79010772705078,67.84421590285602,67.6818913754403,67.79010772705078,19919000
2021-07-28 04:00:00,67.86744019397615,67.90608553815926,67.76694932492686,67.84424591064453,15129200
2021-07-29 04:00:00,67.89060393197117,68.02200866971928,67.89060393197117,67.9910888671875,18675000
2021-07-30 04:00:00,67.9678940825577,67.99881388217482,67.89832305908203,67.89832305908203,21062100
2021-08-02 04:00:00,67.98594989239793,68.00146271883305,67.73004150390625,67.73004150390625,27274400
2021-08-03 04:00:00,67.76880289929144,67.82308594717661,67.68350012169925,67.80757904052734,16058700
2021-08-04 04:00:00,67.75329807034889,67.79206829636523,67.68350219726562,67.68350219726562,17113300
2021-08-05 04:00:00,67.7222928816363,67.86962923838963,67.7222928816363,67.83861541748047,15465700
2021-08-06 04:00:00,67.7998311387786,67.8696211020726,67.7533044965826,67.76105499267578,12923200
2021-08-09 04:00:00,67.73007590005884,67.74558873437203,67.60600280761719,67.60600280761719,10788700
2021-08-10 04:00:00,67.61371585657733,67.6214663523499,67.4431102870372,67.45086669921875,31522900
2021-08-11 04:00:00,67.4974316305419,67.5904908802857,67.47416829720905,67.5594711303711,15834400
2021-08-12 04:00:00,67.55944936202503,67.69127881937602,67.53618011977743,67.67576599121094,14127800
2021-08-13 04:00:00,67.69901659050815,67.82308959960938,67.69901659050815,67.82308959960938,10016800
2021-08-16 04:00:00,67.80758902239495,67.84635925292969,67.73779314117748,67.84635925292969,12598100
2021-08-17 04:00:00,67.76882293928762,67.77657935311015,67.62148065871062,67.69127655029297,18468400
2021-08-18 04:00:00,67.69901075548111,67.76880070775866,67.5361557006836,67.5361557006836,12147600
2021-08-19 04:00:00,67.46636477932319,67.62145750420662,67.42758863989822,67.52840423583984,20026700
2021-08-20 04:00:00,67.54393426971598,67.72229628917287,67.53617785589344,67.69127655029297,16784100
2021-08-23 04:00:00,67.78434863583348,67.92392861267705,67.78434863583348,67.90066528320312,21933100
2021-08-24 04:00:00,67.91613650511985,68.00918976600668,67.89287318989815,67.99368286132812,20828100
2021-08-25 04:00:00,68.00923163506738,68.10229086965273,67.97821780661697,68.06351470947266,19085400
2021-08-26 04:00:00,68.05576187025993,68.0635123689003,67.91617598138767,68.02474212646484,17676100
2021-08-27 04:00:00,68.04798152812195,68.2340940090402,68.03247461988255,68.21083068847656,18519700
2021-08-30 04:00:00,68.22637547192642,68.31942879776932,68.21086264001136,68.2961654663086,11640000
2021-08-31 04:00:00,68.28838218550364,68.31940192071863,68.21859221857703,68.3116455078125,19163900
2021-09-01 04:00:00,68.33111278590656,68.44002485111479,68.31555731084192,68.37001037597656,22973500
2021-09-02 04:00:00,68.45555877685547,68.47111424702334,68.40110572886226,68.45555877685547,16521300
2021-09-03 04:00:00,68.42445080578473,68.48668456442901,68.36999775070545,68.46334838867188,6491000
2021-09-07 04:00:00,68.44776004088199,68.44776004088199,68.27662023943884,68.2844009399414,11728800
2021-09-08 04:00:00,68.29221223308222,68.38556287612434,68.22997847105414,68.36222076416016,13020900
2021-09-09 04:00:00,68.35442996190575,68.43999988088855,68.34664925974273,68.4244384765625,23024700
2021-09-10 04:00:00,68.51778685520365,68.5255616221754,68.31553015014242,68.32331085205078,16112600
2021-09-13 04:00:00,68.41668876076338,68.50225871850135,68.37001639652065,68.4944839477539,17136900
2021-09-14 04:00:00,68.51780144375115,68.5489183230733,68.43223150934973,68.46334838867188,20108000
2021-09-15 04:00:00,68.47112537219748,68.5644760131836,68.46335060331884,68.5644760131836,17069500
2021-09-16 04:00:00,68.54118347167969,68.56451966304809,68.41671587112572,68.54118347167969,13859700
2021-09-17 04:00:00,68.51779252740116,68.52556729501653,68.4322226041351,68.45555877685547,38948500
2021-09-20 04:00:00,68.14440204455559,68.30776120312362,68.10551039819423,68.21441650390625,49641000
2021-09-21 04:00:00,68.32330280962702,68.36219444471763,68.20661603448332,68.3310775756836,27304200
2021-09-22 04:00:00,68.4322226041351,68.51779252740116,68.33887197831659,68.45555877685547,24344800
2021-09-23 04:00:00,68.49447504061264,68.58004498722296,68.42446056841386,68.4866943359375,27590300
2021-09-24 04:00:00,68.4244354624705,68.47110780351908,68.34664624907734,68.38554382324219,21713200
2021-09-27 04:00:00,68.26885780856544,68.36998319362776,68.24552163777696,68.32331085205078,17652900
2021-09-28 04:00:00,68.19108947333277,68.22220042061869,67.97327129776228,68.01216888427734,35515900
2021-09-29 04:00:00,68.08994721947718,68.22997019959641,68.07439174832504,68.1366195678711,19783400
2021-09-30 04:00:00,68.1755017820636,68.20661865229194,67.97324509304754,68.0588150024414,41680700
2021-10-01 04:00:00,68.17511373877592,68.2765802279249,68.01121320392699,68.2219467163086,30062800
2021-10-04 04:00:00,68.17511626978494,68.19852978211742,67.9643887041862,67.97999572753906,24726400
2021-10-05 04:00:00,68.05027330195736,68.07368682498426,67.92539323966841,67.94880676269531,22347700
2021-10-06 04:00:00,67.80047725298908,67.93315777126016,67.72242428496568,67.90974426269531,28905900
2021-10-07 04:00:00,68.00341791800258,68.13610442916317,67.87073736144914,67.91756439208984,29054000
2021-10-08 04:00:00,67.90196711920981,67.94099362008706,67.71465301513672,67.71465301513672,28064300
2021-10-11 04:00:00,67.7146550926186,67.75367564008496,67.50392150878906,67.50392150878906,16068400
2021-10-12 04:00:00,67.58975006264598,67.72243059327617,67.57414304035078,67.62877655029297,32922200
2021-10-13 04:00:00,67.6678243866364,67.80831146240234,67.5585573226638,67.80831146240234,29370400
2021-10-14 04:00:00,67.94096558392093,68.1985201377623,67.93315909604526,68.19071960449219,26937000
2021-10-15 04:00:00,68.20633471139229,68.20633471139229,68.0346276854054,68.07365417480469,29782900
2021-10-18 04:00:00,67.9175851506075,68.04246520996094,67.89417162813096,68.04246520996094,20338400
2021-10-19 04:00:00,68.04245976299478,68.09709329593612,67.99563272179034,68.08928680419922,26103300
2021-10-20 04:00:00,68.09709438690028,68.12831439973957,68.05026734494564,68.11270141601562,19720100
2021-10-21 04:00:00,68.09711129923369,68.12833131982666,67.89418414268441,67.9410171508789,19273600
2021-10-22 04:00:00,67.9175714116351,67.948791420158,67.7458702966708,67.77708435058594,20734400
2021-10-25 04:00:00,67.85513686524847,67.96440391699542,67.72245034132054,67.89415740966797,20230000
2021-10-26 04:00:00,67.9955977638367,68.05803180180781,67.90974426269531,67.90974426269531,19617200
2021-10-27 04:00:00,67.98003005852965,68.00344358268634,67.84734945190219,67.85515594482422,18521300
2021-10-28 04:00:00,67.88636838488074,68.02685546875,67.88636838488074,68.02685546875,16374700
2021-10-29 04:00:00,67.91753818731704,67.94095764820857,67.84729766845703,67.84729766845703,26521600
2021-11-01 04:00:00,67.90760099259481,67.94674626022878,67.76666488710295,67.77449035644531,29987000
2021-11-02 04:00:00,67.77450220722633,67.99373485996101,67.77450220722633,67.93892669677734,26441600
2021-11-03 04:00:00,67.89196458495128,68.08770892038487,67.87630766651952,68.07205200195312,22984200
2021-11-04 04:00:00,68.13470366221915,68.55751225537156,68.11904673964816,68.25215148925781,28989800
2021-11-05 04:00:00,68.3539050122244,68.52615496088352,68.31475376674108,68.510498046875,27595000
2021-11-08 05:00:00,68.58096284603592,68.59662573362313,68.38521856668501,68.42436981201172,11957900
2021-11-09 05:00:00,68.42435597534578,68.47916412353516,68.33822803195672,68.47916412353516,13732600
2021-11-10 05:00:00,68.39307215816606,68.39307215816606,68.07205454236913,68.09554290771484,30438400
2021-11-11 05:00:00,68.1425128936949,68.15034433924941,67.97808837890625,67.97808837890625,10086100
2021-11-12 05:00:00,68.05637218722619,68.15816303947227,67.99373258178885,68.0015640258789,26392400
2021-11-15 05:00:00,68.0485351099163,68.05636057903003,67.90759900854216,67.92325592041016,17057100
2021-11-16 05:00:00,67.93892695498556,68.0172294515242,67.9154385954807,67.95458984375,14302000
2021-11-17 05:00:00,67.97811473559385,67.99377165913074,67.8841552734375,67.8841552734375,17919200
2021-11-18 05:00:00,67.97023603519332,67.97023603519332,67.82929992675781,67.82929992675781,23421300
2021-11-19 05:00:00,67.82929851004543,67.93891481724569,67.77449035644531,67.77449035644531,45282700
2021-11-22 05:00:00,67.83716142638337,67.86064979258943,67.5083123522116,67.51614379882812,26266000
2021-11-23 05:00:00,67.51613960841735,67.62575595967122,67.35954055402385,67.42218017578125,33967100
2021-11-24 05:00:00,67.33605955624908,67.42218755217765,67.1481466440612,67.40652465820312,31158800
2021-11-26 05:00:00,67.03069026280447,67.03852170879034,66.81928303668684,66.92107391357422,36123400
2021-11-29 05:00:00,67.18729955828098,67.43785212752016,67.14815426618875,67.33606719970703,31728900
2021-11-30 05:00:00,67.30471351494161,67.39084147730821,66.96020166547521,67.05416107177734,35465700
2021-12-01 05:00:00,67.37782709292135,67.51137753869092,67.02432566167866,67.06360626220703,41845200
2021-12-02 05:00:00,67.10289638483393,67.60565702227854,67.09504505761542,67.55852508544922,42383500
2021-12-03 05:00:00,67.59780569506002,67.63708031129127,67.42498060217977,67.55852508544922,47368800
2021-12-06 05:00:00,67.58204091635073,67.93554816045067,67.5584749654191,67.85698699951172,28211300
2021-12-07 05:00:00,68.11624737739955,68.3990508705334,68.06125814225558,68.21836853027344,42893500
2021-12-08 05:00:00,68.17124395666389,68.24194783425287,68.09268875419217,68.20266723632812,26598200
2021-12-09 05:00:00,68.18697745056465,68.18697745056465,67.89631652832031,67.89631652832031,24939100
2021-12-10 05:00:00,67.9984088993559,68.0769700836337,67.9748429414233,68.05339813232422,20247200
2021-12-13 05:00:00,68.05339813232422,68.1162446823957,67.9984088993559,68.05339813232422,17125800
2021-12-14 05:00:00,67.95127077318281,68.02196864051925,67.81772636151868,67.93556213378906,20310500
2021-12-15 05:00:00,67.92770487760689,68.21835965697157,67.81772642162407,68.19479370117188,31699000
2021-12-16 05:00:00,68.22319339176552,68.28624896308442,68.0970702213602,68.14436340332031,27374000
2021-12-17 05:00:00,68.07343751307944,68.1916765059768,67.95519852018207,68.0813217163086,27248200
2021-12-20 05:00:00,67.89210507427303,68.01822821123584,67.86057429003235,67.96305084228516,27560400
2021-12-21 05:00:00,68.05766718708814,68.33356016736225,68.05766718708814,68.32567596435547,24390500
2021-12-22 05:00:00,68.30202609544219,68.5227356579748,68.2941418928133,68.50697326660156,17433300
2021-12-23 05:00:00,68.54634847490193,68.7434113463272,68.5305860912958,68.7040023803711,15612100
2021-12-27 05:00:00,68.71190941963148,68.8301483949154,68.68037862529683,68.77497100830078,13396700
2021-12-28 05:00:00,68.75134581339519,68.76710820852618,68.6409910058204,68.74346160888672,17150700
2021-12-29 05:00:00,68.6961411120459,68.71978770228898,68.61731713994106,68.6330795288086,16760300
2021-12-30 05:00:00,68.65672462186944,68.65672462186944,68.57001645027988,68.60154724121094,12326100
2021-12-31 05:00:00,68.62519389039475,68.67249308377406,68.56213832236145,68.58578491210938,11505300
2022-01-03 05:00:00,68.51486050822749,68.55427551269531,68.38874331892406,68.55427551269531,35368400
2022-01-04 05:00:00,68.5778841134107,68.5778841134107,68.31775966137299,68.38082122802734,33609900
2022-01-05 05:00:00,68.37294989728876,68.40448068655039,67.85270690917969,67.85270690917969,44808500
2022-01-06 05:00:00,67.86848753542448,68.04190391602471,67.82907854866926,67.86060333251953,42823200
2022-01-07 05:00:00,67.86059754675482,67.86848174898756,67.67930299259147,67.68718719482422,34630100
2022-01-10 05:00:00,67.60046218184142,67.75811010394213,67.29304452402711,67.74234771728516,52621800
2022-01-11 05:00:00,67.78177601459767,68.05766296386719,67.59259725136779,68.05766296386719,32513100
2022-01-12 05:00:00,68.16011506789305,68.19952403855388,68.05763851363382,68.16799926757812,24621400
2022-01-13 05:00:00,68.15221576048299,68.18374653835141,67.89997555141657,67.92362213134766,31699700
2022-01-14 05:00:00,67.87637173832941,67.97096413153449,67.7896635480293,67.86060333251953,31046200
2022-01-18 05:00:00,67.6634965324274,67.67138073022586,67.48220208022875,67.52949523925781,46331500
2022-01-19 05:00:00,67.64777702140553,67.75813180499617,67.44282984592951,67.46647644042969,31390200
2022-01-20 05:00:00,67.5925876096597,67.76600395700207,67.32458490113684,67.34034729003906,38217700
2022-01-21 05:00:00,67.34032899654967,67.47433031440868,67.2615050456845,67.34821319580078,57098000
2022-01-24 05:00:00,67.15117318267622,67.32458954197257,66.82010285407227,67.27729034423828,79230800
2022-01-25 05:00:00,67.07235413906186,67.23000813410276,66.92259036112925,67.08023834228516,43642700
2022-01-26 05:00:00,67.37186484557861,67.68716668662985,66.76490774912557,66.85161590576172,63574900
2022-01-27 05:00:00,67.0171714439473,67.09600144217566,66.41022014922676,66.55998992919922,47351000
2022-01-28 05:00:00,66.41021226168391,66.75704496826489,66.17373432285436,66.74916076660156,51496700
2022-01-31 05:00:00,66.60724470036295,66.86736911116328,66.38653526594366,66.764892578125,78932100
2022-02-01 05:00:00,66.96662539872278,67.0694662400173,66.74511833401776,67.02991485595703,42377300
2022-02-02 05:00:00,67.16441909043834,67.21188317874658,66.934999270921,67.13277435302734,29261500
2022-02-03 05:00:00,66.82428754154799,66.87966435778044,66.52366536575441,66.53157806396484,44760800
2022-02-04 05:00:00,66.26256300814839,66.37331656761695,65.81954273465783,66.27046966552734,65508300
2022-02-07 05:00:00,66.08849875431136,66.34165052832384,65.99356457570128,66.22298431396484,37620700
2022-02-08 05:00:00,66.27839789067667,66.33377468338834,66.12018020739124,66.15182495117188,39549000
2022-02-09 05:00:00,66.40497262820472,66.54737094832163,66.40497262820472,66.4999008178711,37641800
2022-02-10 05:00:00,66.08852511929842,66.31794494908544,65.613866108119,65.62177276611328,57751400
2022-02-11 05:00:00,65.84328382404482,65.85910317514231,65.22622049014356,65.3923568725586,58997100
2022-02-14 05:00:00,65.38444786473747,65.52684617510795,65.04427445860892,65.28160095214844,36550200
2022-02-15 05:00:00,65.4556403125652,65.51101709483135,65.3132420102213,65.3923568725586,32724800
2022-02-16 05:00:00,65.35279327898282,65.80372018794912,65.2974165019384,65.75625610351562,38996000
2022-02-17 05:00:00,65.63759380083317,65.63759380083317,65.431906029902,65.4793701171875,30755200
2022-02-18 05:00:00,65.41608502930141,65.65341149535907,65.36070825032634,65.57430267333984,43848800
2022-02-22 05:00:00,65.53477246381397,65.70090890535874,65.33699730881364,65.42401885986328,37004300
2022-02-23 05:00:00,65.54268545240674,65.59015559403936,65.28953349430162,65.30535888671875,36545400
2022-02-24 05:00:00,64.79901443075033,65.8037089384022,64.7357249719147,65.77206420898438,56132500
2022-02-25 05:00:00,65.83540733840162,66.1597555170243,65.83540733840162,66.14393615722656,44118800
2022-02-28 05:00:00,65.83536775384107,66.35749081191004,65.83536775384107,66.19136047363281,54006400
2022-03-01 05:00:00,66.24458478446066,66.41132698876514,65.86345541901775,66.00637817382812,43268500
2022-03-02 05:00:00,65.96666532014439,66.18898820599946,65.85550387721683,66.16516876220703,41489200
2022-03-03 05:00:00,66.28426623696654,66.30014384549025,65.27586544716358,65.96665954589844,23594200
2022-03-04 05:00:00,65.85551724476365,65.85551724476365,65.49027156417104,65.53791046142578,32141100
2022-03-07 05:00:00,65.41882008668915,65.43470376080958,64.91065155607666,64.96623229980469,43675900
2022-03-08 05:00:00,65.01381963589552,65.18056173481563,64.71209670325557,64.73591613769531,57474500
2022-03-09 05:00:00,65.11707094606108,65.36321327614567,64.9900258351501,65.27587127685547,31143000
2022-03-10 05:00:00,64.91857213552969,65.00591414105168,64.64860428450407,64.7280044555664,46408900
2022-03-11 05:00:00,64.815351672529,64.83123534272544,64.20396364256156,64.2595443725586,40097000
2022-03-14 04:00:00,64.19599075185624,64.21187441436875,63.42579668174159,63.49726104736328,61536700
2022-03-15 04:00:00,63.62432203113588,64.12455458971793,63.60050258698328,63.973690032958984,57385300
2022-03-16 04:00:00,64.28335737966883,64.90268718268588,63.95781486739984,64.87092590332031,66254800
2022-03-17 04:00:00,64.92650353568051,65.34733592384906,64.9106259256762,65.3155746459961,48573700
2022-03-18 04:00:00,65.18855721093841,65.53792535780391,65.06945388288455,65.52998352050781,59780500
2022-03-21 04:00:00,65.41880699651817,65.46644589365354,64.64861251765358,64.7756576538086,62364300
2022-03-22 04:00:00,64.83917667597203,65.16471921833639,64.71213154676484,65.10913848876953,40148600
2022-03-23 04:00:00,64.9980014730703,65.11710481203127,64.78361425137106,64.90271759033203,36294900
2022-03-24 04:00:00,64.89475883500612,65.06150102737958,64.72801058478734,65.03768157958984,18435800
2022-03-25 04:00:00,65.04558259494152,65.04558259494152,64.5215368500948,64.56917572021484,36497500
2022-03-28 04:00:00,64.53745674834833,64.99004448461513,64.5215791338504,64.97416687011719,26886100
2022-03-29 04:00:00,65.26793181228888,65.79198382705404,65.22823475707138,65.7761001586914,49781100
2022-03-30 04:00:00,65.60140881066519,65.66492529760706,65.41878300886866,65.57758331298828,43905200
2022-03-31 04:00:00,65.65700033410295,65.6887616117254,65.32350994798928,65.33939361572266,40717600
2022-04-01 04:00:00,65.23895915134597,65.39840669435965,65.09545392962012,65.33462524414062,31316100
2022-04-04 04:00:00,65.3904210373629,65.83688502815065,65.37447871886785,65.82891082763672,32710900
2022-04-05 04:00:00,65.68542016451133,65.74920161766931,64.95195170079695,64.97586822509766,51886400
2022-04-06 04:00:00,64.52940339465586,64.8961375877342,64.33009093651327,64.46562194824219,67118000
2022-04-07 04:00:00,64.52939069613001,64.60911444719177,64.35399479427475,64.36196899414062,42831400
2022-04-08 04:00:00,64.16265778174758,64.36197020441605,63.96334535907911,63.9713134765625,42177200
2022-04-11 04:00:00,63.764055394482,63.8358049722977,63.445154189387104,63.53285217285156,42293400
2022-04-12 04:00:00,63.97131828850701,64.2742770865725,63.83578729070554,64.01915740966797,38031000
2022-04-13 04:00:00,64.1307705904485,64.48155633751092,64.08293147025559,64.4018325805664,31635500
2022-04-14 04:00:00,64.40182903943028,64.48952699200701,63.80389177142488,63.9713134765625,45130400
2022-04-18 04:00:00,63.90755215163875,64.06699969175902,63.77998925351551,63.8676872253418,20864100
2022-04-19 04:00:00,63.74810056794133,63.93147071922506,63.668376795331255,63.81188201904297,29920800
2022-04-20 04:00:00,64.0031876062501,64.13075044331275,63.90752156098396,64.01116180419922,25769700
2022-04-21 04:00:00,64.17062632840087,64.21049124621415,63.51688182097738,63.572689056396484,38695100
2022-04-22 04:00:00,63.492951254446275,63.508899651055735,63.11824300702868,63.189998626708984,28243000
2022-04-25 04:00:00,63.301640672493605,63.77998937630917,63.197994296935484,63.72418212890625,35914500
2022-04-26 04:00:00,63.7002447455152,63.7002447455152,63.34147877324201,63.34945297241211,31171600
2022-04-27 04:00:00,63.357448683098916,63.51689622544688,62.97476606591641,63.03854751586914,37598600
2022-04-28 04:00:00,63.174063366959786,63.48499025765814,62.93489211086311,63.38932418823242,30808800
2022-04-29 04:00:00,63.09434360793697,63.18204156548222,62.56816194519826,62.6080207824707,35697100
2022-05-02 04:00:00,62.55600138346991,62.668051045729314,62.29188170546621,62.61202621459961,38674400
2022-05-03 04:00:00,62.7480708117283,63.036200191204756,62.708050467704886,62.940155029296875,42665700
2022-05-04 04:00:00,62.9481645314885,63.74852261553477,62.49196066783203,63.580448150634766,55154900
2022-05-05 04:00:00,63.204304186332294,63.24431844281105,62.27588550602462,62.45196533203125,53807900
2022-05-06 04:00:00,62.13182280925246,62.42795762701531,61.95574908365723,62.09980773925781,39256900
2022-05-09 04:00:00,61.73163381153997,61.875698550561914,61.40349008203121,61.443504333496094,38442700
2022-05-10 04:00:00,61.93972666059363,62.051776331040244,61.49952716508972,61.79566192626953,48419700
2022-05-11 04:00:00,61.62759508760434,62.01976898295732,61.4195001996365,61.42750549316406,42473500
2022-05-12 04:00:00,61.35545336956968,61.61156771102735,61.14735855893296,61.403472900390625,49069700
2022-05-13 04:00:00,61.61155988188071,61.675583879423755,61.17136055113411,61.475494384765625,49084400
2022-05-16 04:00:00,61.49951990257594,61.59556508286633,61.28342587973301,61.38747024536133,33300100
2022-05-17 04:00:00,61.51554032916378,61.52354562203103,61.17939130373102,61.33145523071289,41666500
2022-05-18 04:00:00,60.995303050164935,61.027318113728576,60.75519923281115,60.82722854614258,47647800
2022-05-19 04:00:00,60.7872229638715,61.36348203557319,60.723198927432804,61.23542785644531,53929100
2022-05-20 04:00:00,61.451507010864574,61.46751759576851,61.01131362599031,61.19539260864258,56691000
2022-05-23 04:00:00,61.33945210146381,61.51553188287109,61.29143256335219,61.43549728393555,29917100
2022-05-24 04:00:00,61.291421236321135,61.83566495725109,61.267411471702474,61.80364990234375,42246500
2022-05-25 04:00:00,61.87571599743278,62.78012504429151,61.84370092348414,62.74010467529297,56661500
2022-05-26 04:00:00,62.97217220165698,63.64447003888679,62.80409774234953,63.61246109008789,64773400
2022-05-27 04:00:00,63.86858589260299,64.18072509765625,63.71651588276992,64.18072509765625,52813100
2022-05-31 04:00:00,63.820582399574185,63.91662761379025,63.48443330919375,63.62849807739258,68424700
2022-06-01 04:00:00,63.65820614449063,63.83496238319605,63.27254223749734,63.393062591552734,87646100
2022-06-02 04:00:00,63.409118504245185,63.66622568925796,63.22432597153663,63.65819549560547,34752500
2022-06-03 04:00:00,63.368953184903155,63.368953184903155,63.08773701125374,63.18415451049805,36008000
2022-06-06 04:00:00,63.29665183729883,63.31272448884539,62.637814112061136,62.71012878417969,35756100
2022-06-07 04:00:00,62.50122302100895,62.9270563095529,62.45301732945154,62.8547477722168,31499900
2022-06-08 04:00:00,62.70208541360946,62.72618825830077,62.23607664984476,62.31642150878906,25361600
2022-06-09 04:00:00,62.07539798279384,62.276263230873106,61.69777033561748,61.81829071044922,49468700
2022-06-10 04:00:00,61.22370033150581,61.23977297758912,60.48451798955243,60.76572799682617,59907000
2022-06-13 04:00:00,59.65695989704179,59.70516557982896,58.56425280112669,58.73297882080078,122714600
2022-06-14 04:00:00,59.01422135514239,59.640926226122595,58.692841786339024,59.118675231933594,62818600
2022-06-15 04:00:00,59.6167822256944,60.57290243209883,59.488231699661505,60.2675895690918,70628200
2022-06-16 04:00:00,59.37575981693342,59.57662503544137,58.829406177395,59.31148147583008,61583400
2022-06-17 04:00:00,59.44806122576429,59.91406994801184,59.303438040581234,59.496273040771484,49281000
2022-06-21 04:00:00,59.85781935099009,59.99440619242267,59.39984701860207,59.45608901977539,45924600
2022-06-22 04:00:00,59.35164797115253,59.65696085021441,59.303436157676074,59.44002914428711,38204800
2022-06-23 04:00:00,59.608767993311616,59.922117263699455,59.520386801159106,59.865875244140625,30961800
2022-06-24 04:00:00,60.05869409097097,60.54880566357846,59.93013742212733,60.29169845581055,38198600
2022-06-27 04:00:00,60.339908454999325,60.339908454999325,59.92211151123047,59.92211151123047,25658200
2022-06-28 04:00:00,60.01047854530156,60.09082338516838,59.25522356473312,59.26325988769531,39303800
2022-06-29 04:00:00,59.23114207610313,59.28738409727462,58.99813766555822,59.17490005493164,36806800
2022-06-30 04:00:00,58.917793144455054,59.3195236208854,58.70085525442713,59.14276123046875,45139900
2022-07-01 04:00:00,59.31950235786231,59.90866475041837,59.27914649192153,59.7068977355957,38849300
2022-07-05 04:00:00,59.32757741415601,59.706900404166774,58.94018201910817,59.65040588378906,38316200
2022-07-06 04:00:00,59.553560895008026,59.723044471507166,59.33564904133666,59.4244270324707,44706000
2022-07-07 04:00:00,59.79566759661811,60.43325208144469,59.7472454850294,60.39290237426758,44430400
2022-07-08 04:00:00,60.17499600333155,60.497824477167995,60.01358484513383,60.44132995605469,31230300
2022-07-11 04:00:00,60.368693710902186,60.465537937917574,60.0862149622655,60.102359771728516,28213700
2022-07-12 04:00:00,60.17499124254936,60.449397578704854,60.12656913040919,60.34447479248047,24036500
2022-07-13 04:00:00,59.72305482622264,60.465556192221904,59.658487883759435,60.27993392944336,46874900
2022-07-14 04:00:00,59.78760435794094,60.23148810386641,59.4082813782354,60.166927337646484,53953100
2022-07-15 04:00:00,60.34448845709932,60.933650970458984,60.33642220820974,60.933650970458984,48360800
2022-07-18 04:00:00,61.08698207079266,61.111193126862744,60.27991402877374,60.34447479248047,33302800
2022-07-19 04:00:00,60.56239217938924,61.28875471546763,60.56239217938924,61.14348220825195,31028200
2022-07-20 04:00:00,61.38559424141237,61.837556538892755,61.24032174533664,61.40980529785156,82881900
2022-07-21 04:00:00,61.35330488158274,62.192656316272576,61.28067171924843,62.13616180419922,52282000
2022-07-22 04:00:00,62.233014014156666,62.580053500686034,61.86176347280155,62.055458068847656,51055800
2022-07-25 04:00:00,62.1038979370528,62.21688699684216,61.86178116212214,62.039337158203125,26032000
2022-07-26 04:00:00,61.83755464839932,61.91018781549634,61.56314831644958,61.6035041809082,24151200
2022-07-27 04:00:00,61.8778839648314,62.52354063876401,61.8778839648314,62.28141784667969,35075700
2022-07-28 04:00:00,62.580069695076155,62.967458987416464,62.3298805205463,62.919036865234375,42335900
2022-07-29 04:00:00,62.91904306255337,63.23379920262299,62.74955946078068,63.104671478271484,33606800
2022-08-01 04:00:00,62.90533356542441,63.26183151189337,62.80000743645568,63.12409591674805,31595600
2022-08-02 04:00:00,63.01066315065895,63.08358599892467,62.791906968809705,62.832420349121094,40604400
2022-08-03 04:00:00,63.01877515002635,63.399578720514604,62.848630057537406,63.38337707519531,35660900
2022-08-04 04:00:00,63.47248581445378,63.56161030394197,63.286139104777625,63.55351257324219,24386400
2022-08-05 04:00:00,62.791923933060374,63.28615763530961,62.702799417476044,63.22944259643555,31006700
2022-08-08 04:00:00,63.47247950364847,63.72365130426667,63.23752170723921,63.2861328125,19465600
2022-08-09 04:00:00,63.14030019425764,63.16460574953608,62.79190614516102,62.81621170043945,24675700
2022-08-10 04:00:00,63.618331204264145,63.820885757002664,63.5130050621709,63.756072998046875,38121800
2022-08-11 04:00:00,64.16928447446544,64.26651289214041,63.302351173323565,63.391475677490234,37778700
2022-08-12 04:00:00,63.618318073083074,63.982919901641154,63.43197138465231,63.958614349365234,16912300
2022-08-15 04:00:00,63.86140122986145,64.00724075986443,63.72366561304602,63.84519958496094,18441100
2022-08-16 04:00:00,63.78848190467568,63.78848190467568,63.40767835985586,63.545413970947266,22963200
2022-08-17 04:00:00,63.09980485380698,63.22944276098542,62.86484078315278,62.88915252685547,28774600
2022-08-18 04:00:00,63.04308512146937,63.099800156268806,62.92155731938141,62.98637008666992,19089300
2022-08-19 04:00:00,62.65415830554117,62.686567766739586,62.20853594090383,62.34627151489258,45428900
2022-08-22 04:00:00,61.868263309102616,61.900672779436164,61.58468817052709,61.64140319824219,42014200
2022-08-23 04:00:00,61.65757923321501,61.90064706902126,61.43882312616686,61.79531478881836,33240000
2022-08-24 04:00:00,61.77102721632495,61.981685656558554,61.70621446519231,61.868255615234375,16917400
2022-08-25 04:00:00,62.04651289844624,62.50023312450525,61.94118057348649,62.451622009277344,20080000
2022-08-26 04:00:00,62.484058998253786,62.484058998253786,61.36595340379625,61.42266845703125,34460600
2022-08-29 04:00:00,61.04993606012126,61.390226197861416,60.97701939409432,61.18767166137695,28020200
2022-08-30 04:00:00,61.25248746926971,61.301104758945996,60.52328993886113,60.71774673461914,66233900
2022-08-31 04:00:00,60.742053216864065,60.86358717070147,60.36935362484338,60.385555267333984,39161800
2022-09-01 04:00:00,60.21130377301523,60.585848805189734,59.934473162775,60.545135498046875,38499700
2022-09-02 04:00:00,61.066244111885474,61.12323902457738,60.43930007227446,60.504432678222656,22364500
2022-09-06 04:00:00,60.50442788659413,60.56956669936326,60.129889031140266,60.34158706665039,28820900
2022-09-07 04:00:00,60.42302310489385,61.220958237752,60.406741503479914,61.21281433105469,26853200
2022-09-08 04:00:00,60.984810947559126,61.514052861628436,60.88710274109181,61.481483459472656,26928000
2022-09-09 04:00:00,61.78276396626311,62.01888756619141,61.57920978135742,61.72576904296875,29526800
2022-09-12 04:00:00,61.94559430856867,62.06772802891735,61.69318296332032,61.91302490234375,30276100
2022-09-13 04:00:00,61.04996251339332,61.20465944099731,60.48000717449464,60.504432678222656,47111300
2022-09-14 04:00:00,60.54515457033964,60.99297624206512,60.5044412503717,60.5940055847168,29672400
2022-09-15 04:00:00,60.48815969405237,60.61029344206553,60.178759582802094,60.21132278442383,46282300
2022-09-16 04:00:00,59.84493339805638,60.41488265991211,59.73908745284918,60.41488265991211,56479900
2022-09-19 04:00:00,60.178726874403594,60.65096758501173,60.12172577259567,60.64282989501953,26891900
2022-09-20 04:00:00,60.26831676117673,60.309030080536864,59.983342161596894,60.02405548095703,32769500
2022-09-21 04:00:00,60.17062050633712,60.44745122620655,59.56810183628291,59.844932556152344,37851300
2022-09-22 04:00:00,59.6413478397305,59.75533763215879,59.27495296577924,59.48664474487305,48278100
2022-09-23 04:00:00,59.079552154267944,59.21797369185739,58.52588463984846,58.72943878173828,53312000
2022-09-26 04:00:00,58.55846699591424,58.77016508964268,58.02108717273378,58.03736877441406,42287400
2022-09-27 04:00:00,58.53404391999883,58.55846942952474,57.72797104573846,57.91523742675781,45295500
2022-09-28 04:00:00,58.35489141466303,59.022548654429194,58.16762511008269,58.94927215576172,48935800
2022-09-29 04:00:00,58.56659936188654,58.599168770809925,58.06992674676915,58.39561462402344,38068800
2022-09-30 04:00:00,58.40374415033501,58.851559435826076,58.11876344541209,58.12690734863281,42928700
2022-10-03 04:00:00,58.585932531248325,59.01959836067922,58.471379528857916,58.8886833190918,48967900
2022-10-04 04:00:00,59.64966265262743,60.16515130628847,59.5432875190109,60.15696716308594,45901300
2022-10-05 04:00:00,59.666023058135444,60.05878076633543,59.41237080987061,59.919681549072266,47833500
2022-10-06 04:00:00,59.85423812257514,60.107890443866246,59.649678187940694,59.73968505859375,37196000
2022-10-07 04:00:00,59.379626395539994,59.54327176024731,58.99505292154024,59.01142120361328,33983000
2022-10-10 04:00:00,58.97051827872382,59.003248606603094,58.02954164087776,58.291378021240234,37759700
2022-10-11 04:00:00,58.40595197947253,58.92962492787557,58.33231339735678,58.471412658691406,46344600
2022-10-12 04:00:00,58.430488484112686,58.790509636302616,58.430488484112686,58.56958770751953,32784800
2022-10-13 04:00:00,57.66135404976149,58.839621243860144,57.604077519085784,58.70051574707031,48832500
2022-10-14 04:00:00,59.06871315333175,59.215996517154466,58.365026664253456,58.51231002807617,37152100
2022-10-17 04:00:00,59.035988896798706,59.40419422289964,59.02780475277988,59.232364654541016,33820000
2022-10-18 04:00:00,59.837845957307884,59.98512930118731,59.38781802627223,59.649654388427734,37648400
2022-10-19 04:00:00,59.24054068267844,59.436916413517515,58.896881593042075,59.07688903808594,33194000
2022-10-20 04:00:00,59.08508208346718,59.526932226433615,58.692330562612256,58.74960708618164,47281100
2022-10-21 04:00:00,58.57778428643408,59.387846183172236,58.553238091261576,59.31420135498047,60211200
2022-10-24 04:00:00,59.37147984761429,59.51058536263255,59.04418891096406,59.35511779785156,29551200
2022-10-25 04:00:00,59.502382247100336,59.93604821831653,59.48601395988134,59.92786407470703,37459200
2022-10-26 04:00:00,59.780571972979416,60.31242886182186,59.69056513443662,60.09150695800781,50552100
2022-10-27 04:00:00,60.2387890189946,60.664270775360286,60.026045019476044,60.533355712890625,49481500
2022-10-28 04:00:00,60.75426632040508,61.11429359995826,60.64789746175085,60.99974060058594,123446800
2022-10-31 04:00:00,60.68884301006436,60.69702715581658,60.07516317480442,60.08334732055664,60269700
2022-11-01 04:00:00,60.73224073455364,60.740449941682954,60.132636485886536,60.44475555419922,39586700
2022-11-02 04:00:00,60.420063357226255,61.01966708942843,59.861530691575645,59.894386291503906,50659500
2022-11-03 04:00:00,59.278397414925585,59.6644431382623,59.04841432865753,59.467315673828125,37507100
2022-11-04 04:00:00,59.853342951122364,60.132606250791284,59.46729734676002,59.87798309326172,39849100
2022-11-07 05:00:00,60.00119632527886,60.05047661469474,59.69728658522271,59.869773864746094,24913000
2022-11-08 05:00:00,59.919066262484485,60.017633127802256,59.62337193310028,59.81229019165039,39489200
2022-11-09 05:00:00,59.631571886550965,59.74656339954487,58.9909030951371,59.097679138183594,45728900
2022-11-10 05:00:00,60.76506233937259,61.003254544161244,60.33794567812595,60.93754959106445,67165700
2022-11-11 05:00:00,60.962207254553206,61.34825294783197,60.72400871473081,61.151119232177734,20934800
2022-11-14 05:00:00,60.98681185882502,61.019667458952256,60.674693057463784,60.69933319091797,37932800
2022-11-15 05:00:00,61.30715099705504,61.356431267878186,60.838969624538706,61.23323059082031,50673700
2022-11-16 05:00:00,61.18398453019302,61.249695779139344,61.0361373533486,61.10184860229492,31124900
2022-11-17 05:00:00,60.625438506999586,60.921132797573506,60.55973353864738,60.83899688720703,34338000
2022-11-18 05:00:00,61.15932132962476,61.15932132962476,60.79791586319096,60.97040939331055,31663800
2022-11-21 05:00:00,60.90471687995963,61.068988724314146,60.79793454121693,60.94578170776367,19070500
2022-11-22 05:00:00,61.0607552562981,61.43037619701484,60.99505029786237,61.389305114746094,24572500
2022-11-23 05:00:00,61.34004133123509,61.84929406215916,61.32361665384935,61.73430252075195,30316300
2022-11-25 05:00:00,61.72607932609264,61.750719472372964,61.52073641833223,61.611087799072266,9465900
2022-11-28 05:00:00,61.438589500020456,61.54536553695925,60.93755239353506,60.96219253540039,31668900
2022-11-29 05:00:00,60.96220936843452,61.274328362523605,60.8472178302665,61.22504806518555,27162300
2022-11-30 05:00:00,61.27431566078915,62.16961389844411,61.101828389292514,62.14497375488281,41702100
2022-12-01 05:00:00,62.33386945331541,62.40810917237971,62.012178687940384,62.37511444091797,42134200
2022-12-02 05:00:00,61.855454836913786,62.35036321903744,61.855454836913786,62.325618743896484,27535800
2022-12-05 05:00:00,62.094648010355556,62.11114851882138,61.60798999331541,61.731712341308594,29736500
2022-12-06 05:00:00,61.75649825555789,61.86372644921921,61.393562379929286,61.50904083251953,24976800
2022-12-07 05:00:00,61.49253582003508,61.92145481253813,61.49253582003508,61.84722137451172,24614200
2022-12-08 05:00:00,61.92143102379097,61.97917021777479,61.69872450216774,61.89668655395508,23839500
2022-12-09 05:00:00,61.71521871769162,62.12764332989033,61.71521871769162,61.89668655395508,20687300
2022-12-12 05:00:00,62.04516466464632,62.19363778872338,61.94618048422806,62.13589859008789,22415700
2022-12-13 05:00:00,63.19169091302543,63.265924312346414,62.432831241058715,62.779266357421875,45923300
2022-12-14 05:00:00,62.69680048809653,62.86176783988919,62.04516875024366,62.424598693847656,57177300
2022-12-15 05:00:00,62.11448209694121,62.280317182426806,61.882304120577174,62.18910598754883,41666500
2022-12-16 05:00:00,61.83255106102308,62.03155441661913,61.699884266026594,61.857425689697266,38197100
2022-12-19 05:00:00,61.616974672348015,61.74135417072717,61.40967761711745,61.54235076904297,24135100
2022-12-20 05:00:00,61.23556485892743,61.51749221737252,61.10289799852236,61.38481903076172,32917800
2022-12-21 05:00:00,61.69162054028315,62.02329717797075,61.64186493259631,61.90721130371094,23211500
2022-12-22 05:00:00,61.66673509654028,61.766233642072066,61.29359657218236,61.5257682800293,26893700
2022-12-23 05:00:00,61.42625753980822,61.7330530958972,61.318459035276796,61.68330383300781,13196500
2022-12-27 05:00:00,61.62527871779397,61.66674066631346,61.011681102177384,61.04484939575195,22108000
2022-12-28 05:00:00,61.144325797249756,61.21895601230476,60.19075826263199,60.22392654418945,41064800
2022-12-29 05:00:00,60.464402408427794,61.04483794782408,60.323441931824505,61.00337600708008,33378900
2022-12-30 05:00:00,60.79607716246145,61.08629176049714,60.76290887608541,61.053123474121094,15170300
2023-01-03 05:00:00,61.451120464963424,61.51745702031453,61.077988411967134,61.169193267822266,28787700
2023-01-04 05:00:00,61.57551519061539,61.9071917233987,61.35163084235009,61.8740234375,37120100
2023-01-05 05:00:00,61.6584340265839,61.80768815313512,61.509179900032684,61.7496452331543,35142000
2023-01-06 05:00:00,62.0813248748661,62.835882872319736,61.94035806826572,62.62858581542969,60041200
2023-01-09 05:00:00,62.81100083158384,62.98512957969531,62.71978963121068,62.85246276855469,35806900
2023-01-10 05:00:00,62.81930923674686,62.91052045854013,62.628593138577806,62.77784729003906,35695500
2023-01-11 05:00:00,63.0182922269373,63.22558924084169,62.893912753354094,63.192420959472656,31826700
2023-01-12 05:00:00,63.3499659155795,63.59871852555303,63.05975137417579,63.54896926879883,29404900
2023-01-13 05:00:00,63.233880099018016,63.65676143383377,63.200711819114375,63.54896926879883,26301500
2023-01-17 05:00:00,63.44947894003424,63.47435990030417,63.258769194725986,63.33339309692383,30961200
2023-01-18 05:00:00,63.72310157763919,63.91381761626101,63.3914250861507,63.40801239013672,52989700
2023-01-19 05:00:00,63.19242554348044,63.291930394805696,62.97683486204403,63.03487777709961,50070900
2023-01-20 05:00:00,63.01829552290652,63.15925598144532,62.79441751970979,63.15925598144531,36625400
2023-01-23 05:00:00,63.10120724642257,63.32509155516892,62.99341508093149,63.150962829589844,26764800
2023-01-24 05:00:00,63.02658587883026,63.22558924084169,62.91878738283017,63.192420959472656,27774500
2023-01-25 05:00:00,62.98515106280889,63.25049110179628,62.91881447151065,63.18415451049805,25857700
2023-01-26 05:00:00,63.31680780171111,63.4080190045402,63.09292345796566,63.34168243408203,25512400
2023-01-27 05:00:00,63.24216769195764,63.32509155516892,63.05975164101949,63.150962829589844,35813400
2023-01-30 05:00:00,62.91877057461445,63.04315001497074,62.786103810781896,62.80268478393555,32002000
2023-01-31 05:00:00,62.96854449421371,63.31680196772547,62.95195719002574,63.291927337646484,41006600
2023-02-01 05:00:00,63.30692251950524,64.14012756981442,63.140277695333374,63.95682144165039,46900900
2023-02-02 05:00:00,64.42341218428813,64.44007348774977,64.21511092834348,64.32342529296875,56399900
2023-02-03 05:00:00,63.823508989211845,64.04014409377423,63.598546410633894,63.648536682128906,39682300
2023-02-06 05:00:00,63.37358204118092,63.40691101019569,63.14861944639473,63.240272521972656,40944200
2023-02-07 05:00:00,63.18194995556349,63.623547681284904,63.140287154066705,63.46523666381836,37101300
2023-02-08 05:00:00,63.37358071446393,63.45690631368189,63.06529888202006,63.1986083984375,34066600
2023-02-09 05:00:00,63.41523657887936,63.41523657887936,62.73200869522573,62.79033279418945,42581900
2023-02-10 05:00:00,62.51538825496279,62.69869442519582,62.23210152413103,62.30708694458008,65905000
2023-02-13 05:00:00,62.348733427584726,62.673682878167526,62.282075500067776,62.46538162231445,38741300
2023-02-14 05:00:00,62.34873852558376,62.6486928670862,62.082113150564965,62.48204803466797,54193600
2023-02-15 05:00:00,62.257090403698754,62.39039992337528,62.14044219016272,62.38207244873047,44897600
2023-02-16 05:00:00,62.1071138828029,62.14877032702342,61.848822315342474,61.882144927978516,89945400
2023-02-17 05:00:00,61.78218363641748,62.22378149529505,61.54888713413144,62.12379455566406,75910300
2023-02-21 05:00:00,61.53221731924205,61.68219454503018,60.91564710515873,61.165611267089844,98782400
2023-02-22 05:00:00,61.32388721081522,61.815481470242425,61.32388721081522,61.56551742553711,70093300
2023-02-23 05:00:00,61.84885176097938,62.265454542630756,61.765526119165926,62.17380142211914,47908100
2023-02-24 05:00:00,61.65719999053654,61.92382546595124,61.59054203246968,61.79884338378906,47576500
2023-02-27 05:00:00,62.09044154702644,62.29874282300617,61.97379334102582,62.215423583984375,40292000
2023-02-28 05:00:00,62.19042320385218,62.19042320385218,62.00711707935094,62.09877014160156,32999000
2023-03-01 05:00:00,62.09877993741549,62.115542452353054,61.771856534676694,61.92274475097656,45341400
2023-03-02 05:00:00,61.59583506016378,62.073646785568705,61.59583506016378,61.998199462890625,37886100
2023-03-03 05:00:00,62.274814341488124,62.7107100745085,62.17422006673018,62.63526916503906,50123300
2023-03-06 05:00:00,62.777772924347126,62.86159828891273,62.58497522539277,62.63526916503906,33430800
2023-03-07 05:00:00,62.64364357452915,62.67716859860698,62.18259455015462,62.19097900390625,40222100
2023-03-08 05:00:00,62.232913832542465,62.333508132146456,61.771871015824786,61.897605895996094,54303900
2023-03-09 05:00:00,61.956272356175084,62.21613289221008,61.48683882581714,61.55390167236328,52669500
2023-03-10 05:00:00,61.59582161713735,61.989801476811785,61.33595466847979,61.56229019165039,81516000
2023-03-13 04:00:00,61.35272718549774,62.01495848799627,61.050950733841056,61.226985931396484,78478100
2023-03-14 04:00:00,61.77185510743773,61.95627474481715,61.41977834722915,61.671260833740234,66395600
2023-03-15 04:00:00,61.03418676197305,61.528767362674316,60.866536006580354,61.470088958740234,81454700
2023-03-16 04:00:00,61.30240759717845,61.98978565556238,61.2101977994898,61.87242889404297,63386700
2023-03-17 04:00:00,61.562298551409036,61.84730611355213,61.394641401207494,61.50362014770508,55132200
2023-03-20 04:00:00,61.38624927536053,61.66287231774655,61.252123585930434,61.3359489440918,38540800
2023-03-21 04:00:00,61.73832770485234,62.098782548085445,61.61258645340531,62.00657272338867,38203400
2023-03-22 04:00:00,62.01496026652923,62.69395410449679,61.78862472356269,62.06525421142578,55263500
2023-03-23 04:00:00,62.05684562279227,62.34185945579063,61.62932807102649,61.8221321105957,54660900
2023-03-24 04:00:00,61.57065465508052,61.77184316357481,61.52036072568898,61.69639587402344,44225600
2023-03-27 04:00:00,61.82213491652453,61.91434471413883,61.54550552368164,61.54550552368164,30905100
2023-03-28 04:00:00,61.42817565637486,61.587448357524806,61.310818843569635,61.512001037597656,38277200
2023-03-29 04:00:00,61.73832862425907,62.29158118521304,61.73832862425907,62.283203125,44457300
2023-03-30 04:00:00,62.425705624522266,62.660419215029805,62.25804849168424,62.652034759521484,37130200
2023-03-31 04:00:00,62.844839516926115,63.414860983571515,62.8280706057351,63.33103561401367,54218900
2023-04-03 04:00:00,63.2737696474595,63.40850527350814,63.13061786319402,63.28219223022461,43302900
2023-04-04 04:00:00,63.28218972372452,63.37481885682701,63.02956364716354,63.09693145751953,46144300
2023-04-05 04:00:00,63.05483580751139,63.113781045567144,62.66748046820941,62.74327087402344,37633900
2023-04-06 04:00:00,62.642219737308615,63.12220423020197,62.55801317136313,63.02115249633789,35719600
2023-04-10 04:00:00,62.802202024878966,62.995876438812175,62.65905025378961,62.96219253540039,29083900
2023-04-11 04:00:00,62.962195836807545,63.24008323611502,62.91167319131455,63.09693145751953,28875100
2023-04-12 04:00:00,63.416919590032364,63.47586481857975,63.02956431321411,63.08009338378906,41457600
2023-04-13 04:00:00,63.18956451968765,63.677971538315276,63.18956451968765,63.509552001953125,95864000
2023-04-14 04:00:00,63.492695217270395,63.61900822750934,63.22323046021571,63.39164352416992,43767600
2023-04-17 04:00:00,63.21482494524071,63.29061534166322,62.99588276335695,63.22324752807617,26391100
2023-04-18 04:00:00,63.37481700717272,63.45902355538607,63.139036102356236,63.265342712402344,28030700
2023-04-19 04:00:00,63.01274108886719,63.14747031963038,62.97063459044451,63.01274108886719,26979400
2023-04-20 04:00:00,62.86117103811708,63.05484552534207,62.77696445999534,62.953800201416016,30203900
2023-04-21 04:00:00,63.0548165579658,63.18112957939527,62.89482606039915,63.14744567871094,33061800
2023-04-24 04:00:00,63.18114325346542,63.374824118181216,63.11377543751657,63.32429504394531,24661600
2023-04-25 04:00:00,63.29061534166322,63.4085058031664,63.164302297324575,63.22324752807617,34575300
2023-04-26 04:00:00,63.20641570015956,63.24852219867382,62.88642815492009,62.97905731201172,33762700
2023-04-27 04:00:00,63.09694223169577,63.36640709458447,62.987474339585994,63.189571380615234,39687600
2023-04-28 04:00:00,63.20640405592118,63.56008187445528,63.20640405592118,63.45903015136719,33821100
2023-05-01 04:00:00,63.37106969559685,63.430271023787284,63.032773626311155,63.168094635009766,37748300
2023-05-02 04:00:00,63.16811476869064,63.21039775804026,62.897479117494086,63.10891342163086,39045300
2023-05-03 04:00:00,63.17656902514653,63.46412304101747,63.05816632815939,63.0750846862793,33178300
2023-05-04 04:00:00,62.90593473317247,62.93131227090331,62.6606701548132,62.88902282714844,45207600
2023-05-05 04:00:00,63.07506201582669,63.31186732468835,62.99048961301334,63.227294921875,31591500
2023-05-08 04:00:00,63.176541800803676,63.176541800803676,62.90590625967622,63.049686431884766,18367400
2023-05-09 04:00:00,62.88056364790482,62.99051362068223,62.81290311888229,62.88902282714844,21732900
2023-05-10 04:00:00,63.235773463818084,63.36263534606461,63.03279832370167,63.26960372924805,35392700
2023-05-11 04:00:00,63.21037761088246,63.23574868689824,63.10043413066046,63.168094635009766,25265500
2023-05-12 04:00:00,63.159636458376916,63.25266804021427,62.82134038373755,62.93974304199219,27553200
2023-05-15 04:00:00,62.948192117267986,62.998934261960194,62.83824865294823,62.922821044921875,19764500
2023-05-16 04:00:00,62.80443934484022,62.82135124788947,62.42385377538066,62.483055114746094,40998700
2023-05-17 04:00:00,62.55071945371299,62.872097250981234,62.52534837135793,62.6522102355957,38534100
2023-05-18 04:00:00,62.466137905818,62.7452326758896,62.42384847309388,62.686031341552734,29129200
2023-05-19 04:00:00,62.74523227303724,62.88900601943776,62.64374150662786,62.753684997558594,36044900
2023-05-22 04:00:00,62.770607078420454,63.15118618324428,62.770607078420454,63.03278350830078,34897700
2023-05-23 04:00:00,62.914376148681264,62.99049583545518,62.643740561467695,62.70294189453125,32415500
2023-05-24 04:00:00,62.5253256203625,62.601438839732495,62.136287443397855,62.26314926147461,38083200
2023-05-25 04:00:00,62.49150272289956,62.50842107527862,62.20395525706423,62.22086715698242,21457900
2023-05-26 04:00:00,62.2885295078638,62.67756774212232,62.26315843100405,62.60144805908203,23547600
2023-05-30 04:00:00,62.880540932779596,62.880540932779596,62.660647519122826,62.8720817565918,27482600
2023-05-31 04:00:00,62.70294142093013,62.79597300825037,62.5422493242022,62.67757034301758,43393600
2023-06-01 04:00:00,62.71412262901261,63.14750822141429,62.69712330185351,63.05403137207031,42425700
2023-06-02 04:00:00,63.27497280453038,63.53840400692991,63.139010613510486,63.376949310302734,49950900
2023-06-05 04:00:00,63.325950622558594,63.35144960861268,63.17298912294656,63.325950622558594,24080200
2023-06-06 04:00:00,63.26649819822158,63.444958774838256,63.15602846905747,63.42795944213867,23006600
2023-06-07 04:00:00,63.47892605903062,63.55541006730003,63.00304861502161,63.079532623291016,32340900
2023-06-08 04:00:00,63.079526585399975,63.51291215184911,63.079526585399975,63.478919982910156,33987800
2023-06-09 04:00:00,63.5299028088317,63.614879977911606,63.470418142141526,63.49591064453125,27016700
2023-06-12 04:00:00,63.55542850400238,63.56392817035217,63.29199719727097,63.42795944213867,30629500
2023-06-13 04:00:00,63.58940223763526,63.68287909032629,63.41094819613709,63.504425048828125,39425900
2023-06-14 04:00:00,63.563887943011636,63.725342601403966,63.23247248191463,63.5298957824707,32864600
2023-06-15 04:00:00,63.6148886467836,63.861327009037446,63.580896477851,63.83583450317383,42412300
2023-06-16 04:00:00,63.8103358197476,63.82733514596701,63.648881120723196,63.674373626708984,47560800
2023-06-20 04:00:00,63.57240290986748,63.6743794264424,63.504425048828125,63.504425048828125,31930500
2023-06-21 04:00:00,63.376952527982596,63.47892255558878,63.21549133981472,63.342960357666016,39751900
2023-06-22 04:00:00,63.19849005803856,63.2919668930922,63.13900538876285,63.15599822998047,31504700
2023-06-23 04:00:00,63.06253651594643,63.10502835419314,62.88408246532991,63.0455436706543,33811100
2023-06-26 04:00:00,63.0540336316386,63.16450981210064,62.96055677894484,63.079532623291016,36111900
2023-06-27 04:00:00,63.14748955046227,63.35144251600612,63.13049671167117,63.29195785522461,31707600
2023-06-28 04:00:00,63.28347178327802,63.657379150390625,63.24097995216316,63.657379150390625,35679600
2023-06-29 04:00:00,63.42791158735711,63.495895900171384,63.24945762872531,63.487396240234375,41712000
2023-06-30 04:00:00,63.6998428920763,63.937781505590486,63.64035823869775,63.79331970214844,35842000
2023-07-03 04:00:00,63.804432898862245,63.81297843484717,63.66773039643975,63.69336700439453,13046500
2023-07-05 04:00:00,63.66775124327955,63.68484232084556,63.394352667249294,63.49687957763672,37947100
2023-07-06 04:00:00,63.03550720214844,63.103858463751436,62.86463556647601,63.03550720214844,52251100
2023-07-07 04:00:00,63.01843136408412,63.50542276329105,62.992801267021015,63.09532165527344,42269100
2023-07-10 04:00:00,63.155123994749154,63.479789255667896,63.146584975077545,63.41143798828125,45752200
2023-07-11 04:00:00,63.57378330705881,63.75320053100586,63.4712563855161,63.75320053100586,32000700
2023-07-12 04:00:00,64.15473689855514,64.34269962488236,64.09493116911791,64.24871826171875,42820700
2023-07-13 04:00:00,64.50502934921619,64.7015376047052,64.42813906554788,64.63318634033203,33954200
2023-07-14 04:00:00,64.5648321846542,64.6160923714709,64.12056202279437,64.16327667236328,36081800
2023-07-17 04:00:00,64.12908801349279,64.38540193217464,64.07782783708991,64.28287506103516,28836600
2023-07-18 04:00:00,64.33417554149798,64.54776841312535,64.3085389214995,64.46232604980469,25990800
2023-07-19 04:00:00,64.58190979910765,64.6331764987489,64.47084390016458,64.51356506347656,26794800
2023-07-20 04:00:00,64.25728140888691,64.33417823542807,64.06077960903022,64.23165130615234,27028500
2023-07-21 04:00:00,64.24871860111642,64.49648705818973,64.24871860111642,64.39396667480469,37447800
2023-07-24 04:00:00,64.44520764408924,64.53918897971701,64.26579050834543,64.28287506103516,20925500
2023-07-25 04:00:00,64.2145508728383,64.30852572019293,64.12910852705731,64.24018096923828,30067600
2023-07-26 04:00:00,64.21454529487593,64.5562885749713,64.18036966319934,64.4964828491211,33068400
2023-07-27 04:00:00,64.6161005970475,64.66736730872546,63.847171623572834,63.98386764526367,48675800
2023-07-28 04:00:00,64.25725308853754,64.40249461891221,64.20599290566048,64.35123443603516,27588400
2023-07-31 04:00:00,64.43668412960548,64.59047122970408,64.4025084942129,64.50503540039062,30744800
2023-08-01 04:00:00,64.34878257711497,64.34878257711497,64.108419973181,64.18567657470703,34529700
2023-08-02 04:00:00,63.91099548339844,63.971086153151724,63.74789597943484,63.91099548339844,37500500
2023-08-03 04:00:00,63.704959869384766,63.83372743850419,63.601944504211104,63.704959869384766,30348000
2023-08-04 04:00:00,64.08267211914062,64.33162098992594,64.01399521353291,64.08267211914062,37411900
2023-08-07 04:00:00,64.2028579711914,64.23719642642449,64.03975194618195,64.2028579711914,19412600
2023-08-08 04:00:00,64.15994557780517,64.38314230495877,64.09127520355108,64.34021759033203,32545600
2023-08-09 04:00:00,64.34879302978516,64.42605619325138,64.21144575496525,64.34879302978516,27569200
2023-08-10 04:00:00,64.39172518918308,64.68359227532208,64.15994222135122,64.33163452148438,43697200
2023-08-11 04:00:00,64.10842268919355,64.26294244818172,64.02257983406457,64.23719024658203,23329000
2023-08-14 04:00:00,64.125584199685,64.32302864725939,64.01398915068442,64.22859954833984,28545100
2023-08-15 04:00:00,64.05692909493088,64.20286262821391,63.99683843126192,64.02259063720703,32968600
2023-08-16 04:00:00,63.99682653404487,64.16851224135608,63.82513427734375,63.82513427734375,31759400
2023-08-17 04:00:00,63.85947809854532,63.885230301868475,63.4045050414616,63.559024810791016,38546600
2023-08-18 04:00:00,63.43024683207066,63.79937696768393,63.40449463297499,63.601932525634766,44130500
2023-08-21 04:00:00,63.593390789532954,63.64489521847144,63.38735997499242,63.58480453491211,30768700
2023-08-22 04:00:00,63.7221254614243,63.74787766257742,63.56760570511562,63.619110107421875,18135400
2023-08-23 04:00:00,63.86804813685737,64.22859199064023,63.86804813685737,64.13416290283203,33378000
2023-08-24 04:00:00,64.14277437274744,64.14277437274744,63.71355345917112,63.782230377197266,34336100
2023-08-25 04:00:00,63.79939854869367,64.12560409656466,63.747894133080244,64.04834747314453,31149300
2023-08-28 04:00:00,64.29729017002484,64.3230423753373,64.11701818344667,64.28870391845703,21461600
2023-08-29 04:00:00,64.22002361897997,64.69216918945312,64.19427141502518,64.69216918945312,42178200
2023-08-30 04:00:00,64.6921721880586,64.79518755804334,64.60632932110013,64.66641998291016,29458200
2023-08-31 04:00:00,64.61491838591459,64.70934751806897,64.52049580315212,64.62350463867188,30824500
2023-09-01 04:00:00,64.84859222358996,64.89171142365129,64.55535139484999,64.7450942993164,33213100
2023-09-05 04:00:00,64.65023575844342,64.65023575844342,64.2707498737231,64.32250213623047,29500600
2023-09-06 04:00:00,64.2621001258362,64.29659942478996,64.03785797267098,64.16722869873047,30797500
2023-09-07 04:00:00,64.06373703565006,64.4173499492834,64.06373703565006,64.38285064697266,28757400
2023-09-08 04:00:00,64.51225353542509,64.58124559435981,64.3052576184038,64.35700988769531,26389100
2023-09-11 04:00:00,64.4432509972879,64.46912384033203,64.31388020199525,64.46912384033203,29159400
2023-09-12 04:00:00,64.30524369368648,64.47774025385166,64.30524369368648,64.36561584472656,21668500
2023-09-13 04:00:00,64.3397394375127,64.60710744592308,64.3397394375127,64.5381088256836,27498900
2023-09-14 04:00:00,64.60711802115112,64.68473654657261,64.53811938961758,64.61573791503906,29575900
2023-09-15 04:00:00,64.42601327644401,64.5553841023151,64.374267578125,64.374267578125,41636900
2023-09-18 04:00:00,64.29661411454728,64.48635043203907,64.29661411454728,64.4173583984375,19549700
2023-09-19 04:00:00,64.27938919707613,64.37426068722121,64.17589781151626,64.2190170288086,33937200
2023-09-20 04:00:00,64.36559144262903,64.47771580924586,64.15860222897491,64.16722869873047,26715100
2023-09-21 04:00:00,63.908506847706285,63.960259102043864,63.71014404296875,63.71014404296875,43327300
2023-09-22 04:00:00,63.839508175020455,64.05512392437959,63.813635337908636,63.822261810302734,36657300
2023-09-25 04:00:00,63.658397850355946,63.84814078083045,63.589405804787035,63.73602294921875,30197500
2023-09-26 04:00:00,63.68426907428259,63.72739485923128,63.416907631799354,63.46003341674805,39193000
2023-09-27 04:00:00,63.641156024003244,63.69290170688913,63.26167013598254,63.37379455566406,45532200
2023-09-28 04:00:00,63.26167395141743,63.70153202269089,63.22717463405559,63.6756591796875,45776600
2023-09-29 04:00:00,63.94302445706662,64.00339662101294,63.572164998518524,63.58079147338867,51698300
2023-10-02 04:00:00,63.37700970133799,63.49838785265315,63.11691649763969,63.194942474365234,69255900
2023-10-03 04:00:00,62.943526058566405,63.116928174391475,62.52737420981499,62.553382873535156,77754200
2023-10-04 04:00:00,62.70078429853625,62.96954937232607,62.5273887569846,62.87417984008789,138971500
2023-10-05 04:00:00,62.83084841515651,63.01291575918263,62.77015930048114,62.93488311767578,56138500
2023-10-06 04:00:00,62.683431006368714,63.13426326533643,62.51002889552407,63.02155685424805,52741500
2023-10-09 04:00:00,63.03025051189198,63.49842650104052,63.03025051189198,63.48976135253906,27277200
2023-10-10 04:00:00,63.32500238768337,63.67179999534843,63.24696978401698,63.472389221191406,50761600
2023-10-11 04:00:00,63.593775990988014,63.67180860520616,63.18628924297628,63.46372604370117,53330500
2023-10-12 04:00:00,63.43772762964769,63.43772762964769,62.93487127999754,63.1256103515625,60368000
2023-10-13 04:00:00,63.29901264419881,63.49841686334185,63.01290403626366,63.07359313964844,54191200
2023-10-16 04:00:00,63.04757976472348,63.212310153598146,63.004227573562034,63.056251525878906,39352900
2023-10-17 04:00:00,62.78748327964752,62.95221367752818,62.67477683692793,62.761474609375,50948700
2023-10-18 04:00:00,62.692096208785756,62.82214613838567,62.414659445792566,62.458011627197266,58306500
2023-10-19 04:00:00,62.45799766419242,62.770114779610154,62.23257827758789,62.23257827758789,70971900
2023-10-20 04:00:00,62.30197035227828,62.50137456709295,62.267289920437456,62.3626594543457,64845500
2023-10-23 04:00:00,62.22391351748804,62.787458740064444,62.145887537165834,62.61406326293945,47508700
2023-10-24 04:00:00,62.77883106389688,62.960898407923,62.70947018580576,62.93488311767578,46427900
2023-10-25 04:00:00,62.77881080785504,62.830828142330894,62.52738266686293,62.596736907958984,42518300
2023-10-26 04:00:00,62.605393032554794,62.92618194913953,62.510023533424565,62.81346893310547,45233400
2023-10-27 04:00:00,62.87416200089235,62.95219460268165,62.62274052136269,62.73544692993164,35621800
2023-10-30 04:00:00,62.726779879357146,62.856829815691825,62.657419031363375,62.75278854370117,29094000
2023-10-31 04:00:00,62.77880734127225,63.11693322592491,62.75279206085559,62.91752243041992,42185900
2023-11-01 04:00:00,63.002938140474186,63.517215728759766,63.002938140474186,63.517215728759766,59313100
2023-11-02 04:00:00,63.918191996691576,64.31915080025693,63.90947362156554,64.23198699951172,68930600
2023-11-03 04:00:00,64.63294217490483,64.90315193709827,64.50219315604075,64.85957336425781,88763600
2023-11-06 05:00:00,64.71138813723755,64.84213715719495,64.53706054407529,64.59807586669922,93899100
2023-11-07 05:00:00,64.55447741848864,64.6852264116604,64.41501670256348,64.60678100585938,50458200
2023-11-08 05:00:00,64.5893742447933,64.70269319489503,64.55450738708302,64.64167785644531,41143500
2023-11-09 05:00:00,64.54578305088836,64.66781370394841,64.2232696677029,64.2406997680664,62856100
2023-11-10 05:00:00,64.4237239271814,64.58933308304881,64.38885709169118,64.5544662475586,35563300
2023-11-13 05:00:00,64.31914927033199,64.55449219176327,64.31914927033199,64.49347686767578,37530100
2023-11-14 05:00:00,65.04260766189599,65.31281737561356,65.04260766189599,65.14720153808594,68210800
2023-11-15 05:00:00,65.03390096933674,65.12106476520694,64.87700347670184,64.93801879882812,44022800
2023-11-16 05:00:00,64.96416168507471,65.08619231883154,64.89442799430773,65.02517700195312,52928200
2023-11-17 05:00:00,65.03389437332571,65.17335510253906,64.9205821152042,65.17335510253906,44272100
2023-11-20 05:00:00,65.06876780623958,65.33025919380404,65.06876780623958,65.24309539794922,30846200
2023-11-21 05:00:00,65.19951885769632,65.34769798028611,65.19951885769632,65.33026123046875,29493900
2023-11-22 05:00:00,65.4174092736592,65.51329141430027,65.26922355165168,65.44355773925781,40866800
2023-11-24 05:00:00,65.39126279861588,65.39998117169054,65.33024748743357,65.37383270263672,8536200
2023-11-27 05:00:00,65.37382915560246,65.54815670661615,65.3128138477307,65.46971130371094,31007400
2023-11-28 05:00:00,65.46100512299323,65.78351846762232,65.41742655220835,65.75736999511719,44031100
2023-11-29 05:00:00,66.0188639240749,66.28036195958357,65.99271545055831,66.11474609375,48815500
2023-11-30 05:00:00,66.08861901712422,66.12348587649198,65.79226068775846,65.99273681640625,55047100
2023-12-01 05:00:00,65.92617007342481,66.55662461389433,65.84735991560343,66.53910827636719,60321100
2023-12-04 05:00:00,66.1538418528336,66.41652681545362,66.1538418528336,66.37274932861328,33105700
2023-12-05 05:00:00,66.25891389341449,66.51284736977108,66.25891389341449,66.43404388427734,32466500
2023-12-06 05:00:00,66.51284679554504,66.57414062168637,66.39901731286146,66.44279479980469,21297200
2023-12-07 05:00:00,66.53910140109917,66.67044719687969,66.47780758713823,66.5566177368164,27779300
2023-12-08 05:00:00,66.38150117175557,66.46906950695535,66.25891351910713,66.42528533935547,30123200
2023-12-11 05:00:00,66.37274875516377,66.39025841364342,66.17135093975506,66.38150024414062,30141700
2023-12-12 05:00:00,66.34645400123462,66.55660992201769,66.19759856773955,66.53034210205078,29203400
2023-12-13 05:00:00,66.6354031790649,67.55481682027443,66.6003771976307,67.54605865478516,64201300
2023-12-14 05:00:00,67.87078075880733,68.09076903566351,67.7123889309305,67.8443832397461,67220400
2023-12-15 05:00:00,67.78278767035432,68.06437239984386,67.53640187123966,67.69479370117188,36336400
2023-12-18 05:00:00,67.82679402581289,67.82679402581289,67.51881174961117,67.73880004882812,34793600
2023-12-19 05:00:00,67.81796633368499,68.01155703613851,67.79156882216996,67.93235778808594,25269400
2023-12-20 05:00:00,68.011598138604,68.23158648552139,67.90600131521948,67.94120025634766,38376400
2023-12-21 05:00:00,68.20517476387506,68.31076485177367,68.03798150668874,68.2491683959961,22861400
2023-12-22 05:00:00,68.36357370942343,68.416368758856,68.12598255995522,68.16998291015625,18048400
2023-12-26 05:00:00,68.1963670145567,68.31075850365316,68.17877090604553,68.30196380615234,12374700
2023-12-27 05:00:00,68.34596599642849,68.70675004444644,68.29317095077138,68.58355712890625,22835300
2023-12-28 05:00:00,68.54833759659346,68.5571390060618,68.23155399081702,68.3635482788086,22648100
2023-12-29 05:00:00,68.34594936977442,68.51314259169568,68.09956359863281,68.09956359863281,36993900
2024-01-02 05:00:00,67.87077331542969,67.96756868371163,67.79158076693102,67.87077331542969,41547100
2024-01-03 05:00:00,67.51000144908492,67.82678509532849,67.3604110365558,67.68598937988281,39495500
2024-01-04 05:00:00,67.58919886132198,67.66839813532928,67.40440950665118,67.42201232910156,32856100
2024-01-05 05:00:00,67.40441749752446,67.75640013965334,67.36042386320243,67.47481536865234,31158500
2024-01-08 05:00:00,67.49238078254713,67.90595969542979,67.49238078254713,67.85316467285156,33479100
2024-01-09 05:00:00,67.7651952399278,68.03797857325176,67.72119489619368,67.95878601074219,25593500
2024-01-10 05:00:00,68.11717677596899,68.18756792592065,68.00277856946674,68.08197784423828,35702800
2024-01-11 05:00:00,68.06437270343952,68.31075850365316,67.90598087280081,68.30196380615234,35947100
2024-01-12 05:00:00,68.3547564921922,68.56594335460419,68.3107561521646,68.37235260009766,31155500
2024-01-16 05:00:00,68.24038789918133,68.24038789918133,67.87080237409131,67.94120025634766,43669900
2024-01-17 05:00:00,67.82678198976451,67.82678198976451,67.51879976821509,67.65078735351562,54160800
2024-01-18 05:00:00,67.74757986461366,67.80038161001337,67.62438698119539,67.79158020019531,34837600
2024-01-19 05:00:00,67.81797375988091,67.90596771240234,67.56278659811302,67.90596771240234,44359700
2024-01-22 05:00:00,67.91478566700805,68.13477395865895,67.91478566700805,67.95878601074219,36758900
2024-01-23 05:00:00,67.92357797455544,67.9763730091523,67.78278226428519,67.87957763671875,24561500
2024-01-24 05:00:00,68.10837185737729,68.13476937643853,67.78278679076675,67.8443832397461,27623300
2024-01-25 05:00:00,68.08196359739713,68.3635482788086,68.0203671581355,68.3635482788086,48268800
2024-01-26 05:00:00,68.32836332058152,68.43395340175043,68.27556156648733,68.31076049804688,26232800
2024-01-29 05:00:00,68.33716476225726,68.4867551863196,68.25796548783559,68.46035766601562,25924900
2024-01-30 05:00:00,68.46035328015284,68.48675079876568,68.22276218561872,68.37235260009766,32486600
2024-01-31 05:00:00,68.37234837228866,68.54834300800711,68.13476400595488,68.17876434326172,55548900
2024-02-01 05:00:00,68.38570139088748,68.63331438012084,68.191146400219,68.5714111328125,48019300
2024-02-02 05:00:00,68.13809534823018,68.35033411107507,68.12925009858496,68.26190185546875,42727400
2024-02-05 05:00:00,68.04964320914283,68.10270794982172,67.79319174147535,67.94352722167969,51908600
2024-02-06 05:00:00,67.97890810797675,68.28842434656265,67.97890810797675,68.19114685058594,32948200
2024-02-07 05:00:00,68.33264319860396,68.35917894737916,68.11155918745067,68.30611419677734,42954100
2024-02-08 05:00:00,68.25303768810647,68.35916041358917,68.1999796988385,68.27072143554688,25548400
2024-02-09 05:00:00,68.3149387113858,68.45643567411202,68.21766123624818,68.41221618652344,33951400
2024-02-12 05:00:00,68.38570836270732,68.50066962030067,68.24421135617831,68.26190185546875,36249100
2024-02-13 05:00:00,67.80204003939886,67.91700803835911,67.59864653607397,67.71360778808594,69904200
2024-02-14 05:00:00,67.90815623112375,68.08502071666945,67.85509823484958,67.9789047241211,38603100
2024-02-15 05:00:00,68.09385253173458,68.297252722239,68.04079454592748,68.21765899658203,44319900
2024-02-16 05:00:00,68.03197360856274,68.10272211288301,67.93469610185954,68.01428985595703,50322900
2024-02-20 05:00:00,67.99658861205093,68.20882734452651,67.93468536728939,68.15576934814453,31994100
2024-02-21 05:00:00,68.14692076921642,68.19998550995263,67.93468204711358,68.0319595336914,38674100
2024-02-22 05:00:00,68.22654011332546,68.3680303988484,68.18232060394024,68.35919189453125,45450200
2024-02-23 05:00:00,68.42106421279438,68.5006511973509,68.35031572855736,68.40337371826172,24686900
2024-02-26 05:00:00,68.37686703337643,68.40339603688447,68.16462825836307,68.18231201171875,32795300
2024-02-27 05:00:00,68.2265086934725,68.27072143554688,68.13807646237696,68.27072143554688,30926600
2024-02-28 05:00:00,68.2265276038365,68.34148886142985,68.18230810255903,68.26190185546875,24667600
2024-02-29 05:00:00,68.35916741378217,68.50950289673408,68.30610267213346,68.38569641113281,43322400
2024-03-01 05:00:00,68.41950993701194,68.66853345431933,68.286102542631,68.64185333251953,39342900
2024-03-04 05:00:00,68.58846295439231,68.68629454826363,68.50841583877988,68.62403869628906,21607300
2024-03-05 05:00:00,68.6240686279327,68.7930449939207,68.53512584170733,68.5707015991211,38076900
2024-03-06 05:00:00,68.74857306395069,68.84640469007326,68.64184580307663,68.73967742919922,34335200
2024-03-07 05:00:00,68.91754139257074,68.93533266000345,68.7663495462947,68.81970977783203,30393000
2024-03-08 05:00:00,68.91754187374373,69.13099637214418,68.82860589210044,68.8375015258789,38317900
2024-03-11 04:00:00,68.78415714189396,68.86420430147861,68.74858816583709,68.82862854003906,27177600
2024-03-12 04:00:00,68.93533289458318,68.93533289458318,68.71298954858048,68.89086151123047,33351700
2024-03-13 04:00:00,68.83750115647095,69.086524617888,68.83750115647095,68.91754150390625,28482200
2024-03-14 04:00:00,68.89975741693526,68.93533316668177,68.50843095510415,68.5884780883789,46677200
2024-03-15 04:00:00,68.55291724216099,68.69521348670202,68.44618996971876,68.54402160644531,53985300
2024-03-18 04:00:00,68.72187078385357,68.7663421622797,68.64183044514218,68.70408630371094,34649300
2024-03-19 04:00:00,68.68632449786439,68.99760389346578,68.67742886216666,68.97981262207031,41841500
2024-03-20 04:00:00,68.9620132195118,69.23771679806924,68.89975735385752,69.2110366821289,36886700
2024-03-21 04:00:00,69.3266526624229,69.33554829618144,69.08652483398548,69.17546081542969,34693300
2024-03-22 04:00:00,69.20214833709815,69.27329984402009,69.06874774334598,69.10431671142578,26955700
2024-03-25 04:00:00,68.9797978437443,69.07762945931398,68.96201336154093,68.99758911132812,29373100
2024-03-26 04:00:00,69.07762898415727,69.086524617888,68.89975702182521,68.91754150390625,28522200
2024-03-27 04:00:00,69.08654039982612,69.2822036743164,69.01538888448746,69.2822036743164,28891100
2024-03-28 04:00:00,69.19325257008886,69.29997303442107,69.12210107028038,69.13099670410156,31546700
2024-04-01 04:00:00,69.14440494336822,69.14440494336822,68.8225946205104,68.84941101074219,47857400
2024-04-02 04:00:00,68.61700106600158,68.75108984368123,68.5812436039511,68.73320770263672,45551200
2024-04-03 04:00:00,68.63487824339556,68.82259980920902,68.57230438812441,68.7868423461914,29542300
2024-04-04 04:00:00,68.92987033389507,69.02820164952425,68.63487638700754,68.73320770263672,36056400
2024-04-05 04:00:00,68.67958773967172,68.76897800146469,68.64383027094657,68.67064666748047,30857300
2024-04-08 04:00:00,68.67958647389322,68.86730806621067,68.63488793380063,68.83155059814453,31067800
2024-04-09 04:00:00,68.93882139019193,69.03715272006438,68.84942431209733,68.97457885742188,32219100
2024-04-10 04:00:00,68.51866330313662,68.61699460951336,68.20579406468242,68.36669921875,76623900
2024-04-11 04:00:00,68.39352079767824,68.43821250939853,68.12534324720279,68.30413055419922,50836000
2024-04-12 04:00:00,68.27731346254754,68.31307092715163,68.16110681761351,68.26837921142578,41441700
2024-04-15 04:00:00,68.33987143872261,68.33987143872261,67.7945821653013,67.87503814697266,55560400
2024-04-16 04:00:00,67.85716923986527,67.85716923986527,67.57110956248513,67.65156555175781,55746100
2024-04-17 04:00:00,67.83928284100251,67.97337160134673,67.678377692597,67.74095153808594,48158800
2024-04-18 04:00:00,67.74096102739952,67.8392923440906,67.61581331889064,67.79459381103516,40291400
2024-04-19 04:00:00,67.85717254645925,68.0091366424439,67.84823147609592,67.91974639892578,54739500
2024-04-22 04:00:00,68.06276121327598,68.32199766223046,68.03594482545958,68.29518127441406,40772500
2024-04-23 04:00:00,68.35775821030846,68.61699467098501,68.27730222318365,68.57229614257812,43554400
2024-04-24 04:00:00,68.53654049117391,68.56335688091002,68.26836977377462,68.42033386230469,40496500
2024-04-25 04:00:00,68.00914247885362,68.29519537468316,67.85717836982771,68.27731323242188,46371600
2024-04-26 04:00:00,68.26836518441775,68.52760163450314,68.26836518441775,68.4918441772461,34500800
2024-04-29 04:00:00,68.58125732936581,68.69746398925781,68.5365587878474,68.69746398925781,33157800
2024-04-30 04:00:00,68.47397308047103,68.61700293256372,68.19686126708984,68.19686126708984,49937500
2024-05-01 04:00:00,68.25075277166671,68.861819718053,68.23278323911862,68.55628967285156,71484700
2024-05-02 04:00:00,68.72705353910706,68.99663775130988,68.59225800501281,68.97866821289062,41497900
2024-05-03 04:00:00,69.32914666226355,69.54481544731635,69.14043561834397,69.26624298095703,44204400
2024-05-06 04:00:00,69.34710693359375,69.40102926463857,69.30217965637357,69.34710693359375,29547100
2024-05-07 04:00:00,69.42796331837934,69.44593285194027,69.2212759745176,69.35607147216797,34064000
2024-05-08 04:00:00,69.18534774042956,69.2482514079515,69.14940180813338,69.1943359375,22959500
2024-05-09 04:00:00,69.15836482261818,69.24822619264472,69.06850345259166,69.2122802734375,24590900
2024-05-10 04:00:00,69.20334945287718,69.22131899760672,69.02361972564142,69.10449981689453,24633800
2024-05-13 04:00:00,69.24825535174749,69.24825535174749,69.05954433843428,69.08650207519531,22109800
2024-05-14 04:00:00,69.12244407290763,69.22129367272575,69.10447453475231,69.1943359375,27298700
2024-05-15 04:00:00,69.41896348883901,69.60767441152765,69.36504804120874,69.59868621826172,56544400
2024-05-16 04:00:00,69.60767682285889,69.60767682285889,69.42795408721028,69.43693542480469,31749800
2024-05-17 04:00:00,69.39203789654515,69.47291110543837,69.33812242394967,69.44595336914062,31550300
2024-05-20 04:00:00,69.40103748340105,69.4819107055664,69.37407288669232,69.4819107055664,18665000
2024-05-21 04:00:00,69.43694459561654,69.55377055960241,69.41897506207154,69.42796325683594,20295900
2024-05-22 04:00:00,69.32912984470451,69.3650757761582,69.21230385348362,69.27520751953125,31110700
2024-05-23 04:00:00,69.3470958287692,69.39202995478004,69.00561978143595,69.03257751464844,36464700
2024-05-24 04:00:00,69.14041884656162,69.2931839132508,69.05055058993466,69.27520751953125,20488500
2024-05-28 04:00:00,69.34709970031001,69.36507609411197,68.97866589919519,68.99663543701172,27771700
2024-05-29 04:00:00,68.78097457062562,68.87982417988671,68.76299817476747,68.78996276855469,38800000
2024-05-30 04:00:00,68.86183982910495,69.08649675947576,68.86183982910495,69.06852722167969,44210200
2024-05-31 04:00:00,69.12243860951773,69.329125989888,69.12243860951773,69.31114959716797,45381900
2024-06-03 04:00:00,69.39962988168233,69.5260238647461,69.37253955277826,69.5260238647461,36791300
2024-06-04 04:00:00,69.44477027785594,69.6072778199833,69.43574705570585,69.48991394042969,39230600
2024-06-05 04:00:00,69.62534150655581,69.71562194824219,69.48088728949267,69.71562194824219,29793700
2024-06-06 04:00:00,69.67951620035849,69.67951620035849,69.55312219024609,69.59825897216797,24398300
2024-06-07 04:00:00,69.32740602569588,69.46283012473347,69.29129247342215,69.41768646240234,32498800
2024-06-10 04:00:00,69.3454490290436,69.48990321662254,69.30031226139127,69.48087310791016,24875700
2024-06-11 04:00:00,69.44476538204414,69.58018947226228,69.38156839166973,69.57115936279297,25339600
2024-06-12 04:00:00,70.04964260883142,70.09478626227009,69.83296822582557,69.85102844238281,51775700
2024-06-13 04:00:00,70.01354049731118,70.01354049731118,69.7517224438679,69.84200286865234,38532000
2024-06-14 04:00:00,69.61630302218413,69.67950001255853,69.4718488224967,69.57115936279297,52953300
2024-06-17 04:00:00,69.46280223248188,69.68850667759604,69.37251494407377,69.61627960205078,33165000
2024-06-18 04:00:00,69.69756843417134,69.88716633430089,69.67951509927926,69.83299255371094,46845500
2024-06-20 04:00:00,69.80588749678357,69.82394082608668,69.64337998123675,69.78783416748047,26989000
2024-06-21 04:00:00,69.77880679327549,69.88714743720382,69.70657969732326,69.86908721923828,26857600
2024-06-24 04:00:00,69.84201103225182,69.97743512923519,69.79686737060547,69.79686737060547,28766200
2024-06-25 04:00:00,69.84202521346471,69.8961921080742,69.76979809534733,69.88716888427734,26111600
2024-06-26 04:00:00,69.75173331624804,69.76075653856452,69.67047609970786,69.73367309570312,29282000
2024-06-27 04:00:00,69.69757823449326,69.81494903564453,69.67952489706266,69.81494903564453,29404500
2024-06-28 04:00:00,69.8600689067038,69.98646290198536,69.64339447021484,69.64339447021484,34952000
2024-07-01 04:00:00,69.76592249409617,69.81129749913104,69.60255724248812,69.6297836303711,31113100
2024-07-02 04:00:00,69.63885206134586,69.83851452047958,69.60254790760084,69.82036590576172,30418400
2024-07-03 04:00:00,69.81129226178751,70.06541442871094,69.81129226178751,70.06541442871094,22067300
2024-07-05 04:00:00,70.13802343761559,70.29231090845121,70.1017192813643,70.27416229248047,25941500
2024-07-08 04:00:00,70.25603485107422,70.3195654125841,70.16527097093565,70.25603485107422,26962000
2024-07-09 04:00:00,70.25602539069642,70.25602539069642,70.0926601224817,70.1743392944336,19108500
2024-07-10 04:00:00,70.25600548254086,70.35583324520172,70.21970133052373,70.33768463134766,25361900
2024-07-11 04:00:00,70.57367877342244,70.64628017435618,70.52829683906673,70.59182739257812,44932500
2024-07-12 04:00:00,70.60089530058478,70.80963555111133,70.60089530058478,70.7733383178711,31688100
2024-07-15 04:00:00,70.82779159630721,70.85501798358625,70.70073050613163,70.78240966796875,23235600
2024-07-16 04:00:00,70.85502570185139,71.09099929115791,70.7914951498432,71.05469512939453,41375400
2024-07-17 04:00:00,70.8459461014122,71.01838913425881,70.81871971187023,70.97300720214844,32750400
2024-07-18 04:00:00,71.00929551655967,71.0365219000258,70.76425114105542,70.8277816772461,42513000
2024-07-19 04:00:00,70.90039940714205,70.90947025329709,70.68257446184037,70.7733383178711,36125700
2024-07-22 04:00:00,70.94576499194949,71.04559968088098,70.89131222500835,71.0365219116211,32378800
2024-07-23 04:00:00,71.02745990403905,71.17266960871906,71.00023351718093,71.04560852050781,28826900
2024-07-24 04:00:00,70.97299015096472,71.07282483817383,70.80055408385634,70.8187026977539,37612800
2024-07-25 04:00:00,70.86408582997063,71.09098159126718,70.8277816772461,70.8277816772461,35409000
2024-07-26 04:00:00,71.12730345292128,71.12730345292128,70.98208680586778,71.05469512939453,23683700
2024-07-29 04:00:00,71.15452278130456,71.19082693946486,70.91854921541767,70.99115753173828,28468400
2024-07-30 04:00:00,71.09098109727265,71.10912971135424,70.90038949002502,71.02745056152344,33652100
2024-07-31 04:00:00,71.21803990084422,71.33602319939014,71.11820521580196,71.28157043457031,50714800
2024-08-01 04:00:00,71.33539682591135,71.43575412154388,71.10731332866574,71.12555694580078,51319800
2024-08-02 04:00:00,70.98870874070677,71.13468552676663,70.80624471868822,70.88835144042969,71578700
2024-08-05 04:00:00,69.92129915524994,70.5964245782528,69.86656132544269,70.45045471191406,104456100
2024-08-06 04:00:00,70.68765794274596,70.98872294325432,70.40482960330924,70.71502685546875,60113400
2024-08-07 04:00:00,71.14383728414315,71.17120620157255,70.80627106120996,70.85189056396484,56107800
2024-08-08 04:00:00,71.07083331209577,71.18030895785768,70.97047599644249,71.1438217163086,31528100
2024-08-09 04:00:00,71.18030949300716,71.24417260703417,71.00697073239517,71.13469696044922,29759900
2024-08-12 04:00:00,71.19854843004673,71.19854843004673,71.04345331571204,71.1802978515625,33878400
2024-08-13 04:00:00,71.26241614510563,71.51786857596544,71.24416556544038,71.50874328613281,37310200
2024-08-14 04:00:00,71.49049715058011,71.66384284851472,71.43575933462454,71.63646697998047,36086900
2024-08-15 04:00:00,71.67297898561266,71.72772377572679,71.5726216577213,71.70034790039062,39411300
2024-08-16 04:00:00,71.66387304638309,71.96493812155862,71.65474775302643,71.9284439086914,33682600
2024-08-19 04:00:00,71.9010507855611,72.07439649818815,71.84631296496605,72.04702758789062,29604300
2024-08-20 04:00:00,72.08353451423817,72.1017781374716,71.86456927208732,71.9831771850586,33189300
2024-08-21 04:00:00,72.05615262270071,72.17475355375518,71.99228951204724,72.14738464355469,34266700
2024-08-22 04:00:00,72.1473843642508,72.15650269391098,71.9740386529094,72.05615234375,29292100
2024-08-23 04:00:00,72.23860882486215,72.43932342529297,72.14737681390893,72.43932342529297,32590900
2024-08-26 04:00:00,72.43020936704922,72.46670356920053,72.28423951900128,72.2933578491211,20460100
2024-08-27 04:00:00,72.21126300952216,72.41197767413799,72.1747688013594,72.3389892578125,22784300
2024-08-28 04:00:00,72.35722806269438,72.36635335426695,72.23862711448305,72.302490234375,22351600
2024-08-29 04:00:00,72.37547302246094,72.40284193449413,72.28424099549777,72.37547302246094,18353000
2024-08-30 04:00:00,72.45757091641785,72.45757091641785,72.29335050370132,72.38458251953125,27633300
2024-09-03 04:00:00,72.31124895980203,72.38458862161832,72.10040617464908,72.1279067993164,31596800
2024-09-04 04:00:00,72.10958582242773,72.46710798298282,72.10958582242773,72.39376831054688,32371800
2024-09-05 04:00:00,72.52210940549189,72.6779509642312,72.46710814806768,72.64128112792969,44675300
2024-09-06 04:00:00,72.66876275573075,72.76960303067888,72.41208096279166,72.54959106445312,49888900
2024-09-09 04:00:00,72.66877715239559,72.76961744732152,72.56794385152533,72.72378540039062,24823800
2024-09-10 04:00:00,72.73295317582799,72.76046079895708,72.51294114918876,72.5862808227539,38347600
2024-09-11 04:00:00,72.5037706742423,72.70545127599334,72.39376815987346,72.6962890625,42342700
2024-09-12 04:00:00,72.65046265872233,72.8704747197944,72.61379281620077,72.7971420288086,28515000
2024-09-13 04:00:00,72.89795426641356,73.04463359407076,72.87962284748406,72.99879455566406,31806800
2024-09-16 04:00:00,73.0263026239869,73.24631462276967,73.00796421088938,73.18214416503906,31402400
2024-09-17 04:00:00,73.2463242742207,73.28299411119227,73.15465317881993,73.20048522949219,27423900
2024-09-18 04:00:00,73.22797097858532,73.59466227973202,73.1454691077061,73.26464080810547,39546900
2024-09-19 04:00:00,73.60382898394657,73.64049881222037,73.42047984257755,73.48465728759766,48785900
2024-09-20 04:00:00,73.48466863386817,73.57633972167969,73.3379892981252,73.57633972167969,43626300
2024-09-23 04:00:00,73.51215954343081,73.53049096094767,73.41131926195125,73.4388198852539,29049400
2024-09-24 04:00:00,73.447998046875,73.50299930018686,73.33798854619569,73.447998046875,28674500
2024-09-25 04:00:00,73.41133281775275,73.43883344613354,73.35632456693511,73.36549377441406,28899100
2024-09-26 04:00:00,73.51215791028936,73.51215791028936,73.35630939161204,73.48465728759766,32732300
2024-09-27 04:00:00,73.53968883035049,73.67719899451595,73.52135041163109,73.66802978515625,36712700
2024-09-30 04:00:00,73.64050721762753,73.67717705008687,73.51216630104754,73.61300659179688,31551500
2024-10-01 04:00:00,73.68670362393591,73.69591758152691,73.51168059884925,73.57616424560547,45992200
2024-10-02 04:00:00,73.49324681143175,73.58536529541016,73.41034228430813,73.58536529541016,41214300
2024-10-03 04:00:00,73.49325915530602,73.5208940023221,73.35507789203467,73.41035461425781,31147700
2024-10-04 04:00:00,73.40113596061484,73.4287708058632,73.27216866399549,73.32743835449219,40122800
2024-10-07 04:00:00,73.27214042645338,73.27214042645338,73.00499197835508,73.01420593261719,69202500
2024-10-08 04:00:00,73.11556418516544,73.19846871826066,73.05108053891682,73.18925476074219,40947200
2024-10-09 04:00:00,73.18003727312956,73.21688606969663,73.08791176761726,73.1431884765625,42426500
2024-10-10 04:00:00,73.14319493018942,73.1524088871915,73.00501368791817,73.1063461303711,30091700
2024-10-11 04:00:00,73.08791060885684,73.31821031260776,73.08791060885684,73.29978942871094,26970800
2024-10-14 04:00:00,73.34586862119426,73.3550755511118,73.14320371195589,73.33665466308594,12065800
2024-10-15 04:00:00,73.32742837306266,73.43797476719891,73.30900748813475,73.3182144165039,31134400
2024-10-16 04:00:00,73.41954746114988,73.52087989956523,73.38270569098943,73.44718933105469,31626300
2024-10-17 04:00:00,73.48404285186515,73.51168472619011,73.2169013204409,73.33665466308594,46599300
2024-10-18 04:00:00,73.41954746365958,73.51167297363281,73.37349173686263,73.51167297363281,28905600
2024-10-21 04:00:00,73.38270450353181,73.42876022958193,73.14319083222674,73.21688842773438,36341500
2024-10-22 04:00:00,73.170832126375,73.19846697008008,73.03265087965946,73.11556243896484,35466600
2024-10-23 04:00:00,73.01423057610866,73.0510793774063,72.83920052699239,72.89447021484375,39761500
2024-10-24 04:00:00,73.05107644473856,73.16161581600363,72.9773788451019,73.1063461303711,30163900
2024-10-25 04:00:00,73.19845461223115,73.28136615753887,73.00500371076511,73.03263854980469,35590200
2024-10-28 04:00:00,73.16161171700888,73.25373019729867,73.12476291925505,73.21688842773438,31854500
2024-10-29 04:00:00,73.00500608240284,73.25372667002796,72.98658519850768,73.23530578613281,42992200
2024-10-30 04:00:00,73.22609945863823,73.37349465791156,73.07871128755482,73.1063461303711,28728700
2024-10-31 04:00:00,73.12475700510095,73.12475700510095,72.90367126464844,72.90367126464844,43194600
2024-11-01 04:00:00,73.16753835281328,73.213832168627,72.8897966482647,72.90830993652344,44045700
2024-11-04 05:00:00,73.18605916271206,73.23234591537097,73.03792460193638,73.11199188232422,27291200
2024-11-05 05:00:00,73.08422647836429,73.32493457100504,73.08422647836429,73.31568145751953,31611900
2024-11-06 05:00:00,73.34344124551235,73.47305544458919,73.21382704643551,73.44528198242188,43173100
2024-11-07 05:00:00,73.41751435948663,73.78783663576297,73.37122054322975,73.76006317138672,51325800
2024-11-08 05:00:00,73.86191177505513,73.90820559623752,73.76007101921023,73.88043212890625,30543400
2024-11-11 05:00:00,73.87115589546137,73.89892935675584,73.79708862304688,73.79708862304688,11008700
2024-11-12 05:00:00,73.70449013368736,73.78781049730088,73.44526180674463,73.50080871582031,44594900
2024-11-13 05:00:00,73.68599656170069,73.69525673772532,73.4915752458519,73.51935577392578,33873600
2024-11-14 05:00:00,73.56565050811092,73.63045762042461,73.36196899414062,73.36196899414062,32749300
2024-11-15 05:00:00,73.31568852012296,73.39900893019143,73.18607428438573,73.35272216796875,33709500
2024-11-18 05:00:00,73.38972116222006,73.50082206399013,73.31566095781677,73.49156188964844,27780900
2024-11-19 05:00:00,73.43602092775484,73.66747586096932,73.41750764101305,73.60266876220703,34523200
2024-11-20 05:00:00,73.59342059362726,73.60268077023092,73.50084001792607,73.58416748046875,19934000
2024-11-21 05:00:00,73.63971194199632,73.7322925145907,73.57490483483576,73.6119384765625,28040000
2024-11-22 05:00:00,73.60268211280774,73.6860025134251,73.55638829239012,73.59342193603516,29564900
2024-11-25 05:00:00,73.80636293403114,73.92671697717311,73.80636293403114,73.87117004394531,35003000
2024-11-26 05:00:00,73.88041909679558,73.88041909679558,73.67673762103408,73.73228454589844,41103500
2024-11-27 05:00:00,73.79710297471527,73.9544906616211,73.77858968473322,73.9544906616211,30239600
2024-11-29 05:00:00,74.07484951998721,74.13039645169248,73.96374859313167,74.10262298583984,25037800
2024-12-02 05:00:00,74.33606364562698,74.33606364562698,73.96405640463418,74.0756607055664,32387400
2024-12-03 05:00:00,74.14076144058154,74.1593586096796,74.03845927192233,74.0756607055664,24868500
2024-12-04 05:00:00,74.13145053007457,74.25234985351562,74.06634980276829,74.25234985351562,22733500
2024-12-05 05:00:00,74.20585249209871,74.23375178982906,74.13144963451977,74.18724822998047,23106300
2024-12-06 05:00:00,74.29884911448397,74.40115126510923,74.26164768739781,74.30815124511719,29931300
2024-12-09 05:00:00,74.30815658184699,74.34535801160492,74.19655229257322,74.21515655517578,22095100
2024-12-10 05:00:00,74.34535697433641,74.34535697433641,74.15934982814196,74.25234985351562,27195200
2024-12-11 05:00:00,74.34536080909285,74.35465584529668,74.2430586472709,74.27095794677734,24730000
2024-12-12 05:00:00,74.22443831205028,74.39184116828845,74.05703545581211,74.06633758544922,29081600
2024-12-13 05:00:00,74.13144757476405,74.13144757476405,73.82454111736364,73.85244750976562,34201100
2024-12-16 05:00:00,73.98264832410096,74.0477490482531,73.91754759994882,73.991943359375,22269000
2024-12-17 05:00:00,73.85242078318892,73.93611864376483,73.83381652832031,73.83381652832031,29039500
2024-12-18 05:00:00,73.98248558339583,73.98248558339583,73.05700538060596,73.07569885253906,80034500
2024-12-19 05:00:00,73.3374474373515,73.39354211537886,73.00090789794922,73.00090789794922,69005700
2024-12-20 05:00:00,72.91677338562774,73.54310806067608,72.91677338562774,73.45897674560547,63276200
2024-12-23 05:00:00,73.52440086596884,73.5617949319724,73.26264953613281,73.26264953613281,29239400
2024-12-24 05:00:00,73.29070457963306,73.51506187798681,73.24396020688899,73.49636840820312,11926100
2024-12-26 05:00:00,73.39354679841158,73.68334197998047,73.35615272140414,73.68334197998047,18384900
2024-12-27 05:00:00,73.60854401818965,73.6272446202971,73.41223048920114,73.4309310913086,20631800
2024-12-30 05:00:00,73.45899479464146,73.6085639911354,73.38420663029854,73.53378295898438,20659200
2024-12-31 05:00:00,73.64593944968192,73.7020269926597,73.43093244680698,73.5244140625,18664900
2025-01-02 05:00:00,73.73942807285083,73.80486592327352,73.58985889996643,73.70203399658203,30415400
2025-01-03 05:00:00,73.84225275577786,73.87964682837838,73.78616521297214,73.814208984375,32611000
2025-01-06 05:00:00,73.99183562551326,74.02922970143885,73.87030309570741,73.9450912475586,32110000
2025-01-07 05:00:00,73.98248600250261,74.0572741550402,73.68334052454303,73.70203399658203,43790200
2025-01-08 05:00:00,73.71137851971741,73.84225421030214,73.62724720385161,73.79551696777344,35304900
2025-01-10 05:00:00,73.66464730734691,73.66464730734691,73.38419530045611,73.41223907470703,37417300
2025-01-13 05:00:00,73.37483882598956,73.44027667113399,73.26266373842209,73.39353942871094,39180700
2025-01-14 05:00:00,73.5618181849446,73.59921226276846,73.43094247865662,73.48703002929688,29581100
2025-01-15 05:00:00,74.00118149813089,74.14140035922053,73.90769274781742,74.1320571899414,53574900
2025-01-16 05:00:00,74.04790153824311,74.23487186324272,73.96377024113477,74.21617126464844,32363000
2025-01-17 05:00:00,74.30966761160154,74.33771138287103,74.21618599663985,74.28162384033203,29546400
2025-01-21 05:00:00,74.4218558733158,74.50598719395734,74.4125055714032,74.47794342041016,32962700
2025-01-22 05:00:00,74.50599014411407,74.52469074867975,74.33772036397752,74.37511444091797,25028500
2025-01-23 05:00:00,74.33770697090836,74.47793295112346,74.26292596269131,74.46858978271484,27434800
2025-01-24 05:00:00,74.50598999586973,74.62752252873209,74.46860305119458,74.552734375,23648600
2025-01-27 05:00:00,74.47793474204076,74.65555479673029,74.42184720148187,74.60881042480469,28540600
2025-01-28 05:00:00,74.57142209835895,74.60881617234216,74.47794047949613,74.58077239990234,30439900
2025-01-29 05:00:00,74.56208613354798,74.6275239862939,74.43121042805612,74.53404235839844,20072100
2025-01-30 05:00:00,74.73035768430525,74.73035768430525,74.59013167304964,74.67426300048828,34495300
2025-01-31 05:00:00,74.69295849626069,74.75839634607804,74.47794434275185,74.52468872070312,37101100
2025-02-03 05:00:00,74.34623551540031,74.53405397917501,74.22415888735311,74.43075561523438,29965100
2025-02-04 05:00:00,74.46834614730172,74.6655502319336,74.40261145242444,74.6655502319336,28938600
2025-02-05 05:00:00,74.69371411242061,74.90969644737338,74.69371411242061,74.86274719238281,31834000
2025-02-06 05:00:00,74.86275979167257,74.92849449135738,74.73129039230294,74.75006866455078,24224100
2025-02-07 05:00:00,74.71250102471423,74.73128646051865,74.50590421813294,74.51529693603516,28778200
2025-02-10 05:00:00,74.69372122051752,74.74067047997592,74.62798652564022,74.6655502319336,23382600
2025-02-11 05:00:00,74.6843241346421,74.6843241346421,74.56224746973703,74.63737487792969,24410000
2025-02-12 05:00:00,74.38381649652665,74.59041327242537,74.32747452657007,74.47772216796875,34362700
2025-02-13 05:00:00,74.59042843764055,74.84397451853785,74.5434720101009,74.81580352783203,36149900
2025-02-14 05:00:00,74.92847768598602,75.02238335525338,74.86274300104455,74.90030670166016,26668300
2025-02-18 05:00:00,74.8909290771736,74.94727105717921,74.78763067080011,74.83458709716797,23274200
2025-02-19 05:00:00,74.78762414902127,74.90031526375016,74.71249673920201,74.89092254638672,38958600
2025-02-20 05:00:00,74.88153995186704,74.95666737184239,74.82519796915808,74.9378890991211,25789000
2025-02-21 05:00:00,74.9097039133392,74.99422404401597,74.7970199584961,74.7970199584961,32016500
2025-02-24 05:00:00,74.81579513656746,74.97543550902527,74.78762414902127,74.89092254638672,21029200
2025-02-25 05:00:00,75.07872772216797,75.10690587193726,74.9754293333112,75.07872772216797,30604400
2025-02-26 05:00:00,75.12568775096192,75.20081515820341,75.09751676438233,75.1820297241211,21777500
2025-02-27 05:00:00,75.17264522452724,75.20081621150142,75.00361213813827,75.04117584228516,40521800
2025-02-28 05:00:00,75.11629520669928,75.24776458740234,75.0599532334105,75.24776458740234,44321200
2025-03-03 05:00:00,75.18549396657264,75.242100139762,75.0156682488645,75.09114074707031,40729100
2025-03-04 05:00:00,75.01568312635317,75.13833225863455,74.82698384806477,75.08172607421875,66274600
2025-03-05 05:00:00,74.95906488388896,75.1760672403161,74.94963531919198,75.11946105957031,32302200
2025-03-06 05:00:00,74.94019331199274,75.00623625095476,74.79867067189114,74.83641052246094,50431500
2025-03-07 05:00:00,74.86471464029376,75.01567404464872,74.84584831381967,74.95906066894531,52828900
2025-03-10 04:00:00,74.81753275028669,74.89300524173963,74.66657337110205,74.67601013183594,57602100
2025-03-11 04:00:00,74.73262790897408,74.77980452183257,74.34580703646834,74.41184997558594,75826700
2025-03-12 04:00:00,74.59111117176188,74.63828778835398,74.42128542942781,74.49676513671875,53763000
2025-03-13 04:00:00,74.4024120184666,74.41184878051484,74.0533238040855,74.08162689208984,81223200
2025-03-14 04:00:00,74.3741028677167,74.50618873306331,74.26088332678825,74.42127227783203,51469800
2025-03-17 04:00:00,74.43071443649504,74.62884324888239,74.41184811070876,74.60054016113281,33954200
2025-03-18 04:00:00,74.54394742543661,74.60055361114149,74.46846771240234,74.46846771240234,40195900
2025-03-19 04:00:00,74.49676008985426,75.04397713343012,74.49676008985426,74.95906066894531,45212700
2025-03-20 04:00:00,74.90244699441637,75.00622977498766,74.77979788925931,74.85527038574219,42977600
2025-03-21 04:00:00,74.78923484488418,74.82697469592587,74.6005427878163,74.7420654296875,35124000
2025-03-24 04:00:00,74.9307575801639,75.00623728234139,74.86471464029376,74.95906066894531,36393500
2025-03-25 04:00:00,75.00623494729463,75.08171464712233,74.8930153975531,74.92132568359375,29075500
2025-03-26 04:00:00,74.9118896941221,74.93075602020339,74.5061953010399,74.6194076538086,51236100
2025-03-27 04:00:00,74.58167280038357,74.66658206245403,74.46845325281609,74.47789001464844,38493100
2025-03-28 04:00:00,74.52508053204848,74.53451729655319,74.21373928481556,74.3458251953125,58896900
2025-03-31 04:00:00,74.08163683641538,74.45902818945984,74.08163683641538,74.43072509765625,47853500
2025-04-01 04:00:00,74.59378117630257,74.63170465784965,74.35676484150663,74.60326385498047,54256000
2025-04-02 04:00:00,74.46106113226362,74.76444178620885,74.46106113226362,74.75495910644531,49072400
2025-04-03 04:00:00,74.0439100723806,74.21456214241685,73.7026059323081,73.82585906982422,116401400
2025-04-04 04:00:00,72.81142201726308,73.31389549714058,72.56492300015096,72.77349853515625,181273300
2025-04-07 04:00:00,71.92972275653925,73.56987180816807,71.70218185818183,72.14777374267578,193374800
2025-04-08 04:00:00,73.01999602576322,73.12428380141615,71.50309278876382,71.81595611572266,106007700
2025-04-09 04:00:00,71.19970877761905,73.79740590032824,71.18075065256198,73.74052429199219,152382200
2025-04-10 04:00:00,73.06739805928996,73.17168582904665,72.18569697245184,72.53648376464844,93884100
2025-04-11 04:00:00,72.30893241245154,73.16219257201911,72.05295798116313,72.75452423095703,71884000
2025-04-14 04:00:00,73.26648618825709,73.43713823382333,72.94414745394548,73.11479949951172,50011400
2025-04-15 04:00:00,73.22856653537384,73.4750655547792,73.17168492826671,73.31389617919922,39790500
2025-04-16 04:00:00,73.33286890980416,73.49403831748481,73.10533520289229,73.30442810058594,52028800
2025-04-17 04:00:00,73.58883693501934,73.75000631264243,73.50350729011227,73.73104095458984,37355500
2025-04-21 04:00:00,73.46558155581427,73.48454691328566,73.1432428104462,73.29492950439453,36078000
2025-04-22 04:00:00,73.55091252896239,73.76896351167697,73.48454824294082,73.57935333251953,33941100
2025-04-23 04:00:00,74.51794981444702,74.65067841106793,73.92067112965294,73.94911193847656,63723400
2025-04-24 04:00:00,74.2145614437685,74.65067067794112,74.11975634645538,74.61274719238281,49007800
2025-04-25 04:00:00,74.50846321827039,74.84029192555067,74.46106428377725,74.67911529541016,47981700
2025-04-28 04:00:00,74.68859258095569,74.77392222994519,74.4705415850722,74.71703338623047,42220700
2025-04-29 04:00:00,74.56533528479483,74.9445628412212,74.56533528479483,74.9161148071289,51198600
2025-04-30 04:00:00,74.54636987805738,74.6222168359239,74.38520051746403,74.51792907714844,69994200
2025-05-01 04:00:00,74.70948039663085,74.79524033936744,74.53795324090142,74.61418914794922,50848600
2025-05-02 04:00:00,74.80477755127912,74.90960011418171,74.6713683385407,74.8428955078125,41354100
2025-05-05 04:00:00,74.77618258481549,74.93817842937251,74.70947798586518,74.81430053710938,39815300
2025-05-06 04:00:00,74.71902279496136,74.8238380948921,74.64278687659598,74.75713348388672,36292600
2025-05-07 04:00:00,74.8619399724787,74.91912053409806,74.67135748776288,74.82382202148438,32676200
2025-05-08 04:00:00,74.96675962672694,75.06205086540697,74.75711453947754,74.80476379394531,32684900
2025-05-09 04:00:00,74.89052767346307,74.99535022261058,74.84288568674067,74.8524169921875,23971200
2025-05-12 04:00:00,75.50992829092577,75.65286878522157,75.30981450701387,75.59569549560547,70558600
2025-05-13 04:00:00,75.64332826475349,75.83391799068065,75.58615498210267,75.72909545898438,52141900
2025-05-14 04:00:00,75.66241153911263,75.69099818824627,75.41464846285996,75.45276641845703,45406500
2025-05-15 04:00:00,75.33840115182191,75.59569549560547,75.33840115182191,75.59569549560547,49301300
2025-05-16 04:00:00,75.64334719420148,75.69099645517097,75.53852463627378,75.68146514892578,30657200
2025-05-19 04:00:00,75.33840472162568,75.65287236992594,75.32888068640875,75.64334106445312,26228800
2025-05-20 04:00:00,75.53851238759331,75.64333492852388,75.48133909990584,75.60521697998047,25933700
2025-05-21 04:00:00,75.35747596503892,75.49088517591743,75.09065754328189,75.10018157958984,54737300
2025-05-22 04:00:00,75.10018320199514,75.32889094294774,75.04300990188543,75.25265502929688,43242700
2025-05-23 04:00:00,75.05253797306885,75.2621830914423,75.03347536034951,75.23358917236328,29598900
2025-05-27 04:00:00,75.54805375418374,75.70052556866442,75.44323119929234,75.69099426269531,33524700
2025-05-28 04:00:00,75.68145901608854,75.70052162703419,75.51946317432994,75.64334106445312,27012900
2025-05-29 04:00:00,75.81487135377671,75.82440265964456,75.67193811704,75.75769805908203,28616300
2025-05-30 04:00:00,75.710047997036,75.8339331612355,75.66240600871444,75.82440185546875,28930300
2025-06-02 04:00:00,75.76312152061031,75.82057356796555,75.61950966415716,75.81099700927734,45527200
2025-06-03 04:00:00,75.86843831718896,75.97375854366926,75.80141701895366,75.9546127319336,28458700
2025-06-04 04:00:00,75.96417855939129,76.12695082328477,75.96417855939129,76.09822845458984,41403600
2025-06-05 04:00:00,76.08865867137078,76.10780448394762,75.8971640217325,75.93546295166016,44563900
2025-06-06 04:00:00,76.00248624800992,76.01206280693671,75.8780202010581,75.92589569091797,41300100
2025-06-09 04:00:00,75.90673525420205,76.05035440515984,75.90673525420205,75.96417999267578,30169000
2025-06-10 04:00:00,76.03120580314855,76.16524839118276,75.95460795147952,76.1460952758789,24234400
2025-06-11 04:00:00,76.20355131264817,76.25142680323418,76.10780763625043,76.12696075439453,30114400
2025-06-12 04:00:00,76.126967640505,76.213134765625,76.0886687055267,76.213134765625,28373200
2025-06-13 04:00:00,76.04078214406357,76.11738000287257,75.92589266062394,75.98333740234375,35271000
2025-06-16 04:00:00,76.13653564453125,76.21313351322915,76.10781326996324,76.13653564453125,26225100
2025-06-17 04:00:00,76.13652874920106,76.25142554184224,75.99291688936727,76.05036163330078,27747200
2025-06-18 04:00:00,76.10781588844847,76.31845638222735,76.05037113733607,76.16526794433594,32833500
2025-06-20 04:00:00,76.23228339410382,76.41419419356443,76.20355371598156,76.40462493896484,45845800
2025-06-23 04:00:00,76.37588388364355,76.54822540283203,76.3184391455052,76.54822540283203,32361400
2025-06-24 04:00:00,76.64399111685624,76.79717954961869,76.59611562268213,76.75888061523438,50893200
2025-06-25 04:00:00,76.76845320807126,76.80675214047652,76.67270952944536,76.73973083496094,24156100
2025-06-26 04:00:00,76.8546101958851,76.96950697795435,76.78758889920475,76.95993041992188,28889100
2025-06-27 04:00:00,76.979105807602,77.04612712367299,76.8833621138971,76.9216537475586,47849500
2025-06-30 04:00:00,77.10356328050965,77.23760589770345,77.02696541217753,77.21846008300781,52885900
2025-07-01 04:00:00,77.15015773171444,77.21749548361417,77.0539619917526,77.12129974365234,45411000
2025-07-02 04:00:00,77.12128197729942,77.26557922363281,77.03470803305707,77.26557922363281,32359500
2025-07-03 04:00:00,77.24633719544434,77.33291113316353,77.20785744337061,77.31367492675781,19750000
2025-07-07 04:00:00,77.27522716812709,77.28484160567938,77.01549056890896,77.05397033691406,37027200
2025-07-08 04:00:00,77.0443311045621,77.07319642847504,76.90004118131561,76.94813537597656,31358900
2025-07-09 04:00:00,77.09243703249918,77.1693965554595,77.03472105991096,77.15977478027344,30277500
2025-07-10 04:00:00,77.15976896540273,77.16939073986369,77.08280944824219,77.08280944824219,28776200
2025-07-11 04:00:00,76.99623218664507,77.00585396069248,76.89041468991314,76.98661041259766,30482200
2025-07-14 04:00:00,76.96737460723348,77.05394855632441,76.92889485010534,77.04432678222656,23716200
2025-07-15 04:00:00,77.11166994985025,77.1212843844465,76.8134536743164,76.8134536743164,37039500
2025-07-16 04:00:00,76.9096549098587,77.03471596120781,76.71726345445578,77.01547241210938,39780100
2025-07-17 04:00:00,76.99623438930966,77.13090987277334,76.95775463128241,77.0924301147461,25703200
2025-07-18 04:00:00,77.2078715914917,77.26558756054744,77.13091207324162,77.19824981689453,27686400
2025-07-21 04:00:00,77.26558213322632,77.39063583715091,77.26558213322632,77.30406188964844,28483300
2025-07-22 04:00:00,77.38102762166828,77.45797980143413,77.28482455324949,77.4387435913086,26017700
2025-07-23 04:00:00,77.45798270721308,77.4868480323798,77.38103052456042,77.47722625732422,26025000
2025-07-24 04:00:00,77.38104248046875,77.44838023773396,77.35218449010723,77.38104248046875,27013700
2025-07-25 04:00:00,77.43875232997962,77.51571185769376,77.3521783657496,77.42913055419922,30123100
2025-07-28 04:00:00,77.4579703655264,77.4579703655264,77.38101819513483,77.39063262939453,22093800
2025-07-29 04:00:00,77.42912181661399,77.48684512551799,77.3906420570992,77.4387435913086,21371800
2025-07-30 04:00:00,77.39064709572177,77.45798484444083,77.19825562488568,77.27521514892578,38392400
2025-07-31 04:00:00,77.34253914048092,77.419498650832,77.27520140373944,77.32329559326172,41501300
2025-08-01 04:00:00,77.3851788437853,77.43351598342421,77.15314139504098,77.3271713256836,68963100
2025-08-04 04:00:00,77.43351451245448,77.58821105957031,77.4045107539546,77.58821105957031,37539200
2025-08-05 04:00:00,77.5495376586914,77.57854141746651,77.44318562562438,77.5495376586914,29656300
2025-08-06 04:00:00,77.54954380941707,77.6365624689816,77.48186590812824,77.62689208984375,30512900
2025-08-07 04:00:00,77.64621931338758,77.69456382890438,77.50120051951204,77.5495376586914,29405000
2025-08-08 04:00:00,77.5398709732942,77.58821549111349,77.5012042106441,77.55921173095703,24679000
2025-08-11 04:00:00,77.55921173095703,77.62688963010137,77.51086721313773,77.55921173095703,30159800
2025-08-12 04:00:00,77.60754542999516,77.73323822021484,77.54953791225527,77.73323822021484,40846200
2025-08-13 04:00:00,77.79125311243958,77.936279296875,77.79125311243958,77.936279296875,35039600
2025-08-14 04:00:00,77.82024949682467,77.82024949682467,77.68489370453997,77.73323822021484,36559900
2025-08-15 04:00:00,77.80092251542831,77.80092251542831,77.70424085246403,77.79125213623047,22754000
2025-08-18 04:00:00,77.77191235748725,77.82024949682467,77.71389746340992,77.73323822021484,25400800
2025-08-19 04:00:00,77.78157560143094,77.81058673672855,77.69456432455053,77.71389770507812,21700500
2025-08-20 04:00:00,77.74290563893902,77.76223901867048,77.64621661127023,77.68489074707031,29704900
2025-08-21 04:00:00,77.59788611265247,77.63656025176132,77.53020821329645,77.53987121582031,35825900
2025-08-22 04:00:00,77.6558926446754,78.17798245149247,77.63655926353597,78.1683120727539,59541500
2025-08-25 04:00:00,78.1006297439365,78.12963350216923,78.01361846923828,78.01361846923828,32714800
2025-08-26 04:00:00,78.11031193274428,78.21666397990339,78.06196741082162,78.18766021728516,33659900
2025-08-27 04:00:00,78.13930610376303,78.30366565598347,78.13930610376303,78.28433227539062,24335000
2025-08-28 04:00:00,78.28433916473739,78.32301330566406,78.21666126220025,78.32301330566406,24203800
2025-08-29 04:00:00,78.3036715692081,78.3036715692081,78.17798614501953,78.17798614501953,35070300
2025-09-02 04:00:00,77.97689312990757,78.13232590656727,77.90889314297964,78.09346771240234,51804000
2025-09-03 04:00:00,78.11290636746851,78.30718994140625,78.11290636746851,78.30718994140625,34283100
2025-09-04 04:00:00,78.35577037911358,78.53062116182019,78.32662117055199,78.52091217041016,37999700
2025-09-05 04:00:00,78.66661923174301,78.78318640638057,78.53061184226095,78.55976104736328,39147800
2025-09-08 04:00:00,78.63747002664067,78.65690283004223,78.54032824396172,78.55976104736328,27003400
2025-09-09 04:00:00,78.540328174995,78.5694699686288,78.36547000174927,78.47232818603516,36704500
2025-09-10 04:00:00,78.53060913085938,78.62775832162703,78.48204194691824,78.53060913085938,38106100
2025-09-11 04:00:00,78.5986233384678,78.78319051174263,78.5986233384678,78.72490692138672,34221500
2025-09-12 04:00:00,78.71518626818757,78.71518626818757,78.62776088737508,78.64718627929688,25702800
2025-09-15 04:00:00,78.76375492203032,78.88032208765138,78.7540385210811,78.87061309814453,27248800
2025-09-16 04:00:00,78.89004091102112,78.90947371351625,78.78318273162567,78.81232452392578,33075600
2025-09-17 04:00:00,78.87062676109863,78.91919395137337,78.59862677894043,78.73462677001953,35955700
2025-09-18 04:00:00,78.82202919976109,78.94831275142336,78.75402922402886,78.90946197509766,43250000
2025-09-19 04:00:00,78.92890511900814,78.96776331551682,78.83176333345799,78.9386215209961,32042900
2025-09-22 04:00:00,78.87062650717472,79.00662649781597,78.86091010457359,78.99691009521484,26670200
2025-09-23 04:00:00,79.01633050257031,79.03576330654624,78.88033052051148,78.9386215209961,37088500
2025-09-24 04:00:00,78.92890600783548,78.92890600783548,78.80262242634251,78.8317642211914,28124300
2025-09-25 04:00:00,78.6860385282547,78.69575492920278,78.57918035215279,78.60832214355469,33509900
2025-09-26 04:00:00,78.72491285681416,78.792912854504,78.64719645618466,78.7637710571289,31046800
2025-09-29 04:00:00,78.84148904811711,78.91919803887023,78.81233983871014,78.89977264404297,28558500
2025-09-30 04:00:00,78.85118029624611,78.89003848860058,78.78318031248637,78.87061309814453,54970300
2025-10-01 04:00:00,78.87159432807289,79.05703914842536,78.84231513462501,79.01799774169922,58042600
2025-10-02 04:00:00,78.99847833846712,79.02775753101695,78.90087110145211,78.98871612548828,33348900
2025-10-03 04:00:00,78.97895408808638,78.99847851408747,78.88135429724112,78.90087127685547,35109200
2025-10-06 04:00:00,78.94967408977705,78.96919851557888,78.89111570514483,78.92039489746094,29485100
2025-10-07 04:00:00,78.94968190546855,78.94968190546855,78.82280291074271,78.83255767822266,27672300
2025-10-08 04:00:00,78.88135159677432,78.90086857572054,78.70566900071256,78.7154312133789,34932200
2025-10-09 04:00:00,78.70566790604559,78.71543011857617,78.38358191001431,78.4909439086914,65586700
2025-10-10 04:00:00,78.53975742867887,78.55927440981469,78.0322265625,78.0322265625,83840400
2025-10-13 04:00:00,78.30550896730325,78.52022552490234,78.2469431366975,78.52022552490234,31926800
2025-10-14 04:00:00,78.25670517622517,78.7056701624798,78.18838457932524,78.60807037353516,63860100
2025-10-15 04:00:00,78.78374885940491,78.89111085555533,78.66662465095368,78.86183166503906,59802200
2025-10-16 04:00:00,78.86182569212636,78.88134266886361,78.52997751650813,78.57878112792969,75725200
2025-10-17 04:00:00,78.51047005564777,78.79351465415093,78.50070784290311,78.78375244140625,70044200
2025-10-20 04:00:00,78.83254888726572,78.969197527008,78.83254888726572,78.93991088867188,43762300
2025-10-21 04:00:00,78.93991645867928,78.9984822930974,78.82279968261719,78.82279968261719,45418100
2025-10-22 04:00:00,78.82278036663224,78.87157652923797,78.66661477496932,78.74469757080078,50698600
2025-10-23 04:00:00,78.76422927659281,78.92039489746094,78.76422927659281,78.92039489746094,37962400
2025-10-24 04:00:00,79.08631296046485,79.14487134337601,79.02775457755368,79.13511657714844,39905600
2025-10-27 04:00:00,79.22295263868588,79.37911825198212,79.18391123536183,79.33031463623047,36495000
2025-10-28 04:00:00,79.33031822277592,79.33031822277592,79.22295622037747,79.25223541259766,31591400
2025-10-29 04:00:00,79.25222766045434,79.28151429619646,78.95942832050629,79.00822448730469,51827100
2025-10-30 04:00:00,78.85206945273825,78.99847285170574,78.82279026222199,78.86183166503906,39967300
2025-10-31 04:00:00,78.94966923658785,79.01798982992119,78.81302804992117,78.86183166503906,45044600
2025-11-03 05:00:00,78.86182477055874,78.87163677106537,78.60676514793087,78.6165771484375,54615100
2025-11-04 05:00:00,78.45962196428025,78.69505758410082,78.43999796341654,78.62638854980469,49705000
2025-11-05 05:00:00,78.66563923830455,78.75392480051595,78.64601523490354,78.70487976074219,42273700
2025-11-06 05:00:00,78.78335137401076,78.80297537692674,78.60677276958799,78.73430633544922,46629200
2025-11-07 05:00:00,78.72449746956363,78.8225950349581,78.56753537744088,78.802978515625,47233800
2025-11-10 05:00:00,78.92069048983305,79.11689309973958,78.90107397102454,79.06784057617188,51875200
2025-11-11 05:00:00,79.07764689136837,79.19536844884706,79.07764689136837,79.1561279296875,17001100
2025-11-12 05:00:00,79.15613047768687,79.16593499451956,78.9599278755734,78.9991683959961,43962900
2025-11-13 05:00:00,78.89125704248268,78.89125704248268,78.62639289110567,78.6754379272461,53631300
2025-11-14 05:00:00,78.55773027197777,78.87164696950921,78.55773027197777,78.695068359375,40853500
2025-11-17 05:00:00,78.6656328112571,78.74410636535664,78.51848273522936,78.5675277709961,42954200
2025-11-18 05:00:00,78.49885753571546,78.66563161099633,78.46942901783169,78.58715057373047,44098700
2025-11-19 05:00:00,78.61657654937284,78.77353861882882,78.56752403157698,78.62638854980469,33510100
2025-11-20 05:00:00,78.88145132299731,78.9599248764981,78.57733917236328,78.57733917236328,65471200
2025-11-21 05:00:00,78.73430692794192,78.88145701346227,78.60677336112097,78.84221649169922,62331700
2025-11-24 05:00:00,78.8912549550903,79.06783354612415,78.87163843802594,79.05802154541016,38964900
2025-11-25 05:00:00,79.03841010071532,79.36213878578026,79.00898158104835,79.33271026611328,56524800
2025-11-26 05:00:00,79.29346451795918,79.44061459095781,79.2542239995353,79.41117858886719,27454800
2025-11-28 05:00:00,79.46023619566105,79.52890523620867,79.40137915643855,79.45042419433594,29430800
2025-12-01 05:00:00,79.23852953794935,79.37650647279284,79.2188142505837,79.3075180053711,45274800
2025-12-02 05:00:00,79.37650667190078,79.4750605514392,79.31737584801354,79.45535278320312,38842600
2025-12-03 05:00:00,79.44549928253508,79.62289928262716,79.40607622482803,79.52434539794922,35019100
2025-12-04 05:00:00,79.5341925055074,79.60318097408253,79.40607321220479,79.5834732055664,34777400
2025-12-05 05:00:00,79.5637654370503,79.6426040302939,79.50462709314365,79.5834732055664,30486800
2025-12-08 05:00:00,79.55391779783005,79.5736255688246,79.32723707590227,79.3863754272461,43160800
2025-12-09 05:00:00,79.38636458294533,79.4454954070317,79.27795305933428,79.29766082763672,30558800
2025-12-10 05:00:00,79.26809731362259,79.62289730499441,79.25823966964582,79.56376647949219,53052100
2025-12-11 05:00:00,79.57362470193219,79.59333999189204,79.49478609963279,79.55391693115234,44546400
2025-12-12 05:00:00,79.52434369451362,79.54405146335529,79.36665146706318,79.40607452392578,45566100
2025-12-15 05:00:00,79.50463406477586,79.53419947973215,79.40608017519496,79.44550323486328,28983600
2025-12-16 05:00:00,79.44550079127606,79.50463161936989,79.3962200884115,79.49478149414062,27908000
2025-12-17 05:00:00,79.48492110444803,79.50462887340544,79.34694416420821,79.3962173461914,36999700
2025-12-18 05:00:00,79.61304473876953,79.63276002798055,79.5046332056481,79.61304473876953,52680500
2025-12-19 05:00:00,79.64374014192961,79.68335002020403,79.54471922364948,79.57442474365234,34413300
2025-12-22 05:00:00,79.6734433120955,79.6734433120955,79.50510700050289,79.64373779296875,37203900
2025-12-23 05:00:00,79.5843258130825,79.7031478881836,79.56451709735799,79.7031478881836,24341800
2025-12-24 05:00:00,79.72295813487715,79.8516845703125,79.68334825747897,79.8516845703125,10533500
2025-12-26 05:00:00,79.85169026352304,79.91110130645033,79.80217602454218,79.81208038330078,10922900
2025-12-29 05:00:00,79.77246621824817,79.87149469089077,79.76256941483334,79.84178161621094,22012700
2025-12-30 05:00:00,79.8516898476985,79.96061512903943,79.82198432638954,79.92100524902344,20146700
2025-12-31 05:00:00,79.93090573062692,79.96061125049499,79.84178161621094,79.84178161621094,17457100
2026-01-02 05:00:00,79.93090003601635,79.93090003601635,79.80216605267722,79.88138580322266,28403300
2026-01-05 05:00:00,79.95070940967037,80.11905328557634,79.91109953032849,80.08934020996094,38563200
2026-01-06 05:00:00,80.10914611816406,80.1487559961171,80.029926362258,80.10914611816406,31721500
2026-01-07 05:00:00,80.16855996864469,80.20816984798657,80.04973033061906,80.08934020996094,27022700
2026-01-08 05:00:00,80.04972183991882,80.15864710785252,80.01011951958947,80.14875030517578,33516900
2026-01-09 05:00:00,80.15865379302721,80.23787354991518,80.15865379302721,80.20816802978516,31849200
2026-01-12 05:00:00,80.11905340424865,80.25768420474455,80.1091490456955,80.2477798461914,23983600
2026-01-13 05:00:00,80.27748536703882,80.28738972559196,80.17846444594346,80.2477798461914,27607400
2026-01-14 05:00:00,80.20816996679086,80.25768420474455,80.1388545665429,80.2477798461914,42994000
2026-01-15 05:00:00,80.30719088788622,80.31709524643937,80.20816996679086,80.2477798461914,30412400
2026-01-16 05:00:00,80.28739018350711,80.30719134591432,80.19826606564456,80.29728698730469,52466300
2026-01-20 05:00:00,79.96061376820883,80.15865561010622,79.88139400952508,80.08934020996094,38653400
2026-01-21 05:00:00,80.18836505559462,80.36660572715812,80.16855633941442,80.32699584960938,42023500
2026-01-22 05:00:00,80.3963179331326,80.44582461807721,80.33689933446183,80.38641357421875,35231900
2026-01-23 05:00:00,80.38640400454564,80.40620516520379,80.24777321550448,80.34679412841797,38360500
2026-01-26 05:00:00,80.3963179331326,80.42602345506182,80.32700253036029,80.38641357421875,27027500
2026-01-27 05:00:00,80.38640734886948,80.42601722664504,80.34679747109391,80.37650299072266,22961500
2026-01-28 05:00:00,80.37650628813418,80.38641064668732,80.23787548763826,80.2477798461914,35559200
2026-01-29 05:00:00,80.25767797826482,80.27747913902289,80.10914283073929,80.23786926269531,38201600
2026-01-30 05:00:00,80.12894646186568,80.33689265288781,80.12894646186568,80.32699584960938,59848000
2026-02-02 05:00:00,80.27624493217836,80.41556097964171,80.24639257802981,80.3757553100586,42890700
2026-02-03 05:00:00,80.36580206478322,80.41555345298917,80.13692138414157,80.32599639892578,49372700
2026-02-04 05:00:00,80.30608994578944,80.32599657483898,80.14687487416548,80.22648620605469,42829400
2026-02-05 05:00:00,80.16677709625829,80.22648939362493,80.0573134086,80.13692474365234,75554200
2026-02-06 05:00:00,80.2762418192671,80.41555786132812,80.2264904283338,80.41555786132812,40915900
2026-02-09 05:00:00,80.36580932839706,80.5250244140625,80.36580932839706,80.5250244140625,33716900
2026-02-10 05:00:00,80.55487537319627,80.61458767242256,80.4454116821289,80.4454116821289,37886100
2026-02-11 05:00:00,80.50512097135721,80.53497332377671,80.32599926468554,80.43546295166016,27272300
2026-02-12 05:00:00,80.51507740685174,80.57478211400478,80.35585473157025,80.39566040039062,48457000
2026-02-13 05:00:00,80.43546137542619,80.54492506025574,80.42550806076315,80.45536041259766,36612400
2026-02-17 05:00:00,80.42551117637673,80.4653168444163,80.3458998402976,80.41555786132812,35682000
2026-02-18 05:00:00,80.44541007053287,80.58473370449975,80.41555771759528,80.51507568359375,33943100
2026-02-19 05:00:00,80.48521720527627,80.54492950439453,80.43546581352523,80.54492950439453,29531000
2026-02-20 05:00:00,80.53497149848327,80.60462951660156,80.47526679499747,80.60462951660156,37959800
2026-02-23 05:00:00,80.56483019460542,80.61458917953176,80.44541318607531,80.47527313232422,33666000
2026-02-24 05:00:00,80.45536352936769,80.47527015946491,80.25634278132476,80.41555786132812,54979900
2026-02-25 05:00:00,80.42551403650221,80.53497772946507,80.42551403650221,80.5250244140625,29428200
2026-02-26 05:00:00,80.49516607909518,80.54492506025574,80.36580335709417,80.45536041259766,54533600
2026-02-27 05:00:00,80.35584875028024,80.40560773064065,80.25633838171389,80.32599639892578,62450000
2026-03-02 05:00:00,80.05999755859375,80.41000366210938,80.02999877929688,80.27999877929688,74327000
2026-03-03 05:00:00,79.94000244140625,80.30999755859375,79.83999633789062,80.12000274658203,118126800
2026-03-04 05:00:00,80.2300033569336,80.44999694824219,80.19999694824219,80.4000015258789,58694100
2026-03-05 05:00:00,80.2699966430664,80.30999755859375,80.0199966430664,80.08000183105469,79841000
2026-03-06 05:00:00,79.75,80.0,79.6500015258789,79.69000244140625,82125600
2026-03-09 04:00:00,79.58999633789062,80.18000030517578,79.54000091552734,80.16999816894531,88695000
2026-03-10 04:00:00,80.05000305175781,80.37999725341797,80.02999877929688,80.04000091552734,67499600
2026-03-11 04:00:00,79.98999786376953,80.04000091552734,79.80999755859375,79.86000061035156,59983500
2026-03-12 04:00:00,79.75,79.75,79.31999969482422,79.3499984741211,68674300
2026-03-13 04:00:00,79.52999877929688,79.67500305175781,79.12000274658203,79.19999694824219,65482103
