Date,open,high,low,close,volume
2011-03-14 04:00:00,99.44196368122357,99.81680473847265,98.73051040524341,99.48786163330078,234974100
2011-03-15 04:00:00,96.84097728373546,98.9370734793034,96.77213034823178,98.3480224609375,359585400
2011-03-16 04:00:00,98.0343832817295,98.35569236732529,95.83884512538496,96.52734375,468670300
2011-03-17 04:00:00,97.91961369066073,98.21796204670736,97.23111523960551,97.80486297607422,254303700
2011-03-18 04:00:00,98.99038788047224,99.02112725871595,97.9685263029863,98.16060638427734,230435400
2011-03-21 04:00:00,99.38222509015114,99.88930752510036,99.26697002303473,99.68186950683594,153992600
2011-03-22 04:00:00,99.6665426852393,99.79715577190413,99.24396403800534,99.3361587524414,129538600
2011-03-23 04:00:00,99.0595476364875,99.88165612579286,98.59088342782184,99.62042999267578,148603100
2011-03-24 04:00:00,100.18896757684927,100.71911048686256,99.62809701165807,100.57312774658203,159129800
2011-03-25 04:00:00,100.83438817974677,101.31842213006004,100.56547131118558,100.88048553466797,155642800
2011-03-28 04:00:00,101.09558702084318,101.35681311056555,100.6038624951621,100.63459014892578,109762400
2011-03-29 04:00:00,100.55008098007677,101.34145000683452,100.21970885519107,101.31072235107422,129798800
2011-03-30 04:00:00,101.84087152793956,102.30954744163621,101.69488877592337,102.00990295410156,135835000
2011-03-31 04:00:00,101.87929562700769,102.15589145596473,101.7640405261525,101.8716049194336,132537100
2011-04-01 04:00:00,102.50162015829305,102.77821595175746,102.05599295084274,102.30184936523438,153850100
2011-04-04 04:00:00,102.51699613154713,102.70139726745992,102.09442924599554,102.38638305664062,100768900
2011-04-05 04:00:00,102.18661633388942,102.82432369228349,102.14051898425791,102.37101745605469,120791500
2011-04-06 04:00:00,102.86275704163438,102.95495175432687,102.27882593153932,102.6937255859375,120411600
2011-04-07 04:00:00,102.50932013332562,102.93957773934865,101.92540077138587,102.4324951171875,170731500
2011-04-08 04:00:00,102.88578691628,102.94725395472153,101.656469594727,102.07904815673828,147945400
2011-04-11 04:00:00,102.18658574417235,102.53232748654953,101.52582990876084,101.77169799804688,121385400
2011-04-12 04:00:00,101.20317325716908,101.40293235888016,100.642302596628,101.01109313964844,161187400
2011-04-13 04:00:00,101.47976526124427,101.55659027116594,100.61925011882849,101.00341033935547,162059000
2011-04-14 04:00:00,100.41944437686008,101.23386188535447,100.0890723294516,101.0802001953125,161220400
2011-04-15 04:00:00,101.26464622405703,101.70258282132396,100.96500169214578,101.44903564453125,170006700
2011-04-18 04:00:00,100.33494594912155,101.44132906556841,99.50515861178641,100.31189727783203,210759300
2011-04-19 04:00:00,100.46557449792353,100.91889245839319,100.2197180583495,100.88815307617188,124258800
2011-04-20 04:00:00,102.09439634517017,102.48623544361607,102.02523861421447,102.263427734375,156133800
2011-04-21 04:00:00,102.79356002439175,102.83197838122115,102.26342890523748,102.78588104248047,135935400
2011-04-25 04:00:00,102.7090723862381,102.84737616387758,102.34028185193232,102.6783447265625,65757100
2011-04-26 04:00:00,102.99336288347571,103.7693623492326,102.88579848501793,103.5619125366211,146600000
2011-04-27 04:00:00,103.76168216793434,104.39169885916488,103.33910356328214,104.238037109375,143031000
2011-04-28 04:00:00,104.05357085522013,104.71432651706957,104.0382128964007,104.57603454589844,124791100
2011-04-29 04:00:00,104.61450712612965,104.92952129973324,104.47620335962421,104.82194519042969,115094100
2011-05-02 04:00:00,105.31368341721722,105.39818740697471,104.45315659255166,104.66060638427734,126278700
2011-05-03 04:00:00,104.4608713445627,104.63758179556187,103.7540060932827,104.28414916992188,138375000
2011-05-04 04:00:00,104.23804543140918,104.2841427876624,103.13166198676781,103.59265899658203,182678500
2011-05-05 04:00:00,103.0164002207145,103.684835214437,102.20198247580227,102.65528869628906,226900000
2011-05-06 04:00:00,103.67718114074792,104.20732421775206,102.70908970495194,103.1086196899414,222787200
2011-05-09 04:00:00,103.10090883137508,103.80776214097897,102.93955640074336,103.50811767578125,114104500
2011-05-10 04:00:00,103.85390151909502,104.57612481050542,103.72328841459525,104.3917236328125,114806900
2011-05-11 04:00:00,104.23802240352492,104.25339209342758,102.81663676394685,103.2929916381836,193564200
2011-05-12 04:00:00,103.01637825328481,103.99982721368936,102.4862354167031,103.78469848632812,171550700
2011-05-13 04:00:00,103.83846973607854,103.98445244901048,102.6168434388625,102.98563385009766,157444900
2011-05-16 04:00:00,102.6168629706906,103.42360167427414,102.16355678272089,102.33258819580078,141675400
2011-05-17 04:00:00,101.94844730283776,102.45554163796638,101.51049899787027,102.3172378540039,192686200
2011-05-18 04:00:00,102.3710217066782,103.3391012600539,102.14820220935506,103.23153686523438,135217900
2011-05-19 04:00:00,103.56959289524518,103.74630330570207,102.90883687827703,103.47738647460938,119489500
2011-05-20 04:00:00,103.20848031993488,103.4773854246601,102.46320859706867,102.65528869628906,182594900
2011-05-23 04:00:00,101.40292657478538,101.97148791072574,101.1032820774907,101.46439361572266,168700000
2011-05-24 04:00:00,101.75637937557306,101.97918718511802,101.18781792650691,101.37989807128906,147199600
2011-05-25 04:00:00,100.972654382012,102.14050454333278,100.94192672781512,101.71792602539062,151050100
2011-05-26 04:00:00,101.44134325128664,102.37101610997495,101.24926314792154,102.18661499023438,164850000
2011-05-27 04:00:00,102.47091154037976,102.85507182864528,102.15590901396966,102.57847595214844,120921900
2011-05-31 04:00:00,103.54652678794129,103.66177013978498,102.83198283559936,103.64640045166016,164731200
2011-06-01 04:00:00,103.3467627113432,103.66177685831535,101.23388181726398,101.31839752197266,233094300
2011-06-02 04:00:00,101.38755279998331,101.60268154790349,100.6192324935148,101.21083068847656,200466800
2011-06-03 04:00:00,99.99690352498374,100.97267379517369,99.94312718889068,100.20435333251953,234690200
2011-06-06 04:00:00,99.95080467536039,100.15825447978779,99.01345278707625,99.1440658569336,179951200
2011-06-07 04:00:00,99.65117606418094,99.93546264852627,98.99811061072076,99.08262634277344,161660500
2011-06-08 04:00:00,98.92891253734142,99.25929634570056,98.48328537934351,98.66768646240234,198696400
2011-06-09 04:00:00,98.93664319746756,99.8278861497445,98.69846569627107,99.4206771850586,160964400
2011-06-10 04:00:00,98.9980725303188,99.05952783577095,97.7764402398994,98.03766632080078,238629400
2011-06-13 04:00:00,98.26048468886466,98.52940148876802,97.61509843746177,98.114501953125,207599800
2011-06-14 04:00:00,99.01343076012895,99.7049260465074,98.97502412502772,99.35918426513672,160570400
2011-06-15 04:00:00,98.52939086990921,99.34380844085513,97.33080732076411,97.59203338623047,300958000
2011-06-16 04:00:00,97.62278120861004,98.32195553658191,97.05422579433579,97.80718231201172,308032800
2011-06-17 04:00:00,98.77850120166481,98.786224144081,97.7670137076677,98.09902954101562,233284900
2011-06-20 04:00:00,97.76704905386185,98.80942280349912,97.7361631639098,98.60094451904297,159479000
2011-06-21 04:00:00,99.1105377845801,100.14518843155896,98.63953834352846,99.95215606689453,193157300
2011-06-22 04:00:00,99.64328931029434,100.23010334150761,99.28810464550854,99.3498764038086,176703000
2011-06-23 04:00:00,98.18400458351364,99.32675311380152,97.43503791509015,99.0642318725586,334286500
2011-06-24 04:00:00,99.04104862583605,99.11825450238429,97.7670338451851,97.91373443603516,226129300
2011-06-27 04:00:00,97.97549381199114,99.16456783990326,97.78246147239925,98.7862319946289,168904700
2011-06-28 04:00:00,99.180025859634,100.09114474048859,99.04104821336965,100.07569885253906,165556300
2011-06-29 04:00:00,100.53124393604955,101.09489509025562,100.09113631151479,100.93275451660156,244295500
2011-06-30 04:00:00,101.25707262430616,102.0600822033275,100.92506256023611,101.89794158935547,223322700
2011-07-01 04:00:00,101.9905813337951,103.54256914639446,101.75122307738214,103.40357971191406,202385700
2011-07-05 04:00:00,103.29548634890936,103.52712756149903,102.99435630707124,103.31864929199219,165936000
2011-07-06 04:00:00,103.07155800517316,103.57343740323738,102.77814506256104,103.44217681884766,143331600
2011-07-07 04:00:00,104.3610488347434,104.77799367180793,104.14485347007827,104.51547241210938,170464200
2011-07-08 04:00:00,103.33410034651361,104.51545762983406,102.99436145530159,103.77420806884766,194100500
2011-07-11 04:00:00,102.50020171906208,102.83221178313211,101.65858330469803,101.89794158935547,195918600
2011-07-12 04:00:00,101.68173359630741,102.52335190594074,101.42692945286815,101.45780944824219,214675700
2011-07-13 04:00:00,101.99060168559434,102.86311195208638,101.55049391573355,101.79756927490234,204062600
2011-07-14 04:00:00,102.05236218999471,102.52336169128958,100.90188490800904,101.09491729736328,226111800
2011-07-15 04:00:00,101.6585844913999,101.82072510726466,100.97138962862239,101.68174743652344,220012800
2011-07-18 04:00:00,101.21072586690552,101.36514939467482,100.09114056337815,100.84782409667969,196872100
2011-07-19 04:00:00,101.41151191734741,102.60831530807442,101.38834896890066,102.48477172851562,166554900
2011-07-20 04:00:00,102.74728604485394,102.80904604160737,102.24539476257624,102.42298126220703,137145400
2011-07-21 04:00:00,103.00205895078719,104.09849308486896,102.43840777835798,103.84368896484375,245246300
2011-07-22 04:00:00,103.86688974064712,104.02131332310154,103.28006363285054,103.91321563720703,126019400
2011-07-25 04:00:00,102.9248862964062,103.8437224792278,102.81678861500151,103.33411407470703,136653800
2011-07-26 04:00:00,103.26461214274721,103.43448158938784,102.71639496826842,102.94803619384766,131278200
2011-07-27 04:00:00,102.37663309675301,102.4075248701698,100.708830785032,100.84010314941406,249020100
2011-07-28 04:00:00,100.84009718644825,101.7434871064372,100.38453191868591,100.54668426513672,207939900
2011-07-29 04:00:00,99.53523455344495,100.8015266896552,98.80943080797749,99.85952758789062,307038400
2011-08-01 04:00:00,101.02542999803988,101.11809355793443,98.469683009284,99.43484497070312,325790900
2011-08-02 04:00:00,98.68587926075594,99.21865055347916,96.89453887939453,96.89453887939453,346653800
2011-08-03 04:00:00,97.02575875205788,97.52763802273006,95.38111977483662,97.41954040527344,370830800
2011-08-04 04:00:00,96.06836407820795,96.22279353379774,92.70187852780865,92.85630798339844,520721800
2011-08-05 04:00:00,94.0144857878923,94.25384403818278,90.2310502118977,92.7173080444336,655619200
2011-08-08 04:00:00,90.26966364578928,92.74819866060386,86.4939449304744,86.67926025390625,702263900
2011-08-09 04:00:00,88.07681336354582,90.83331549092522,85.14271885608557,90.70977783203125,717828700
2011-08-10 04:00:00,88.99564867529745,89.78321818088388,86.43989599992057,86.70242309570312,662607400
2011-08-11 04:00:00,87.45138178758314,91.82163134291858,86.72557823086237,90.59394836425781,487979700
2011-08-12 04:00:00,91.42012902155774,92.04555199756676,90.55534190772778,91.20393371582031,313731600
2011-08-15 04:00:00,92.0301091292428,93.22690621748889,91.88340265169208,93.1342544555664,258810600
2011-08-16 04:00:00,92.24632221923176,93.18832125298864,91.35064907537071,92.33897399902344,294095200
2011-08-17 04:00:00,92.8485857950834,93.58210656975227,91.6672284318741,92.40074920654297,238201100
2011-08-18 04:00:00,89.9530934825677,92.43162865616877,87.55177008656943,88.41655731201172,512956300
2011-08-19 04:00:00,87.21972977443586,89.474346039498,86.86455098398464,86.97264862060547,428281300
2011-08-22 04:00:00,88.92616757378683,88.97249935712604,86.79509404839187,87.04217529296875,275090600
2011-08-23 04:00:00,87.3664543989285,90.00713588405637,86.92634081807385,89.9067611694336,331136600
2011-08-24 04:00:00,89.71374821043167,91.29661049883883,89.50526990071207,91.1730728149414,246869700
2011-08-25 04:00:00,91.67496258621952,92.19228807543261,89.46667115576844,89.78324127197266,312365400
2011-08-26 04:00:00,89.3276726433081,91.50507781469332,87.90695115844788,91.08812713623047,314495900
2011-08-29 04:00:00,92.31581466947182,93.7596991668788,91.15762024966727,93.70565032958984,190977200
2011-08-30 04:00:00,93.29638142098511,94.53178707895499,92.08413869865235,93.95269012451172,241315700
2011-08-31 04:00:00,94.55499176981964,95.36573022041165,93.6593244813468,94.36968231201172,301828400
2011-09-01 04:00:00,94.42372906274161,95.28079338612577,93.25781172258169,93.38135528564453,254585900
2011-09-02 04:00:00,91.43556642387203,93.32728707714966,90.67115993145639,90.99545288085938,255517200
2011-09-06 04:00:00,88.32388554678619,90.46268737937969,88.31616260299428,90.3314208984375,285130500
2011-09-07 04:00:00,91.69810594058622,92.91806613832307,91.38925294600337,92.87946319580078,209803200
2011-09-08 04:00:00,92.3235190520111,93.38133853012596,91.70581312929521,91.91429138183594,250568200
2011-09-09 04:00:00,90.8642140650846,91.92975082170103,89.01110179589301,89.50526428222656,380195100
2011-09-12 04:00:00,88.38566798129344,90.15384530669083,88.06137499346006,90.0843505859375,305793500
2011-09-13 04:00:00,90.37777988465567,91.25028428770567,89.73691084719181,90.9105453491211,272514700
2011-09-14 04:00:00,91.37382228047895,93.27326645182978,90.1229759857868,92.16912078857422,319389500
2011-09-15 04:00:00,93.15743681886477,93.79058285115627,92.19227482507395,93.75969696044922,326777200
2011-09-16 04:00:00,94.13610808625772,94.66387279681533,93.38326663958722,94.31461334228516,284528300
2011-09-19 04:00:00,92.7701048526478,93.85667968470702,92.14144627983313,93.37548065185547,241517000
2011-09-20 04:00:00,93.77132762827003,94.67939154071637,93.14266890755454,93.266845703125,218932200
2011-09-21 04:00:00,93.31339166848313,93.60055376048645,90.37188098080073,90.51934051513672,316251300
2011-09-22 04:00:00,87.89607943020334,88.64115806845263,86.38263937147178,87.59339141845703,513911300
2011-09-23 04:00:00,87.01128171943537,88.6023386464811,86.9414274645903,88.12113952636719,307242500
2011-09-26 04:00:00,88.9515794532035,90.34084223839588,87.68649936050853,90.21665954589844,260673700
2011-09-27 04:00:00,91.99401603197721,92.79342314571544,90.68236401738221,91.22565460205078,311753900
2011-09-28 04:00:00,91.4118974916514,91.96294490378968,89.23099061917559,89.36293029785156,286696800
2011-09-29 04:00:00,90.84533035558057,91.29547784366598,88.42382097639472,90.06920623779297,298108900
2011-09-30 04:00:00,88.8274010778128,89.60352517957213,87.75635194907343,87.81844329833984,288392300
2011-10-03 04:00:00,87.30620424336665,88.43934479528014,85.22619127813108,85.31932830810547,365136800
2011-10-04 04:00:00,84.09305495269845,87.37606288767019,83.37902211774664,87.18978881835938,459177500
2011-10-05 04:00:00,87.40710302173132,89.03696253599556,86.5999332033222,88.80412292480469,284108000
2011-10-06 04:00:00,88.7575631673375,90.54265117942155,88.09785878769172,90.41070556640625,257800800
2011-10-07 04:00:00,90.93846123839118,91.00055258878855,89.30083888014236,89.8053207397461,312657900
2011-10-10 04:00:00,91.33428483151319,92.84772446636592,91.32652193249018,92.80892181396484,230666300
2011-10-11 04:00:00,92.25788289680546,93.16594676124528,92.1647458640331,92.90206146240234,209088000
2011-10-12 04:00:00,93.60060590702759,94.79583825043154,93.39105491446018,93.71702575683594,281544900
2011-10-13 04:00:00,93.16593667189153,93.81012108908435,92.45190392870177,93.53071594238281,212538800
2011-10-14 04:00:00,94.61732338046166,95.15284516126565,94.0895585798637,95.12956237792969,211397600
2011-10-17 04:00:00,94.67936663794302,95.114000111516,93.08055306684047,93.31339263916016,202311600
2011-10-18 04:00:00,93.2435537859246,95.8513313722715,92.51399519886408,95.13729858398438,318857900
2011-10-19 04:00:00,94.98206460350184,95.5253550227536,93.68593878612639,94.01190948486328,226601300
2011-10-20 04:00:00,94.24473716635855,94.76473882307847,92.9951770578275,94.42324829101562,262075600
2011-10-21 04:00:00,95.5331247743715,96.3325376729616,95.24596261052554,96.21611785888672,278999400
2011-10-24 04:00:00,96.37136714478284,97.63645373031683,96.28599298546364,97.3958511352539,203215600
2011-10-25 04:00:00,96.93014847525784,96.97671403127566,95.29252597991164,95.50208282470703,268596800
2011-10-26 04:00:00,96.51101639157007,96.83698704428339,94.85011153667139,96.47221374511719,289053800
2011-10-27 04:00:00,99.0567327076259,100.44599578097481,98.26508860350287,99.8328628540039,393220200
2011-10-28 04:00:00,99.34386071075579,100.00357077287258,99.18863829693744,99.80953979492188,225906500
2011-10-31 04:00:00,98.69195635875212,99.8250910616387,97.26388474810818,97.4035873413086,228146700
2011-11-01 04:00:00,94.71044708815114,95.85911365399008,94.3146220383971,94.68716430664062,416565800
2011-11-02 04:00:00,96.10746687640955,96.54985746011172,95.30029694939262,96.23164367675781,244717600
2011-11-03 04:00:00,97.22509045025177,98.1797259642346,95.92896426378675,97.9856948852539,291174800
2011-11-04 04:00:00,97.19402287059572,97.55879622073674,96.24715052875601,97.38805389404297,249401600
2011-11-07 05:00:00,97.31820098871087,98.0943250932042,96.39461140952956,97.9934310913086,196617200
2011-11-08 05:00:00,98.50569197230622,99.35943341545006,97.56658230620634,99.25077056884766,224426300
2011-11-09 05:00:00,96.93015498604105,97.63643088032563,95.35462374046215,95.58746337890625,337982000
2011-11-10 05:00:00,96.85252646421868,96.96894626266628,95.47878350097962,96.48774719238281,231866500
2011-11-11 05:00:00,97.65969437685635,98.55999523026809,97.6286487031033,98.30387878417969,189924400
2011-11-14 05:00:00,97.93910894370536,98.91702111492332,96.95342795160555,97.3725357055664,159258300
2011-11-15 05:00:00,97.14744589109226,98.37372331088608,96.79819243722937,97.85372161865234,184709400
2011-11-16 05:00:00,96.86807347421139,98.0555427240109,96.16180342948297,96.30150604248047,235782500
2011-11-17 05:00:00,96.12295314332803,96.36355560215982,94.08951211799136,94.77249908447266,331219600
2011-11-18 05:00:00,95.0751898451373,95.26922084482126,94.2757830738564,94.6716079711914,215580400
2011-11-21 05:00:00,93.29011161713295,93.4065314128673,92.08712285149613,92.87100982666016,229611600
2011-11-22 05:00:00,92.66921092265329,93.21249537837258,91.98621798248452,92.5062255859375,216494900
2011-11-23 05:00:00,91.63697595178917,92.50623711059117,90.46502685546875,90.46502685546875,224329100
2011-11-25 05:00:00,90.32534194653924,91.34982576350224,90.18563933870982,90.29429626464844,99557000
2011-11-28 05:00:00,92.77791896610283,93.27463814843843,92.21910840563534,92.90985870361328,210686000
2011-11-29 05:00:00,93.17369842529297,93.91101393475034,92.83220193433242,93.17369842529297,199241500
2011-11-30 05:00:00,95.84362559515183,97.18632376414213,93.1349523878528,97.0078125,324439500
2011-12-01 05:00:00,96.8991038713363,97.51224269158227,96.5731331328838,96.99224090576172,176954800
2011-12-02 05:00:00,97.88478612988011,98.17971119387254,96.8447766238983,96.90686798095703,221109700
2011-12-05 05:00:00,98.44360324888432,98.70748858966675,97.35703396730514,97.96240997314453,225263900
2011-12-06 05:00:00,97.95462251754113,98.65313539585652,97.60536903906193,97.9934310913086,178842100
2011-12-07 05:00:00,97.66745939652091,98.7695601807564,96.99223518120124,98.35821533203125,237802500
2011-12-08 05:00:00,97.71402228214833,97.93133607585442,95.96774311240868,96.20057678222656,240862800
2011-12-09 05:00:00,96.63520498542469,98.07879616019375,96.54983086810508,97.83043670654297,209111400
2011-12-12 05:00:00,96.97675049576519,96.99227630118075,95.58749290042246,96.40242004394531,215826100
2011-12-13 05:00:00,96.90686569724893,97.45791315510435,95.03640357909842,95.50208282470703,245159800
2011-12-14 05:00:00,95.12178080403724,95.48656012831863,94.27580826164659,94.48535919189453,238618800
2011-12-15 05:00:00,95.48654756583444,95.61848724238618,94.6793777871274,94.82684326171875,199109200
2011-12-16 05:00:00,95.46731296880856,96.02966142360057,94.74093951092657,94.96743774414062,220481400
2011-12-19 05:00:00,95.33454487419868,95.53761865610625,93.74902124983072,93.95209503173828,183903000
2011-12-20 05:00:00,95.42827343605904,96.9591240507284,94.01458100269303,96.79510498046875,225418100
2011-12-21 05:00:00,96.7950792216691,97.13092940727661,95.87344424434463,96.98252868652344,194230900
2011-12-22 05:00:00,97.3418207922957,97.943229919721,97.0294069669915,97.84169006347656,119465400
2011-12-23 05:00:00,98.15412195127821,98.74771901859505,97.95105413157212,98.71647644042969,92187200
2011-12-27 05:00:00,98.54460583879462,99.05228710289818,98.45869027291971,98.79454040527344,86075700
2011-12-28 05:00:00,98.81017445108421,98.82579275601238,97.41991291495961,97.49801635742188,119107100
2011-12-29 05:00:00,97.81825999710699,98.60711861451844,97.52146447836658,98.50558471679688,123507200
2011-12-30 05:00:00,98.4274733287683,98.66960178603941,98.02133178710938,98.02133178710938,95599000
2012-01-03 05:00:00,99.78652411985905,100.27077519994448,99.52877728889843,99.58345031738281,193697900
2012-01-04 05:00:00,99.3491008190248,99.82553960512118,98.9663897471955,99.7396240234375,127186500
2012-01-05 05:00:00,99.20072457869132,100.15359636991735,98.74771614683665,100.00519561767578,173895000
2012-01-06 05:00:00,100.13014759667651,100.14577186190084,99.41939846066121,99.7474365234375,148050000
2012-01-09 05:00:00,99.97397686437735,100.11455954878603,99.51316217504653,99.9896011352539,99530200
2012-01-10 05:00:00,101.05960466181082,101.26267245838726,100.71594230004791,100.85653686523438,115282000
2012-01-11 05:00:00,100.54411628459596,101.04398558616168,100.38010318757983,100.91120910644531,111540700
2012-01-12 05:00:00,101.2001854770148,101.3017134025967,100.39569673883486,101.15331268310547,118983700
2012-01-13 05:00:00,100.47382085522636,100.79405277913975,99.75525950842659,100.6300277709961,179836200
2012-01-17 05:00:00,101.59850160934134,101.7859570070984,100.676860800978,101.02052307128906,132209200
2012-01-18 05:00:00,100.99714070383705,102.19214112845097,100.8175033107962,102.1374740600586,163395200
2012-01-19 05:00:00,102.48891328016121,102.76228429720919,102.16087521039726,102.6763687133789,126328900
2012-01-20 05:00:00,102.50454569701208,103.05908203125,102.25460509951287,103.05908203125,138230200
2012-01-23 05:00:00,102.71541628220155,103.29339495649548,102.30146260933672,102.79352569580078,129295800
2012-01-24 05:00:00,102.16087521039726,102.70760532667052,102.00466830829386,102.6763687133789,103083300
2012-01-25 05:00:00,102.52015206958436,103.77763732261603,102.12182267309218,103.53551483154297,198613200
2012-01-26 05:00:00,103.9963302021542,104.19159181493919,102.59826229845585,103.00440979003906,184880500
2012-01-27 05:00:00,102.50455686366773,103.13720268299932,102.43425361432259,102.95756530761719,135259100
2012-01-30 05:00:00,101.93436344838855,102.66074281244109,101.5828949447991,102.60606384277344,147311800
2012-01-31 05:00:00,103.11377736563193,103.23873576638313,102.06716584483367,102.56704711914062,157212000
2012-02-01 05:00:00,103.3246382790797,103.98853258430354,103.19967989416118,103.4652328491211,166234500
2012-02-02 05:00:00,103.66827375437748,103.89478385905484,103.26213825257832,103.62921905517578,113090400
2012-02-03 05:00:00,104.66022562911887,105.1444706205651,104.48058828032804,105.08198547363281,160598500
2012-02-06 05:00:00,104.64460306625347,105.0585567433226,104.52745086248801,105.0116958618164,107694500
2012-02-07 05:00:00,104.79300718232105,105.45690147259724,104.37905349190255,105.27725219726562,135528100
2012-02-08 05:00:00,105.33192913388986,105.61310634437548,104.90235118483912,105.58967590332031,139361400
2012-02-09 05:00:00,105.7615202276905,105.9021028914941,105.09762586775123,105.72246551513672,148602900
2012-02-10 05:00:00,104.78519171845419,105.02731420446209,104.53525114075396,104.94139862060547,167907500
2012-02-13 05:00:00,105.6912288957887,105.8474358281788,105.23822044937985,105.72246551513672,115841900
2012-02-14 05:00:00,105.44127516475518,105.65216105207529,104.85549030272877,105.58967590332031,165329500
2012-02-15 05:00:00,105.93335129226163,106.08955822445061,104.88673981916301,105.09762573242188,195195100
2012-02-16 05:00:00,105.10543752633151,106.35510482677198,104.91798206824451,106.26138305664062,186567800
2012-02-17 05:00:00,106.62846471953671,106.71438030577264,106.1910806142713,106.54254913330078,129869400
2012-02-21 05:00:00,106.79250723469833,107.04244788820999,106.26140122272554,106.58943939208984,134042300
2012-02-22 05:00:00,106.42539542076221,106.65190558745067,106.05830259984579,106.24575805664062,124455300
2012-02-23 05:00:00,106.19110145093474,106.79249875476846,105.83181476949771,106.71440124511719,137704300
2012-02-24 05:00:00,106.94867706298828,107.15956292646325,106.71437267892965,106.94867706298828,105539100
2012-02-27 05:00:00,106.2379718321985,107.41734801838562,106.0661406106578,107.12836456298828,145728900
2012-02-28 05:00:00,107.15956530773498,107.56571277883224,106.94867943957377,107.44074249267578,129355900
2012-02-29 05:00:00,107.59693330568281,107.93278940978986,106.64405587238463,107.01896667480469,185934700
2012-03-01 05:00:00,107.24550160772156,107.77661946757807,106.94870010021866,107.57353973388672,145023500
2012-03-02 05:00:00,107.5032683891336,107.64386299381317,107.00339897283489,107.24552154541016,120638300
2012-03-05 05:00:00,107.0814535553964,107.15955103547577,106.44098986251284,106.8080825805664,140765000
2012-03-06 05:00:00,105.71464246685802,105.77711569558284,104.94140218587849,105.24600982666016,202129900
2012-03-07 05:00:00,105.48811582950859,106.15200997969576,105.38657599251445,105.98017883300781,143692200
2012-03-08 05:00:00,106.62841813200244,107.2532574027328,106.40972617491948,107.03455352783203,116968900
2012-03-09 05:00:00,107.2377224364328,107.72977379067342,107.10494591748993,107.4486083984375,122836800
2012-03-12 04:00:00,107.43295993678196,107.5969730453239,107.07367326455304,107.45639038085938,104003500
2012-03-13 04:00:00,108.03435075614291,109.448042924728,107.8547014916913,109.39336395263672,184090500
2012-03-14 04:00:00,109.42460005641527,109.69795913235502,108.94034320797563,109.27619934082031,145163600
2012-03-15 04:00:00,109.4402418016171,109.95573539916393,109.1590645591211,109.90887451171875,165118500
2012-03-16 04:00:00,110.10815482335353,110.20228734603715,109.82574528524636,110.06108856201172,152893500
2012-03-19 04:00:00,109.99043286173152,110.82980868941692,109.91198115295336,110.49249267578125,125291100
2012-03-20 04:00:00,109.86491016221542,110.30421098424557,109.54327492821133,110.17085266113281,121729700
2012-03-21 04:00:00,110.23363157065458,110.33560444203896,109.76294519331259,109.99044799804688,122388400
2012-03-22 04:00:00,109.18241975185678,109.47268150144981,108.83726335161288,109.19811248779297,135216700
2012-03-23 04:00:00,109.29231353677717,109.67669599091131,108.6882685759223,109.55117797851562,120521000
2012-03-26 04:00:00,110.33564900329776,111.0887451171875,110.29643509772511,111.0887451171875,120164000
2012-03-27 04:00:00,111.19069118280139,111.26129055225367,110.67293853337976,110.74353790283203,119868500
2012-03-28 04:00:00,110.68863942350607,110.86122365268942,109.5433088089306,110.19441986083984,148562100
2012-03-29 04:00:00,109.54332277957342,110.21012665646403,109.1118621515886,110.00615692138672,164963700
2012-03-30 04:00:00,110.54741270757366,110.64939754734809,109.8649282445949,110.46112060546875,135486800
2012-04-02 04:00:00,110.32774339557506,111.55936573592847,110.1080929859661,111.26910400390625,151741100
2012-04-03 04:00:00,111.11224251466868,111.30051947510509,110.1630292979577,110.81414031982422,155806700
2012-04-04 04:00:00,109.99831373332167,110.09244624246408,109.30797674613177,109.71590423583984,146896000
2012-04-05 04:00:00,109.33936445121309,109.98262322684953,109.2452199701029,109.6609878540039,137439400
2012-04-09 04:00:00,108.28030833756159,109.70019601029959,108.13125723908803,108.42935943603516,127555900
2012-04-10 04:00:00,108.21753174346173,108.52347427526944,106.49954215329119,106.60936737060547,235360300
2012-04-11 04:00:00,107.69978850618783,107.89590583769962,107.27618033694525,107.47229766845703,154133000
2012-04-12 04:00:00,107.57430795748095,108.962810374591,107.49585621829804,108.87651824951172,154321500
2012-04-13 04:00:00,108.62546844188556,108.9000374937866,107.48013796001936,107.58212280273438,169246700
2012-04-16 04:00:00,108.1312458683793,108.28813733499172,107.14281885567463,107.51152038574219,147825300
2012-04-17 04:00:00,108.13130292426418,109.32370024578432,108.0214776426806,109.10404968261719,147877600
2012-04-18 04:00:00,108.61763254109653,109.10399971248567,108.55487355607012,108.73529815673828,123884200
2012-04-19 04:00:00,108.75098696697306,109.15890239983048,107.52721672829674,108.03711700439453,198666700
2012-04-20 04:00:00,108.51564673940359,108.9078814148283,108.15478557118983,108.21754455566406,143199600
2012-04-23 04:00:00,107.11144643206258,107.40170824921873,106.64077197487272,107.30756378173828,171844900
2012-04-24 04:00:00,107.40171688125058,107.99006897756443,107.31542476165572,107.71549987792969,137484200
2012-04-25 04:00:00,108.76670259907753,109.23738913561961,108.67257007979147,109.19032287597656,150252200
2012-04-26 04:00:00,108.95496855073407,110.07676616195948,108.89220955422698,109.95124816894531,136291600
2012-04-27 04:00:00,110.28071920489093,110.44545108987644,109.6688339776936,110.13166809082031,130725000
2012-04-30 04:00:00,109.91198603384363,109.99043774610561,109.42561893396133,109.72370910644531,115092200
2012-05-01 04:00:00,109.66097918740465,111.12794519905935,109.53547317260126,110.40623474121094,138832200
2012-05-02 04:00:00,109.7629643752954,110.18658458294466,109.40211513031673,110.0767593383789,121081000
2012-05-03 04:00:00,110.09243450971918,110.17872662392162,109.03340798456563,109.23736572265625,143759700
2012-05-04 04:00:00,108.66469439566322,109.27657951237583,107.40953868596702,107.47229766845703,193927300
2012-05-07 04:00:00,107.08789713047214,107.91159226868925,107.04868324250332,107.55074310302734,127765900
2012-05-08 04:00:00,106.90749074895632,107.29188507091557,105.8406118674471,107.11930084228516,213377700
2012-05-09 04:00:00,105.98179637931932,107.16634059195806,105.50326967645593,106.48385620117188,220752500
2012-05-10 04:00:00,107.2212470567844,107.35461735759587,106.46032292715918,106.70350646972656,150600000
2012-05-11 04:00:00,106.03672851768448,107.3703241182137,105.98966226837982,106.38189697265625,153032400
2012-05-14 04:00:00,105.36209169395177,106.3819043901881,105.04830869667323,105.2052001953125,163910000
2012-05-15 04:00:00,105.13458827912577,105.75431381436746,104.43641101889276,104.60114288330078,207629300
2012-05-16 04:00:00,105.07185729226345,105.5503842140999,104.17756245129682,104.20109558105469,207265500
2012-05-17 04:00:00,104.22457804320497,104.35009598759838,102.60072105899664,102.6556396484375,247992900
2012-05-18 04:00:00,103.05571523381354,103.23615176870521,101.62798751063437,101.77703857421875,319615900
2012-05-21 04:00:00,102.1065405163618,103.56565408687415,101.94179667466791,103.52642822265625,177861100
2012-05-22 04:00:00,103.79314025388736,104.51485063666,103.03220400867055,103.70684814453125,197531200
2012-05-23 04:00:00,102.96161000638291,103.910823258789,101.97318285954081,103.76177215576172,204958400
2012-05-24 04:00:00,104.04418812304063,104.20892000611401,103.0949748113245,103.96573638916016,167357600
2012-05-25 04:00:00,103.92649291408289,104.21675470421873,103.37736678011933,103.62840270996094,135465600
2012-05-29 04:00:00,104.45993675900013,105.06396951253915,102.89883851441415,104.883544921875,152883500
2012-05-30 04:00:00,103.9892492865546,104.87570343273752,103.14987335357436,103.3616714477539,162370400
2012-05-31 04:00:00,103.32248567308608,103.90298545664113,102.24775429180741,103.13420867919922,196186000
2012-06-01 04:00:00,101.51816896429779,103.1577068312368,100.53758239746094,100.53758239746094,253240900
2012-06-04 04:00:00,100.71801512709095,100.9925841760515,99.73742848087733,100.49052429199219,202545800
2012-06-05 04:00:00,100.29440529323468,101.40050396554385,100.23949267808494,101.25146484375,164149400
2012-06-06 04:00:00,101.9574894143657,103.57349447169646,101.92610393497012,103.52642822265625,184202800
2012-06-07 04:00:00,104.70310960965502,104.75017584848246,103.37735468911265,103.58916473388672,184772700
2012-06-08 04:00:00,103.32245287793364,104.43639780556803,102.99296525069921,104.4128646850586,143915400
2012-06-11 04:00:00,105.25223557156157,105.3149945466174,102.98511996664126,103.08710479736328,169756100
2012-06-12 04:00:00,103.38519056616931,104.34224394744923,102.8909831099707,104.27164459228516,181931800
2012-06-13 04:00:00,103.96573051394971,104.61684156418987,103.25186047416253,103.6048812866211,172223900
2012-06-14 04:00:00,103.81664811054367,105.11886981841961,103.5342387277519,104.7031021118164,230615500
2012-06-15 04:00:00,105.17467475626673,105.86857653394975,104.95388618626649,105.77395629882812,169444500
2012-06-18 04:00:00,105.33239687856464,106.23920636989568,105.09583421888972,105.97898864746094,131360900
2012-06-19 04:00:00,106.51519440344147,107.43777791489823,105.9553298629457,107.00408172607422,137382600
2012-06-20 04:00:00,107.0119684306437,107.31949624958357,105.87647739699638,106.83059692382812,206451800
2012-06-21 04:00:00,106.95673183826962,107.06712609692141,104.34668669780307,104.43342590332031,205272200
2012-06-22 04:00:00,104.97752954273132,105.43488068162729,104.57536952414566,105.23774719238281,130029200
2012-06-25 04:00:00,104.12591943262902,104.16534853992468,103.17968101790447,103.55029296875,146375700
2012-06-26 04:00:00,103.84993590751762,104.38614533848279,103.24276129706558,104.07072448730469,141634000
2012-06-27 04:00:00,104.41767843644566,105.21409350286804,104.06284051703271,105.00907897949219,108088000
2012-06-28 04:00:00,104.31519027383878,104.86717387257201,103.51877501566999,104.70945739746094,169242100
2012-06-29 04:00:00,106.60980824334469,107.45354550835073,106.33382852673634,107.31949615478516,212250900
2012-07-02 04:00:00,107.61910617540319,107.7531554981323,106.8621203491596,107.64276123046875,129524500
2012-07-03 04:00:00,107.61910471645646,108.4312936815577,107.50871045028947,108.35244750976562,80450000
2012-07-05 04:00:00,107.95027985468106,108.6599675428851,107.46927372221352,107.86354064941406,126177500
2012-07-06 04:00:00,106.82268878255242,107.0592513598239,106.33380161304451,106.83846282958984,151192100
2012-07-09 04:00:00,106.75173974265032,106.90156313195382,106.21553035104168,106.70442962646484,103780500
2012-07-10 04:00:00,107.24851111248854,107.42198956492797,105.41122534407079,105.77395629882812,167884800
2012-07-11 04:00:00,105.82914773222011,106.13667549436809,105.17466310363373,105.78971862792969,141733400
2012-07-12 04:00:00,105.17466703742487,105.84491370713762,104.55961149012434,105.27716827392578,143583200
2012-07-13 04:00:00,105.5531813807187,107.15390473628986,105.53740732880004,107.04351043701172,129642600
2012-07-16 04:00:00,106.79903073464622,107.10655846685796,106.3732157010779,106.7911376953125,97525200
2012-07-17 04:00:00,107.21695498835825,107.7452712557494,106.09723829793744,107.52448272705078,138860300
2012-07-18 04:00:00,107.27220885767096,108.53386864435497,107.20913669720827,108.32096099853516,113349700
2012-07-19 04:00:00,108.54170556696924,108.95962764473232,108.19476069703492,108.60478973388672,129847300
2012-07-20 04:00:00,107.98975249418619,108.1553499644892,107.49298414743035,107.61125946044922,142904500
2012-07-23 04:00:00,106.0341763909789,107.5402793386774,105.5373960811336,106.52306365966797,145210900
2012-07-24 04:00:00,106.60189779759071,106.6492079055411,104.89866171894352,105.60833740234375,173301200
2012-07-25 04:00:00,105.82918311583657,106.10516287399574,105.07218496941009,105.63204956054688,129122300
2012-07-26 04:00:00,107.15390622259996,107.60337646794446,106.65712585291946,107.37469482421875,156526500
2012-07-27 04:00:00,107.94241136696715,109.66142162561162,107.35101090757503,109.3538818359375,236768900
2012-07-30 04:00:00,109.2277255489761,109.87431712790011,109.03059206251206,109.3538818359375,106782000
2012-07-31 04:00:00,109.20412135341316,109.50375621057937,108.58906555175781,108.58906555175781,120575900
2012-08-01 04:00:00,109.36967332517845,109.3933283847606,108.34457662567712,108.49440002441406,138293800
2012-08-02 04:00:00,107.67434273514706,108.4786509531604,106.90946363183492,107.74530792236328,199556600
2012-08-03 04:00:00,109.25927639713933,110.11089461774966,107.7768285280686,109.8822250366211,157825000
2012-08-06 04:00:00,110.17398914591111,110.52882709651357,110.04782079793995,110.09513092041016,86326200
2012-08-07 04:00:00,110.53669603947786,111.12021556108753,110.41842074621388,110.64710235595703,109545100
2012-08-08 04:00:00,110.27647432788986,110.90729184282543,110.24492623289939,110.78113555908203,89754700
2012-08-09 04:00:00,110.62343390355774,111.0965591349391,110.513039620512,110.87577056884766,90291700
2012-08-10 04:00:00,110.42633721175487,111.0965961743291,110.24497769315936,111.05716705322266,99792700
2012-08-13 04:00:00,110.86787328569174,111.05711372480596,110.42628418625564,111.00192260742188,79426900
2012-08-14 04:00:00,111.41199017767043,111.48296739900023,110.68654016823888,111.0177230834961,102379400
2012-08-15 04:00:00,110.89943148470618,111.3331276310337,110.82846630587306,111.14387512207031,71085900
2012-08-16 04:00:00,111.30160371913033,112.09803100603824,111.02562395299836,111.96398162841797,112014200
2012-08-17 04:00:00,112.15317574536591,112.20837889499975,111.8614220460805,112.1137466430664,90813700
2012-08-20 04:00:00,111.95604564458,112.14529812208528,111.64851788867959,112.12164306640625,78255700
2012-08-21 04:00:00,112.39767911136126,112.83137540316372,111.53817957165762,111.78262329101562,105581100
2012-08-22 04:00:00,111.49871537271123,112.01126974981075,111.23850971156533,111.82991027832031,133243500
2012-08-23 04:00:00,111.55390224408283,111.5617832522749,110.74171321357625,110.91519165039062,111466400
2012-08-24 04:00:00,110.63924102281263,111.83781647704055,110.56827582651653,111.58547973632812,99481200
2012-08-27 04:00:00,111.88508441446645,112.03490779375419,111.45138832496863,111.60909271240234,68785900
2012-08-28 04:00:00,111.32523979507631,111.84567519500362,111.15965437005667,111.49871826171875,75689600
2012-08-29 04:00:00,111.59337277952416,111.88512660790461,111.27795185363364,111.58547973632812,65421300
2012-08-30 04:00:00,111.104425324261,111.13597341925148,110.54457297494477,110.78113555908203,96589900
2012-08-31 04:00:00,111.4119647402467,111.82989883416006,110.67863388791238,111.30946350097656,151970400
2012-09-04 04:00:00,111.2148512247965,111.54604615603228,110.4972942926557,111.20697021484375,120226200
2012-09-05 04:00:00,111.25425791868881,111.55390468557606,110.89153902073735,111.1123275756836,100660300
2012-09-06 04:00:00,111.78256233955338,113.37540420088429,111.77468133202845,113.36752319335938,158272500
2012-09-07 04:00:00,113.55677589590483,113.85642266323278,113.45427465871937,113.80911254882812,107272100
2012-09-10 04:00:00,113.69869246505395,113.89582591837929,113.12306615032387,113.16248321533203,86458500
2012-09-11 04:00:00,113.23348455249594,113.84064705513786,113.20193645527571,113.4779281616211,88760000
2012-09-12 04:00:00,113.85646057128906,113.98262893975797,113.47007445488225,113.85646057128906,87640900
2012-09-13 04:00:00,113.84067779626066,115.94606265147787,113.54104298419836,115.59122467041016,225470200
2012-09-14 04:00:00,115.81987180018554,116.78976520121047,115.72523954325318,116.10374450683594,169777000
2012-09-17 04:00:00,115.86719231465321,116.06432582218947,115.41772214207477,115.70948791503906,119427800
2012-09-18 04:00:00,115.51238977875076,115.76471448898327,115.32313722201778,115.6148910522461,98326600
2012-09-19 04:00:00,115.7488979099317,116.04854467331973,115.44926317861737,115.67793273925781,128318300
2012-09-20 04:00:00,115.14960459447879,115.74888602766156,114.83419584692417,115.6858139038086,154009800
2012-09-21 04:00:00,116.24785917670762,116.27164050435145,115.5898808871928,115.63744354248047,108737500
2012-09-24 04:00:00,115.06670962557429,115.72468815605066,114.97950736017849,115.46308135986328,95682000
2012-09-25 04:00:00,115.70882470935783,115.9307918796938,114.20260508630253,114.23432159423828,133165200
2012-09-26 04:00:00,114.2105445685463,114.24224898137412,113.32266375741509,113.59219360351562,146502200
2012-09-27 04:00:00,114.06782659136275,114.92399075916914,113.76658028334695,114.66238403320312,111830300
2012-09-28 04:00:00,114.22638906631481,114.5989794172215,113.72696896963653,114.13126373291016,150696100
2012-10-01 04:00:00,114.56724474389384,115.4947527885155,114.16293799110701,114.43247985839844,135911200
2012-10-02 04:00:00,114.8843575948253,115.06668516687701,114.02027030085989,114.55140686035156,113422200
2012-10-03 04:00:00,114.86056540753194,115.28864142673797,114.25808491108967,115.01911163330078,121283100
2012-10-04 04:00:00,115.4551183745195,116.01003619146401,115.2965721548641,115.84356689453125,124311600
2012-10-05 04:00:00,116.46191717218953,116.66010299049508,115.50269248921758,115.85150146484375,124842100
2012-10-08 04:00:00,115.42341186713942,115.83562961147636,115.19350957096981,115.45511627197266,78415400
2012-10-09 04:00:00,115.36794113217388,115.46306646531451,114.27395141584144,114.31359100341797,148872900
2012-10-10 04:00:00,114.29774619648958,114.40874189328426,113.43365872865706,113.58428192138672,124247500
2012-10-11 04:00:00,114.37703530204101,114.54351676536841,113.62393136937366,113.64771270751953,123601500
2012-10-12 04:00:00,113.7270085384785,114.11544518256483,113.02939026064632,113.27513885498047,124181900
2012-10-15 04:00:00,113.54462341608054,114.33736674361698,113.17996825934357,114.21846008300781,107689100
2012-10-16 04:00:00,114.7575460402771,115.4551641992102,114.67827894713852,115.37588500976562,108815500
2012-10-17 04:00:00,115.45516681750144,115.99423870607643,115.28076227381301,115.89910125732422,128834100
2012-10-18 04:00:00,115.59785461425781,116.1527726048557,115.2094059726868,115.59785461425781,148108500
2012-10-19 04:00:00,115.38380695820531,115.39173003771903,113.40194841236291,113.67147827148438,185645200
2012-10-22 04:00:00,113.48120351528509,113.89343343626315,112.79152068496481,113.68732452392578,125578600
2012-10-23 04:00:00,112.45855780535732,112.61710403592281,111.64203322645812,112.10974884033203,192056300
2012-10-24 04:00:00,112.51405078416578,112.64882778993785,111.61825908048137,111.79266357421875,120179400
2012-10-25 04:00:00,112.58544181365438,112.79155078098754,111.43596609097301,112.11771392822266,134457400
2012-10-26 04:00:00,112.01463592658845,112.44271200615381,111.29323658687503,112.05427551269531,146023500
2012-10-31 04:00:00,112.4506471811572,112.59333517557786,111.52312683220944,112.05427551269531,103438500
2012-11-01 04:00:00,112.29208801232535,113.37021942647858,112.18903960476808,113.22753143310547,100995600
2012-11-02 04:00:00,113.90137645296241,113.93309296582976,112.10185747766731,112.22076416015625,137702200
2012-11-05 05:00:00,112.05428138693095,112.70432466720798,111.72131852322106,112.45065307617188,98378500
2012-11-06 05:00:00,112.79153273798353,113.77453893265216,112.67262606360228,113.33060455322266,107068100
2012-11-07 05:00:00,112.30000876112442,112.31585491637253,110.23887152650865,110.7620849609375,264304500
2012-11-08 05:00:00,110.74626257078097,111.30911576819432,109.34310321364808,109.43030548095703,181517300
2012-11-09 05:00:00,109.09734057093479,110.54013933519,109.04185482416563,109.52542877197266,201055300
2012-11-12 05:00:00,109.86629670105476,110.04070120373932,109.36687662182484,109.61262512207031,97677500
2012-11-13 05:00:00,109.03393083300641,110.38952748027314,108.89124281556008,109.23211669921875,123018300
2012-11-14 05:00:00,109.56508037703122,109.73947281193524,107.5118655953031,107.75761413574219,191505000
2012-11-15 05:00:00,107.79724642482986,108.20155330901528,107.16304927215643,107.57527923583984,178128400
2012-11-16 05:00:00,107.73380921885563,108.3204436132778,106.78251968175964,108.10639953613281,239483900
2012-11-19 05:00:00,109.3192972109141,110.31022634479223,108.13811742496523,110.29438018798828,151495800
2012-11-20 05:00:00,110.12001274749355,110.52430761548975,109.46203412963597,110.34197998046875,119807400
2012-11-21 05:00:00,110.43705110598205,110.64317207560094,110.21508398200866,110.54803466796875,81710800
2012-11-23 05:00:00,111.08712767394405,112.09390300249882,111.01577158043037,112.05427551269531,65409200
2012-11-26 05:00:00,111.49931699729879,112.06216994500636,111.13466192946031,111.81642150878906,100124400
2012-11-27 05:00:00,111.7054897039294,112.08600319769891,111.17435300945994,111.24569702148438,128646200
2012-11-28 05:00:00,110.79384381013796,112.20492648391416,110.19136301451353,112.14151763916016,177086500
2012-11-29 05:00:00,112.56163969386304,112.97385755242576,112.07013056049315,112.66468811035156,151085900
2012-11-30 05:00:00,112.68054585381287,112.90251303704807,112.300032410596,112.68846893310547,136568300
2012-12-03 05:00:00,113.20373788309253,113.2988632017413,112.0463274222239,112.13352966308594,124656300
2012-12-04 05:00:00,112.12558344812916,112.46645716714912,111.673714085187,111.97496032714844,127512200
2012-12-05 05:00:00,112.07014961372863,112.69642377998383,111.27740607914176,112.17321014404297,147300500
2012-12-06 05:00:00,112.07013695218333,112.60127360879261,111.90366760265916,112.5537109375,103220600
2012-12-07 05:00:00,112.98970235219932,113.1165441841774,112.3079426256957,112.89457702636719,108726400
2012-12-10 05:00:00,112.73601453805126,113.21165319497003,112.68843978568836,112.94212341308594,98840700
2012-12-11 05:00:00,113.40982857331899,114.2422112668287,113.35434284511169,113.71107482910156,152570400
2012-12-12 05:00:00,114.15500425249314,114.59101536855077,113.60800958837535,113.76655578613281,145880100
2012-12-13 05:00:00,113.69520086352647,114.02022840022603,112.78355124198205,113.06893920898438,135715000
2012-12-14 05:00:00,112.82324637342776,113.02935530253754,112.47443734239255,112.64884185791016,137701700
2012-12-17 05:00:00,112.94213336775763,114.03612293880649,112.91041686338689,113.97270202636719,143238200
2012-12-18 05:00:00,114.15503442438349,115.34414936630415,113.9885530101414,115.2410888671875,177762800
2012-12-19 05:00:00,115.36793958741787,115.40757917446363,114.34530598093757,114.38493347167969,150895400
2012-12-20 05:00:00,114.4562778041525,115.05875833789848,114.13917323667904,115.04290008544922,168487000
2012-12-21 05:00:00,113.503643900322,115.03650449864789,113.32002321034938,113.99862670898438,245883800
2012-12-24 05:00:00,113.75114101207934,113.81501172964259,113.51962032024461,113.6473617553711,53874600
2012-12-26 05:00:00,113.87887225043262,113.93476369158107,112.84898595441449,113.16832733154297,106947700
2012-12-27 05:00:00,113.20028332375456,113.43181623161793,111.7073431509422,113.01666259765625,167920600
2012-12-28 05:00:00,112.28217732103401,112.90490173533493,111.66743218000995,111.79517364501953,148806700
2012-12-31 05:00:00,111.49978340865434,113.81503962278656,111.40397121778147,113.6952896118164,243935200
2013-01-02 05:00:00,115.85086126488241,116.68115633346079,115.54747836381758,116.60930633544922,192059000
2013-01-03 05:00:00,116.55343099421127,116.85680172340962,116.03448589951904,116.3458480834961,144761800
2013-01-04 05:00:00,116.53747003999634,117.04842372276025,116.29795783636709,116.8568115234375,116817700
2013-01-07 05:00:00,116.44162983402886,116.64920050839952,116.10630555544874,116.53742980957031,110002500
2013-01-08 05:00:00,116.32993572008174,116.48960651179965,115.74711966626556,116.20219421386719,121265100
2013-01-09 05:00:00,116.4576302328339,116.81690463443105,116.27400948635099,116.49755096435547,90745600
2013-01-10 05:00:00,117.14423494637929,117.43164718183094,116.53748119691375,117.42366790771484,130735400
2013-01-11 05:00:00,117.39172537471002,117.47954611757629,117.04843385938587,117.41568756103516,113917300
2013-01-14 05:00:00,117.27196758346408,117.41567978140411,116.90471390614798,117.3358383178711,89567200
2013-01-15 05:00:00,116.79295090483022,117.52745830812881,116.72110089214812,117.41568756103516,93172600
2013-01-16 05:00:00,117.1761701246426,117.58333236049499,117.04842865304674,117.39971160888672,104849500
2013-01-17 05:00:00,117.91865274773335,118.49347722759971,117.47954902254405,118.15816497802734,133833500
2013-01-18 05:00:00,118.13418055620332,118.54933415562292,117.70305623085751,118.42159271240234,169906000
2013-01-22 05:00:00,118.42156208916286,119.06025695800783,118.14212927713965,119.06025695800781,111797300
2013-01-23 05:00:00,119.06029971723767,119.35569117505244,118.84473753289123,119.25189971923828,104596100
2013-01-24 05:00:00,119.07624584537002,119.86663231748807,118.96447512849323,119.28382873535156,146426400
2013-01-25 05:00:00,119.65907631013636,119.9544677734375,119.25190193413101,119.9544677734375,147211600
2013-01-28 05:00:00,119.98638212454034,120.01832357622504,119.36365781972779,119.81075286865234,113357700
2013-01-29 05:00:00,119.57122387506138,120.43346021773779,119.4913824391849,120.28176879882812,105694400
2013-01-30 05:00:00,120.26581500735638,120.50532716661378,119.69896996985037,119.81075286865234,137447700
2013-01-31 05:00:00,119.66707233974778,120.058276042704,119.43555157324563,119.515380859375,108975800
2013-02-01 05:00:00,120.27381266942102,120.88855779635581,120.0662419301102,120.74485778808594,131173000
2013-02-04 05:00:00,120.01031721793701,120.76876206599184,119.299760172412,119.38758087158203,159073600
2013-02-05 05:00:00,120.03431647922598,120.93646165143757,119.98640429284683,120.59317016601562,113912400
2013-02-06 05:00:00,120.17004603586238,120.76082904148845,120.08222529420208,120.68099975585938,138762800
2013-02-07 05:00:00,120.72092327893996,120.83269402708117,119.6431243502156,120.52133178710938,162490000
2013-02-08 05:00:00,120.72886384499898,121.26376740975257,120.72886384499898,121.1919174194336,103133700
2013-02-11 05:00:00,121.14406452028369,121.27179382536275,120.86463153984467,121.16801452636719,73775000
2013-02-12 05:00:00,121.17593394542432,121.59108748263505,121.04021325062504,121.36754608154297,65392700
2013-02-13 05:00:00,121.61508671751842,121.83862820912003,121.12808300036544,121.47137451171875,82322600
2013-02-14 05:00:00,121.10409488427227,121.72681915520155,120.9683741772332,121.5831069946289,80834300
2013-02-15 05:00:00,121.69488568388142,121.82262712785577,120.99233210621175,121.43941497802734,215226500
2013-02-19 05:00:00,121.64699776909431,122.37351359899473,121.47934776656086,122.34956359863281,95105400
2013-02-20 05:00:00,122.26179142231102,122.30171216613275,120.76085916573896,120.8247299194336,160574800
2013-02-21 05:00:00,120.52128847396102,120.88852986497466,119.70695206896241,120.09016418457031,183257000
2013-02-22 05:00:00,120.67298361962995,121.26377868652344,120.14607145953049,121.26377868652344,106356600
2013-02-25 05:00:00,121.85460003499168,122.03822079429484,118.95652770996094,118.95652770996094,245824800
2013-02-26 05:00:00,119.53130086733276,119.91451295159483,118.7409145228305,119.77081298828125,186596200
2013-02-27 05:00:00,119.66703721541424,121.61505152024068,119.56324577360319,121.27973937988281,150781900
2013-02-28 05:00:00,121.27177343278859,122.04618931819543,120.8805819444736,121.04025268554688,126866000
2013-03-01 05:00:00,120.62507850030916,121.62303568993134,120.0821956365601,121.43941497802734,170634800
2013-03-04 05:00:00,121.15999802918967,122.08610534667969,120.96839802012015,122.08610534667969,99010200
2013-03-05 05:00:00,122.67687797420174,123.50717295283165,122.66090724900867,123.17984008789062,121431900
2013-03-06 05:00:00,123.61896802158725,123.68283875284997,123.0760850789987,123.34752655029297,94469900
2013-03-07 05:00:00,123.50713607529495,123.73067743287562,123.36343613774609,123.57100677490234,86101400
2013-03-08 05:00:00,124.11397030201483,124.26564959265396,123.47527513464526,124.0979995727539,123477800
2013-03-11 04:00:00,124.00218260370193,124.57699477542043,123.85049115171,124.56901550292969,83746800
2013-03-12 04:00:00,124.48122404008673,124.62493625337164,123.91439100760834,124.28961181640625,105755800
2013-03-13 04:00:00,124.35346211587208,124.6408743130976,123.93032918413677,124.4652328491211,92550900
2013-03-14 04:00:00,124.7925793044295,125.18378300425911,124.47323779826893,125.12789154052734,126329900
2013-03-15 04:00:00,124.97870350087169,125.13105737212858,124.54566169669684,124.96266174316406,138601100
2013-03-18 04:00:00,123.76781410236964,124.81030820539026,123.6555462596614,124.27302551269531,126704300
2013-03-19 04:00:00,124.53765364975466,124.70604928779733,123.16637084431021,123.98432922363281,167567300
2013-03-20 04:00:00,124.71412419884994,125.05894260483474,124.50561796613238,124.85044860839844,113759300
2013-03-21 04:00:00,124.1046057321897,124.81029623942878,123.57535008803634,123.78384399414062,128605000
2013-03-22 04:00:00,124.1767988980227,124.77823638916016,124.08056057877229,124.77823638916016,111163600
2013-03-25 04:00:00,125.10702593959543,125.31553212277569,123.77585345356266,124.25699615478516,151322300
2013-03-26 04:00:00,124.77019556871602,125.2834216815111,124.6338712208475,125.25135040283203,86856600
2013-03-27 04:00:00,124.5055616335798,125.29144867838765,124.29706773147657,125.25135040283203,99950600
2013-03-28 04:00:00,125.17115553283733,125.78061996240648,124.89850683343845,125.63626861572266,102932800
2013-04-01 04:00:00,125.57213639583541,125.82875561995081,124.83437448092077,125.13910675048828,99194100
2013-04-02 04:00:00,125.58813817875549,126.06929295266995,125.39567382193486,125.75654602050781,101504300
2013-04-03 04:00:00,125.8287171308205,125.9249431922906,124.15271463341952,124.48149108886719,154167400
2013-04-04 04:00:00,124.64190956082322,125.23533233699143,124.3692608135073,124.98674011230469,131885000
2013-04-05 04:00:00,123.45502975689288,124.57772008070181,123.31069067546979,124.42535400390625,159666000
2013-04-08 04:00:00,124.51361422292533,125.27543266996304,124.09661409673316,125.26741790771484,86571200
2013-04-09 04:00:00,125.49999836947549,126.15757611933115,125.08299814362266,125.70047760009766,101922200
2013-04-10 04:00:00,126.03724489719004,127.40050082507877,126.00517361350174,127.24011993408203,135711100
2013-04-11 04:00:00,127.26421419763908,128.07415812722925,127.13590455227887,127.65715789794922,110142500
2013-04-12 04:00:00,127.24811441388722,127.5368048661781,126.638662230729,127.34435272216797,116359900
2013-04-15 04:00:00,126.70282671240368,126.80707978923127,124.3772733951044,124.39330291748047,217259000
2013-04-16 04:00:00,125.33156597077078,126.29387587896764,125.02684592036863,126.22972106933594,147507800
2013-04-17 04:00:00,125.3315785764141,125.35564733919072,123.71973011974121,124.38532257080078,226834800
2013-04-18 04:00:00,124.59377584801409,124.62585936371634,123.13429402673786,123.607421875,167583200
2013-04-19 04:00:00,123.89613188508957,124.73814687913703,123.5913996192131,124.6820068359375,149687600
2013-04-22 04:00:00,124.92254360129672,125.53199569823418,124.09657063670393,125.23529052734375,106553500
2013-04-23 04:00:00,125.86085859650761,126.64673375475722,125.2353643755749,126.52645111083984,166141300
2013-04-24 04:00:00,126.5665301306754,126.94343200593009,126.33396740614158,126.60662841796875,96781200
2013-04-25 04:00:00,126.9754759146337,127.7212647413838,126.78302375517045,127.11982727050781,131060600
2013-04-26 04:00:00,126.96748665192904,127.18400761108515,126.48633168408861,126.89531707763672,95918800
2013-04-29 04:00:00,127.24015737774465,128.02603254028682,127.03967814593318,127.74536895751953,88572800
2013-04-30 04:00:00,127.72130273007176,128.0821628726742,127.19203466157204,128.05007934570312,116010700
2013-05-01 04:00:00,127.7694061456525,127.83356095847464,126.78305190060581,126.9273910522461,138874200
2013-05-02 04:00:00,127.24812921696869,128.21845375557746,127.12784661296959,128.10618591308594,96407600
2013-05-03 04:00:00,129.2208360519127,129.81425872084571,128.13022902345054,129.4052734375,144202300
2013-05-06 04:00:00,129.50158031409518,129.9185683426164,129.44544025086213,129.734130859375,66882100
2013-05-07 04:00:00,130.01471511910557,130.4317028538958,129.6458281761887,130.39161682128906,90359200
2013-05-08 04:00:00,130.2473604930367,131.02522097878915,130.17519089818114,130.98512268066406,97419200
2013-05-09 04:00:00,130.9289579967874,131.27377634377746,130.28742211622168,130.6162109375,106738600
2013-05-10 04:00:00,130.70441043562923,131.15348184046735,130.31948160038678,131.0412139892578,103203000
2013-05-13 04:00:00,130.87279804635529,131.36196770431803,130.5680780325412,131.14544677734375,81843200
2013-05-14 04:00:00,131.24969861050337,132.59692496562315,131.24969861050337,132.5006866455078,119000900
2013-05-15 04:00:00,132.28415684756303,133.479004652142,132.24405857360344,133.21437072753906,120718500
2013-05-16 04:00:00,132.94171239469696,133.40682541906804,132.38838806852667,132.5888671875,109913600
2013-05-17 04:00:00,133.07810714108376,133.95219362559536,132.9016844441371,133.87200927734375,129801000
2013-05-20 04:00:00,133.74368526791253,134.3852211664063,133.607360877878,133.8639678955078,85071200
2013-05-21 04:00:00,133.98421167654413,134.56159254142827,133.51909863337218,134.05638122558594,95804200
2013-05-22 04:00:00,134.19274780567972,135.5800726118822,132.45258990322534,133.06204223632812,244031800
2013-05-23 04:00:00,131.64265679847173,133.04601111290938,131.46623413432584,132.6771240234375,211064400
2013-05-24 04:00:00,131.8912427513771,132.6209898968328,131.4982991569906,132.56484985351562,151573900
2013-05-28 04:00:00,133.95214458855332,134.54556728252362,132.96579058854815,133.35873413085938,143679800
2013-05-29 04:00:00,132.65299556208495,132.95772767785863,131.78692447220607,132.49261474609375,160363400
2013-05-30 04:00:00,132.59697111179506,133.5913402875869,132.49271799383695,132.9818878173828,107793800
2013-05-31 04:00:00,132.61301294168763,133.36681689408593,130.81672665813346,131.07333374023438,176850100
2013-06-03 04:00:00,131.37802853160446,131.88324002244326,130.43978736024602,131.79502868652344,168390700
2013-06-04 04:00:00,131.86720500568168,132.396473048273,130.49592184738225,131.16151428222656,157631500
2013-06-05 04:00:00,130.78457029360501,131.04920422971213,129.21282067077436,129.32508850097656,211737800
2013-06-06 04:00:00,129.26902432927935,130.5039834225151,128.5072055889571,130.49595642089844,200225500
2013-06-07 04:00:00,131.39406531838912,132.27616640790828,130.82469903786898,132.1558837890625,188337800
2013-06-10 04:00:00,132.56485692941675,132.63702650072423,131.81105322124023,132.1558837890625,105667100
2013-06-11 04:00:00,130.95301396703303,131.9473829532334,130.50394252342264,130.79263305664062,159505400
2013-06-12 04:00:00,131.6907571356231,131.8270815018006,129.58973936611062,129.71002197265625,177361500
2013-06-13 04:00:00,129.6378192973124,131.91525913225155,129.34912887906137,131.68270874023438,163587800
2013-06-14 04:00:00,131.53838452182518,132.0516106782344,130.6402418071782,130.85675048828125,141197500
2013-06-17 04:00:00,131.74693838474505,132.49272755669884,130.88889355866232,131.8672332763672,136295600
2013-06-18 04:00:00,131.93934345294275,133.1101471282222,131.93132869162352,132.90966796875,114695600
2013-06-19 04:00:00,132.79746266538174,133.03001321591952,131.0172059120146,131.07333374023438,206149500
2013-06-20 04:00:00,129.79825168665351,131.08933820370567,127.48872742353436,127.82553100585938,321255900
2013-06-21 04:00:00,128.69535982716673,128.79209507424136,126.9459944034356,128.23585510253906,271956800
2013-06-24 04:00:00,126.89760883013366,127.71988291600312,125.54325405754724,126.61544799804688,222329000
2013-06-25 04:00:00,127.76023806739228,129.06622568025315,126.90571040404215,127.83280181884766,162262200
2013-06-26 04:00:00,128.88081354943944,129.38869835782688,128.38099821485315,129.09848022460938,134848000
2013-06-27 04:00:00,129.87232780956717,130.4527637562819,129.75139647840638,129.856201171875,129483700
2013-06-28 04:00:00,129.4935483632147,130.11428301147552,128.87280141392247,129.32424926757812,160402900
2013-07-01 04:00:00,130.00136454864776,130.9848807885401,129.856261644906,130.0819854736328,131954800
2013-07-02 04:00:00,129.88854157202968,130.83981710771525,129.3887261301617,129.9611053466797,154863700
2013-07-03 04:00:00,129.3725409152878,130.41249410386044,129.16294376381174,130.01747131347656,75216400
2013-07-05 04:00:00,130.9768061071112,131.4685641613178,130.03360045580172,131.42019653320312,122416900
2013-07-08 04:00:00,132.09735518104037,132.52461892285362,131.4685514741823,132.16990661621094,108092500
2013-07-09 04:00:00,133.0002386948457,133.2823995417226,132.42787213258296,133.1211700439453,119298000
2013-07-10 04:00:00,132.99222997916172,133.62103386030455,132.71813850297673,133.16958618164062,121410100
2013-07-11 04:00:00,134.71742514311387,135.1205052240518,133.161529634159,134.98345947265625,135592200
2013-07-12 04:00:00,134.94313594208793,135.3784569749103,134.7335387486589,135.0398712158203,104212700
2013-07-15 04:00:00,135.4106680087077,135.74925366213392,135.17687476877964,135.55577087402344,69450600
2013-07-16 04:00:00,135.64447838914356,135.72509931027736,134.68515831339425,135.0479278564453,88702100
2013-07-17 04:00:00,135.56386077031084,135.82182555896935,135.21720559367708,135.39456176757812,92873900
2013-07-18 04:00:00,135.68476764462605,136.45868654307415,135.59608956564784,136.13621520996094,103620100
2013-07-19 04:00:00,135.85409840921167,136.42646517020424,135.68479938209924,136.3780975341797,103831700
2013-07-22 04:00:00,136.57156781533288,136.83760209002045,136.24909643645765,136.6441192626953,79428600
2013-07-23 04:00:00,136.8859656281909,136.91014944325516,136.2813456495337,136.35389709472656,80829700
2013-07-24 04:00:00,136.87783299976826,136.9342700762279,135.57991555240815,135.85401916503906,112914000
2013-07-25 04:00:00,135.61224932199138,136.3055474811981,135.38652548420563,136.1846160888672,111088600
2013-07-26 04:00:00,135.6121845031639,136.36997658253836,135.04787517842357,136.3296661376953,107814600
2013-07-29 04:00:00,135.9830891815049,136.28943397705055,135.52358428921426,135.91053771972656,79695000
2013-07-30 04:00:00,136.32168727185942,136.46679019541614,135.58807857780425,135.91053771972656,85209600
2013-07-31 04:00:00,136.19264598581145,136.9262543959477,135.82987651628986,136.00723266601562,142388700
2013-08-01 04:00:00,137.03914368193847,137.70018848952267,136.9665799327072,137.5792694091797,110438400
2013-08-02 04:00:00,137.27286279746147,137.82911491836873,137.08744952416566,137.81298828125,91116700
2013-08-05 04:00:00,137.50670354670922,137.82110542366902,137.329347380114,137.6114959716797,54072700
2013-08-06 04:00:00,137.3454860157322,137.64377360378083,136.5232116080989,136.8295440673828,87495000
2013-08-07 04:00:00,136.39419312874455,136.58766362879786,135.878251293563,136.38612365722656,84854700
2013-08-08 04:00:00,137.03098231570664,137.19221174838472,136.1845124178753,136.88587951660156,102181300
2013-08-09 04:00:00,136.70854177298867,137.1277481949504,136.0152440486369,136.49087524414062,91757700
2013-08-12 04:00:00,135.80566725779804,136.49089561604674,135.74117300625332,136.3296661376953,68593300
2013-08-13 04:00:00,136.57158903953444,136.96659962613427,135.76542891860126,136.73281860351562,80806000
2013-08-14 04:00:00,136.66829404749768,136.885960676227,135.99917981919984,136.03143310546875,79829200
2013-08-15 04:00:00,134.95925007528857,134.97536441873214,133.8951129587874,134.12890625,152931800
2013-08-16 04:00:00,133.87096027592548,134.33047749246975,133.41951253400518,133.685546875,130868200
2013-08-19 04:00:00,133.53231827430588,133.99183529746892,132.82289366353757,132.83096313476562,96437600
2013-08-20 04:00:00,133.04859934280398,133.98374760234492,132.90349649271394,133.4839324951172,89294400
2013-08-21 04:00:00,133.11311443130103,133.84672286873646,132.36339165312577,132.6616668701172,159530500
2013-08-22 04:00:00,132.9357622109491,134.06439344834874,132.92770504034064,133.87091064453125,101471400
2013-08-23 04:00:00,134.26593238186493,134.49165616739015,133.63712865061274,134.32235717773438,90888900
2013-08-26 04:00:00,134.4594011769198,134.87055058899918,133.73386220422753,133.82254028320312,89702100
2013-08-27 04:00:00,132.50043338275134,133.82253504415874,131.57335447604743,131.6700897216797,158619400
2013-08-28 04:00:00,131.613683905076,132.60526961254448,131.44439718498938,132.1376953125,108113000
2013-08-29 04:00:00,131.84744435676697,133.04861464630045,131.72651300009397,132.34725952148438,119200500
2013-08-30 04:00:00,132.62135277406944,132.6374794153898,131.5411015250429,131.9280548095703,134928900
2013-09-03 04:00:00,133.20179906062742,133.48395995075634,131.96837537707924,132.52462768554688,142375100
2013-09-04 04:00:00,132.55685009728123,133.84671069854423,132.31501199793897,133.62098693847656,97389400
2013-09-05 04:00:00,133.70163563216954,134.1450137738125,133.6048880712989,133.79031372070312,63090500
2013-09-06 04:00:00,134.2337088390856,134.6126050561009,132.5972048809244,133.8548126220703,159756500
2013-09-09 04:00:00,134.18532153986789,135.2172052942665,134.18532153986789,135.1365966796875,87559300
2013-09-10 04:00:00,135.95080188156058,136.16039902231648,135.64445719035893,136.13621520996094,105847200
2013-09-11 04:00:00,135.9507994918896,136.5634765625,135.71701854288744,136.5634765625,94545900
2013-09-12 04:00:00,136.51510068966047,136.69245683378253,136.0152855386015,136.20069885253906,83209000
2013-09-13 04:00:00,136.3458200499437,136.61185427789937,136.03141819890942,136.50704956054688,72727800
2013-09-16 04:00:00,137.98229877869602,138.04679303155444,137.07939153969923,137.29705810546875,106299200
2013-09-17 04:00:00,137.41806238097405,137.94206154967216,137.41806238097405,137.90982055664062,82523300
2013-09-18 04:00:00,137.86137810519065,139.8848470044468,137.51473530791267,139.50595092773438,203460600
2013-09-19 04:00:00,139.88486037811944,139.9493546421324,139.1351253223639,139.2721710205078,146616900
2013-09-20 04:00:00,139.60269092620578,139.60269092620578,138.18503464740897,138.29844665527344,132867100
2013-09-23 04:00:00,138.11213820398058,138.24174310607728,137.2210349715388,137.65847778320312,104616500
2013-09-24 04:00:00,137.6342324014667,138.14459285802977,137.07528090259714,137.33450317382812,106333100
2013-09-25 04:00:00,137.42358918637981,137.69901666357424,136.8160220308704,136.93753051757812,117306500
2013-09-26 04:00:00,137.16435166942597,137.85292028564754,136.9456240567513,137.46408081054688,77146900
2013-09-27 04:00:00,136.77550215970612,137.01853147114664,136.4757730134872,136.83221435546875,99141800
2013-09-30 04:00:00,135.673772493103,136.53246529986575,135.40644150139664,136.10311889648438,143937000
2013-10-01 04:00:00,136.2084371421297,137.31015926845754,136.07072342146168,137.1805419921875,127160000
2013-10-02 04:00:00,136.37857043957848,137.18055112278788,135.9573204441547,137.05093383789062,113350000
2013-10-03 04:00:00,136.7349734490185,136.8564942658874,135.1553017175814,135.78717041015625,176698000
2013-10-04 04:00:00,135.8924928681943,136.95370797334215,135.7142722165377,136.8159942626953,96878000
2013-10-07 04:00:00,135.625173819151,136.45956496120968,135.48746009639203,135.63327026367188,96295000
2013-10-08 04:00:00,135.6088972701713,135.78711784379982,133.95632110495296,134.05352783203125,178015000
2013-10-09 04:00:00,134.31281801168777,134.6368488104539,133.28400106608214,134.1508026123047,168973000
2013-10-10 04:00:00,135.5198894706183,137.11576703891996,135.47128607032272,137.04286193847656,195955000
2013-10-11 04:00:00,136.83221367182512,137.9744427771998,136.71880164185075,137.9258270263672,105040000
2013-10-14 04:00:00,137.07526357248065,138.59012713490094,136.9699479713332,138.47671508789062,112106000
2013-10-15 04:00:00,138.12830773822307,138.6467643419038,137.28582039260957,137.47213745117188,155485000
2013-10-16 04:00:00,138.29844906359492,139.46497965679012,138.23364043497497,139.39207458496094,161676000
2013-10-17 04:00:00,138.8250143811065,140.40469857552648,138.80071268836002,140.3236846923828,129389000
2013-10-18 04:00:00,140.84215321130267,141.36870641292285,140.558616957517,141.27149963378906,138316000
2013-10-21 04:00:00,141.32009373429676,141.56312302714088,140.96365241958983,141.2795867919922,104104000
2013-10-22 04:00:00,141.69274885356577,142.51903119375027,141.3038970171429,142.09779357910156,126663000
2013-10-23 04:00:00,141.61171088745473,141.67651951583989,140.9231423877037,141.41729736328125,105484000
2013-10-24 04:00:00,141.70084414372974,142.06538192154537,141.36870450486006,141.8871612548828,70350000
2013-10-25 04:00:00,142.17876077620687,142.57570896133652,141.90333339598521,142.5352020263672,93625000
2013-10-28 04:00:00,142.48661177896795,142.9564650737508,142.3326928284895,142.7620391845703,84979000
2013-10-29 04:00:00,143.0860558167939,143.58021071102579,142.8835335217969,143.52349853515625,87401000
2013-10-30 04:00:00,143.69367587258216,143.79897909947948,142.30032097854297,142.8106689453125,140002000
2013-10-31 04:00:00,142.69725709717306,143.2967277629138,142.19500557459685,142.40562438964844,133795000
2013-11-01 04:00:00,142.5919458976618,143.06989569797025,141.9438718770656,142.74586486816406,142805000
2013-11-04 05:00:00,143.13474163044293,143.3048535340702,142.559572542543,143.24815368652344,85677000
2013-11-05 05:00:00,142.6891180371852,143.18327296732497,142.22737359874884,142.79443359375,85825000
2013-11-06 05:00:00,143.41008654439713,143.7908294478699,143.01313839625024,143.52349853515625,87348000
2013-11-07 05:00:00,143.79087437496796,143.90428640116238,141.57122487832413,141.7089385986328,157000000
2013-11-08 05:00:00,141.66038815552852,143.6370090888019,141.64419526072282,143.6208038330078,136713000
2013-11-11 05:00:00,143.48306801412784,143.81520772143506,143.3129561178881,143.6450958251953,62614000
2013-11-12 05:00:00,143.3372798516267,143.6775160573949,142.87552276887726,143.35348510742188,83990000
2013-11-13 05:00:00,142.6486419814201,144.544248244033,142.6486419814201,144.50375366210938,103844000
2013-11-14 05:00:00,144.63338767163623,145.34627045507386,144.39846713308665,145.22476196289062,103435000
2013-11-15 05:00:00,145.45969529905886,145.91334352443647,145.2733781409903,145.8566436767578,102818000
2013-11-18 05:00:00,146.09961140676467,146.2211198583761,145.02219114554302,145.34622192382812,104796000
2013-11-19 05:00:00,145.27334853106674,145.7107914132383,144.77919345178864,145.0303192138672,93891000
2013-11-20 05:00:00,145.3219409412907,145.75938379040758,144.17971188945268,144.57666015625,124909000
2013-11-21 05:00:00,144.98166298910874,145.85656079561042,144.89255268397488,145.74314880371094,92841000
2013-11-22 05:00:00,145.7998838495465,146.48846477023721,145.6297720010823,146.47225952148438,81296000
2013-11-25 05:00:00,146.73149121730236,146.76388935319787,146.11581538644253,146.32644653320312,79486000
2013-11-26 05:00:00,146.39936911891863,146.8044138514608,146.14824336249995,146.36695861816406,86994000
2013-11-27 05:00:00,146.52088155891303,146.8206230745741,146.34266088289337,146.72340393066406,58800000
2013-11-29 05:00:00,146.88539417081856,147.23372662791888,146.46414428417833,146.62615966796875,55870900
2013-12-02 05:00:00,146.69905509367868,146.97448246411608,146.01858310989897,146.2454071044922,99726000
2013-12-03 05:00:00,145.76749013235303,146.1320278939541,145.1437178267793,145.6135711669922,116563000
2013-12-04 05:00:00,145.0870184097041,146.20493339107026,144.47945135164164,145.5973663330078,123033000
2013-12-05 05:00:00,145.33815576207982,145.60548677230557,144.8196989922135,144.95741271972656,106934000
2013-12-06 05:00:00,146.35883285197613,146.71527412296138,145.9375829534498,146.5775604248047,127728000
2013-12-09 05:00:00,147.00687696789288,147.168892323414,146.75575131268823,146.95016479492188,70124000
2013-12-10 05:00:00,146.6099468243977,146.91778469033522,146.3345194501277,146.4236297607422,80976000
2013-12-11 05:00:00,146.48044463541044,146.50474634070818,144.60103035245652,144.7792510986328,130591000
2013-12-12 05:00:00,144.7143801870245,144.8926008565454,144.00149750894076,144.30123901367188,115565000
2013-12-13 05:00:00,144.60096857457074,144.73058585477517,144.0096067299912,144.2850341796875,107808000
2013-12-16 05:00:00,144.96549176714657,145.66216912688813,144.92498482603708,145.18421936035156,96195000
2013-12-17 05:00:00,145.31384733413967,145.33814902839933,144.39844231374667,144.72247314453125,89886000
2013-12-18 05:00:00,144.94117480054305,147.2175237358066,143.6450393485082,147.19322204589844,234906000
2013-12-19 05:00:00,146.7720246878844,147.19327473204365,146.39129395605107,147.02316284179688,136531200
2013-12-20 05:00:00,147.16975674522672,148.22859304114903,147.0720222166502,147.87835693359375,197087000
2013-12-23 05:00:00,148.6032507596222,148.75800538235447,148.2937539422513,148.6684112548828,85598000
2013-12-24 05:00:00,148.67655201255798,149.05936215557304,148.66841161116602,148.99420166015625,45368800
2013-12-26 05:00:00,149.32811103807356,149.8331016572397,149.31183023894212,149.75164794921875,63365000
2013-12-27 05:00:00,149.9471521462988,150.01230020889273,149.58877566156806,149.7435302734375,61814000
2013-12-30 05:00:00,149.75978485954124,149.88196541872597,149.52358899672913,149.7190704345703,56857000
2013-12-31 05:00:00,149.9227255659688,150.42770385742188,149.80868538083456,150.42770385742188,86119900
2014-01-02 05:00:00,149.84942358396367,149.92273691254042,148.62769219687948,148.98606872558594,119636900
2014-01-03 05:00:00,149.2385163491767,149.53988512520755,148.74983138722743,148.9615936279297,81390600
2014-01-06 05:00:00,149.45034328265524,149.50735095551138,148.30191271410365,148.52996826171875,108028200
2014-01-07 05:00:00,149.12455000117444,149.6946889055205,149.01052222030523,149.44219970703125,86144200
2014-01-08 05:00:00,149.41772661467581,149.72723583591792,148.96161561164072,149.47474670410156,96582300
2014-01-09 05:00:00,149.955289355125,149.97158258447305,148.88831275253847,149.57247924804688,90683400
2014-01-10 05:00:00,149.82499694882637,150.04491208864022,149.0593765886629,149.97975158691406,102026400
2014-01-13 05:00:00,149.59687318550644,150.01225721297436,147.6991163829955,147.98419189453125,149892000
2014-01-14 05:00:00,148.47289676630865,149.67834701854042,148.19597404407605,149.59689331054688,105016100
2014-01-15 05:00:00,149.94716349489804,150.6313300567502,149.62951384631714,150.4032745361328,98525800
2014-01-16 05:00:00,150.0937511810733,150.4032603991451,149.72723430225238,150.20777893066406,72290600
2014-01-17 05:00:00,149.94714895449724,150.23221211357944,149.3118497189405,149.57247924804688,107848700
2014-01-21 05:00:00,150.43580495107432,150.49282502874257,149.09190584937838,150.01226806640625,88621200
2014-01-22 05:00:00,150.26480099779204,150.32996148814357,149.792396763813,150.11004638671875,61270900
2014-01-23 05:00:00,149.35256168927293,149.37699531884618,148.09011606768124,148.88015747070312,132496900
2014-01-24 05:00:00,147.91094099973,147.95980826322685,145.6548070529094,145.70367431640625,208677100
2014-01-27 05:00:00,145.84210692691246,146.2167765866111,144.26199943581602,144.9868927001953,180843100
2014-01-28 05:00:00,145.09281611315006,146.03762468289116,145.07652288178375,145.8502960205078,110463200
2014-01-29 05:00:00,144.63668471513537,145.42673854600318,144.06654597845048,144.44935607910156,216597300
2014-01-30 05:00:00,145.65473989333267,146.45293382796189,145.19047624799194,145.98052978515625,118938100
2014-01-31 05:00:00,144.17244771392683,146.02947847488366,144.0991468115957,145.12539672851562,194677900
2014-02-03 05:00:00,144.9543071854153,145.28009713734875,141.58233022773507,141.8592529296875,254837100
2014-02-04 05:00:00,142.49454414808307,143.2194373148863,141.81037783003967,142.85292053222656,165012400
2014-02-05 05:00:00,142.35605657782594,142.9913555315491,141.48456182975423,142.6737060546875,164230500
2014-02-06 05:00:00,143.00770045509216,144.5552215576172,142.71448449136102,144.5552215576172,132877600
2014-02-07 05:00:00,145.23124790153133,146.501846271,144.75884371296883,146.3470916748047,170787200
2014-02-10 05:00:00,146.36343183127224,146.66480072031405,145.96434082690462,146.6159210205078,92218800
2014-02-11 05:00:00,146.738052606257,148.5950828794476,146.64030566739495,148.2204132080078,117814100
2014-02-12 05:00:00,148.44027236522535,148.91267636947273,148.0004548043532,148.29367065429688,94717700
2014-02-13 05:00:00,147.2919051830407,149.21409603225047,147.28376478278057,149.05934143066406,100542200
2014-02-14 05:00:00,148.9208565210617,150.15888070999375,148.78239516997107,149.8819580078125,96498400
2014-02-18 05:00:00,150.012323306319,150.2648249071427,149.580645863635,150.0612030029297,80460900
2014-02-19 05:00:00,149.67018703444074,150.6394289440017,148.94529380908608,149.06747436523438,126524300
2014-02-20 05:00:00,149.2711022941556,150.28921149652297,148.72539725305762,149.94712829589844,104998100
2014-02-21 05:00:00,150.23218819489531,150.59056461493998,149.70277639225066,149.7760772705078,118116400
2014-02-24 05:00:00,150.09372629766972,151.61681364928876,150.0285658189787,150.6068572998047,114063900
2014-02-25 05:00:00,150.72903868900747,151.16071602372952,150.05301264472214,150.5498504638672,117085000
2014-02-26 05:00:00,150.7697150632613,151.1688182361865,150.13441608796808,150.55795288085938,98677200
2014-02-27 05:00:00,150.33808413944655,151.38876740559726,150.16703631895672,151.34805297851562,93880800
2014-02-28 05:00:00,151.3235913074153,152.43129454211928,150.7208786541801,151.7308349609375,150842000
2014-03-03 05:00:00,150.3950818231304,151.0466741784235,149.66204819098218,150.6638641357422,167748500
2014-03-04 05:00:00,152.13811833428406,153.10736047120847,152.10554430185755,152.7815704345703,167545900
2014-03-05 05:00:00,152.911888285607,153.18067065296515,152.6756799500076,152.92002868652344,88376900
2014-03-06 05:00:00,153.29467921017093,153.6204691993335,152.9444431651343,153.27023315429688,82516500
2014-03-07 05:00:00,153.9055392864851,153.9055392864851,152.65936217344085,153.33538818359375,114513500
2014-03-10 04:00:00,153.09921267539517,153.31097494617248,152.3743193150085,153.25396728515625,74939200
2014-03-11 04:00:00,153.4819797453634,153.701894783254,152.1462211492941,152.49644470214844,99009100
2014-03-12 04:00:00,151.7553303361538,152.59425154082098,151.41323461929105,152.5372314453125,104824400
2014-03-13 04:00:00,152.99333733589415,153.11551792439317,150.40327291055038,150.82679748535156,155014300
2014-03-14 04:00:00,150.5580291597147,151.33178984953037,150.22408628020577,150.4032745361328,153919600
2014-03-17 04:00:00,151.16076342070085,152.121865332182,151.09560291584654,151.76348876953125,98359500
2014-03-18 04:00:00,152.07294965189638,153.05033205739392,151.91004222757047,152.84671020507812,101804600
2014-03-19 04:00:00,152.86301013447485,153.0747848413636,151.0629996944792,152.03224182128906,176267300
2014-03-20 04:00:00,151.69829743203724,153.03405643981844,151.42951506467912,152.92002868652344,117241000
2014-03-21 04:00:00,153.56218565224927,154.63387113038902,152.18780133005916,152.32687377929688,163128000
2014-03-24 04:00:00,152.85048997581717,153.03865788766242,151.03434631823689,151.69699096679688,121411000
2014-03-25 04:00:00,152.46595304464907,152.93226582141764,151.56607024765609,152.4168701171875,103852000
2014-03-26 04:00:00,153.01408709173504,153.25951424494946,151.2797568461221,151.32066345214844,119843000
2014-03-27 04:00:00,151.1406593651871,151.62332478078565,150.44528462662262,151.0015869140625,142383000
2014-03-28 04:00:00,151.43524892949054,152.50693498496332,151.3452593570414,151.74612426757812,101642000
2014-03-31 04:00:00,152.7114332394914,153.22682912284648,151.77064351499666,152.9895782470703,99745000
2014-04-01 04:00:00,153.48857152758842,154.09395682246264,152.98136458073952,154.00396728515625,89193000
2014-04-02 04:00:00,154.20035753996362,154.72392978163734,153.91402370405507,154.5194091796875,78774000
2014-04-03 04:00:00,154.7565934479038,154.79750005057303,153.84034546623693,154.31483459472656,77435000
2014-04-04 04:00:00,155.15751143039964,155.19022923399805,152.24514007521518,152.4905548095703,169381000
2014-04-07 04:00:00,152.12242633035447,152.37602988799742,150.49445027337666,150.80531311035156,140803000
2014-04-08 04:00:00,150.7398490695818,151.67246244773233,150.19173539393546,151.4270477294922,112660000
2014-04-09 04:00:00,151.8360884862985,153.10410613687245,151.39431702878906,153.05502319335938,100254000
2014-04-10 04:00:00,153.04683154040572,153.12045594830388,149.6517826529685,149.83995056152344,172959000
2014-04-11 04:00:00,149.0054468961085,150.05259080065846,148.32643737499657,148.49005126953125,167251000
2014-04-14 04:00:00,149.65178433270972,150.01174253040068,148.43284973400927,149.65997314453125,132382000
2014-04-15 04:00:00,149.97081584832742,150.7970742715263,148.49007676872031,150.6907196044922,157093000
2014-04-16 04:00:00,151.72974644829824,152.27786016817646,151.05891287645065,152.26968383789062,105197000
2014-04-17 04:00:00,152.06515857379648,152.907782436451,151.8033662173094,152.4823760986328,105255000
2014-04-21 04:00:00,152.52319641965408,153.06313348721145,152.33504107172575,153.0140380859375,68329000
2014-04-22 04:00:00,153.1695353781427,154.12669010772686,153.0877346433335,153.70947265625,85790000
2014-04-23 04:00:00,153.65218617039667,153.73398689071473,153.22677998273934,153.3494873046875,73869000
2014-04-24 04:00:00,154.10211343354973,154.11847856995064,152.92407327151582,153.6603546142578,88170000
2014-04-25 04:00:00,153.16135089327213,153.25134043483115,152.05693492713363,152.40052795410156,100380000
2014-04-28 04:00:00,153.0222206172485,153.54579252957075,151.31243245639268,152.88314819335938,135121000
2014-04-29 04:00:00,153.37403924921566,153.83216325971566,153.0468113796994,153.5949249267578,84098000
2014-04-30 04:00:00,153.3413273006236,154.2084924225457,153.12861794268102,154.0530548095703,101508000
2014-05-01 04:00:00,153.97940744608738,154.48661433241642,153.5785427399276,154.06939697265625,93019000
2014-05-02 04:00:00,154.05301597882632,154.73202552159972,153.61943352715443,153.84849548339844,98122000
2014-05-05 04:00:00,153.09589174424988,154.24939056180534,152.67048553465878,154.14303588867188,75883000
2014-05-06 04:00:00,153.79945287952256,153.90580755956634,152.768673806211,152.8013916015625,85454000
2014-05-07 04:00:00,153.3167790765125,153.77490308428477,152.17145657413877,153.70127868652344,106500000
2014-05-08 04:00:00,153.5621821188381,154.6584090343877,153.0467864495082,153.53762817382812,93618000
2014-05-09 04:00:00,153.5622030990017,153.83215921864235,152.842286825446,153.7667236328125,83679000
2014-05-12 04:00:00,154.45394620509006,155.3374766183252,153.7994778453293,155.2638397216797,86940000
2014-05-13 04:00:00,155.46832865441013,155.77920387067275,155.24745545827494,155.40289306640625,66454000
2014-05-14 04:00:00,155.26380719759425,155.3374440788146,154.44572503999854,154.66661071777344,72367000
2014-05-15 04:00:00,154.35575329255755,154.3884835730816,152.5559748350145,153.30860900878906,154956000
2014-05-16 04:00:00,153.3985911636536,153.90581062377782,152.75231170830915,153.84036254882812,97458000
2014-05-19 04:00:00,153.5458421704744,154.52753826309055,153.40676970162355,154.4048309326172,63839000
2014-05-20 04:00:00,154.33118777873756,154.3475529164499,153.03862900714273,153.43130493164062,111644000
2014-05-21 04:00:00,153.87307972394493,154.79751661483144,153.8485382563058,154.72389221191406,89093000
2014-05-22 04:00:00,154.7648029888116,155.41927132314513,154.50302314484532,155.1002197265625,61549000
2014-05-23 04:00:00,155.23935241012458,155.8283728911113,155.10027986363465,155.72203063964844,61092800
2014-05-27 04:00:00,156.30278435857377,156.72819060112894,156.21279481655142,156.67910766601562,72010000
2014-05-28 04:00:00,156.67910620382267,156.9245333600427,156.30278289989283,156.5645751953125,66723000
2014-05-29 04:00:00,156.92453072696338,157.39900740929863,156.52366596243212,157.3744659423828,64377000
2014-05-30 04:00:00,157.22724518110314,157.72627590229587,157.09634901224538,157.6280975341797,76316000
2014-06-02 04:00:00,157.84890525014686,157.88163551765894,157.0471884572549,157.80799865722656,64656000
2014-06-03 04:00:00,157.4235279500103,157.8080275245052,157.27627916808893,157.72622680664062,65047000
2014-06-04 04:00:00,157.45631356172362,158.13532342164197,157.29269958555028,158.0453338623047,55529000
2014-06-05 04:00:00,158.22524997759652,159.23966371571177,157.64440623807792,159.0760498046875,92103000
2014-06-06 04:00:00,159.41966890679285,159.8777929259675,159.34604450719908,159.83689880371094,78696000
2014-06-09 04:00:00,159.81230242393664,160.38495725113452,159.66504119240633,160.00045776367188,65119000
2014-06-10 04:00:00,159.80416686904712,160.04959401475773,159.46057385822954,160.01687622070312,57129000
2014-06-11 04:00:00,159.44422140805037,159.62420049703104,159.1006283698902,159.46058654785156,68772000
2014-06-12 04:00:00,159.2724212573103,159.3624107962223,157.97984991791242,158.3316192626953,106350000
2014-06-13 04:00:00,158.64248254135236,158.96972287773357,158.1352756236396,158.8142852783203,82017000
2014-06-16 04:00:00,158.6179625319862,159.28060713874504,158.42980711495517,158.9451904296875,87424000
2014-06-17 04:00:00,158.72427269337297,159.50144809462137,158.55246998135732,159.3869171142578,84834000
2014-06-18 04:00:00,159.38701750506618,160.6468590825835,159.03523553334446,160.55686950683594,105267000
2014-06-19 04:00:00,160.69589453731265,160.83497950840575,160.18051119486776,160.73680114746094,85929000
2014-06-20 04:00:00,161.1370875380497,161.19463371160066,160.8658253115053,161.0631103515625,100587000
2014-06-23 04:00:00,161.10421468845882,161.15353281330988,160.71787265344807,161.0137939453125,70611000
2014-06-24 04:00:00,160.72611720995442,161.52346048651478,159.86301224078738,160.04385375976562,96237000
2014-06-25 04:00:00,159.7068370774699,160.93162514049092,159.67396250104642,160.76722717285156,82782000
2014-06-26 04:00:00,160.79186901161128,160.8083125694415,159.57530913012425,160.65213012695312,84312000
2014-06-27 04:00:00,160.27398615550112,161.01379566444012,160.20000896743468,160.9644775390625,71445100
2014-06-30 04:00:00,160.8658196284804,161.25216164572015,160.72608076691077,160.88226318359375,70201200
2014-07-01 04:00:00,161.2767974717471,162.45226690922894,161.21926385127557,161.9590606689453,90470000
2014-07-02 04:00:00,161.97551976046842,162.3289746504669,161.90154258015573,162.12347412109375,52475000
2014-07-03 04:00:00,162.58376780040177,162.99476879468665,162.46047251921829,162.92079162597656,52938800
2014-07-07 04:00:00,162.60845361116614,162.7399644083374,162.1152473578167,162.35362243652344,61696000
2014-07-08 04:00:00,162.05770474167193,162.11525090768373,160.91512235439055,161.3096923828125,108143000
2014-07-09 04:00:00,161.71251590443418,162.18106325605933,161.3672764287547,162.03309631347656,72992000
2014-07-10 04:00:00,160.4713289874998,161.81941258523548,160.33980557729075,161.3919677734375,99040000
2014-07-11 04:00:00,161.29329594026729,161.72895616565359,160.93161291328394,161.61387634277344,64243000
2014-07-14 04:00:00,162.43585832902872,162.64135888293202,162.2961194575055,162.42764282226562,58658000
2014-07-15 04:00:00,162.52625967405763,162.83862449238703,161.4083362925574,162.12347412109375,111307000
2014-07-16 04:00:00,162.8468823687337,162.97017770133462,162.27969875324916,162.7235870361328,79986400
2014-07-17 04:00:00,162.2221216569009,162.83862324027993,160.64386656582462,160.87403869628906,145398000
2014-07-18 04:00:00,161.40012771795253,162.682449069468,161.30970697943505,162.51805114746094,124330000
2014-07-21 04:00:00,162.00842765101223,162.3454515987707,161.46590313160976,162.21392822265625,67592000
2014-07-22 04:00:00,162.7646092413075,163.21671284357188,162.64952946461796,162.92079162597656,67678000
2014-07-23 04:00:00,163.16748241732589,163.45518828504046,162.83868646230496,163.28256225585938,65612000
2014-07-24 04:00:00,163.43870789314477,163.62776489753924,163.1263430263339,163.29074096679688,56888000
2014-07-25 04:00:00,162.83047358379494,162.97021250483832,162.205756193937,162.52633666992188,76837000
2014-07-28 04:00:00,162.5591691587061,162.8304314208784,161.62208704518352,162.59205627441406,69259000
2014-07-29 04:00:00,162.89618481557156,163.12634444277,161.8686820003075,161.89334106445312,80466000
2014-07-30 04:00:00,162.46873926849995,162.68246788030407,161.24396394658385,161.91799926757812,104222000
2014-07-31 04:00:00,160.79186241302526,160.93160129194877,158.62177695059333,158.7204132080078,183479000
2014-08-01 04:00:00,158.2847459829618,159.27114614156716,157.47097180992267,158.2354278564453,189261000
2014-08-04 04:00:00,158.53956022586675,159.715029893549,157.86552494441753,159.3780059814453,91340000
2014-08-05 04:00:00,158.72861820762353,159.13961927751095,157.2572273534825,157.83262634277344,152690000
2014-08-06 04:00:00,157.09286079485835,158.55602389233132,157.06820172916295,157.88198852539062,94818000
2014-08-07 04:00:00,158.5970962023668,158.75327861709204,156.63251157332502,157.02706909179688,135733000
2014-08-08 04:00:00,157.38055647921192,158.95057124596488,156.96132730387896,158.84371948242188,117014000
2014-08-11 04:00:00,159.44375497096155,160.0109384503892,159.23003893146645,159.30401611328125,74544000
2014-08-12 04:00:00,159.14785396939695,159.59172965957305,158.59711397448487,159.08209228515625,73632000
2014-08-13 04:00:00,159.70677088103102,160.33971596399383,159.43552124537413,160.15887451171875,69047000
2014-08-14 04:00:00,160.4219825045883,160.91517639160156,160.27401555855195,160.91517639160156,57371000
2014-08-15 04:00:00,161.49876480139025,161.6467191691378,159.72323713187455,160.88226318359375,139951000
2014-08-18 04:00:00,161.77007312374752,162.30436966101237,161.67965235898998,162.2303924560547,75424000
2014-08-19 04:00:00,162.62490740328676,163.2003064176299,162.29611155016437,163.07701110839844,59135000
2014-08-20 04:00:00,162.8550757693344,163.70996510185142,162.8222011993569,163.51268005371094,72763000
2014-08-21 04:00:00,163.65246268384917,164.20320281323004,163.52093928325502,163.98948669433594,67791000
2014-08-22 04:00:00,163.85789918242608,164.1456049408123,163.36470543730863,163.73460388183594,76107000
2014-08-25 04:00:00,164.51551647056783,164.88541494451613,163.70172979367527,164.56483459472656,63855000
2014-08-26 04:00:00,164.67173767089844,165.07452335097676,164.63063504350092,164.67173767089844,47298000
2014-08-27 04:00:00,164.75389614903582,164.86898849893842,164.35112309540983,164.60594177246094,47874000
2014-08-28 04:00:00,164.06342969122733,164.622397755809,163.89903174614776,164.51553344726562,58330000
2014-08-29 04:00:00,164.77034122129956,165.00050083770608,164.25248835576411,164.98406982421875,65907000
2014-09-02 04:00:00,165.19785318187735,165.2225122549122,164.28542985129639,164.9019317626953,72426000
2014-09-03 04:00:00,165.53482844552346,165.55948751129006,164.58130276001563,164.81146240234375,57462000
2014-09-04 04:00:00,165.0909884512629,165.6992748511505,164.12103146678734,164.57313537597656,85236000
2014-09-05 04:00:00,164.54016693335655,165.37861262850916,163.9154498220656,165.31285095214844,102177000
2014-09-08 04:00:00,165.1567298414379,165.39511757457484,164.4004890967244,164.88546752929688,64146000
2014-09-09 04:00:00,164.73745578395923,164.85253558457077,163.5044525447968,163.8414764404297,88591000
2014-09-10 04:00:00,163.93189908425634,164.56484431478006,163.389387143709,164.45799255371094,67251000
2014-09-11 04:00:00,163.8004483791815,164.671769057938,163.677140473486,164.64710998535156,66774400
2014-09-12 04:00:00,164.4827072073578,164.49913822676243,163.2168163184781,163.68536376953125,117409300
2014-09-15 04:00:00,163.71002447057174,163.84154788369514,163.06886351004903,163.5620574951172,76401000
2014-09-16 04:00:00,163.2578882957216,165.09095003615613,163.16746753492384,164.79502868652344,116201000
2014-09-17 04:00:00,165.03339607170335,165.78140859045598,164.19495026052815,165.01695251464844,151266000
2014-09-18 04:00:00,165.51837308107312,165.92115869779673,165.30465701208695,165.89649963378906,94990000
2014-09-19 04:00:00,166.4242232215027,166.73803563054193,165.40842519344787,165.7470245361328,121649000
2014-09-22 04:00:00,165.4580037800111,165.48277811486054,164.12012669118536,164.46697998046875,125553000
2014-09-23 04:00:00,163.87236597450647,164.5578186219817,163.4759640270549,163.5255126953125,111393000
2014-09-24 04:00:00,163.55023956249943,164.91289055105702,163.1208094946392,164.80552673339844,107276000
2014-09-25 04:00:00,164.37612523861637,164.38439175059128,162.08854446902515,162.14634704589844,150300000
2014-09-26 04:00:00,162.44365074080827,163.83933030665568,162.21241523182184,163.43466186523438,103547000
2014-09-29 04:00:00,162.0307004137063,163.42637973858504,161.9068287700612,163.1373291015625,95112000
2014-09-30 04:00:00,163.26123066237926,163.76499640227962,162.3693169293726,162.70791625976562,131302000
2014-10-01 04:00:00,162.4436263721659,162.50144154143456,160.13952553848534,160.50289916992188,177798000
2014-10-02 04:00:00,160.3624851970377,161.08923241774116,158.8512007924919,160.5276641845703,157285000
2014-10-03 04:00:00,161.60132464939446,162.64189729257492,161.10582526818806,162.2950439453125,121569000
2014-10-06 04:00:00,162.9721655700166,163.18689322462095,161.51868365305506,162.1050262451172,104778000
2014-10-07 04:00:00,161.27094719940743,161.63432087279543,159.56970918435422,159.6027374267578,147913000
2014-10-08 04:00:00,159.6936032666629,162.62535479615585,158.85950456392248,162.3941192626953,186461000
2014-10-09 04:00:00,162.13807318176424,162.36105475401183,159.04115590594805,159.1732940673828,210705000
2014-10-10 04:00:00,159.1320035667664,159.92480735377143,157.3151479033751,157.35643005371094,221909000
2014-10-13 04:00:00,157.290420577805,157.86024295689478,154.68074774613646,154.77159118652344,230939000
2014-10-14 04:00:00,155.60561060225552,156.76180039936898,154.46594122262,155.01100158691406,215847000
2014-10-15 04:00:00,152.91337524713177,155.00276088691277,150.23763445009078,153.96218872070312,380715000
2014-10-16 04:00:00,151.17911139793816,154.9119325414914,151.03871932723357,153.830078125,270391000
2014-10-17 04:00:00,155.60566264064934,156.70403764460713,154.94498433583533,155.64695739746094,214625000
2014-10-20 04:00:00,155.36616741486367,157.28212056578838,155.3166187490952,157.1582489013672,130011000
2014-10-21 04:00:00,158.29784157762535,160.37897290243555,158.1326752251704,160.27162170410156,154949000
2014-10-22 04:00:00,160.55245755600916,160.96537987104355,159.0659347016075,159.1320037841797,151822000
2014-10-23 04:00:00,160.72587799808218,162.03071402678484,160.4285734269678,160.9818878173828,154944000
2014-10-24 04:00:00,161.2461818846481,162.27023387588343,160.61854443276283,162.22067260742188,117927000
2014-10-27 04:00:00,161.64260660737887,162.23721589882828,161.06451774107865,161.9977264404297,82954000
2014-10-28 04:00:00,162.54269962286995,163.86404309200887,162.46836405038124,163.8557891845703,106736000
2014-10-29 04:00:00,163.97146694425467,164.4421918683471,162.52623872596226,163.60809326171875,142557000
2014-10-30 04:00:00,163.17041351782905,165.12766161846113,163.02175490436548,164.6569366455078,113330000
2014-10-31 04:00:00,166.63889222349715,166.6719330582954,165.80479386494258,166.539794921875,146903000
2014-11-03 05:00:00,166.75451738450903,167.19221395472238,166.25075174313696,166.63064575195312,93600000
2014-11-04 05:00:00,166.1846462639375,166.4902172262751,165.21840993752576,166.05252075195312,93343000
2014-11-05 05:00:00,167.26656105434105,167.3078558049434,166.3663934575977,167.1013946533203,91709000
2014-11-06 05:00:00,167.14273295542398,167.86121391783874,166.52334933916524,167.77037048339844,107089000
2014-11-07 05:00:00,167.7868845091641,168.14200432166604,167.3244134428847,167.92727661132812,89540000
2014-11-10 05:00:00,167.960280824101,168.50532868967758,167.7538196715889,168.45578002929688,66319000
2014-11-11 05:00:00,168.52185909426603,168.72832025900985,168.18325975975273,168.62095642089844,54499400
2014-11-12 05:00:00,167.93554994935755,168.670551338436,167.9025090996282,168.43931579589844,90120300
2014-11-13 05:00:00,168.60440658271904,169.15772085417396,167.81985687248854,168.62918090820312,85357900
2014-11-14 05:00:00,168.55491446839423,168.87699340910518,168.2410894384844,168.6705322265625,80417500
2014-11-17 05:00:00,168.34843241537783,168.951295465275,168.18325340870882,168.77786254882812,80441000
2014-11-18 05:00:00,168.83567707491346,170.05792359097214,168.83567707491346,169.7523651123047,76068100
2014-11-19 05:00:00,169.5541356041951,169.7523428245818,168.7200371793355,169.4798126220703,82373000
2014-11-20 05:00:00,168.68708503766607,169.88457029689997,168.62101592946465,169.77720642089844,72840300
2014-11-21 05:00:00,171.4783785234513,171.6435449292258,170.1074734128838,170.68556213378906,142327300
2014-11-24 05:00:00,171.09024304221742,171.27192988226358,170.87552795915832,171.16456604003906,65880800
2014-11-25 05:00:00,171.3958023604151,171.60226353405034,170.7846853513444,171.0406951904297,79108300
2014-11-26 05:00:00,171.1893124020666,171.57746035134673,170.97459735408972,171.47836303710938,62167800
2014-11-28 05:00:00,171.3545074935901,171.66831988528793,170.87551609412708,171.11500549316406,57890100
2014-12-01 05:00:00,170.4543212927143,170.56993903326463,169.6119688692997,169.92578125,103968400
2014-12-02 05:00:00,169.96707458645176,171.23061581245025,169.9423002566391,171.02415466308594,74507200
2014-12-03 05:00:00,171.19759964816993,171.89956004468655,171.03243323730658,171.68484497070312,68952000
2014-12-04 05:00:00,171.39580888717796,171.99868461015117,170.70210234168079,171.4949188232422,91316600
2014-12-05 05:00:00,171.66831670920902,172.16382852055875,171.40405298417429,171.7756805419922,91025500
2014-12-08 05:00:00,171.37923751073993,171.8747366017464,170.06613530631617,170.62771606445312,108588200
2014-12-09 05:00:00,168.77785208590373,170.619494564706,168.39797063744825,170.5121307373047,125180100
2014-12-10 05:00:00,170.04968312678588,170.10748570235788,167.58865687780872,167.7786102294922,159856400
2014-12-11 05:00:00,168.37317114394344,170.28086981453527,168.23277909907156,168.62918090820312,159012800
2014-12-12 05:00:00,167.34915879659377,168.32366203296584,165.87090242278734,165.9039306640625,202330200
2014-12-15 05:00:00,166.8041352234212,167.25835240016806,164.16143428788322,164.76429748535156,189965800
2014-12-16 05:00:00,163.9962159601756,167.15093565980243,163.40160686261663,163.44290161132812,259543800
2014-12-17 05:00:00,163.88064427522826,167.10143395756077,163.7567599942822,166.647216796875,253910100
2014-12-18 05:00:00,169.08342528724285,175.88012271020028,168.40622667720297,170.7681427001953,257633900
2014-12-19 05:00:00,171.42000511157008,172.16737506492635,170.7390815586241,171.4947509765625,245084600
2014-12-22 05:00:00,171.68572427286688,172.2836151123047,171.44491311270252,172.2836151123047,148318900
2014-12-23 05:00:00,172.8649725362403,172.91479468357073,172.225558746633,172.51620483398438,122167900
2014-12-24 05:00:00,172.7403460036411,173.00606823691413,172.491222698678,172.53274536132812,42963400
2014-12-26 05:00:00,172.9811854393598,173.42960999575536,172.93136330441357,173.08914184570312,57326700
2014-12-29 05:00:00,172.90645391693172,173.52925595169037,172.84002017937803,173.3216552734375,79643900
2014-12-30 05:00:00,172.89816300813283,173.03101781887543,172.31687094350457,172.39161682128906,73540800
2014-12-31 05:00:00,172.71546603598998,172.88154404555357,170.55641389884352,170.68096923828125,130333800
2015-01-02 05:00:00,171.37853820221306,171.7937396125908,169.55164185979788,170.5896453857422,121465900
2015-01-05 05:00:00,169.54333437814066,169.7094124002523,167.20160512320268,167.50885009765625,169632600
2015-01-06 05:00:00,167.8160193550773,168.3391769260789,165.13382312888098,165.93101501464844,209151400
2015-01-07 05:00:00,167.2597365436006,168.3392627570827,166.81132459049292,167.99879455566406,125346700
2015-01-08 05:00:00,169.41045875874744,171.19583225581977,169.3938598269918,170.97991943359375,147217800
2015-01-09 05:00:00,171.3950710007043,171.41168259857324,168.99520828157452,169.60971069335938,158567300
2015-01-12 05:00:00,169.74258345029023,169.90036195764486,167.67487659816504,168.28106689453125,144396100
2015-01-13 05:00:00,169.5018318521555,170.63118027606808,166.50407694778815,167.8078155517578,214553300
2015-01-14 05:00:00,165.7898546132115,166.99394837900314,164.8930310606249,166.79464721679688,192991100
2015-01-15 05:00:00,167.43409031416195,167.74963470481038,165.1504830274808,165.26673889160156,176613900
2015-01-16 05:00:00,165.0591150213999,167.59184528107048,164.87642545047697,167.43406677246094,211879600
2015-01-20 05:00:00,168.07344095314926,168.3391758036116,166.2216471461297,167.79110717773438,130991100
2015-01-21 05:00:00,167.32611551342015,169.11978808054434,166.86109210807777,168.63815307617188,122942700
2015-01-22 05:00:00,169.39384594565314,171.27885089160938,168.01537446648058,171.14599609375,174356000
2015-01-23 05:00:00,170.88853458368385,171.1459700168589,170.07474363543025,170.20761108398438,117516800
2015-01-26 05:00:00,169.99174180262426,170.6975764930276,169.27759497584347,170.60623168945312,92009700
2015-01-27 05:00:00,168.54679346712993,169.50175125691902,167.5254019579997,168.35580444335938,134044600
2015-01-28 05:00:00,169.54328327197024,169.64292752101284,166.00577305065028,166.19676208496094,168514300
2015-01-29 05:00:00,166.39611375631884,167.99048557958827,164.98441888809216,167.73306274414062,173585400
2015-01-30 05:00:00,166.5538694200649,167.88250608803452,165.35808754923485,165.62380981445312,197729700
2015-02-02 05:00:00,166.12204738877088,167.7662410356698,164.30346361569946,167.67489624023438,163107000
2015-02-03 05:00:00,168.57174774518685,170.10799780532918,168.1980690651613,170.0996856689453,124212900
2015-02-04 05:00:00,169.33572471440522,170.54811828639697,168.9952565509967,169.4519805908203,134306700
2015-02-05 05:00:00,170.11630999849754,171.31209200079672,170.04157679108897,171.16261291503906,97953200
2015-02-06 05:00:00,171.52798748190747,172.09266793246513,170.1661274988381,170.6892852783203,125672000
2015-02-09 05:00:00,170.04154882924846,170.76399505727906,169.51839112153613,169.92529296875,87219000
2015-02-10 05:00:00,170.96334239535142,171.99303381743493,169.9668488410305,171.73561096191406,96164200
2015-02-11 05:00:00,171.56952853882618,172.2670638722587,170.9218153476472,171.8352508544922,91087800
2015-02-12 05:00:00,172.6324029759526,173.54585094120173,171.86843407362545,173.4877166748047,97545900
2015-02-13 05:00:00,173.6122949702512,174.2516959129132,173.35485949500125,174.20187377929688,93670400
2015-02-17 05:00:00,173.88629969098562,174.6502812348143,173.63718904727858,174.47589111328125,76968200
2015-02-18 05:00:00,174.10224813581863,174.56727166056717,173.83651316685336,174.49253845214844,80652900
2015-02-19 05:00:00,173.89461228543314,174.73331435364972,173.7534453633138,174.36793518066406,91462500
2015-02-20 05:00:00,173.95272895489586,175.48897879666274,173.32992701973706,175.41424560546875,140896400
2015-02-23 05:00:00,175.16514624533434,175.3893585205078,174.78315543099953,175.3893585205078,74411100
2015-02-24 05:00:00,175.3146238371642,176.0869049805219,175.01567834149998,175.88760375976562,72472300
2015-02-25 05:00:00,175.7630397296052,176.2446748194243,175.3976605117466,175.73812866210938,73061700
2015-02-26 05:00:00,175.64678871208758,175.80456725788164,174.9243297219221,175.53053283691406,72697900
2015-02-27 05:00:00,175.43085115185949,175.69658606960184,174.88279505815788,174.9326171875,108076000
2015-03-02 05:00:00,175.03230115309572,176.09521572331582,174.98247901245122,176.03709411621094,87491400
2015-03-03 05:00:00,175.60523642849265,176.086871450403,174.45097733715266,175.31459045410156,110325800
2015-03-04 05:00:00,174.71671319520425,174.79145906391878,173.60397668074862,174.57554626464844,114497200
2015-03-05 05:00:00,174.8994105866747,175.0488896598261,174.26000963818214,174.7665557861328,76873000
2015-03-06 05:00:00,173.9028733235907,174.33468612997106,171.97634629754864,172.30850219726562,188128000
2015-03-09 04:00:00,172.50782903800885,173.37974157238781,172.35005052731177,173.02267456054688,89818900
2015-03-10 04:00:00,171.65254818097966,171.73558084865232,170.17441971350635,170.2159423828125,157121300
2015-03-11 04:00:00,170.47336485326827,170.64775499563052,169.73430695647514,169.81735229492188,110145700
2015-03-12 04:00:00,170.44845926378608,172.0428309798738,170.39863712749272,171.97640991210938,93993500
2015-03-13 04:00:00,171.70234865758871,172.6656060409141,169.88376494145254,170.92176818847656,162410900
2015-03-16 04:00:00,171.65254954847836,173.29674336439572,170.94670217746943,173.2053985595703,136099200
2015-03-17 04:00:00,172.46636995800847,173.0725604906945,171.87677835924563,172.69058227539062,94510400
2015-03-18 04:00:00,172.21721344470942,175.43917993796543,171.57779982527737,174.7665557861328,228808500
2015-03-19 04:00:00,174.35135115714198,174.7748519597055,173.57907008077407,173.9693603515625,117917300
2015-03-20 04:00:00,174.921115497319,176.01379694747334,174.73761038214025,175.50498962402344,177715100
2015-03-23 04:00:00,175.51330355692855,176.088841096171,175.16297912597656,175.16297912597656,71784500
2015-03-24 04:00:00,175.0378425022575,175.4965924373723,174.11198066589287,174.1787109375,77805300
2015-03-25 04:00:00,174.3872865421837,174.6208361937173,171.58467799627863,171.62637329101562,159521700
2015-03-26 04:00:00,170.95909470831967,172.13517947161392,170.25843303087674,171.21766662597656,153067200
2015-03-27 04:00:00,171.10088812358376,171.78485130454047,170.90903377218643,171.6096954345703,118939000
2015-03-30 04:00:00,172.64397028218596,174.00357275757946,172.6272972569972,173.7032928466797,96180400
2015-03-31 04:00:00,172.8775388867639,173.57820057410913,172.12684539086015,172.1852264404297,126768700
2015-04-01 04:00:00,172.15189268382562,172.17691495549303,170.5837624459841,171.57635498046875,137303600
2015-04-02 04:00:00,171.50955148134364,172.64394064696353,171.32604641576557,172.1935272216797,86900900
2015-04-06 04:00:00,171.30109672220806,173.8701560011208,171.1676488495723,173.35301208496094,114368200
2015-04-07 04:00:00,173.3779652348547,174.12865853822265,172.86082152486782,172.89418029785156,81236300
2015-04-08 04:00:00,173.11944263420943,173.92018068862075,172.72741012074695,173.4781036376953,89351900
2015-04-09 04:00:00,173.31122404858024,174.4789719419565,172.81910263119292,174.24542236328125,85548900
2015-04-10 04:00:00,174.4956555936852,175.2380123300149,174.29547751579685,175.19630432128906,72722900
2015-04-13 04:00:00,175.0545502908604,175.68848163327957,174.3539013910817,174.40394592285156,74436600
2015-04-14 04:00:00,174.20374984931914,174.92108442828817,173.57816781164263,174.73757934570312,75099900
2015-04-15 04:00:00,175.2046992731594,176.0304595148972,175.1212832339432,175.5216522216797,99529300
2015-04-16 04:00:00,175.188009231163,175.9804106743164,174.98781837844513,175.4716033935547,68934900
2015-04-17 04:00:00,174.27877560689956,174.520661671085,172.6689382573339,173.4530029296875,191113200
2015-04-20 04:00:00,174.37890352344175,175.3714957139419,174.29550022262177,175.03785705566406,92189500
2015-04-21 04:00:00,175.72180552240619,175.88028832654422,174.52903532704792,174.82931518554688,72559800
2015-04-22 04:00:00,175.17130483776364,175.8719663839666,174.24544292465518,175.68846130371094,78264600
2015-04-23 04:00:00,175.28809551063674,176.78115855084636,175.17132069694716,176.13055419921875,102585900
2015-04-24 04:00:00,176.5476101043987,176.80618199876233,176.0888473591567,176.5392608642578,61327400
2015-04-27 04:00:00,177.10644540710808,177.23155672256055,175.61338249604708,175.80523681640625,79358100
2015-04-28 04:00:00,175.78023115153326,176.41414975551587,174.60413376522976,176.36410522460938,86863500
2015-04-29 04:00:00,175.4715956673724,176.23897481108523,174.82934057391154,175.638427734375,125684900
2015-04-30 04:00:00,175.06283620087117,175.45486852791493,173.17774133615129,173.87840270996094,161304900
2015-05-01 04:00:00,174.6625343503475,175.80527308639842,174.56244527733637,175.76356506347656,103399700
2015-05-04 04:00:00,176.18888229129143,176.8478356849652,176.08045675027265,176.2639617919922,70927200
2015-05-05 04:00:00,176.02207919087996,176.38075279723677,174.1036253139068,174.24542236328125,113326200
2015-05-06 04:00:00,174.7959103770925,175.1045266879215,172.4604022257632,173.52806091308594,135060200
2015-05-07 04:00:00,173.42804226185322,174.6458477077219,173.0944035594923,174.22044372558594,88244900
2015-05-08 04:00:00,175.89697319642767,176.7143967464477,175.81355717545713,176.5142059326172,155877300
2015-05-11 04:00:00,176.47251875307046,176.73942712293612,175.59670140265482,175.67176818847656,75708100
2015-05-12 04:00:00,174.83765437758237,175.68844944429148,174.01188157217368,175.14627075195312,119727600
2015-05-13 04:00:00,175.55501895247156,176.1806010470727,174.94612261075986,175.17967224121094,94667900
2015-05-14 04:00:00,176.19730614987938,177.09814599233493,175.92204847072614,177.0063934326172,95934000
2015-05-15 04:00:00,177.19821166992188,177.34000874758186,176.71442666687605,177.19821166992188,76510100
2015-05-18 04:00:00,177.03136847128513,177.99892561949312,176.96463819770213,177.7487030029297,74549700
2015-05-19 04:00:00,177.86549144851102,178.14074907535127,177.4067287371106,177.69032287597656,72114600
2015-05-20 04:00:00,177.79038588607386,178.31587879919937,177.2482199513393,177.565185546875,76857500
2015-05-21 04:00:00,177.42338047331128,178.29084847515026,177.25654844478737,178.0823211669922,64764600
2015-05-22 04:00:00,177.69867771380288,178.11573245308634,177.59025213628956,177.656982421875,57433500
2015-05-26 04:00:00,177.16484019378424,177.5902441543336,175.32980196891455,175.74685668945312,124308600
2015-05-27 04:00:00,176.2056437863979,177.64864975524398,175.79692552186845,177.41510009765625,93214000
2015-05-28 04:00:00,177.10643598162432,177.3232998260336,176.52256199475443,177.21487426757812,74974600
2015-05-29 04:00:00,177.148130641976,177.18982592343252,175.84692221859632,176.11383056640625,124919600
2015-06-01 04:00:00,176.78116587440553,177.114804576626,175.6801352475768,176.47254943847656,93338800
2015-06-02 04:00:00,176.01372343713817,176.98962965437434,175.38814154961528,176.2973175048828,91531000
2015-06-03 04:00:00,176.8311956123925,177.39004739198074,176.2723438328042,176.76446533203125,87820900
2015-06-04 04:00:00,176.05545760755646,176.71439836024885,174.95442721268049,175.27139282226562,151882800
2015-06-05 04:00:00,175.12124868026984,175.6467416231442,174.3121616240181,174.9711151123047,121704700
2015-06-08 04:00:00,174.86271165727408,175.01285798264342,173.82007480262817,173.8951416015625,89063300
2015-06-09 04:00:00,173.8700714111328,174.41225006260743,173.23615296013642,173.8700714111328,105034700
2015-06-10 04:00:00,174.63745857318546,176.33904865801748,174.57907754098412,175.95535278320312,134551300
2015-06-11 04:00:00,176.39747420459858,176.90628151074168,176.16392456186088,176.52259826660156,73876400
2015-06-12 04:00:00,175.69680341934261,176.39745226039358,174.89605279564194,175.1713104248047,135382400
2015-06-15 04:00:00,174.02860655267423,174.7042332150856,173.3196083826741,174.42063903808594,124384200
2015-06-16 04:00:00,174.27041454059952,175.45486070620345,174.09525875057736,175.37144470214844,85308200
2015-06-17 04:00:00,175.65512084960938,176.26402996331325,174.62916970319918,175.65512084960938,126708600
2015-06-18 04:00:00,176.25566958768786,177.9489107889611,175.6884812588379,177.4818115234375,165867900
2015-06-19 04:00:00,177.23872468524232,177.3141566139647,176.31673625838624,176.69390869140625,130478700
2015-06-22 04:00:00,177.6158880068531,178.18583515828453,177.38957944288714,177.59912109375,70696000
2015-06-23 04:00:00,177.80869056363647,178.06014314189434,177.33094217541498,177.72486877441406,68476800
2015-06-24 04:00:00,177.45667707463926,177.83384957921308,176.40896856781723,176.43411254882812,92307300
2015-06-25 04:00:00,176.93700593410784,177.06272583076822,175.82224262255068,175.89767456054688,97107400
2015-06-26 04:00:00,176.25810818728036,176.50118374540511,175.31098830635182,175.8641815185547,104174800
2015-06-29 04:00:00,174.38062200143642,175.87255802519303,172.1008070639049,172.17623901367188,202621300
2015-06-30 04:00:00,173.7184417894679,173.76874253924814,172.05887515020245,172.53663635253906,182925100
2015-07-01 04:00:00,174.1123151099904,174.36376760580677,173.1316618867712,173.91954040527344,135979900
2015-07-02 04:00:00,174.39736036893765,174.5649911596692,173.3412620874507,173.76034545898438,104373700
2015-07-06 04:00:00,172.4695523587441,174.04529693843062,172.26838776181464,173.26580810546875,117975400
2015-07-07 04:00:00,173.46693804525194,174.48111231063797,171.07815849292692,174.3553924560547,173820200
2015-07-08 04:00:00,173.01438679246493,173.29936043084123,171.19556639777835,171.4302520751953,164020100
2015-07-09 04:00:00,173.53401730299444,173.7938597071695,171.6313882190003,171.74034118652344,144113100
2015-07-10 04:00:00,173.74354781434957,174.32188481108537,171.78224105191214,173.90280151367188,129456900
2015-07-13 04:00:00,175.16842048775808,175.93114227866695,175.12650960510456,175.8221893310547,106069400
2015-07-14 04:00:00,175.78034322620687,176.89510661068846,175.72166541098707,176.58497619628906,81709600
2015-07-15 04:00:00,176.62685153842682,177.08784574588702,176.04851451355927,176.52627563476562,97914100
2015-07-16 04:00:00,177.58239169248435,177.94281005859375,177.33932895347903,177.94281005859375,106683300
2015-07-17 04:00:00,177.934389481374,178.1523209918966,177.5236960150652,178.09364318847656,89030000
2015-07-20 04:00:00,178.3199465192318,178.68035202310475,177.86734217655754,178.1858367919922,70446800
2015-07-21 04:00:00,178.05175878162086,178.31160122046188,177.18007097810224,177.4818115234375,77965000
2015-07-22 04:00:00,176.79448892199207,177.498558642185,176.76096788265355,177.1632843017578,88667900
2015-07-23 04:00:00,177.29736243398483,177.39793832348076,175.8054270559001,176.16583251953125,90509100
2015-07-24 04:00:00,176.26645473830396,176.32511975520399,174.00340726819167,174.3386688232422,117755000
2015-07-27 04:00:00,173.45024136188783,173.96152362654487,172.8802812817307,173.3245086669922,132361100
2015-07-28 04:00:00,174.16267663784706,175.59594751699711,173.33289967728547,175.45346069335938,123544800
2015-07-29 04:00:00,175.57914301127943,176.88668091477373,175.43665621814563,176.66038513183594,105791300
2015-07-30 04:00:00,176.14910796150576,176.86993179915348,175.52886003023414,176.70230102539062,91304400
2015-07-31 04:00:00,177.20522447511988,177.23036845613078,176.14913890443106,176.43411254882812,103266900
2015-08-03 04:00:00,176.4005569032075,176.45922191758902,174.88346453980012,175.83897399902344,113965700
2015-08-04 04:00:00,175.76358332450985,176.22457764317085,175.00923828627256,175.49537658691406,81820800
2015-08-05 04:00:00,176.3921487685953,177.11297251676348,175.78866782643556,176.0736541748047,85786800
2015-08-06 04:00:00,176.25802072836493,176.366986461691,174.04526176693219,174.63198852539062,116030800
2015-08-07 04:00:00,174.4727124573582,174.62357626314957,173.39147069157195,174.29669189453125,117858000
2015-08-10 04:00:00,175.41152513396304,176.57657632994778,175.41152513396304,176.49276733398438,80270700
2015-08-11 04:00:00,175.1517211582246,175.5708045676496,174.13753368007548,174.9002685546875,126081400
2015-08-12 04:00:00,173.59270729311194,175.29418468609808,172.1259155550612,175.1097869873047,172123700
2015-08-13 04:00:00,174.95051071459216,175.63781346502694,174.34702973986168,174.891845703125,89383300
2015-08-14 04:00:00,174.69907998770253,175.60430156281325,174.5565931827419,175.52886962890625,72786500
2015-08-17 04:00:00,174.93382216001748,176.5095672607422,174.47282779966767,176.5095672607422,79072600
2015-08-18 04:00:00,176.23288506157022,176.58491345958961,175.76351386421103,175.99819946289062,71692700
2015-08-19 04:00:00,175.25226694854604,176.02337875456294,173.79386511974803,174.6068878173828,172946000
2015-08-20 04:00:00,173.0897835277865,174.58171908337056,170.90216814514122,170.96084594726562,194327900
2015-08-21 04:00:00,169.0833901824913,170.9357444947941,165.55471500804995,165.81454467773438,346588500
2015-08-24 04:00:00,157.14788529688326,165.5211627702032,152.8816069080654,158.8325958251953,507244300
2015-08-25 04:00:00,163.80291645403958,163.81968336952568,156.67012224910826,156.96348571777344,369833100
2015-08-26 04:00:00,160.9950428129455,163.26646714746195,157.8854390851159,162.98988342285156,339257000
2015-08-27 04:00:00,165.13562435844057,167.14721953638156,163.61854451657695,167.02149963378906,274143900
2015-08-28 04:00:00,166.3760924375732,167.4992327629077,165.88995420957562,167.0298614501953,160414400
2015-08-31 04:00:00,166.04920004539088,166.90413363260612,165.12721158962853,165.68040466308594,163298800
2015-09-01 04:00:00,161.86679294703822,163.2497760510679,159.8635745018792,160.7352752685547,256000400
2015-09-02 04:00:00,163.1239588618215,163.82802843626436,161.27999513412178,163.78611755371094,160269300
2015-09-03 04:00:00,164.49859462261233,165.99892020216828,163.40898812635584,163.90350341796875,152087800
2015-09-04 04:00:00,161.64046266790194,162.4870064802437,160.60113129490634,161.4225311279297,207081000
2015-09-08 04:00:00,164.23037268580646,165.63010943304118,163.5849807951243,165.47923278808594,116025700
2015-09-09 04:00:00,167.0634331021601,167.18915302173792,162.89774257465578,163.2665252685547,149347700
2015-09-10 04:00:00,163.07368048332086,165.30320655611314,162.8138509014177,164.15492248535156,158611100
2015-09-11 04:00:00,163.76103258801518,164.96799481977166,163.04858569611687,164.90093994140625,119691200
2015-09-14 04:00:00,165.0769106390603,165.12719858915932,163.80289381578527,164.28903198242188,79452000
2015-09-15 04:00:00,164.79200685466859,166.78684831616613,164.24720344531798,166.34262084960938,113806200
2015-09-16 04:00:00,166.6443005727278,167.97698248541326,166.300649174541,167.78419494628906,99581600
2015-09-17 04:00:00,167.65007313675798,170.0556069884782,167.02982529953883,167.40699768066406,276046600
2015-09-18 04:00:00,164.89039016793595,167.39267480976977,164.25849712014326,164.67132568359375,223657500
2015-09-21 04:00:00,165.50543900888917,166.55016068246064,164.4691379483344,165.5222930908203,105726200
2015-09-22 04:00:00,163.3485656392024,163.83723112705485,162.2364277311458,163.37384033203125,153890900
2015-09-23 04:00:00,163.54235356130408,164.01416500034912,162.53132721250788,163.1126708984375,92790600
2015-09-24 04:00:00,161.89102552915193,162.98630959849973,160.5514150898855,162.52291870117188,159378800
2015-09-25 04:00:00,163.98887097155477,164.29218012602328,161.6045265070183,162.4807586669922,155054800
2015-09-28 04:00:00,161.5792891768883,161.6888214361858,158.09123952191896,158.40296936035156,178515900
2015-09-29 04:00:00,158.62202231997662,159.8605338255233,157.49303020984766,158.49563598632812,159045600
2015-09-30 04:00:00,160.39135300817495,161.62144418979224,159.60781155005586,161.45294189453125,163452000
2015-10-01 04:00:00,161.83201673526074,162.17745467193026,159.92791706134693,161.8741455078125,131079000
2015-10-02 04:00:00,159.8858081979462,164.31748050604588,159.33815979837223,164.29220581054688,211003300
2015-10-05 04:00:00,165.5222904632326,167.44324438416083,165.41275821626556,167.21575927734375,126320800
2015-10-06 04:00:00,167.08095365985653,167.6454432690335,165.97724913624944,166.64283752441406,110274500
2015-10-07 04:00:00,167.57813199987612,168.36168653583786,166.38174865197644,168.00782775878906,124307300
2015-10-08 04:00:00,167.620164074266,169.81073183677148,167.31685488954827,169.52427673339844,153055200
2015-10-09 04:00:00,169.66747972146229,170.10558292581914,168.99345798012698,169.62535095214844,107069200
2015-10-12 04:00:00,169.70117337039613,169.9876284295074,169.27149078172923,169.78543090820312,56395600
2015-10-13 04:00:00,169.05245860534882,170.32467824732245,168.5469518496693,168.7154541015625,88038700
2015-10-14 04:00:00,168.65647744574315,169.23782116366917,167.61175573204258,167.90663146972656,99106200
2015-10-15 04:00:00,168.57220807891355,170.49316182304554,168.20149545181854,170.4847412109375,134142200
2015-10-16 04:00:00,170.88922068937657,171.27677470294674,170.122520421968,171.2599334716797,114580100
2015-10-19 04:00:00,170.6111395765444,171.34413146972656,170.29940975639073,171.34413146972656,76523900
2015-10-20 04:00:00,170.90605512712085,171.740145935504,170.65329527225617,171.12510681152344,78448500
2015-10-21 04:00:00,171.54639115116822,171.69803937017198,169.89503769412747,170.0635528564453,102038000
2015-10-22 04:00:00,171.01555408100344,173.14713922324813,170.06351050170636,172.93650817871094,174911700
2015-10-23 04:00:00,174.61311694471254,175.20288123414247,173.8127216336364,174.83216857910156,144442300
2015-10-26 04:00:00,174.65524086923617,174.71421086859263,174.03176843435705,174.40248107910156,69033000
2015-10-27 04:00:00,173.72848858573917,174.40251052125234,173.38305057610253,174.0655059814453,77905800
2015-10-28 04:00:00,174.40255117901623,176.07074589498902,173.73696255816668,176.04547119140625,135906700
2015-10-29 04:00:00,175.53992790803008,176.3150486544722,175.4219750304389,175.9443359375,90525500
2015-10-30 04:00:00,176.13807618975972,176.4582394432896,175.0259511265928,175.18601989746094,131076900
2015-11-02 05:00:00,175.51469389872412,177.4524897861131,175.38830752178413,177.2587127685547,86270800
2015-11-03 05:00:00,176.9047690391942,178.32863668616534,176.67728395474592,177.77256774902344,95246100
2015-11-04 05:00:00,178.06751738816226,178.19389089182457,176.6941986541621,177.23341369628906,96224500
2015-11-05 05:00:00,177.29237854888606,177.7557694753189,176.1633990960499,177.0564727783203,78408700
2015-11-06 05:00:00,176.71101342488367,177.1996789568263,175.63258358056132,176.96376037597656,110471500
2015-11-09 05:00:00,176.34872479335496,176.50038582285393,174.3603673187889,175.3124237060547,131008700
2015-11-10 05:00:00,174.83217450052211,175.7505355564857,174.5625734687504,175.71682739257812,75874600
2015-11-11 05:00:00,175.98649349733694,176.03704290229908,174.95861274343486,175.02601623535156,67846000
2015-11-12 05:00:00,173.98126552304709,174.45307706752146,172.56583088962398,172.58267211914062,121315200
2015-11-13 05:00:00,172.16983133801148,172.43943240622295,170.56060697521025,170.6448516845703,153577100
2015-11-16 05:00:00,170.45947277662623,173.29877472472785,170.34150706740493,173.2397918701172,117645200
2015-11-17 05:00:00,173.55156528208832,174.4362054109166,172.61636290210208,173.1134490966797,121123700
2015-11-18 05:00:00,173.59368469473657,176.00330447904054,173.5515687684409,175.86007690429688,121342500
2015-11-19 05:00:00,175.7421303720266,176.12969718395317,175.41354642848225,175.70843505859375,88220500
2015-11-20 05:00:00,176.46672303669996,177.03121281009246,175.9696367542068,176.34877014160156,94011500
2015-11-23 05:00:00,176.4077411436625,176.91324800753102,175.68316973514044,176.1465606689453,64931200
2015-11-24 05:00:00,175.13553151951933,176.7868848926766,174.74797752003937,176.38247680664062,98874400
2015-11-25 05:00:00,176.50881065280964,176.71102107833963,176.09596918831448,176.35716247558594,51980100
2015-11-27 05:00:00,176.44979393873967,176.76153655861043,175.96956194709995,176.559326171875,37317800
2015-11-30 05:00:00,176.71947447075715,176.83742736022032,175.71686848236988,175.82640075683594,112822700
2015-12-01 05:00:00,176.45829928959017,177.62098698914056,176.18026471552807,177.50302124023438,97858400
2015-12-02 05:00:00,177.45244662633874,177.77260994296742,175.43881426017808,175.6915740966797,108441300
2015-12-03 05:00:00,175.94431296360074,176.21391399607774,172.5068130222087,173.23138427734375,166224200
2015-12-04 05:00:00,173.2313918280088,176.90479765389327,173.2313918280088,176.6099090576172,192913900
2015-12-07 05:00:00,176.28129887765562,176.7025608918919,174.5709761283281,175.53988647460938,102027100
2015-12-08 05:00:00,173.9728433690067,175.48937678971333,173.3746454730478,174.3603973388672,103372400
2015-12-09 05:00:00,173.7200569214092,175.81793383167454,172.02657514846928,173.00390625,162401500
2015-12-10 05:00:00,173.0712757129132,174.76474429715466,172.83537002523468,173.45040893554688,116128900
2015-12-11 05:00:00,171.32724102578635,171.9928292533723,169.77698727190102,170.08872985839844,211173300
2015-12-14 05:00:00,170.24882129085375,171.07449116483906,168.46266176914264,170.94810485839844,182385200
2015-12-15 05:00:00,172.4647022858975,173.65266450100785,170.92288144720303,172.74273681640625,154069600
2015-12-16 05:00:00,173.8717464557031,175.57364924685896,172.54898990777156,175.2703399658203,197017000
2015-12-17 05:00:00,175.58204800121803,175.6494514837124,172.5826637376671,172.59951782226562,173092500
2015-12-18 05:00:00,171.85534272480618,171.990939022608,169.36357808243466,169.5246124267578,251393500
2015-12-21 05:00:00,170.70274033853093,171.101084486675,169.58398325887222,170.923095703125,99094300
2015-12-22 05:00:00,171.81295075722002,172.77067309402443,170.82133258152663,172.47402954101562,111026200
2015-12-23 05:00:00,173.48263566709488,174.65224278736596,173.38940592660356,174.60986328125,110987200
2015-12-24 05:00:00,174.3556403532474,174.87263941217515,174.10137618891343,174.3217315673828,48539600
2015-12-28 05:00:00,173.62671149921476,173.9657216752346,172.84697774844173,173.92335510253906,65899900
2015-12-29 05:00:00,175.02517123167766,176.11001947864887,174.9912753818897,175.77947998046875,92640700
2015-12-30 05:00:00,175.53367133171398,175.61843034119659,174.38948936574437,174.5335693359375,63317700
2015-12-31 05:00:00,173.85556540914322,174.49968997185306,172.78765869140625,172.78765869140625,114877900
2016-01-04 05:00:00,169.92301323230402,170.38067837166693,168.31268218343766,170.37220764160156,222353500
2016-01-05 05:00:00,170.69421994070248,171.1179891192369,169.55005091810494,170.6603240966797,110845800
2016-01-06 05:00:00,168.10077111434867,169.5585382659889,167.47360094538482,168.50759887695312,152112600
2016-01-07 05:00:00,165.5497226828784,167.3380297152335,164.07500080626087,164.46487426757812,213436100
2016-01-08 05:00:00,165.43106178303285,165.9904403640963,162.37144691271115,162.65960693359375,209817200
2016-01-11 05:00:00,163.5833358126264,163.92235883649835,160.87969994203132,162.820556640625,187941300
2016-01-12 05:00:00,164.26982549577858,164.88852463025395,161.9984168738465,164.13421630859375,172330500
2016-01-13 05:00:00,164.80384166995327,165.1513355227424,159.659290232623,160.04067993164062,221168900
2016-01-14 05:00:00,160.6509575785787,163.79531880395888,159.049110008642,162.6680908203125,240795600
2016-01-15 05:00:00,158.29477411933024,159.98136750929737,157.23535096184875,159.17620849609375,324846400
2016-01-19 05:00:00,160.99839216295302,161.12551774367915,157.8116396603883,159.3880615234375,195244400
2016-01-20 05:00:00,156.82005027899447,158.91347144407737,153.42142549204524,157.34552001953125,286547800
2016-01-21 05:00:00,157.82011394437433,160.07455601390174,156.48947259392077,158.2269287109375,195772900
2016-01-22 05:00:00,160.84582417859346,161.67640812580294,160.0830448500717,161.47300720214844,168319600
2016-01-25 05:00:00,160.96450644933861,161.15943667851778,158.83718952179737,159.03211975097656,130371700
2016-01-26 05:00:00,159.6931953177003,161.4815019882439,159.3541851061627,161.20181274414062,141036800
2016-01-27 05:00:00,160.67634642111452,162.35446898867258,158.54054583268825,159.44741821289062,185681700
2016-01-28 05:00:00,160.998397419869,161.20179835567228,158.6252873536919,160.27798461914062,143798800
2016-01-29 05:00:00,161.04924548957837,164.32074413134808,160.9305906344845,164.1851348876953,210529300
2016-02-01 05:00:00,163.17661534202395,164.9140721619875,162.59181160400766,164.1258544921875,136061600
2016-02-02 05:00:00,162.69347944467827,162.70195017314046,160.6424251047614,161.16790771484375,182564900
2016-02-03 05:00:00,162.22732397712335,162.5409090384971,158.57443563847164,162.13409423828125,205054900
2016-02-04 05:00:00,161.63405802153412,163.3630307107808,160.99840420553886,162.38836669921875,139531800
2016-02-05 05:00:00,161.87138516002568,162.44770514097527,158.65920695546097,159.29486083984375,180788300
2016-02-08 05:00:00,157.4471867779779,157.74381741065756,154.92999710164545,157.15054321289062,191526700
2016-02-09 05:00:00,155.40464456115956,158.43883364400986,155.26903531074603,157.15904235839844,184513100
2016-02-10 05:00:00,157.9896614302866,159.6254045954566,156.89632947786728,157.02346801757812,148214100
2016-02-11 05:00:00,154.54017233975122,156.03184842816853,153.480749178051,154.98089599609375,219058900
2016-02-12 05:00:00,156.76071405518024,158.19304314187306,155.9131756232765,158.1761016845703,127632400
2016-02-16 05:00:00,159.98980094965233,160.871235049729,159.02360785061882,160.84580993652344,120250700
2016-02-17 05:00:00,162.01542340714366,163.84610922621385,161.8882849035813,163.4731903076172,136009500
2016-02-18 05:00:00,163.74446409464124,163.80379800751896,162.49011051753865,162.80369567871094,102343000
2016-02-19 05:00:00,162.02394318443234,162.87995246496575,161.41371439333915,162.72740173339844,114793000
2016-02-22 05:00:00,164.31224838495427,165.2275913136689,164.24444376811522,165.08351135253906,103640300
2016-02-23 05:00:00,164.42242375445537,164.6936422073792,162.87989790136822,162.99856567382812,111455300
2016-02-24 05:00:00,161.56623327768256,164.02408922051424,160.4559601531812,163.74440002441406,150812200
2016-02-25 05:00:00,164.1936035055933,165.7361295343985,163.43082415156576,165.72764587402344,110728300
2016-02-26 05:00:00,166.6006185019685,166.69383530470407,165.185218086847,165.34625244140625,129833700
2016-02-29 05:00:00,165.3632171309299,166.3124559970551,163.85459981909108,164.04953002929688,125918100
2016-03-01 05:00:00,165.27847874039568,167.99061229471093,164.8038592481139,167.90585327148438,141799700
2016-03-02 05:00:00,167.59224726673304,168.71099122584184,167.1769487965646,168.66014099121094,102415000
2016-03-03 05:00:00,168.48211476893755,169.3381366362196,167.90579499474194,169.32118225097656,95172200
2016-03-04 05:00:00,169.51616673792708,170.65187812981827,168.68558264855903,169.87213134765625,129293600
2016-03-07 05:00:00,168.94831313343246,170.4145639772772,168.8720377759822,170.0077362060547,100219000
2016-03-08 05:00:00,168.93129670891167,169.43981179866012,167.99052892061155,168.15155029296875,123974900
2016-03-09 05:00:00,168.9653148921194,169.32975032371175,168.1770971802627,168.98226928710938,94801200
2016-03-10 05:00:00,169.47383650520175,170.41460493710412,167.28718520584988,169.11785888671875,156838700
2016-03-11 05:00:00,170.5755553300917,171.88924229487964,169.10084694989558,171.84686279296875,137964500
2016-03-14 04:00:00,171.3383659268879,172.08419092432308,171.00782646841748,171.62652587890625,73612000
2016-03-15 04:00:00,170.6603586539173,171.65197718059292,170.3976237792099,171.34686279296875,93169100
2016-03-16 04:00:00,170.86371640408925,172.74525235402461,170.82133690510005,172.3384246826172,129303200
2016-03-17 04:00:00,172.25374562179147,173.94033911892367,171.85540145467496,173.43182373046875,134278500
2016-03-18 04:00:00,173.93440500776174,174.45407045404377,173.61920257282546,174.11331176757812,138372400
2016-03-21 04:00:00,173.8492135571415,174.59037081442185,173.61919430521965,174.3603515625,72926700
2016-03-22 04:00:00,173.58513217351828,174.83744059062724,173.42328023449707,174.26666259765625,97471900
2016-03-23 04:00:00,173.8832753581462,174.07069651695397,172.94616956410727,173.11656188964844,81052500
2016-03-24 04:00:00,172.08576698704715,173.07398540240297,171.86427513496162,173.03990173339844,84360900
2016-03-28 04:00:00,173.45732276922877,173.6703001797799,172.6906092908885,173.14212036132812,62408200
2016-03-29 04:00:00,172.73319088515476,174.85445053108205,172.42650290019068,174.7436981201172,92922900
2016-03-30 04:00:00,175.7490165222639,176.23459841001417,175.14415476831107,175.51048278808594,86365300
2016-03-31 04:00:00,175.41676275874656,175.84271768963617,174.92265347902105,175.0845184326172,94584100
2016-04-01 04:00:00,174.0877895256713,176.4646123760131,173.77257403004418,176.27719116210938,114423500
2016-04-04 04:00:00,176.20049960824804,176.40496263309862,175.39970234313924,175.70639038085938,63497000
2016-04-05 04:00:00,174.36035955605857,175.7148928811558,173.69587101925197,173.95144653320312,99662200
2016-04-06 04:00:00,173.95147151190238,175.9108667347412,173.77256472671314,175.85122680664062,91839800
2016-04-07 04:00:00,174.7607533712139,175.11855388129385,173.01433590604665,173.74697875976562,113859000
2016-04-08 04:00:00,174.9311314103533,175.36561366866746,173.67882313481863,174.2155303955078,95040600
2016-04-11 04:00:00,174.8544706859911,175.553042898585,173.71291477669493,173.80662536621094,83757500
2016-04-12 04:00:00,173.9769881419096,175.7063636753675,173.5339914882865,175.42523193359375,115350600
2016-04-13 04:00:00,176.34531013782208,177.2824160193581,176.2090014643058,177.1972198486328,96336400
2016-04-14 04:00:00,177.25692080759288,177.7084320698747,176.85652206570296,177.20579528808594,65212900
2016-04-15 04:00:00,177.20576228487204,177.3420709799407,176.68609675914638,177.00982666015625,75761600
2016-04-18 04:00:00,177.00976166052985,178.28762595955135,176.3452732649673,178.25355529785156,82531000
2016-04-19 04:00:00,178.67954600148494,179.0714171858337,177.99801563844437,178.8158416748047,88316100
2016-04-20 04:00:00,178.85841181958105,179.68476514332406,178.38134453971054,178.9862060546875,81100300
2016-04-21 04:00:00,179.0032964907813,179.11404893283404,177.75098795058466,178.0236053466797,85695000
2016-04-22 04:00:00,177.66580476363964,178.29620974366182,177.12058297056248,178.0236053466797,99251700
2016-04-25 04:00:00,177.41866912448202,177.75944072650898,176.80529323994094,177.7168426513672,66166500
2016-04-26 04:00:00,178.08321256148966,178.49213861035878,177.50392015759232,177.98098754882812,75864200
2016-04-27 04:00:00,177.59763577827587,178.73919178234084,177.2398352247232,178.34732055664062,77329400
2016-04-28 04:00:00,177.58912067967339,178.6965930082362,176.31125599369,176.7286834716797,97216200
2016-04-29 04:00:00,176.10676511988328,176.456051198613,174.6670357214541,175.77452087402344,142424100
2016-05-02 04:00:00,176.27715359198956,177.3505551344796,175.84268432460058,177.17166137695312,62188000
2016-05-03 04:00:00,175.93638770648442,176.1749213728247,174.88001504189907,175.62969970703125,106422100
2016-05-04 04:00:00,174.6330260919286,175.36566917208896,174.14743117873562,174.65005493164062,92243800
2016-05-05 04:00:00,175.11854459140085,175.47634508249976,174.18996619789823,174.6159210205078,67619200
2016-05-06 04:00:00,173.84066403615188,175.2974351142736,173.68732655377505,175.2548370361328,89315000
2016-05-09 04:00:00,175.127084374519,175.8341579907671,174.9481776167806,175.39968872070312,74374900
2016-05-10 04:00:00,176.1068117275086,177.59765401999732,176.03865737710126,177.5806121826172,77472200
2016-05-11 04:00:00,177.1205531256093,177.6572474101795,175.9193572998047,175.9193572998047,81727000
2016-05-12 04:00:00,176.59233408969862,176.76272640785228,174.95666922847215,175.97044372558594,89586300
2016-05-13 04:00:00,175.672337186034,176.2260733929801,174.11334058912212,174.4370574951172,96474600
2016-05-16 04:00:00,174.60739870699965,176.63493473153017,174.54775879495895,176.15786743164062,77486800
2016-05-17 04:00:00,175.88529287012233,176.1749390656082,173.98552476647453,174.5137176513672,114924900
2016-05-18 04:00:00,174.164405514161,175.7489579338896,173.47436079895985,174.56480407714844,120062100
2016-05-19 04:00:00,173.84070934587422,174.24962240456628,172.75026585662087,173.95997619628906,115430500
2016-05-20 04:00:00,174.57334988983263,175.57861018592482,174.52223738308604,175.05894470214844,104990400
2016-05-23 04:00:00,175.075920733019,175.3570524344437,174.63293714208407,174.8203582763672,58682600
2016-05-24 04:00:00,175.63819734727608,177.4016564254661,175.61264109968857,177.08644104003906,93537800
2016-05-25 04:00:00,177.76799326110108,178.7050991187367,177.08646291001244,178.28765869140625,76621400
2016-05-26 04:00:00,178.42397180544003,178.65399106697245,178.0235732016694,178.33877563476562,55280700
2016-05-27 04:00:00,178.50060724895252,179.11398316583433,178.44949475573037,179.10546875,64211200
2016-05-31 04:00:00,179.37811605417784,179.4888684821183,178.20247643176768,178.76473999023438,109879400
2016-06-01 04:00:00,178.15135377669438,179.30995149823454,177.95541818382588,179.1310577392578,69936200
2016-06-02 04:00:00,178.73063411009238,179.6932831048577,178.2535668208089,179.67625427246094,63044700
2016-06-03 04:00:00,179.11400063566194,179.48884295466186,177.92984676379007,179.13955688476562,101757100
2016-06-06 04:00:00,179.49738306106053,180.408932739918,179.3355181274981,180.05113220214844,64887000
2016-06-07 04:00:00,180.20446361356946,180.8945084129692,180.17890736167396,180.33224487304688,60974800
2016-06-08 04:00:00,180.46857854351228,181.04788399796703,180.34079726633757,180.9200897216797,66170900
2016-06-09 04:00:00,180.18743983507352,180.7923015218025,179.91483545450157,180.67303466796875,73786900
2016-06-10 04:00:00,179.29292236581597,179.63368104842246,178.41544340983873,178.96067810058594,113829200
2016-06-13 04:00:00,178.35585329449847,179.21627759505407,177.49542899394288,177.5806121826172,117751200
2016-06-14 04:00:00,177.19723731121704,177.82765523902376,176.27717317297692,177.23130798339844,125059300
2016-06-15 04:00:00,177.23131632097133,178.3558435425371,176.79684698488228,176.98426818847656,109124500
2016-06-16 04:00:00,176.9842407981525,177.68281299418516,175.144112719887,177.51242065429688,149533100
2016-06-17 04:00:00,177.40797998357797,177.43366914168035,176.19197858878368,176.8513641357422,117055700
2016-06-20 04:00:00,178.8209310243536,179.49743389751904,177.904640921832,177.9902801513672,82789600
2016-06-21 04:00:00,178.37559634010853,178.90652287460694,177.9302959520112,178.4954833984375,72461700
2016-06-22 04:00:00,178.6753528122475,179.4032471083459,178.05878690811332,178.20437622070312,95560500
2016-06-23 04:00:00,179.66868445625815,180.57640272085703,179.20626662839652,180.5250244140625,102731400
2016-06-24 04:00:00,174.37651357202682,180.55928924684218,173.59724105750848,174.04254150390625,333444400
2016-06-27 04:00:00,172.62956896887508,172.63814073114858,170.11192740209458,170.9254608154297,230775800
2016-06-28 04:00:00,172.53536454634457,174.0339594161023,172.22708165046885,174.00827026367188,159382400
2016-06-29 04:00:00,175.41263152800664,177.20237847229262,175.30987493919255,176.97117614746094,137328600
2016-06-30 04:00:00,177.44218063017078,179.43744092082238,176.88555190470308,179.3860626220703,165021900
2016-07-01 04:00:00,179.38605630054192,180.25096785475142,179.22334964908833,179.76284790039062,106055300
2016-07-05 04:00:00,178.93228184940145,179.0436102565465,177.87042836604078,178.46986389160156,109803700
2016-07-06 04:00:00,177.97313374699033,179.66012449733896,177.3137483254387,179.5402374267578,96021500
2016-07-07 04:00:00,179.72006174975914,180.3880058677437,178.65820857076355,179.4289093017578,85593800
2016-07-08 04:00:00,180.7305717557863,182.3490539418561,180.4993562815728,182.1007080078125,133971000
2016-07-11 04:00:00,182.56315684468805,183.3167403505053,182.3576305067251,182.74298095703125,73633900
2016-07-12 04:00:00,183.7106664342324,184.37005206261034,182.76868696512105,184.07032775878906,101275600
2016-07-13 04:00:00,184.48988662810038,184.4984453238494,183.55647918972468,184.04458618164062,87324100
2016-07-14 04:00:00,185.31199403339198,185.543209521093,184.67831071654834,185.0722198486328,91230900
2016-07-15 04:00:00,185.6373728762949,185.8343274056498,184.37855210743746,184.8238525390625,107155400
2016-07-18 04:00:00,184.94371923797866,185.48321752712465,184.686814668542,185.3205108642578,58725900
2016-07-19 04:00:00,184.90095614103186,185.16641948612008,184.65262325693058,185.13217163085938,54345700
2016-07-20 04:00:00,185.1321617129752,186.14263672294737,185.1321617129752,185.90286254882812,58159500
2016-07-21 04:00:00,185.7915756816596,186.0142194298105,184.75539828952273,185.20069885253906,67777300
2016-07-22 04:00:00,185.32050164760386,186.08264355677932,185.0550383968485,186.03126525878906,62787500
2016-07-25 04:00:00,185.8258168153621,185.8771951348672,184.9437874859535,185.52609252929688,55873100
2016-07-26 04:00:00,185.42328324797322,185.97134027828923,184.76389784585993,185.61167907714844,70080500
2016-07-27 04:00:00,185.98844948636562,186.0569582406668,184.64398968328393,185.41470336914062,84083900
2016-07-28 04:00:00,185.21776211306323,185.91996714437596,184.7553442892239,185.62881469726562,65035700
2016-07-29 04:00:00,185.3633686018473,186.28820433533474,185.08077482400483,185.9285430908203,79519400
2016-08-01 04:00:00,185.98851435313037,186.3824234943589,185.32057009912256,185.77442932128906,73311400
2016-08-02 04:00:00,185.5260573545248,185.68020535052852,183.74488163805017,184.58409118652344,92295500
2016-08-03 04:00:00,184.52417594527762,185.1835615340441,184.2244647261758,185.1236114501953,53993600
2016-08-04 04:00:00,185.2348716522092,185.63735242876112,183.47081364436508,185.3205108642578,46585500
2016-08-05 04:00:00,185.32053038320964,186.87906228631553,185.32053038320964,186.83624267578125,71892200
2016-08-08 04:00:00,187.02464095380748,187.12741063377544,186.45946651418197,186.7249298095703,39906500
2016-08-09 04:00:00,186.79343613195752,187.3329214112158,186.51084238248384,186.83624267578125,51251700
2016-08-10 04:00:00,186.9476324913337,187.02469997559783,186.02278348001994,186.37388610839844,57941100
2016-08-11 04:00:00,186.90475169898818,187.48706965630043,186.6392884067015,187.2387237548828,72504300
2016-08-12 04:00:00,186.93049099385203,187.29016536594972,186.67359939480238,187.07608032226562,61313500
2016-08-15 04:00:00,187.44425890823004,187.96662682206687,187.43570021239086,187.6155242919922,49813500
2016-08-16 04:00:00,187.19591470081951,187.2644103967984,186.64785766601562,186.64785766601562,53213600
2016-08-17 04:00:00,186.68212078236357,187.13597993892873,185.84291123752573,186.99896240234375,75134300
2016-08-18 04:00:00,186.9732481831331,187.4527964301838,186.86193288295257,187.41854858398438,52989300
2016-08-19 04:00:00,186.94757671562584,187.3243683930101,186.45946972753148,187.14453125,75443000
2016-08-22 04:00:00,186.90474038071045,187.3671712403833,186.5365204986652,187.13595581054688,61368800
2016-08-23 04:00:00,187.75253048378104,188.05225468729222,187.45280628026987,187.51275634765625,53399200
2016-08-24 04:00:00,187.3672161589163,187.4614140924167,186.13408432644323,186.55369567871094,71728900
2016-08-25 04:00:00,186.16832729744883,186.84484327485418,186.01419235578945,186.42523193359375,69224800
2016-08-26 04:00:00,186.6136103171795,187.6412156987997,185.18352409219543,186.07411193847656,122506300
2016-08-29 04:00:00,186.20257099263847,187.25586553001068,186.1683100754085,186.9904022216797,70502200
2016-08-30 04:00:00,186.90471150490686,187.18730519400106,186.12545225320707,186.68206787109375,58114500
2016-08-31 04:00:00,186.34813861351304,186.46802568485555,185.37191158494963,186.15118408203125,85269500
2016-09-01 04:00:00,186.14258328996533,186.45086614915513,184.9950910622566,186.1597137451172,97844200
2016-09-02 04:00:00,187.01609286109473,187.42713240413818,186.42521616794463,186.99896240234375,79293900
2016-09-06 04:00:00,187.28155418302956,187.6412154127127,186.56223172366327,187.56414794921875,56702100
2016-09-07 04:00:00,187.40140560815897,187.7268189255083,186.9389878484547,187.54698181152344,76554900
2016-09-08 04:00:00,187.2130180987481,187.48705312902328,186.81053731472485,187.1188201904297,74102900
2016-09-09 04:00:00,185.80009450685134,185.85147281719,182.6145085987369,182.64019775390625,221589100
2016-09-12 04:00:00,181.87804926525033,185.6630704387234,181.8095404983042,185.26058959960938,168110900
2016-09-13 04:00:00,183.9760895677002,184.24155288727647,181.97225702633867,182.59738159179688,182828800
2016-09-14 04:00:00,182.64874143995897,183.85618390053668,181.97223863157544,182.5288543701172,134185500
2016-09-15 04:00:00,182.36615764971964,184.73820985308944,182.18632051466517,184.3528594970703,134427900
2016-09-16 04:00:00,183.73496308632446,183.91570871398278,182.95176705372555,183.64028930664062,155236400
2016-09-19 04:00:00,184.2943783240045,184.93987769630706,183.3476406582067,183.67469787597656,80250500
2016-09-20 04:00:00,184.53527577347776,184.69018924530832,183.6487914418818,183.68321228027344,69665300
2016-09-21 04:00:00,184.38900237059076,185.92958801200876,183.7004672659193,185.7488555908203,110284400
2016-09-22 04:00:00,186.7644285422411,187.22058024336306,186.51484130553288,186.91934204101562,76678700
2016-09-23 04:00:00,186.52340841393092,186.6611180311663,185.80045262251312,185.89512634277344,73630900
2016-09-26 04:00:00,185.0603410171842,185.24107345842353,184.1910602621694,184.38902282714844,89827300
2016-09-27 04:00:00,184.22553660982027,185.6284130820133,183.85544344764668,185.53375244140625,78494800
2016-09-28 04:00:00,185.7574680302204,186.6095317478963,184.79352670876403,186.45460510253906,87411000
2016-09-29 04:00:00,186.24804620204264,186.65256011857448,184.21687469043962,184.7677001953125,128070600
2016-09-30 04:00:00,185.6025771646541,186.86775695932013,185.35298985748946,186.16201782226562,117202900
2016-10-03 04:00:00,185.74891152765875,185.93824593406305,185.07758007721958,185.7144775390625,83512100
2016-10-04 04:00:00,185.8263284276231,186.05009677460663,184.17385191300446,184.7677001953125,119948100
2016-10-05 04:00:00,185.39596442298915,186.01564465338072,185.32710960486634,185.58531188964844,72816000
2016-10-06 04:00:00,185.36160138590418,185.93824593406305,184.81939082634156,185.7144775390625,62927400
2016-10-07 04:00:00,185.98989250167375,186.16202304241241,184.34601760227483,185.07757568359375,89788300
2016-10-10 04:00:00,186.0414581298828,186.5062117227331,185.89514657041673,186.0414581298828,51855000
2016-10-11 04:00:00,185.61117329361156,185.68002812749612,182.9603212862814,183.69187927246094,130367400
2016-10-12 04:00:00,183.8296182708269,184.45791380550128,183.33043049505443,183.9329071044922,73866100
2016-10-13 04:00:00,182.59885578200377,183.8296015487231,181.7812259142098,183.33041381835938,101357000
2016-10-14 04:00:00,184.31154867977494,184.77631549766696,183.3476073281707,183.42506408691406,93346200
2016-10-17 04:00:00,183.39928868530615,183.65749107510092,182.6074776539295,182.78822326660156,58275700
2016-10-18 04:00:00,184.3890589606307,184.44929874194318,183.55421202406347,183.9329071044922,76869700
2016-10-19 04:00:00,184.1996782992193,184.73328683511878,183.8382002781858,184.42344665527344,66519200
2016-10-20 04:00:00,184.07056279479988,184.6386052893281,183.41646161282907,184.0791778564453,73639800
2016-10-21 04:00:00,184.07914823558508,184.2512787154881,183.11519390924335,184.1652069091797,89089100
2016-10-24 04:00:00,185.04311429833535,185.31853360936657,184.59556448426738,184.9484405517578,60146600
2016-10-25 04:00:00,184.76773122545725,185.0259335970109,184.16526778031084,184.32879638671875,66542300
2016-10-26 04:00:00,183.50251223825043,184.5439102252203,183.26151379618526,183.9586639404297,75705500
2016-10-27 04:00:00,184.6816816618857,184.71610251786095,183.39068287295413,183.4681396484375,77220200
2016-10-28 04:00:00,183.4422774495756,184.12219753962472,182.21153186482982,182.92587280273438,140623200
2016-10-31 04:00:00,183.26152276262044,183.48530422704823,182.77095019198072,182.93447875976562,61272500
2016-11-01 04:00:00,183.26154643956252,183.31319741452177,180.39554113336976,181.60906982421875,122781800
2016-11-02 04:00:00,181.29923282963122,181.68654291870166,180.07708905508272,180.5160369873047,103330800
2016-11-03 04:00:00,180.73120012286577,180.94636655388044,179.41438261567328,179.68978881835938,88939300
2016-11-04 04:00:00,179.80167672893424,180.6451254480473,179.34552495299536,179.49183654785156,109122100
2016-11-07 05:00:00,179.4918277631779,183.48531593906313,179.4918277631779,183.4508819580078,109794900
2016-11-08 05:00:00,183.05498643159638,184.84517263024625,182.78818217079038,184.27713012695312,106772100
2016-11-09 05:00:00,182.77957232348012,186.85053058050391,182.75375340284077,186.23085021972656,258429000
2016-11-10 05:00:00,187.02265958607268,187.89192721691936,185.232473350801,186.6956024169922,172113300
2016-11-11 05:00:00,185.97262038448096,186.5062288424219,185.3185192704658,186.26524353027344,100552700
2016-11-14 05:00:00,186.79025502566955,186.99681949845134,185.66278518542148,186.41156005859375,94580000
2016-11-15 05:00:00,186.79887395189596,187.86610412597656,186.59232259303374,187.86610412597656,91652600
2016-11-16 05:00:00,187.24640987081162,187.74559750549724,187.12591720952304,187.51321411132812,65617700
2016-11-17 05:00:00,187.66812985706682,188.5373973535631,187.55623913068183,188.47715759277344,69797200
2016-11-18 05:00:00,188.54603617908583,188.7181666879563,187.8747048688737,188.05545043945312,86265800
2016-11-21 05:00:00,188.63210668073216,189.50137434123363,188.4857950823933,189.47555541992188,72402600
2016-11-22 05:00:00,189.78541969490294,190.0264050795417,189.1141013901638,189.84567260742188,67429000
2016-11-23 05:00:00,189.32920281394425,190.00052088807968,189.13125341585663,189.94888305664062,56620200
2016-11-25 05:00:00,190.2931698502438,190.689068672833,190.21569996520256,190.65464782714844,37872300
2016-11-28 05:00:00,190.3448267577416,190.62023294895837,189.65629158062544,189.7595672607422,76572500
2016-11-29 05:00:00,189.79397961702512,190.5857903840373,189.49274140738675,190.129638671875,69886700
2016-11-30 05:00:00,190.7493551410394,190.91288373543088,189.61327004277254,189.67352294921875,113291800
2016-12-01 05:00:00,189.97471097508517,189.97471097508517,188.61485777432117,188.97634887695312,79040500
2016-12-02 05:00:00,189.06242773409173,189.5616154027923,188.70955165458884,189.07102966308594,74840300
2016-12-05 05:00:00,189.90594548822645,190.551444980889,189.70799598763844,190.20718383789062,67837800
2016-12-06 05:00:00,190.39645448126726,190.84400429252008,189.91448382270985,190.8095703125,59877400
2016-12-07 05:00:00,190.6546446302542,193.36573597793688,190.53415197330642,193.3054962158203,110738100
2016-12-08 05:00:00,193.27971031842955,194.25225366825794,193.01289290922742,193.7788848876953,99714400
2016-12-09 05:00:00,194.00267737343066,194.9666188482964,193.96824338777537,194.94940185546875,88005800
2016-12-12 05:00:00,194.85474159601478,195.33672549956327,194.30391598182075,194.72564697265625,102016100
2016-12-13 05:00:00,195.3883385403257,196.52441047978874,195.3711215484911,196.0252227783203,110477500
2016-12-14 05:00:00,195.7239061396495,196.4296448822946,193.9681415095076,194.40708923339844,142501800
2016-12-15 05:00:00,194.64813791304326,196.06823091940174,194.41575452070123,195.2075653076172,124972600
2016-12-16 05:00:00,195.6655578250906,195.7261658622484,194.50547138064348,194.82579040527344,156420200
2016-12-19 05:00:00,195.0075790405007,195.6742013225138,194.86040509436378,195.24998474121094,90341100
2016-12-20 05:00:00,195.786784948034,196.15040679579207,195.55304503034776,196.0032196044922,89838800
2016-12-21 05:00:00,195.87334499048833,196.04649005674287,195.45779418945312,195.45779418945312,67909000
2016-12-22 05:00:00,195.31059595854364,195.43179881087656,194.7218869542694,195.12013244628906,56219100
2016-12-23 05:00:00,195.16344956485196,195.41452116077593,194.972999222937,195.40586853027344,36697800
2016-12-27 05:00:00,195.67423613293508,196.2889031226138,195.65691766262628,195.8906707763672,42672500
2016-12-28 05:00:00,196.15042363747267,196.16772890018657,194.159221985066,194.27175903320312,64095000
2016-12-29 05:00:00,194.34096108645304,194.69591701686926,193.78688901390194,194.22842407226562,48696100
2016-12-30 05:00:00,194.55742305959228,194.6440021997166,192.82594593808267,193.51853942871094,108998300
2017-01-03 05:00:00,194.82578887310643,195.5097296950616,193.82154223916174,194.9989471435547,91366500
2017-01-04 05:00:00,195.3279731198763,196.3062621374817,195.31932048799595,196.15908813476562,78744400
2017-01-05 05:00:00,195.89068256601763,196.1590594264061,195.2067416539408,196.0032196044922,78379000
2017-01-06 05:00:00,196.11574345904899,197.17194549722691,195.57032397093968,196.70445251464844,71559900
2017-01-09 05:00:00,196.44470965503663,196.58323097379537,196.0204930701331,196.0551300048828,46939700
2017-01-10 05:00:00,196.07243526213762,196.91220259319724,195.66553714460895,196.0551300048828,63771900
2017-01-11 05:00:00,195.96860157229153,196.6092529296875,195.30197911217496,196.6092529296875,74650000
2017-01-12 05:00:00,196.08973630376664,196.3061708912984,194.75650505702336,196.11570739746094,72113200
2017-01-13 05:00:00,196.28886008625076,196.86890321825962,196.2542363633467,196.56590270996094,62717900
2017-01-17 05:00:00,195.9252942515177,196.33219243744952,195.48377233513563,195.87335205078125,61240800
2017-01-18 05:00:00,196.12441771823396,196.3495182099597,195.57034553956885,196.3062286376953,54793300
2017-01-19 05:00:00,196.38414056572665,196.52266191195307,195.1461407104001,195.57901000976562,66608800
2017-01-20 05:00:00,196.26292470618137,196.79102574487473,195.63093926975216,196.2975616455078,129168600
2017-01-23 05:00:00,196.29753888398554,196.35813370559794,195.02490231880216,195.7867431640625,75061600
2017-01-24 05:00:00,196.00320217232323,197.45764980363037,195.8906651438575,197.04209899902344,95555300
2017-01-25 05:00:00,197.99441805308547,198.74761962890625,197.8299256030772,198.74761962890625,84437700
2017-01-26 05:00:00,198.6004050059098,198.86879503523576,198.26276752205186,198.53981018066406,59970700
2017-01-27 05:00:00,198.61772910492357,198.76490306768792,198.04633851292922,198.2281494140625,59711100
2017-01-30 05:00:00,197.53562468999684,197.5615957977494,196.0119291246343,196.99887084960938,79737300
2017-01-31 05:00:00,196.50534746657547,197.04211439166787,195.93397001940147,196.98150634765625,75880800
2017-02-01 05:00:00,196.98148916756324,197.89916990736018,196.47070659882672,197.0594024658203,79117700
2017-02-02 05:00:00,197.05932506937586,197.47488891710816,196.36674507672188,197.18919372558594,69657600
2017-02-03 05:00:00,198.09827218683816,198.73025753646,197.78660582631838,198.54844665527344,80563200
2017-02-06 05:00:00,198.141554510803,198.53980000962594,197.85585923754053,198.19349670410156,57790100
2017-02-07 05:00:00,198.58313659386744,198.82554236007024,198.01174591205069,198.20220947265625,57931200
2017-02-08 05:00:00,198.20217461128354,198.59175429486405,197.6567551281981,198.46189880371094,51566200
2017-02-09 05:00:00,198.46189263173522,199.94229802532618,198.46189263173522,199.63929748535156,65955200
2017-02-10 05:00:00,199.98561735021443,200.6522397735495,199.65663245374103,200.42713928222656,66015900
2017-02-13 05:00:00,200.92061311409918,201.77769907197353,200.89464201326567,201.51797485351562,55182100
2017-02-14 05:00:00,201.33613303028443,202.33174017984953,200.98984293224817,202.3230743408203,71109000
2017-02-15 05:00:00,202.10666622568726,203.5697665204438,202.05472402518362,203.37930297851562,86785800
2017-02-16 05:00:00,203.40523185329258,203.58704272743492,202.45292755146534,203.20611572265625,84722400
2017-02-17 05:00:00,202.5395173886011,203.52645874023438,202.52219891994199,203.52645874023438,77204100
2017-02-21 05:00:00,203.8987578954206,204.91167046785708,203.8900920549793,204.738525390625,88946100
2017-02-22 05:00:00,204.33162963686436,204.78180420102626,204.16713718798405,204.5567169189453,62115200
2017-02-23 05:00:00,205.07614801557466,205.09345327495478,203.93336681064753,204.69522094726562,74615900
2017-02-24 05:00:00,203.846811729801,204.99823241556211,203.80352215880401,204.9549560546875,82381600
2017-02-27 05:00:00,204.868339921428,205.44838307971168,204.61728159117266,205.27523803710938,56515400
2017-02-28 05:00:00,204.89436701374999,205.1367727816653,204.3316421689731,204.72122192382812,96961900
2017-03-01 05:00:00,206.38344625629745,208.05432880111243,206.3661277836228,207.58682250976562,149158200
2017-03-02 05:00:00,207.39630732029798,207.40497315954045,206.22756830307532,206.27951049804688,70246000
2017-03-03 05:00:00,206.1929586627659,206.57388575648002,205.81203156905175,206.40939331054688,81974300
2017-03-06 05:00:00,205.61288210600682,206.14963571837134,205.18866550938688,205.79469299316406,55391500
2017-03-07 05:00:00,205.49167429781244,205.84663022458378,204.9722259557022,205.1800079345703,65103700
2017-03-08 05:00:00,205.4744083921927,205.7341326296871,204.66061194610108,204.79913330078125,78168800
2017-03-09 05:00:00,204.92028605225434,205.38779220739912,204.08918454773956,205.05880737304688,90683900
2017-03-10 05:00:00,206.01977997673723,206.06306954125571,204.82505668865278,205.77737426757812,81991700
2017-03-13 04:00:00,205.71679417965117,205.9245761914927,205.3878225068882,205.88128662109375,57256800
2017-03-14 04:00:00,205.3358811004165,205.3878365145119,204.47880831462683,205.09347534179688,59880800
2017-03-15 04:00:00,205.66484903448065,207.29244174529617,205.43109592577116,206.86822509765625,96081800
2017-03-16 04:00:00,207.0067537647712,207.08466706705843,206.13236254881758,206.46133422851562,78344000
2017-03-17 04:00:00,206.72478419592946,206.91607632998918,206.09873962402344,206.09873962402344,89002100
2017-03-20 04:00:00,206.09868606150152,206.3856241880194,205.4813451900503,205.87261962890625,52537000
2017-03-21 04:00:00,206.4813231163934,206.60305326782938,203.0989496933602,203.2293701171875,131809300
2017-03-22 04:00:00,203.26415312665975,203.9945340186917,202.6381085713206,203.7075958251953,97569200
2017-03-23 04:00:00,203.70762587903027,204.62929903603808,203.11636886041887,203.49024963378906,100410300
2017-03-24 04:00:00,203.79453817627297,204.36840125782555,202.55984295900794,203.34239196777344,112504900
2017-03-27 04:00:00,201.664262641361,203.39458214769667,201.38602797588516,203.13372802734375,87454500
2017-03-28 04:00:00,202.82938993449883,205.03792630534875,202.71635006402084,204.61187744140625,93483900
2017-03-29 04:00:00,204.3249445791319,205.03793163989064,204.09886483229388,204.80316162109375,61950400
2017-03-30 04:00:00,204.74236550541232,205.65534850745215,204.5684671401654,205.45535278320312,56737900
2017-03-31 04:00:00,205.11620726276408,205.64660579968896,204.92491511714576,204.9770965576172,73733100
2017-04-03 04:00:00,205.02927386463253,205.22925629210923,203.38591000776623,204.62060546875,85546500
2017-04-04 04:00:00,204.33363322154915,204.83794761054727,203.95104897695813,204.75099182128906,56466200
2017-04-05 04:00:00,205.42924342641402,206.4117883072301,203.93369378755492,204.1423797607422,108800600
2017-04-06 04:00:00,204.281479857193,205.23792727038372,203.83802387447042,204.7162322998047,69135800
2017-04-07 04:00:00,204.46405994582642,205.20314437455087,204.02061724914643,204.50753784179688,74412300
2017-04-10 04:00:00,204.64666627322393,205.42921534742578,204.09887396072781,204.6292724609375,67615300
2017-04-11 04:00:00,204.24663352042305,204.49009375689465,202.89020841219906,204.38575744628906,88045300
2017-04-12 04:00:00,204.10760400801504,204.29889616523477,203.26418311507172,203.49024963378906,81864400
2017-04-13 04:00:00,203.15112388214533,203.8902083526426,202.1685791015625,202.1685791015625,92880400
2017-04-17 04:00:00,202.6902493048355,203.95973205566406,202.4902669307122,203.95973205566406,68405400
2017-04-18 04:00:00,203.2206843096354,203.89020679103865,202.66420170976033,203.35110473632812,83225800
2017-04-19 04:00:00,203.9163161367987,204.2901969180273,202.75116935444555,202.9772491455078,68699900
2017-04-20 04:00:00,203.59455954515212,205.07272843489773,203.27284698960557,204.6292724609375,92572200
2017-04-21 04:00:00,204.5510493303994,204.60321750709488,203.57720798516826,203.9771728515625,110389800
2017-04-24 04:00:00,206.2291797752084,206.42917546841417,203.9510810286112,206.22048950195312,119209900
2017-04-25 04:00:00,206.86392751444583,207.7682068320303,206.7769717117044,207.42041015625,76698300
2017-04-26 04:00:00,207.3855783065601,208.27247688855394,207.24646762646668,207.28993225097656,84702500
2017-04-27 04:00:00,207.61169669287736,207.76820121246766,206.92478036554024,207.46388244628906,57410300
2017-04-28 04:00:00,207.72472114770258,207.75080523402914,206.88130030956393,207.01173400878906,63532800
2017-05-01 04:00:00,207.533447265625,207.95950949243917,207.11608858008043,207.533447265625,66882500
2017-05-02 04:00:00,207.67256804470733,207.79429821226205,207.2030411891657,207.61170959472656,57375700
2017-05-03 04:00:00,207.61167616474242,207.7073222286767,206.68129960941886,207.35951232910156,73137700
2017-05-04 04:00:00,207.663838014514,207.7420902641909,206.75085529884487,207.60296630859375,61462700
2017-05-05 04:00:00,207.97683020884065,208.43766663598072,207.53337432294416,208.42027282714844,62001300
2017-05-08 04:00:00,208.46382660767063,208.6116408675857,207.95951210864615,208.3855743408203,48385700
2017-05-09 04:00:00,208.646390623815,208.84637302532886,207.8464344825772,208.19424438476562,51363200
2017-05-10 04:00:00,208.1507870955994,208.56814575195312,207.9421011336263,208.56814575195312,54293800
2017-05-11 04:00:00,208.116005757827,208.30729789965704,207.05520870498464,208.14208984375,62358300
2017-05-12 04:00:00,207.8899118114622,208.18554027682222,207.52472136585433,207.7942657470703,53912700
2017-05-15 04:00:00,208.22037160741118,209.0637925520175,208.20297779180038,208.9420623779297,61918900
2017-05-16 04:00:00,209.23765303008614,209.26373711498377,208.359457880819,208.750732421875,51241800
2017-05-17 04:00:00,208.7507165771963,208.7507165771963,204.98575915417317,205.046630859375,172174100
2017-05-18 04:00:00,204.96832736334915,206.72473047070628,204.7074733149158,205.87261962890625,107047700
2017-05-19 04:00:00,206.35954380602382,207.88117697028602,206.30737564892038,207.21165466308594,115011400
2017-05-22 04:00:00,207.7247376038404,208.42904779323078,207.65518887985462,208.2638397216797,61010600
2017-05-23 04:00:00,208.63768410137635,208.88984793530696,208.25509984823398,208.72463989257812,48341700
2017-05-24 04:00:00,208.9594582620386,209.31594524622858,208.6203385584435,209.21160888671875,46927700
2017-05-25 04:00:00,209.7245814488503,210.48975001458788,209.5159087618979,210.2115020751953,64071700
2017-05-26 04:00:00,210.02020228049588,210.3332245671098,209.94195002574028,210.16802978515625,46629900
2017-05-30 04:00:00,209.846303891863,210.23757843310824,209.68979938240147,209.9854278564453,35201900
2017-05-31 04:00:00,210.28103941373627,210.31582703587898,209.23763629849174,209.93324279785156,91796000
2017-06-01 04:00:00,210.39411083527747,211.62011598164852,210.1071726137273,211.60272216796875,68962000
2017-06-02 04:00:00,211.6548629582479,212.46350934483175,211.35923450190143,212.30699157714844,88666100
2017-06-05 04:00:00,212.13310362424468,212.4200418226832,211.95050176429604,212.15049743652344,44698800
2017-06-06 04:00:00,211.58531665274904,212.14179925139388,211.39402451562816,211.4722900390625,50375400
2017-06-07 04:00:00,211.81141824984175,212.0896529440501,211.1418957009011,211.86358642578125,54144300
2017-06-08 04:00:00,211.95920523547161,212.44612583838824,211.43749700800873,211.9678955078125,65950700
2017-06-09 04:00:00,212.23743613010615,213.0373790017962,210.37669627762057,211.64617919921875,132256400
2017-06-12 04:00:00,211.40273974722496,211.6548903414156,210.7506110439543,211.60272216796875,86108100
2017-06-13 04:00:00,212.14178128196951,212.68957356165066,211.79398466262344,212.6374053955078,60067000
2017-06-14 04:00:00,212.90696291907645,212.91565319144027,211.5418339052444,212.3678741455078,78602300
2017-06-15 04:00:00,211.01141245103847,212.08091287706716,210.7331778221556,211.9591827392578,66464900
2017-06-16 04:00:00,212.11908428409106,212.17150685263007,211.12301548497675,212.0054931640625,84553100
2017-06-19 04:00:00,212.83553326336713,213.83160199222894,212.73942078372738,213.77044677734375,65123800
2017-06-20 04:00:00,213.41221445967616,213.42094710997827,212.3113005685364,212.32876586914062,56906400
2017-06-21 04:00:00,212.72203158903014,212.83560940939165,211.80459637920072,212.2764129638672,55977600
2017-06-22 04:00:00,212.28511055077738,212.7831383136977,212.00550572561437,212.1802520751953,44148100
2017-06-23 04:00:00,212.24139930266776,212.76563829873103,211.85694937284703,212.43362426757812,66986800
2017-06-26 04:00:00,213.1064255986545,213.52583284795475,212.36375025939995,212.5734405517578,56700500
2017-06-27 04:00:00,212.35499749340605,212.65208095191173,210.84342224433726,210.86090087890625,82247700
2017-06-28 04:00:00,211.8831566196942,212.949126556694,211.64724174320006,212.7481689453125,70042600
2017-06-29 04:00:00,212.89675192521318,212.9491745023948,209.66389745351125,210.87840270996094,106949700
2017-06-30 04:00:00,211.69096985873466,212.06668719889802,211.07935093179827,211.27157592773438,86820700
2017-07-03 04:00:00,212.21522943662578,212.65210201808634,211.62982177734375,211.62982177734375,39153800
2017-07-05 04:00:00,211.99683207181127,212.32884622872493,211.18424198829797,212.11915588378906,54427600
2017-07-06 04:00:00,211.35021287915515,211.47253666633034,209.99590523609857,210.1793975830078,65400800
2017-07-07 04:00:00,210.75605420350075,211.69095449562056,210.18811190861874,211.54241943359375,57972300
2017-07-10 04:00:00,211.5424386047802,212.1453248908913,211.23662246964494,211.7696075439453,36663300
2017-07-11 04:00:00,211.76961819913453,211.92689926669547,210.44153510478725,211.6123504638672,50354600
2017-07-12 04:00:00,212.5821935874882,213.36855887450096,212.5821935874882,213.20254516601562,59610400
2017-07-13 04:00:00,213.2112525820927,213.6743363523671,212.9840703558741,213.5607452392578,39471600
2017-07-14 04:00:00,213.56078532265403,214.9150929548679,213.46467282405064,214.55685424804688,60262700
2017-07-17 04:00:00,214.47823232912228,214.86268234494503,214.35590853611444,214.53065490722656,33531900
2017-07-18 04:00:00,214.1199584558527,214.69663338492913,213.77919842181504,214.6442108154297,42742500
2017-07-19 04:00:00,214.95872552978113,215.81499180471025,214.9499795480551,215.80625915527344,51034300
2017-07-20 04:00:00,216.0596572230023,216.18198098670413,215.35192592356373,215.9023895263672,47135200
2017-07-21 04:00:00,215.32577031379626,215.73643162646357,215.0985880279755,215.71022033691406,82340800
2017-07-24 04:00:00,215.63156651665705,215.79758023357027,215.18596127570055,215.6577911376953,46622300
2017-07-25 04:00:00,216.4091910327157,216.5140495160354,215.9548531567374,216.18202209472656,54915600
2017-07-26 04:00:00,216.4703091263139,216.50525305774536,215.9285915292427,216.19070434570312,47575400
2017-07-27 04:00:00,216.65383139096528,216.6887753272291,214.6616803843454,215.98977661132812,70766600
2017-07-28 04:00:00,215.50922216177554,215.86746085016472,215.05488431202022,215.7364044189453,50088400
2017-07-31 04:00:00,216.138313749778,216.234426240792,215.4043710905575,215.61407470703125,65838700
2017-08-01 04:00:00,216.2170351222167,216.25197907080567,215.5704587488026,216.09471130371094,55050400
2017-08-02 04:00:00,216.22573521635005,216.33932636367777,215.26461012117937,216.19952392578125,47211200
2017-08-03 04:00:00,216.08592367078785,216.1121349602519,215.50051598560123,215.78012084960938,40856000
2017-08-04 04:00:00,216.26937603749795,216.50527759905225,215.78881359903158,216.1732635498047,60191800
2017-08-07 04:00:00,216.24316600254468,216.57518005371094,216.13830753117887,216.57518005371094,31995000
2017-08-08 04:00:00,216.2606573569168,217.4839085667453,215.6665170541975,216.04222106933594,61719400
2017-08-09 04:00:00,215.35197287673438,216.0859156189669,214.99373415768284,216.0334930419922,62632600
2017-08-10 04:00:00,215.1946897908639,215.325759564362,212.93169302410396,212.98411560058594,120479500
2017-08-11 04:00:00,213.21130901583865,213.8928292103017,212.97539407704951,213.29867553710938,74869900
2017-08-14 04:00:00,214.5830460558626,215.63153746125874,214.54810211967575,215.41310119628906,73291900
2017-08-15 04:00:00,215.7975784108503,215.81505704729705,215.08111430405256,215.3869171142578,55242700
2017-08-16 04:00:00,215.9111540869817,216.3130827027136,215.33447911617642,215.7626190185547,56715500
2017-08-17 04:00:00,215.15100201225516,215.4655507870858,212.39869689941406,212.39869689941406,128490400
2017-08-18 04:00:00,212.2326812795031,213.35981993426535,211.62106237070964,212.06668090820312,136748000
2017-08-21 04:00:00,212.005512346094,212.49480747311705,211.29778094220052,212.23268127441406,65469700
2017-08-22 04:00:00,212.81806652151482,214.6092330254908,212.80058788925598,214.45196533203125,63140100
2017-08-23 04:00:00,213.482132578761,214.11123008992666,213.33359751810963,213.68309020996094,50203800
2017-08-24 04:00:00,214.0675669345757,214.224834665884,212.9753854706238,213.18508911132812,50741700
2017-08-25 04:00:00,213.9801603312637,214.60052519143514,213.53455514930954,213.68309020996094,64445900
2017-08-28 04:00:00,214.21608782347658,214.24229911029164,213.27244150125694,213.6918487548828,40565600
2017-08-29 04:00:00,212.3725120203955,214.19863633887476,212.25892087493708,213.9365234375,51135700
2017-08-30 04:00:00,213.91899946069202,215.22088436819834,213.7355071363261,214.95001220703125,62030800
2017-08-31 04:00:00,215.57037665079503,216.4878116063398,214.98496907572905,216.2431640625,103803900
2017-09-01 04:00:00,216.61886665651164,216.9771053192541,216.40043039858935,216.54896545410156,62007000
2017-09-05 04:00:00,216.04222014714927,216.26940241793108,214.0238709916845,214.9937286376953,91398800
2017-09-06 04:00:00,215.67525381475036,216.0597038213834,215.14226872960788,215.72767639160156,57916900
2017-09-07 04:00:00,216.03345865212358,216.05093728576384,215.29077004376,215.70143127441406,58034700
2017-09-08 04:00:00,215.4131018134527,215.9111428985104,215.20341153114762,215.44805908203125,63832800
2017-09-11 04:00:00,216.72370879193383,217.82463604927855,216.7062434907916,217.74600219726562,71364800
2017-09-12 04:00:00,218.11300910051094,218.51492440902808,217.92951675024486,218.47998046875,56896000
2017-09-13 04:00:00,218.1916257241572,218.6197656194183,218.07803459571625,218.58480834960938,59228000
2017-09-14 04:00:00,218.2614971431168,218.71584826257865,218.08675081479768,218.51487731933594,95446300
2017-09-15 04:00:00,218.37005660793648,218.8968973873846,218.26469113173852,218.80909729003906,95432400
2017-09-18 04:00:00,219.1778856135246,219.6257022771578,218.88811716112968,219.27447509765625,46235200
2017-09-19 04:00:00,219.5202683622803,219.58174046867958,219.16904129228217,219.49392700195312,47108100
2017-09-20 04:00:00,219.5818026938998,219.68716816506696,218.5720011342028,219.57301330566406,59574100
2017-09-21 04:00:00,219.4149142298128,219.5027143026107,218.8090361141528,218.98464965820312,48211400
2017-09-22 04:00:00,218.6861895148268,219.19547836763041,218.65984814299728,219.0286407470703,51214000
2017-09-25 04:00:00,218.77392845009368,219.12516897370986,217.83438852113932,218.58074951171875,57064400
2017-09-26 04:00:00,219.01106888493507,219.2569306137077,218.4754386761534,218.7125244140625,54082000
2017-09-27 04:00:00,219.41496728349418,219.9505974313564,218.52809656414811,219.56423950195312,81001400
2017-09-28 04:00:00,219.28324769851957,219.9066913407259,219.1954476042302,219.82766723632812,44778800
2017-09-29 04:00:00,219.81885004471823,220.67937928973376,219.63446049111215,220.600341796875,85578000
2017-10-02 04:00:00,220.82865556360926,221.55746459960938,220.65302859708862,221.55746459960938,59023000
2017-10-03 04:00:00,221.55747347710866,222.05797283606884,221.4784359796249,222.03163146972656,66810200
2017-10-04 04:00:00,221.88237516267534,222.54093616534342,221.76822030137302,222.29507446289062,55953600
2017-10-05 04:00:00,222.62873766151617,223.6297498559352,222.33019322072374,223.61219787597656,63522800
2017-10-06 04:00:00,223.1643344893746,223.64728183527401,222.9009208447531,223.35751342773438,80646000
2017-10-09 04:00:00,223.58590245156776,223.6473611909679,222.72537291228008,222.98880004882812,35803100
2017-10-10 04:00:00,223.55950490561045,223.95463881191978,223.01508538728058,223.57705688476562,43057400
2017-10-11 04:00:00,223.4804841363109,223.92831420898438,223.31365993110336,223.92831420898438,47674300
2017-10-12 04:00:00,223.61221564836737,223.9634428538667,223.35756453569016,223.5946502685547,47065100
2017-10-13 04:00:00,224.03364360707172,224.14779845402973,223.59460299379467,223.86680603027344,54800400
2017-10-16 04:00:00,224.09514004075535,224.35855371853964,223.75268886117814,224.16537475585938,38221700
2017-10-17 04:00:00,224.11268096268168,224.36733203658568,223.89316064305405,224.32342529296875,31561000
2017-10-18 04:00:00,224.70100169562897,224.74490844078647,224.34977453128394,224.54295349121094,40888300
2017-10-19 04:00:00,223.7614653259403,224.63954664963893,223.3399900421331,224.6044158935547,61903800
2017-10-20 04:00:00,225.4034685192586,225.78982641459802,224.58684598620817,225.76345825195312,89176400
2017-10-23 04:00:00,226.08835445752916,226.11469582135382,224.8063366262995,224.88536071777344,63915300
2017-10-24 04:00:00,225.3156635915282,225.51760513750224,224.92051629363363,225.28053283691406,66935900
2017-10-25 04:00:00,224.94686659635397,225.06102145569892,223.032655746014,224.16537475585938,103715300
2017-10-26 04:00:00,224.78006891609115,225.0522586157579,224.33223881411428,224.45516967773438,69798000
2017-10-27 04:00:00,225.20148634934415,226.44837344350614,224.46390135725696,226.29029846191406,85562500
2017-10-30 04:00:00,225.20154123015686,226.1937775150859,225.14885848909145,225.44740295410156,54285700
2017-10-31 04:00:00,225.82494061009004,226.05325032139146,225.50005481903153,225.79859924316406,60304800
2017-11-01 04:00:00,226.58014410157156,226.9225819315256,225.7284040260501,226.09718322753906,54202700
2017-11-02 04:00:00,226.02691883255258,226.32546326973244,224.9556585358881,226.18496704101562,56449500
2017-11-03 04:00:00,226.3430088573066,226.98401785830256,225.93030957114217,226.94012451171875,59589700
2017-11-06 05:00:00,226.8083905221211,227.42305815481896,226.73815580831425,227.29135131835938,49652600
2017-11-07 05:00:00,227.3967144514631,227.7303896316761,226.6239986229519,227.13330078125,57502200
2017-11-08 05:00:00,226.95766472977436,227.61622567589356,226.67667229483763,227.51962280273438,50469600
2017-11-09 05:00:00,226.3079169629165,226.8874538720574,225.10492299879465,226.69427490234375,95085500
2017-11-10 05:00:00,226.3079269986328,226.79965043481567,225.9918037628481,226.6240234375,59984700
2017-11-13 05:00:00,225.93911396870888,227.06305704445165,225.90398321095913,226.83474731445312,50228600
2017-11-14 05:00:00,226.0269146522554,226.4132725748522,225.24540941889353,226.3079071044922,61315200
2017-11-15 05:00:00,225.33317329280902,225.86002732551404,224.46388155683678,225.1751251220703,80811500
2017-11-16 05:00:00,226.123475984054,227.4581766466564,226.07958263990565,227.08937072753906,67777000
2017-11-17 05:00:00,226.7381507853053,227.0630365736799,226.34300348776551,226.42202758789062,75756800
2017-11-20 05:00:00,226.66789545643866,227.00154380542622,226.4220069936397,226.80836486816406,48075500
2017-11-21 05:00:00,227.58111465870104,228.47677477312163,226.77329483434357,228.2923583984375,69176800
2017-11-22 05:00:00,228.3011239904622,228.43283081799717,227.92355548589094,228.09039306640625,45033400
2017-11-24 05:00:00,228.58209880542694,228.72259500960828,228.4416026012456,228.61720275878906,27856500
2017-11-27 05:00:00,228.66114573082538,228.9596901456829,228.30112919607885,228.5030975341797,52274900
2017-11-28 05:00:00,228.96847420265473,230.84755413404903,228.87187133123342,230.8212127685547,98971700
2017-11-29 05:00:00,230.95291287335644,231.48855635203395,230.232906638498,230.6807098388672,77512100
2017-11-30 05:00:00,231.60276139611338,233.6135485322699,231.52373728480276,232.7003631591797,127894400
2017-12-01 05:00:00,232.48083245733275,232.96376649281618,228.96850697187693,232.21739196777344,164390900
2017-12-04 05:00:00,233.84185350027676,234.2721048076017,231.88372234804987,231.93643188476562,94040600
2017-12-05 05:00:00,231.10220336914062,232.82323509394593,230.97049654271137,231.10220336914062,77994500
2017-12-06 05:00:00,231.19878563725663,231.57638094568756,230.6807209081462,231.14610290527344,75898600
2017-12-07 05:00:00,231.87490844726562,232.19100481611005,230.88267240576238,231.87490844726562,77218600
2017-12-08 05:00:00,232.8319790112169,233.1480753329161,231.83974311770393,233.13931274414062,76563900
2017-12-11 05:00:00,233.84182739257812,233.90329951445207,233.11303170879162,233.84182739257812,83077500
2017-12-12 05:00:00,234.63210039408503,234.728703273014,233.87696332661807,234.25453186035156,85195800
2017-12-13 05:00:00,234.50036770641287,234.9394083149843,234.14035119175486,234.22816467285156,102905400
2017-12-14 05:00:00,234.52675284891427,234.64090771595747,233.2184201661638,233.27110290527344,100666700
2017-12-15 05:00:00,234.27807106783888,235.68135326002584,234.2251190555965,235.21359252929688,144610300
2017-12-18 05:00:00,236.61693784007014,237.0582226823926,236.51103378733504,236.7052001953125,83653600
2017-12-19 05:00:00,236.9521993166097,236.99631700507155,235.7254151444117,235.79603576660156,82382900
2017-12-20 05:00:00,236.76700066055201,236.8199526961018,235.37255216791718,235.67262268066406,76751500
2017-12-21 05:00:00,236.29915808289405,236.8728498262972,235.91082533376795,236.15794372558594,67032300
2017-12-22 05:00:00,236.1756194345137,236.2109297583705,235.5578099695043,236.09619140625,78720900
2017-12-26 05:00:00,235.6901480585676,236.03436305365122,235.5489606560458,235.813720703125,45244400
2017-12-27 05:00:00,235.98144933246047,236.29035406009345,235.6549029101201,235.92849731445312,57751000
2017-12-28 05:00:00,236.43156328152884,236.45803928995718,236.0432305353237,236.4138946533203,45116100
2017-12-29 05:00:00,236.99639441863133,237.0140361130035,235.3283520153308,235.52249145507812,96007400
2018-01-02 05:00:00,236.3874533785711,237.24354702205687,235.99912057530614,237.20823669433594,86655700
2018-01-03 05:00:00,237.3759141786167,238.85865158951364,237.3759141786167,238.70860290527344,90070400
2018-01-04 05:00:00,239.35287660137044,240.20013584157383,238.77037745689134,239.71470642089844,80636400
2018-01-05 05:00:00,240.50903803835863,241.43572529750236,240.01480124229727,241.3121795654297,83524000
2018-01-08 05:00:00,241.2151432115402,241.91238087574536,240.92390703650833,241.75352478027344,57319200
2018-01-09 05:00:00,242.17702550662975,242.9272148447882,241.89459684903701,242.30059814453125,57254000
2018-01-10 05:00:00,241.54164463350688,242.19476446057965,240.87091004430349,241.9299774169922,69574300
2018-01-11 05:00:00,242.48599809071717,243.6951141357422,242.3183077116669,243.6951141357422,62361500
2018-01-12 05:00:00,243.9598221734942,245.4513395383289,243.65972490424906,245.28367614746094,90816100
2018-01-16 05:00:00,246.54581714752038,247.19891001678477,243.7480597326887,244.44529724121094,106555100
2018-01-17 05:00:00,245.38082046230835,247.1636013265169,244.44529885759744,246.7752685546875,113258800
2018-01-18 05:00:00,246.66055932087906,247.0841754874419,245.86622514080076,246.36048889160156,100728000
2018-01-19 05:00:00,246.9429570529892,247.48133850097656,246.36048483355972,247.48133850097656,140920100
2018-01-22 05:00:00,247.2695559570102,249.49362182617188,247.21657699770483,249.49362182617188,91322400
2018-01-23 05:00:00,249.53776383393782,250.31442952752417,249.21121733410982,250.023193359375,97084700
2018-01-24 05:00:00,250.66728871675767,251.2674562286848,248.7432943691832,249.92593383789062,134816100
2018-01-25 05:00:00,250.79105227628432,250.88812203169624,249.2377207185381,250.0320281982422,84587300
2018-01-26 05:00:00,250.87036757454462,252.9708871867887,250.61441489111698,252.92674255371094,107743100
2018-01-29 05:00:00,252.35307447509538,252.79435919677417,251.09100663522574,251.24986267089844,90118300
2018-01-30 05:00:00,249.41422219544737,251.30290749615958,248.19627160436875,248.67286682128906,131796400
2018-01-31 05:00:00,249.52887341924054,250.03191754228914,247.71958986375583,248.79632568359375,108364800
2018-02-01 05:00:00,248.06383910222777,249.82014395315971,247.7196240366697,248.51393127441406,90102500
2018-02-02 05:00:00,247.19006462417707,247.32247160213063,243.06847996015654,243.10379028320312,173174800
2018-02-05 05:00:00,241.3386009360986,243.45676200165448,232.389334746735,232.9365234375,294681800
2018-02-06 05:00:00,229.41512387350136,238.0290110334515,228.32074628425286,237.52593994140625,355026800
2018-02-07 05:00:00,236.96996301224567,240.37666910530928,236.15798704226063,236.23744201660156,167376100
2018-02-08 05:00:00,236.53751204930325,236.67872643225567,227.3411239969614,227.37643432617188,246449500
2018-02-09 05:00:00,230.17412171031333,232.6541399247731,223.21948299983993,230.79193115234375,283565300
2018-02-12 05:00:00,232.84832629648855,235.65491810122614,230.9331653426996,234.18101501464844,143736000
2018-02-13 05:00:00,232.97188889072277,235.31069284858867,232.38938974640575,234.7635040283203,81223600
2018-02-14 05:00:00,233.2719492632603,238.29377202093067,233.26311494915726,237.93191528320312,120735700
2018-02-15 05:00:00,239.679397399641,240.97677559772097,237.2081867236453,240.9679412841797,111200300
2018-02-16 05:00:00,240.3413940457773,242.98910322154453,240.29724939918017,241.03860473632812,160420100
2018-02-20 05:00:00,240.08536571268232,241.53279253476498,238.7350355354379,239.5293426513672,86369700
2018-02-21 05:00:00,239.9706496410579,242.45950217793197,238.24082090503708,238.337890625,98883700
2018-02-22 05:00:00,239.26467547132373,240.98567040160003,237.97613111932992,238.64686584472656,110511300
2018-02-23 05:00:00,239.87359548385058,242.45068359375,239.39700036559773,242.45068359375,92766400
2018-02-26 05:00:00,243.52737414860744,245.36313362934308,242.9360677188403,245.2660369873047,86491400
2018-02-27 05:00:00,245.45140168712348,246.166307793249,242.14176591420014,242.20355224609375,99099200
2018-02-28 05:00:00,243.30672304788965,243.75684205577346,239.4322574301841,239.74996948242188,121907800
2018-03-01 05:00:00,239.53818013232367,241.0915109992205,234.76347612640865,236.26385498046875,176855100
2018-03-02 05:00:00,234.5869542232095,238.0466383946119,233.72205338077094,237.48178100585938,139083200
2018-03-05 05:00:00,236.29032560229226,240.84438713964866,236.18439464515035,240.22657775878906,97307400
2018-03-06 05:00:00,241.2062506811617,241.2857056436137,239.33520751790135,240.83558654785156,79213200
2018-03-07 05:00:00,238.66446329805524,241.10033687708273,238.4702969247958,240.747314453125,87063500
2018-03-08 05:00:00,241.42689357727699,242.03586873144707,240.42961259393087,241.91232299804688,66901200
2018-03-09 05:00:00,243.32446169351462,246.1221923828125,243.0067226159625,246.1221923828125,113625300
2018-03-12 04:00:00,246.41340011494967,247.04001688016896,245.42489971089577,245.813232421875,71924800
2018-03-13 04:00:00,246.97822163788553,247.48129266811145,243.61563432449097,244.224609375,91968900
2018-03-14 04:00:00,245.18666338902403,245.3719954672908,242.41540879449664,242.97140502929688,105895100
2018-03-15 04:00:00,243.4833459842273,244.1276046615094,242.20360907819122,242.70668029785156,83433000
2018-03-16 04:00:00,243.23566914851065,244.02431508135098,242.91668452967286,242.9698486328125,100343700
2018-03-19 04:00:00,242.21664571949174,243.14704453266387,238.02536212796738,239.682373046875,109208400
2018-03-20 04:00:00,240.0811724152647,240.7280384811627,239.40772429415247,240.0900421142578,59757300
2018-03-21 04:00:00,240.04563572825745,242.1456984724284,239.4165092829428,239.62916564941406,78709600
2018-03-22 04:00:00,237.39614115177065,238.246793474786,233.36435146744057,233.63906860351562,148785900
2018-03-23 04:00:00,234.08222262944645,234.41007694670787,228.464296663506,228.65924072265625,183534800
2018-03-26 04:00:00,232.27449639217895,235.1986294118034,229.86429190602186,234.91506958007812,141956100
2018-03-27 04:00:00,235.85441589453748,236.38605689177058,229.35925561348856,230.91880798339844,129941400
2018-03-28 04:00:00,231.05172392378344,232.72647423159816,229.1288654638955,230.2364959716797,146452300
2018-03-29 04:00:00,231.37956919261867,235.04805427119987,230.2453566786062,233.17835998535156,111601600
2018-04-02 04:00:00,232.6466769498457,233.16063259562802,225.66418414594617,228.14527893066406,186286300
2018-04-03 04:00:00,229.38578914793834,231.54788555193255,227.58699870972023,231.0693817138672,119956900
2018-04-04 04:00:00,227.50728813290456,234.2505291458164,227.37437789093514,233.54165649414062,123715300
2018-04-05 04:00:00,235.3049619318515,236.2708393166049,234.2150710612792,235.38473510742188,82652600
2018-04-06 04:00:00,233.41758878599526,234.91508006026478,228.61489194824514,230.1389923095703,179521200
2018-04-09 04:00:00,231.6011239847675,234.67590761700131,230.33400106634517,231.2732696533203,105442900
2018-04-10 04:00:00,234.170739749197,235.7391614400228,233.02768483762446,234.9505157470703,103529000
2018-04-11 04:00:00,233.4619399850787,235.38479853552198,233.39106352761723,233.7189178466797,91140200
2018-04-12 04:00:00,235.04806408121883,236.58987709883664,234.87083238279263,235.64173889160156,68890500
2018-04-13 04:00:00,236.95311982872195,237.0683176977378,233.94037105291864,234.9505157470703,85079200
2018-04-16 04:00:00,236.58984540750555,237.65318137210718,235.76577490790555,236.8822479248047,63405300
2018-04-17 04:00:00,238.65451625835053,240.01912477817996,238.14058753989627,239.4165802001953,64682000
2018-04-18 04:00:00,239.85964684672095,240.4001576512865,239.13303461344717,239.5938262939453,57303900
2018-04-19 04:00:00,238.93805415715846,239.14186791110615,237.22787909716655,238.26463317871094,77655900
2018-04-20 04:00:00,238.19371842481368,238.41524452186007,235.35817356591602,236.24427795410156,99953100
2018-04-23 04:00:00,236.82016943131796,237.37841929152358,235.12770750530123,236.20875549316406,65558000
2018-04-24 04:00:00,237.2367052308175,237.4582312976533,231.52132188975162,233.0277099609375,112885500
2018-04-25 04:00:00,232.96573293843045,234.046781489676,231.14035986625953,233.60372924804688,103840900
2018-04-26 04:00:00,234.6315553277885,236.81136424267106,234.188503196371,235.97842407226562,67731900
2018-04-27 04:00:00,236.58982392859326,236.89109611480265,235.26066761438767,236.19993591308594,57053600
2018-04-30 04:00:00,236.8202555733384,237.3785056366043,234.3125651370421,234.3834686279297,82182300
2018-05-01 04:00:00,233.8163065349993,234.90622441555632,232.25675451893468,234.79989624023438,74203400
2018-05-02 04:00:00,234.6049153602466,235.42011593740756,232.8327072721148,233.22259521484375,86368900
2018-05-03 04:00:00,232.38970990715998,233.36440295147665,229.54529578665472,232.7086944580078,136311500
2018-05-04 04:00:00,231.73399654675637,236.40378371087323,231.40614226864932,235.72146606445312,91222100
2018-05-07 04:00:00,236.49249142755366,237.49376700257116,235.8013038158798,236.51907348632812,55304900
2018-05-08 04:00:00,236.14689762171673,236.88235260898958,234.950650893328,236.51907348632812,67499200
2018-05-09 04:00:00,237.19239839025408,239.1329690185073,236.66960008535708,238.80511474609375,59666100
2018-05-10 04:00:00,239.54940684979908,241.36593668990807,239.44307867218376,241.03805541992188,72063900
2018-05-11 04:00:00,241.1622063311289,242.0394411413715,240.64825057269888,241.77362060546875,59871500
2018-05-14 04:00:00,242.2077327192572,242.86344121162435,241.33934081825976,241.8887481689453,54790600
2018-05-15 04:00:00,240.65706759269153,240.67477994395338,239.2747470250523,240.22288513183594,87036100
2018-05-16 04:00:00,240.25835430186027,241.69383906915726,240.23174521040104,241.23304748535156,53942600
2018-05-17 04:00:00,240.96715628512592,242.11023817033077,240.24941411207328,241.02919006347656,56536400
2018-05-18 04:00:00,240.68372045228074,241.0470265732199,240.07230613189108,240.42674255371094,64368000
2018-05-21 04:00:00,241.9153446542813,242.7748669107104,241.52545659723572,242.2343292236328,58025900
2018-05-22 04:00:00,242.75712879322654,243.01410661439238,241.2330283008844,241.56088256835938,52966400
2018-05-23 04:00:00,240.2849202853492,242.25207295686752,240.12540095605803,242.2254638671875,64694200
2018-05-24 04:00:00,241.8267183189946,242.1014084779323,239.939311906983,241.72923278808594,76043800
2018-05-25 04:00:00,241.15327453613284,241.7824010036127,240.6481886062128,241.1532745361328,56374800
2018-05-29 04:00:00,239.5228734849536,240.28493731566547,237.26331812614362,238.37979125976562,115908600
2018-05-30 04:00:00,239.69121545740435,242.00393472262445,239.6203390110952,241.56088256835938,69678400
2018-05-31 04:00:00,241.15330974573047,241.45458200008494,239.47858647273637,240.0811309814453,93519900
2018-06-01 04:00:00,241.3836442083888,242.73938252936162,241.312740730228,242.4381103515625,71258400
2018-06-04 04:00:00,243.2622031212298,243.8470351819398,243.02296470438506,243.59005737304688,45385200
2018-06-05 04:00:00,243.72301253783957,244.14835239906947,242.95210601079128,243.767333984375,51135000
2018-06-06 04:00:00,244.37871342062695,245.91165655887366,243.75842959150788,245.80532836914062,62732200
2018-06-07 04:00:00,246.2926726191719,246.58507510610255,244.866030798863,245.77871704101562,72969400
2018-06-08 04:00:00,245.31797932541565,246.55851992928706,245.14961734613055,246.50535583496094,72139700
2018-06-11 04:00:00,246.7269237464425,247.55099438999352,246.61172584194927,246.833251953125,58892500
2018-06-12 04:00:00,247.24966490721712,247.51548536240927,246.5053405909237,247.15220642089844,72329000
2018-06-13 04:00:00,247.39148601870437,247.64846386267786,246.15978794048652,246.3636016845703,79070600
2018-06-14 04:00:00,247.23205596310947,247.51558888665127,246.39024576665207,246.98394775390625,77097600
2018-06-15 04:00:00,246.19701919632521,247.00699817002496,245.0844151934163,246.66876220703125,120041600
2018-06-18 04:00:00,245.20910312663054,246.28612375604118,244.72847757765723,246.1614990234375,52917600
2018-06-19 04:00:00,243.882846728427,245.44049264731294,243.4645064522558,245.2179718017578,97531500
2018-06-20 04:00:00,245.90329035555632,246.30383868440023,245.29804026310413,245.6362762451172,53785500
2018-06-21 04:00:00,245.62734920071702,245.64516824893215,243.5979606165725,244.09640502929688,71061400
2018-06-22 04:00:00,245.3603313441079,245.47604650299735,244.3189220772857,244.54144287109375,54898500
2018-06-25 04:00:00,243.38431399378487,243.54452242535228,239.52135677464355,241.21250915527344,137854200
2018-06-26 04:00:00,241.78228452813917,242.6011461013588,241.02570815320098,241.74667358398438,68547400
2018-06-27 04:00:00,242.33407249939205,243.76709348269537,239.5926008987993,239.74392700195312,105110700
2018-06-28 04:00:00,239.69053113663722,241.8801283728856,238.97844822346062,241.1146697998047,76650500
2018-06-29 04:00:00,242.20947399656765,243.58020994507856,241.34609207073248,241.46180725097656,97592500
2018-07-02 04:00:00,239.88635336732506,242.13826297809277,239.6460134974039,241.97802734375,63554800
2018-07-03 04:00:00,242.87700015920447,242.97492343675395,240.69631260165968,241.12353515625,42187100
2018-07-05 04:00:00,242.25395348199058,243.15291903184198,241.17693326589728,243.09060668945312,56925900
2018-07-06 04:00:00,243.11733989274302,245.52054825071224,242.7345834701944,245.146728515625,66493700
2018-07-09 04:00:00,246.15247780539204,247.4074982735279,246.10798451433288,247.35409545898438,50550400
2018-07-10 04:00:00,247.80806957978464,248.34212493804236,247.51432690931017,248.24420166015625,51966800
2018-07-11 04:00:00,246.68649165438308,247.47867854227476,246.1257350327387,246.42835998535156,77054700
2018-07-12 04:00:00,247.69236440214056,248.71595470154313,247.08711431453372,248.6625518798828,60124700
2018-07-13 04:00:00,248.48451770161108,249.1609624049497,248.03056661611154,248.85833740234375,48216000
2018-07-16 04:00:00,248.90285971857634,249.0452491158951,248.19077691607512,248.6358184814453,48201000
2018-07-17 04:00:00,247.8615263093107,250.03333198559278,247.80812347818818,249.64169311523438,52315500
2018-07-18 04:00:00,249.72175220224258,250.27359946617253,249.27671058124298,250.1667938232422,44593500
2018-07-19 04:00:00,249.49928184205535,249.8820111943409,248.7427055007346,249.22335815429688,61412100
2018-07-20 04:00:00,249.01859605902732,249.6505747620514,248.77828334581258,248.93849182128906,82337700
2018-07-23 04:00:00,248.73372858084514,249.60599261835037,248.38658313990976,249.4012908935547,47047600
2018-07-24 04:00:00,250.81659245704824,251.50194685139243,249.7840925211196,250.65635681152344,68026900
2018-07-25 04:00:00,250.40714319828652,253.11300425599757,250.36264989494336,252.79258728027344,78882900
2018-07-26 04:00:00,252.07161522459083,252.8815671683263,251.9736919313731,252.1962127685547,57919500
2018-07-27 04:00:00,252.5254686168533,252.62339188267674,249.5615038465736,250.48719787597656,76768700
2018-07-30 04:00:00,250.5673761394335,250.72758462556288,248.65367517897425,249.17884826660156,63742500
2018-07-31 04:00:00,249.9442862194281,251.0212793934621,249.56155692430997,250.40711975097656,68570500
2018-08-01 04:00:00,250.61188456441278,251.11923863095856,249.33907179804575,249.9888153076172,53853300
2018-08-02 04:00:00,248.6803818607328,251.51972254776774,248.47565292657882,251.3506317138672,63426400
2018-08-03 04:00:00,251.4751863162558,252.4809846020001,251.29715882449906,252.42758178710938,53935400
2018-08-06 04:00:00,252.46318836729358,253.66477884480864,252.0715496227233,253.353271484375,39400900
2018-08-07 04:00:00,254.02083534432882,254.5726825341171,253.8873011454216,254.18992614746094,43196600
2018-08-08 04:00:00,254.02082945091718,254.48366288508973,253.62028118985089,254.08311462402344,42114600
2018-08-09 04:00:00,254.14543832986726,254.53707708521864,253.60250065182848,253.7360076904297,35717000
2018-08-10 04:00:00,252.29412725120736,252.83706503663979,251.32391253137166,252.03599548339844,77076000
2018-08-13 04:00:00,252.31192385996408,252.92608353368468,250.7987713263825,251.09251403808594,65732900
2018-08-14 04:00:00,251.82236166562507,252.9349657132084,251.43072286782095,252.6946258544922,43842000
2018-08-15 04:00:00,251.34171835899366,251.48413494190643,249.36573241125578,250.8076629638672,102925400
2018-08-16 04:00:00,252.24960839741422,253.7093580859957,252.2139974587888,252.83706665039062,69967900
2018-08-17 04:00:00,252.63229971461587,254.17215341113976,252.22286905315238,253.72711181640625,65618500
2018-08-20 04:00:00,254.18111257380673,254.5371404864849,253.72716136630865,254.27012634277344,39807500
2018-08-21 04:00:00,254.78633558476056,255.7298216762292,254.30568301412265,254.86643981933594,67272000
2018-08-22 04:00:00,254.45701716408922,255.2402948111639,254.18997587721202,254.71514892578125,44993300
2018-08-23 04:00:00,254.53710055093475,255.40048236439318,254.0564480044774,254.37689208984375,49204900
2018-08-24 04:00:00,254.95542614139472,256.0502382224763,254.9020233240915,255.90782165527344,57487400
2018-08-27 04:00:00,257.1094256954059,258.0351198491937,256.9492172350919,257.9283142089844,57072400
2018-08-28 04:00:00,258.3911873738167,258.4980201936117,257.5901177860782,258.052978515625,46943500
2018-08-29 04:00:00,258.26652053376785,259.67283990707574,258.0262078708807,259.4414367675781,61485500
2018-08-30 04:00:00,258.96090184349083,259.3347217110246,257.794894603718,258.3912353515625,61229500
2018-08-31 04:00:00,257.98180614026404,258.8451882477614,257.49227106581634,258.400146484375,66140800
2018-09-04 04:00:00,257.98168797931123,258.31101438726796,256.94918830157775,257.9549865722656,57594400
2018-09-05 04:00:00,257.59900870202284,257.8037376378542,256.2460918774304,257.2607727050781,72452400
2018-09-06 04:00:00,257.36750162884334,257.670126598212,255.4538285548832,256.486328125,65909900
2018-09-07 04:00:00,255.4361135191983,256.96705787157555,255.19577364535232,255.9879608154297,73524800
2018-09-10 04:00:00,257.0026837101944,257.2697250400433,256.23722499031425,256.43304443359375,50210900
2018-09-11 04:00:00,255.7832613832973,257.72363666908745,255.4361429834161,257.2785949707031,50530500
2018-09-12 04:00:00,257.2873869885611,257.94603970912925,256.5486300584517,257.3407897949219,59810800
2018-09-13 04:00:00,258.408960561471,259.04982155055575,258.12412741894815,258.8628845214844,51034200
2018-09-14 04:00:00,259.06758759088336,259.2544974381249,258.1241016681851,258.9073791503906,55079900
2018-09-17 04:00:00,258.8540457802503,258.8896295566743,257.260788981664,257.5367126464844,68244000
2018-09-18 04:00:00,257.75031703400083,259.53048368215195,257.7236156208061,258.93414306640625,61930400
2018-09-19 04:00:00,258.9875316714344,259.62839271610574,258.8629069745772,259.2100524902344,49080600
2018-09-20 04:00:00,260.4739547114766,261.63105197966127,259.22781652951414,261.31060791015625,100360600
2018-09-21 04:00:00,262.05545925109055,262.1716982551371,260.9109962119537,261.0719299316406,105479700
2018-09-24 04:00:00,260.4907123703419,260.6337736336378,259.62342222083555,260.20458984375,53409600
2018-09-25 04:00:00,260.6606024229196,260.7678915515337,259.7217952613995,259.96319580078125,44370000
2018-09-26 04:00:00,260.1062374002069,261.2953948672929,258.76506882164716,259.185302734375,79739700
2018-09-27 04:00:00,259.65916501991444,261.0003335148642,259.38199238051624,259.9095153808594,59249500
2018-09-28 04:00:00,259.28362850143293,260.4370410590694,259.24788365388963,259.93634033203125,70091400
2018-10-01 04:00:00,261.1792174052863,261.9123962829214,260.16889309184404,260.8394775390625,62078900
2018-10-02 04:00:00,260.6873779296875,261.40265684953613,260.3118660469166,260.6873779296875,47258200
2018-10-03 04:00:00,261.7424903182888,262.16272429404654,260.47286582039857,260.83050537109375,64694600
2018-10-04 04:00:00,260.34767821267377,260.4013227812266,257.2004119509289,258.79193115234375,111545900
2018-10-05 04:00:00,259.015522841475,259.53409622678464,255.9129505301548,257.3435363769531,105951700
2018-10-08 04:00:00,256.6550521013344,257.7011760171138,255.26918826340332,257.3435363769531,87742200
2018-10-09 04:00:00,256.9589424219697,258.27326128488613,256.40456988547504,256.9678649902344,74339000
2018-10-10 04:00:00,256.45824425327055,256.5297885245541,248.45595475207233,248.8314666748047,214731000
2018-10-11 04:00:00,247.74063831213917,249.36792934030993,241.7322022194763,243.35057067871094,274840500
2018-10-12 04:00:00,247.46348286250122,247.74960538349742,243.52939370031254,246.73033142089844,183186500
2018-10-15 04:00:00,246.37272173731338,247.7049680968363,245.25508096135724,245.34449768066406,102263700
2018-10-16 04:00:00,247.31146020430617,251.08461508835003,246.83758179099422,250.70907592773438,118255800
2018-10-17 04:00:00,250.744895358859,251.3797075524099,248.1698471607165,250.75384521484375,110626000
2018-10-18 04:00:00,249.8151050613412,250.4141726293383,245.85419199800276,247.1327667236328,134557500
2018-10-19 04:00:00,247.78541961474116,249.7256286014124,246.30118948184122,246.99859619140625,139901600
2018-10-22 04:00:00,247.66910628253055,247.99097361212003,245.35335870751106,245.88983154296875,82415800
2018-10-23 04:00:00,242.25979206869093,245.76469777802023,240.16754481310545,244.6381072998047,146352700
2018-10-24 04:00:00,244.38774379619645,244.77223288692176,236.6715762779976,237.22592163085938,177806700
2018-10-25 04:00:00,239.06777026833134,243.02868152558196,238.0395464982884,241.4818572998047,138061500
2018-10-26 04:00:00,237.76238309521,242.3044621134249,234.51675069447572,237.23483276367188,201574600
2018-10-29 04:00:00,240.33740392060633,241.63387782431607,232.33511425518844,235.9204864501953,160749100
2018-10-30 04:00:00,235.75061926265252,239.72940291483135,235.25884109026373,239.4164581298828,157116000
2018-10-31 04:00:00,241.9915204966383,244.29834581553112,241.51764200650072,241.97364807128906,128296300
2018-11-01 04:00:00,242.84093284077105,244.7453966149745,241.75011462337562,244.54869079589844,99495000
2018-11-02 04:00:00,245.65735252868578,246.08653625238387,241.0437298219629,243.10020446777344,122634100
2018-11-05 05:00:00,243.59206457006582,244.99582804851764,242.617485007809,244.4414825439453,65622500
2018-11-06 05:00:00,244.37882867130207,246.14915391196845,244.31623424926002,245.98822021484375,60085900
2018-11-07 05:00:00,248.16992362402448,251.33509028330215,247.74073969671667,251.25462341308594,102752100
2018-11-08 05:00:00,250.44983649831565,251.44231555109874,249.6540905709433,250.79855346679688,65584900
2018-11-09 05:00:00,249.48409958656424,249.6718554885111,246.93587462988418,248.3485870361328,98812600
2018-11-12 05:00:00,247.83904735902766,248.0804479122817,243.18965142015946,243.708251953125,99673600
2018-11-13 05:00:00,244.17320845288768,246.17601196002806,242.52804453114362,243.2522735595703,98176600
2018-11-14 05:00:00,245.12991162447568,245.53224591939428,240.02453636162417,241.5892333984375,125335900
2018-11-15 05:00:00,240.31959731098064,244.5755822624898,238.73702774128674,244.11062622070312,135101400
2018-11-16 05:00:00,243.0108419451645,245.6574072824997,242.49224141933897,244.74542236328125,126668000
2018-11-19 05:00:00,244.1374259055925,244.43249833343086,239.68476277776043,240.60569763183594,103061700
2018-11-20 05:00:00,237.26161404467183,238.7279712349983,235.28563360827678,236.15292358398438,136021300
2018-11-21 05:00:00,237.70867738274958,238.86208986270714,236.9487037745601,236.95762634277344,75563700
2018-11-23 05:00:00,235.31254289965415,236.77890063221906,235.21420361293727,235.37513732910156,42807900
2018-11-26 05:00:00,237.63718968619915,239.39859218419156,237.2437780520992,239.17506408691406,79981400
2018-11-27 05:00:00,238.13794287782616,239.9798126220703,237.5299528680302,239.9798126220703,75502400
2018-11-28 05:00:00,241.05272378134765,245.50538635253906,239.9171834982151,245.50538635253906,127629600
2018-11-29 05:00:00,244.7276272365269,246.37279165124932,243.5831638486261,244.96905517578125,82346400
2018-11-30 05:00:00,244.81702443731518,247.02548415244914,244.49515692555025,246.46218872070312,98204200
2018-12-03 05:00:00,250.60184123723448,250.7091303675243,248.12515952588734,249.72560119628906,103176300
2018-12-04 05:00:00,248.8941319421499,249.323315833591,241.32099676826604,241.63394165039062,177986000
2018-12-06 05:00:00,237.76241293319464,241.38355771877852,234.65089154569947,241.26731872558594,204185400
2018-12-07 05:00:00,240.92756369241366,242.50121053555762,234.82078689032878,235.6612548828125,161018900
2018-12-10 05:00:00,235.48244762395416,237.08291693040815,231.23541247586874,236.10833740234375,151445900
2018-12-11 05:00:00,239.31811120763638,239.50586715813873,234.6866158542914,236.16189575195312,121504400
2018-12-12 05:00:00,239.14826428010178,240.51625527254808,237.27062262929482,237.35108947753906,97976700
2018-12-13 05:00:00,238.2988538011185,239.16614401801618,236.1529892572303,237.2706298828125,96662700
2018-12-14 05:00:00,235.1158427612974,236.07254979647172,232.33516565957632,232.88951110839844,116961100
2018-12-17 05:00:00,231.93276494932454,233.0504055160485,226.68432921377234,228.320556640625,165492300
2018-12-18 05:00:00,229.96573336230384,230.63631770070154,226.46080054770746,228.07020568847656,134515100
2018-12-19 05:00:00,228.15070761718408,231.93280004725392,222.94697944544566,224.65472412109375,214992800
2018-12-20 05:00:00,223.40292146084525,224.97655434974993,218.74458992372317,220.9977569580078,252053400
2018-12-21 05:00:00,221.90164993149264,224.57267269432074,215.82214402588565,216.46966552734375,255345600
2018-12-24 05:00:00,214.9767284508546,216.59553190691585,210.6869164457219,210.74986267089844,147311600
2018-12-26 05:00:00,212.21583355596377,221.3980255126953,210.2282994858641,221.3980255126953,218485400
2018-12-27 05:00:00,218.1513968614216,223.29557334632165,214.90480143725537,223.0977325439453,186267300
2018-12-28 05:00:00,224.45574967537402,226.09253018844487,221.6408302615388,222.80996704101562,153100200
2018-12-31 05:00:00,224.43772916822454,225.00431382380472,222.55812491820467,224.76148986816406,144299400
2019-01-02 05:00:00,221.21810146706608,225.92162663636046,221.19112255366804,224.99530029296875,126925200
2019-01-03 05:00:00,223.24159321376862,223.54737709106138,219.14063387141456,219.62628173828125,144140700
2019-01-04 05:00:00,222.6660742280091,227.63040113640858,222.2883556414537,226.98287963867188,142628800
2019-01-07 05:00:00,227.25266090851673,230.18448416653186,226.3533271053869,228.7725372314453,103139100
2019-01-08 05:00:00,230.96690393187473,231.40756869382054,228.4307761296597,230.9219207763672,102512600
2019-01-09 05:00:00,231.63241425307154,232.84652038747842,230.40033132281422,232.0011444091797,95006600
2019-01-10 05:00:00,230.46331438860645,233.0713772139446,229.7798118408861,232.81956481933594,96823900
2019-01-11 05:00:00,231.74033441854561,232.93646378032568,231.155772918923,232.90948486328125,73858100
2019-01-14 05:00:00,231.00284697776053,232.29788973486603,230.59816326959452,231.48849487304688,70908200
2019-01-15 05:00:00,231.8662424140023,234.45632809913675,231.85724029361995,234.1415557861328,85208300
2019-01-16 05:00:00,234.57323836514863,235.59849213823657,234.36640914269466,234.70816040039062,77636700
2019-01-17 05:00:00,233.83573663656512,237.35213428373712,233.79075348956016,236.48875427246094,96118400
2019-01-18 05:00:00,238.30541746574318,240.10408459220835,236.52472713016905,239.63641357421875,127900300
2019-01-22 05:00:00,238.16156334687548,238.37739465805262,234.78005976250157,236.3988494873047,115531200
2019-01-23 05:00:00,237.43311465599373,238.13459389066648,234.4203410722178,236.8935089111328,86030300
2019-01-24 05:00:00,236.71363898479987,237.60399809909393,235.6973874116646,237.0194091796875,59204100
2019-01-25 05:00:00,238.87207978857583,239.8523779563822,237.1183950349971,239.0249786376953,96883400
2019-01-28 05:00:00,236.87556384393622,237.27124550131185,235.43662414673517,237.20831298828125,85613700
2019-01-29 05:00:00,237.35217791108784,237.91873512542915,236.05713510161692,236.8935089111328,66136300
2019-01-30 05:00:00,238.41342254333662,241.48912911397957,237.6489832387115,240.6437530517578,92473700
2019-01-31 05:00:00,240.5807689102925,243.242789000137,240.3649101575307,242.75714111328125,104012100
2019-02-01 05:00:00,242.95494490204095,243.89926156518624,242.08259028995408,242.87400817871094,85782500
2019-02-04 05:00:00,242.9190364503342,244.6457694003578,242.24453610892468,244.5828094482422,60744800
2019-02-05 05:00:00,245.01452959502666,245.91386349386454,244.51090480731688,245.60809326171875,79552800
2019-02-06 05:00:00,245.3292543937522,245.82387696403768,244.54683844470665,245.28427124023438,58347800
2019-02-07 05:00:00,243.66545506883682,244.21403540741545,241.28222644663975,242.9459991455078,95482000
2019-02-08 05:00:00,241.6960336908555,243.3418029791313,240.86863426229465,243.24288940429688,75788900
2019-02-11 05:00:00,243.8993297625083,244.16011679544178,242.84709717403885,243.37770080566406,68021400
2019-02-12 05:00:00,244.99652631289393,246.8851053399009,244.9245642392903,246.5074005126953,72270200
2019-02-13 05:00:00,247.3437355477572,248.15313035310444,246.92104762950575,247.30775451660156,65277200
2019-02-14 05:00:00,246.219640981869,247.89241635465862,245.40124381635005,246.75924682617188,83234400
2019-02-15 05:00:00,248.53984534307637,249.4841621846724,248.33301615953036,249.44818115234375,97088700
2019-02-19 05:00:00,248.6477544408365,250.5363329748187,248.63875232261373,249.8798370361328,59120800
2019-02-20 05:00:00,249.84395433909128,250.8422292628249,249.34032953908823,250.38356018066406,76610800
2019-02-21 05:00:00,249.74505276853296,250.1047808650161,248.53094642809467,249.4932403564453,64214700
2019-02-22 05:00:00,250.11371414406406,251.23788141294105,249.47519482007914,251.04005432128906,78114600
2019-02-25 05:00:00,252.47000389029748,252.99160545203202,251.3008534073546,251.3817901611328,69030700
2019-02-26 05:00:00,251.03099819554936,252.0832031633799,250.82414158220126,251.20187377929688,56844100
2019-02-27 05:00:00,250.48245677490766,251.44475059190296,249.54716932138058,251.09402465820312,56921600
2019-02-28 05:00:00,250.8781856938627,251.31887798296515,250.3026262497095,250.62637329101562,69268300
2019-03-01 05:00:00,252.20910838281011,252.6048173489606,250.75219239174805,252.19113159179688,78880500
2019-03-04 05:00:00,253.2523793777152,253.49518960014504,248.97154211607622,251.27383422851562,106494600
2019-03-05 05:00:00,251.3998000881989,251.59765463929452,250.3835484141846,250.93212890625,59114600
2019-03-06 05:00:00,251.04901019433916,251.05801231437275,249.08846921116887,249.41221618652344,75039800
2019-03-07 05:00:00,248.96249557918247,249.10639224122332,246.48035363405353,247.3257293701172,94885100
2019-03-08 05:00:00,245.46412322631588,247.00197604924665,244.99647961897884,246.8311004638672,85795800
2019-03-11 04:00:00,247.55063228525654,250.5723807003522,247.52365336888923,250.41050720214844,65098900
2019-03-12 04:00:00,250.96807517721766,251.8764110512473,250.77922277362813,251.3547821044922,79667500
2019-03-13 04:00:00,252.24514083402346,253.95386947503115,252.08323989996887,253.0185546875,80639200
2019-03-14 04:00:00,253.0455724029884,253.46826042938366,252.41605514687336,252.85671997070312,67518400
2019-03-15 04:00:00,253.41039925398505,254.91888653964884,253.22068744703466,254.10592651367188,81309000
2019-03-18 04:00:00,254.3227288858009,255.3254007990882,254.09690510679866,255.0272979736328,62199800
2019-03-19 04:00:00,256.09321760848894,256.86099643531537,254.19629227420754,255.09054565429688,90268100
2019-03-20 04:00:00,254.87376302389364,256.08417521783946,253.2117032546077,254.32273864746094,84609200
2019-03-21 04:00:00,253.50083757407396,257.6017788954364,253.4556562636555,257.1953125,79550400
2019-03-22 04:00:00,255.83126117864703,256.3551602521936,252.1819409443234,252.24517822265625,122659300
2019-03-25 04:00:00,251.90192390511692,253.09428016560244,250.79088846972115,252.0554962158203,85575200
2019-03-26 04:00:00,253.8168476374746,254.8917708691054,252.52514243185954,253.9342803955078,68125900
2019-03-27 04:00:00,253.9252636536454,254.51242750168765,251.05279194971584,252.60646057128906,72224700
2019-03-28 04:00:00,253.2388070723678,254.0156276886976,252.08259035445718,253.56398010253906,56238500
2019-03-29 04:00:00,255.0815180277821,255.48798428535605,253.9523991461117,255.16281127929688,82186800
2019-04-01 04:00:00,257.1682031949515,258.4870067182523,256.89719804377216,258.18890380859375,77617900
2019-04-02 04:00:00,258.3785143667261,258.55014262525657,257.5203730740739,258.3152770996094,40070400
2019-04-03 04:00:00,259.53467001639143,259.9321219359437,258.11649055646046,258.7217102050781,68243200
2019-04-04 04:00:00,259.04701260592014,259.66124676452546,258.35148518218034,259.4083251953125,48997500
2019-04-05 04:00:00,260.076773528645,260.71810542034405,259.7877124404715,260.6639099121094,58621700
2019-04-08 04:00:00,260.2393340145627,260.9710008689054,259.5799186418429,260.86260986328125,53566300
2019-04-09 04:00:00,259.8961111974934,260.22128425658633,258.97475996368,259.5257568359375,66142300
2019-04-10 04:00:00,259.9412795419215,260.50134578580673,259.5257714209351,260.4110107421875,52601500
2019-04-11 04:00:00,260.8987532403648,260.907795014049,259.7696341851698,260.3387145996094,55093100
2019-04-12 04:00:00,261.9555976395785,262.3801474694427,260.3838728749829,262.1001281738281,69727800
2019-04-15 04:00:00,262.1723465365218,262.2717233265553,261.12452097037357,261.928466796875,49596700
2019-04-16 04:00:00,262.81373907219154,262.8679345767375,261.50395005744133,262.1001281738281,52153200
2019-04-17 04:00:00,263.2201796101727,263.2472773597952,261.04323516923716,261.4587707519531,58268300
2019-04-18 04:00:00,262.04588133107666,262.24460733093923,260.74513434404435,261.9736022949219,68708500
2019-04-22 04:00:00,261.20589071998097,262.35306572470756,261.1155556847655,262.1994934082031,40160100
2019-04-23 04:00:00,262.56977737697116,264.7919028688459,262.33493942801596,264.5570373535156,52246600
2019-04-24 04:00:00,264.47578324234695,264.8099980227635,263.82540965983554,263.9699401855469,50392900
2019-04-25 04:00:00,263.8705492820328,264.46672733132755,262.6149834795069,263.80731201171875,57770900
2019-04-26 04:00:00,263.8525132206779,265.1080791179759,263.07566507367034,265.03582763671875,50916400
2019-04-29 04:00:00,265.126212421792,265.97531220941516,265.03587737848176,265.4513854980469,57197700
2019-04-30 04:00:00,265.1081076591326,265.8759141162516,263.6899551015451,265.58685302734375,81111700
2019-05-01 04:00:00,266.2191377504172,266.42690555104076,263.58150388189347,263.5905456542969,71671900
2019-05-02 04:00:00,263.4731931057845,264.39457204735436,261.5220717527038,263.02154541015625,65030200
2019-05-03 04:00:00,264.5028763663921,265.87587498706483,263.12985017934074,265.5958557128906,56543700
2019-05-06 04:00:00,261.27815893194105,264.9455355520882,260.96200007164197,264.5029296875,107198100
2019-05-07 04:00:00,262.09103988842,262.68721789900485,258.1707428791583,260.0857238769531,144729900
2019-05-08 04:00:00,259.72442626953125,261.4406813621305,259.1282482247884,259.72442626953125,91568300
2019-05-09 04:00:00,257.6468931462025,259.5437909639627,255.9035125049102,258.9385986328125,103471100
2019-05-10 04:00:00,257.9991976283467,260.99814462229654,255.00025063439676,260.2393798828125,112429300
2019-05-13 04:00:00,255.1086440308686,256.0751489501682,252.85942022434816,253.69947814941406,127290500
2019-05-14 04:00:00,254.72015563663476,257.5294175028502,254.59370866747275,255.99380493164062,77003200
2019-05-15 04:00:00,254.35891148197908,258.13467909035165,254.1511436462172,257.49334716796875,73956400
2019-05-16 04:00:00,258.1978779554303,261.24197814828574,258.1256264738724,259.8780212402344,76749600
2019-05-17 04:00:00,257.5655859270425,260.69097935008955,257.54750238200677,258.1978759765625,100353000
2019-05-20 04:00:00,256.58998032352497,258.30623534254846,255.74088080223547,256.4906311035156,62877600
2019-05-21 04:00:00,258.1888389374327,259.18246910932857,257.93591739971197,258.8031005859375,46847100
2019-05-22 04:00:00,257.8455922120902,258.9656692926536,257.52943342007944,258.0081787109375,49482500
2019-05-23 04:00:00,255.77706404155575,255.82221777357336,253.43753285559578,254.855712890625,98733800
2019-05-24 04:00:00,256.30094770809905,256.71648330976365,254.81051627814023,255.4337921142578,55268100
2019-05-28 04:00:00,255.7138722442559,256.6713630909262,253.04012577995306,253.0581817626953,70029400
2019-05-29 04:00:00,251.93801584005564,252.34448205681608,249.95075578130627,251.35989379882812,104972900
2019-05-30 04:00:00,252.1186687112762,252.9587540600144,250.944396170323,252.04641723632812,62523800
2019-05-31 04:00:00,249.4901557120521,250.3211718936707,248.62297243595046,248.6500701904297,86862800
2019-06-03 04:00:00,248.6861755345417,249.80625265423026,246.68085927957648,248.0177459716797,96428000
2019-06-04 04:00:00,250.3211879560785,253.5369170037464,249.86954030818822,253.40142822265625,77231900
2019-06-05 04:00:00,255.02723328720054,255.62341122051438,253.21162930967947,255.5963134765625,71169700
2019-06-06 04:00:00,255.89446605191017,257.93589414864323,255.24409250405756,257.2584228515625,69430400
2019-06-07 04:00:00,258.27909539383876,260.91672854171304,258.10746716334154,259.832763671875,74272200
2019-06-10 04:00:00,261.3863978365529,262.6961862528033,260.93475046079317,261.02508544921875,60799100
2019-06-11 04:00:00,262.84982800002933,263.22018229289705,260.31157101613115,260.9619445800781,58641300
2019-06-12 04:00:00,260.72707496458196,261.2871134387814,259.98636646872944,260.5012512207031,47096300
2019-06-13 04:00:00,261.41361587841106,261.93754251256837,260.70904675063946,261.5762023925781,48945200
2019-06-14 04:00:00,261.2870788574219,261.8922709737499,260.5192727165781,261.2870788574219,52324700
2019-06-17 04:00:00,261.5220244154178,262.15434210139864,261.2149073459474,261.38653564453125,39205700
2019-06-18 04:00:00,263.21116484150195,265.1803414868671,262.84982475880395,264.12347412109375,85434800
2019-06-19 04:00:00,264.2590371240738,265.2526674979412,263.2834902992494,264.7197265625,78674400
2019-06-20 04:00:00,267.4114543793516,267.6553341007694,264.782862671904,267.24884033203125,116570000
2019-06-21 04:00:00,266.9785081251163,268.24018113845705,266.64266770502843,266.8605041503906,83309500
2019-06-24 04:00:00,267.0692549302806,267.38692381343355,266.3794026573435,266.5337219238281,47582700
2019-06-25 04:00:00,266.58806998132854,266.61529952284087,263.810545945279,263.9194641113281,82028700
2019-06-26 04:00:00,264.81815134520775,265.32645474957667,263.5473928342855,263.65631103515625,51584900
2019-06-27 04:00:00,264.41878449509164,265.0995509982441,264.03757076558384,264.59124755859375,40355200
2019-06-28 04:00:00,265.57145644264745,266.45191528725695,265.0540951136945,265.95269775390625,59350900
2019-07-01 04:00:00,269.2929891827937,269.51085323616786,267.1599158922563,268.3671569824219,78705600
2019-07-02 04:00:00,268.32175940727416,269.12052964557455,267.47761582834625,269.0660705566406,61504500
2019-07-03 04:00:00,269.7468647198852,271.23548717231705,269.6016312342488,271.2173156738281,40898900
2019-07-05 04:00:00,269.9828287311762,271.072065846248,268.68484102103844,270.9086608886719,51677300
2019-07-08 04:00:00,269.59250693584625,270.72711729438515,268.87542543312424,269.4200439453125,45841800
2019-07-09 04:00:00,268.2582704239669,270.05547594830585,268.20381132931755,269.7559509277344,41101300
2019-07-10 04:00:00,270.826932975873,271.9978585496615,270.2914002437859,271.0447692871094,58448500
2019-07-11 04:00:00,271.6892615281569,271.92524164370593,270.67265509070546,271.68017578125,50826100
2019-07-12 04:00:00,272.17037524484897,272.96914547762225,271.86176450954144,272.8965148925781,40326000
2019-07-15 04:00:00,273.3322307348053,273.3322307348053,272.47900136529853,272.9873046875,33900000
2019-07-16 04:00:00,272.8965571654491,273.1053355042266,271.7982617754811,272.10687255859375,36650100
2019-07-17 04:00:00,272.0795587209717,272.24293596133725,270.2550964355469,270.2550964355469,36036300
2019-07-18 04:00:00,269.75594264471624,271.62577870480993,269.31118415191804,271.2445373535156,51392600
2019-07-19 04:00:00,272.34282361540744,272.3700531582219,269.5652994465301,269.7377624511719,58678600
2019-07-22 04:00:00,270.13718369951505,270.94503982805253,269.6198222637485,270.4004211425781,43638100
2019-07-23 04:00:00,271.52597284433176,272.33380126953125,270.69088716952155,272.33380126953125,44564500
2019-07-24 04:00:00,271.5712875786743,273.61358642578125,271.4805132009349,273.61358642578125,47213200
2019-07-25 04:00:00,273.15977847539506,273.2142375691732,271.49869301379965,272.3065490722656,55394100
2019-07-26 04:00:00,272.996370949877,274.3306740005272,272.8692812781715,274.1309814453125,45084100
2019-07-29 04:00:00,274.01298571082435,274.1309896379485,273.07806774266277,273.6317443847656,38126500
2019-07-30 04:00:00,272.2248271137605,273.36852334403153,271.8435858035198,272.9600524902344,45849000
2019-07-31 04:00:00,273.2051851450792,273.3958196970103,267.9496880512568,269.97381591796875,104245200
2019-08-01 04:00:00,270.1281236010141,273.0962552486723,266.8241239145336,267.6228942871094,142646600
2019-08-02 04:00:00,266.72428549022356,266.9693514261299,264.04659319223305,265.6078186035156,116749700
2019-08-05 04:00:00,261.4959984690222,261.6049166660413,255.7140266734515,257.62017822265625,178745400
2019-08-06 04:00:00,259.5172102699318,261.45059111694167,258.0376736517805,261.23272705078125,120711700
2019-08-07 04:00:00,258.1465697607115,262.1585645889576,256.00443847988896,261.38702392578125,140572300
2019-08-08 04:00:00,262.88474879356926,266.5155029296875,262.33107208403,266.5155029296875,87713900
2019-08-09 04:00:00,265.5714769235487,266.17055463004124,262.9119563890154,264.7001037597656,93730000
2019-08-12 04:00:00,263.19333045600746,264.6910108313881,260.52472424513167,261.4778137207031,65527600
2019-08-13 04:00:00,261.1783011848634,266.99658826305097,260.833375094979,265.5442810058594,94299800
2019-08-14 04:00:00,261.47772920365003,262.08586474535446,257.5655955353019,257.6926574707031,135622100
2019-08-15 04:00:00,258.5822829485868,259.2721350157383,256.3221476344596,258.3735046386719,99556600
2019-08-16 04:00:00,260.0345437452462,262.6214331363169,258.427917790283,262.1857604980469,83018300
2019-08-19 04:00:00,265.21745097958484,266.0252791757126,264.53668474332534,265.3445129394531,53571800
2019-08-20 04:00:00,264.83625028684645,265.37178315072373,263.18427835269,263.31134033203125,51596400
2019-08-21 04:00:00,265.4806597142769,265.8255579684063,264.7908078051259,265.45343017578125,49524700
2019-08-22 04:00:00,266.16150791497233,266.796873242522,263.59273395652144,265.3717956542969,51666400
2019-08-23 04:00:00,264.06476027328546,265.7349038503601,257.3024696205957,258.5550842285156,149161500
2019-08-26 04:00:00,260.7516840162118,261.414306640625,259.217688125791,261.414306640625,72423800
2019-08-27 04:00:00,262.81218226684956,263.18433794135507,259.6261862073836,260.3886413574219,66668900
2019-08-28 04:00:00,259.7259639120188,262.3854841923523,258.9181079651836,262.22210693359375,59696700
2019-08-29 04:00:00,264.7909038319558,266.0979775546509,263.78335514133585,265.5715026855469,57899400
2019-08-30 04:00:00,267.06002834791616,267.0781721400979,264.5185124201695,265.45343017578125,62901200
2019-09-03 04:00:00,263.74695364320513,264.6636998427466,262.566942422348,263.9012451171875,69101400
2019-09-04 04:00:00,266.0798752717495,266.9149333523738,265.3264781485218,266.89678955078125,46887300
2019-09-05 04:00:00,269.3929016938669,271.24456645465915,266.86044279691106,270.32781982421875,83258100
2019-09-06 04:00:00,270.6454754226306,271.1810082803126,269.964709089915,270.5365295410156,49584300
2019-09-09 04:00:00,271.52589769497945,271.6166443667384,269.72866484687484,270.67266845703125,51260300
2019-09-10 04:00:00,269.9101931050949,270.6726756916641,268.64852070916135,270.609130859375,57947100
2019-09-11 04:00:00,270.91779332767726,272.6151664258445,270.2642564860907,272.5334777832031,68821100
2019-09-12 04:00:00,273.4411017038854,274.5393967960973,272.6786468522338,273.4774169921875,72908700
2019-09-13 04:00:00,273.92226682778664,274.2762786808855,272.9238038195746,273.29595947265625,62104800
2019-09-16 04:00:00,272.1612542897087,273.3412656901868,271.80727025987915,272.45172119140625,58191200
2019-09-17 04:00:00,272.25211780759554,273.2324092962593,272.0796547595179,273.14166259765625,41475500
2019-09-18 04:00:00,272.75131878324896,273.4139413853927,270.7090195812567,273.3050231933594,73375800
2019-09-19 04:00:00,273.69536673838496,274.6938298270826,272.9510553722231,273.2868957519531,76560500
2019-09-20 04:00:00,273.89230390446664,274.17501234833077,271.2022742040903,271.99560546875,89565000
2019-09-23 04:00:00,271.32988802688845,272.6521251833731,271.07456273516925,271.9317321777344,43476800
2019-09-24 04:00:00,273.0260371330822,273.4181389160183,268.8313829068721,269.7979736328125,94869400
2019-09-25 04:00:00,269.8800742554495,271.8406112509374,268.39370497746904,271.393798828125,71854000
2019-09-26 04:00:00,271.4028885948663,271.6126032154192,269.414996582582,270.8283996582031,56179700
2019-09-27 04:00:00,271.58527757075296,271.6947265745574,267.8101078765988,269.3694152832031,84746600
2019-09-30 04:00:00,269.8892506873319,271.33000951534177,269.8436677974032,270.6187438964844,51662400
2019-10-01 04:00:00,271.50314881931183,272.159703548224,267.18084642052236,267.3996887207031,88242400
2019-10-02 04:00:00,265.8130786140701,265.822206321161,261.38135419445393,262.67620849609375,122539500
2019-10-03 04:00:00,262.4482253931142,264.8556023618493,259.72171263257434,264.8282470703125,85278800
2019-10-04 04:00:00,265.4847686110008,268.6672210504105,265.43003020641595,268.4118957519531,65091200
2019-10-07 04:00:00,267.60946130351056,269.24173451863544,266.9711340848841,267.2538146972656,59610500
2019-10-08 04:00:00,265.3936256083809,266.13224635638005,263.0683143627302,263.10479736328125,95708100
2019-10-09 04:00:00,265.12913437657,266.54253737517377,264.4999348924504,265.6033020019531,62359400
2019-10-10 04:00:00,265.52121810183183,268.28421345509355,265.35708637669626,267.3996887207031,55296300
2019-10-11 04:00:00,270.1627472925666,272.4150925868798,270.0442262378144,270.171875,98720400
2019-10-14 04:00:00,269.8526857489747,270.52749598236426,269.52442225303406,269.8709411621094,40394800
2019-10-15 04:00:00,270.91963984077086,273.2905341614624,270.80109095047953,272.54278564453125,46754500
2019-10-16 04:00:00,272.0777167260149,272.7981099445487,271.6673872939725,272.1050720214844,48928200
2019-10-17 04:00:00,273.2721560546895,273.78280656177174,272.2143720533434,272.90740966796875,45736600
2019-10-18 04:00:00,272.3695371263782,273.0169643666697,270.8558124439944,271.7129821777344,64304000
2019-10-21 04:00:00,273.0350896986441,273.755454777406,272.59737733196533,273.5548400878906,39048600
2019-10-22 04:00:00,274.09294672656563,274.3847550783772,272.5701223294806,272.66131591796875,48594700
2019-10-23 04:00:00,272.40599416837,273.50936146704714,272.1962516949122,273.45465087890625,34352200
2019-10-24 04:00:00,274.3938512812538,274.53975544040765,273.0716139709286,273.90142822265625,35453100
2019-10-25 04:00:00,273.3269293329498,275.57017439128174,273.27221875380724,275.0230407714844,45205400
2019-10-28 04:00:00,276.24500916793784,277.0748235468787,276.2176538731761,276.5732727050781,42147000
2019-10-29 04:00:00,276.29975436775993,277.42137725024213,276.172077757294,276.4912414550781,44284900
2019-10-30 04:00:00,276.691778476006,277.71307975913317,275.3786688753073,277.3392333984375,49643900
2019-10-31 04:00:00,277.33010673416965,277.33010673416965,275.1416000009066,276.6005859375,69053800
2019-11-01 04:00:00,278.0505603128101,279.2086383047168,277.88640070511434,279.1630554199219,71141500
2019-11-04 05:00:00,280.72231943892626,280.85909590047555,279.9107327197758,280.28460693359375,60606900
2019-11-05 05:00:00,280.4852601203395,280.7861962053587,279.6828009981264,279.974609375,42933200
2019-11-06 05:00:00,279.97458333653447,280.3119745660006,279.0900584084101,280.0384216308594,46487100
2019-11-07 05:00:00,281.3788399443762,282.36365817572266,280.54902574107797,281.023193359375,54272300
2019-11-08 05:00:00,280.67669086026507,281.7709581397297,279.97455318343856,281.71624755859375,49032100
2019-11-11 05:00:00,280.3302721540895,281.3515737034313,280.19346783756185,281.1783142089844,35797300
2019-11-12 05:00:00,281.5429650464104,282.67368740176113,280.9958314514963,281.77093505859375,46484600
2019-11-13 05:00:00,280.77701252498827,282.2633815807318,280.549042493822,281.8621520996094,53917700
2019-11-14 05:00:00,281.5794814590841,282.3545851581734,280.94115421786375,282.2724914550781,51219900
2019-11-15 05:00:00,283.6129285321158,284.3606768661602,282.91991860421456,284.3150939941406,62023600
2019-11-18 05:00:00,284.07802892930033,284.76193905844303,283.6220888432052,284.52484130859375,49228000
2019-11-19 05:00:00,285.1267508619451,285.13587857083724,283.79541329758655,284.4428405761719,67804700
2019-11-20 05:00:00,283.84998588618214,284.3697641294647,281.82561131141006,283.3849182128906,79406200
2019-11-21 05:00:00,283.494466283269,283.60388746150187,282.12664589860407,282.9290771484375,54664700
2019-11-22 05:00:00,283.67677640436585,283.81355285341886,282.5460539876979,283.5582275390625,44850200
2019-11-25 05:00:00,284.4883605205459,285.755859375,284.4883605205459,285.755859375,48647200
2019-11-26 05:00:00,285.7924675212337,286.58579909446735,285.473303784268,286.4034118652344,37569000
2019-11-27 05:00:00,286.8866030452009,287.6799621582031,286.66776071244107,287.6799621582031,44444600
2019-11-29 05:00:00,287.1145600419583,287.3607854835019,286.3850670803148,286.613037109375,36592700
2019-12-02 05:00:00,286.86837448550784,286.9322127751372,283.74975994078153,284.1783447265625,75767800
2019-12-03 05:00:00,281.45180487949045,282.3545851581734,280.06575705912854,282.2724914550781,73941700
2019-12-04 05:00:00,283.32115022305817,284.6160043447068,282.97463134227655,284.01416015625,49080000
2019-12-05 05:00:00,284.71635618118324,284.7345837664123,283.2117316343698,284.52484130859375,40709000
2019-12-06 05:00:00,286.43974721208247,287.524886661327,286.43061950681107,287.1236572265625,48927000
2019-12-09 05:00:00,286.731567353705,287.40634969081657,286.1479507595981,286.2209167480469,34838500
2019-12-10 05:00:00,286.1662780260528,286.8319328246587,285.2452700321289,285.9018249511719,52649800
2019-12-11 05:00:00,286.35776275757524,286.9687347886849,285.8197567326405,286.7134094238281,53429100
2019-12-12 05:00:00,286.72245240013393,289.9687433212135,286.4853824980588,289.1845397949219,96389600
2019-12-13 05:00:00,288.9474614007992,290.58886238329086,288.17235770032045,289.3578186035156,81503900
2019-12-16 05:00:00,291.0903778003415,291.93841964706013,289.2939728213028,291.345703125,82749700
2019-12-17 05:00:00,291.72877061827074,292.02967888598477,291.327541042399,291.40960693359375,61097700
2019-12-18 05:00:00,291.80166963878605,292.02963969319137,291.373084823369,291.42779541015625,48133000
2019-12-19 05:00:00,291.6192103784386,292.69524991881053,291.36388509375365,292.6222839355469,85310500
2019-12-20 05:00:00,293.65789838021783,295.0416164920908,292.67741049177044,293.90533447265625,147142100
2019-12-23 05:00:00,294.6932674726239,294.74824703288294,294.2075960468766,294.3542175292969,52990000
2019-12-24 05:00:00,294.58329103083963,294.62909800663266,294.06095727390294,294.3633728027344,20270000
2019-12-26 05:00:00,294.7482120335622,295.9395009498241,294.73906741806377,295.9303283691406,30911200
2019-12-27 05:00:00,296.6635210823034,296.7185006570414,295.3256381550197,295.85711669921875,42528800
2019-12-30 05:00:00,295.93954452506745,296.07699342963247,293.7402501912701,294.2259216308594,49729100
2019-12-31 05:00:00,293.7220141367685,295.1882014426229,293.3737915055434,294.9407653808594,57077300
2020-01-02 05:00:00,296.4802539792737,297.71735029463804,295.5547178974124,297.6990051269531,59151200
2020-01-03 05:00:00,294.2992783946291,296.57186973652915,294.2442988268179,295.4447326660156,77709700
2020-01-06 05:00:00,293.68527154806566,296.65430772190325,293.5661398420069,296.57183837890625,55653900
2020-01-07 05:00:00,296.0036707856056,296.48019761170144,295.2889085116511,295.7379455566406,40496400
2020-01-08 05:00:00,295.9304301191349,298.5328990962051,295.6830220422805,297.31414794921875,68296000
2020-01-09 05:00:00,298.8810385673999,299.4033723273358,298.2945526688361,299.3300476074219,48473300
2020-01-10 05:00:00,299.91655867016334,300.0723247739728,298.0013626882262,298.46868896484375,53029300
2020-01-13 05:00:00,299.0918681335702,300.5305374400755,298.66117621036113,300.5213928222656,47086800
2020-01-14 05:00:00,300.0814885851053,301.13530077869376,299.50417523626254,300.06317138671875,62832800
2020-01-15 05:00:00,299.9715606002773,301.5018717974519,299.8890912511953,300.7413024902344,72056600
2020-01-16 05:00:00,302.1250165187214,303.24298095703125,301.8959256745201,303.24298095703125,54050300
2020-01-17 05:00:00,303.9577377732246,304.3975742884115,303.1788233239939,304.18682861328125,95846000
2020-01-21 05:00:00,303.2246772332371,304.3976213972453,303.1513804577593,303.5912170410156,77742400
2020-01-22 05:00:00,304.45259018192024,305.10322838025627,303.4721025230249,303.62786865234375,48914900
2020-01-23 05:00:00,302.97721103138565,304.38841838405864,301.85924665475704,303.9760437011719,51963000
2020-01-24 05:00:00,304.63589360217117,304.71836296389927,299.98075121763935,301.2728271484375,87578400
2020-01-27 05:00:00,296.01278964268874,297.9279852860033,295.67373974885004,296.4434814453125,84062500
2020-01-28 05:00:00,297.8731488190477,300.4298110867822,296.53526579671535,299.55010986328125,63834000
2020-01-29 05:00:00,300.91548221814526,301.14457311721316,299.10107223005605,299.30267333984375,53888900
2020-01-30 05:00:00,297.2315928492786,300.4846994121744,296.4801961809347,300.27392578125,75491800
2020-01-31 05:00:00,299.65085010133794,299.80664419353747,293.905261299892,294.8216247558594,113845600
2020-02-03 05:00:00,296.3060680665093,298.88104661033793,296.1869363673335,297.01165771484375,69083000
2020-02-04 05:00:00,300.63138329314756,302.40913073891045,300.3106504717624,301.53857421875,62573200
2020-02-05 05:00:00,304.4800703613793,305.23149509436865,303.013911228474,305.0207214355469,65951100
2020-02-06 05:00:00,305.9829059558844,306.23948658903026,304.9657280409619,306.04705810546875,50359700
2020-02-07 05:00:00,304.9841260388641,306.0562557410512,303.8661613796661,304.4159851074219,64139400
2020-02-10 05:00:00,303.5271002179738,306.7526897560034,303.49043784674745,306.68853759765625,42070000
2020-02-11 05:00:00,308.04472268441083,308.8327817820095,306.6884947902929,307.2200012207031,54864500
2020-02-12 05:00:00,308.65860089384944,309.4100254210768,308.29206121099236,309.19927978515625,43992700
2020-02-13 05:00:00,307.769768124231,309.84075815537994,307.4948703170825,308.8694152832031,54501900
2020-02-14 05:00:00,309.28181898019517,309.48342004608406,308.0813851676903,309.3642883300781,64582200
2020-02-18 05:00:00,308.36544605947824,309.4284309226807,307.1741569014039,308.5670471191406,57226200
2020-02-19 05:00:00,309.53843070084963,310.7205194664191,309.25436025654744,310.04241943359375,48814700
2020-02-20 05:00:00,309.4925531618124,310.31730256037446,305.77212014655726,308.7686462402344,74163400
2020-02-21 05:00:00,307.41242134787745,307.72398153835667,304.7641177810184,305.5888671875,113788200
2020-02-24 05:00:00,296.1136095082703,305.66209812209223,294.37249710529545,295.4538269042969,161088400
2020-02-25 05:00:00,296.84678915931295,297.4607370329087,285.6213364835221,286.50103759765625,218913200
2020-02-26 05:00:00,287.90308261756604,291.5043845222022,284.71415548102505,285.4472351074219,194773800
2020-02-27 05:00:00,279.9124238619062,285.5022475434753,272.6273498535156,272.6273498535156,284353500
2020-02-28 05:00:00,264.55413666270186,272.97551892461485,261.6584248326628,271.4818420410156,384975800
2020-03-02 05:00:00,273.26873092756443,283.3029216830661,269.8323680613231,283.23876953125,238703600
2020-03-03 05:00:00,283.61447075418994,287.5914845326907,272.6822621634208,275.1289367675781,300139100
2020-03-04 05:00:00,280.5172300433054,286.9134582505058,277.9605676844189,286.6935119628906,176613400
2020-03-05 05:00:00,279.4725227329303,282.67062208363757,274.9181954685185,277.16326904296875,186366800
2020-03-06 05:00:00,268.6319574415611,273.79108847879223,265.95619165209234,272.58148193359375,228667200
2020-03-09 04:00:00,252.27481429462634,260.4212977452455,250.57956450136103,251.29432678222656,309417300
2020-03-10 04:00:00,260.8336938237853,264.38916035534675,250.62539203743287,264.29754638671875,276444100
2020-03-11 04:00:00,257.2232051751496,258.3594867875514,248.2245103089877,251.41343688964844,255316300
2020-03-12 04:00:00,234.5890236964178,244.35746061709935,226.9648737146384,227.35891723632812,392220700
2020-03-13 04:00:00,241.08604410630707,248.77434647333422,227.7346366084583,246.7949981689453,329566100
2020-03-16 04:00:00,221.00851540675873,235.41374899779908,217.50801453237176,219.78976440429688,297240000
2020-03-17 04:00:00,224.54568810052052,234.74483150463524,217.24228444804106,231.65667724609375,262070500
2020-03-18 04:00:00,216.4908528327942,227.5971727449602,208.94918598045479,219.92721557617188,327597100
2020-03-19 04:00:00,219.23993370981958,226.6899722952671,212.79790041262768,220.39454650878906,289322000
2020-03-20 04:00:00,223.5524848436313,225.340685761299,210.62030694707715,210.89683532714844,347158800
2020-03-23 04:00:00,210.3345937579703,211.7079952536431,201.18158896992057,205.50460815429688,326025200
2020-03-24 04:00:00,216.07705777437212,224.99962261556414,215.50557615248505,224.1239471435547,235494500
2020-03-25 04:00:00,225.70934902591648,236.29106935998374,220.98998451429793,227.47911071777344,299430300
2020-03-26 04:00:00,229.99555681218766,242.23640785401722,229.56233225861644,240.76162719726562,257632800
2020-03-27 04:00:00,233.45215114036685,240.40215557254598,231.40586041598306,233.5904083251953,224341200
2020-03-30 04:00:00,235.69198523496897,241.89537230019295,233.6917850687621,241.17640686035156,171369500
2020-03-31 04:00:00,240.17166345646726,242.72490599332332,236.17126374188032,237.58154296875,194881100
2020-04-01 04:00:00,228.57601345891695,237.4985784321248,224.8152643278773,226.8892059326172,189554600
2020-04-02 04:00:00,226.00435422566696,232.90826706559199,225.45129745089525,232.12478637695312,177660400
2020-04-03 04:00:00,231.13851804279616,233.4982148913471,226.0320183372027,228.76962280273438,135561200
2020-04-06 04:00:00,237.66444529163084,246.10769389597706,228.75110840272654,244.1351318359375,188061200
2020-04-07 04:00:00,252.7535420599355,253.5093852537286,244.16283704114784,244.38404846191406,201427200
2020-04-08 04:00:00,246.99265102854096,254.40354477435332,244.49471105578704,252.5876922607422,153774500
2020-04-09 04:00:00,255.8598866626546,259.19665225611317,253.91500360542418,256.431396484375,189999200
2020-04-13 04:00:00,255.45432127320237,255.79536495704366,250.17267304475266,254.09011840820312,114839100
2020-04-14 04:00:00,258.99386373886557,262.6071155005401,253.9518796282053,261.583984375,134143400
2020-04-15 04:00:00,255.85059126884542,261.72214429729786,253.90568081936846,256.0257263183594,121775000
2020-04-16 04:00:00,257.3070931988661,258.1182395479549,254.18236820594646,257.2610168457031,131798300
2020-04-17 04:00:00,263.04958204992425,264.8193300820858,260.3027510489938,264.21099853515625,146684800
2020-04-20 04:00:00,260.49632929344494,264.34927418099744,259.3349408566782,259.55615234375,100109300
2020-04-21 04:00:00,255.07643798748308,256.2839308424409,250.73496586689225,251.6751708984375,126385700
2020-04-22 04:00:00,256.5697027704081,259.0123402105221,255.2423774954704,257.2610168457031,92951600
2020-04-23 04:00:00,258.54210481002036,261.72215917445885,256.9382659808048,257.242431640625,104709700
2020-04-24 04:00:00,258.7634703866844,261.5010751772148,256.7079531308153,260.82818603515625,85063200
2020-04-27 04:00:00,262.80989280157024,265.7134056117483,262.34901685933136,264.5888671875,77896600
2020-04-28 04:00:00,268.24817773506373,268.5984478924174,263.06793752484685,263.37213134765625,105270000
2020-04-29 04:00:00,268.7182790399496,271.80615294205035,267.6859216095515,270.2668151855469,118745600
2020-04-30 04:00:00,268.88425570382896,270.3682909831344,266.0083940965527,267.7505187988281,122901700
2020-05-01 04:00:00,262.9850361402211,267.91641450243395,259.49158851242345,260.6622314453125,125180000
2020-05-04 04:00:00,258.7726214184617,261.6853608206869,257.28861435013727,261.3811950683594,80873200
2020-05-05 04:00:00,264.2109421284769,266.6167007575491,261.5101880508397,263.796142578125,79569900
2020-05-06 04:00:00,265.5014124986934,265.88853252564763,261.57474059035235,262.0079650878906,73632600
2020-05-07 04:00:00,265.2341460923008,267.10530158420426,264.6626643356071,265.16961669921875,75250400
2020-05-08 04:00:00,268.312788587313,270.0272619493122,267.1790234909967,269.5571594238281,76452400
2020-05-11 04:00:00,267.6214090155199,270.9950239132612,267.19741107208864,269.6123962402344,79514200
2020-05-12 04:00:00,270.80148565750676,271.2162571149369,264.1003316612484,264.2386169433594,95870800
2020-05-13 04:00:00,263.676343692379,264.7179278299637,257.1318996402703,259.5653381347656,144721100
2020-05-14 04:00:00,257.1227246154744,262.80069202601,251.62906259247328,262.6716613769531,121977900
2020-05-15 04:00:00,260.2750667451396,263.92519621393427,259.3256634598591,263.8791198730469,111146300
2020-05-18 04:00:00,270.11935131869956,273.52984420000496,269.79676069529506,271.9167785644531,119703800
2020-05-19 04:00:00,271.317675373618,273.0321203926456,269.1054764559933,269.1239013671875,95189300
2020-05-20 04:00:00,272.6726088081728,274.5621886394689,272.44217087120353,273.69573974609375,85861700
2020-05-21 04:00:00,273.5667936544539,274.37793994395184,270.70935672722777,271.8062438964844,78293900
2020-05-22 04:00:00,271.5204680309544,272.49752280932586,270.2760973212516,272.3223876953125,63958200
2020-05-26 04:00:00,278.3046114786397,278.5442760318748,272.34087412337914,275.6776123046875,88951400
2020-05-27 04:00:00,278.4797754606103,279.81632742789265,273.6405763185572,279.7794494628906,104817400
2020-05-28 04:00:00,280.8116280259469,282.83026634294305,278.59020322547445,279.2630920410156,90405200
2020-05-29 04:00:00,278.79306472388765,281.09744441541864,276.0370356142998,280.5075378417969,119090800
2020-06-01 04:00:00,279.8622915538364,282.2496254643002,279.34611276939205,281.6412658691406,55758300
2020-06-02 04:00:00,282.5631090141315,284.01949315694617,281.22658528064454,283.973388671875,74267200
2020-06-03 04:00:00,285.9643014985071,288.71113229720396,285.68778717935186,287.75250244140625,92567600
2020-06-04 04:00:00,286.7662355965372,288.5083602838637,284.8950802636516,286.9966735839844,75794400
2020-06-05 04:00:00,292.4072903437659,296.13114681103707,292.342760976209,294.3521728515625,150524700
2020-06-08 04:00:00,295.16344704307255,298.1038383774425,294.61961670089926,297.9102783203125,73641200
2020-06-09 04:00:00,295.2371651487596,297.9839963359164,294.37071598669127,295.6888427734375,77479200
2020-06-10 04:00:00,296.269500797197,297.1636012434189,293.3198835377999,294.0388488769531,95000800
2020-06-11 04:00:00,287.088843490775,287.72485456232124,276.5348009447045,277.08782958984375,209243600
2020-06-12 04:00:00,284.12081775495204,284.8950860328973,275.2351434064616,280.4061584472656,194678900
2020-06-15 04:00:00,274.7005363949218,284.15772144939484,273.5206948936138,283.0239562988281,135782700
2020-06-16 04:00:00,290.7942988499183,290.9417825291252,283.59541877833976,288.4714660644531,137627500
2020-06-17 04:00:00,289.49461875848573,289.78958611023603,286.5357749799992,287.273193359375,83398900
2020-06-18 04:00:00,285.7523287681102,287.86312046362997,285.2914527967437,287.3838195800781,80828700
2020-06-19 04:00:00,290.8611422057598,291.0555539951317,283.7879547845026,285.7414245605469,135549600
2020-06-22 04:00:00,285.1397044815443,287.972675770344,283.991711169422,287.5745849609375,74649400
2020-06-23 04:00:00,290.23157290982795,291.16664813411967,288.49104915719107,288.8984069824219,68471200
2020-06-24 04:00:00,286.85241955719425,287.47272350488674,279.6866728739989,281.5290222167969,132813500
2020-06-25 04:00:00,280.9549491360684,284.8155808485051,278.92742739731943,284.5470886230469,89468000
2020-06-26 04:00:00,283.4453670718766,283.65831307289085,277.2054304923367,277.7886657714844,127961000
2020-06-29 04:00:00,279.04784785660627,282.0104170904512,276.75183339130206,281.8715515136719,79773300
2020-06-30 04:00:00,281.43640077884385,287.18568953468224,281.27902922068364,285.482177734375,113394800
2020-07-01 04:00:00,286.60240238818403,288.75028382678505,286.13949836711066,287.4819030761719,72396500
2020-07-02 04:00:00,290.92591848242125,292.27761860525646,288.3984805369268,289.0650634765625,69344200
2020-07-06 04:00:00,292.89789260022195,294.1106989034285,292.1479903288781,293.5274353027344,61713800
2020-07-07 04:00:00,291.9814516478086,293.96266689087315,290.12056776136336,290.5001525878906,82910000
2020-07-08 04:00:00,291.268429066026,292.8330467804831,289.5001607234168,292.7219543457031,54638600
2020-07-09 04:00:00,293.3330834182063,293.5738026050235,287.63010119071316,291.05560302734375,83354200
2020-07-10 04:00:00,290.9907250034386,294.29586651217585,289.5557338319014,294.0273742675781,57550400
2020-07-13 04:00:00,296.37900954803916,298.76758248176105,290.8241598614589,291.4814758300781,102997500
2020-07-14 04:00:00,290.0556028773077,296.03634223538796,288.8520639123721,295.2586669921875,93657000
2020-07-15 04:00:00,298.48979427223054,299.073057898437,295.5827432633352,297.9713439941406,87196500
2020-07-16 04:00:00,296.0642429732671,297.443688293604,295.4161658645114,296.99005126953125,54622500
2020-07-17 04:00:00,297.99914588498484,298.6379557988609,296.0179027889811,297.85101318359375,62774900
2020-07-20 04:00:00,297.5824579652238,301.0079588586028,296.83255574724603,300.258056640625,56308800
2020-07-21 04:00:00,302.2301082513212,302.674478119921,299.9063205508765,300.8969421386719,57292200
2020-07-22 04:00:00,300.5358483657845,302.9244493039815,300.4247559041797,302.6096496582031,57792900
2020-07-23 04:00:00,302.2485885751996,302.9522118119583,297.62881493687297,298.9989929199219,75738000
2020-07-24 04:00:00,297.1381165695117,298.10093663670415,295.5642315215915,297.07330322265625,73766600
2020-07-27 04:00:00,297.76765361995194,299.41559085189874,296.9714439891893,299.23968505859375,48293000
2020-07-28 04:00:00,298.50832649407437,299.62857474108495,297.0455619923725,297.3418273925781,57495000
2020-07-29 04:00:00,298.22135449541014,301.56353703162114,298.1843142537646,300.998779296875,48454200
2020-07-30 04:00:00,298.01764213127547,300.34142966237613,295.9253348944349,299.9248046875,61861700
2020-07-31 04:00:00,301.7208947786566,302.39674495391967,297.4899444109611,302.2948913574219,84986800
2020-08-03 04:00:00,303.9613838671238,305.1649233400349,303.41516036766865,304.3965148925781,53077900
2020-08-04 04:00:00,303.5354458801942,305.5722351074219,303.5354458801942,305.5722351074219,41917900
2020-08-05 04:00:00,306.87762078191065,307.7293766896875,306.6091285143018,307.4701232910156,42697700
2020-08-06 04:00:00,306.88695107714045,309.6458417794876,306.5629125155189,309.5254821777344,43679400
2020-08-07 04:00:00,308.5532584813451,310.03455678498767,307.64595656017786,309.74755859375,57308300
2020-08-10 04:00:00,310.2012602236318,310.85857606472894,308.25705755982693,310.6734313964844,44282100
2020-08-11 04:00:00,311.8584260174997,312.4972357886922,307.3775187516076,308.10888671875,69601100
2020-08-12 04:00:00,310.55307736748404,313.1823690322383,310.5253042540805,312.4046936035156,53774400
2020-08-13 04:00:00,311.63622588941763,313.15456461281775,310.91409675969334,311.83990478515625,41816100
2020-08-14 04:00:00,311.4510914457283,312.38616662319157,310.71969517068027,311.84918212890625,47260400
2020-08-17 04:00:00,312.8675558245334,313.23787337153493,311.85842850125164,312.83978271484375,35481000
2020-08-18 04:00:00,313.2379876186909,313.9416109920186,311.63632903330017,313.5157470703125,38733900
2020-08-19 04:00:00,313.8952460130352,314.41369632346203,311.64553896028053,312.2102966308594,68054200
2020-08-20 04:00:00,310.4790311302615,313.6638136676709,310.34943267122867,313.1824035644531,42207800
2020-08-21 04:00:00,312.84907662656065,314.51551985748154,312.5065039064949,314.2933349609375,55106600
2020-08-24 04:00:00,316.7374859275807,317.55220163599915,314.26559394084416,317.4781494140625,48588700
2020-08-25 04:00:00,318.042826953343,318.67236962408947,316.87629981081636,318.58905029296875,38463400
2020-08-26 04:00:00,319.1815932051434,322.0515755650152,318.63536984460586,321.7831115722656,50790200
2020-08-27 04:00:00,322.65333071835175,323.94018904924746,320.8202208457621,322.4866638183594,58034100
2020-08-28 04:00:00,323.5144175693778,324.69945092755256,322.3201170881674,324.56982421875,48588900
2020-08-31 04:00:00,324.3568607483191,325.23636145672884,323.1625604352609,323.3940124511719,66099200
2020-09-01 04:00:00,324.2272767983935,326.5417972626103,323.3292417281404,326.4399719238281,54908700
2020-09-02 04:00:00,328.3563929777579,332.1336778441025,327.20837164549533,331.1615905761719,69540000
2020-09-03 04:00:00,329.4673439712891,329.93951517196746,317.1726127891446,319.764892578125,148011100
2020-09-04 04:00:00,320.4500194519524,322.02387655121674,310.0254093415249,317.1541442871094,139156300
2020-09-08 04:00:00,311.7288539118445,317.2189177075403,308.1830211329874,308.488525390625,114465300
2020-09-09 04:00:00,312.5065536735691,317.05227542874667,311.6362916856209,314.58038330078125,91462300
2020-09-10 04:00:00,316.4597237823714,317.1170396063359,308.15522419835855,309.1180725097656,90569500
2020-09-11 04:00:00,310.9048829574324,311.9695566218667,306.4424811341146,309.27545166015625,84680200
2020-09-14 04:00:00,312.45093361361097,315.1265323015431,309.4235516177228,313.3489685058594,65605700
2020-09-15 04:00:00,315.81162957965364,316.64485115308514,313.3582439593315,314.93212890625,52920900
2020-09-16 04:00:00,316.17279961874726,317.6077911735018,313.4046136065365,313.682373046875,82096000
2020-09-17 04:00:00,308.81258977020724,312.64544938955055,308.28487230028173,310.9234313964844,91523300
2020-09-18 04:00:00,311.73114938301563,311.8426865400238,304.852750491152,307.3438415527344,105877900
2020-09-21 04:00:00,302.74280591002497,304.0720044942166,299.0526331621716,303.92327880859375,99450800
2020-09-22 04:00:00,305.41045242560136,307.5762077815948,302.89144880901273,307.01849365234375,63612100
2020-09-23 04:00:00,307.5761419423273,307.85501313051753,299.3964310193116,299.89837646484375,93112200
2020-09-24 04:00:00,298.5785239027551,303.7652001614341,297.25860138372207,300.69781494140625,76681300
2020-09-25 04:00:00,299.84263930150775,306.34923785839106,298.9689221639233,305.5591735839844,71069400
2020-09-28 04:00:00,309.7327085120084,311.3500540678067,308.73812155611176,310.63433837890625,64584600
2020-09-29 04:00:00,310.4297940022314,311.17339386110456,308.2454304128315,308.94256591796875,51304000
2020-09-30 04:00:00,309.61186119180115,314.4453460617756,309.416671165214,311.2850036621094,104081100
2020-10-01 04:00:00,313.88762577093473,314.8636042513181,311.39653473476926,313.283447265625,88698700
2020-10-02 04:00:00,308.3198753338645,313.2555935281312,307.845814008662,310.30902099609375,89431100
2020-10-05 04:00:00,312.3725837252872,315.99768394193904,312.32611935535976,315.8117980957031,45713100
2020-10-06 04:00:00,315.9511338783172,318.0518447733549,310.81092215803676,311.3221435546875,90128900
2020-10-07 04:00:00,314.2873105557897,317.5499142029964,314.25942626677596,316.7412414550781,56999600
2020-10-08 04:00:00,318.6839290178844,319.61344315918404,317.76369072876383,319.5483703613281,45242500
2020-10-09 04:00:00,321.20298759630805,322.8668262828283,320.58022884558153,322.4020690917969,59528600
2020-10-12 04:00:00,324.9488368752037,329.0665776070336,324.45619552767687,327.5886535644531,80388500
2020-10-13 04:00:00,327.44928619060363,327.6258961713818,324.4841333973587,325.4508361816406,73255500
2020-10-14 04:00:00,326.02712076253164,327.1239407614078,322.6715879609213,323.4058837890625,57727900
2020-10-15 04:00:00,319.4832376382548,323.4894405664943,318.94413201868963,323.006103515625,60357700
2020-10-16 04:00:00,324.3632161877111,326.0270542862086,322.6343336640178,322.8109436035156,89501900
2020-10-19 04:00:00,324.0750651798359,324.707127920646,317.0014769337468,317.9031066894531,68425600
2020-10-20 04:00:00,319.2509233580746,322.42987424570373,318.48874331042714,319.17657470703125,60051900
2020-10-21 04:00:00,319.1300734795861,321.3051615043332,318.265632147442,318.5723876953125,63575000
2020-10-22 04:00:00,318.78619244737797,320.9054837575771,316.6390168449337,320.31988525390625,55399300
2020-10-23 04:00:00,321.54686165145785,321.6026302378222,318.94423306603966,321.4074401855469,49143900
2020-10-26 04:00:00,318.0146635113088,318.80475616946273,311.96351764417074,315.4678039550781,91473000
2020-10-27 04:00:00,315.81173928644967,316.14635076728,314.1664810728045,314.3802795410156,65994100
2020-10-28 04:00:00,308.69156758079595,314.40807231318774,303.14236854012,303.635009765625,127094300
2020-10-29 04:00:00,303.86742404075585,309.8999608015689,302.175701758934,306.7210388183594,90597700
2020-10-30 04:00:00,305.1408744396233,306.4514926680228,299.8612413875232,303.5235290527344,120287300
2020-11-02 05:00:00,306.9256286621094,308.9333545578397,304.17424595094957,306.9256286621094,86068300
2020-11-03 05:00:00,310.16951471824626,314.40809609472535,307.0091729363472,312.3445739746094,93294200
2020-11-04 05:00:00,316.8341372001022,323.4151123876385,315.6536645993499,319.32525634765625,126959700
2020-11-05 05:00:00,324.6235253644289,327.3656035607772,324.2703054349714,325.55303955078125,82039700
2020-11-06 05:00:00,325.2648392554505,326.7334873150784,323.1455483916412,325.4786376953125,74973000
2020-11-09 05:00:00,338.3152429134803,338.69634709260697,329.1037549200316,329.5685119628906,172304200
2020-11-10 05:00:00,328.57398573427594,330.1448670984281,325.8040514021092,329.0852355957031,85552000
2020-11-11 05:00:00,331.27885919980673,332.3570990887861,330.03331356077604,331.52984619140625,58649000
2020-11-12 05:00:00,330.51654205029786,331.5762015185387,326.50106353691933,328.3135986328125,67546200
2020-11-13 05:00:00,330.2284982463468,333.60263931693396,329.70797256583705,332.8590393066406,62892200
2020-11-16 05:00:00,335.53599207967227,337.20910602355747,334.2439539338636,337.013916015625,74541100
2020-11-17 05:00:00,334.5972679039274,336.40983215828015,333.0821550372729,335.2014465332031,66111000
2020-11-18 05:00:00,335.47098329337155,336.01939328368303,331.13013936912824,331.1673278808594,70591300
2020-11-19 05:00:00,330.53518969102464,332.93332337051584,329.1873830215111,332.5615234375,59940900
2020-11-20 05:00:00,332.30123744219173,332.50573164604754,330.20983105269545,330.2841796875,70417300
2020-11-23 05:00:00,332.0967933926305,333.5282530358045,329.8566610286987,332.26409912109375,63230600
2020-11-24 05:00:00,334.8202565878615,338.166512926915,333.9651195251979,337.61810302734375,62415900
2020-11-25 05:00:00,337.53452910152424,337.5624133955992,336.00083619435185,337.09765625,45330900
2020-11-27 05:00:00,338.19437845165817,338.51040981524136,337.02318170633714,338.036376953125,28514100
2020-11-30 05:00:00,337.2555715663142,337.5251385844671,333.8535750928766,336.53985595703125,83872700
2020-12-01 05:00:00,339.80253028624935,341.7637917326567,339.20762755188343,340.2207946777344,74231400
2020-12-02 05:00:00,339.10537931768437,341.09452496721,338.5290850488173,340.9365234375,45927000
2020-12-03 05:00:00,340.83417112493726,342.2377462780338,339.7373514630611,340.8434753417969,62882000
2020-12-04 05:00:00,341.42909241189386,343.78076171875,341.33613533774013,343.78076171875,50749900
2020-12-07 05:00:00,343.0093290517619,343.56704325999203,341.80097190603243,343.07440185546875,48944300
2020-12-08 05:00:00,341.80095649302785,344.6452676235663,341.7544921304885,344.0782775878906,42458900
2020-12-09 05:00:00,344.73818917160975,344.89619068117054,340.1556915300474,340.99224853515625,74098300
2020-12-10 05:00:00,339.6166137038823,341.9310950867418,338.74286804799897,340.8807678222656,57735400
2020-12-11 05:00:00,339.1797343449143,340.8900371114811,337.6553457695817,340.4810485839844,57698600
2020-12-14 05:00:00,342.656080212638,343.73429157077305,338.77999406137144,338.95660400390625,69216200
2020-12-15 05:00:00,341.50354599680554,343.5391845703125,340.12788299604205,343.5391845703125,63865300
2020-12-16 05:00:00,343.75294195055,344.9984875517349,342.8698921301285,344.0782775878906,58420500
2020-12-17 05:00:00,345.7235069456668,346.20684410811197,344.8962257081794,346.0023498535156,64119500
2020-12-18 05:00:00,346.29174986586526,346.4597687850615,342.60450659912306,344.6208190917969,136542300
2020-12-21 05:00:00,340.6908788886597,353.28346626235304,337.9464560255549,343.38861083984375,96386700
2020-12-22 05:00:00,343.71528756970014,343.827300163514,341.68031614892215,342.809814453125,47949000
2020-12-23 05:00:00,343.7806801753628,345.0315351063921,342.79119749130325,343.117919921875,46201400
2020-12-24 05:00:00,343.5939480483956,344.4807619388975,343.00588190186073,344.4527587890625,26457900
2020-12-28 05:00:00,347.01054024714455,347.80400095877894,346.38512695366734,347.4119567871094,39000400
2020-12-29 05:00:00,348.9427286762526,349.12009142950285,346.1609594035045,346.7490539550781,53680500
2020-12-30 05:00:00,347.57061894027095,348.2800701602232,346.85185232725235,347.243896484375,49455300
2020-12-31 05:00:00,347.0478117815803,349.7362280379204,346.5344112202723,349.00811767578125,78520700
2021-01-04 05:00:00,350.3430619269125,350.4737623105082,340.5509025860983,344.2568054199219,110210800
2021-01-05 05:00:00,343.6126968288988,347.7199876295855,343.5660059125911,346.6278076171875,66426200
2021-01-06 05:00:00,345.11552753738533,351.9019187189158,344.5647799187049,348.7000732421875,107997700
2021-01-07 05:00:00,351.0804608432896,354.6276595774134,350.90309805783966,353.8808898925781,68766800
2021-01-08 05:00:00,355.2717446185085,356.1118675981628,352.0139214197947,355.8971862792969,71677200
2021-01-11 05:00:00,352.714082662644,355.2624551415855,352.59272616603903,353.4981994628906,51034700
2021-01-12 05:00:00,353.68488655633377,354.5903313155894,351.32316391848667,353.5728454589844,52547700
2021-01-13 05:00:00,353.49822506381935,355.52385315596246,352.7141082067856,354.5250549316406,45303600
2021-01-14 05:00:00,355.2716950469286,355.7757801593599,352.9473484804693,353.28338623046875,49989100
2021-01-15 05:00:00,351.6592279506471,352.46200397474826,348.8401394989429,350.70709228515625,107160000
2021-01-19 05:00:00,353.1714095466067,354.0022171031651,351.6871856917085,353.4607849121094,51233300
2021-01-20 05:00:00,355.7571121035388,359.1923262780923,355.36506804016375,358.3522033691406,61836100
2021-01-21 05:00:00,358.91229363565395,359.3417132448048,357.7547921391025,358.6789245605469,47840100
2021-01-22 05:00:00,356.82132917887884,358.5762692472842,356.4386004629022,357.409423828125,52860500
2021-01-25 05:00:00,358.14689610942855,359.1736973399445,353.2834636469898,358.8190002441406,70402000
2021-01-26 05:00:00,359.77110767785683,360.1818395328205,358.02551153797936,358.2588806152344,42665300
2021-01-27 05:00:00,354.9263947256956,355.019748062336,347.2625615277461,349.5028991699219,123351100
2021-01-28 05:00:00,351.32316424973817,356.5226346350152,350.884457689655,352.5086975097656,94198100
2021-01-29 05:00:00,350.6416943635997,351.61251765674365,343.7712942322162,345.4515686035156,126765100
2021-02-01 05:00:00,348.8588083348095,352.237988412501,345.74100051485544,351.20184326171875,75817600
2021-02-02 05:00:00,354.3942778932452,357.7267951804312,351.2858142934959,356.1678771972656,64450700
2021-02-03 05:00:00,356.99862349028143,358.17481256318405,355.1690182004352,356.4478759765625,52427100
2021-02-04 05:00:00,357.48409816801393,360.54589948348286,356.5599656893547,360.4992370605469,47142600
2021-02-05 05:00:00,362.3756052504052,362.6276336614402,360.45264585154854,361.9181823730469,48669800
2021-02-08 05:00:00,363.37429987972564,364.578492252833,362.51551765835177,364.5318298339844,38365200
2021-02-09 05:00:00,363.69165456582346,364.8865314693328,363.28095123953375,364.2890930175781,35551100
2021-02-10 05:00:00,366.0347011302047,366.1840607481003,361.7220454304173,364.1304016113281,59154400
2021-02-11 05:00:00,365.213277702474,365.63335345454,362.28217677979495,364.7185363769531,42913300
2021-02-12 05:00:00,363.91585599720855,366.7629482149384,363.84116191669295,366.520263671875,50593300
2021-02-16 05:00:00,367.75227164700215,367.94832215775284,365.4839313434512,366.20269775390625,50972400
2021-02-17 05:00:00,364.44785462236365,366.53883256205916,363.4303403165047,366.28680419921875,52290600
2021-02-18 05:00:00,363.67304193930454,365.47464442889515,361.9461050220427,364.7278747558594,59712800
2021-02-19 05:00:00,365.98803975869316,366.2774151168697,363.6356613794077,364.083740234375,83241000
2021-02-22 05:00:00,361.3113283443458,363.7010253533057,361.01260909636693,361.2833251953125,67414200
2021-02-23 05:00:00,359.07103736191505,363.0756591158048,354.907740572143,361.72210693359375,107284100
2021-02-24 05:00:00,360.62989435018375,366.1374274308675,359.64041172948737,365.7080078125,72433900
2021-02-25 05:00:00,364.43850086453193,365.8107122221224,355.44911916352476,356.89599609375,146670500
2021-02-26 05:00:00,358.7815655448695,359.9297229825173,353.06869603946325,355.0569763183594,152701600
2021-03-01 05:00:00,359.9391348464769,364.9145796408334,355.2530939230072,363.6636962890625,105348800
2021-03-02 05:00:00,363.8877903335086,364.12115944200514,360.3219035186955,360.82598876953125,79595300
2021-03-03 05:00:00,360.12585700592814,361.096651920439,355.9438726099805,356.04656982421875,119940200
2021-03-04 05:00:00,355.85983606589633,358.45489903923504,347.1411708462989,351.6405334472656,183433000
2021-03-05 05:00:00,355.1503648338784,359.1643297870459,347.85060223532196,358.1094970703125,152039600
2021-03-08 05:00:00,359.07099116005475,361.89007928491264,356.0465371130261,356.3265686035156,123149200
2021-03-09 05:00:00,360.1818364281521,363.97174793111003,359.67775124914425,361.4140319824219,113633600
2021-03-10 05:00:00,363.7663934988811,365.3626300474982,362.3475197320477,363.6636962890625,109899400
2021-03-11 05:00:00,366.13741385422924,369.3298867988707,365.6799911027068,367.3509216308594,86245000
2021-03-12 05:00:00,365.988063865654,367.98568835649854,365.17594403357333,367.8456726074219,64653600
2021-03-15 04:00:00,368.09766017707483,370.3006788390914,365.95067629591756,370.039306640625,73427200
2021-03-16 04:00:00,370.6554372330348,371.36485984183645,368.79780004485065,369.5726013183594,73722500
2021-03-17 04:00:00,368.2844240106245,371.6356006957716,367.13623784220084,370.83282470703125,97959300
2021-03-18 04:00:00,368.23771507922254,370.32869272760485,364.75583847059136,365.4372863769531,115349100
2021-03-19 04:00:00,365.13577721148323,366.7185215102519,362.57902982560887,364.76116943359375,113624500
2021-03-22 04:00:00,365.276273388736,369.0598779072766,365.22008364773114,367.6737976074219,73778600
2021-03-23 04:00:00,367.0369263591319,368.48854216406016,363.9931918294677,364.7798767089844,90686600
2021-03-24 04:00:00,366.1846539544213,367.82358782761884,362.878691342001,362.9255065917969,97588600
2021-03-25 04:00:00,361.4832568768841,365.7631937982155,359.5352509423931,364.9671630859375,116128600
2021-03-26 04:00:00,366.11918063382456,371.2513965542407,365.51981381623887,370.84869384765625,114409100
2021-03-29 04:00:00,369.36886439554,371.5697241805581,367.87977932756746,370.6612854003906,108107600
2021-03-30 04:00:00,369.3876553387291,370.3522839608412,368.0764852202729,369.677978515625,76262200
2021-03-31 04:00:00,370.24926281861366,372.7404461142928,370.22116794831715,371.1764221191406,112734200
2021-04-01 04:00:00,373.11514333176495,375.2410938230903,372.90910470663096,375.18487548828125,99682900
2021-04-05 04:00:00,377.85385187937834,381.1129992139736,377.77894176420136,380.5697937011719,91684800
2021-04-06 04:00:00,380.0079238420964,381.3939754285536,379.670756847593,380.3450622558594,62021000
2021-04-07 04:00:00,380.17650659126247,381.1317607116918,379.71761420704763,380.7852478027344,55836300
2021-04-08 04:00:00,382.04016098431885,382.6489021342962,381.1036273441264,382.59271240234375,57863100
2021-04-09 04:00:00,382.47097521271746,385.5428043143524,382.3492212703383,385.37420654296875,61104600
2021-04-12 04:00:00,384.77493129415467,385.7863752590293,384.1661900183948,385.5148010253906,56704900
2021-04-13 04:00:00,385.4117103588361,387.28477774882987,385.02772811419857,386.65728759765625,56551000
2021-04-14 04:00:00,386.629153835871,387.68744137767425,384.79355598094213,385.3367614746094,61659900
2021-04-15 04:00:00,387.48146637214757,389.7478906331614,387.4346511167277,389.4762878417969,60229800
2021-04-16 04:00:00,390.7687016886695,391.3868173846605,389.3451806977681,390.778076171875,82037300
2021-04-19 04:00:00,389.84150124750823,390.2910191020154,387.52826201872847,388.8581237792969,78498500
2021-04-20 04:00:00,387.64069853993914,388.74580153591614,384.53139954515456,386.0111389160156,81851800
2021-04-21 04:00:00,385.3929829340343,389.8696127711152,385.2524800177592,389.66357421875,66793000
2021-04-22 04:00:00,389.49498152787896,390.3284815889521,385.0370723441207,386.1047058105469,97582800
2021-04-23 04:00:00,386.66663505163234,391.70519055142836,386.59172493679466,390.291015625,73209200
2021-04-26 04:00:00,390.94664023299106,391.67713539485504,390.35661941365066,391.1058349609375,52182400
2021-04-27 04:00:00,391.40549711447903,391.6021897569146,389.87894270910715,391.0215148925781,51303100
2021-04-28 04:00:00,391.2931314053205,392.4169832445719,390.44088233369035,390.9091491699219,51238900
2021-04-29 04:00:00,393.6438374889247,394.0184452393067,390.01008229066707,393.40032958984375,78544300
2021-04-30 04:00:00,391.1246239237115,391.9768731298278,389.91648729298134,390.8155517578125,85527000
2021-05-03 04:00:00,392.8103961572638,393.19437847553263,391.1621159729036,391.6584777832031,68128300
2021-05-04 04:00:00,389.6635475057194,390.1599091777435,385.5428053216485,389.2420959472656,101591200
2021-05-05 04:00:00,390.8904461283248,391.12457955682845,388.8019656570056,389.3638916015625,60162200
2021-05-06 04:00:00,389.4388470624038,392.6043359572241,387.42530505900004,392.4732360839844,74321400
2021-05-07 04:00:00,393.24116839903866,395.9852054159455,392.55748847526587,395.3296203613281,67733800
2021-05-10 04:00:00,395.68544689624537,395.9102058149185,391.2931020158375,391.41485595703125,81852400
2021-05-11 04:00:00,386.88212256677235,388.9143849289387,384.0350517822084,387.9216613769531,116888000
2021-05-12 04:00:00,385.13071655408515,386.4043885112803,378.3595684436156,379.6800842285156,134811000
2021-05-13 04:00:00,381.2347325154382,386.1796286907633,381.18788868784316,384.2409973144531,106394000
2021-05-14 04:00:00,386.9850907678179,390.99345394959835,386.9569958994236,390.1412048339844,82201600
2021-05-17 04:00:00,389.0268036619401,389.96333749747583,387.12561253828784,389.1485290527344,65129200
2021-05-18 04:00:00,389.41069108540063,389.6541989870204,385.63646151399263,385.7956848144531,59810200
2021-05-19 04:00:00,381.0943240619195,384.9621844206521,379.60521025643015,384.78424072265625,106467100
2021-05-20 04:00:00,385.66455855446543,390.18803224068034,385.5428331837092,388.9237060546875,78022200
2021-05-21 04:00:00,390.41285009812964,391.65845608754404,388.14645425240013,388.6053466796875,76578700
2021-05-24 04:00:00,390.853021632699,393.64390270981954,390.6095136932724,392.56689453125,51376700
2021-05-25 04:00:00,393.6532752411982,394.0091626903585,391.1152764158782,391.6959228515625,57451400
2021-05-26 04:00:00,392.2859178870772,392.9789437702944,391.24637906225144,392.4732360839844,43088600
2021-05-27 04:00:00,393.5033533975978,394.0184354690083,392.3982219773763,392.67919921875,56707700
2021-05-28 04:00:00,394.25262237892713,394.51485069134986,393.14751938948444,393.38165283203125,58520200
2021-06-01 04:00:00,395.7511600372267,395.89163441426086,392.5950451832838,393.03521728515625,54216600
2021-06-02 04:00:00,393.69063707237825,394.49607085534825,392.67919332852506,393.6531677246094,49097100
2021-06-03 04:00:00,391.3305742743036,393.33474133577215,389.86020964865565,392.1921691894531,58138800
2021-06-04 04:00:00,394.0466120072731,396.0789030095524,392.2578289485074,395.7792053222656,55938800
2021-06-07 04:00:00,395.7697493431614,395.94769302205015,394.45860795719597,395.3951416015625,51555000
2021-06-08 04:00:00,396.2567720889371,396.3504311779216,393.6438635649378,395.4794616699219,47134300
2021-06-09 04:00:00,396.32229962541095,396.3972383219587,394.66464536870893,394.889404296875,48436300
2021-06-10 04:00:00,396.1162954173843,397.6803193100831,394.79577943846573,396.72503662109375,51020100
2021-06-11 04:00:00,397.27770177428476,397.4930862850079,395.9852803869571,397.3807067871094,45570800
2021-06-14 04:00:00,397.4929248259148,398.37326864285967,396.24734778915507,398.270263671875,42358500
2021-06-15 04:00:00,398.42016938215374,398.4576101510953,396.6594814967525,397.5398254394531,51508500
2021-06-16 04:00:00,397.6802734306868,397.90503235240567,393.26920810752716,395.3201904296875,80386100
2021-06-17 04:00:00,394.90816876040657,396.1724663616995,392.70730889994087,395.1891174316406,90949700
2021-06-18 04:00:00,391.896790534333,392.592083637559,389.6511670033553,389.8578796386719,118676300
2021-06-21 04:00:00,391.6242619775581,395.62695686561256,390.8068166664467,395.43902587890625,72822000
2021-06-22 04:00:00,395.42969035743977,398.389417322035,394.7061817905028,397.55316162109375,57700300
2021-06-23 04:00:00,397.6283949051043,398.43643524871106,396.98947528352,397.07403564453125,49445400
2021-06-24 04:00:00,399.225666151701,399.84577537805154,398.97195643031233,399.4229736328125,45110300
2021-06-25 04:00:00,400.17472094392787,401.2928446859725,399.8458559596351,400.8418273925781,58129500
2021-06-28 04:00:00,401.3678819718473,401.8188704262666,400.16519830299507,401.6497497558594,53159600
2021-06-29 04:00:00,402.03508750906747,402.67400709351523,401.3303892006845,401.865966796875,35970500
2021-06-30 04:00:00,401.4054379566106,402.8806129061164,401.37725117872,402.2041015625,64827900
2021-07-01 04:00:00,402.96519934453073,404.59071343950365,402.8994206337779,404.43096923828125,53441000
2021-07-02 04:00:00,405.5960838218622,407.8792989685119,404.5155237085029,407.5222473144531,57697700
2021-07-06 04:00:00,407.57866250692047,407.79478028651687,404.036389732283,406.7799987792969,68710400
2021-07-07 04:00:00,407.4659236755757,408.4994868338858,405.4457944463871,408.21759033203125,63549500
2021-07-08 04:00:00,402.88063542340194,405.65245965927846,401.6967333373441,404.8913879394531,97595200
2021-07-09 04:00:00,406.404113571715,409.51417906433124,404.69403920605106,409.2135009765625,76238600
2021-07-12 04:00:00,409.1289909276716,410.93303100178167,408.69678404478105,410.6793212890625,52889600
2021-07-13 04:00:00,409.89002955289146,411.39339138063787,409.0162107057125,409.279296875,52911300
2021-07-14 04:00:00,410.9799818157925,411.46859091611077,408.64039298286,409.8900451660156,64130400
2021-07-15 04:00:00,408.54645535264586,409.22296681332864,406.58269968847173,408.4900817871094,55126400
2021-07-16 04:00:00,409.67394399277407,409.7209124013847,404.89139582198015,405.2860107421875,75874700
2021-07-19 04:00:00,400.4470914346093,405.3517919065615,396.4819885344928,399.30078125,147987000
2021-07-20 04:00:00,399.96790941735486,406.3008168970858,399.1692457026754,405.02294921875,99608200
2021-07-21 04:00:00,406.2256213642959,408.44308660228415,404.97596917781965,408.3021240234375,64724400
2021-07-22 04:00:00,408.4806845710952,409.40150061648984,407.4941184807939,409.1571960449219,47878500
2021-07-23 04:00:00,411.0927383028575,413.7048185262917,410.4068503952386,413.3665771484375,63766600
2021-07-26 04:00:00,412.774643694326,414.39075280856224,412.72767528125456,414.38134765625,43719200
2021-07-27 04:00:00,413.33843005163095,413.366616835825,409.6551944295432,412.4927978515625,67397100
2021-07-28 04:00:00,413.12227210530915,413.7048180381999,410.8954303476653,412.3236083984375,52472400
2021-07-29 04:00:00,413.25377706703324,415.114161755324,413.24437191632796,414.03363037109375,47435300
2021-07-30 04:00:00,411.4593068320212,413.4794365183554,411.32774936653595,412.0230712890625,68951200
2021-08-02 04:00:00,413.7424631066734,414.29682232930344,410.80151760882893,411.1585693359375,58783300
2021-08-03 04:00:00,411.9572078453096,414.62566180738776,409.75855272178563,414.5035095214844,58053900
2021-08-04 04:00:00,413.2162357099742,414.47529306625523,412.22966968933605,412.4645690917969,46732200
2021-08-05 04:00:00,413.6296413592664,415.1611899786431,413.31018162796113,415.0766296386719,38969700
2021-08-06 04:00:00,415.39608407182965,416.18534257573646,415.11418760127896,415.76251220703125,46930000
2021-08-09 04:00:00,415.73443209690015,416.05389190609816,414.6539003681498,415.42437744140625,41222600
2021-08-10 04:00:00,415.87532235369696,416.6552044987499,415.1894343873146,415.94110107421875,43339300
2021-08-11 04:00:00,417.012231826999,417.0686053915082,415.88470318832685,416.9746398925781,44034300
2021-08-12 04:00:00,416.8243128497932,418.36526678880125,415.9223071173895,418.22430419921875,38909400
2021-08-13 04:00:00,418.6752988088245,419.00416370969447,418.18671837060634,418.9853820800781,39470300
2021-08-16 04:00:00,417.6793034807547,420.1034525763225,416.11956808546233,419.971923828125,73740000
2021-08-17 04:00:00,417.4067132986839,418.08322453070105,414.2214932255199,417.21881103515625,92673900
2021-08-18 04:00:00,416.20414359044753,417.77328419430097,412.4081899435472,412.6524658203125,89351900
2021-08-19 04:00:00,409.91829046851075,414.4941554902012,409.7773565441613,413.29144287109375,92812200
2021-08-20 04:00:00,413.6390701113293,416.9088514737455,413.15046099796143,416.5799865722656,72008700
2021-08-23 04:00:00,418.2712546656788,421.1558260664564,416.65514571004115,420.2444152832031,54973000
2021-08-24 04:00:00,420.91156005859375,421.44713760045585,420.3947928212322,420.91156005859375,38744700
2021-08-25 04:00:00,421.0995066942213,422.31156706123744,420.7236446811897,421.7947998046875,40529700
2021-08-26 04:00:00,421.512902218037,421.7478016384588,419.2109051024509,419.30487060546875,57829600
2021-08-27 04:00:00,420.112948448194,423.42972741443157,420.05657487618697,423.05389404296875,77235100
2021-08-30 04:00:00,423.7304042836071,425.7035653205543,423.48609968949273,424.914306640625,48357400
2021-08-31 04:00:00,424.82033712310806,425.1585785509244,423.6834318695061,424.2847595214844,59300200
2021-09-01 04:00:00,425.22426566850635,425.74103285220224,424.2752629656099,424.5101623535156,48721400
2021-09-02 04:00:00,425.93840594229823,426.62429386298294,424.61356983864454,425.8162536621094,42501000
2021-09-03 04:00:00,424.6793257059568,426.2296559823971,424.27527695301467,425.7128601074219,47170500
2021-09-07 04:00:00,425.3652318920659,425.45919738921737,423.5142234277316,424.19073486328125,51671500
2021-09-08 04:00:00,423.6552295988036,424.3881146731991,421.7478187005373,423.67401123046875,56181900
2021-09-09 04:00:00,423.4766130290712,425.2336558006691,421.6161996198401,421.8605041503906,57970400
2021-09-10 04:00:00,423.796146058895,424.2189478107895,418.4122410241399,418.5343933105469,89948200
2021-09-13 04:00:00,421.54109677619476,421.8041829670538,417.28469196190423,419.6054992675781,83738600
2021-09-14 04:00:00,421.05258079857225,421.2592934709931,416.44855710292694,417.3411865234375,78197100
2021-09-15 04:00:00,417.7638680701213,421.3249508984544,416.65514981646095,420.82696533203125,78792200
2021-09-16 04:00:00,420.30084602817857,421.27800698138066,417.20015644327026,420.159912109375,77786700
2021-09-17 04:00:00,419.3850447458292,419.8092009655331,415.70885157843173,416.0670471191406,118425000
2021-09-20 04:00:00,409.9212425851907,411.5048166227596,404.24672580141237,409.12945556640625,166445500
2021-09-21 04:00:00,411.4765989731629,412.77740239408223,408.2151839034243,408.7430419921875,92526100
2021-09-22 04:00:00,411.0241372373776,414.7757267973973,408.8561507112312,412.7302551269531,102350100
2021-09-23 04:00:00,414.6060323552564,419.35678355873563,414.3703804133432,417.7449035644531,76396000
2021-09-24 04:00:00,416.104801947488,419.1494355881211,415.887991791221,418.43304443359375,62094800
2021-09-27 04:00:00,417.39621967244216,418.56504431306104,416.5384429949807,417.2359924316406,61371100
2021-09-28 04:00:00,414.4551890406225,414.7851074945161,408.092586956221,408.82781982421875,130436300
2021-09-29 04:00:00,410.21354238310084,411.9573727856747,408.9504512241524,409.5160217285156,82329200
2021-09-30 04:00:00,410.9958599619211,411.7028158417851,404.1713884067889,404.5107421875,140506000
2021-10-01 04:00:00,406.2451416508228,411.0052997880748,402.7103622124351,409.3180236816406,129240100
2021-10-04 04:00:00,408.1491233316218,409.0540186452384,401.89019456102386,404.03936767578125,128570000
2021-10-05 04:00:00,405.54753517269626,410.49622568957915,404.7463416257037,408.243408203125,90682500
2021-10-06 04:00:00,404.63323802045085,410.147499377374,403.00254494453645,409.94012451171875,113032200
2021-10-07 04:00:00,413.2298202312821,416.33097897892,413.05072245970354,413.48431396484375,72437500
2021-10-08 04:00:00,414.2573039916996,414.64377665813777,412.098723983002,412.7302551269531,74557400
2021-10-11 04:00:00,412.07039922916306,414.99248894914547,409.6761675373717,409.7421569824219,65233300
2021-10-12 04:00:00,410.6659754162395,411.0712898886133,407.9418249170345,408.7336120605469,71181200
2021-10-13 04:00:00,409.7610137268703,411.02410468083355,406.77296321895665,410.20404052734375,72974000
2021-10-14 04:00:00,413.88018132298555,417.2547330392935,413.4088774672189,417.1039123535156,70236800
2021-10-15 04:00:00,419.2248319298455,420.64817895672934,418.60270731079913,420.2805480957031,66260200
2021-10-18 04:00:00,418.4895820363863,421.86410527039766,417.8297450763768,421.5247802734375,62213200
2021-10-19 04:00:00,423.1554774596146,424.842724595289,422.54275941839205,424.7767639160156,46996800
2021-10-20 04:00:00,425.2385927559874,426.7467707456928,425.1254844408274,426.44512939453125,49571600
2021-10-21 04:00:00,425.8419419107225,427.7837117980896,425.40835035029045,427.5574951171875,41305400
2021-10-22 04:00:00,427.1239067193573,428.5755308868153,425.1632662499917,427.1144714355469,58845100
2021-10-25 04:00:00,428.2079275863371,429.7349478242848,426.4264135641018,429.405029296875,45214500
2021-10-26 04:00:00,430.96026549922436,432.1762087588682,429.4143750148794,429.7914123535156,56075100
2021-10-27 04:00:00,430.25334493703315,430.92258842537706,427.8119654031517,427.88739013671875,72438000
2021-10-28 04:00:00,429.3202090669471,432.0914787426204,429.3108025483984,432.0160827636719,51437900
2021-10-29 04:00:00,429.7065898490118,433.18481474342184,429.41438374816806,432.8926086425781,70162400
2021-11-01 04:00:00,433.88232651519985,434.2593926199993,431.9028732955281,433.63726806640625,48433600
2021-11-02 04:00:00,433.8069896668776,435.70164066708185,433.6750107589926,435.39056396484375,48908400
2021-11-03 04:00:00,434.82500495506815,438.4540510581206,434.3819780993795,438.0487365722656,52509800
2021-11-04 04:00:00,438.6519168416605,440.19780731748654,438.30315658619134,440.11297607421875,52847100
2021-11-05 04:00:00,442.34693990521987,443.6383078504751,440.1223995429621,441.6399841308594,66390600
2021-11-08 05:00:00,442.74291629469593,443.2424973018923,441.3290045272223,442.01708984375,50405200
2021-11-09 05:00:00,442.38469167396323,442.6203436197412,439.1421185987696,440.5560302734375,51149100
2021-11-10 05:00:00,438.8593134798678,440.5560247277753,435.52250268125164,437.0118103027344,69429700
2021-11-11 05:00:00,438.51058635425227,438.5860110906729,437.13438695871474,437.1532287597656,34848500
2021-11-12 05:00:00,438.4256697939867,441.008405574744,437.47362685315153,440.4522705078125,53466700
2021-11-15 05:00:00,441.74369494731434,441.9039221504196,439.47200689409635,440.6031188964844,46980500
2021-11-16 05:00:00,440.3391648993365,443.48747104813094,440.26376894323073,442.346923828125,48857500
2021-11-17 05:00:00,442.08305932224823,442.26215710599143,440.6503058184097,441.2724304199219,47858300
2021-11-18 05:00:00,442.309251323274,443.03507770094774,439.57569460199926,442.7711486816406,50625600
2021-11-19 05:00:00,442.6580506590797,443.91173518602335,441.611769772154,441.9794006347656,57315600
2021-11-22 05:00:00,443.8645720191761,446.3624767742698,440.52773256865373,440.735107421875,72762000
2021-11-23 05:00:00,440.4052188410492,442.17732611315665,437.79420558269936,441.3195495605469,73206500
2021-11-24 05:00:00,439.31178380523045,442.6203463495124,438.49171963144255,442.497802734375,61858800
2021-11-26 05:00:00,435.8052147500473,437.2756803736522,431.4974909123612,432.6286315917969,112669600
2021-11-29 05:00:00,437.43593545765657,439.78301928178587,435.23023702664904,437.9355163574219,86268800
2021-11-30 05:00:00,435.48479460121024,437.3982872450258,429.1693109652695,429.4143981933594,148559600
2021-12-01 05:00:00,435.14550168253277,438.00160231739363,424.4468968317913,424.64483642578125,131939200
2021-12-02 05:00:00,424.86159569596447,432.72294077139185,424.46568778929884,431.1487731933594,127637800
2021-12-03 05:00:00,432.81727314488893,433.8823958863184,423.15554236979483,427.39727783203125,137331600
2021-12-06 05:00:00,429.9517355230717,434.34429168166633,427.52922637540286,432.4590759277344,98977500
2021-12-07 05:00:00,437.7565007699795,441.9699588724803,432.32707052619116,441.4043884277344,95484700
2021-12-08 05:00:00,441.80029512259415,443.02567377766377,440.03759434211855,442.5732116699219,72238800
2021-12-09 05:00:00,441.28182654086095,442.6768964113346,439.38720446363953,439.58514404296875,61272600
2021-12-10 05:00:00,442.29982644903924,443.87396521689504,439.73593232528253,443.72314453125,77159800
2021-12-13 05:00:00,443.2047464865836,443.55350675639556,439.50971139770047,439.7925109863281,87724700
2021-12-14 05:00:00,436.5121993902541,439.010104059482,433.8351969554868,436.7666931152344,97264100
2021-12-15 05:00:00,436.82330023675024,443.8362754973497,434.29708958094557,443.5912170410156,116899300
2021-12-16 05:00:00,445.4481678837098,445.7309387127813,438.1240869835833,439.6794128417969,116568600
2021-12-17 05:00:00,436.58904595985916,439.60653086796816,433.2877968056322,434.9999084472656,135511600
2021-12-20 05:00:00,429.9014909487797,430.77172069522163,426.74212338428225,430.37445068359375,107134800
2021-12-21 05:00:00,433.8080425274013,438.15927714312926,431.6324396531206,438.01739501953125,69806300
2021-12-22 05:00:00,437.7620949346776,442.5106004481901,437.5634310546569,442.3970947265625,58890200
2021-12-23 05:00:00,443.3996712097392,446.65363590623036,443.29563394313504,445.1496276855469,56439700
2021-12-27 05:00:00,446.5307010758358,451.49677783042705,446.48341665361187,451.4494934082031,56808600
2021-12-28 05:00:00,451.88463421803556,452.9156829394374,450.31440448987655,451.0805969238281,47274600
2021-12-29 05:00:00,451.1846635723899,452.6792035816923,450.181991278277,451.6576232910156,54503000
2021-12-30 05:00:00,452.0832329400034,453.09537358364463,449.94547481539996,450.4089660644531,55329000
2021-12-31 05:00:00,449.91720355323275,451.07119773005275,448.999660404588,449.2739562988281,65237400
2022-01-03 05:00:00,450.5414331852414,452.0076256878553,448.2239477980202,451.87518310546875,72668200
2022-01-04 05:00:00,453.3034834561525,454.02239141771696,449.86032307936296,451.7237854003906,71178700
2022-01-05 05:00:00,451.35491502576446,452.13057588020047,442.9551459366762,443.04974365234375,104538900
2022-01-06 05:00:00,442.58626049675826,445.3577975269539,440.25927789073734,442.633544921875,86858900
2022-01-07 05:00:00,442.6430005573575,443.8253998227985,439.5214491762915,440.8835754394531,85111600
2022-01-10 05:00:00,437.6769599949702,440.5525344629994,431.9068453269315,440.3349914550781,119362000
2022-01-11 05:00:00,440.0701572039839,444.4403008522665,437.06211113308007,444.345703125,74303100
2022-01-12 05:00:00,446.0860864554399,447.6090315640581,443.5794060432317,445.5469055175781,67605400
2022-01-13 05:00:00,446.6536123405398,447.30629893149774,438.3768189146462,439.4078674316406,91173100
2022-01-14 05:00:00,436.2486128671345,439.93769311285763,435.0283686395281,439.58770751953125,95890900
2022-01-18 05:00:00,434.8770031364011,435.08510657220825,430.6865868583265,431.8027648925781,109709100
2022-01-19 05:00:00,433.3540003306805,434.7539423770613,427.04470609026635,427.31903076171875,109357600
2022-01-20 05:00:00,429.2109131132616,433.93104152080394,420.4611589616414,422.5894775390625,122379700
2022-01-21 05:00:00,421.463911227455,423.8287100959398,414.2654773280308,414.2938537597656,202271200
2022-01-24 05:00:00,408.6655038635692,416.5639355956219,398.0050040098035,416.0531311035156,251783900
2022-01-25 05:00:00,409.6399133158129,415.93974091062637,404.0495253753635,410.9736633300781,167997300
2022-01-26 05:00:00,416.88567311741406,420.02613301094766,405.6670520312476,409.942626953125,186391100
2022-01-27 05:00:00,414.5586155924304,417.7085142657729,406.22506858864034,407.9182434082031,149878300
2022-01-28 05:00:00,409.2804410874524,418.0964177287686,404.6832861876728,418.04913330078125,164457400
2022-01-31 05:00:00,417.37750906908354,425.92862939350965,416.0248511182764,425.5786437988281,152251400
2022-02-01 05:00:00,426.3069680203135,429.0974419265007,422.7692385378579,428.4542236328125,123155400
2022-02-02 05:00:00,430.8663151934965,433.3446195666415,428.54880096336996,432.61627197265625,117361000
2022-02-03 05:00:00,426.5623872138765,428.4731341093042,421.60574966980835,422.4476318359375,118024400
2022-02-04 05:00:00,422.21113512307284,428.2933900112805,419.8273997309541,424.4340515136719,118454400
2022-02-07 05:00:00,425.2001566178907,426.6000985845491,421.7380888184164,423.07183837890625,84472900
2022-02-08 05:00:00,422.5706046938253,427.4799289301471,421.1422570922283,426.55291748046875,81012000
2022-02-09 05:00:00,430.6014803174058,433.11762967701776,430.4028453031969,432.7960205078125,92589900
2022-02-10 05:00:00,426.93131590022927,432.95681866915055,423.015224068938,425.02056884765625,140103700
2022-02-11 05:00:00,425.1056074278394,427.1866126231048,415.20183093771124,416.6396179199219,153214600
2022-02-14 05:00:00,416.1288468336951,417.7179843894402,411.7965201108774,415.2774963378906,123006300
2022-02-15 05:00:00,419.7327852321781,422.14486792244224,419.212512292105,421.974609375,88482700
2022-02-16 05:00:00,419.92201420472077,423.82866614912444,418.03964373808554,422.4476318359375,84863600
2022-02-17 05:00:00,419.25048265177304,422.41931905788533,412.818240974104,413.4236145019531,102259100
2022-02-18 05:00:00,413.6789090102442,414.9369979489971,408.46691286548753,410.74658203125,132642900
2022-02-22 05:00:00,408.5331630880986,411.9479184294001,402.8292411204385,406.338623046875,124391800
2022-02-23 05:00:00,409.2614955902434,409.8290530099485,398.56314936740426,399.1307067871094,132578000
2022-02-24 05:00:00,388.7918405378163,405.5724728761173,388.4324153595636,405.1373291015625,213942900
2022-02-25 05:00:00,406.376434848572,414.16136219529494,404.72107583636694,414.07623291015625,121804500
2022-02-28 05:00:00,408.6656403225195,414.5019769087937,407.40757996626877,413.0168762207031,145615000
2022-03-01 05:00:00,411.51275948322075,413.5275723046222,404.01159714649674,406.7264099121094,137785900
2022-03-02 05:00:00,408.9872155261009,415.9397297253389,408.23049146199816,414.2087097167969,117726500
2022-03-03 05:00:00,416.6491311196768,417.254504541962,410.33983584072405,412.14654541015625,105501700
2022-03-04 05:00:00,408.4007052966077,409.9330901221698,404.7400017983939,408.7980041503906,113978200
2022-03-07 05:00:00,408.2115490078565,408.9209886334295,396.68078798416894,396.74700927734375,137896600
2022-03-08 05:00:00,396.92666565064377,404.106189919639,392.67002865476115,393.7389221191406,164772700
2022-03-09 05:00:00,402.1481835320033,406.28184664972684,399.9536436179305,404.29541015625,116990800
2022-03-10 05:00:00,399.6697848421069,403.36833251559113,397.7022855345535,402.4697265625,93972700
2022-03-11 05:00:00,404.9670575295323,405.5818994399163,396.84161237205296,397.3524169921875,95636300
2022-03-14 04:00:00,398.12803514404516,401.5900747886048,393.30384036976113,394.4483947753906,95729200
2022-03-15 04:00:00,397.0685600329453,403.7562168476836,395.7915919884994,403.1224670410156,106219100
2022-03-16 04:00:00,406.64130172019,412.118154221395,401.82654660662627,412.0614013671875,144954800
2022-03-17 04:00:00,410.14124733248764,417.21673583984375,409.7628852922766,417.21673583984375,102676900
2022-03-18 04:00:00,415.5998027190798,422.1089546797308,414.85969463963477,421.7863464355469,106345500
2022-03-21 04:00:00,421.61559514188474,423.6271696352851,418.14277109962075,421.6630554199219,88349800
2022-03-22 04:00:00,423.05782555472354,427.53643659552324,423.05782555472354,426.5970764160156,74650400
2022-03-23 04:00:00,424.0541127156518,425.5532955455607,421.01775567281896,421.1031494140625,79426100
2022-03-24 04:00:00,423.13375729905124,427.4605476512933,422.01411175984157,427.4510498046875,64736900
2022-03-25 04:00:00,428.0868224887111,429.8137511747799,425.49642945960795,429.53857421875,77101300
2022-03-28 04:00:00,428.9407325686296,432.5938415527344,427.0430166243515,432.5938415527344,68529800
2022-03-29 04:00:00,436.49368286841064,438.43885930354094,433.79892940016117,437.9454345703125,86581500
2022-03-30 04:00:00,436.79723124413556,437.61326407520613,433.1251558964287,435.2411193847656,79666900
2022-03-31 04:00:00,434.4725678233123,435.2980695823939,428.086743583502,428.5422058105469,121699900
2022-04-01 04:00:00,430.12678391817343,430.26910681563794,426.17006258443,429.7567443847656,89048800
2022-04-04 04:00:00,429.9560615935425,433.5427439373771,429.13055970631194,433.4383544921875,59601000
2022-04-05 04:00:00,431.93912663814103,434.4156320427128,426.81529938704466,427.9634094238281,74214500
2022-04-06 04:00:00,424.0351838301639,425.9708333848193,420.790076589019,423.68408203125,106898000
2022-04-07 04:00:00,422.801699313867,427.6408816671495,420.8470538426626,425.8190612792969,78097200
2022-04-08 04:00:00,425.0598962746841,427.5838618920814,423.1337157978344,424.68035888671875,79272700
2022-04-11 04:00:00,421.39728849520446,422.2417859664236,416.91870678869503,417.4216003417969,89770500
2022-04-12 04:00:00,420.4199783284058,422.95344185969435,414.3188285059621,415.8749694824219,84363600
2022-04-13 04:00:00,415.62830561832044,421.3973500313862,415.4480202657074,420.6382751464844,74070400
2022-04-14 04:00:00,420.865976406667,421.9856509126384,415.2961842874288,415.40057373046875,97869500
2022-04-18 04:00:00,414.4707321880482,417.26037750600096,413.3320908088153,415.5714111328125,66002500
2022-04-19 04:00:00,415.4669324784689,423.00086699763705,415.29614499530715,422.2797546386719,77821000
2022-04-20 04:00:00,424.06364137177405,424.6803932967964,420.7995674484736,421.9666442871094,65224400
2022-04-21 04:00:00,425.6008119158231,426.9956344536789,414.74587314865204,415.6567687988281,85417300
2022-04-22 04:00:00,414.5656091205884,415.67575691703195,403.68220520944317,404.25152587890625,132471800
2022-04-25 04:00:00,402.00265435707155,406.7659107697977,397.41965431182905,406.5951232910156,119647700
2022-04-26 04:00:00,404.05216290337904,404.25144391924186,394.79132912131234,394.8197937011719,103996300
2022-04-27 04:00:00,395.9015280922262,401.2910638857322,393.78559314865083,395.92999267578125,122030000
2022-04-28 04:00:00,400.69325298442976,407.66736507678297,396.24310664725425,405.9309387207031,105449100
2022-04-29 04:00:00,401.9267653758565,404.0901605040377,390.17989845051727,390.92950439453125,145491100
2022-05-02 04:00:00,390.9959026727131,394.64901157407303,384.3064367465445,393.28265380859375,158312500
2022-05-03 04:00:00,393.78557938889816,397.50508664209,392.21994047752736,395.08551025390625,100028200
2022-05-04 04:00:00,395.7497346500259,407.6863860969441,392.55208739689465,407.1170654296875,144247900
2022-05-05 04:00:00,402.83760557486545,403.26460320805893,388.50037675774206,392.6468811035156,172929100
2022-05-06 04:00:00,390.07553651597715,393.5862938041911,384.9801735986201,390.3032531738281,151770800
2022-05-09 04:00:00,384.3823720398505,385.62537367241526,376.2221876512533,377.8067932128906,155586100
2022-05-10 04:00:00,383.8036070473492,385.31228796506707,374.62816535383854,378.6797790527344,132497200
2022-05-11 04:00:00,377.7118714101029,383.3765542344881,371.91433458035914,372.6639404296875,142361000
2022-05-12 04:00:00,369.4568538157906,375.55800411972643,365.4526716917147,372.27496337890625,125090800
2022-05-13 04:00:00,376.42147428654954,382.5605871160499,375.3777246252647,381.1752624511719,104174400
2022-05-16 04:00:00,379.5242405914911,383.31017481839024,377.26595387479733,379.62860107421875,78622400
2022-05-17 04:00:00,385.73918889197347,387.6748670554885,381.9911887211895,387.4376525878906,83029700
2022-05-18 04:00:00,382.86420973908423,383.1488555613553,370.57648684005943,371.8194885253906,117674500
2022-05-19 04:00:00,368.74516861446125,373.98288298423296,367.3123838565206,369.5422058105469,98510700
2022-05-20 04:00:00,373.138444421243,376.7251268482513,361.07846618817206,369.7035827636719,131432200
2022-05-23 04:00:00,372.7398124572106,377.3892390375753,370.41512812387145,376.62066650390625,76414900
2022-05-24 04:00:00,372.4836996470706,374.9412384284281,367.1700889774752,373.7456970214844,91448800
2022-05-25 04:00:00,372.2464496803005,379.0213091538963,371.84794556823357,377.04766845703125,91472900
2022-05-26 04:00:00,378.2812324449887,386.2231692896121,378.072482526249,384.5816345214844,82168300
2022-05-27 04:00:00,387.0486543092304,394.1366244354948,386.84940224535666,394.02276611328125,84768700
2022-05-31 04:00:00,392.4001769192746,395.1613569109401,389.0602075020582,391.8118896484375,95937000
2022-06-01 04:00:00,393.9374053108898,394.95266140674994,386.11879536858646,388.64276123046875,86585800
2022-06-02 04:00:00,388.4815142256935,396.0913461194014,386.22322720889935,396.0439147949219,79609600
2022-06-03 04:00:00,391.3090515155026,392.8651926067963,388.56686682617567,389.544189453125,71874300
2022-06-06 04:00:00,393.5673313620774,395.3037288108325,389.5536514825728,390.7302551269531,57508900
2022-06-07 04:00:00,387.22895048242367,394.9336727076749,386.7639903779014,394.47821044921875,59272400
2022-06-08 04:00:00,392.76078918941744,394.55414472787754,389.39235483614425,390.18939208984375,64350000
2022-06-09 04:00:00,388.4055491902739,390.68280270998093,380.9095764160156,380.9095764160156,86289800
2022-06-10 04:00:00,374.6849906825372,375.53895695216045,369.8173453017882,369.8647766113281,132893900
2022-06-13 04:00:00,360.42371387649325,362.28346743198733,354.2086766578207,355.8217468261719,170004900
2022-06-14 04:00:00,357.57718031270616,358.61143216554296,351.6373193482159,354.74957275390625,104011800
2022-06-15 04:00:00,358.06105206229864,364.2665916822706,353.089045254612,359.8069763183594,125666800
2022-06-16 04:00:00,351.5613492213625,351.9693511680537,345.4601709271187,347.89874267578125,134473300
2022-06-17 04:00:00,348.3152615671358,352.00319986018303,345.1323892326363,348.6487731933594,111113900
2022-06-21 04:00:00,354.3951412687327,358.8168459845613,354.3188884339103,357.425537109375,76811900
2022-06-22 04:00:00,353.18486094043567,360.9038171947583,352.7655576024374,356.77752685546875,90059400
2022-06-23 04:00:00,358.9216589541497,361.00860756659887,355.3480709955404,360.27484130859375,79292100
2022-06-24 04:00:00,363.4577420366525,371.738939509623,363.42915449401596,371.7294006347656,98050300
2022-06-27 04:00:00,372.6538057621737,372.94922009178134,369.21364511264136,370.3095397949219,66009600
2022-06-28 04:00:00,371.87235419067196,374.6645107225344,362.62866130813416,362.7430114746094,86548900
2022-06-29 04:00:00,363.29571627695856,364.2867703688928,360.61791010649307,362.44757080078125,65676000
2022-06-30 04:00:00,358.54043407516025,362.75251565641565,355.03356025628176,359.5029296875,112508300
2022-07-01 04:00:00,358.84543616792405,363.7436484326006,356.21526590396945,363.3052673339844,74839700
2022-07-05 04:00:00,358.19742913117045,364.0104717926043,355.3576072193394,363.99139404296875,81438000
2022-07-06 04:00:00,364.1343183853388,367.717445353006,361.7424165306726,365.220703125,70426200
2022-07-07 04:00:00,367.00279591903444,371.4912152550454,365.23981964912946,370.69073486328125,64525900
2022-07-08 04:00:00,369.0516097738158,372.2630989693945,367.5173631175756,370.3857727050781,72397800
2022-07-11 04:00:00,367.69835676876295,368.6703621550962,365.45890265708556,366.1545715332031,58366900
2022-07-12 04:00:00,365.60183463812973,367.99376527770045,361.1610528959377,362.91448974609375,62219200
2022-07-13 04:00:00,357.4541259795869,363.9532987804005,357.0348226323127,361.0086364746094,84224600
2022-07-14 04:00:00,356.03419557677825,361.21828317909234,353.5851185689936,360.1319274902344,89704800
2022-07-15 04:00:00,364.5535928494989,367.1265877056468,362.63816955892236,367.0122375488281,79060400
2022-07-18 04:00:00,370.10934695957155,370.78593810865794,362.75251969143335,363.9818420410156,63203600
2022-07-19 04:00:00,367.91757046251206,374.388155662866,367.26005698672697,373.8163757324219,78506000
2022-07-20 04:00:00,374.00688086934605,377.6185945543298,372.63462102813656,376.19866943359375,71843800
2022-07-21 04:00:00,375.6174381384512,380.07726877334886,373.2064587109506,380.0296325683594,64903900
2022-07-22 04:00:00,380.15353339871814,381.354239171884,374.273777240293,376.5036926269531,72197300
2022-07-25 04:00:00,377.1326153148139,377.81874530443775,374.71209714559507,376.9610900878906,53631500
2022-07-26 04:00:00,375.3124867300845,375.5221383804845,371.6055000576572,372.50128173828125,52946400
2022-07-27 04:00:00,375.8080541838099,383.92726526145685,375.5126398831095,382.173828125,82342100
2022-07-28 04:00:00,382.9838711686013,387.6628640613991,379.4197925062167,386.96722412109375,73966600
2022-07-29 04:00:00,388.40613000686983,393.5997563368219,387.6342373050366,392.6086730957031,87003700
2022-08-01 04:00:00,389.90222919861486,393.961834059431,389.18751167139686,391.4460144042969,69997500
2022-08-02 04:00:00,389.8737795968994,393.5712575656387,387.6819900374216,388.8636474609375,63435400
2022-08-03 04:00:00,390.9981782761689,396.12509070824535,390.71230285807104,394.9529724121094,67820600
2022-08-04 04:00:00,394.8767311502338,395.5628612557088,393.0375313820632,394.6861572265625,45656600
2022-08-05 04:00:00,390.388310181638,394.66707717050787,390.3311350966772,394.0190734863281,56814900
2022-08-08 04:00:00,395.7153066396332,397.973809576496,392.45618162514177,393.5616149902344,53886100
2022-08-09 04:00:00,392.8279082108979,393.33297422227287,390.9219943442848,391.99884033203125,44931800
2022-08-10 04:00:00,399.07923026953097,400.3752665840471,397.11614167304344,400.2322998046875,68665700
2022-08-11 04:00:00,403.09117008096246,404.95898626712,399.48899469613326,400.2322998046875,59489700
2022-08-12 04:00:00,402.17634520529884,407.1126543031395,401.2233884335798,407.0078430175781,61694500
2022-08-15 04:00:00,404.7874081344015,409.2091411942346,404.7302330587942,408.68499755859375,54048300
2022-08-16 04:00:00,407.60823905019834,411.4200664046575,406.79821992098886,409.4855651855469,59289000
2022-08-17 04:00:00,405.873922682947,409.2950348511248,404.56837623536813,406.5791015625,63563400
2022-08-18 04:00:00,406.7791686611495,408.446843237324,405.4831612355664,407.7607421875,49023200
2022-08-19 04:00:00,404.98752128373684,405.25434797830707,401.4043950292832,402.2811279296875,68016900
2022-08-22 04:00:00,397.43061626518767,397.6021705890649,392.99937302336656,393.9046936035156,77695600
2022-08-23 04:00:00,393.4758663287654,395.87733613472665,392.39902046586167,392.9517517089844,49105200
2022-08-24 04:00:00,392.7229859826137,395.58185618674804,392.03688505227575,394.2096252441406,49177800
2022-08-25 04:00:00,395.70575833914074,399.8225385492928,394.609863874263,399.77490234375,50942300
2022-08-26 04:00:00,399.6605995864693,400.2037629054227,386.1857753532475,386.2429504394531,103087000
2022-08-29 04:00:00,383.2792309230537,386.74797850113623,382.32627413715045,383.6889953613281,65370800
2022-08-30 04:00:00,384.8516810568073,385.0899203011062,377.3709629694345,379.47698974609375,85652400
2022-08-31 04:00:00,381.1160225349225,382.36439367038383,376.4560787038959,376.5894775390625,76029700
2022-09-01 04:00:00,374.4072425757973,378.11422971671993,371.69130965116875,377.77117919921875,78740100
2022-09-02 04:00:00,381.4495618807624,382.66934546989927,371.96762971164344,373.78778076171875,99632100
2022-09-06 04:00:00,374.63594456887637,375.5793625780909,370.14752578687444,372.37744140625,76637400
2022-09-07 04:00:00,372.0629605797766,379.83909248004124,371.8437991022164,379.06719970703125,70964200
2022-09-08 04:00:00,376.78964569422635,382.0022920606775,375.5793718090097,381.5448913574219,80821700
2022-09-09 04:00:00,383.79380074430213,388.33942315556953,383.52697401163135,387.47222900390625,76706900
2022-09-12 04:00:00,389.5496496389072,392.3608836158905,389.24469650665134,391.6366271972656,69256300
2022-09-13 04:00:00,382.9265935212206,384.1368671918231,373.48281783266907,374.6072998046875,122947100
2022-09-14 04:00:00,375.91282362467837,377.56144915452813,372.7204129226339,376.0367126464844,85023700
2022-09-15 04:00:00,374.4738802809369,377.33275056104594,370.4905280036488,371.7674865722656,87633800
2022-09-16 04:00:00,367.5725640058656,369.59154848057193,365.63008718698416,368.9313049316406,103084800
2022-09-19 04:00:00,365.7736885415829,371.7923889160156,365.6971224730672,371.7923889160156,73278500
2022-09-20 04:00:00,368.45291622543897,369.467197620889,364.75940646491324,367.5247497558594,77274900
2022-09-21 04:00:00,369.45756777486804,372.5195676498082,361.1040999209618,361.1136779785156,106746600
2022-09-22 04:00:00,360.33861628892794,361.98443625276843,357.3340552999548,358.0804138183594,89472600
2022-09-23 04:00:00,354.5973575655179,354.63564059434674,347.62178673365196,352.080810546875,122346900
2022-09-26 04:00:00,350.6072138753357,354.2433131071723,347.372984233667,348.5977783203125,92581200
2022-09-27 04:00:00,352.1478150517164,354.42517373959924,345.3061901306675,347.70794677734375,108294100
2022-09-28 04:00:00,348.6648372571205,356.2432430846765,346.96160717757476,354.5495910644531,110802200
2022-09-29 04:00:00,350.98995311103505,351.2770028154836,344.186612303056,347.1433410644531,112952300
2022-09-30 04:00:00,346.1961327388945,350.12889019439274,341.64144378590817,341.775390625,153711200
2022-10-03 04:00:00,345.50714681640204,352.6549780572887,343.7178017916793,350.79864501953125,89756500
2022-10-04 04:00:00,356.33898035151833,361.69746718716453,350.7604317353182,361.66876220703125,103602800
2022-10-05 04:00:00,357.28625322790396,363.0944408744506,354.95148449827474,360.82666015625,88065700
2022-10-06 04:00:00,359.4200436718051,362.3863509600016,356.6068393173464,357.10443115234375,82333500
2022-10-07 04:00:00,353.0567985872474,357.190489539672,345.3731233499691,347.1433410644531,107789500
2022-10-10 04:00:00,348.2629039933855,348.50212184161734,342.24420395687974,344.4928283691406,76042800
2022-10-11 04:00:00,342.7896540357532,347.37307692739586,340.36877018719497,342.31121826171875,92482800
2022-10-12 04:00:00,342.7226460270839,344.3014780144964,340.93327195985853,341.18206787109375,76991800
2022-10-13 04:00:00,334.14904467296265,351.6598083555464,333.09648032022864,350.18621826171875,147254500
2022-10-14 04:00:00,352.6549207827784,354.2911917996768,341.5647854530019,342.2059020996094,123737000
2022-10-17 04:00:00,348.31079674902963,352.1095776923561,341.8710411766843,350.9996032714844,93168200
2022-10-18 04:00:00,358.9512350413298,359.25744095062913,351.6694272430827,355.1237487792969,97162900
2022-10-19 04:00:00,353.07594379032565,355.8126109872074,349.7843040689634,352.6070861816406,79746900
2022-10-20 04:00:00,352.15726613864985,356.5971620135971,348.88475416173713,349.6502685546875,88283100
2022-10-21 04:00:00,349.37284665803384,358.6353538939938,347.8610028428061,358.1473693847656,131038400
2022-10-24 04:00:00,359.6783882377217,363.6685254418361,357.01825783311693,362.52984619140625,85436900
2022-10-25 04:00:00,362.45331306063844,368.6346939112867,362.3384931688921,368.3189392089844,78846300
2022-10-26 04:00:00,365.1612636230857,370.86420906296183,364.9029188543151,365.54400634765625,104087300
2022-10-27 04:00:00,366.54880119539604,368.3955563265665,362.9700816484125,363.5920715332031,81971800
2022-10-28 04:00:00,363.486758408299,372.7205621969107,363.3049504940016,372.24212646484375,100302000
2022-10-31 04:00:00,369.77334408329176,371.6488036375308,368.64424296808414,369.5532531738281,96631300
2022-11-01 04:00:00,373.313829651351,373.55304750624583,366.759254586953,367.9361877441406,85407600
2022-11-02 04:00:00,367.3429405262177,371.86895295670394,358.59715073623875,358.702392578125,126990400
2022-11-03 04:00:00,355.44903329915525,358.0613028304703,352.88462486045256,355.0088806152344,87100100
2022-11-04 04:00:00,360.74052136688584,362.5298662303547,354.04242150065716,360.1185607910156,103505200
2022-11-07 05:00:00,361.4198817033071,364.15654904195054,359.3339090978177,363.56329345703125,68286900
2022-11-08 05:00:00,364.67321182395386,368.5102751308282,361.4294332598936,365.52484130859375,84641100
2022-11-09 05:00:00,363.5441355230192,364.70197091504775,357.4967014075901,357.9942932128906,78495500
2022-11-10 05:00:00,371.31396196649206,378.00251339358414,369.00792742280294,377.6676025390625,141455800
2022-11-11 05:00:00,378.52876801611916,382.1266139613815,376.6341520595696,381.3228454589844,93839900
2022-11-14 05:00:00,379.55263072845537,382.9208077010258,377.8015396320112,378.07904052734375,71903500
2022-11-15 05:00:00,383.8489618853264,384.9589362297327,377.4761947639268,381.3036804199219,93194500
2022-11-16 05:00:00,379.6674320185533,380.62430341627146,377.76326728154146,378.3948059082031,68508500
2022-11-17 05:00:00,373.6200265181567,377.9163992813692,373.3138498403958,377.23699951171875,74496300
2022-11-18 05:00:00,380.58604058453875,380.65302859427004,376.0887622973976,378.9497985839844,92922500
2022-11-21 05:00:00,377.6197605070804,378.7488618021571,375.72514453630845,377.5718994140625,51243200
2022-11-22 05:00:00,379.5239036198899,382.8155435335424,378.1077234519333,382.6528625488281,60429000
2022-11-23 05:00:00,382.3179634847973,385.5521935507362,382.0883236888626,385.064208984375,68261600
2022-11-25 05:00:00,384.49959168124366,385.5330290650388,384.22212002199467,384.97802734375,30545400
2022-11-28 05:00:00,381.87780499288607,383.5236249752819,378.0694462937125,378.8349609375,67881600
2022-11-29 05:00:00,378.96893859369504,380.1650279456527,376.3375420193883,378.184326171875,52310000
2022-11-30 05:00:00,378.4330263925904,390.0972900390625,376.5097349096026,390.0972900390625,144566700
2022-12-01 05:00:00,391.1402776448078,392.31723987694085,387.29366546388246,389.81024169921875,76398200
2022-12-02 05:00:00,384.9014803886444,390.26951436446797,384.7962385623238,389.3605041503906,85342700
2022-12-05 05:00:00,386.52817524543025,387.46589043521953,380.99746027187206,382.356201171875,77289800
2022-12-06 05:00:00,382.1935406607727,382.73893509896084,374.7490832479397,376.8446044921875,77972200
2022-12-07 05:00:00,375.99310037712985,378.57666518211346,375.0649338273367,376.20361328125,65927900
2022-12-08 05:00:00,378.0981606729528,380.22238704457504,376.30878671257267,379.15069580078125,60737900
2022-12-09 05:00:00,377.9067693033474,380.4711774858571,376.1939614285939,376.318359375,81447700
2022-12-12 05:00:00,377.11255243392947,381.74383544921875,376.4427600120724,381.74383544921875,75405800
2022-12-13 05:00:00,392.52773288607386,392.7860776160368,381.8586240838293,384.633544921875,123782500
2022-12-14 05:00:00,384.289116133772,388.01135996614795,379.21770929936065,382.1744384765625,108111300
2022-12-15 05:00:00,377.2944096015872,378.20344918024006,371.16088916537103,372.8258361816406,117705900
2022-12-16 05:00:00,370.2602148451411,371.6059805929755,366.28059118115254,368.4241943359375,119858000
2022-12-19 05:00:00,368.6163952350112,368.9528439474984,363.6274261236804,365.3000183105469,79878100
2022-12-20 05:00:00,364.54070190091164,367.4244982092744,363.2141509053859,365.7999572753906,74427200
2022-12-21 05:00:00,368.40491962893446,372.40378672559586,367.8666134174116,371.2695007324219,78167400
2022-12-22 05:00:00,368.21266617846675,371.25026808589166,360.25339056526093,365.9729309082031,100120900
2022-12-23 05:00:00,364.9443602601523,368.22227840834165,363.3871151892416,368.0780944824219,59857300
2022-12-27 05:00:00,367.9627291601254,368.30877056523445,364.94434222773435,366.6265563964844,51638200
2022-12-28 05:00:00,366.5592520446096,368.53948537894604,361.83946564754007,362.0701599121094,70911500
2022-12-29 05:00:00,364.92516683940227,369.46234043156596,364.3964532994833,368.58758544921875,66970900
2022-12-30 05:00:00,365.89608574575635,367.76091368309494,363.77166803325207,367.6167297363281,84022200
2023-01-03 05:00:00,369.481572187265,371.4617765380731,363.19488834099036,366.069091796875,74850700
2023-01-04 05:00:00,368.3375913591078,370.93301912670415,365.28077507139534,368.8951416015625,85934100
2023-01-05 05:00:00,366.93417161302125,367.04951874909483,364.08883469308677,364.684814453125,76970500
2023-01-06 05:00:00,367.7896385573882,374.1724531232982,364.7136077322313,373.0477600097656,104189600
2023-01-09 05:00:00,375.2492115932317,378.4502421621429,372.6538123234202,372.83642578125,73978100
2023-01-10 05:00:00,372.2500487360848,375.5183454272887,371.3079980261493,375.4510498046875,65358100
2023-01-11 05:00:00,377.03710423821616,380.2765636489995,376.2200228551562,380.19964599609375,68881100
2023-01-12 05:00:00,381.3051469866937,383.05462766402485,377.21976916675254,381.5838928222656,90157700
2023-01-13 05:00:00,378.3732900744213,383.6410351388549,378.1041369301359,383.06427001953125,63903900
2023-01-17 05:00:00,383.0450684215765,384.72728296498246,381.6800585701671,382.362548828125,62677300
2023-01-18 05:00:00,383.55447849264397,384.6214688994839,376.12388712892096,376.32574462890625,99632300
2023-01-19 05:00:00,374.2782951082531,375.9316728273004,372.2596611662881,373.5862121582031,86958900
2023-01-20 05:00:00,374.98960301780386,380.69952130177495,373.3362255124201,380.54571533203125,91806400
2023-01-23 05:00:00,381.35317398077467,387.0534702139708,380.39190867323447,385.1117248535156,84178800
2023-01-24 05:00:00,383.4295175059516,385.61157923279035,382.23755789038205,384.6983947753906,59524900
2023-01-25 05:00:00,380.6130286416279,385.17903907302156,378.315590364586,384.84259033203125,84800300
2023-01-26 05:00:00,387.5148376179485,389.2355105081289,384.534909685847,389.07208251953125,72287400
2023-01-27 05:00:00,388.02434964984155,392.3500434455685,387.8128701130754,389.9660949707031,68346200
2023-01-30 05:00:00,387.19763017170663,389.43739462748607,384.7752523074501,385.0732421875,74202000
2023-01-31 05:00:00,385.5923927248843,390.78321999260135,385.24632192810753,390.73516845703125,86811800
2023-02-01 05:00:00,389.5142870743959,397.6466122805927,386.7650825168854,394.88775634765625,101459200
2023-02-02 05:00:00,398.79049668604443,402.1068736088489,396.8872102220767,400.6361389160156,101654500
2023-02-03 05:00:00,395.647206038585,400.81881836953994,395.16657335854075,396.3777770996094,94736800
2023-02-06 05:00:00,393.91695380659627,395.35885189681073,392.292412944782,393.95538330078125,60295300
2023-02-07 05:00:00,393.032553598725,400.3573907721146,391.7829203949697,399.1077575683594,90990700
2023-02-08 05:00:00,397.12750912194093,398.47327457670247,394.0514486520687,394.7435607910156,76227500
2023-02-09 05:00:00,398.3580341285456,398.5118401267793,390.0911450703286,391.3215637207031,78694900
2023-02-10 05:00:00,390.13916034833926,392.6192415030363,389.3221082284389,392.2347412109375,70769700
2023-02-13 05:00:00,392.88835553423695,396.97373306906144,392.4269376283513,396.8391418457031,64913500
2023-02-14 05:00:00,395.31076019339895,398.9731788953455,392.6865245158335,396.65655517578125,88389300
2023-02-15 05:00:00,394.4552431906893,398.02152943385084,393.6093249869712,397.94464111328125,61555700
2023-02-16 05:00:00,392.95567830940917,396.9160869350225,392.33086168681325,392.4654235839844,76431500
2023-02-17 05:00:00,390.3314246237872,391.72527118315116,388.399271789129,391.4849548339844,89257800
2023-02-21 05:00:00,387.4476027187317,388.5050004519839,383.37184709473024,383.6313781738281,82655900
2023-02-22 05:00:00,384.0447434887899,385.59239604305503,381.6415799797693,383.10272216796875,83742300
2023-02-23 05:00:00,386.0056662936268,386.6208901264533,380.90135023106023,385.1405334472656,96242400
2023-02-24 05:00:00,380.103591101692,381.86269393959924,378.3925398013232,381.0263977050781,108194400
2023-02-27 05:00:00,384.38122005535257,385.7462299348449,381.3820764727994,382.3241271972656,80444700
2023-02-28 05:00:00,381.8434392898417,383.81402149088365,380.8052563009639,380.9110107421875,96438600
2023-03-01 05:00:00,380.0939202853675,381.32433871048954,378.142552876725,379.4498596191406,99706800
2023-03-02 05:00:00,377.4697045932603,383.24691925442625,377.13325582336086,382.4010009765625,85127800
2023-03-03 05:00:00,384.22736466723944,388.7837823723887,383.5737112700418,388.5338439941406,90120000
2023-03-06 05:00:00,389.36046892275226,391.6675289386707,388.36077420704004,388.8029479980469,72795900
2023-03-07 05:00:00,388.75491401914974,388.99523033703184,382.22791461153497,382.8431091308594,108310600
2023-03-08 05:00:00,382.95851759749536,384.2273655669412,381.228222362903,383.4679870605469,74746600
2023-03-09 05:00:00,384.2561789471598,385.9288005055939,375.4029338100162,376.3930358886719,111945300
2023-03-10 05:00:00,375.8451291239822,377.9310878372953,369.43350567904514,370.9619140625,189253000
2023-03-13 04:00:00,367.02068656518105,375.26835892366137,365.90561534334864,370.43316650390625,157790000
2023-03-14 04:00:00,375.37409066804696,378.2098349693888,372.05771372820567,376.55645751953125,149752400
2023-03-15 04:00:00,370.9427111182641,374.4032430136639,368.84713029743835,374.2013854980469,172996900
2023-03-16 04:00:00,371.8366809364042,381.1128859764341,371.327211458966,380.7668151855469,143254200
2023-03-17 04:00:00,379.43138394137793,380.56999909987053,374.925128785462,376.31463623046875,140553400
2023-03-20 04:00:00,377.096197140022,380.34804947070256,376.39181416317825,379.93310546875,93055800
2023-03-21 04:00:00,383.31039166596554,385.4043115062477,381.70859761316973,384.9218444824219,91524200
2023-03-22 04:00:00,384.7481168502928,388.3762484060382,378.3216533371149,378.3602294921875,111746600
2023-03-23 04:00:00,381.23577448444496,385.28850910550153,376.6619967001418,379.38311767578125,119351300
2023-03-24 04:00:00,378.0997242626186,381.95946015274023,375.7452830138486,381.87261962890625,107682400
2023-03-27 04:00:00,384.1595170439499,384.93148190774815,381.6892883746926,382.586669921875,74010400
2023-03-28 04:00:00,381.89192756672645,382.5866812409754,379.8848777563681,381.7279052734375,62871700
2023-03-29 04:00:00,385.9060563665928,387.5175091402753,384.69988883904426,387.2762756347656,77497900
2023-03-30 04:00:00,389.92019324080144,390.1710855147399,387.67190988130295,389.54388427734375,69840000
2023-03-31 04:00:00,390.4702141593181,395.3334899911043,390.3640561017006,395.03436279296875,112062600
2023-04-03 04:00:00,394.51327502786114,396.94489812673964,394.1176485509198,396.5396423339844,67391100
2023-04-04 04:00:00,397.18613730495184,397.47563517993467,392.95972157826725,394.339599609375,66601500
2023-04-05 04:00:00,393.60619502760005,394.36850106229974,391.6473803668751,393.30706787109375,65200200
2023-04-06 04:00:00,392.50621625119436,395.12120875106916,391.45444166145506,394.84136962890625,63743300
2023-04-10 04:00:00,392.3518104686767,395.32382376153726,391.73426800425153,395.2466125488281,63681000
2023-04-11 04:00:00,395.87379472384293,396.76151742909195,394.5807868201482,395.35272216796875,59297900
2023-04-12 04:00:00,397.4274190026867,397.71691691277425,393.15276783554935,393.7413635253906,86420400
2023-04-13 04:00:00,394.83170763787456,399.3283038460065,393.68343376221134,398.9712829589844,85814800
2023-04-14 04:00:00,398.3344063770291,400.5344547422886,395.6808378490979,397.9966735839844,78161500
2023-04-17 04:00:00,397.90988155708993,399.44412328655056,396.6747670514419,399.4248352050781,66436400
2023-04-18 04:00:00,401.0072882174601,401.14239312215904,398.30548459798973,399.6853332519531,63560000
2023-04-19 04:00:00,397.7651419121651,400.5248393452402,397.70724822108326,399.6178283691406,55227300
2023-04-20 04:00:00,396.79049299637126,399.1931986267538,395.88345270091645,397.43701171875,75840400
2023-04-21 04:00:00,397.73616032830944,398.2089685800001,395.7870041880718,397.7458190917969,73457400
2023-04-24 04:00:00,397.5431946362604,398.5853399658447,396.2019515357637,398.1607666015625,64332100
2023-04-25 04:00:00,396.182596147338,396.7422743683408,391.7824993811231,391.84039306640625,97766700
2023-04-26 04:00:00,392.45792341648564,393.5386446906024,389.621015348206,390.1806640625,80447000
2023-04-27 04:00:00,392.7281891742036,398.2186667054327,392.4772968783276,397.948486328125,92968400
2023-04-28 04:00:00,397.06066160989485,401.35462946580685,397.0027679286983,401.344970703125,89433100
2023-05-01 04:00:00,400.9010916640462,402.97569367535664,400.7080931035981,400.939697265625,62122300
2023-05-02 04:00:00,400.22568595239403,400.2739503234408,393.5194119627244,396.4335021972656,103998500
2023-05-03 04:00:00,396.9352479486394,399.3572417840884,393.4711383189741,393.7123718261719,91531800
2023-05-04 04:00:00,392.66057543093643,392.9886494487858,389.5824336944863,390.9237060546875,94901900
2023-05-05 04:00:00,394.57121053373714,399.21254124798133,394.31068892506715,398.1607666015625,87891800
2023-05-08 04:00:00,398.48882165654356,398.74934325278616,396.8580807323069,398.2668762207031,50046800
2023-05-09 04:00:00,396.71329275511414,397.63962108590425,396.2887194686173,396.5202941894531,49220100
2023-05-10 04:00:00,399.3668972208996,400.0037572082906,394.5325683537426,398.3730163574219,96142900
2023-05-11 04:00:00,397.50451111313424,397.967660514568,395.5939314898875,397.6781921386719,70157100
2023-05-12 04:00:00,398.923041820046,399.1353284857044,394.72557287711214,397.1571960449219,70481500
2023-05-15 04:00:00,397.76512913138123,398.9326911272858,395.84491972814425,398.5274353027344,54289400
2023-05-16 04:00:00,397.41775711125933,398.34411507930736,395.85456853042575,395.8642272949219,57705500
2023-05-17 04:00:00,397.8906016426063,401.27750047633117,396.2405724955376,400.66961669921875,87287000
2023-05-18 04:00:00,400.3510859057206,404.95383964691223,400.12916994583713,404.5292663574219,97177200
2023-05-19 04:00:00,405.4363085936401,405.96701048436694,402.7151878015802,403.9406433105469,103793300
2023-05-22 04:00:00,403.9599716044401,405.64860605306404,402.71519853702625,404.1047058105469,60745400
2023-05-23 04:00:00,402.45466229795704,404.0371682026997,399.1738925667831,399.56951904296875,86383500
2023-05-24 04:00:00,397.9581224571478,398.3440901959979,395.5071816719006,396.67474365234375,89213700
2023-05-25 04:00:00,400.1966732803312,401.5668923649957,397.94839026696275,400.1098327636719,90961600
2023-05-26 04:00:00,400.7660523374588,406.015296007875,400.6888705691221,405.2915954589844,93830000
2023-05-30 04:00:00,407.23111777674455,407.76181972765335,404.05647649266785,405.44598388671875,72216000
2023-05-31 04:00:00,403.6126074392259,404.5196477889496,401.6248456806696,403.19769287109375,110811800
2023-06-01 04:00:00,403.4293189221118,408.08996739972577,402.17491629464354,407.0285339355469,88865000
2023-06-02 04:00:00,409.6144939735416,413.70580481996393,409.0837920383036,412.9145812988281,91426200
2023-06-05 04:00:00,413.2619671994321,414.5549753347994,411.41893957028475,412.12335205078125,65460200
2023-06-06 04:00:00,411.70839483792156,413.5513928288073,411.05221735044984,413.02069091796875,64022200
2023-06-07 04:00:00,413.41632974635155,414.5549448111663,411.1680170116852,411.59259033203125,85373300
2023-06-08 04:00:00,411.6601594331947,414.53567350141725,410.888223972674,414.0821533203125,61952800
2023-06-09 04:00:00,414.88302796344124,416.84184286960624,413.8312534027369,414.82513427734375,85742800
2023-06-12 04:00:00,415.80942389444124,418.66562064399164,415.08572330453325,418.5884094238281,76104300
2023-06-13 04:00:00,420.0551058951808,421.994603349192,419.38929903191627,421.3481140136719,95899700
2023-06-14 04:00:00,421.6858007148604,423.66390356059924,418.38571360357616,421.8498229980469,100612100
2023-06-15 04:00:00,421.0296783956768,428.3342365219858,420.9332085446694,427.079833984375,110303100
2023-06-16 04:00:00,429.0730147226843,429.64443703691825,425.15052699072436,425.6250915527344,114165800
2023-06-20 04:00:00,423.67838900347647,424.56940938616935,421.3345614533151,423.4168701171875,76160400
2023-06-21 04:00:00,422.4289996662733,423.2328569537705,420.6565943972341,421.2474060058594,76982300
2023-06-22 04:00:00,420.28857012220664,422.8744976898845,419.9495827719529,422.7679748535156,70637200
2023-06-23 04:00:00,419.3006544152612,421.36360329009193,418.8551442371661,419.57183837890625,92074500
2023-06-26 04:00:00,419.00041906375236,420.92776119205604,417.6154448665978,417.8575744628906,72823600
2023-06-27 04:00:00,418.7389124953398,423.0584960393973,418.2837076907825,422.43865966796875,72813700
2023-06-28 04:00:00,421.35392323417744,423.6686964256791,420.73408682017543,422.6517639160156,75636000
2023-06-29 04:00:00,422.23525734843753,424.48222704472147,421.8284961877175,424.31756591796875,67882300
2023-06-30 04:00:00,427.542758817571,430.3127072151387,427.2231311982605,429.3248291015625,104964000
2023-07-03 04:00:00,428.9761498891222,430.099605137091,428.6952712987132,429.8187561035156,32793400
2023-07-05 04:00:00,427.99794136005,429.9156183055728,427.98824671850423,429.1795349121094,58418400
2023-07-06 04:00:00,425.5863516723805,426.2449370649579,423.3006329683059,425.81878662109375,80658300
2023-07-07 04:00:00,424.82121139924607,428.7049794666193,424.5015837898049,424.74371337890625,86134200
2023-07-10 04:00:00,424.3853688047475,425.9931128326287,423.8139465179375,425.81878662109375,62443500
2023-07-11 04:00:00,426.5838770203675,429.0245323812659,425.60566412512924,428.53057861328125,64463800
2023-07-12 04:00:00,432.3369838475325,433.3926654570318,430.90356583885625,431.9786071777344,91924500
2023-07-13 04:00:00,433.7993300889627,436.20126605489855,433.3635145986812,435.4070739746094,72425200
2023-07-14 04:00:00,436.29815914154455,437.15043046608764,434.3707875167091,435.13592529296875,69815800
2023-07-17 04:00:00,434.9906923270125,437.702532140272,434.9422486708388,436.6468505859375,52680200
2023-07-18 04:00:00,436.317492030114,440.54021761031777,435.88164697449844,439.8913269042969,80668200
2023-07-19 04:00:00,440.6855775235812,442.0608571337114,439.8138872965887,440.8695983886719,65891700
2023-07-20 04:00:00,439.87198216766114,440.7726971193373,437.2279164909502,437.9446105957031,70591600
2023-07-21 04:00:00,439.66857203779847,439.87198216766114,437.9349455110671,437.9446105957031,71275600
2023-07-24 04:00:00,439.09714473903944,440.7145833337671,438.0608230459974,439.9010314941406,54023400
2023-07-25 04:00:00,439.6298829434647,442.36108235466685,439.5814392896044,441.1020202636719,55191200
2023-07-26 04:00:00,440.16253245222157,442.60318803571505,439.10685100534744,441.1697998046875,71052900
2023-07-27 04:00:00,444.5692968966643,444.9760876219577,437.33446340359325,438.244873046875,92194400
2023-07-28 04:00:00,441.5281330696249,443.3683119521668,438.2448418026871,442.535400390625,80011800
2023-07-31 04:00:00,443.0100100324472,443.73639884087777,441.69280962360494,443.3780517578125,62040400
2023-08-01 04:00:00,441.9058733052999,442.85503196396667,441.15043014655225,442.1092834472656,55291500
2023-08-02 04:00:00,438.9809399885829,439.2424293013425,435.2037243534402,435.95916748046875,93933400
2023-08-03 04:00:00,433.9349140391889,436.59833915937685,433.2859938230831,434.709716796875,64276100
2023-08-04 04:00:00,436.5306239523306,438.6419870167452,432.2207051555838,432.74371337890625,100128900
2023-08-07 04:00:00,434.58386780867363,436.6758710264232,433.8865334027571,436.5209045410156,58357500
2023-08-08 04:00:00,433.9736993143693,436.5112422778829,431.2521650523819,434.62261962890625,71361300
2023-08-09 04:00:00,434.89381066417457,435.05847179517355,430.95193373062347,431.7170715332031,78789600
2023-08-10 04:00:00,434.08026054677345,437.47976956144277,430.7001408163222,431.8720397949219,93005500
2023-08-11 04:00:00,429.9931049607352,432.6371707700478,429.39262829617013,431.6202087402344,68690900
2023-08-14 04:00:00,430.7001249960908,434.00274658203125,430.3901920283433,434.00274658203125,47867400
2023-08-15 04:00:00,432.22068028440344,432.57905690734094,428.3756611915116,428.9471130371094,75707500
2023-08-16 04:00:00,428.5305764420863,430.1964290136715,425.69282506439794,425.79937744140625,80107200
2023-08-17 04:00:00,427.27155014496947,427.53303945369214,422.0318624311896,422.55487060546875,95711300
2023-08-18 04:00:00,419.7268030238674,423.79459201752337,419.3781505964978,422.7582702636719,98852000
2023-08-21 04:00:00,423.77522436133023,426.25462916083586,421.6154471933943,425.5088806152344,68719000
2023-08-22 04:00:00,427.29093275792906,427.29093275792906,423.79459558552884,424.3563232421875,64994200
2023-08-23 04:00:00,425.4216740348195,429.70253803409815,425.27640219751186,429.0826721191406,68441000
2023-08-24 04:00:00,430.6904485230162,431.203762091387,423.10693291921746,423.1360168457031,88517300
2023-08-25 04:00:00,424.86965203853134,427.4071655617542,421.30551135792575,426.1190490722656,102325100
2023-08-28 04:00:00,428.3176100108625,429.44109501251336,426.1190836664413,428.8212585449219,61595400
2023-08-29 04:00:00,428.71465031235795,435.30059295851436,428.53062945762133,435.01971435546875,83081900
2023-08-30 04:00:00,435.35871532032854,437.4507186105633,434.65168624806546,436.8114929199219,69053900
2023-08-31 04:00:00,437.4313338384164,438.5741784682446,435.98825086612203,436.1722717285156,66084600
2023-09-01 04:00:00,438.9034250520325,439.3876841733854,435.5232762863438,436.9857482910156,58944100
2023-09-05 04:00:00,436.5402803885754,436.85987843456763,435.0293941483985,435.09716796875,55166200
2023-09-06 04:00:00,434.2836346985003,434.39018708961373,429.838138891174,432.1722717285156,70758500
2023-09-07 04:00:00,429.1601559057676,431.5233430664757,428.81150348377855,430.84539794921875,70355400
2023-09-08 04:00:00,430.8938470281792,433.03426449961563,430.53549993531846,431.49432373046875,61659700
2023-09-11 04:00:00,434.12865163508343,434.64196517344953,432.41438481227607,434.3320617675781,60180100
2023-09-12 04:00:00,432.8793228968955,434.4095690069945,431.36843651488084,431.94952392578125,67565400
2023-09-13 04:00:00,432.17227690873267,433.6153598507793,431.06815175751416,432.4531555175781,60199300
2023-09-14 04:00:00,434.9325478772583,436.87924968605284,433.6250421773107,436.1819152832031,83430800
2023-09-15 04:00:00,434.5909096949505,434.9213639440362,430.4893439452129,430.92669677734375,111848900
2023-09-18 04:00:00,430.6156436055034,432.48177122246517,430.13940510883424,431.17938232421875,55752200
2023-09-19 04:00:00,430.2560604296138,430.8489560404354,427.59296875309155,430.28521728515625,66514600
2023-09-20 04:00:00,431.54869078908297,431.96661554798703,426.1252791165085,426.32940673828125,82562600
2023-09-21 04:00:00,423.471964690838,423.7343763843457,419.1274153539834,419.2829284667969,104095800
2023-09-22 04:00:00,420.31314452968047,421.9168307442946,417.922163972963,418.3401184082031,100829700
2023-09-25 04:00:00,417.12521698798207,420.13819074776075,416.68783452035365,420.0993347167969,70874500
2023-09-26 04:00:00,417.04745332495224,417.7569763279254,413.09167201085535,413.92755126953125,96168400
2023-09-27 04:00:00,415.1035632540751,415.667301957409,410.4382888305996,414.0927429199219,104705800
2023-09-28 04:00:00,413.53877864718345,418.1748963964089,412.94588306815257,416.4934387207031,92258300
2023-09-29 04:00:00,419.5550748773884,419.73001600884464,413.9567213820376,415.482666015625,115111300
2023-10-02 04:00:00,414.64680648403083,416.57124800501185,412.5474238232593,415.31744384765625,83798600
2023-10-03 04:00:00,413.13048752910913,415.3756539128062,408.3874422932355,409.75787353515625,103760600
2023-10-04 04:00:00,410.2244834730011,413.49016980797626,408.7568525933047,412.7417907714844,87453000
2023-10-05 04:00:00,412.45018810032917,413.4318516223271,409.34974374781166,412.5862731933594,70142700
2023-10-06 04:00:00,410.12725010221135,419.0301747224433,408.7957044273052,417.48480224609375,113273300
2023-10-09 04:00:00,415.57982008053864,420.7310917141289,415.0258398518271,420.15765380859375,80374400
2023-10-10 04:00:00,420.7894114868797,424.94929081738496,420.39091470045764,422.3445129394531,78607300
2023-10-11 04:00:00,423.4136154975306,424.32720675947064,421.02263495712657,424.07452392578125,62451700
2023-10-12 04:00:00,424.68687017880916,425.06590928014145,419.12740262422676,421.48919677734375,81154200
2023-10-13 04:00:00,422.99563948795424,424.2008585345048,417.81524123684835,419.3897705078125,95143100
2023-10-16 04:00:00,421.64470254373396,424.8715327429623,421.4017188780287,423.8023986816406,75433200
2023-10-17 04:00:00,420.66308718236917,425.84351613825277,420.3132049010381,423.7829895019531,75324700
2023-10-18 04:00:00,422.004296810028,422.96650259633606,417.0474242949097,418.135986328125,93559800
2023-10-19 04:00:00,418.8552300497727,420.67274301604505,413.7817302232839,414.4620666503906,121323000
2023-10-20 04:00:00,414.0247157104838,414.56899671901874,409.262212394168,409.369140625,123919900
2023-10-23 04:00:00,407.8334870607581,412.5376769009492,406.07428770501764,408.6596374511719,92035100
2023-10-24 04:00:00,410.78815502983304,412.8972661743781,408.93175637423457,411.74066162109375,78564200
2023-10-25 04:00:00,410.04958295534215,410.07873981261,405.3162356108179,405.83135986328125,94223200
2023-10-26 04:00:00,404.7622182339897,405.6174958558433,400.0483290003127,400.9716491699219,115156800
2023-10-27 04:00:00,402.56564465095477,402.9641414460812,397.7253990601317,399.1541442871094,107367700
2023-10-30 04:00:00,401.95333471869225,404.9857664071122,400.650945706927,403.9263610839844,86562700
2023-10-31 04:00:00,404.4997467967024,406.7837991071731,402.58503439104294,406.46307373046875,79665200
2023-11-01 04:00:00,407.4350269329694,411.6143341639396,406.9004450659712,410.79791259765625,98068100
2023-11-02 04:00:00,414.60788374705487,418.8261063702263,414.58845573140115,418.67059326171875,94938900
2023-11-03 04:00:00,420.98377808691504,424.0453662261893,420.8574218397773,422.4902648925781,100167800
2023-11-06 05:00:00,423.24842292635685,423.9093314316939,421.5086514345454,423.4622497558594,67831700
2023-11-07 05:00:00,423.4621994716184,425.30886932835017,422.3153237318798,424.6673889160156,64256100
2023-11-08 05:00:00,425.2700231402192,425.7948761919887,422.6652452198862,424.97845458984375,61746000
2023-11-09 05:00:00,426.1253616847664,426.1642473813659,421.2365308910053,421.6641845703125,83174400
2023-11-10 05:00:00,423.74410780896307,428.555166852525,421.6544244424177,428.244140625,89462200
2023-11-13 05:00:00,426.9028275920748,428.9438664398027,426.1155629711309,427.83587646484375,52236100
2023-11-14 05:00:00,433.79389484093616,437.4289210638544,433.57033918584983,436.1362609863281,97176900
2023-11-15 05:00:00,437.47752564394085,438.7119017300807,436.2042935247165,437.0596008300781,77327600
2023-11-16 05:00:00,436.612513692767,437.9149026510406,435.54337957445466,437.59417724609375,66665800
2023-11-17 05:00:00,437.6038154016392,438.7507207474031,436.6804953481496,438.1383972167969,83133200
2023-11-20 05:00:00,437.8857506768845,442.3566563462381,437.87602183807985,441.5110778808594,69936200
2023-11-21 05:00:00,440.4613575618605,441.38470738571004,439.2755960485925,440.548828125,49244600
2023-11-22 05:00:00,442.2108693090085,443.57157198394486,441.1514640241976,442.2497253417969,59394900
2023-11-24 05:00:00,442.29829408913685,442.71621885655264,441.96783987808084,442.5218200683594,29737400
2023-11-27 05:00:00,441.8900657895949,442.70648730503876,441.3360559416218,441.724853515625,50506000
2023-11-28 05:00:00,441.3360505846412,443.4645897337832,440.77234156692367,442.1622009277344,62115000
2023-11-29 05:00:00,444.3199492892873,445.45712595738206,441.4527596750205,441.8512268066406,63146000
2023-11-30 05:00:00,442.69677916732206,443.9408542601143,440.6168249006515,443.5909423828125,79752700
2023-12-01 05:00:00,442.97865092115586,446.7497621614447,442.385785013724,446.2152099609375,89183400
2023-12-04 05:00:00,442.81345849809685,446.23465798918113,441.5888112755702,443.87286376953125,72430900
2023-12-05 05:00:00,442.48301142132226,444.7476062747075,442.1039426420814,443.785400390625,69793500
2023-12-06 05:00:00,445.93336352008924,445.96252037504996,441.5596573094173,441.9970397949219,69124700
2023-12-07 05:00:00,444.0866680393364,446.02080851674197,443.484073297296,445.36962890625,66995400
2023-12-08 05:00:00,444.6212415335857,447.818915015908,444.37825785750545,447.28436279296875,83194400
2023-12-11 05:00:00,446.78867090966605,449.1990796776143,446.5748440862102,449.02410888671875,65002200
2023-12-12 05:00:00,448.6742406500045,451.17212006092257,447.67314905005793,451.0749206542969,68327600
2023-12-13 05:00:00,451.45392076971996,457.54797007152996,451.0943096912645,457.2952575683594,93278000
2023-12-14 05:00:00,459.23914744875873,460.43463781217446,456.08035966207416,458.7629089355469,119026000
2023-12-15 05:00:00,458.16362040636614,459.34445079528814,456.1533199545878,458.0074768066406,141553700
2023-12-18 05:00:00,459.61775529658735,461.56950587867277,458.5540548031128,460.5838623046875,70375300
2023-12-19 05:00:00,461.1303738984737,463.46273025955963,461.05231697495356,463.3846435546875,55761800
2023-12-20 05:00:00,462.5258502644597,464.41905073476056,456.5339913904281,456.96337890625,102921000
2023-12-21 05:00:00,459.9592904756651,461.5695085402511,457.5293705169891,461.2962646484375,86667500
2023-12-22 05:00:00,462.4282531099421,463.9116026187795,460.3203886798005,462.22332763671875,67160400
2023-12-26 05:00:00,462.6332094792943,465.0826362249441,462.5551227779302,464.1750793457031,55387000
2023-12-27 05:00:00,463.9701191064298,465.16068807154204,463.4333996455085,465.0143127441406,68000300
2023-12-28 05:00:00,465.37542113223043,466.0292409103148,464.770383206952,465.19000244140625,77158100
2023-12-29 05:00:00,464.9947873638026,465.5217683364712,461.8817429403466,463.84326171875,122283100
2024-01-02 05:00:00,460.7692671751978,462.2428483505155,459.13954238423355,461.2474365234375,123623700
2024-01-03 05:00:00,459.08101082809003,459.82268558708614,456.8755528985423,457.4805908203125,103585900
2024-01-04 05:00:00,457.0023705654277,459.59820232067887,455.78252649517907,456.0069885253906,84232200
2024-01-05 05:00:00,456.21194277640495,459.0907868763805,455.17751732207205,456.631591796875,86118900
2024-01-08 05:00:00,457.1292574663028,463.29679648061466,457.00238891288757,463.1504211425781,74879100
2024-01-09 05:00:00,460.4862351844952,463.47241097446175,459.97879079150385,462.44775390625,65931400
2024-01-10 05:00:00,462.7210156897323,465.9316536258223,462.4380035262674,465.0631103515625,67310600
2024-01-11 05:00:00,466.0682912006048,466.5855039297226,460.8668888410367,464.85821533203125,77940700
2024-01-12 05:00:00,466.31222516082903,467.053899879707,463.76520505733885,465.1802062988281,58026400
2024-01-16 05:00:00,463.7944370714564,465.1118447095382,461.6474998115477,463.4723815917969,85014900
2024-01-17 05:00:00,460.437486104456,461.3840863262476,458.53451737794865,460.8961486816406,68843900
2024-01-18 05:00:00,462.5746299698475,465.55103752597205,461.02299191896157,464.9947814941406,91856200
2024-01-19 05:00:00,466.1267910466401,471.07448554013826,465.04358385174015,470.7914733886719,110834500
2024-01-22 05:00:00,472.3334446086135,473.5142454606471,471.13310718922804,471.7869567871094,75844900
2024-01-23 05:00:00,472.333402154428,473.4068411336017,471.2404266096584,473.1628723144531,49945300
2024-01-24 05:00:00,476.0417469073494,476.97857889434994,473.1824393105692,473.6801452636719,81765000
2024-01-25 05:00:00,475.817252905647,476.529652576822,473.6801134548218,476.25640869140625,72525000
2024-01-26 05:00:00,475.8270175879346,477.3201055543282,474.8023604707163,475.6513671875,76641600
2024-01-29 05:00:00,475.963636023537,479.5646180000114,475.4171482779632,479.418212890625,61322800
2024-01-30 05:00:00,478.72539929766515,479.75982476451486,478.2862434868122,479.0474548339844,58618400
2024-01-31 05:00:00,476.8321972165028,477.2810915278646,471.21114580645406,471.2306823730469,126011100
2024-02-01 05:00:00,472.9384966988815,477.427529465081,472.1285034447494,477.39825439453125,91891600
2024-02-02 05:00:00,477.8372942434172,484.08288967850467,477.49573196105774,482.4239196777344,99228200
2024-02-05 05:00:00,481.7896387981956,482.45322684265506,478.4033503772612,480.6673583984375,75757100
2024-02-06 05:00:00,481.6139421538367,482.3946602218278,480.1794043465866,482.0628662109375,55918600
2024-02-07 05:00:00,484.31713376491945,486.5030847840718,483.4095471530847,486.0834655761719,70556500
2024-02-08 05:00:00,486.0834324901249,486.67870205411396,485.2637009137391,486.2981262207031,52343600
2024-02-09 05:00:00,486.80565283363205,489.5478601666735,486.46409050709747,489.1087341308594,63979400
2024-02-12 05:00:00,489.0794616675323,491.3532381264676,488.1718749593102,488.89404296875,56502300
2024-02-13 05:00:00,482.59961722906473,485.097855647228,478.8815346699486,482.16046142578125,113099200
2024-02-14 05:00:00,484.8050879708214,487.0300824146668,482.4727317600331,486.5421447753906,68387800
2024-02-15 05:00:00,487.2447879089923,490.08458861177627,486.7665887596598,489.899169921875,61683000
2024-02-16 05:00:00,489.5966725621618,490.7384300384019,486.7178283814998,487.4595031738281,75532900
2024-02-20 05:00:00,485.712680385879,486.386036759877,482.5215787127143,484.7758483886719,71736700
2024-02-21 05:00:00,483.46817041739837,485.3711094473026,481.6530268123209,485.2149658203125,59293400
2024-02-22 05:00:00,491.85091860629063,496.22282088243315,490.88478180969435,495.2567138671875,76402500
2024-02-23 05:00:00,496.98399282076,497.8232610473495,494.8663601420095,495.5982666015625,61321800
2024-02-26 05:00:00,496.03738103257336,496.4765368105967,493.65624302388784,493.7831115722656,50386700
2024-02-27 05:00:00,494.47603770664597,494.9249320161117,492.5730689156793,494.7004699707031,48854500
2024-02-28 05:00:00,493.13904421133424,494.63213220475586,492.7779751212326,494.046630859375,56506600
2024-02-29 05:00:00,495.81298488671405,497.4426800063986,493.1586028041446,495.8227233886719,83924800
2024-03-01 05:00:00,496.7010579863145,500.9070486793677,496.29117722592895,500.4776611328125,76844800
2024-03-04 05:00:00,499.67750263466905,501.7951355453711,499.648197782981,499.9409484863281,49799300
2024-03-05 05:00:00,497.93054212222523,498.37946614742293,492.7291405186125,494.9443664550781,72855600
2024-03-06 05:00:00,498.2330502748321,499.71639957585904,496.1544612034947,497.4523620605469,68382400
2024-03-07 05:00:00,500.76065530231244,503.444312321391,497.5109739434722,502.3903503417969,58652100
2024-03-08 05:00:00,503.02467157075245,505.71803719469176,498.7991151130881,499.3748779296875,86532500
2024-03-11 04:00:00,498.1648073196095,499.53102671053773,496.2325636072866,498.94549560546875,62557200
2024-03-12 04:00:00,501.063154462892,504.89833701294907,498.53561138081784,504.3128356933594,73114400
2024-03-13 04:00:00,504.63494273476323,504.81059316931015,502.0781538051733,503.5224304199219,55104100
2024-03-14 04:00:00,504.4982050635474,504.654378460411,499.4724832072711,502.5269775390625,110171800
2024-03-15 04:00:00,499.44831403821377,500.906906313764,497.4024012478183,499.0763244628906,107646300
2024-03-18 04:00:00,503.15838817484575,504.60715196314635,501.63129506757195,502.04241943359375,88893300
2024-03-19 04:00:00,501.3474892259076,505.1162591206256,500.33918584369417,504.8323974609375,60755300
2024-03-20 04:00:00,504.89109332775615,509.6387703610633,504.21564482581135,509.501708984375,69594600
2024-03-21 04:00:00,512.350388103231,513.0551727931278,510.90156443882734,511.18548583984375,60256100
2024-03-22 04:00:00,511.09735047851973,511.5868041997834,509.98138165457397,510.21636962890625,79070800
2024-03-25 04:00:00,508.83600729301406,509.9617745975222,508.65001251438474,508.8066711425781,48512100
2024-03-26 04:00:00,510.23588252659715,510.5785359636074,507.465617616324,507.866943359375,65463700
2024-03-27 04:00:00,510.7057822180554,512.174143263585,508.53257680183424,512.1349487304688,82999800
2024-03-28 04:00:00,512.1741707527357,513.5446052867917,511.75324773349064,512.037109375,96294900
2024-04-01 04:00:00,512.7810585421283,513.3194456399708,509.98133808737305,511.146240234375,62477500
2024-04-02 04:00:00,507.3089515099197,508.0333334121318,505.5860649599207,507.8963317871094,74230300
2024-04-03 04:00:00,506.79995913072383,509.9618709649284,506.7510257055767,508.4543151855469,59155800
2024-04-04 04:00:00,512.4776104224978,512.8202041062084,501.944557459695,502.2480163574219,96858100
2024-04-05 04:00:00,503.6087308363095,509.4625780657706,503.1682105494758,507.4949645996094,74546500
2024-04-08 04:00:00,508.1997302603524,509.20797367394556,506.96629754745067,507.77874755859375,48401800
2024-04-09 04:00:00,509.52128394193176,509.76601078340246,503.5009797426477,508.3661804199219,68049200
2024-04-10 04:00:00,502.6493333372583,505.2727978988181,501.288697511792,503.2758483886719,82652800
2024-04-11 04:00:00,504.8029329149541,508.52276887946033,501.2788903691615,507.0740051269531,70099000
2024-04-12 04:00:00,503.52057224224995,504.93999985889445,498.3421439610696,500.0748291015625,92561100
2024-04-15 04:00:00,504.26456872904316,504.43096625601453,492.95817044710765,493.8098449707031,92101400
2024-04-16 04:00:00,494.2895037381496,495.81659688850766,491.6170757880816,492.90924072265625,73484000
2024-04-17 04:00:00,495.37608674425394,495.54251414976056,488.59226550978076,489.9920959472656,75910300
2024-04-18 04:00:00,491.39192878796825,493.49657364344756,488.0440524623093,488.9837951660156,74548100
2024-04-19 04:00:00,488.9055122549044,489.90398704424035,483.44319225577453,484.7157897949219,102212600
2024-04-22 04:00:00,487.3294162619137,491.7834624766207,484.9800446769296,489.1795654296875,67961000
2024-04-23 04:00:00,491.196100110007,495.41518815140995,488.9935587015488,494.9844665527344,64633600
2024-04-24 04:00:00,495.87531024392956,496.66822281618226,492.5176651664761,494.74957275390625,55928100
2024-04-25 04:00:00,488.6509980853357,493.6336332615344,486.9966421578613,492.8700866699219,69122400
2024-04-26 04:00:00,495.6697730082035,499.1253149704082,495.03348916650594,497.53948974609375,64306100
2024-04-29 04:00:00,499.33084917999474,499.976931619229,496.55075587636594,499.3014831542969,46415400
2024-04-30 04:00:00,497.83313467029427,498.8120420500729,491.3919372558594,491.3919372558594,77483600
2024-05-01 04:00:00,490.80459911500014,497.47095614792755,489.3264393749632,489.79632568359375,80242800
2024-05-02 04:00:00,493.51612025365716,495.21943930763115,489.0131405991214,494.3775634765625,62550200
2024-05-03 04:00:00,500.37835248179215,501.7390183484334,497.8331870517916,500.505615234375,72756700
2024-05-06 04:00:00,502.9136986953244,505.7133596420275,502.47317839654846,505.6742248535156,47264700
2024-05-07 04:00:00,506.64330210533313,507.6320081205366,505.55672925106126,506.232177734375,52561300
2024-05-08 04:00:00,504.39184379005206,506.81951505793313,504.2743796801718,506.2811279296875,42047200
2024-05-09 04:00:00,506.4670817147218,509.23740620188596,505.8112305297066,509.1982116699219,43643700
2024-05-10 04:00:00,510.8036985676043,511.61620848759463,508.6305526885036,509.85418701171875,52233200
2024-05-13 04:00:00,511.5378590818016,511.6455245585536,508.77733298725667,509.9226379394531,36716400
2024-05-14 04:00:00,510.1183975334321,512.7810566084371,509.5800104376199,512.26220703125,57535900
2024-05-15 04:00:00,514.7388340623975,518.8991900209113,514.1025204284623,518.6055297851562,59504900
2024-05-16 04:00:00,518.7034764563527,520.3088989892751,517.3917142043874,517.53857421875,50244800
2024-05-17 04:00:00,517.6559557052394,518.3510013823711,516.1973934194888,518.282470703125,59187600
2024-05-20 04:00:00,518.399983619737,520.3479997283454,518.0083967722392,518.879638671875,37764200
2024-05-21 04:00:00,518.1160765100145,520.3088192688843,517.9104844709608,520.1521606445312,33437000
2024-05-22 04:00:00,519.4572522789621,520.1718355844711,516.4715368155097,518.654541015625,48390000
2024-05-23 04:00:00,521.7185015997201,521.8261670726438,513.6522545564001,514.8661499023438,57211200
2024-05-24 04:00:00,516.7162161167117,519.085214900637,515.766704674741,518.272705078125,41291100
2024-05-28 04:00:00,519.0852676623554,519.3201958884637,515.991886691213,518.6349487304688,36269600
2024-05-29 04:00:00,514.5920494378546,516.1876733248712,514.2885905251699,515.003173828125,45190300
2024-05-30 04:00:00,513.4564773633216,514.1221271592083,510.3337606788209,511.58673095703125,46377600
2024-05-31 04:00:00,512.546099366396,516.3736006194137,507.42637356021385,516.246337890625,90785800
2024-06-03 04:00:00,517.8615342459523,518.145395840209,511.57690666155213,516.667236328125,46835700
2024-06-04 04:00:00,515.3555282041269,517.9887910753831,513.8871673409229,517.2448120117188,34632700
2024-06-05 04:00:00,519.5747526551082,523.4120533239656,517.5777431174533,523.3924560546875,47610400
2024-06-06 04:00:00,523.6958258756584,524.1265474920779,521.4443509593684,523.382568359375,30808500
2024-06-07 04:00:00,522.4036844600561,525.5655959158784,521.3073129777647,522.746337890625,43224500
2024-06-10 04:00:00,521.9337792468638,524.684506328859,521.3366601422468,524.3614501953125,35686100
2024-06-11 04:00:00,522.8050098767842,525.6829996240797,520.8275980833798,525.624267578125,36383400
2024-06-12 04:00:00,530.2056693568137,532.6431394508022,528.903705663851,529.9413452148438,63251300
2024-06-13 04:00:00,531.6936089856242,531.8698051580913,528.2087008298147,531.0083618164062,44760900
2024-06-14 04:00:00,529.4714728215465,531.3607570534568,528.4631694567662,531.3314208984375,40089900
2024-06-17 04:00:00,530.6461064563005,536.9600707352853,530.1859889386527,535.5601806640625,55839500
2024-06-18 04:00:00,535.6189957819628,537.0482222261405,535.1980727311192,536.9209594726562,41376400
2024-06-20 04:00:00,537.8508777255481,538.5165275797466,533.6807226924603,535.4623413085938,70328200
2024-06-21 04:00:00,534.6363719686153,535.8639535905671,533.2811170627399,534.744384765625,64338600
2024-06-24 04:00:00,534.5676749075179,537.1406814551851,532.8883214982557,533.0061645507812,45528700
2024-06-25 04:00:00,534.2338154405055,535.4221363045356,532.7116258646143,535.0587768554688,37936200
2024-06-26 04:00:00,533.9391352589275,536.4433900198844,533.2909984741738,535.7265014648438,38550600
2024-06-27 04:00:00,535.589040487199,537.1505509580609,534.8426611396433,536.5711059570312,35041500
2024-06-28 04:00:00,537.3468693543182,540.4109684989184,533.2124124479245,534.4595947265625,76144500
2024-07-01 04:00:00,535.8443476992247,536.08986404863,532.7901386983468,535.5595703125,40297800
2024-07-02 04:00:00,533.9489317855893,539.1636962890625,533.8998405072027,539.1636962890625,40434800
2024-07-03 04:00:00,538.8495445221813,541.9332447091265,538.8102834790983,541.5698852539062,32789900
2024-07-05 04:00:00,541.8742262180542,545.0953694497009,541.2358597539028,544.6927490234375,41488400
2024-07-08 04:00:00,545.478454201086,546.2739248445872,544.2508723475028,545.3213500976562,36110500
2024-07-09 04:00:00,546.283734729133,547.1872181563506,545.5570158893808,545.8516235351562,27289700
2024-07-10 04:00:00,547.0792730943032,551.5967507303619,546.784665412043,551.2530517578125,38701200
2024-07-11 04:00:00,551.370760432176,552.244812960266,545.8613883249984,546.4996948242188,53054200
2024-07-12 04:00:00,547.6291174546383,553.5607707150377,547.1577452576701,549.94677734375,53084400
2024-07-15 04:00:00,551.9503223190923,554.709924079379,549.5933410549901,551.4592895507812,40584300
2024-07-16 04:00:00,552.7751306542716,555.024038775581,552.0189211375351,554.7294311523438,36475300
2024-07-17 04:00:00,548.7781654504558,550.4575189607175,546.6274397017427,546.9515380859375,57119000
2024-07-18 04:00:00,548.4934101354552,549.4853058775749,540.5583041390183,542.748291015625,56270400
2024-07-19 04:00:00,542.5125199017892,544.1427819375705,538.0833956151523,539.14404296875,65509100
2024-07-22 04:00:00,543.0822655711995,545.3115736180749,541.1377949043722,544.7026977539062,43346700
2024-07-23 04:00:00,544.5945249198012,546.7550807862475,543.3571728667828,543.8482055664062,34439600
2024-07-24 04:00:00,539.0164184333124,539.3208563195052,530.6001104911534,531.5232543945312,74515300
2024-07-25 04:00:00,531.6410587361225,537.6415236413737,527.8110397958803,528.7537841796875,61158300
2024-07-26 04:00:00,532.5544851999327,537.3764002236553,531.7786151263786,534.6757202148438,53763800
2024-07-29 04:00:00,536.2274023059714,537.2388985619386,532.9865383315928,534.989990234375,39515800
2024-07-30 04:00:00,536.4630269208627,537.5236742807023,528.861850713122,532.2794189453125,46853600
2024-07-31 04:00:00,539.1342609978949,543.5732159258974,537.7594053591405,540.9314575195312,65663400
2024-08-01 04:00:00,542.659905480717,544.9186439967344,529.7555512584067,533.2713623046875,76428700
2024-08-02 04:00:00,526.1415136511895,527.3592651002363,519.1197223906057,523.3426513671875,82789100
2024-08-05 04:00:00,502.4639672478691,514.1898307923391,501.1185124437748,508.10101318359375,146267400
2024-08-06 04:00:00,509.9080178114113,520.249196250666,508.58225336867037,512.7855224609375,84826300
2024-08-07 04:00:00,518.9920606530759,522.056159772471,508.75895621515167,509.3580017089844,70698300
2024-08-08 04:00:00,514.5138248770706,521.7614718670237,512.4810023749844,521.1329956054688,63276600
2024-08-09 04:00:00,520.3081301514704,524.9238500782335,519.0805482528909,523.4310913085938,45619600
2024-08-12 04:00:00,524.6291985957554,526.1218973002085,521.4276556811567,523.7060546875,42542100
2024-08-13 04:00:00,526.9075349868316,532.5544105776438,526.6620186567962,532.3186645507812,52333100
2024-08-14 04:00:00,533.1142859308474,535.1864898975554,530.4332660291113,533.9981689453125,42446900
2024-08-15 04:00:00,539.644898487546,543.4356562731828,539.036022778579,543.15087890625,60846800
2024-08-16 04:00:00,541.5305297582873,545.066001447727,541.3734256554437,544.3687133789062,44430700
2024-08-19 04:00:00,544.7811244137845,549.5736083984375,543.926732304356,549.5736083984375,39121800
2024-08-20 04:00:00,549.1219341274782,550.7816271772597,547.3345677707505,548.6799926757812,33732300
2024-08-21 04:00:00,549.7307591225532,552.028758554174,544.7811112258051,550.5654907226562,41514600
2024-08-22 04:00:00,552.4707674692565,553.079643286425,545.0266941664444,546.2444458007812,56121500
2024-08-23 04:00:00,549.4951156938582,552.9912663344013,547.2952387130678,552.0484619140625,50639400
2024-08-26 04:00:00,553.0796338099561,553.7965224345438,549.023698553154,550.7324829101562,35788600
2024-08-27 04:00:00,549.4557648759409,551.9796801643517,548.3067651332959,551.4886474609375,32693900
2024-08-28 04:00:00,551.1450146535084,551.5771258819644,545.0856272093944,548.2871704101562,41066000
2024-08-29 04:00:00,550.2610513664456,553.5706069059922,547.187181927915,548.336181640625,38715200
2024-08-30 04:00:00,550.7127730145278,554.0812497734636,547.1478712090765,553.570556640625,62700100
2024-09-03 04:00:00,550.418070590667,550.7519991426308,539.6546740336671,542.1785888671875,60600100
2024-09-04 04:00:00,540.3324206417021,544.486538299349,539.6057018017893,541.0689697265625,47224900
2024-09-05 04:00:00,541.0100021233877,543.8677859554409,537.2879360362771,539.7529296875,44264300
2024-09-06 04:00:00,540.0770261689825,541.70722829183,529.7653398948447,530.6688232421875,68493800
2024-09-09 04:00:00,534.8819667353457,537.8870845889743,532.9472666463545,536.6103515625,40445800
2024-09-10 04:00:00,538.525350920473,539.3012209232795,533.6346845678008,538.9476318359375,36394600
2024-09-11 04:00:00,538.8593596356329,545.3998895864479,530.276116631913,544.4767456054688,75248600
2024-09-12 04:00:00,545.0561445387712,549.367426167289,542.8268368290717,549.06298828125,51819600
2024-09-13 04:00:00,549.6718645218532,552.9323289489466,549.4165179190511,551.9306030273438,39310500
2024-09-16 04:00:00,551.665358696549,553.0107833785631,549.8583920894029,552.7456665039062,36656100
2024-09-17 04:00:00,554.9651804135709,556.4186780878246,550.73248057987,552.9716186523438,49321000
2024-09-18 04:00:00,553.6296650314812,558.490901856176,550.7718804407737,551.3316650390625,59044900
2024-09-19 04:00:00,560.7692368305202,562.6056945402063,557.8917920771589,560.73974609375,75315500
2024-09-20 04:00:00,559.3665913435013,560.8146268159833,556.7363903893743,559.7704467773438,77503100
2024-09-23 04:00:00,560.844157105768,561.8193743965802,559.6226102686882,561.169189453125,44116900
2024-09-24 04:00:00,561.9671313798626,562.8340046033333,559.1301026711176,562.77490234375,46805700
2024-09-25 04:00:00,562.6172518383486,563.3560600605995,560.4204878396197,561.5336303710938,38428600
2024-09-26 04:00:00,565.8089271560161,566.1340196278296,561.3957983542562,563.7599487304688,48336000
2024-09-27 04:00:00,564.8337754824404,565.6513467687856,561.9080631449755,562.9423828125,42100900
2024-09-30 04:00:00,561.9079345557661,565.8088634048895,559.6028866955652,565.1981201171875,63557400
2024-10-01 04:00:00,564.8435880512217,565.4937128909536,557.5539888818164,560.1348876953125,72668800
2024-10-02 04:00:00,559.2384735935616,561.3957961263619,556.8348816397765,560.3712768554688,38097800
2024-10-03 04:00:00,558.8937053770586,561.297297524576,557.0516147695683,559.3468627929688,40846500
2024-10-04 04:00:00,563.8092667683229,564.8042049873783,559.6226860293051,564.4298706054688,42939100
2024-10-07 04:00:00,562.7747978261029,563.4249826851416,558.1745024571716,559.3270263671875,49964700
2024-10-08 04:00:00,561.9080405471897,565.2179475242848,561.0313670329389,564.6170043945312,37398700
2024-10-09 04:00:00,564.6071813915806,569.0893336080857,564.006298346405,568.52783203125,37912200
2024-10-10 04:00:00,567.1782233614125,568.9612116462271,565.9172950083815,567.5328369140625,44138100
2024-10-11 04:00:00,567.4539823983677,571.6701437051296,567.3160570940822,570.9313354492188,42268000
2024-10-14 04:00:00,572.54680911459,576.5364217400751,572.0641306807273,575.6005859375,36217200
2024-10-15 04:00:00,575.8665780927906,576.1719497636773,569.9068101256781,571.1283569335938,54203600
2024-10-16 04:00:00,571.1284236895626,574.1328988912752,570.320652695686,573.6107788085938,30725400
2024-10-17 04:00:00,577.1667859347198,577.3736738739761,573.472744961771,573.659912109375,34393700
2024-10-18 04:00:00,575.3543175241635,576.6546272535265,573.8865614270069,575.8665771484375,37416800
2024-10-21 04:00:00,575.1375256119741,576.1226031998164,571.9360234514867,574.9208374023438,36439000
2024-10-22 04:00:00,572.3793331017681,575.7778628801683,571.7193479380794,574.615478515625,34183800
2024-10-23 04:00:00,572.5862132138965,573.0295101570803,565.8482560008526,569.364990234375,49314600
2024-10-24 04:00:00,571.3253834738008,571.4042065299044,567.966294746531,570.596435546875,34979900
2024-10-25 04:00:00,572.832526139626,575.7385172942365,569.4537169426869,570.3993530273438,47268200
2024-10-28 04:00:00,573.8865445500035,574.0146094523058,571.8572870300009,572.1626586914062,30174700
2024-10-29 04:00:00,571.1972915711463,574.2116269876768,569.798498044357,573.0886840820312,42899700
2024-10-30 04:00:00,572.615787609554,574.6155241758808,570.645632233565,571.3549194335938,41435800
2024-10-31 04:00:00,566.9713229521994,567.0402856066526,559.957574484397,560.1546020507812,60182500
2024-11-01 04:00:00,562.7945273384946,566.9613862407599,562.104961011153,562.5186767578125,45667500
2024-11-04 05:00:00,562.6566193804057,563.9569290343258,559.4157357037399,561.3070678710938,38217000
2024-11-05 05:00:00,562.2232752144567,568.1337418174742,562.0065869653796,568.0943603515625,39478300
2024-11-06 05:00:00,580.4078275075276,583.0970705492409,576.6546836514896,582.2203369140625,68182000
2024-11-07 05:00:00,584.2299524251648,587.7466873497708,584.1511293671531,586.72216796875,47233200
2024-11-08 05:00:00,587.2737955457643,590.6920466620936,587.2737955457643,589.263671875,46444900
2024-11-11 05:00:00,590.8594538392326,591.214067381988,588.0913879024889,589.8251342773438,37586800
2024-11-12 05:00:00,589.7462657959629,590.3471487178498,585.5005836337616,587.9928588867188,43006100
2024-11-13 05:00:00,588.4558101737783,590.2880401081766,586.0817995759008,588.2785034179688,47388600
2024-11-14 05:00:00,588.4066394793019,588.8893179492193,583.8063432948493,584.495849609375,38904100
2024-11-15 05:00:00,580.9199456029655,581.3928237454572,575.1474051756758,577.0092163085938,75988800
2024-11-18 05:00:00,577.4722212479682,580.6934445713057,576.6054081851684,579.3734741210938,37001700
2024-11-19 05:00:00,575.9847825359503,582.2202808592402,575.3149369393851,581.4913330078125,49412000
2024-11-20 05:00:00,581.5702110064499,581.9740664321081,575.9060139035164,581.6884155273438,50032600
2024-11-21 05:00:00,584.5451660811236,586.2394709664421,578.6839413917952,584.8110961914062,46750300
2024-11-22 05:00:00,584.8012273246769,587.2541214128702,584.2988881794737,586.6236572265625,38226400
2024-11-25 05:00:00,590.5737592167452,591.8937295695996,586.3182166457023,588.6134643554688,42441400
2024-11-26 05:00:00,589.8645208450938,592.3567963116076,589.1454333564441,591.6869506835938,45621300
2024-11-27 05:00:00,591.4997854868443,591.8839201005825,588.3672455728715,589.8941040039062,34000200
2024-11-29 05:00:00,590.7117045866185,594.3466439350991,590.4359140778026,593.55859375,30177400
2024-12-02 05:00:00,593.9722515940274,595.3021425181648,593.4797127608734,594.6224365234375,31746000
2024-12-03 05:00:00,594.3860548690404,595.1445238224464,593.3517352966707,594.8982543945312,26906600
2024-12-04 05:00:00,596.5925478705923,598.8384935195138,595.9227023218134,598.5922241210938,42787600
2024-12-05 05:00:00,598.5923165152608,599.4000874816838,597.2526252109184,597.6072387695312,28762200
2024-12-06 05:00:00,598.3755773445807,599.9812587434141,597.9618615614095,598.7400512695312,31241500
2024-12-09 05:00:00,598.6218315882949,598.7892779517493,595.0657157488416,595.65673828125,34742700
2024-12-10 05:00:00,596.3364664061719,596.7600425908593,593.1448243638806,593.8048095703125,37234500
2024-12-11 05:00:00,596.7404013764967,599.3508212217944,596.4645507592219,598.3953247070312,28677700
2024-12-12 05:00:00,597.5284365007215,598.0997382660831,595.31201171875,595.31201171875,31543800
2024-12-13 05:00:00,597.3511090725724,598.0701965149426,593.8146538658189,595.1937866210938,35904700
2024-12-16 05:00:00,596.9571007701239,598.7105679786196,596.1789110129041,597.7352905273438,43695200
2024-12-17 05:00:00,595.1741603124011,596.1395173197234,593.8935711931338,595.2726440429688,55773500
2024-12-18 05:00:00,594.9671989364094,597.3609304879477,577.1471773446116,577.5313720703125,108248700
2024-12-19 05:00:00,582.5355837032507,584.15112569827,577.1077954954964,577.3540649414062,85919500
2024-12-20 05:00:00,575.0175026728227,588.8352196171104,574.1674387147792,584.2886352539062,125716700
2024-12-23 05:00:00,584.0316546408188,588.3904419763173,580.8391036798633,587.7875366210938,57635800
2024-12-24 05:00:00,589.1416302251183,594.3603751171399,588.5584517113257,594.32080078125,33160100
2024-12-26 05:00:00,592.5416816588521,595.4870738828115,591.1381803052061,594.3603515625,41219100
2024-12-27 05:00:00,590.6044241129971,590.8416891446476,583.9031498920888,588.1038208007812,64969300
2024-12-30 05:00:00,581.066451827259,584.8717412480703,577.6268027117767,581.392578125,56578800
2024-12-31 05:00:00,583.0629066605094,583.7844745956663,577.6366385699235,579.2774047851562,57052700
2025-01-02 05:00:00,582.5491160159673,584.2689106302623,573.7622854859229,577.854248046875,50204000
2025-01-03 05:00:00,580.7106648081768,585.7217650639146,579.6233961313516,585.079345703125,37888500
2025-01-06 05:00:00,589.3492396720658,592.7394211491448,586.7101863614566,588.4497680664062,47679400
2025-01-07 05:00:00,590.4858673836275,590.8120540414599,579.9694092503468,581.7979125976562,60393100
2025-01-08 05:00:00,581.867018332763,583.7252021495292,578.4076425523384,582.6478271484375,47304700
2025-01-10 05:00:00,579.0797111920303,579.1489059430921,571.8347734163021,573.7522583007812,73105000
2025-01-13 05:00:00,569.0871420731995,574.9977137931114,568.6719735158341,574.6419067382812,47910100
2025-01-14 05:00:00,577.5774134567713,578.2099995586356,571.6371609030458,575.4326171875,48420600
2025-01-15 05:00:00,583.4781439602939,587.0462287462195,582.3612548768964,585.8997192382812,56900200
2025-01-16 05:00:00,587.2736138635712,587.451517413423,584.0712293127654,584.7730102539062,43319700
2025-01-17 05:00:00,590.0311830207747,592.4032903303786,588.6968161028142,590.6439819335938,58070600
2025-01-21 05:00:00,593.6980955549004,596.0603696579795,591.7213092581105,596.0504760742188,42532900
2025-01-22 05:00:00,598.887139322545,600.7651103716523,598.3336415912388,599.401123046875,48196000
2025-01-23 05:00:00,598.7685644436611,602.6727294921875,598.4918457286775,602.6727294921875,41152100
2025-01-24 05:00:00,602.7319999441287,603.6907726306447,599.7569270310084,600.913330078125,34604700
2025-01-27 05:00:00,587.9061375768574,592.7295010606359,587.7381276298589,592.4132080078125,70361100
2025-01-28 05:00:00,593.6486607361097,598.3435279756633,590.3177808049226,597.50341796875,44433300
2025-01-29 05:00:00,596.7126333153398,597.1179082556828,592.2648645148614,594.8248291015625,37177400
2025-01-30 05:00:00,596.9499128814751,599.5592247930683,593.747468592595,598.017333984375,39281300
2025-01-31 05:00:00,600.4488437325783,602.880312619884,594.0736957955036,594.8347778320312,66566900
2025-02-03 05:00:00,585.7908853805931,593.3224355096802,583.6361957953392,590.8317260742188,65857200
2025-02-04 05:00:00,590.8910622510958,595.3091504392034,590.3474581129256,594.7952270507812,33457800
2025-02-05 05:00:00,593.668444292325,597.35513123978,591.6323569254649,597.2068481445312,30653100
2025-02-06 05:00:00,598.9563451128535,599.4110276717307,595.6353586638426,599.2825317382812,35771500
2025-02-07 05:00:00,599.8459585772572,601.0715564826635,593.0853226024016,593.7969970703125,50788500
2025-02-10 05:00:00,597.0190995725444,598.4720084396736,595.7440338934362,597.8295288085938,26048700
2025-02-11 05:00:00,595.5562660424524,598.8278448766438,595.4376636934635,598.2842407226562,30056700
2025-02-12 05:00:00,592.2451836255683,597.5330628123784,591.5631899435128,596.3568725585938,45076100
2025-02-13 05:00:00,597.4638293989674,602.8604773307252,596.1987176270893,602.6528930664062,40921300
2025-02-14 05:00:00,602.8605567688442,603.8983575737363,602.0006595024992,602.6233520507812,26910400
2025-02-18 05:00:00,603.7896117473091,604.3925170898438,601.3186288745633,604.3925170898438,26749000
2025-02-19 05:00:00,602.9988995994843,606.1123017730542,602.4849158656623,605.8157958984375,31011100
2025-02-20 05:00:00,604.4419196559093,604.5803091740476,599.9744236813096,603.29541015625,36554000
2025-02-21 05:00:00,603.0779110877393,603.216300601011,592.5119863702242,592.9765625,76519800
2025-02-24 05:00:00,595.0324891561768,596.0307759330515,589.5666458438759,590.2783203125,50737200
2025-02-25 05:00:00,590.2190314712642,590.9504327968516,582.7171004383193,587.3427734375,58266500
2025-02-26 05:00:00,589.0130409225576,592.620699550235,584.9902741209554,587.63916015625,43321600
2025-02-27 05:00:00,589.9223642338113,591.0788275306367,577.864017357305,578.2593383789062,74196700
2025-02-28 05:00:00,578.7635631051176,587.8172189511107,575.6797809164046,587.2835083007812,88744100
2025-03-03 05:00:00,589.2601945949107,590.4067643806418,573.1691862018861,576.9942626953125,74249200
2025-03-04 05:00:00,572.9813852396189,578.5954508037184,565.6079510021611,570.1644287109375,109648200
2025-03-05 05:00:00,569.9964212260836,578.0913631561872,566.4283366011412,576.29248046875,71230500
2025-03-06 05:00:00,568.800429877349,573.4359958315716,563.5026574515875,566.0626220703125,80094900
2025-03-07 05:00:00,564.2735985948641,570.6882596349558,559.0647480809484,569.2352905273438,81158800
2025-03-10 04:00:00,561.0021324297065,562.9294509409499,549.1414138289008,554.073486328125,99326600
2025-03-11 04:00:00,552.907117228081,557.473488465779,545.612771416854,549.4674682617188,88102100
2025-03-12 04:00:00,555.6449862636414,556.5740782812179,547.2634312637055,552.38330078125,69588200
2025-03-13 04:00:00,552.0076609148241,552.6204598197313,543.2999199883595,545.0197143554688,74079400
2025-03-14 04:00:00,549.655280917059,557.2857071377122,545.0889095501292,556.2775268554688,62660300
2025-03-17 04:00:00,556.2576991545186,563.0974224498057,555.8228038023716,560.567138671875,49008700
2025-03-18 04:00:00,558.2443952250169,558.4618730708418,552.5710286417288,554.50830078125,66041400
2025-03-19 04:00:00,556.2972851708735,564.3230320254004,555.1112014285828,560.54736328125,66556000
2025-03-20 04:00:00,556.7915499004863,563.9475069089323,556.0699818531248,558.9264526367188,62958200
2025-03-21 04:00:00,554.4514053360011,560.0129560782987,553.2121973894178,559.1107788085938,83763000
2025-03-24 04:00:00,565.8719462913679,570.1844265679264,565.2771506364932,569.1236572265625,58766800
2025-03-25 04:00:00,570.3330467188074,571.4334488408351,568.7369614238087,570.49169921875,38355700
2025-03-26 04:00:00,570.2240858480267,571.3542581528293,562.293154038674,563.6810913085938,51848300
2025-03-27 04:00:00,562.2832555151155,565.971170433539,560.0626041917773,562.1841430664062,42164200
2025-03-28 04:00:00,560.6475137101825,561.3811152230641,550.2777985606353,550.8626708984375,71662700
2025-03-31 04:00:00,545.0830251203251,555.869096797962,542.1485586831927,554.5604858398438,95328200
2025-04-01 04:00:00,552.6372621541935,558.0798545049701,548.8997911229003,556.1268310546875,54609600
2025-04-02 04:00:00,550.2579079318416,562.5211054527999,550.019989677278,559.6461791992188,76014500
2025-04-03 04:00:00,540.4037717910755,543.2390654249921,532.06640625,532.06640625,125986000
2025-04-04 04:00:00,519.1488461365848,521.3298644038904,500.69953122991006,500.9176330566406,217965100
2025-04-07 04:00:00,484.966562158496,518.6531751879934,477.64034947944,500.0254211425781,256611400
2025-04-08 04:00:00,517.3544574544211,520.4475157965463,484.93679417196097,492.193603515625,165816600
2025-04-09 04:00:00,489.17988772825765,543.8834838867188,488.7932402716448,543.8834838867188,241867300
2025-04-10 04:00:00,527.5754008869551,528.8939350431352,504.92270453590345,520.0509643554688,162331200
2025-04-11 04:00:00,518.4945124649533,531.7986316335475,515.5798930426869,529.3301391601562,97866300
2025-04-14 04:00:00,539.3528832417228,539.580938661594,529.2508571038156,534.4654541015625,68034000
2025-04-15 04:00:00,535.0107183382963,538.5399805011373,532.1754247962592,532.968505859375,56892900
2025-04-16 04:00:00,527.0896882471153,533.2460954669957,515.7980102587055,521.1216430664062,83484800
2025-04-17 04:00:00,523.0845951885916,526.5840872057769,519.3867572764926,521.8651733398438,79868100
2025-04-21 04:00:00,516.6605370453387,517.1959136790683,504.07020068364903,509.44342041015625,69368100
2025-04-22 04:00:00,515.6493363944684,524.7302260402327,514.7075262081219,522.6979370117188,75948100
2025-04-23 04:00:00,535.7641184612734,540.7209502963145,529.2706808590098,530.79736328125,90590700
2025-04-24 04:00:00,532.086198348384,542.7037553366079,530.8272040401201,541.9701538085938,64150400
2025-04-25 04:00:00,541.9304442378503,546.2924199116221,538.9959780328687,545.885986328125,61119600
2025-04-28 04:00:00,546.6295538469604,548.770878725811,540.3145544882295,546.0941772460938,47613800
2025-04-29 04:00:00,544.1709145104755,550.6544896169489,543.8140371215516,549.5342407226562,47775100
2025-04-30 04:00:00,542.8425243498715,551.7152660165827,536.8447695388113,549.7523193359375,93101500
2025-05-01 04:00:00,555.5319356264844,559.2000030839217,553.0435965011045,553.6483154296875,63186100
2025-05-02 04:00:00,559.8543184862792,563.4728299899488,557.52463168794,561.8668212890625,60717300
2025-05-05 04:00:00,557.7130106117388,561.7578025218996,556.850526672483,558.6448974609375,38659200
2025-05-06 04:00:00,553.1130409863903,558.486229861133,552.151444635027,553.9755249023438,48264700
2025-05-07 04:00:00,555.3139314189718,558.9522292842823,551.239369394788,556.3052978515625,55588000
2025-05-08 04:00:00,560.3599572530266,565.3861923682981,556.850541835946,560.1815185546875,65130800
2025-05-09 04:00:00,561.5892516710271,562.6004648206437,557.9013974918248,559.4677734375,37603400
2025-05-12 04:00:00,576.4498296839446,577.9666494201874,572.0580835025086,577.9567260742188,78993600
2025-05-13 04:00:00,578.3730584556538,583.9941496422729,577.8080328415324,581.7734985351562,67947200
2025-05-14 04:00:00,582.7351003798474,583.8949821637985,580.4846792150129,582.5170288085938,66283500
2025-05-15 04:00:00,580.5045239452851,585.8677897044162,580.0484736048338,585.3622436523438,71268100
2025-05-16 04:00:00,586.1454032115668,589.3673441171694,584.1924403834937,589.0699462890625,76052100
2025-05-19 04:00:00,583.0225710566098,590.3983396880136,583.0225710566098,589.7142944335938,68168500
2025-05-20 04:00:00,587.9695461543464,588.9212192076606,584.5096264657933,587.7315673828125,60614500
2025-05-21 04:00:00,583.3596614167781,587.4639329373288,576.7968205254032,577.8278198242188,95197700
2025-05-22 04:00:00,577.6295673689441,581.5554004178355,576.3903592673228,578.055908203125,70860400
2025-05-23 04:00:00,571.0071868542327,576.7868697784111,570.6304627900578,574.1101684570312,76029000
2025-05-27 04:00:00,581.0101669642168,586.2049176986301,573.4361124467979,586.0463256835938,72588500
2025-05-28 04:00:00,586.452712017421,587.6522871583933,581.9221602554891,582.65576171875,68445500
2025-05-29 04:00:00,587.9397721452495,588.0785779673218,581.0101304856973,584.9557495117188,69973300
2025-05-30 04:00:00,583.8454023131852,586.026420478472,578.2045251191539,584.3014526367188,90601200
2025-06-02 04:00:00,582.6856189346104,587.6721612666921,580.0089171212081,587.5928955078125,61630500
2025-06-03 04:00:00,587.2259796444896,591.9250465362925,586.740159298439,590.943603515625,63606200
2025-06-04 04:00:00,591.8061707239787,592.7876138828078,590.3488304970734,590.7850341796875,57314200
2025-06-05 04:00:00,592.4702844558809,593.8284515327539,585.9470768439928,587.9298095703125,92278700
2025-06-06 04:00:00,593.4913881340742,595.6426968087642,591.7069406984755,593.96728515625,66588700
2025-06-09 04:00:00,594.5422573867003,596.0590770966814,593.322896017802,594.5026245117188,53016400
2025-06-10 04:00:00,595.0379370041686,598.2598779419187,593.9177485918233,597.873291015625,66247000
2025-06-11 04:00:00,598.9736747077318,599.8361586452579,594.0961689044454,596.1680908203125,73658200
2025-06-12 04:00:00,594.8297748594797,598.5374755859375,594.3440149953893,598.5374755859375,64129000
2025-06-13 04:00:00,593.3328138188501,596.6538671866508,590.338867810054,591.8457641601562,89506000
2025-06-16 04:00:00,595.2164614851225,599.2314836456252,595.0379622706928,597.4767456054688,79984100
2025-06-17 04:00:00,595.0280706090336,596.5547531382241,591.6078443016146,592.3712158203125,82209400
2025-06-18 04:00:00,593.2733488854554,596.0293161899417,591.3203254879343,592.281982421875,76605000
2025-06-20 04:00:00,594.9675856083323,596.0414436168163,589.4790454395113,590.8909912109375,94051400
2025-06-23 04:00:00,591.6465733053511,597.1152078061239,588.5145735944315,596.7274780273438,87426000
2025-06-24 04:00:00,600.8836010096178,604.3834856367664,599.9688039561656,603.3196411132812,67735300
2025-06-25 04:00:00,604.4431877891288,605.1392079707367,602.086708265907,603.65771484375,62114800
2025-06-26 04:00:00,605.517034479532,608.8181084243395,604.9005750782753,608.380615234375,78548400
2025-06-27 04:00:00,609.3848675360332,612.8748603878714,607.3465704310272,611.4032592773438,86258400
2025-06-30 04:00:00,613.8591865146053,615.6886593072754,611.5325044540273,614.3264770507812,92502500
2025-07-01 04:00:00,612.8450033281383,615.3009489521946,612.0098276707645,614.127685546875,70030100
2025-07-02 04:00:00,613.7200271324969,616.9514932068568,613.0936150077308,616.9117431640625,66510400
2025-07-03 04:00:00,618.9003311484321,622.7085065821568,618.8804257837007,621.7738647460938,51065800
2025-07-07 04:00:00,619.8050287830624,620.4712515380828,614.3463473867639,617.1403198242188,74814500
2025-07-08 04:00:00,617.8065573856337,618.5622329876766,615.9870371559156,616.8023681640625,59024600
2025-07-09 04:00:00,619.2184771119485,621.1573080723725,617.3690382262929,620.5010986328125,66113300
2025-07-10 04:00:00,620.6402811009391,623.2950374474425,619.4570650879599,622.2510375976562,57529000
2025-07-11 04:00:00,619.1886732139827,621.2965785748338,617.9856123550688,620.0636596679688,63670200
2025-07-14 04:00:00,619.6062115300674,621.5948059142781,618.2539819137044,621.246826171875,51898500
2025-07-15 04:00:00,623.9413645164026,624.2793915612978,618.5124802515571,618.592041015625,74317300
2025-07-16 04:00:00,620.1829130237127,621.1672575214722,614.5253596449445,620.66015625,88987500
2025-07-17 04:00:00,620.8391784397268,624.8163671275224,620.6204015046147,624.4583740234375,68885700
2025-07-18 04:00:00,625.7111996075373,625.8802131347736,622.8874296174818,624.0010375976562,65621600
2025-07-21 04:00:00,625.1842651367188,627.9384270926762,624.7567246264017,625.1842651367188,63375000
2025-07-22 04:00:00,625.5123643014988,626.1387764125508,622.6189860590433,625.2737426757812,60046300
2025-07-23 04:00:00,627.9483363497261,630.5932006835938,626.138708302101,630.5932006835938,70511000
2025-07-24 04:00:00,630.9809681636451,632.5221773472229,630.3744614468128,630.802001953125,71307100
2025-07-25 04:00:00,631.4682494008442,633.9440397736063,631.2196750953526,633.4667358398438,56865400
2025-07-28 04:00:00,633.8445768779104,634.4013808975731,631.9156378299562,633.3076782226562,54917100
2025-07-29 04:00:00,634.7096125224674,635.0277949185313,630.722531607152,631.6372680664062,60556300
2025-07-30 04:00:00,632.2934318863223,634.0434045947875,627.9384054781906,630.841796875,80418900
2025-07-31 04:00:00,635.8132594113927,636.200989166749,627.1728149946817,628.475341796875,103385200
2025-08-01 04:00:00,622.7282752516747,622.7680859762785,615.7582427178595,618.1743774414062,140103600
2025-08-04 04:00:00,622.1019219542782,627.6202593639928,622.0124691896333,627.570556640625,73218000
2025-08-05 04:00:00,628.187016594973,629.0023475949919,623.464104816374,624.3887939453125,68051400
2025-08-06 04:00:00,625.462617040701,629.8275961427472,624.5478806448895,629.17138671875,64357500
2025-08-07 04:00:00,632.6116453260242,633.3474155493337,625.5223013845391,628.6444091796875,74205800
2025-08-08 04:00:00,630.4440623273716,634.0136158764692,630.125879949944,633.5462646484375,64051600
2025-08-11 04:00:00,633.824713555593,635.3062066703783,631.0406328520911,632.29345703125,58742300
2025-08-12 04:00:00,634.6499095494731,639.1839021511607,633.1584638161933,639.0248413085938,64730800
2025-08-13 04:00:00,641.2321859855442,642.5049155421342,639.0149226306152,641.2123413085938,60092800
2025-08-14 04:00:00,639.1242567818475,641.9381347685223,638.6768716045066,641.27197265625,59327500
2025-08-15 04:00:00,642.3060144753327,642.4054806038605,638.8558324502803,639.7705688476562,68592500
2025-08-18 04:00:00,639.1939154739885,640.3274289037191,638.5178006265407,639.6314086914062,43804900
2025-08-19 04:00:00,639.4523760102862,640.4367204754008,634.8388226855677,636.1612548828125,69750700
2025-08-20 04:00:00,635.7536294439067,636.0120957287904,629.3404006137462,634.470947265625,88890300
2025-08-21 04:00:00,632.6514763962614,634.3317804706619,630.195530658508,631.9255981445312,54805800
2025-08-22 04:00:00,634.1230118894028,642.8131599802851,633.6159105915494,641.6299438476562,84083200
2025-08-25 04:00:00,640.3671451910226,641.6100166878209,638.686780499868,638.8060913085938,51274300
2025-08-26 04:00:00,638.5376929659955,641.8288143683822,637.9112808564007,641.4807739257812,51581600
2025-08-27 04:00:00,640.8941330732226,643.6781530071313,640.7449642231398,642.9423828125,48341100
2025-08-28 04:00:00,643.548887361664,645.7761033013204,641.6597591604225,645.2192993164062,61519500
2025-08-29 04:00:00,643.777581165663,644.1455269630451,639.472317969575,641.3713989257812,74522200
2025-09-02 04:00:00,633.8644906037873,636.8374296419402,631.2991867317828,636.6187133789062,81983500
2025-09-03 04:00:00,639.0049424066366,640.5361988813526,636.8075845104526,640.06884765625,70820900
2025-09-04 04:00:00,640.7450037735979,645.4480709373178,639.8402199968853,645.418212890625,65219200
2025-09-05 04:00:00,647.7646994415851,648.4905776412766,639.6612139364762,643.5488891601562,85178900
2025-09-08 04:00:00,644.9210585487652,646.1341327155172,643.5389708468488,645.1298828125,63133100
2025-09-09 04:00:00,645.2689866211995,647.148222783044,643.5289666240282,646.6212768554688,66133900
2025-09-10 04:00:00,649.8924717726807,650.817160801947,646.9195331255914,648.4905395507812,78034500
2025-09-11 04:00:00,650.4493620868353,654.5757199134183,649.8627606991871,653.8796997070312,69934400
2025-09-12 04:00:00,653.8497465125743,655.351144838518,653.1537870945498,653.6608276367188,72780100
2025-09-15 04:00:00,655.8782140097094,657.2701936656516,655.5799369896564,657.1409301757812,63772400
2025-09-16 04:00:00,657.6977327581834,658.0060231465056,655.450672087237,656.2361450195312,61169000
2025-09-17 04:00:00,656.2461210913638,657.9463305061431,650.5686620900484,655.4208374023438,101952200
2025-09-18 04:00:00,658.1153302554297,661.098221592467,656.504573788396,658.4832153320312,90459200
2025-09-19 04:00:00,660.3786700487054,662.5921003065068,658.4244226642126,661.74462890625,97945600
2025-09-22 04:00:00,660.2490220888672,665.3239917254978,660.2190812650523,664.8753662109375,69452200
2025-09-23 04:00:00,664.7557113987294,665.3739407705357,660.0296859026699,661.256103515625,81708900
2025-09-24 04:00:00,662.5522091075384,662.6518901422049,657.7264420940938,659.1522216796875,68082200
2025-09-25 04:00:00,656.0016057727498,657.4672457066506,652.4819765077987,656.1112670898438,89622100
2025-09-26 04:00:00,657.5669862915963,660.4185456623683,655.9417836675868,659.8701782226562,69179200
2025-09-29 04:00:00,662.4026597035332,663.3199930316334,659.9100251593522,661.7246704101562,73499000
2025-09-30 04:00:00,660.976860345401,664.6859320813617,659.6607420426623,664.21728515625,86288000
2025-10-01 04:00:00,661.2161783670498,667.3979243492374,661.1065170498754,666.4806518554688,72545400
2025-10-02 04:00:00,668.4747085274895,668.5943501107935,664.8155382515555,667.248291015625,56896000
2025-10-03 04:00:00,668.0160736487628,670.6981508367895,666.1914481336265,667.2384033203125,70494400
2025-10-06 04:00:00,669.6412668959266,670.5286593813627,667.4876574687494,669.6312866210938,54623300
2025-10-07 04:00:00,670.5585274945992,671.0072138668005,665.7028804529681,667.1486206054688,72020100
2025-10-08 04:00:00,668.2753327277967,671.2266339865188,667.4477610054765,671.1268920898438,60702200
2025-10-09 04:00:00,671.5456907353398,671.9544560264949,667.2384109165724,669.1826171875,66501900
2025-10-10 04:00:00,670.1497521868876,671.9643973425017,650.9166069608107,651.0960693359375,159422600
2025-10-13 04:00:00,658.7036354539871,663.170417127303,657.8262232173948,661.0865478515625,79560500
2025-10-14 04:00:00,655.2338407773344,663.8683609233883,651.2456255038628,660.2789306640625,88779600
2025-10-15 04:00:00,664.855429242796,668.2553559603689,656.988660072404,663.2102661132812,81702600
2025-10-16 04:00:00,664.8554499895176,666.7398963555108,655.1740352792065,658.6936645507812,110563300
2025-10-17 04:00:00,657.5570092911896,663.7985760836355,656.2010306703355,662.4326171875,96500900
2025-10-20 04:00:00,665.3539499346838,670.2295576279439,665.3041094156895,669.3222045898438,60493400
2025-10-21 04:00:00,669.4617772299453,671.0071983826805,668.0060568363804,669.3121948242188,56249000
2025-10-22 04:00:00,670.0201576878661,670.0201576878661,661.3457774038759,665.83251953125,80564000
2025-10-23 04:00:00,666.1515932793667,670.7280970890292,665.8325287543602,669.7808837890625,65604500
2025-10-24 04:00:00,674.4670490970213,676.4710761570719,673.6594379369009,675.2546997070312,74356500
2025-10-27 04:00:00,680.7185156175003,683.5202343374859,680.1103274099472,683.2211303710938,63339800
2025-10-28 04:00:00,685.0257863269245,686.8802917495992,682.8123561492805,685.0357666015625,61738100
2025-10-29 04:00:00,686.6908448301914,687.6679989086465,680.8581046045199,685.3648071289062,85657100
2025-10-30 04:00:00,681.8851035842282,683.919071384824,677.8270874023438,677.8270874023438,76335800
2025-10-31 04:00:00,683.0217380676526,683.0616591685175,677.2388379885472,680.050537109375,87164100
2025-11-03 05:00:00,683.6498738048132,683.7794956694769,677.9367749059246,681.3267822265625,57315000
2025-11-04 05:00:00,674.1180423048241,677.9567360174515,672.5925816080086,673.2506103515625,78427000
2025-11-05 05:00:00,672.9913638051393,678.8540450990596,672.1837526501265,675.583740234375,74402400
2025-11-06 05:00:00,674.4769688014325,675.384321857154,666.7498016918889,668.3351440429688,85035300
2025-11-07 05:00:00,665.9421818455136,669.1028862313885,659.2619700189845,668.9931640625,100592400
2025-11-10 05:00:00,675.2447347362015,680.1701831536659,673.0412846911101,679.432373046875,75842900
2025-11-11 05:00:00,677.9467300747958,681.5560598909952,676.7302928180768,680.9877319335938,58953400
2025-11-12 05:00:00,682.7724572806613,682.9420002443612,678.9438047256676,681.3666381835938,62312500
2025-11-13 05:00:00,678.4950944095032,678.8540191634994,668.5445172010542,670.0599975585938,103457800
2025-11-14 05:00:00,663.4196879466924,673.669369761962,661.3159189526839,669.9503784179688,96846700
2025-11-17 05:00:00,667.7269573864955,671.7251529532939,660.2191128892804,663.7088012695312,90456100
2025-11-18 05:00:00,660.1493223141129,663.1604443809363,653.9277160969795,658.1353149414062,114467500
2025-11-19 05:00:00,658.8332701356088,665.3739409367662,656.8092216159307,660.6777954101562,94703000
2025-11-20 05:00:00,670.9274443593279,673.5696612658603,649.969414909385,650.6075439453125,165293500
2025-11-21 05:00:00,653.1200634979649,662.5920743656175,648.9324254696204,657.08837890625,123956200
2025-11-24 05:00:00,660.7375826041805,668.0858642133718,659.6408477705503,666.759765625,80437900
2025-11-25 05:00:00,666.6600618545837,674.2177464111714,662.5222643995295,673.03125,81077100
2025-11-26 05:00:00,675.6336030547216,679.6916195137131,674.7262499751725,677.6775512695312,71879600
2025-11-28 05:00:00,678.8540116786253,681.6557303234264,678.4950869285864,681.3765869140625,49212000
2025-12-01 05:00:00,676.8100876493213,680.9777652313311,676.7402865806703,678.2658081054688,61201200
2025-12-02 05:00:00,679.91089945233,681.8053259843603,677.3285642303521,679.5220947265625,62953800
2025-12-03 05:00:00,678.5648962284573,682.8920755410956,677.6874840363832,681.8751220703125,57238500
2025-12-04 05:00:00,683.2809493981625,683.3507504660292,679.3326553413237,682.3736572265625,61970300
2025-12-05 05:00:00,683.4504163312143,686.3618571461667,682.5630847287977,683.6697998046875,79241000
2025-12-08 05:00:00,684.5672069678625,684.6170474876437,679.5619773329797,681.6159057617188,55231500
2025-12-09 05:00:00,681.1373100558188,683.3707007727439,680.5789623765876,681.027587890625,58310100
2025-12-10 05:00:00,680.5490620813229,686.9401503769751,679.3027447895911,685.5443115234375,85671300
2025-12-11 05:00:00,683.1214313379483,687.2193077079016,680.1601500103427,687.1395263671875,86173700
2025-12-12 05:00:00,686.1424918468441,686.8504219479569,677.1690077077839,679.7514038085938,113160300
2025-12-15 05:00:00,683.7196756361553,683.7396361862291,677.2488060921288,678.7244262695312,90811000
2025-12-16 05:00:00,677.2288588584025,679.0734449717613,672.9913800472318,676.8699340820312,122030600
2025-12-17 05:00:00,677.8869129385677,678.4352803496147,669.2225131069573,669.4219360351562,110625200
2025-12-18 05:00:00,675.603604329658,678.7343677454887,672.9116078583543,674.4769287109375,108650100
2025-12-19 05:00:00,676.5900268554688,681.0900268554688,676.469970703125,680.5900268554688,103599500
2025-12-22 05:00:00,683.9400024414062,685.3599853515625,680.5900268554688,684.8300170898438,69556700
2025-12-23 05:00:00,683.9199829101562,688.2000122070312,683.8699951171875,687.9600219726562,64840000
2025-12-24 05:00:00,687.9500122070312,690.8300170898438,687.7999877929688,690.3800048828125,39445600
2025-12-26 05:00:00,690.6400146484375,691.6599731445312,689.27001953125,690.3099975585938,41613300
2025-12-29 05:00:00,687.5399780273438,689.2000122070312,686.0700073242188,687.8499755859375,62559500
2025-12-30 05:00:00,687.4500122070312,688.5599975585938,686.5800170898438,687.010009765625,47160700
2025-12-31 05:00:00,687.1400146484375,687.3599853515625,681.7100219726562,681.9199829101562,74144800
2026-01-02 05:00:00,685.7100219726562,686.8699951171875,679.8200073242188,683.1699829101562,89377200
2026-01-05 05:00:00,686.5399780273438,689.4299926757812,686.3800048828125,687.719970703125,71927200
2026-01-06 05:00:00,687.9299926757812,692.3200073242188,687.780029296875,691.8099975585938,69273800
2026-01-07 05:00:00,692.1900024414062,693.9600219726562,689.3200073242188,689.5800170898438,75588300
2026-01-08 05:00:00,688.8200073242188,690.6199951171875,687.489990234375,689.510009765625,64019200
2026-01-09 05:00:00,690.6300048828125,695.3099975585938,689.1799926757812,694.0700073242188,80125500
2026-01-12 05:00:00,690.6799926757812,696.0900268554688,690.6300048828125,695.1599731445312,63976000
2026-01-13 05:00:00,695.489990234375,696.0900268554688,691.3499755859375,693.77001953125,78309700
2026-01-14 05:00:00,691.0,691.719970703125,686.0399780273438,690.3599853515625,94676700
2026-01-15 05:00:00,694.5700073242188,695.4500122070312,691.25,692.239990234375,77862000
2026-01-16 05:00:00,693.6599731445312,694.25,690.0999755859375,691.6599731445312,79289200
2026-01-20 05:00:00,681.489990234375,684.77001953125,676.5700073242188,677.5800170898438,111623300
2026-01-21 05:00:00,679.6500244140625,688.739990234375,678.1300048828125,685.4000244140625,127844500
2026-01-22 05:00:00,689.8499755859375,691.1300048828125,686.9199829101562,688.97998046875,77112200
2026-01-23 05:00:00,688.1500244140625,690.9600219726562,687.1599731445312,689.22998046875,63059600
2026-01-26 05:00:00,690.489990234375,694.1300048828125,689.9199829101562,692.72998046875,60473800
2026-01-27 05:00:00,694.1799926757812,696.530029296875,693.5700073242188,695.489990234375,55506100
2026-01-28 05:00:00,697.0499877929688,697.8400268554688,693.9400024414062,695.4199829101562,61172200
2026-01-29 05:00:00,696.3900146484375,697.0599975585938,684.8300170898438,694.0399780273438,97486200
2026-01-30 05:00:00,691.7899780273438,694.2100219726562,687.1199951171875,691.969970703125,101835100
2026-02-02 05:00:00,689.5800170898438,696.9299926757812,689.4199829101562,695.4099731445312,79286500
2026-02-03 05:00:00,696.2100219726562,696.9600219726562,684.030029296875,689.530029296875,107904600
2026-02-04 05:00:00,690.3499755859375,691.4500122070312,681.760009765625,686.1900024414062,105204600
2026-02-05 05:00:00,680.9400024414062,683.6900024414062,675.7899780273438,677.6199951171875,113610800
2026-02-06 05:00:00,681.4600219726562,692.3099975585938,680.8499755859375,690.6199951171875,89127600
2026-02-09 05:00:00,689.4199829101562,695.8699951171875,688.3400268554688,693.9500122070312,73885200
2026-02-10 05:00:00,694.9500122070312,696.5399780273438,691.6599731445312,692.1199951171875,65185700
2026-02-11 05:00:00,696.3900146484375,697.1400146484375,689.1799926757812,691.9600219726562,76353900
2026-02-12 05:00:00,694.239990234375,695.3499755859375,680.3699951171875,681.27001953125,118829000
2026-02-13 05:00:00,681.6900024414062,686.280029296875,677.52001953125,681.75,96267500
2026-02-17 05:00:00,680.1400146484375,684.9400024414062,675.780029296875,682.8499755859375,81354700
2026-02-18 05:00:00,684.02001953125,689.1500244140625,682.8300170898438,686.2899780273438,73570300
2026-02-19 05:00:00,683.8400268554688,686.1799926757812,681.5499877929688,684.47998046875,58649400
2026-02-20 05:00:00,682.3200073242188,690.0599975585938,681.72998046875,689.4299926757812,100034000
2026-02-23 05:00:00,687.8300170898438,690.0,680.3699951171875,682.3900146484375,90558100
2026-02-24 05:00:00,681.9000244140625,688.3499755859375,680.0,687.3499755859375,73798700
2026-02-25 05:00:00,690.1799926757812,693.6799926757812,690.0999755859375,693.1500244140625,56369500
2026-02-26 05:00:00,693.280029296875,693.2999877929688,684.3499755859375,689.2999877929688,71671000
2026-02-27 05:00:00,683.0900268554688,686.8599853515625,681.6400146484375,685.989990234375,83308900
2026-03-02 05:00:00,678.7000122070312,688.6199951171875,678.02001953125,686.3800048828125,87477200
2026-03-03 05:00:00,675.0599975585938,682.6099853515625,669.6599731445312,680.3300170898438,105003100
2026-03-04 05:00:00,681.6300048828125,687.0900268554688,679.6199951171875,685.1300048828125,79182200
2026-03-05 05:00:00,682.0800170898438,685.530029296875,675.6099853515625,681.3099975585938,106606500
2026-03-06 05:00:00,673.4099731445312,676.1099853515625,669.760009765625,672.3800048828125,100687000
2026-03-09 04:00:00,666.3900146484375,679.9199829101562,662.3900146484375,678.27001953125,102667700
2026-03-10 04:00:00,677.719970703125,683.3599853515625,674.760009765625,677.1799926757812,81505300
2026-03-11 04:00:00,677.5800170898438,680.0800170898438,673.3400268554688,676.3300170898438,68441700
2026-03-12 04:00:00,671.1599731445312,671.6500244140625,665.8699951171875,666.0599975585938,108882200
2026-03-13 04:00:00,669.27001953125,672.3350219726562,661.3599853515625,662.2899780273438,83073510
