symbol,entry_date,engine,side,regime,hold_days,ml_rank,opt_type,strike,sigma,entry_price,exit_price,equity_return,options_return,leverage,eq_pnl_1k,opt_pnl_1k,options_better
NVDA,2017-03-24,momentum,long,CHOPPY,13,1.0,30d_call_30DTE,2.66,0.16848000049591066,2.7296985783576964,2.483827658594448,-0.09007255295973915,-0.9840249664882936,27.237834946556323,-90.07255295973914,-984.0249664882937,False
SHOP,2017-04-03,meanrev,long,CHOPPY,3,0.9868073878627968,ATM_call_21DTE,6.82,0.16094000148773194,6.815999984741211,6.838296236038208,0.003271163636577362,-0.05856984817988875,61.50725562690134,3.2711636365773624,-58.56984817988876,False
ET,2017-04-05,meanrev,long,CHOPPY,1,0.9973614775725592,ATM_call_21DTE,19.44,0.1675700044631958,19.440000534057617,19.39114030456543,-0.0025133862217024284,-0.19210996433149863,58.169498812801386,-2.5133862217024285,-192.10996433149862,False
AEP,2017-04-10,meanrev,long,CHOPPY,2,1.0,ATM_call_21DTE,67.47,0.1826500024795532,67.47000122070312,67.65442091369628,0.0027333583764123422,-0.06086440514821211,53.67678943331124,2.7333583764123426,-60.86440514821212,False
MSFT,2017-03-24,momentum,long,CHOPPY,24,0.9551451187335092,30d_call_30DTE,63.93,0.16848000049591066,65.49072061157227,65.34904335021973,-0.0021633181010915076,-0.31882384229524474,28.16551158124819,-2.163318101091508,-318.8238422952448,False
COF,2017-04-17,meanrev,long,CHOPPY,1,0.992084432717678,ATM_call_21DTE,80.58,0.19057999801635742,80.58000183105469,82.834,0.027972178179780687,0.8348278728437734,51.58148412381987,27.972178179780688,834.8278728437734,True
ORCL,2017-03-27,momentum,long,CHOPPY,22,0.9736147757255936,30d_call_30DTE,43.57,0.1625,44.59901831817627,44.43096045684815,-0.0037681964237233213,-0.32824425668105345,29.073133981354523,-3.768196423723322,-328.2442566810535,False
CGNX,2017-04-13,meanrev,long,CHOPPY,6,0.9630606860158312,ATM_call_21DTE,40.6,0.20748000049591067,40.60499954223633,40.57368878173829,-0.0007711060423844777,-0.26009368600511995,47.47817096909754,-0.7711060423844777,-260.09368600511993,False
WDC,2017-04-20,meanrev,long,CHOPPY,1,0.9868073878627968,ATM_call_21DTE,63.02,0.18394999504089352,63.023433685302734,63.67435987854004,0.0103283200418371,0.20387699544488677,53.24270473397985,10.328320041837099,203.87699544488677,True
CMS,2017-04-21,meanrev,long,CHOPPY,3,0.9947229551451188,ATM_call_21DTE,44.82,0.19019000148773196,44.81999969482422,45.37906121826172,0.012473483428025534,0.21664232797221442,51.68074314668193,12.473483428025533,216.64232797221442,True
INTU,2017-04-03,momentum,long,CHOPPY,22,0.9709762532981532,30d_call_30DTE,113.62,0.16094000148773194,116.28210305786132,118.84184182739256,0.022013179175625373,0.35089682692505664,29.30828251594088,22.013179175625375,350.89682692505664,True
NRG,2017-04-21,meanrev,long,CHOPPY,5,0.9973614775725592,ATM_call_21DTE,17.26,0.19019000148773196,17.260000228881836,17.245440685272218,-0.0008435424922680429,-0.23839168773418334,51.680715818189945,-0.8435424922680429,-238.39168773418336,False
AAPL,2017-04-07,momentum,long,CHOPPY,26,0.8865435356200527,30d_call_30DTE,35.15,0.16730999851226808,36.004363929748536,36.69146939086914,0.019083949447385805,0.22585870512022962,28.312195460282226,19.083949447385805,225.85870512022964,True
WELL,2017-04-25,meanrev,long,CHOPPY,10,0.9947229551451188,ATM_call_21DTE,72.49,0.13988000297546388,72.48999786376953,69.66040304565429,-0.03903427923163824,-0.9771672758304017,68.72808951230063,-39.034279231638244,-977.1672758304018,False
TEAM,2017-04-19,momentum,long,CHOPPY,26,0.9155672823218998,30d_call_30DTE,30.78,0.19409000396728515,31.643159923553466,36.98588137054443,0.16884285450310332,3.8665574415774016,24.76026192907559,168.84285450310333,3866.557441577402,True
ADBE,2017-04-20,momentum,long,CHOPPY,26,0.941952506596306,30d_call_30DTE,127.57,0.18394999504089352,130.96139694213866,137.75393878173827,0.0518667485091098,1.03393344890535,26.012660432899455,51.866748509109804,1033.93344890535,True
FTNT,2017-05-01,momentum,long,TRENDING_BULL,29,0.9577836411609498,30d_call_30DTE,7.73,0.1314299955368042,7.875720133781433,7.814339923858642,-0.0077935996810643325,-0.6118289690885906,35.47838429584487,-7.7935996810643315,-611.8289690885906,False
MCD,2017-05-01,momentum,long,TRENDING_BULL,29,0.8601583113456465,30d_call_30DTE,137.5,0.1314299955368042,140.13972061157227,149.6301326904297,0.0677210717806564,2.0489857249821335,35.18130578787367,67.72107178065639,2048.9857249821334,True
ETN,2017-05-01,momentum,long,TRENDING_BULL,29,0.8839050131926122,30d_call_30DTE,74.62,0.1314299955368042,76.05180152893067,77.56456121826172,0.019891174948111955,0.36625933310958564,35.189872220799955,19.891174948111956,366.25933310958567,True
DLR,2017-05-03,momentum,long,TRENDING_BULL,27,0.8759894459102903,30d_call_30DTE,111.34,0.13884000396728513,113.59674275207522,117.764,0.036684654392070165,0.90446638723499,33.486240284228586,36.684654392070165,904.46638723499,True
AAPL,2017-05-04,momentum,long,TRENDING_BULL,26,0.8680738786279684,30d_call_30DTE,35.99,0.13598000049591066,36.703261070251465,38.34066454315185,0.04461193433919494,1.2018323549431653,34.150246013850236,44.61193433919494,1201.8323549431655,True
AMZN,2017-05-08,momentum,long,TRENDING_BULL,28,0.899736147757256,30d_call_30DTE,46.28,0.12701000595092773,47.141595611572264,50.46586734008789,0.07051674185800337,2.224372080330109,36.22537894633763,70.51674185800337,2224.3720803301094,True
NOW,2017-05-31,momentum,long,TRENDING_BULL,9,0.8759894459102903,30d_call_30DTE,20.73,0.13532999801635742,21.144203281402586,20.459486504372492,-0.03238319117147048,-0.746714887596249,34.09219411407197,-32.383191171470486,-746.714887596249,False
CRM,2017-05-31,momentum,long,TRENDING_BULL,9,0.8786279683377308,30d_call_30DTE,89.11,0.13532999801635742,90.87138244628903,86.1841951452453,-0.051580455528055506,-0.9164855180981142,34.26421844292705,-51.58045552805551,-916.4855180981142,False
LLY,2017-05-17,momentum,long,TRENDING_BULL,26,0.9815303430079156,30d_call_30DTE,76.9,0.20267000198364257,79.14797785949708,80.73820152282715,0.02009177879633302,0.1659043196328755,23.809317612447227,20.091778796333024,165.90431963287548,True
ADBE,2017-05-31,momentum,long,TRENDING_BULL,15,0.8812664907651715,30d_call_30DTE,140.55,0.13532999801635742,143.3260732727051,135.3003811371087,-0.05599603723410452,-0.968336576513403,34.27620695143736,-55.99603723410452,-968.336576513403,False
EBAY,2017-06-01,momentum,long,TRENDING_BULL,14,0.920844327176781,30d_call_30DTE,33.87,0.1285700044631958,34.5088786239624,33.867937562793095,-0.01857322192800112,-0.6112204238390981,35.813869557470674,-18.573221928001118,-611.2204238390981,False
AMZN,2017-06-06,momentum,long,TRENDING_BULL,9,0.8970976253298153,30d_call_30DTE,49.71,0.1358499975204468,50.70119847106933,47.67768516803071,-0.05963396121225556,-0.9513595963766559,34.067830221765476,-59.633961212255564,-951.359596376656,False
INTU,2017-05-16,momentum,long,TRENDING_BULL,41,0.8865435356200527,30d_call_30DTE,125.3,0.13844999504089353,127.8351618347168,138.1231939086914,0.08047889114636875,2.3659915177001785,33.55576414607904,80.47889114636874,2365.9915177001785,True
NVDA,2017-05-31,momentum,long,TRENDING_BULL,26,0.9894459102902374,30d_call_30DTE,3.6,0.13532999801635742,3.6745844178199767,3.796142538070679,0.0330807804172911,0.8031643338420794,33.51131430586939,33.08078041729111,803.1643338420794,True
MU,2017-06-22,momentum,long,TRENDING_BULL,25,0.9234828496042216,30d_call_30DTE,31.48,0.13623999404907228,32.104080917358395,31.656559314727783,-0.01393971077330051,-0.6779169994712431,34.11634318631583,-13.93971077330051,-677.916999471243,False
MSFT,2017-06-22,momentum,long,TRENDING_BULL,25,0.9577836411609498,30d_call_30DTE,69.3,0.13623999404907228,70.6810809173584,73.20329847717285,0.03568447917149814,0.8977545522755551,34.03332138140339,35.68447917149814,897.7545522755552,True
SHOP,2017-07-18,meanrev,long,CHOPPY,1,1.0,ATM_call_21DTE,9.13,0.1285700044631958,9.128999710083008,9.299363840103153,0.018661861696849146,0.8088503322672698,74.54442891850859,18.661861696849147,808.8503322672698,True
AMD,2017-07-19,meanrev,long,CHOPPY,1,0.9894459102902374,ATM_call_21DTE,13.62,0.12726999950408935,13.619999885559082,13.772400190353393,0.011189449785230666,0.4034090426321647,74.91712669481596,11.189449785230666,403.4090426321647,True
ORCL,2017-06-27,momentum,long,TRENDING_BULL,27,0.8918205804749341,30d_call_30DTE,49.81,0.1437800054550171,50.8515,50.65847832489014,-0.003795791178428586,-0.4324123211072766,32.498066138868644,-3.7957911784285856,-432.4123211072766,False
FTNT,2017-06-27,momentum,long,TRENDING_BULL,27,0.9102902374670184,30d_call_30DTE,7.39,0.1437800054550171,7.54105202293396,8.093779657363891,0.07329582566848329,2.0752988341928753,32.838711368630946,73.29582566848327,2075.298834192875,True
BSX,2017-06-27,momentum,long,TRENDING_BULL,27,0.8759894459102903,30d_call_30DTE,27.26,0.1437800054550171,27.8355606880188,27.564760837554932,-0.009728557419733474,-0.5975027783517217,32.35154721177939,-9.728557419733475,-597.5027783517216,False
BA,2017-06-27,momentum,long,TRENDING_BULL,27,0.9683377308707124,30d_call_30DTE,196.09,0.1437800054550171,200.19960305786137,211.75563269042968,0.0577225401851991,1.5507108577439628,32.46334254643424,57.7225401851991,1550.7108577439628,True
INTU,2017-06-28,momentum,long,TRENDING_BULL,26,0.9815303430079156,30d_call_30DTE,133.18,0.13038999652862548,135.7208969421387,135.9775,0.001890667271162337,-0.245278082842626,35.406457390288246,1.8906672711623367,-245.278082842626,False
KEY,2017-07-18,meanrev,long,CHOPPY,7,0.9261213720316622,ATM_call_21DTE,19.0,0.1285700044631958,19.0,18.443039543151855,-0.02931370825516554,-0.9153772168500022,74.22813765978304,-29.313708255165537,-915.3772168500022,False
AAPL,2017-06-30,momentum,long,TRENDING_BULL,26,0.8733509234828496,30d_call_30DTE,35.43,0.14534000396728514,36.18472423553467,38.28827167510986,0.058133576640869836,1.5465628061033236,32.064408609720466,58.13357664086984,1546.5628061033237,True
NOW,2017-07-27,momentum,long,TRENDING_BULL,12,0.8680738786279684,30d_call_30DTE,22.64,0.1314299955368042,23.072051067352294,21.439205426921298,-0.07077158574521043,-0.9895319754431762,35.278927119785095,-70.77158574521043,-989.5319754431762,False
MSFT,2017-07-24,momentum,long,TRENDING_BULL,22,0.8707124010554089,30d_call_30DTE,72.38,0.12259000396728514,73.67705877685547,73.07356121826172,-0.008191119035052175,-0.5085081313711083,37.44611175361545,-8.191119035052175,-508.5081313711082,False
NVDA,2017-07-25,momentum,long,TRENDING_BULL,22,0.9683377308707124,30d_call_30DTE,4.07,0.12259000396728514,4.138760839462281,4.120492347717285,-0.004414000338171093,-0.4139351996660625,38.46253984389975,-4.4140003381710935,-413.9351996660625,False
LLY,2017-07-25,momentum,long,TRENDING_BULL,22,0.9287598944591028,30d_call_30DTE,82.43,0.12259000396728514,83.90747785949706,80.52862243652343,-0.040268823580080874,-0.9716358923552953,37.442323299041156,-40.26882358008088,-971.6358923552955,False
INTU,2017-07-26,momentum,long,TRENDING_BULL,22,0.9313984168865436,30d_call_30DTE,134.81,0.12480000495910647,137.274,134.19108670043946,-0.022458100583945574,-0.8090060834907156,36.817041369526926,-22.458100583945573,-809.0060834907156,False
ADBE,2017-07-27,momentum,long,TRENDING_BULL,25,0.8839050131926122,30d_call_30DTE,147.34,0.1314299955368042,150.16973510742187,148.96147451782227,-0.008045966044591417,-0.5388793465558124,35.174914565106015,-8.045966044591417,-538.8793465558124,False
AAPL,2017-07-28,momentum,long,TRENDING_BULL,24,0.8839050131926122,30d_call_30DTE,36.83,0.13376999950408935,37.54744484710693,39.22389667510986,0.044648892483348426,1.233051065788729,34.67388950718684,44.648892483348426,1233.0510657887291,True
MS,2017-08-09,momentum,long,TRENDING_BULL,12,0.8891820580474934,30d_call_30DTE,46.34,0.1444299955368042,47.314441223144534,44.58033281743083,-0.05778591768249135,-0.9475636165916276,32.34790839831245,-57.78591768249135,-947.5636165916276,False
SYK,2017-08-03,momentum,long,TRENDING_BULL,20,0.8944591029023746,30d_call_30DTE,141.99,0.13571999454498293,144.80904428100587,138.94217325381692,-0.04051453454664149,-0.9371554627947833,34.150678451943236,-40.51453454664149,-937.1554627947831,False
RH,2017-08-17,meanrev,long,CHOPPY,7,0.9630606860158312,ATM_call_21DTE,50.87,0.20215000247955323,50.869998931884766,45.15642610208323,-0.11231714074639639,-0.9997923934437798,48.80182747654539,-112.31714074639639,-999.7923934437798,False
SHOP,2017-09-07,meanrev,long,CHOPPY,1,0.9921052631578948,ATM_call_21DTE,11.05,0.15015000247955324,11.04699993133545,11.323307718276975,0.02501202033664935,0.9819881544317016,64.97972472272168,25.012020336649353,981.9881544317016,True
SNPS,2017-09-11,meanrev,long,CHOPPY,3,0.9842105263157894,ATM_call_21DTE,79.93,0.13948999404907228,79.93000030517578,80.04957908630371,0.0014960437967142634,-0.10849898272883723,68.90410124944299,1.4960437967142635,-108.49898272883722,False
NRG,2017-09-07,meanrev,long,CHOPPY,11,1.0,ATM_call_21DTE,24.1,0.15015000247955324,24.100000381469727,23.792320152282716,-0.012766814287006517,-0.7281618003661454,64.39380904237171,-12.766814287006516,-728.1618003661454,False
LLY,2017-09-01,momentum,long,CHOPPY,26,0.8578947368421053,30d_call_30DTE,80.16,0.13169000148773194,81.70308091735839,84.48070152282715,0.03399652221534072,0.871653644598444,35.10662510680608,33.99652221534072,871.653644598444,True
BMY,2017-09-01,momentum,long,CHOPPY,26,0.8789473684210526,30d_call_30DTE,59.34,0.13169000148773194,60.480720611572266,62.824100761413575,0.0387459032588466,1.0387863775615989,35.12913273376645,38.74590325884661,1038.7863775615988,True
ADBE,2017-09-15,momentum,long,TRENDING_BULL,12,0.913157894736842,30d_call_30DTE,152.26,0.13221000099182126,155.20979388427733,147.20222645121757,-0.05159189528355481,-0.9405514039399393,34.94201484143917,-51.591895283554805,-940.5514039399393,False
AAPL,2017-09-06,momentum,long,CHOPPY,22,0.9105263157894736,30d_call_30DTE,39.88,0.15119000148773193,40.75885668182373,38.27248438235333,-0.061002012860169,-0.9876385920695744,31.01201386043189,-61.002012860168996,-987.6385920695744,False
NOW,2017-09-07,momentum,long,CHOPPY,26,0.9210526315789472,30d_call_30DTE,22.62,0.15015000247955324,23.112131984710693,23.518867984771727,0.017598376485998837,0.23193332629016306,31.29353547333315,17.598376485998838,231.93332629016305,True
MSFT,2017-09-15,momentum,long,TRENDING_BULL,26,0.868421052631579,30d_call_30DTE,73.56,0.13221000099182126,74.9796618347168,76.26715817260742,0.01717127426806423,0.2792590309596685,35.004264285633624,17.17127426806423,279.25903095966845,True
INTU,2017-09-15,momentum,long,TRENDING_BULL,26,0.9236842105263158,30d_call_30DTE,139.44,0.13221000099182126,142.13370611572265,143.37268365478516,0.008716986089518871,-0.014276744210981355,34.98855870073121,8.71698608951887,-14.276744210981354,False
NEM,2017-09-19,momentum,long,TRENDING_BULL,27,0.936842105263158,30d_call_30DTE,37.17,0.13234000396728512,37.8856213760376,37.914021675109865,0.000749632658532293,-0.29466906996543124,35.02846721421774,0.749632658532293,-294.6690699654312,False
PH,2017-09-28,momentum,long,TRENDING_BULL,26,0.9342105263157896,30d_call_30DTE,172.0,0.12415000247955323,175.12955877685548,184.09108670043943,0.05117084737821131,1.5689336325926528,36.978376484121085,51.170847378211306,1568.933632592653,True
EMR,2017-09-28,momentum,long,TRENDING_BULL,26,0.9236842105263158,30d_call_30DTE,62.13,0.12415000247955323,63.25626107025146,66.60651786804199,0.0529632441296172,1.6373621474571836,37.04241594482702,52.963244129617195,1637.3621474571837,True
CSX,2017-10-04,momentum,long,TRENDING_BULL,22,0.8661417322834646,30d_call_30DTE,17.05,0.12519000148773193,17.364659923553468,16.98144595423598,-0.022068613552154608,-0.8006575686605127,36.601889080784524,-22.06861355215461,-800.6575686605127,False
CAT,2017-10-04,momentum,long,TRENDING_BULL,26,0.926509186351706,30d_call_30DTE,123.67,0.12519000148773193,125.94138244628904,136.21702548217775,0.0815906800155304,2.67048567799632,36.68421415737941,81.5906800155304,2670.4856779963206,True
NVDA,2017-10-05,momentum,long,TRENDING_BULL,26,0.910761154855643,30d_call_30DTE,4.48,0.11946999454498292,4.555593206405639,5.159909439086914,0.13265368642475436,4.82726320168685,38.93195171802591,132.65368642475437,4827.26320168685,True
ANET,2017-10-25,momentum,long,TRENDING_BULL,8,0.8717277486910995,30d_call_30DTE,11.77,0.14598999404907229,12.025252767562868,11.425762317488324,-0.04985262777108689,-0.8751147703169404,31.734206418863604,-49.85262777108689,-875.1147703169404,False
MSFT,2017-10-12,momentum,long,TRENDING_BULL,25,0.8923884514435696,30d_call_30DTE,75.22,0.12882999801635744,76.64297785949707,84.30106121826172,0.09991891720078462,3.2531547216550387,35.73393168628828,99.91891720078462,3253.154721655039,True
INTU,2017-10-12,momentum,long,TRENDING_BULL,25,0.9238845144356956,30d_call_30DTE,141.27,0.12882999801635744,143.93729388427735,152.37463269042968,0.058618156410080724,1.778566965890601,35.766294443311416,58.61815641008072,1778.5669658906013,True
AAPL,2017-10-17,momentum,long,TRENDING_BULL,22,0.8769633507853403,30d_call_30DTE,39.26,0.1340300054550171,40.02488969421387,43.97188137054443,0.09861343045502889,3.107953725332513,34.641906171745006,98.61343045502889,3107.9537253325125,True
FDX,2017-11-07,meanrev,long,CHOPPY,6,0.9634464751958224,ATM_call_21DTE,221.56,0.1285700044631958,221.55999755859375,220.9871326904297,-0.0025855970142469463,-0.3412831379821985,74.228169375496,-2.585597014246946,-341.28313798219847,False
LLY,2017-10-25,momentum,long,TRENDING_BULL,21,0.986910994764398,30d_call_30DTE,84.29,0.14598999404907229,86.08182366943359,81.76995165047023,-0.05009038883192759,-0.9724081056569508,32.03156632600378,-50.09038883192759,-972.4081056569507,False
AVGO,2017-11-13,meanrev,long,CHOPPY,2,0.9817232375979112,ATM_call_21DTE,26.25,0.14950000000000002,26.25,26.5068794670105,0.009785884457542828,0.2365776048246835,64.65192366424212,9.785884457542828,236.5776048246835,True
ORCL,2017-10-27,momentum,long,TRENDING_BULL,24,0.8638743455497382,30d_call_30DTE,49.47,0.12740000247955321,50.3905809173584,48.92196045684815,-0.029144741611906,-0.9184081939038505,36.184324765673495,-29.144741611906003,-918.4081939038506,False
AMAT,2017-10-31,momentum,long,TRENDING_BULL,22,0.8769633507853403,30d_call_30DTE,55.1,0.13234000396728512,56.16209923553467,57.56464030456543,0.024973088401641343,0.5682323914137775,35.00893762248395,24.97308840164134,568.2323914137773,True
INTC,2017-11-21,meanrev,long,CHOPPY,3,0.9686684073107048,ATM_call_21DTE,44.72,0.12648999404907227,44.720001220703125,44.6605,-0.0013305281547170427,-0.21710547137167951,75.33655562240406,-1.3305281547170427,-217.1054713716795,False
PH,2017-11-01,momentum,long,TRENDING_BULL,26,0.9476439790575916,30d_call_30DTE,181.51,0.1325999975204468,185.02932366943355,183.44237756347655,-0.008576727593687666,-0.5695702148037242,34.883716101872736,-8.576727593687666,-569.5702148037241,False
MU,2017-11-06,momentum,long,TRENDING_BULL,22,0.8668407310704961,30d_call_30DTE,43.16,0.12219999504089354,43.93769847106934,47.83414030456543,0.08868106362152066,3.0110402063151644,37.40179816828743,88.68106362152065,3011.040206315164,True
RH,2017-11-22,meanrev,long,CHOPPY,6,0.9947780678851176,ATM_call_21DTE,97.87,0.12844000148773194,97.87000274658205,101.88581634521483,0.041032118993917524,2.1968044376249907,74.29638539359317,41.03211899391752,2196.804437624991,True
AAPL,2017-11-29,momentum,long,CHOPPY,27,0.9634464751958224,30d_call_30DTE,42.38,0.1390999975204468,43.243816223144535,42.55721682739258,-0.015877400648661527,-0.7432405317615342,33.37164315357994,-15.877400648661528,-743.2405317615342,False
OXY,2017-12-07,momentum,long,CHOPPY,26,0.9399477806788512,30d_call_30DTE,67.91,0.13207999801635745,69.2181618347168,73.83204335021972,0.06665709393612941,2.013810204952199,35.04993555366866,66.65709393612941,2013.810204952199,True
ITW,2017-12-13,momentum,long,CHOPPY,26,0.8851174934725848,30d_call_30DTE,161.31,0.13234000396728512,164.43822061157226,167.23486730957032,0.01700727901090681,0.27386672053971894,34.910864423394884,17.00727901090681,273.8667205397189,True
AMZN,2017-12-14,momentum,long,TRENDING_BULL,26,0.856396866840731,30d_call_30DTE,57.16,0.13636999702453614,58.30187210083008,62.50972832489013,0.07217360390731162,2.1326830537926695,33.98116973442343,72.17360390731162,2132.6830537926694,True
SHOP,2017-12-14,momentum,long,TRENDING_BULL,26,0.9608355091383812,30d_call_30DTE,10.18,0.13636999702453614,10.383725915908814,11.050853954315183,0.06424746221240958,1.8621308145027986,33.95299623674195,64.24746221240957,1862.1308145027988,True
SCHW,2017-12-14,momentum,long,TRENDING_BULL,26,0.9556135770234988,30d_call_30DTE,49.65,0.13636999702453614,50.6410809173584,53.233320152282715,0.0511884657271556,1.419949634168161,33.99338508119236,51.1884657271556,1419.949634168161,True
INTU,2017-12-27,momentum,long,TRENDING_BULL,26,0.91644908616188,30d_call_30DTE,156.18,0.13611000347137453,159.28794122314454,168.3326581726074,0.05678218250553087,1.6140355617313369,34.070922483101796,56.78218250553086,1614.0355617313369,True
FTNT,2017-12-27,momentum,long,TRENDING_BULL,26,0.9138381201044388,30d_call_30DTE,8.68,0.13611000347137453,8.857680152893066,9.151660076141356,0.033189268315617804,0.804756448157222,33.62170872597321,33.1892683156178,804.7564481572219,True
NVDA,2017-12-21,momentum,long,TRENDING_BULL,39,0.9738903394255874,30d_call_30DTE,4.84,0.12505999851226807,4.933347061157226,6.158907366752625,0.24842369498891814,8.586803650847175,35.859250474312475,248.42369498891816,8586.803650847174,True
GS,2018-01-03,momentum,long,TRENDING_BULL,26,0.9190600522193212,30d_call_30DTE,251.6,0.11894999504089354,255.99095571899412,271.93505096435547,0.062283822491226895,2.0674826766559296,38.40722127964786,62.28382249122689,2067.48267665593,True
MCD,2018-01-10,momentum,long,TRENDING_BULL,22,0.9477806788511748,30d_call_30DTE,170.66,0.12765999603271488,173.847,168.8511026949829,-0.02873732250206854,-0.8833920117664971,36.092986438672234,-28.73732250206854,-883.3920117664971,False
MSFT,2018-01-09,momentum,long,TRENDING_BULL,27,0.8903394255874674,30d_call_30DTE,87.16,0.13103999900817875,88.82730152893066,88.92257550124694,0.0010725753307416139,-0.2828586174511129,35.28596596969137,1.072575330741614,-282.85861745111293,False
EBAY,2018-01-10,momentum,long,TRENDING_BULL,26,0.9033942558746736,30d_call_30DTE,38.23,0.12765999603271488,38.94773892974853,42.700049608877,0.09634219552248337,3.1476382545954618,36.00360554717238,96.34219552248338,3147.638254595462,True
ROST,2018-01-11,momentum,long,TRENDING_BULL,25,0.9660574412532638,30d_call_30DTE,79.62,0.12844000148773194,81.1219190826416,79.45201320506177,-0.020585137734212545,-0.826184775313779,35.828847352793794,-20.58513773421254,-826.184775313779,False
ORCL,2018-01-23,momentum,long,TRENDING_BULL,13,0.8668407310704961,30d_call_30DTE,49.8,0.14430000495910647,50.8515,49.565373383804385,-0.025291812752733286,-0.6712471765161927,32.299324534951104,-25.291812752733282,-671.2471765161928,False
INTU,2018-01-23,momentum,long,TRENDING_BULL,13,0.8981723237597912,30d_call_30DTE,165.85,0.14430000495910647,169.338,160.56166298045588,-0.051827333614097935,-0.9278344747877522,32.358763802164624,-51.82733361409793,-927.8344747877521,False
BLK,2018-01-31,momentum,long,TRENDING_BULL,5,0.9007832898172324,30d_call_30DTE,551.86,0.17601999950408936,565.939617553711,528.4105724886465,-0.06631280776434198,-0.8927300554627955,27.052297725637768,-66.31280776434198,-892.7300554627955,False
ADBE,2018-02-02,momentum,long,TRENDING_BULL,4,0.9007832898172324,30d_call_30DTE,191.55,0.225029993057251,197.7246618347168,183.61447146390597,-0.07136282464655783,-0.8302646835156173,21.6784748265825,-71.36282464655783,-830.2646835156174,False
T,2018-02-06,momentum,short,,7,0.0339425587467362,30d_put_30DTE,25.86,0.3897399940490723,27.250755310058594,27.698792106628417,-0.01644126158970895,-0.18172782006496754,46.434148714052476,-16.44126158970895,-181.72782006496755,False
CNK,2018-02-06,momentum,short,,7,0.0757180156657963,30d_put_30DTE,34.16,0.3897399940490723,36.0,38.22630152893066,-0.06184170913696284,-0.5815891720199411,46.4876827751155,-61.84170913696284,-581.5891720199411,False
TMHC,2018-02-13,meanrev,long,CHOPPY,1,0.9817232375979112,ATM_call_21DTE,23.69,0.32460999107360844,23.690000534057617,24.3911205329895,0.029595609249730804,0.44177506789408183,31.07338586015231,29.595609249730806,441.7750678940819,True
ANET,2018-02-13,momentum,long,CHOPPY,3,0.9843342036553524,30d_call_30DTE,17.07,0.32460999107360844,17.848125,17.082172845045577,-0.04291499274878583,-0.4230296104218714,15.551949213118963,-42.91499274878583,-423.0296104218714,False
PANW,2018-01-30,momentum,long,TRENDING_BULL,22,0.8511749347258486,30d_call_30DTE,25.33,0.19226999950408938,26.02862073898315,27.34519961929321,0.05058196873022229,0.9619113286081398,25.058886298609956,50.581968730222286,961.9113286081398,True
PHM,2018-02-23,meanrev,long,CHOPPY,3,0.9921875,ATM_call_21DTE,29.23,0.21436999702453613,29.229999542236328,29.281320152282714,0.0017557513120117895,-0.12191083073950854,46.17349694648305,1.7557513120117896,-121.91083073950853,False
TTD,2018-02-28,meanrev,long,CHOPPY,1,0.9921875,ATM_call_21DTE,5.58,0.25805000495910646,5.577000141143799,5.614747927665711,0.006768475088144833,0.025506465069157793,39.125755995214284,6.768475088144832,25.50646506915779,True
NVDA,2018-02-21,momentum,long,CHOPPY,9,0.9505208333333334,30d_call_30DTE,6.08,0.26026000595092774,6.304834656715393,5.686832214711443,-0.09802040428541677,-0.9004939654707438,19.00827712502984,-98.02040428541676,-900.4939654707438,False
NVR,2018-02-23,meanrev,long,CHOPPY,10,0.9947916666666666,ATM_call_21DTE,3090.0,0.21436999702453613,3090.0,2885.5773872070313,-0.06615618536989279,-0.9875753881626876,46.17348003855558,-66.15618536989278,-987.5753881626878,False
PSTG,2018-03-07,meanrev,long,CHOPPY,2,0.9635416666666666,ATM_call_21DTE,20.26,0.23088000297546388,20.260000228881836,20.938039543151856,0.033466895686577264,0.8072960485848716,43.04131812901,33.46689568657726,807.2960485848715,True
PHM,2018-03-09,meanrev,long,CHOPPY,1,0.9973958333333334,ATM_call_21DTE,29.7,0.1903200044631958,29.700000762939453,29.97992091369629,0.009424920658794382,0.1632927248521603,51.64758257456165,9.424920658794383,163.2927248521603,True
VST,2018-03-13,meanrev,long,CHOPPY,2,0.9921875,ATM_call_21DTE,20.59,0.21255000495910645,20.59000015258789,20.6486205329895,0.0028470315671290706,-0.06946449852860821,46.5468487265849,2.8470315671290707,-69.46449852860822,False
NOW,2018-02-23,momentum,long,CHOPPY,26,0.9661458333333334,30d_call_30DTE,30.5,0.21436999702453613,31.434743740081785,34.568724487304685,0.09969798936922226,1.9473051972681075,22.696155943770822,99.69798936922226,1947.3051972681076,True
CME,2018-03-12,momentum,long,CHOPPY,11,0.8984375,30d_call_30DTE,166.55,0.2051399965286255,171.47226489257812,159.48254680861317,-0.06992220048808553,-0.8769468740643201,23.556752466247683,-69.92220048808554,-876.9468740643201,False
BSX,2018-03-15,momentum,long,TRENDING_BULL,8,0.8779220779220779,30d_call_30DTE,27.28,0.21567000198364258,28.12613969421387,26.238845835864023,-0.06710106253003151,-0.8529038421408213,22.508467101588092,-67.10106253003151,-852.9038421408213,False
GS,2018-03-15,momentum,long,TRENDING_BULL,12,0.9116883116883115,30d_call_30DTE,258.25,0.21567000198364258,266.2514412231445,246.95964357498883,-0.07245706374219134,-0.9093068069794493,22.519577906107006,-72.45706374219134,-909.3068069794496,False
LRCX,2018-03-15,momentum,long,TRENDING_BULL,13,0.9090909090909092,30d_call_30DTE,21.77,0.21567000198364258,22.444799617767337,20.005057633036035,-0.10869965543376912,-0.9889534129589725,22.515120162372625,-108.69965543376912,-988.9534129589726,False
FTNT,2018-03-07,momentum,long,CHOPPY,22,0.9348958333333334,30d_call_30DTE,9.96,0.23088000297546388,10.28653179359436,10.69456760406494,0.039666995510058305,0.5420713039625374,21.25267483334865,39.66699551005831,542.0713039625374,True
EQR,2018-03-29,momentum,short,,4,0.0103896103896103,30d_put_30DTE,59.59,0.2596099910736084,61.790000915527344,61.162080917358395,0.010162161981958432,0.37810023306583923,72.79659536367477,10.162161981958432,378.10023306583923,True
REXR,2018-03-29,momentum,short,,4,0.0077922077922077,30d_put_30DTE,27.91,0.2596099910736084,28.940000534057617,28.3165202293396,0.021543894029451897,0.6852488415126924,72.77430926301935,21.5438940294519,685.2488415126924,True
HD,2018-03-13,momentum,long,CHOPPY,22,0.890625,30d_call_30DTE,174.61,0.21255000495910645,179.94917633056642,177.08512243652345,-0.015915904437271245,-0.5101733411855469,22.810968346101006,-15.915904437271246,-510.1733411855469,False
SPGI,2018-03-16,momentum,long,TRENDING_BULL,24,0.8909090909090909,30d_call_30DTE,187.89,0.20540000247955323,193.44611755371093,187.39446426391603,-0.031283405251669824,-0.7941326153765152,23.536682475196827,-31.283405251669826,-794.1326153765152,False
VST,2018-04-03,meanrev,long,CHOPPY,6,0.948051948051948,ATM_call_21DTE,20.44,0.27430000495910645,20.440000534057617,20.788339923858643,0.01704204406553781,0.12584315127116183,36.52468318265788,17.04204406553781,125.84315127116182,True
VRTX,2018-03-22,momentum,long,TRENDING_BULL,25,0.8727272727272727,30d_call_30DTE,161.28,0.3034200019836426,168.1656618347168,158.3825969543457,-0.05817516354787378,-0.89849887174059,16.548089365190304,-58.17516354787379,-898.49887174059,False
PHM,2018-04-13,meanrev,long,CHOPPY,3,0.9948051948051948,ATM_call_21DTE,29.31,0.22632999801635742,29.309999465942383,29.51085969543457,0.006852959165884025,0.0018694850748065207,43.8613381534904,6.852959165884026,1.8694850748065206,False
OXY,2018-04-13,momentum,long,CHOPPY,13,0.9532467532467532,30d_call_30DTE,70.34,0.22632999801635742,72.62496336364747,77.44479847717285,0.06636609356195505,1.1584506828495795,21.543924214328094,66.36609356195505,1158.4506828495796,True
NEM,2018-04-23,momentum,long,CHOPPY,3,0.9818652849740932,30d_call_30DTE,39.73,0.21242000198364258,40.941720611572265,40.68846045684815,-0.006185869839884858,-0.10573995746146388,22.844419414161848,-6.185869839884858,-105.73995746146387,False
NFLX,2018-04-26,meanrev,long,CHOPPY,1,0.9922279792746114,ATM_call_21DTE,31.0,0.21111999702453613,31.0,31.11364859390259,0.00366608367427706,-0.02391609807720157,46.84448746526527,3.66608367427706,-23.916098077201568,False
XPO,2018-04-27,meanrev,long,BEAR,6,0.9533678756476685,ATM_call_21DTE,33.36,0.20032999801635742,33.3610725402832,34.49206156158447,0.03390145865171477,0.9143033996023026,49.17948530289708,33.90145865171477,914.3033996023024,True
SHOP,2018-05-03,meanrev,long,BEAR,1,0.9896373056994818,ATM_call_21DTE,12.48,0.20669999504089354,12.480999946594238,12.46849398464775,-0.001002000000000029,-0.1422420773478664,47.69623851078177,-1.0020000000000289,-142.2420773478664,False
CMG,2018-05-04,meanrev,long,BEAR,4,0.9948186528497408,ATM_call_21DTE,8.38,0.19201000595092774,8.378000259399414,8.471423658370972,0.01115103796598053,0.14398961735516505,51.541372587716,11.151037965980532,143.98961735516505,True
EGP,2018-04-27,momentum,short,,20,0.0699481865284974,30d_put_30DTE,85.4,0.20032999801635742,87.87000274658203,89.0076618347168,-0.012947070132861931,-0.7542027743846169,97.3649770153781,-12.947070132861931,-754.2027743846169,False
O,2018-04-27,momentum,short,,20,0.0129533678756476,30d_put_30DTE,47.41,0.20032999801635742,48.77907180786133,50.21651216125488,-0.029468382650977263,-0.9001874502819679,97.24340381014402,-29.468382650977265,-900.1874502819678,False
EQR,2018-04-27,momentum,short,,20,0.0155440414507772,30d_put_30DTE,59.39,0.20032999801635742,61.11000061035156,59.85948168182373,0.020463408869873318,0.05936995709043043,97.46770107677072,20.46340886987332,59.369957090430425,True
MRVL,2018-05-21,meanrev,long,CHOPPY,1,0.9870466321243524,ATM_call_21DTE,21.9,0.17003999900817873,21.899999618530273,21.876160076141357,-0.0010885635983639576,-0.14933620145364673,57.38296604938002,-1.0885635983639577,-149.33620145364674,False
PSTG,2018-05-23,meanrev,long,CHOPPY,7,0.9689119170984456,ATM_call_21DTE,21.98,0.16353999900817873,21.979999542236328,21.417079086303712,-0.025610576326488065,-0.8128969425765595,59.500285677229115,-25.610576326488065,-812.8969425765596,False
LPLA,2018-05-25,meanrev,long,CHOPPY,7,0.9767441860465116,ATM_call_21DTE,70.75,0.1718600034713745,70.75,69.64043878173828,-0.015682844074370563,-0.6470975303414387,56.816785808219805,-15.682844074370562,-647.0975303414386,False
MSFT,2018-05-15,momentum,long,CHOPPY,27,0.9533678756476685,30d_call_30DTE,94.83,0.19019000148773196,97.43447785949704,100.84790304565428,0.035033032055444335,0.5666784703724731,25.234416318425033,35.03303205544433,566.678470372473,True
AAPL,2018-05-21,momentum,long,CHOPPY,28,0.9766839378238342,30d_call_30DTE,45.96,0.17003999900817873,47.094,47.09063137054443,-7.152990732518256e-05,-0.3194422078919686,27.910311801358777,-0.07152990732518255,-319.44220789196856,False
ADBE,2018-05-22,momentum,long,CHOPPY,27,0.8626943005181347,30d_call_30DTE,235.76,0.1718600034713745,241.63229388427737,255.17862243652343,0.05606174710543312,1.2312818858435055,27.65420773399593,56.06174710543312,1231.2818858435055,True
CAT,2018-06-04,momentum,long,TRENDING_BULL,17,0.9767441860465116,30d_call_30DTE,151.46,0.16561999702453611,155.09957327270507,145.90646493530494,-0.05927229935853064,-0.9553148142350184,28.593760266107452,-59.272299358530645,-955.3148142350183,False
LOW,2018-05-29,momentum,long,TRENDING_BULL,27,0.9483204134366924,30d_call_30DTE,92.75,0.22126000595092776,95.691,96.65629847717284,0.010087662133041112,-0.0920977704384738,22.016395304266986,10.087662133041112,-92.0977704384738,False
CMG,2018-05-29,momentum,long,TRENDING_BULL,27,0.9844961240310076,30d_call_30DTE,8.33,0.22126000595092776,8.595356740951537,9.065232973098755,0.05466628626460024,0.8862913733010489,21.970159788070287,54.66628626460024,886.2913733010489,True
NVDA,2018-05-29,momentum,long,TRENDING_BULL,30,0.896640826873385,30d_call_30DTE,6.03,0.22126000595092776,6.2261773853302005,6.149069287108319,-0.01238450070561102,-0.5838925475316987,21.758413721488477,-12.38450070561102,-583.8925475316987,False
BA,2018-05-31,momentum,long,TRENDING_BULL,28,0.9457364341085271,30d_call_30DTE,347.5,0.20059000396728513,357.5436465454102,343.3418092133629,-0.03972056969621902,-0.9631723851624723,24.048754845257356,-39.720569696219016,-963.1723851624724,False
INTU,2018-06-12,momentum,long,TRENDING_BULL,16,0.909560723514212,30d_call_30DTE,202.48,0.1604200019836426,207.20357327270509,199.39652654384577,-0.037678147174538816,-0.8217805091669047,29.410100362868146,-37.678147174538815,-821.7805091669046,False
VST,2018-07-06,meanrev,long,CHOPPY,4,0.9974160206718348,ATM_call_21DTE,22.63,0.17380999851226805,22.6299991607666,22.963980228424074,0.01475833318794336,0.31863527555363713,56.222508563298256,14.758333187943363,318.63527555363714,True
LLY,2018-06-19,momentum,long,TRENDING_BULL,22,0.979328165374677,30d_call_30DTE,83.95,0.17355000495910647,86.06177938842774,87.38487756347656,0.015373818487730881,0.13004847073871553,27.405688484469998,15.373818487730881,130.04847073871554,True
BX,2018-07-11,meanrev,long,CHOPPY,1,0.9715762273901808,ATM_call_21DTE,34.66,0.17719000148773195,34.65999984741211,34.98988137054443,0.009517643525233668,0.1885328826304213,55.22115900226149,9.517643525233668,188.5328826304213,True
ISRG,2018-06-22,momentum,long,TRENDING_BULL,24,0.9457364341085271,30d_call_30DTE,159.11,0.17901000595092775,163.2324753112793,172.34128744506836,0.05580269561200266,1.1776166674857362,26.65406277934113,55.802695612002665,1177.6166674857363,True
ANF,2018-07-13,meanrev,long,CHOPPY,3,0.9741602067183462,ATM_call_21DTE,24.48,0.15834000396728515,24.479999542236328,25.51885969543457,0.04243709855491851,1.7991742185280097,61.309849395102766,42.437098554918514,1799.1742185280095,True
FTNT,2018-06-25,momentum,long,TRENDING_BULL,22,0.8578811369509044,30d_call_30DTE,12.32,0.22528999900817873,12.719388244628904,13.36122353553772,0.05046117616386523,0.7884950147401082,21.611017107778604,50.461176163865225,788.4950147401082,True
AMGN,2018-06-27,momentum,long,TRENDING_BULL,22,0.8863049095607235,30d_call_30DTE,179.32,0.23282999801635743,185.2898381652832,191.37647451782223,0.03284927232280063,0.3912741001938885,21.021323934121817,32.84927232280063,391.2741001938885,True
NRG,2018-06-27,momentum,long,TRENDING_BULL,22,0.9457364341085271,30d_call_30DTE,30.3,0.23282999801635743,31.3125,32.235399238586425,0.02947382797880797,0.3221487582367639,20.98579757866695,29.473827978807968,322.14875823676385,True
NFLX,2018-07-16,meanrev,long,CHOPPY,8,0.9974160206718348,ATM_call_21DTE,39.9,0.16678999900817873,39.89799880981445,36.021584221743545,-0.09715812080071931,-0.9999275351339807,58.51048809272147,-97.1581208007193,-999.9275351339805,False
VST,2018-07-26,meanrev,long,CHOPPY,5,0.992248062015504,ATM_call_21DTE,22.33,0.1578200044631958,22.329999923706055,22.554800380706787,0.010067194705275347,0.15265794271481514,61.496837695083116,10.067194705275346,152.65794271481514,True
MPWR,2018-07-26,meanrev,long,CHOPPY,7,0.9948320413436692,ATM_call_21DTE,138.37,0.1578200044631958,138.3699951171875,135.35874487304687,-0.021762306499977513,-0.7727585793157457,61.49689982817631,-21.762306499977512,-772.7585793157457,False
NVDA,2018-07-18,momentum,long,CHOPPY,26,0.9767441860465116,30d_call_30DTE,6.21,0.15730000495910645,6.347419675827027,6.390193878173828,0.006738833184403863,-0.11391903664067461,30.400511622015127,6.738833184403863,-113.9190366406746,False
ADBE,2018-07-20,momentum,long,CHOPPY,26,0.9276485788113696,30d_call_30DTE,252.56,0.1671799955368042,258.68635345458983,250.01896426391605,-0.03350539784927338,-0.9039934346159266,28.348736578430017,-33.50539784927338,-903.9934346159267,False
MSFT,2018-07-23,momentum,long,CHOPPY,28,0.9844961240310076,30d_call_30DTE,104.03,0.16405999851226807,106.51260305786133,106.65626274108888,0.001348757603356226,-0.2801810198687156,28.808761144055403,1.348757603356226,-280.18101986871557,False
ORCL,2018-07-27,momentum,long,TRENDING_BULL,26,0.8837209302325582,30d_call_30DTE,47.91,0.16938999652862552,49.08798168182373,48.70239923858642,-0.007854925585177957,-0.4972806358454305,28.00429535734161,-7.8549255851779565,-497.28063584543054,False
INTU,2018-07-30,momentum,long,TRENDING_BULL,28,0.9534883720930232,30d_call_30DTE,203.03,0.18538000297546386,208.47611755371096,211.5460612182617,0.014725637164457558,0.06002552316925912,25.813219835160467,14.725637164457558,60.02552316925912,True
FTNT,2018-08-01,momentum,long,TRENDING_BULL,27,0.8682170542635659,30d_call_30DTE,12.36,0.17094999504089356,12.67129190826416,16.151632015228273,0.27466339913566745,7.261219636382446,27.578698510175265,274.6633991356674,7261.219636382446,True
LLY,2018-08-03,momentum,long,TRENDING_BULL,26,0.8501291989664083,30d_call_30DTE,97.23,0.1513200044631958,99.37836030578612,105.11934182739256,0.05776892981471526,1.4712708041298355,30.96221234215878,57.76892981471526,1471.2708041298351,True
AAPL,2018-07-26,momentum,long,CHOPPY,40,0.9147286821705426,30d_call_30DTE,47.66,0.1578200044631958,48.74980515289307,56.975820152282715,0.16873944364681165,4.71440939789798,29.903576943048446,168.73944364681162,4714.409397897981,True
TMO,2018-08-14,momentum,long,TRENDING_BULL,27,0.8656330749354005,30d_call_30DTE,225.6,0.1730300054550171,231.26160305786132,236.71562243652343,0.023583765339970954,0.32937893886651287,27.473260719020207,23.583765339970956,329.37893886651284,True
HD,2018-08-16,momentum,long,TRENDING_BULL,26,0.8811369509043928,30d_call_30DTE,189.6,0.17484999752044678,194.40804428100589,213.42230609130857,0.09780594152173373,2.3459934821496335,27.210924871662698,97.80594152173374,2345.9934821496336,True
MDT,2018-08-21,momentum,long,TRENDING_BULL,27,0.9043927648578812,30d_call_30DTE,91.96,0.1671799955368042,94.188,95.83793878173827,0.01751750522081657,0.17716044498308764,28.36445052095384,17.51750522081657,177.16044498308764,True
NEE,2018-08-23,momentum,long,TRENDING_BULL,26,1.0,30d_call_30DTE,42.1,0.16132999801635742,43.09101107025146,43.27328060913086,0.004229873803198565,-0.18439544024271914,29.213028915506573,4.229873803198565,-184.39544024271913,False
INTU,2018-08-28,momentum,long,TRENDING_BULL,27,0.8733850129198967,30d_call_30DTE,207.84,0.1625,212.7446473388672,218.46219390869143,0.026875160627271275,0.4615102433594974,29.084185459413433,26.875160627271274,461.51024335949745,True
MRK,2018-08-29,momentum,long,TRENDING_BULL,26,0.875968992248062,30d_call_30DTE,63.9,0.15925,65.37858883666992,67.40309352111817,0.030965866967638343,0.5997686243525959,29.619091932601155,30.965866967638345,599.768624352596,True
LLY,2018-08-30,momentum,long,TRENDING_BULL,26,0.9483204134366924,30d_call_30DTE,102.77,0.17588999652862547,105.39036030578612,105.48859695434572,0.0009321217640263883,-0.27700645230607646,27.06913027534575,0.9321217640263882,-277.0064523060765,False
AAPL,2018-09-05,momentum,long,TRENDING_BULL,26,0.8863049095607235,30d_call_30DTE,55.9,0.18082999801635743,57.361996376037595,56.701368629455565,-0.011516819293583731,-0.565191212941385,26.416136314880173,-11.516819293583731,-565.191212941385,False
TEAM,2018-09-19,momentum,long,TRENDING_BULL,15,0.8863049095607235,30d_call_30DTE,90.58,0.15275,92.5948236694336,86.90767459066271,-0.0614197301036415,-0.9646755094331125,30.73672098108825,-61.41973010364149,-964.6755094331124,False
ETSY,2018-09-12,momentum,long,TRENDING_BULL,23,0.8837209302325582,30d_call_30DTE,48.34,0.1708200044631958,49.5388786239624,46.460633140103475,-0.06213797262600827,-0.9898626485147113,27.786026951912902,-62.13797262600827,-989.8626485147113,False
AMZN,2018-10-02,momentum,long,TRENDING_BULL,3,0.8501291989664083,30d_call_30DTE,97.97,0.15665000247955324,100.19949545288084,93.00832680835806,-0.07176851152812888,-0.9364986858409114,30.070752198990444,-71.76851152812888,-936.4986858409114,False
ULTA,2018-09-11,momentum,long,TRENDING_BULL,27,0.9612403100775194,30d_call_30DTE,279.05,0.1718600034713745,286.0108824462891,272.94301025390627,-0.04569012228000408,-0.9876967760751714,27.63526673422899,-45.69012228000408,-987.6967760751713,False
INTU,2018-09-25,momentum,long,TRENDING_BULL,13,0.9534883720930232,30d_call_30DTE,214.41,0.16146000099182128,219.438,215.6791459549549,-0.01712945818429396,-0.500220760162585,29.25371594305309,-17.12945818429396,-500.220760162585,False
MDT,2018-09-18,momentum,long,TRENDING_BULL,23,0.8527131782945736,30d_call_30DTE,93.74,0.16626999950408936,96.00161755371096,93.91969244011425,-0.021686354528681933,-0.7179451410189609,28.490085152955945,-21.686354528681935,-717.945141018961,False
LLY,2018-09-26,momentum,long,TRENDING_BULL,15,0.9844961240310076,30d_call_30DTE,103.75,0.1675700044631958,106.27211755371096,108.06707562118406,0.016890207034464283,0.234743154609311,28.290418709646136,16.890207034464282,234.74315460931098,True
NVDA,2018-09-27,momentum,long,TRENDING_BULL,14,0.9741602067183462,30d_call_30DTE,6.57,0.16132999801635742,6.72191690826416,6.570958987724783,-0.022457570154398105,-0.6038069662326884,29.45449587989214,-22.457570154398105,-603.8069662326884,False
ABT,2018-10-05,momentum,long,TRENDING_BULL,6,0.8527131782945736,30d_call_30DTE,70.02,0.1926599960327149,71.96363969421387,67.85652849206139,-0.057072032759937066,-0.8148730162134713,24.961861996862638,-57.072032759937066,-814.8730162134714,False
CCI,2018-10-12,momentum,short,,6,0.0671834625322997,30d_put_30DTE,102.26,0.277029993057251,106.2699966430664,106.8332427520752,-0.005300142343097894,-0.03511774163452608,67.69960058537342,-5.300142343097893,-35.11774163452608,False
LBRDA,2018-10-12,momentum,short,,6,0.0129198966408268,30d_put_30DTE,71.61,0.277029993057251,74.42361450195312,77.53996325683593,-0.04187311750091127,-0.5441112188439334,67.8018891923159,-41.87311750091127,-544.1112188439333,False
NRG,2018-12-03,meanrev,long,BEAR,1,0.9896907216494846,ATM_call_21DTE,38.86,0.21372000694274904,38.86000061035156,39.74035969543457,0.022654633846004028,0.5377160016828996,46.306121278959175,22.654633846004025,537.7160016828997,True
TNDM,2018-12-07,meanrev,long,BEAR,4,0.9768041237113402,ATM_call_21DTE,35.18,0.3019899940490723,35.18000030517578,36.37710076141357,0.03402786941027032,0.5289148163796812,33.30851614123973,34.02786941027032,528.9148163796812,True
CCI,2018-11-27,momentum,short,,20,0.0541237113402061,30d_put_30DTE,104.83,0.24726000595092776,108.52999877929688,111.1318236694336,-0.023973324605187855,-0.8231432809743382,76.90704262319218,-23.973324605187855,-823.1432809743382,False
F,2018-11-29,momentum,short,,20,0.0309278350515463,30d_put_30DTE,9.05,0.2442700119018555,9.369999885559082,8.336639694213867,0.1102839065065322,4.969856346210751,78.77401029925089,110.2839065065322,4969.85634621075,True
NRG,2018-12-18,meanrev,long,BEAR,6,0.9716494845360824,ATM_call_21DTE,41.22,0.3325399990081787,41.220001220703125,37.55363692609394,-0.08894624420262567,-0.9494973561397897,30.35920594932133,-88.94624420262568,-949.4973561397896,False
CE,2018-12-03,momentum,short,,21,0.0798969072164948,30d_put_30DTE,100.25,0.21372000694274904,103.33000183105467,84.6289190826416,0.1809840551342434,12.588298010753872,90.45583996242283,180.98405513424342,12588.298010753871,True
AVGO,2018-12-20,meanrev,long,BEAR,6,0.9768041237113402,ATM_call_21DTE,24.44,0.36893998908996584,24.440000534057617,24.76437117767334,0.013272120970852916,-0.03567661350592067,27.46217141544568,13.272120970852916,-35.67661350592068,False
TTD,2018-12-26,meanrev,long,BEAR,1,0.9896907216494846,ATM_call_21DTE,10.64,0.3953299980163575,10.644000053405762,11.373207908630372,0.06850881732110525,1.068933406970034,25.564350737510406,68.50881732110525,1068.933406970034,True
DECK,2018-12-31,meanrev,long,BEAR,1,0.9871134020618556,ATM_call_21DTE,21.57,0.3304600009918213,21.56833267211914,21.282350761413575,-0.0132593425302294,-0.316887011548622,30.57904490597768,-13.2593425302294,-316.88701154862196,False
DECK,2019-01-02,meanrev,long,BEAR,1,0.9871134020618556,ATM_call_21DTE,21.0,0.3018599910736084,20.99833297729492,21.530187072753908,0.025328396117638124,0.39064958622210616,33.366151346537556,25.328396117638125,390.64958622210617,True
OKTA,2019-01-04,meanrev,long,BEAR,1,0.9716494845360824,ATM_call_21DTE,61.21,0.27793998908996587,61.209999084472656,63.023701522827146,0.029630819563507847,0.5476076421341551,36.066915351903546,29.630819563507846,547.6076421341552,True
DXCM,2019-01-04,meanrev,long,BEAR,3,0.9664948453608248,ATM_call_21DTE,28.55,0.27793998908996587,28.545000076293945,32.422524238586426,0.13583899638916755,3.98702563731524,36.18090682952842,135.83899638916756,3987.02563731524,True
STAG,2018-12-18,momentum,short,,20,0.0489690721649484,30d_put_30DTE,24.41,0.3325399990081787,25.540000915527344,24.899700382232663,0.02507049766413293,-0.14121174475070514,55.14771066911655,25.070497664132933,-141.21174475070512,False
DECK,2019-01-07,meanrev,long,BEAR,1,0.963917525773196,ATM_call_21DTE,20.34,0.2781999950408936,20.34000015258789,20.9613254737854,0.030546967381337893,0.570568467335626,36.03463896716527,30.546967381337893,570.5684673356261,True
MAA,2018-12-20,momentum,short,,20,0.0128865979381443,30d_put_30DTE,93.11,0.36893998908996584,97.87000274658205,95.17997785949706,0.027485693385033982,-0.14816700560708101,49.309286789612386,27.48569338503398,-148.167005607081,False
MDB,2019-01-11,meanrev,long,BEAR,4,1.0,ATM_call_21DTE,75.2,0.23647000694274906,75.19999694824219,78.24320152282715,0.04046814758090356,0.9772143296529017,42.074956998809284,40.46814758090356,977.2143296529017,True
VST,2019-01-15,meanrev,long,BEAR,1,0.974293059125964,ATM_call_21DTE,23.43,0.24180000495910647,23.43000030517578,23.682539543151854,0.0107784564526995,0.13459819761551153,41.193004674279315,10.7784564526995,134.59819761551157,True
REXR,2018-12-26,momentum,short,,20,0.0412371134020618,30d_put_30DTE,27.22,0.3953299980163575,28.700000762939453,31.482840076446532,-0.09696303970488329,-0.9658797951195742,45.64234568618957,-96.96303970488329,-965.8797951195743,False
TNDM,2019-01-23,meanrev,long,BEAR,1,0.9537275064267352,ATM_call_21DTE,42.6,0.25376000595092774,42.599998474121094,43.73235969543457,0.02658125027871462,0.5324343422099738,39.34259891836444,26.58125027871462,532.4343422099737,True
TTD,2019-01-24,meanrev,long,BEAR,1,0.9768637532133676,ATM_call_21DTE,13.44,0.24556999206542973,13.4350004196167,13.476991710662842,0.0031255146806568605,-0.05042697657744031,40.90098466527297,3.1255146806568606,-50.42697657744031,False
ICE,2019-01-08,momentum,short,,20,0.0592783505154639,30d_put_30DTE,71.08,0.2661099910736084,73.7699966430664,75.8614190826416,-0.028350583363782336,-0.8397119261867073,70.90781403405728,-28.350583363782334,-839.7119261867073,False
DXCM,2019-01-25,meanrev,long,BEAR,5,0.9922879177377892,ATM_call_21DTE,36.15,0.2264600009918213,36.15250015258789,35.830695152282715,-0.008901320764731126,-0.4035813005109554,43.77043120646198,-8.901320764731127,-403.58130051095543,False
LBRDA,2019-01-10,momentum,short,,20,0.0489690721649484,30d_put_30DTE,68.5,0.2535,70.97469329833984,70.63771279907226,0.004747896519271957,-0.4594900783419719,74.79187758472773,4.747896519271957,-459.49007834197187,False
PPG,2019-01-16,momentum,short,,20,0.0539845758354755,30d_put_30DTE,97.92,0.2475200119018555,101.37999725341795,107.22402214050294,-0.05764475286457908,-0.9645284666433162,76.8250815783185,-57.64475286457908,-964.5284666433162,False
OKTA,2019-02-08,meanrev,long,CHOPPY,1,1.0,ATM_call_21DTE,79.59,0.2043600034713745,79.58999633789062,83.00365817260742,0.04289058916681517,1.3456002845156254,48.30460144917635,42.890589166815175,1345.6002845156254,True
BX,2019-02-11,meanrev,long,CHOPPY,8,0.987146529562982,ATM_call_21DTE,33.8,0.2076100034713745,33.79999923706055,33.433,-0.010857965838595194,-0.5351750944719306,47.59143722157164,-10.857965838595195,-535.1750944719305,False
ADBE,2019-02-20,meanrev,long,CHOPPY,2,0.9665809768637532,ATM_call_21DTE,258.13,0.18226000595092773,258.1300048828125,258.3821939086914,0.0009769845469665963,-0.11257650418461336,53.78423005860527,0.9769845469665964,-112.57650418461337,False
TNDM,2019-02-21,meanrev,long,CHOPPY,5,1.0,ATM_call_21DTE,49.21,0.18798000049591065,49.209999084472656,49.31117984771728,0.0020561017095516764,-0.15782535452370058,52.25028708739272,2.0561017095516765,-157.82535452370058,False
MSFT,2019-02-05,momentum,long,CHOPPY,22,0.8946015424164524,30d_call_30DTE,103.26,0.2024099960327149,106.27211755371096,111.94565817260744,0.05338691605565326,0.9704460126739195,23.84684628408975,53.38691605565326,970.4460126739197,True
NRG,2019-02-26,meanrev,long,CHOPPY,2,0.9897172236503856,ATM_call_21DTE,41.86,0.19721000099182126,41.86000061035156,41.59664030456543,-0.006291454895989728,-0.2972690635477783,49.951149829055595,-6.291454895989728,-297.26906354777833,False
FTNT,2019-02-07,momentum,long,CHOPPY,25,0.9048843187660668,30d_call_30DTE,15.75,0.21281001091003418,16.232400764465332,16.730471939086915,0.030683765257442378,0.39010023731279375,22.780582064328648,30.683765257442378,390.10023731279375,True
PHM,2019-02-27,meanrev,long,CHOPPY,5,0.9948586118251928,ATM_call_21DTE,27.47,0.1910999975204468,27.469999313354492,27.62464030456543,0.005629450130191946,-0.05416989610724161,51.44984618938027,5.6294501301919455,-54.169896107241605,False
AVGO,2019-02-13,momentum,long,CHOPPY,22,0.9562982005141388,30d_call_30DTE,27.26,0.20344999504089353,28.056,26.497898593902587,-0.05553540797324687,-0.9234642543761753,23.77862527910351,-55.53540797324687,-923.4642543761754,False
TTD,2019-03-05,meanrev,long,CHOPPY,3,1.0,ATM_call_21DTE,18.8,0.19161999702453614,18.795000076293945,19.3961294670105,0.031983473704517644,0.9553134374357101,51.67749210490857,31.983473704517642,955.3134374357101,True
AAPL,2019-02-20,momentum,long,CHOPPY,22,0.8946015424164524,30d_call_30DTE,41.78,0.18226000595092773,42.883095611572266,45.840633934021,0.06896746329224013,1.5039534968795907,26.20618763951834,68.96746329224013,1503.9534968795908,True
LLY,2019-03-13,meanrev,long,CHOPPY,2,0.9845758354755784,ATM_call_21DTE,124.6,0.17432999801635743,124.5999984741211,123.69212243652342,-0.007286324628537105,-0.3405779854278801,56.06606924546276,-7.286324628537105,-340.5779854278801,False
NEE,2019-03-20,meanrev,long,CHOPPY,1,0.9820051413881749,ATM_call_21DTE,47.26,0.18082999801635743,47.2599983215332,47.881545913696286,0.013151663441339676,0.30905326136571987,54.18197345700772,13.151663441339675,309.0532613657199,True
ETSY,2019-03-20,meanrev,long,CHOPPY,1,0.9640102827763496,ATM_call_21DTE,68.26,0.18082999801635743,68.26000213623047,69.30112243652344,0.015252274651488427,0.3855885065558072,54.181873171419774,15.252274651488426,385.5885065558072,True
MSFT,2019-03-05,momentum,long,CHOPPY,27,0.8997429305912596,30d_call_30DTE,109.45,0.19161999702453614,112.4745,118.78195664978028,0.05607899256969604,1.0885941967576427,25.076345023447004,56.07899256969604,1088.5941967576425,True
INTU,2019-03-05,momentum,long,CHOPPY,27,0.9408740359897172,30d_call_30DTE,241.99,0.19161999702453614,248.68638244628903,265.2185,0.0664777757072467,1.3487694543521023,25.06031573725973,66.4777757072467,1348.7694543521025,True
MDB,2019-03-22,momentum,long,TRENDING_BULL,13,0.961439588688946,30d_call_30DTE,148.97,0.2142399940490723,153.5565,136.4774556237059,-0.11122319391425366,-0.9910865929062713,22.65532043682098,-111.22319391425366,-991.0865929062713,False
NVDA,2019-03-12,momentum,long,CHOPPY,27,0.8766066838046273,30d_call_30DTE,3.96,0.17901000595092775,4.064612957954407,4.7851607131958005,0.17727339913909612,4.3710214865064145,26.41514372836467,177.2733991390961,4371.0214865064145,True
AAPL,2019-03-20,momentum,long,CHOPPY,26,0.897172236503856,30d_call_30DTE,45.46,0.18082999801635743,46.65061392974854,49.707883934021,0.06553547202779418,1.4151117764080088,26.399137749625584,65.53547202779417,1415.1117764080088,True
AMD,2019-03-22,momentum,long,TRENDING_BULL,26,0.9922879177377892,30d_call_30DTE,26.77,0.2142399940490723,27.5950809173584,27.435019771575927,-0.00580035065893887,-0.41654189436047556,22.64423811748809,-5.80035065893887,-416.54189436047557,False
NEE,2019-04-01,momentum,long,TRENDING_BULL,28,0.8743589743589744,30d_call_30DTE,47.26,0.17419999504089356,48.4517095413208,47.846616065979006,-0.01248858876332852,-0.6371897260726412,27.328425528578897,-12.48858876332852,-637.1897260726412,False
AVGO,2019-04-03,momentum,long,TRENDING_BULL,26,0.9435897435897436,30d_call_30DTE,29.91,0.17861999702453613,30.683243740081785,31.2094553604126,0.017149804133759862,0.14372334210414556,26.70795605700653,17.14980413375986,143.72334210414553,True
MSFT,2019-04-02,momentum,long,TRENDING_BULL,29,0.935897435897436,30d_call_30DTE,116.37,0.17367999553680422,119.29811755371097,127.62423725891112,0.06979254891806261,1.5870879665610016,27.392829831441272,69.79254891806262,1587.0879665610018,True
FTNT,2019-04-01,momentum,long,TRENDING_BULL,31,0.9076923076923076,30d_call_30DTE,16.53,0.17419999504089356,16.95183526611328,18.265396045684813,0.07748782116809143,1.7822275669312244,27.177579149574324,77.48782116809143,1782.2275669312244,True
ECL,2019-04-09,momentum,long,TRENDING_BULL,27,0.8846153846153846,30d_call_30DTE,176.26,0.18563999652862548,180.99126489257813,183.27271939086913,0.012605329321528781,0.008384689422719168,25.788440757147722,12.605329321528782,8.384689422719168,False
CRM,2019-04-30,momentum,long,TRENDING_BULL,9,0.8538461538461538,30d_call_30DTE,161.52,0.17055999851226808,165.52038244628906,154.04925959518818,-0.06930338536900878,-0.9372657245271129,27.8228738196518,-69.30338536900878,-937.2657245271129,False
INTU,2019-04-05,momentum,long,TRENDING_BULL,38,0.917948717948718,30d_call_30DTE,257.71,0.1666599960327149,263.94685345458987,245.95895990040185,-0.06814967982667278,-1.0,28.419223791820926,-68.14967982667278,-1000.0,False
NVDA,2019-04-16,momentum,long,TRENDING_BULL,27,0.8564102564102564,30d_call_30DTE,4.56,0.15834000396728515,4.666314064979553,4.2690419299199345,-0.08513617590404504,-0.999999944971504,29.591397258043724,-85.13617590404503,-999.999944971504,False
ORCL,2019-04-18,momentum,long,TRENDING_BULL,25,0.8666666666666667,30d_call_30DTE,53.33,0.1571700019836426,54.5488786239624,53.32314030456543,-0.022470458611014016,-0.7896253945705678,29.965916982255198,-22.470458611014017,-789.6253945705679,False
ADBE,2019-04-30,momentum,long,TRENDING_BULL,13,0.8897435897435897,30d_call_30DTE,279.75,0.17055999851226808,286.67220611572264,270.11191373581335,-0.05776734551386649,-0.9145298626620982,27.834735893416354,-57.76734551386649,-914.5298626620983,False
AMZN,2019-05-03,momentum,long,TRENDING_BULL,10,0.935897435897436,30d_call_30DTE,95.33,0.16730999851226808,97.64489694213869,91.8916386019662,-0.05892021519139582,-0.9038420366578587,28.32471702837298,-58.92021519139582,-903.8420366578588,False
MSFT,2019-05-02,momentum,long,TRENDING_BULL,26,0.9948717948717948,30d_call_30DTE,124.85,0.18746000099182125,128.23596336364747,125.90768365478516,-0.018156214900962295,-0.6827585145254366,25.551374041026047,-18.156214900962297,-682.7585145254366,False
PGR,2019-05-07,momentum,long,TRENDING_BULL,23,0.8948717948717949,30d_call_30DTE,71.35,0.2511599960327149,73.90752214050293,79.97971939086914,0.08215939426060809,1.3041758881178733,19.608974717677718,82.15939426060808,1304.1758881178732,True
VST,2019-05-24,meanrev,long,CHOPPY,10,0.979591836734694,ATM_call_21DTE,24.83,0.20605000495910647,24.829999923706055,23.712480228424074,-0.04500683442270358,-0.9438892021843518,47.93107524010443,-45.006834422703584,-943.8892021843519,False
AMT,2019-06-12,momentum,long,CHOPPY,14,0.8877551020408163,30d_call_30DTE,203.88,0.20682999801635743,209.94905877685548,204.86418556797804,-0.024219557060657752,-0.5083780968520907,23.3894549851159,-24.219557060657756,-508.3780968520907,False
TTD,2019-06-05,momentum,long,CHOPPY,26,0.9846938775510204,30d_call_30DTE,21.85,0.20917000198364258,22.50291618347168,23.330246807098387,0.03676548483233383,0.5380045479120209,23.225819571690533,36.765484832333826,538.0045479120209,True
ZS,2019-06-18,momentum,long,TRENDING_BULL,27,0.9897959183673468,30d_call_30DTE,75.92,0.19694999504089353,78.0758381652832,83.62242091369629,0.07104096323207199,1.4200645642262673,24.451838425215236,71.04096323207199,1420.0645642262673,True
CMG,2019-06-18,momentum,long,TRENDING_BULL,27,0.8698979591836735,30d_call_30DTE,14.3,0.19694999504089353,14.704350191116331,15.167005292892457,0.031463825042444875,0.45239460762645867,24.499256727201253,31.463825042444878,452.3946076264587,True
ULTA,2019-06-18,momentum,long,TRENDING_BULL,27,0.8775510204081632,30d_call_30DTE,343.53,0.19694999504089353,353.28514654541016,354.9686326904297,0.004765233300866005,-0.19652162394047967,24.45160170870714,4.765233300866004,-196.52162394047969,False
NEM,2019-06-18,momentum,long,TRENDING_BULL,27,0.9413265306122448,30d_call_30DTE,35.56,0.19694999504089353,36.573,39.091658172607424,0.06886660029550279,1.3655262212428891,24.4160070511586,68.86660029550279,1365.526221242889,True
SMCI,2019-06-18,momentum,long,TRENDING_BULL,27,0.9591836734693876,30d_call_30DTE,1.77,0.19694999504089353,1.8236400525569911,1.866260004758835,0.02337081385226477,0.25952054760188314,23.716448190698276,23.37081385226477,259.5205476018832,True
MSFT,2019-06-26,momentum,long,TRENDING_BULL,26,0.903061224489796,30d_call_30DTE,130.66,0.21072998809814456,134.61870611572266,138.1531326904297,0.02625509245103513,0.2905227383124292,22.99954676826065,26.255092451035132,290.5227383124292,True
MDB,2019-07-16,momentum,long,TRENDING_BULL,13,0.9185750636132316,30d_call_30DTE,149.72,0.1671799955368042,153.35610305786133,144.94156896841338,-0.05486924825074061,-0.9050242390943468,28.33308909149964,-54.86924825074061,-905.024239094347,False
FTNT,2019-07-02,momentum,long,TRENDING_BULL,28,0.8520408163265306,30d_call_30DTE,15.15,0.16809000396728513,15.518975915908811,16.455024868011474,0.060316412447235034,1.3796494618894928,28.226286810533946,60.31641244723504,1379.6494618894928,True
INTU,2019-06-27,momentum,long,TRENDING_BULL,34,0.9540816326530612,30d_call_30DTE,250.75,0.2056599960327149,258.17532366943357,276.75537756347654,0.07196680778769077,1.3678787268926245,23.507747781522458,71.96680778769077,1367.8787268926244,True
EBAY,2019-07-17,momentum,long,TRENDING_BULL,19,0.8727735368956743,30d_call_30DTE,39.04,0.18161000347137451,40.069981681823734,38.87124448234504,-0.029916090528747497,-0.7333911534608244,26.258265178555614,-29.916090528747496,-733.3911534608243,False
PM,2019-07-23,momentum,long,TRENDING_BULL,13,0.8702290076335878,30d_call_30DTE,85.62,0.1639299955368042,87.65496336364745,80.48642462776877,-0.08178132145397306,-0.9863649148411012,28.87338715576787,-81.78132145397306,-986.3649148411014,False
AMZN,2019-07-30,momentum,long,TRENDING_BULL,6,0.9338422391857506,30d_call_30DTE,92.32,0.18121999454498292,94.7451117553711,88.53396910376522,-0.06555633886044547,-0.8864758757962119,26.336829798040455,-65.55633886044546,-886.4758757962118,False
MSFT,2019-07-31,momentum,long,TRENDING_BULL,5,0.9236641221374046,30d_call_30DTE,136.5,0.20956001091003418,140.6106618347168,131.3344870431761,-0.06597063601367974,-0.8329419373192578,23.123541724148428,-65.97063601367974,-832.9419373192577,False
NVDA,2019-07-16,momentum,long,TRENDING_BULL,21,0.9949109414758268,30d_call_30DTE,4.08,0.1671799955368042,4.17508345413208,4.0131975756962275,-0.03877428564347243,-0.8865876065943612,28.8702454861388,-38.774285643472425,-886.5876065943611,False
BX,2019-07-16,momentum,long,TRENDING_BULL,21,0.989821882951654,30d_call_30DTE,44.72,0.1671799955368042,45.8014190826416,45.438126556359784,-0.007931905464027484,-0.4243442777760263,28.38928035565415,-7.931905464027485,-424.3442777760262,False
AJG,2019-07-23,momentum,long,TRENDING_BULL,14,0.989821882951654,30d_call_30DTE,89.56,0.1639299955368042,91.69302214050296,86.95786253485574,-0.05164143895695194,-0.9006388484149316,28.845753360757286,-51.64143895695194,-900.6388484149317,False
CNK,2019-08-07,momentum,short,,2,0.0558375634517766,30d_put_30DTE,37.65,0.2533699970245361,39.0099983215332,40.0599595413208,-0.02691518238820399,-0.2871651776280535,74.85495730303244,-26.915182388203988,-287.16517762805347,False
VZ,2019-08-07,momentum,short,,2,0.0355329949238578,30d_put_30DTE,52.84,0.2533699970245361,54.75,55.89155877685547,-0.020850388618364725,-0.19232967166287218,74.89477157807777,-20.850388618364725,-192.3296716628722,False
NEM,2019-08-23,meanrev,long,CHOPPY,1,0.9848101265822784,ATM_call_21DTE,38.83,0.2583100109100342,38.83000183105469,39.22139923858643,0.010079767939096958,0.10144565689302337,38.68147028590254,10.079767939096959,101.44565689302337,True
INTU,2019-08-01,momentum,long,TRENDING_BULL,25,0.9923664122137404,30d_call_30DTE,270.18,0.2323100109100342,279.1672053222656,282.20444903564453,0.010879657980860567,-0.07242497716674007,21.05160969763834,10.879657980860568,-72.42497716674005,False
TTD,2019-08-26,meanrev,long,CHOPPY,3,0.9949367088607596,ATM_call_21DTE,25.16,0.2511599960327149,25.1560001373291,24.95698596954346,-0.007911200775131313,-0.32143134110494787,39.85683747622621,-7.911200775131314,-321.4313411049478,False
ENPH,2019-09-03,meanrev,long,CHOPPY,2,0.9974683544303796,ATM_call_21DTE,28.79,0.25557999801635745,28.790000915527344,25.23942091369629,-0.12332684574233953,-0.9957627811678256,39.075429665665,-123.32684574233951,-995.7627811678256,False
OKTA,2019-08-30,meanrev,long,CHOPPY,10,0.9746835443037974,ATM_call_21DTE,126.92,0.24673999404907226,126.91999816894533,111.4310457522021,-0.1220371307926244,-0.9998437545050604,40.40802381979396,-122.03713079262441,-999.8437545050604,False
AMGN,2019-08-30,momentum,long,CHOPPY,13,0.9645569620253164,30d_call_30DTE,202.29,0.24673999404907226,209.4079855041504,194.51165611207205,-0.07113544097287113,-0.8409148763040605,19.94219984887821,-71.13544097287114,-840.9148763040606,False
SMCI,2019-08-20,momentum,long,CHOPPY,27,1.0,30d_call_30DTE,1.92,0.22749999999999998,1.9789500238895417,1.926139947652817,-0.026685906970469516,-0.7748858323628572,22.036283424978638,-26.685906970469517,-774.8858323628572,False
ORCL,2019-08-22,momentum,long,CHOPPY,26,0.9645569620253164,30d_call_30DTE,52.07,0.21684000396728517,53.6871618347168,52.52440629901528,-0.02165798108831334,-0.6774425818704151,22.43785113173179,-21.65798108831334,-677.4425818704151,False
FTNT,2019-08-23,momentum,long,CHOPPY,26,0.9772151898734176,30d_call_30DTE,15.8,0.2583100109100342,16.382700382232667,15.742452167510988,-0.03908074980215344,-0.8199557656452504,19.10025998953452,-39.08074980215344,-819.9557656452504,False
EBAY,2019-09-12,momentum,long,TRENDING_BULL,21,0.8683544303797468,30d_call_30DTE,39.19,0.18486000347137452,40.24031984710693,37.60245715556793,-0.06555272675668475,-0.9783714620687332,25.8570575815681,-65.55272675668475,-978.3714620687331,False
QCOM,2019-09-19,momentum,long,TRENDING_BULL,14,0.9341772151898734,30d_call_30DTE,77.35,0.1826500024795532,79.39847785949706,73.12727569422553,-0.07898390919242813,-0.973480404338649,26.143637777573886,-78.98390919242813,-973.4804043386491,False
LOW,2019-09-20,momentum,long,TRENDING_BULL,13,0.8810126582278481,30d_call_30DTE,110.0,0.1991599960327149,113.15586030578612,105.15549011351864,-0.07070221701861243,-0.9299840412630767,24.21089102836519,-70.70221701861243,-929.9840412630766,False
SHOP,2019-09-12,momentum,long,TRENDING_BULL,26,0.9873417721518988,30d_call_30DTE,34.64,0.18486000347137452,35.56799565124512,31.52359126041503,-0.11370908921848417,-0.9999999866487657,25.861948696550158,-113.70908921848418,-999.9999866487656,False
PEP,2019-09-12,momentum,long,TRENDING_BULL,26,0.9164556962025316,30d_call_30DTE,133.45,0.18486000347137452,137.0134855041504,136.96552548217772,-0.00035003869725814526,-0.3085531450276476,25.90066430442197,-0.35003869725814524,-308.5531450276476,False
AAPL,2019-09-12,momentum,long,TRENDING_BULL,26,0.8556962025316456,30d_call_30DTE,54.85,0.18486000347137452,56.31240076446533,55.98779847717285,-0.005764312707074483,-0.4355732125710191,25.918935893508166,-5.764312707074482,-435.57321257101916,False
HALO,2019-09-17,momentum,long,TRENDING_BULL,21,0.9924050632911392,30d_call_30DTE,15.92,0.18771999454498292,16.352639694213867,15.138472643136044,-0.07424899427750721,-0.9893667776205295,25.510984401108207,-74.24899427750721,-989.3667776205295,False
INTU,2019-09-17,momentum,long,TRENDING_BULL,22,0.9645569620253164,30d_call_30DTE,259.32,0.18771999454498292,266.36164654541017,263.472,-0.010848583431164334,-0.4751311588796294,25.52031347961173,-10.848583431164332,-475.13115887962937,False
ARCB,2019-10-09,momentum,short,,1,0.0582278481012658,30d_put_30DTE,27.01,0.24231999206542973,27.940000534057617,28.0459797706604,-0.0037931007364726942,0.15987258018456865,78.3058832519228,-3.7931007364726943,159.87258018456865,True
HUBS,2019-10-09,momentum,short,,1,0.0531645569620253,30d_put_30DTE,155.56,0.24231999206542973,160.94000244140625,160.4101763305664,0.003292072218233898,0.3290758365096002,78.57616126997446,3.2920722182338977,329.07583650960026,True
NEE,2019-10-29,momentum,long,TRENDING_BULL,7,0.9343434343434344,30d_call_30DTE,56.77,0.17159999752044677,58.18363607025147,56.17487509314023,-0.03452450057754796,-0.661211296113282,27.676817892341845,-34.524500577547954,-661.211296113282,False
DUK,2019-10-29,momentum,long,TRENDING_BULL,10,0.8737373737373737,30d_call_30DTE,91.7,0.17159999752044677,93.9775809173584,89.65562427108186,-0.0459892306663773,-0.8087483515380649,27.709597583200566,-45.989230666377296,-808.748351538065,False
PM,2019-10-24,momentum,long,CHOPPY,26,0.898989898989899,30d_call_30DTE,79.99,0.17823000049591065,82.05377938842773,83.2930790863037,0.015103505373096321,0.09212557967300705,26.759508229485427,15.10350537309632,92.12557967300705,True
NVDA,2019-10-29,momentum,long,TRENDING_BULL,27,0.9166666666666666,30d_call_30DTE,5.04,0.17159999752044677,5.166061297416687,5.519189572334289,0.06835541713262012,1.5708042271422356,27.61991222515427,68.35541713262012,1570.8042271422355,True
SO,2019-10-29,momentum,long,TRENDING_BULL,27,0.9217171717171716,30d_call_30DTE,59.51,0.17159999752044677,60.991738929748536,62.05564030456543,0.017443368454247807,0.16433876086146257,27.677906245771304,17.443368454247807,164.33876086146256,True
VST,2019-10-30,momentum,long,TRENDING_BULL,26,0.9318181818181818,30d_call_30DTE,26.52,0.16028999900817872,27.134159923553465,26.217460456848144,-0.03378396343531504,-0.9338152286909307,29.520564171615792,-33.78396343531504,-933.8152286909308,False
PANW,2019-11-06,momentum,long,TRENDING_BULL,20,0.8664987405541562,30d_call_30DTE,38.18,0.16405999851226807,39.09135903167724,38.56962443242193,-0.01334654543047554,-0.5229599967342526,28.805540559097697,-13.34654543047554,-522.9599967342525,False
TGT,2019-11-26,meanrev,long,CHOPPY,1,0.8866498740554156,ATM_call_21DTE,125.26,0.15001999950408937,125.26000213623048,126.63621939086914,0.010986885128278317,0.30999210758533796,64.4452588433048,10.986885128278317,309.992107585338,True
CRM,2019-11-26,meanrev,long,CHOPPY,3,0.8841309823677582,ATM_call_21DTE,161.56,0.15001999950408937,161.55999755859375,162.56421939086914,0.006215782665577134,0.06476132272411492,64.44532792515159,6.215782665577134,64.76132272411492,True
NRG,2019-11-27,meanrev,long,CHOPPY,2,0.9345088161209067,ATM_call_21DTE,39.12,0.15275,39.119998931884766,39.65053954315186,0.013561876936419725,0.3894151430937012,63.38182220823221,13.561876936419726,389.4151430937012,True
VRT,2019-11-06,momentum,long,TRENDING_BULL,26,0.8740554156171285,30d_call_30DTE,10.05,0.16405999851226807,10.2905404586792,10.329300380706789,0.0037665584410484917,-0.19848096211101707,28.769648645802242,3.766558441048492,-198.48096211101705,False
LLY,2019-11-06,momentum,long,TRENDING_BULL,26,0.9042821158690176,30d_call_30DTE,109.19,0.16405999851226807,111.79313969421386,116.50651786804198,0.04216160478827728,0.8986579230701602,28.82208702308545,42.16160478827729,898.6579230701603,True
INTU,2019-11-20,momentum,long,TRENDING_BULL,12,0.8765743073047859,30d_call_30DTE,265.55,0.16613999652862552,271.9528236694336,254.50398511732115,-0.06416127001983994,-0.941444472374719,28.508369227178655,-64.16127001983995,-941.4444723747189,False
FTNT,2019-11-12,momentum,long,TRENDING_BULL,22,0.9571788413098236,30d_call_30DTE,19.0,0.16484000396728513,19.450824657440187,20.67257270050049,0.06281214624969475,1.503168974632923,28.822911969066272,62.81214624969475,1503.1689746329232,True
BX,2019-12-16,meanrev,long,CHOPPY,1,0.9899244332493704,ATM_call_21DTE,53.95,0.1578200044631958,53.95000076293945,54.42093878173828,0.008729156851510801,0.19751479625475757,61.4968034654374,8.729156851510801,197.51479625475758,True
AXON,2019-12-19,meanrev,long,CHOPPY,1,0.9899244332493704,ATM_call_21DTE,69.84,0.1625,69.83999633789062,71.09751786804199,0.018005750230389344,0.5654627357341979,59.85367570632582,18.005750230389346,565.462735734198,True
MSFT,2019-12-03,momentum,long,CHOPPY,27,0.9269521410579346,30d_call_30DTE,143.5,0.20748000049591067,147.7849855041504,157.27481634521484,0.06421376846024682,1.181249368172339,23.321964637453632,64.21376846024683,1181.249368172339,True
LLY,2019-12-05,momentum,long,CHOPPY,39,0.8639798488664987,30d_call_30DTE,115.49,0.18876000595092773,118.63680152893066,138.66212243652345,0.16879518538528224,3.9640991414293447,25.415231005487712,168.79518538528222,3964.099141429345,True
MS,2019-12-16,momentum,long,CHOPPY,28,0.871536523929471,30d_call_30DTE,49.73,0.1578200044631958,50.8715404586792,52.67443878173828,0.0354402148392479,0.7341214805685717,29.850205612919343,35.4402148392479,734.1214805685718,True
INTU,2019-12-20,momentum,long,TRENDING_BULL,26,0.9396984924623116,30d_call_30DTE,260.22,0.16263000297546384,266.3716763305664,272.454,0.022833973015529856,0.34692466803492716,29.049695462605513,22.833973015529857,346.92466803492715,True
NVDA,2019-12-09,momentum,long,CHOPPY,43,0.9874055415617128,30d_call_30DTE,5.14,0.2061799955368042,5.2918125,6.186103156089783,0.16899515167814114,3.6471157978356255,23.507878094790318,168.99515167814113,3647.115797835626,True
ISRG,2019-12-23,momentum,long,TRENDING_BULL,29,0.8844221105527639,30d_call_30DTE,193.13,0.1639299955368042,197.72799490356445,200.1489030456543,0.01224362864383753,0.027225455508166865,28.850745477740862,12.24362864383753,27.225455508166863,True
BX,2019-12-24,momentum,long,TRENDING_BULL,28,0.9899497487437184,30d_call_30DTE,54.07,0.1647100009918213,55.3605,61.04765817260742,0.10272953048847858,2.630509788011071,28.755506385436668,102.72953048847856,2630.509788011071,True
MSFT,2019-12-31,momentum,long,TRENDING_BULL,27,0.8592964824120602,30d_call_30DTE,153.11,0.17913999652862547,157.08354428100586,161.95543878173828,0.031014671352316316,0.5078083856455277,26.625011129129366,31.014671352316313,507.8083856455276,True
SHOP,2019-12-20,momentum,long,TRENDING_BULL,39,0.9974874371859296,30d_call_30DTE,38.47,0.16263000297546384,39.383610305786135,46.67246684265137,0.18507334600033792,5.0374027400224985,28.988196030948313,185.07334600033795,5037.402740022499,True
ORCL,2020-01-22,momentum,long,TRENDING_BULL,6,0.8768844221105527,30d_call_30DTE,54.2,0.16782999801635742,55.520819847106935,52.57408293578987,-0.05307444881815115,-0.8363753859801315,28.238405077160287,-53.074448818151154,-836.3753859801315,False
LLY,2020-01-14,momentum,long,TRENDING_BULL,22,0.9095477386934674,30d_call_30DTE,136.08,0.1610700044631958,139.2679855041504,147.05530609130858,0.05591608551648148,1.334110089236413,29.29909338832646,55.91608551648148,1334.110089236413,True
VRT,2020-01-15,momentum,long,TRENDING_BULL,26,0.8542713567839196,30d_call_30DTE,11.5,0.16146000099182128,11.7735,12.974,0.10196628020554634,2.651033381086205,29.06306913221217,101.96628020554634,2651.0333810862044,True
AAPL,2020-01-16,momentum,long,TRENDING_BULL,25,0.8693467336683417,30d_call_30DTE,76.77,0.16015999603271486,78.5542940826416,80.2267219543457,0.021290088482555196,0.31416751753669836,29.482299525270978,21.290088482555195,314.1675175366983,True
TDG,2020-02-06,meanrev,long,CHOPPY,4,0.9447236180904522,ATM_call_21DTE,520.46,0.19448000049591066,520.4605565017803,533.5788969726563,0.025205253898680613,0.6422465265026805,50.60845961276123,25.205253898680613,642.2465265026805,True
FAST,2020-02-11,meanrev,long,CHOPPY,1,0.9773869346733668,ATM_call_21DTE,18.55,0.19734000396728513,18.549999237060547,18.872179847717284,0.017368227703916078,0.4116420734199834,49.92028078136414,17.368227703916077,411.6420734199834,True
WWD,2020-02-12,meanrev,long,CHOPPY,1,0.907035175879397,ATM_call_21DTE,113.44,0.17861999702453613,113.43641469940916,114.33357296752928,0.007908908885188836,0.13117282783347092,54.85677959574689,7.908908885188838,131.17282783347093,True
ADBE,2020-01-22,momentum,long,TRENDING_BULL,22,0.9271356783919598,30d_call_30DTE,344.9,0.16782999801635742,353.3052061157227,374.0903163452148,0.05883046688727273,1.3572493395635472,28.238078331689078,58.83046688727273,1357.2493395635472,True
NEM,2020-02-13,meanrev,long,CHOPPY,5,0.992462311557789,ATM_call_21DTE,44.35,0.18394999504089352,44.349998474121094,45.48884182739258,0.025678543234584673,0.6946248922509967,53.32180109121968,25.678543234584673,694.6248922509966,True
NVDA,2020-01-22,momentum,long,TRENDING_BULL,28,0.9974874371859296,30d_call_30DTE,6.11,0.16782999801635742,6.256487957954406,7.8517648286819455,0.2549796117963158,6.926599529864191,28.450785775712795,254.9796117963158,6926.599529864191,True
ENPH,2020-02-19,meanrev,long,CHOPPY,1,1.0,ATM_call_21DTE,47.51,0.18694000148773196,47.5099983215332,49.91394575353483,0.05059876903662352,1.8671578474802062,52.52268451203789,50.59876903662352,1867.157847480206,True
MSFT,2020-01-29,momentum,long,TRENDING_BULL,22,0.9020100502512562,30d_call_30DTE,163.18,0.2130699920654297,168.1756763305664,184.05115817260744,0.09439820423755077,1.8454879901715446,22.77232301078477,94.39820423755077,1845.4879901715442,True
INTU,2020-01-29,momentum,long,TRENDING_BULL,22,0.9221105527638191,30d_call_30DTE,281.3,0.2130699920654297,289.9186763305664,300.63751025390627,0.03697186417586353,0.540630817593342,22.76410512174854,36.97186417586353,540.6308175933419,True
FTNT,2020-01-29,momentum,long,TRENDING_BULL,22,0.907035175879397,30d_call_30DTE,22.94,0.2130699920654297,23.647200382232665,23.55280038070679,-0.003992015968063774,-0.3264253151080307,22.699966269831535,-3.992015968063774,-326.4253151080307,False
LLY,2020-02-11,meanrev,long,CHOPPY,9,0.9798994974874372,ATM_call_21DTE,145.73,0.19734000396728513,145.72999572753906,141.716,-0.02754405987250377,-0.8183020021873955,49.92026580690917,-27.54405987250377,-818.3020021873955,False
CL,2020-02-21,momentum,long,CHOPPY,3,0.9874371859296482,30d_call_30DTE,73.01,0.22203999900817872,75.34038244628906,71.81962272659237,-0.04673137572943263,-0.597834114755186,21.913995527914526,-46.73137572943263,-597.8341147551861,False
ETSY,2020-02-25,momentum,short,,1,0.0402010050251256,30d_put_30DTE,49.56,0.36205000495910644,52.04999923706055,50.7913786239624,0.024180991960552893,0.6586171029429132,50.34240500410708,24.180991960552895,658.6171029429133,True
TRV,2020-02-25,momentum,short,,1,0.0125628140703517,30d_put_30DTE,127.69,0.36205000495910644,134.11000061035156,128.81711755371094,0.03946672904743896,0.9743590390591003,50.36918908302347,39.46672904743896,974.3590390591003,True
LNC,2020-03-06,momentum,short,,6,0.0326633165829145,30d_put_30DTE,36.22,0.5452199821472168,38.84000015258789,23.416740840911864,0.39709730306600893,9.463216774532683,31.966291824036183,397.097303066009,9463.21677453268,True
AA,2020-03-13,momentum,short,,5,0.0050251256281407,30d_put_30DTE,7.39,0.751790023803711,8.079999923706055,5.7615,0.28694306257401897,3.6819909983659587,22.104574202577048,286.94306257401894,3681.990998365959,True
HOG,2020-03-06,momentum,short,,13,0.050251256281407,30d_put_30DTE,24.99,0.5452199821472168,26.799999237060547,18.727380535125732,0.30121712431885234,6.442507264797316,31.99506893090072,301.2171243188523,6442.507264797316,True
IR,2020-03-06,momentum,short,,20,0.0753768844221105,30d_put_30DTE,23.64,0.5452199821472168,25.350000381469727,23.456819847106935,0.07468167676031529,0.32992254681515276,31.96607927632883,74.68167676031528,329.92254681515277,True
PKG,2020-03-19,momentum,short,,20,0.057788944723618,30d_put_30DTE,82.47,0.9359999999999999,91.56999969482422,88.01567633056641,0.03881536940158701,-0.31605045506579893,17.201724578156064,38.815369401587006,-316.0504550657989,False
VZ,2020-03-20,momentum,short,,20,0.0452261306532663,30d_put_30DTE,47.76,0.8585200119018555,52.720001220703125,57.5548786239624,-0.09170859809010441,-0.8076825145748463,19.040543540660696,-91.70859809010443,-807.6825145748463,False
APO,2020-03-27,momentum,short,,20,0.0603015075376884,30d_put_30DTE,32.46,0.8520200119018555,35.810001373291016,36.402661834716795,-0.016550137913924158,-0.5836406840714173,19.20103521014846,-16.550137913924157,-583.6406840714174,False
MGM,2020-04-09,momentum,short,,20,0.0325814536340852,30d_put_30DTE,15.15,0.541709976196289,16.239999771118164,17.4949190826416,-0.07727335770996954,-0.8797969881570394,32.201543479676026,-77.27335770996955,-879.7969881570393,False
NFLX,2020-04-29,meanrev,long,BEAR,1,0.9949874686716792,ATM_call_21DTE,39.95,0.4059899940490723,39.952999114990234,41.901030609130856,0.04875807917533097,0.6551031206375323,25.008243217396526,48.75807917533097,655.1031206375324,True
PLNT,2020-04-13,momentum,short,,21,0.0150375939849624,30d_put_30DTE,51.69,0.5352099761962891,55.369998931884766,57.5548786239624,-0.039459630381525536,-0.7962479303168917,32.63561485061735,-39.459630381525535,-796.2479303168917,False
AMD,2020-05-04,meanrev,long,BEAR,1,0.995,ATM_call_21DTE,49.82,0.46761001586914064,49.81999969482422,52.08561862945557,0.04547609290464774,0.49211453010894,21.81961209916839,45.47609290464774,492.11453010894,True
ENPH,2020-05-04,meanrev,long,BEAR,2,1.0,ATM_call_21DTE,41.75,0.46761001586914064,41.75,52.57464030456543,0.2592728216662378,4.708578306116784,21.819610685644516,259.2728216662378,4708.578306116784,True
CHRW,2020-04-17,momentum,short,,20,0.0776942355889724,30d_put_30DTE,69.36,0.49595001983642584,73.9800033569336,72.09389694213867,0.025494813857941695,-0.28526899834853836,35.5185500006195,25.494813857941693,-285.26899834853833,False
NEM,2020-05-12,meanrev,long,BEAR,1,0.9725,ATM_call_21DTE,63.2,0.4295200119018555,63.20000076293945,63.76221939086914,0.008895864258586749,-0.004155136411147374,23.699077332028565,8.89586425858675,-4.155136411147374,False
ENPH,2020-05-14,meanrev,long,BEAR,1,0.9925,ATM_call_21DTE,55.15,0.42393000793457036,55.150001525878906,58.263241065979,0.0564503980773096,0.7553308156998416,24.00252947946475,56.45039807730961,755.3308156998417,True
TTD,2020-05-12,meanrev,long,BEAR,8,0.99,ATM_call_21DTE,30.75,0.4295200119018555,30.7549991607666,29.651079715728763,-0.03589398391029976,-0.6542802081521434,23.65465434057881,-35.89398391029976,-654.2802081521432,False
MMM,2020-04-30,momentum,short,,20,0.0075187969924812,30d_put_30DTE,121.67,0.44395001983642574,129.02174377441406,125.4008060760498,0.028064554023508062,-0.21797242026293093,40.17926758018892,28.064554023508062,-217.9724202629309,False
APD,2020-05-05,momentum,short,,21,0.03,30d_put_30DTE,212.35,0.4369300079345704,225.0,238.27560305786133,-0.059002680257161474,-0.8994669448136795,40.89606726581999,-59.00268025716148,-899.4669448136794,False
NKE,2020-05-08,momentum,short,,20,0.0525,30d_put_30DTE,85.78,0.36373999404907226,90.11000061035156,98.6569190826416,-0.0948498325868193,-0.9727287274531845,50.0997253400325,-94.8498325868193,-972.7287274531845,False
SKY,2020-05-21,momentum,short,,7,0.0299251870324189,30d_put_30DTE,22.79,0.38389000892639163,24.0,24.408720611572264,-0.017030025482177653,-0.19144654382962045,47.24814305235858,-17.030025482177653,-191.44654382962045,False
DD,2020-05-28,momentum,short,,1,0.0623441396508728,30d_put_30DTE,19.8,0.3716700019836426,20.820083618164062,21.171966751098633,-0.016901139274367635,0.003751918366300943,48.94564836266487,-16.901139274367637,3.751918366300943,True
ENPH,2020-05-26,meanrev,long,BEAR,3,0.9775561097256856,ATM_call_21DTE,59.83,0.3641300029754639,59.83000183105469,58.07361862945557,-0.029356228444697666,-0.5288055392559214,27.812864205986482,-29.356228444697667,-528.8055392559214,False
BA,2020-06-03,momentum,long,CHOPPY,1,0.9875311720698254,30d_call_30DTE,150.4,0.3335799980163574,157.41420611572266,157.2564770811947,-0.001002000000000042,0.0043121034796723585,15.19088919428388,-1.002000000000042,4.312103479672358,True
NVDA,2020-06-04,momentum,long,CHOPPY,14,0.9351620947630924,30d_call_30DTE,8.35,0.335529993057251,8.745455686569214,9.19956441116333,0.051925107263594165,0.5334004975898222,15.045315509693438,51.92510726359417,533.4004975898223,True
NEM,2020-06-09,momentum,long,TRENDING_BULL,9,0.9226932668329176,30d_call_30DTE,54.51,0.3584099960327149,57.224220611572264,55.41893878173829,-0.03154751275841574,-0.4142953573112098,14.24556749143068,-31.547512758415742,-414.2953573112097,False
DLR,2020-06-09,momentum,long,TRENDING_BULL,9,0.8827930174563591,30d_call_30DTE,134.65,0.3584099960327149,141.35214733886718,142.87368365478517,0.01076415423863612,0.008601785119576938,14.247858895645265,10.76415423863612,8.601785119576938,False
CMG,2020-06-09,momentum,long,TRENDING_BULL,9,0.9077306733167082,30d_call_30DTE,19.79,0.3584099960327149,20.77967563247681,20.55880038070679,-0.010629388816099351,-0.21839382670813953,14.2188774240525,-10.62938881609935,-218.39382670813956,False
AMT,2020-06-09,momentum,long,TRENDING_BULL,9,0.8503740648379052,30d_call_30DTE,254.56,0.3584099960327149,267.2334122314453,257.0848060913086,-0.0379765615960746,-0.4684614163342771,14.246498616317965,-37.9765615960746,-468.46141633427715,False
TEAM,2020-06-09,momentum,long,TRENDING_BULL,9,0.8528678304239401,30d_call_30DTE,168.03,0.3584099960327149,176.40210305786132,177.27474487304687,0.004946890088375601,-0.05566502583567198,14.241607863693021,4.946890088375602,-55.66502583567199,False
SBAC,2020-06-10,momentum,long,TRENDING_BULL,8,0.9476309226932668,30d_call_30DTE,293.65,0.3584099960327149,308.2753236694336,288.711428527832,-0.06346241051255891,-0.6429898253569465,14.244054625668703,-63.46241051255891,-642.9898253569464,False
ITW,2020-06-11,momentum,long,TRENDING_BULL,7,0.85785536159601,30d_call_30DTE,159.25,0.5302700119018554,170.48027938842773,170.14902548217773,-0.0019430629011069277,-0.10586417036775639,10.07066587774019,-1.9430629011069278,-105.8641703677564,False
SFM,2020-06-19,meanrev,long,BEAR,3,0.9675810473815462,ATM_call_21DTE,22.36,0.456559986114502,22.36000061035156,23.323260837554933,0.04307961542529803,0.42764468964057223,22.333385872669517,43.07961542529803,427.6446896405723,True
MPWR,2020-06-22,meanrev,long,BEAR,1,0.9975062344139652,ATM_call_21DTE,224.46,0.41301000595092774,224.4600067138672,226.2066836547851,0.007781684436749204,-0.01500596566180756,24.6183461266212,7.781684436749204,-15.00596566180756,False
DOCU,2020-06-25,meanrev,long,BEAR,1,0.9950248756218906,ATM_call_21DTE,165.0,0.4188600158691407,165.0,168.0631939086914,0.018564811567826685,0.1369577859193834,24.284571656949385,18.564811567826684,136.9577859193834,True
APO,2020-06-25,meanrev,long,BEAR,5,0.9900497512437813,ATM_call_21DTE,48.81,0.4188600158691407,48.810001373291016,49.82015817260742,0.020695692909141493,0.0746739672896578,24.284563560407054,20.695692909141492,74.67396728965781,True
VEEV,2020-06-30,meanrev,long,BEAR,1,0.9925373134328358,ATM_call_21DTE,231.32,0.39559000396728516,231.32000732421875,233.95115817260745,0.011374506160640362,0.042417660022593354,25.66899423592977,11.37450616064036,42.41766002259335,True
NBIX,2020-07-01,meanrev,long,BEAR,5,0.9527363184079602,ATM_call_21DTE,122.87,0.3720600109100342,122.87000274658205,127.40468365478516,0.03690633032340563,0.41266653881099463,27.239384003143602,36.90633032340563,412.66653881099467,True
SFM,2020-07-02,meanrev,long,BEAR,4,0.9776119402985076,ATM_call_21DTE,25.0,0.3598400039672852,25.0,25.84819961929321,0.03392798477172846,0.3993713627110051,28.13330871545611,33.92798477172846,399.3713627110051,True
CZR,2020-06-19,momentum,short,,20,0.0773067331670823,30d_put_30DTE,39.0,0.456559986114502,41.40999984741211,41.031900764465334,0.009130622659743971,-0.4473242266286942,38.881129999962226,9.130622659743972,-447.3242266286942,False
AA,2020-06-19,momentum,short,,20,0.0374064837905236,30d_put_30DTE,11.28,0.456559986114502,11.979999542236328,10.541040458679198,0.12011345062944107,1.757829503869636,38.9996389386435,120.11345062944106,1757.829503869636,True
TXT,2020-06-19,momentum,short,,20,0.0523690773067331,30d_put_30DTE,33.78,0.456559986114502,35.869998931884766,30.190259159088136,0.1583423457464316,2.997178742622296,38.91549927312123,158.3423457464316,2997.1787426222963,True
BX,2020-07-07,meanrev,long,BEAR,7,0.9975124378109452,ATM_call_21DTE,55.0,0.38259000396728515,55.0,54.42093878173828,-0.010528385786576744,-0.4040175979041265,26.51348352945372,-10.528385786576745,-404.01759790412643,False
GILD,2020-07-23,momentum,long,TRENDING_BULL,8,0.9054726368159204,30d_call_30DTE,73.12,0.3390399990081787,76.58286030578613,70.87902325749619,-0.07447928982431849,-0.729622657714031,14.968256601569232,-74.47928982431849,-729.622657714031,False
SHOP,2020-07-23,momentum,long,TRENDING_BULL,26,0.9577114427860696,30d_call_30DTE,92.5,0.3390399990081787,96.87536320495605,102.26605867004396,0.055645680044398876,0.5162241377613045,14.976174768485421,55.64568004439888,516.2241377613044,True
AMZN,2020-07-23,momentum,long,TRENDING_BULL,26,0.9825870646766168,30d_call_30DTE,148.21,0.3390399990081787,155.2233249206543,165.29324746704103,0.06487377171912903,0.6542731471137072,14.973556672655675,64.87377171912904,654.2731471137073,True
INTU,2020-07-23,momentum,long,TRENDING_BULL,26,0.9378109452736318,30d_call_30DTE,283.13,0.3390399990081787,296.53188244628905,308.2821939086914,0.03962579458730105,0.2770671876431266,14.97154918607745,39.625794587301044,277.06718764312654,True
LOW,2020-07-24,momentum,long,TRENDING_BULL,26,0.9029850746268656,30d_call_30DTE,140.49,0.3359200019836426,147.08357327270508,157.9634387817383,0.07397063633245461,0.7998077879375003,15.096549490451823,73.97063633245462,799.8077879375004,True
ADBE,2020-07-24,momentum,long,TRENDING_BULL,26,0.9552238805970148,30d_call_30DTE,406.76,0.3359200019836426,425.85,461.0859897460938,0.08274272571584775,0.9322223720364059,15.096666944800363,82.74272571584774,932.222372036406,True
NVDA,2020-07-22,momentum,long,CHOPPY,29,0.9776119402985076,30d_call_30DTE,9.95,0.31615999603271483,10.38823530578613,12.116717794418337,0.16638846134621738,2.3379203263033537,15.995466135456585,166.38846134621738,2337.9203263033537,True
NRG,2020-07-28,momentum,long,TRENDING_BULL,27,0.965174129353234,30d_call_30DTE,32.18,0.330720006942749,33.667198471069334,34.630600761413575,0.02861545759954175,0.12035224070132812,15.316642174676922,28.61545759954175,120.35224070132813,True
PH,2020-08-03,momentum,long,TRENDING_BULL,28,0.8706467661691543,30d_call_30DTE,172.37,0.3156400089263916,180.00929388427735,205.59797451782225,0.14215199716296373,1.950283515813891,15.96472199728601,142.15199716296374,1950.283515813891,True
SHOP,2020-08-19,momentum,long,TRENDING_BULL,16,0.9429280397022332,30d_call_30DTE,98.34,0.2930200119018555,102.40339549255371,98.19438735566244,-0.041102232173515475,-0.6434383110466734,17.07864598465946,-41.102232173515475,-643.4383110466733,False
CMG,2020-08-25,momentum,long,TRENDING_BULL,10,0.8833746898263027,30d_call_30DTE,24.03,0.2863900089263916,25.00030019760132,25.218345939026413,0.00872172492736765,-0.0007868024947688279,17.44807316300361,8.72172492736765,-0.7868024947688279,False
CELH,2020-08-20,momentum,long,TRENDING_BULL,22,0.9900744416873448,30d_call_30DTE,8.11,0.2953599910736084,8.450200063705445,7.104372966123881,-0.15926570820045338,-0.9998676581161785,16.898752761708714,-159.2657082004534,-999.8676581161785,False
MS,2020-08-19,momentum,long,TRENDING_BULL,26,0.8808933002481389,30d_call_30DTE,49.26,0.2930200119018555,51.2923786239624,51.04770152282715,-0.004770242825528586,-0.3719392123169807,17.089962813118277,-4.770242825528586,-371.9392123169807,False
NEM,2020-08-19,momentum,long,TRENDING_BULL,26,0.9255583126550868,30d_call_30DTE,64.64,0.2930200119018555,67.31436030578614,67.24523725891113,-0.0010268692528756715,-0.3131756528428168,17.068878062611482,-1.0268692528756715,-313.1756528428168,False
VRT,2020-08-20,momentum,long,TRENDING_BULL,26,0.9751861042183624,30d_call_30DTE,15.03,0.2953599910736084,15.6612601146698,17.624679847717285,0.125367928166161,1.8052649100897549,16.88945623383041,125.367928166161,1805.264910089755,True
MRVL,2020-08-21,momentum,long,TRENDING_BULL,27,0.9230769230769232,30d_call_30DTE,31.68,0.2930200119018555,32.985838165283205,36.88203175634142,0.11811716202375792,1.7016869265744945,17.097043924086258,118.11716202375793,1701.6869265744947,True
NVDA,2020-09-01,momentum,long,TRENDING_BULL,16,0.9181141439205956,30d_call_30DTE,12.9,0.3395600109100342,13.5069595413208,12.343369890719025,-0.0861474151190055,-0.8679606014369747,14.999295109442162,-86.1474151190055,-867.9606014369747,False
EBAY,2020-09-15,momentum,long,TRENDING_BULL,2,0.9181141439205956,30d_call_30DTE,50.44,0.33267000198364255,52.785360305786135,47.91302141952335,-0.09230473862520351,-0.7742399446103252,15.231342962081756,-92.30473862520351,-774.2399446103252,False
DOCU,2020-09-17,meanrev,long,CHOPPY,4,0.9875930521091812,ATM_call_21DTE,190.52,0.34397998809814456,190.52000427246097,204.60996426391603,0.07395527858221719,1.3684602345268428,29.384929142099175,73.95527858221719,1368.460234526843,True
PYPL,2020-09-17,meanrev,long,CHOPPY,4,0.9429280397022332,ATM_call_21DTE,176.63,0.34397998809814456,176.6300048828125,182.84358670043943,0.0351785180652031,0.45582051795024864,29.384926918098678,35.17851806520309,455.82051795024864,True
OLN,2020-09-22,momentum,short,,2,0.0272952853598014,30d_put_30DTE,12.31,0.34918000793457027,12.90999984741211,11.7735,0.08803252214134825,2.3319712217605346,52.508866899589144,88.03252214134825,2331.9712217605347,True
TDY,2020-09-22,momentum,short,,2,0.0595533498759305,30d_put_30DTE,298.68,0.34918000793457027,313.2099914550781,310.03885345458986,0.01012463869928328,0.3758104248231562,52.433379370888964,10.124638699283283,375.8104248231562,True
BE,2020-09-24,meanrev,long,CHOPPY,4,0.9900744416873448,ATM_call_21DTE,14.8,0.3706300029754639,14.800000190734863,16.84623916244507,0.13825938819860276,2.859163532469901,27.34104746170794,138.25938819860275,2859.1635324699014,True
TSLA,2020-09-24,meanrev,long,CHOPPY,4,0.9875930521091812,ATM_call_21DTE,121.27,0.3706300029754639,121.26667022705078,140.1191939086914,0.1554633572963002,3.3186871201455603,27.351142006292076,155.4633572963002,3318.6871201455606,True
FAST,2020-10-01,meanrev,long,CHOPPY,4,0.9333333333333332,ATM_call_21DTE,22.68,0.3471000099182129,22.684999465942383,22.86917091369629,0.00811864457084998,-0.05981076610485851,29.037935844135713,8.118644570849979,-59.81076610485851,False
BE,2020-10-05,meanrev,long,CHOPPY,1,1.0,ATM_call_21DTE,16.5,0.3634799880981446,16.5,17.664600761413574,0.07058186432809539,1.24112238881103,27.860957103386134,70.5818643280954,1241.1223888110303,True
IRTC,2020-10-06,meanrev,long,CHOPPY,1,0.9753086419753086,ATM_call_21DTE,226.36,0.3832399940490723,226.36000061035156,233.532,0.031684040335350966,0.3861078975316531,26.469940743711177,31.684040335350968,386.10789753165307,True
AVGO,2020-09-15,momentum,long,TRENDING_BULL,22,0.9652605459057072,30d_call_30DTE,35.07,0.33267000198364255,36.703261070251465,36.6006517868042,-0.0027956448679278606,-0.28669429651572415,15.220829643685269,-2.7956448679278605,-286.6942965157241,False
CRM,2020-09-15,momentum,long,TRENDING_BULL,22,0.8610421836228288,30d_call_30DTE,240.68,0.33267000198364255,251.87273510742187,259.46005096435545,0.030123609265201478,0.16385084037098427,15.230396212217272,30.123609265201477,163.85084037098426,True
INTU,2020-09-15,momentum,long,TRENDING_BULL,22,0.957816377171216,30d_call_30DTE,307.71,0.33267000198364255,322.02276489257815,334.24018365478514,0.03793961202178527,0.2778939715179886,15.229081708255418,37.939612021785265,277.89397151798863,True
MSFT,2020-09-15,momentum,long,TRENDING_BULL,22,0.9478908188585607,30d_call_30DTE,199.55,0.33267000198364255,208.8368381652832,209.4103418273926,0.0027461805452901225,-0.21558787240933416,15.225488976851285,2.7461805452901227,-215.58787240933415,False
DXCM,2020-10-07,meanrev,long,CHOPPY,1,0.9310344827586208,ATM_call_21DTE,94.19,0.36477999305725095,94.1875,98.25809182739256,0.04321796233462574,0.6405056587135826,27.775029435104102,43.21796233462574,640.5056587135825,True
AMZN,2020-09-16,momentum,long,TRENDING_BULL,22,0.9602977667493796,30d_call_30DTE,152.13,0.3385200119018555,159.31749545288085,159.20844134521485,-0.0006845080470038576,-0.26017157886853365,14.995276442437191,-0.6845080470038576,-260.17157886853363,False
AAPL,2020-10-12,momentum,long,CHOPPY,16,0.8990147783251231,30d_call_30DTE,115.05,0.32590999603271487,120.30011755371096,112.4412278824511,-0.06532736485274891,-0.7452185234959949,15.513958836759922,-65.32736485274891,-745.218523495995,False
ROST,2020-10-15,momentum,long,TRENDING_BULL,13,0.9285714285714286,30d_call_30DTE,91.11,0.3506099910736084,95.5607427520752,87.13316545861599,-0.0881907889238983,-0.8346798494743817,14.522909218280498,-88.1907889238983,-834.6798494743819,False
NRG,2020-10-19,momentum,long,TRENDING_BULL,9,0.8669950738916257,30d_call_30DTE,32.22,0.3793400039672851,33.907680152893064,31.163200780721105,-0.0809397564149724,-0.7325367114411468,13.546300854736435,-80.93975641497241,-732.536711441147,False
CRM,2020-10-15,momentum,long,TRENDING_BULL,15,0.8891625615763546,30d_call_30DTE,246.59,0.3506099910736084,258.6262053222656,231.1314832113528,-0.10631065818196013,-0.9147590349896009,14.528029102960794,-106.31065818196014,-914.759034989601,False
ADBE,2020-10-12,momentum,long,CHOPPY,21,0.9113300492610836,30d_call_30DTE,487.05,0.32590999603271487,509.27652978515624,466.4386952380733,-0.08411507705873375,-0.9040009804801779,15.513712770211056,-84.11507705873376,-904.0009804801779,False
FTNT,2020-10-15,momentum,long,TRENDING_BULL,18,0.9014778325123152,30d_call_30DTE,24.52,0.3506099910736084,25.71933526611328,23.88067040963703,-0.07148959479130852,-0.814525244248253,14.514860625855158,-71.48959479130852,-814.5252442482531,False
INTU,2020-10-15,momentum,long,TRENDING_BULL,18,0.9458128078817734,30d_call_30DTE,326.06,0.3506099910736084,341.9725885620117,315.01058303560995,-0.07884259273462964,-0.8495824813275396,14.529058075503544,-78.84259273462963,-849.5824813275397,False
LRCX,2020-10-19,momentum,long,TRENDING_BULL,14,0.9359605911330048,30d_call_30DTE,34.99,0.3793400039672851,36.8235,35.02481121826172,-0.048846219988276096,-0.5949220877207168,13.5439937960083,-48.8462199882761,-594.9220877207167,False
O,2020-11-03,momentum,short,,9,0.027027027027027,30d_put_30DTE,53.99,0.46214999008178714,57.37403106689453,59.97436170959472,-0.045322432367848844,-0.459495970282919,38.4538312454538,-45.32243236784885,-459.49597028291896,False
CCI,2020-11-03,momentum,short,,9,0.0343980343980344,30d_put_30DTE,151.32,0.46214999008178714,160.7899932861328,167.28389694213868,-0.040387486331003725,-0.42383367056477256,38.411359574218444,-40.38748633100373,-423.83367056477255,False
EQR,2020-11-04,momentum,short,,8,0.0466830466830466,30d_put_30DTE,49.5,0.38440999603271486,52.130001068115234,58.6370404586792,-0.12482331205137706,-0.8723325543076867,47.15942616913619,-124.82331205137707,-872.3325543076868,False
PHM,2020-11-10,meanrev,long,BEAR,3,0.9852579852579852,ATM_call_21DTE,41.53,0.3223999900817871,41.529998779296875,42.84414030456543,0.03164318718746667,0.4469776001868966,31.27847239158391,31.643187187466673,446.97760018689655,True
SHOP,2020-11-11,meanrev,long,BEAR,2,0.9926289926289926,ATM_call_21DTE,90.4,0.30485000991821287,90.4000015258789,91.64634182739256,0.01378695000527034,0.11704956538426538,33.00830649802709,13.78695000527034,117.04956538426539,True
BE,2020-11-13,momentum,long,TRENDING_BULL,11,0.9975429975429976,30d_call_30DTE,16.73,0.30030000495910647,17.434799617767332,24.969960456848145,0.43219084843406713,6.94052824471828,16.730579592204258,432.19084843406716,6940.52824471828,True
EOG,2020-11-16,momentum,long,TRENDING_BULL,14,0.9754299754299754,30d_call_30DTE,42.62,0.2918500099182129,44.3785809173584,47.787384456228395,0.07681190944834075,1.031088476752048,17.12269797046181,76.81190944834076,1031.088476752048,True
DVN,2020-11-11,momentum,long,BEAR,26,0.9877149877149876,30d_call_30DTE,11.47,0.30485000991821287,11.963879579544068,15.918099809646607,0.3305132088476964,5.122181319507963,16.448002892848596,330.51320884769643,5122.181319507962,True
MRVL,2020-11-13,momentum,long,TRENDING_BULL,26,0.855036855036855,30d_call_30DTE,41.23,0.30030000495910647,42.97577938842773,42.47488137054443,-0.011655356226493016,-0.469818145559728,16.693034203461313,-11.655356226493016,-469.818145559728,False
NET,2020-11-13,momentum,long,TRENDING_BULL,26,0.9164619164619164,30d_call_30DTE,62.05,0.30030000495910647,64.67910305786133,77.15537756347656,0.19289498332180144,2.90441172078628,16.688098672134267,192.89498332180142,2904.41172078628,True
VST,2020-11-13,momentum,long,TRENDING_BULL,26,0.8918918918918919,30d_call_30DTE,18.43,0.30030000495910647,19.208340076446532,18.971980228424073,-0.012305063690135645,-0.47979398370218745,16.712303931279013,-12.305063690135645,-479.79398370218746,False
ZS,2020-11-20,momentum,long,TRENDING_BULL,26,0.9115479115479116,30d_call_30DTE,134.44,0.3081000099182129,140.26998550415038,183.6619387817383,0.3093459596622258,4.7306831483827025,16.31146183559067,309.34595966222577,4730.683148382703,True
MSFT,2020-11-24,momentum,long,TRENDING_BULL,27,0.8624078624078624,30d_call_30DTE,201.97,0.28131999206542974,210.00917633056645,222.14481634521488,0.05778623690017354,0.7072386087810137,17.713121072477733,57.78623690017354,707.2386087810138,True
LIN,2020-11-27,momentum,long,TRENDING_BULL,26,0.8796068796068796,30d_call_30DTE,249.17,0.2709200019836426,258.7464710083008,254.58980609130856,-0.016064624575532333,-0.5521943817553343,18.324044496915313,-16.064624575532335,-552.1943817553343,False
SMCI,2020-12-01,momentum,long,TRENDING_BULL,27,0.9213759213759214,30d_call_30DTE,2.75,0.2700100059509277,2.8567020707130433,3.046893973350525,0.06657743717391189,0.9051267466888729,18.27540643183358,66.57743717391189,905.126746688873,True
NVDA,2020-12-08,momentum,long,TRENDING_BULL,27,0.968058968058968,30d_call_30DTE,13.11,0.26884000396728513,13.612170038223269,13.087272642135618,-0.03856089033664196,-0.8484586732285571,18.420111681385475,-38.56089033664196,-848.4586732285569,False
MS,2020-12-10,momentum,long,TRENDING_BULL,26,0.9606879606879608,30d_call_30DTE,61.2,0.29276000595092777,63.727198471069336,69.35101786804199,0.08824833872974566,1.1931881889048142,17.090783569129176,88.24833872974565,1193.188188904814,True
LOW,2020-12-10,momentum,long,TRENDING_BULL,26,0.9705159705159704,30d_call_30DTE,153.47,0.29276000595092777,159.8089855041504,160.5981581726074,0.004938224630907988,-0.21850993919224646,17.0888912564524,4.938224630907988,-218.50993919224646,False
SCHW,2020-12-14,momentum,long,TRENDING_BULL,28,0.9164619164619164,30d_call_30DTE,48.31,0.3213599910736084,50.49077938842773,60.1295,0.19090061053368135,2.6777374935550653,15.696573255208698,190.90061053368134,2677.7374935550656,True
BKNG,2020-12-17,momentum,long,TRENDING_BULL,26,0.8943488943488943,30d_call_30DTE,2039.95,0.2850900039672852,2122.1858510742186,2191.947407714844,0.0328725010607874,0.26158759595463876,17.499516271315766,32.8725010607874,261.5875959546388,True
AXP,2020-12-22,momentum,long,TRENDING_BULL,28,0.8501228501228502,30d_call_30DTE,111.49,0.31498999404907224,116.42238244628903,126.4965,0.08653076274537341,1.0648622155271132,15.993429731415025,86.53076274537341,1064.8622155271134,True
GS,2020-12-24,momentum,long,TRENDING_BULL,26,0.9166666666666666,30d_call_30DTE,247.74,0.27989000892639165,257.5540885620117,293.6116121826172,0.13999981061035982,2.176843398296559,17.794816940862493,139.99981061035982,2176.8433982965594,True
ORCL,2021-01-06,momentum,long,TRENDING_BULL,16,0.8602941176470589,30d_call_30DTE,59.67,0.32590999603271487,62.3945404586792,59.8459108738828,-0.04084699664523104,-0.606775496168707,15.509967160931485,-40.84699664523104,-606.7754961687069,False
TJX,2020-12-29,momentum,long,TRENDING_BULL,29,0.9387254901960784,30d_call_30DTE,66.0,0.30003999900817874,68.78730152893067,64.54829380126993,-0.06162485856314462,-0.9927967864288106,16.71946860435219,-61.62485856314462,-992.7967864288106,False
NET,2021-01-05,momentum,long,TRENDING_BULL,27,0.9411764705882352,30d_call_30DTE,70.05,0.3294200019836426,73.2762572479248,80.31904335021973,0.09611279788030357,1.1587554544058114,15.369650653289261,96.11279788030356,1158.7554544058114,True
INTU,2021-01-06,momentum,long,TRENDING_BULL,26,0.9852941176470588,30d_call_30DTE,344.18,0.32590999603271487,359.88835345458983,372.8328265991211,0.03596802458394809,0.24264553959320687,15.512977816211475,35.968024583948086,242.64553959320685,True
ROST,2021-01-12,momentum,long,TRENDING_BULL,27,0.9338235294117648,30d_call_30DTE,115.37,0.3032899990081787,120.30011755371096,120.41868365478516,0.0009855859120109097,-0.2917510191783396,16.544837563131207,0.9855859120109096,-291.7510191783396,False
BA,2021-01-13,momentum,long,TRENDING_BULL,26,1.0,30d_call_30DTE,199.43,0.28872998809814454,207.56429388427736,211.5260969543457,0.019087112700978997,0.019033799302201736,17.301316754046905,19.087112700979,19.033799302201736,False
CRWD,2021-01-20,momentum,long,TRENDING_BULL,27,0.9264705882352942,30d_call_30DTE,218.77,0.2805399990081787,227.454,241.93515817260743,0.0636663157060655,0.8142651331887943,17.75875941259719,63.666315706065504,814.2651331887943,True
CRM,2021-01-20,momentum,long,TRENDING_BULL,27,0.8799019607843137,30d_call_30DTE,213.94,0.2805399990081787,222.43398550415043,248.09281634521489,0.11535481317258367,1.7320732533778098,17.757164325675763,115.35481317258366,1732.0732533778098,True
DDOG,2021-02-03,momentum,long,TRENDING_BULL,14,0.8700980392156863,30d_call_30DTE,103.37,0.29782999801635746,107.715,102.34012966148416,-0.04989899585494915,-0.6835042031536697,16.81509913060566,-49.89899585494915,-683.5042031536696,False
PH,2021-01-25,momentum,long,TRENDING_BULL,28,0.9583333333333334,30d_call_30DTE,263.36,0.30147000694274906,274.548,281.74537756347655,0.02621537058538598,0.11768148643596545,16.637067474292447,26.21537058538598,117.68148643596544,True
AAPL,2021-02-09,momentum,long,TRENDING_BULL,14,0.8774509803921569,30d_call_30DTE,131.65,0.28118998908996584,136.89323510742187,125.51322254506634,-0.08313056926023767,-0.8925998265772301,17.712480758794598,-83.13056926023766,-892.59982657723,False
NOW,2021-02-09,momentum,long,TRENDING_BULL,14,0.8602941176470589,30d_call_30DTE,113.16,0.28118998908996584,117.6628574066162,108.55719986655212,-0.07738769685489603,-0.8692561641922925,17.71945346100339,-77.38769685489602,-869.2561641922925,False
MSFT,2021-02-17,momentum,long,TRENDING_BULL,6,0.909313725490196,30d_call_30DTE,232.6,0.2795,241.8026473388672,229.81226732227253,-0.04958746377905074,-0.6137278734673917,17.816944804455133,-49.58746377905074,-613.7278734673916,False
INTU,2021-02-03,momentum,long,TRENDING_BULL,22,0.9068627450980392,30d_call_30DTE,367.99,0.29782999801635746,383.44535266113286,386.5656876093753,0.008137626200414546,-0.1318344524745276,16.821149949900896,8.137626200414546,-131.8344524745276,False
MS,2021-02-03,momentum,long,TRENDING_BULL,26,0.9583333333333334,30d_call_30DTE,68.15,0.29782999801635746,71.0117427520752,79.00168365478515,0.11251576982986337,1.5778104041702072,16.82249212654032,112.51576982986337,1577.8104041702072,True
CRWD,2021-02-23,momentum,long,TRENDING_BULL,9,0.8848039215686274,30d_call_30DTE,203.03,0.30043000793457025,211.62239694213864,190.45990527277831,-0.10000119068279208,-0.8935046740750336,16.69327516943177,-100.00119068279209,-893.5046740750337,False
EBAY,2021-02-17,momentum,long,TRENDING_BULL,20,0.9387254901960784,30d_call_30DTE,60.32,0.2795,62.7051618347168,57.232871629263634,-0.08727017115237588,-0.9562938267232077,17.82145708746491,-87.27017115237588,-956.2938267232078,False
MPWR,2021-03-02,momentum,long,TRENDING_BULL,7,0.9117647058823528,30d_call_30DTE,374.73,0.3133000049591065,391.22088244628907,336.4196826968024,-0.14007738903612937,-0.9609521819419059,16.073217483168392,-140.07738903612938,-960.9521819419059,False
GE,2021-03-02,momentum,long,TRENDING_BULL,9,0.8995098039215687,30d_call_30DTE,62.9,0.3133000049591065,65.67245695495606,61.99503765888022,-0.05599637148642295,-0.652267667375417,16.061982851330097,-55.996371486422944,-652.267667375417,False
ULTA,2021-03-02,momentum,long,TRENDING_BULL,10,0.8774509803921569,30d_call_30DTE,325.23,0.3133000049591065,339.5477351074219,312.4698086995167,-0.07974703880542335,-0.805964415779797,16.07063587489067,-79.74703880542336,-805.964415779797,False
VRT,2021-02-18,momentum,long,TRENDING_BULL,25,0.9926470588235294,30d_call_30DTE,20.15,0.29236999702453614,20.981880535125732,21.067780609130857,0.00409401215783872,-0.22226568347026757,17.103691802945015,4.09401215783872,-222.2656834702676,False
KR,2021-03-19,meanrev,long,CHOPPY,3,0.9852941176470588,ATM_call_21DTE,34.89,0.2723500099182129,34.88999938964844,36.11761862945556,0.03518541878138726,0.6713287085202688,36.774773101893885,35.185418781387256,671.3287085202688,True
MCD,2021-03-02,momentum,long,TRENDING_BULL,22,0.8676470588235294,30d_call_30DTE,199.63,0.3133000049591065,208.416,223.6019030456543,0.07286342241312711,0.863221640439279,16.07256580188616,72.86342241312711,863.2216404392789,True
CAT,2021-03-02,momentum,long,TRENDING_BULL,22,0.8725490196078431,30d_call_30DTE,209.89,0.3133000049591065,219.12738244628903,220.78753573608395,0.007576201893443622,-0.14560110041535784,16.0726997791163,7.576201893443622,-145.60110041535785,False
PCG,2021-03-23,meanrev,long,CHOPPY,1,0.9509803921568628,ATM_call_21DTE,11.13,0.26389999008178716,11.130000114440918,11.287380418777468,0.014140188923480169,0.19072867002654328,37.899127006873165,14.140188923480169,190.72867002654326,True
NVDA,2021-03-05,momentum,long,TRENDING_BULL,24,0.9754901960784312,30d_call_30DTE,12.03,0.32057999801635745,12.575100191116332,12.92235331726074,0.027614342698416335,0.1308529987542729,15.689262410025387,27.614342698416337,130.85299875427287,True
PINS,2021-03-24,meanrev,long,CHOPPY,6,0.9975490196078431,ATM_call_21DTE,71.95,0.2756000099182129,71.94999694824219,69.17137756347657,-0.03861875611703558,-0.7653295942121426,36.35990106486952,-38.61875611703558,-765.3295942121425,False
SHW,2021-04-05,momentum,long,CHOPPY,28,0.8700980392156863,30d_call_30DTE,244.06,0.23282999801635743,252.19338244628904,277.3541836547852,0.09976788829443123,1.7783825217626446,21.011653215280052,99.76788829443123,1778.3825217626445,True
NVDA,2021-04-06,momentum,long,CHOPPY,27,0.8774509803921569,30d_call_30DTE,13.57,0.2355600109100342,14.02774963760376,14.807076530456545,0.055556087967500285,0.8392372792372674,20.78092340356133,55.55608796750029,839.2372792372673,True
ADBE,2021-04-06,momentum,long,CHOPPY,27,0.9411764705882352,30d_call_30DTE,477.23,0.2355600109100342,493.30464733886714,502.4530714721679,0.018545181324870832,0.07150034206483435,20.794688684146674,18.545181324870832,71.50034206483436,True
SHOP,2021-04-08,momentum,long,TRENDING_BULL,25,0.909313725490196,30d_call_30DTE,114.86,0.2203500099182129,118.4915072479248,112.53066006097666,-0.05030611328519951,-0.9391141415689167,22.088456362140473,-50.30611328519951,-939.1141415689167,False
EW,2021-04-08,momentum,long,TRENDING_BULL,26,0.9779411764705882,30d_call_30DTE,82.44,0.2203500099182129,85.0497572479248,93.12337756347658,0.09492819940704503,1.782398494813885,22.07585670081943,94.92819940704503,1782.398494813885,True
OXY,2021-04-09,momentum,long,TRENDING_BULL,27,0.8700980392156863,30d_call_30DTE,24.05,0.21697000694274904,24.7995,26.59669961929321,0.07246918765673555,1.307069597940894,22.396483467959666,72.46918765673554,1307.0695979408938,True
INTU,2021-04-15,momentum,long,TRENDING_BULL,27,0.8921568627450981,30d_call_30DTE,403.02,0.21540999603271485,415.4893236694336,399.09023461914063,-0.03946933920097594,-0.921443486901367,22.546827210205088,-39.469339200975945,-921.4434869013671,False
BE,2021-04-15,momentum,long,TRENDING_BULL,32,0.9975490196078431,30d_call_30DTE,23.81,0.21540999603271485,24.549,22.863041018194952,-0.06867729772312711,-1.0,22.51441254996951,-68.6772977231271,-1000.0,False
LRCX,2021-05-19,meanrev,long,CHOPPY,1,0.9362745098039216,ATM_call_21DTE,56.91,0.28834000396728515,56.90999984741211,60.09956121826172,0.05604571040944486,1.2325710012488469,34.81996025031074,56.04571040944485,1232.5710012488469,True
RH,2021-05-24,meanrev,long,CHOPPY,1,0.9411764705882352,ATM_call_21DTE,610.89,0.23919999504089356,610.8900146484375,613.8797653808593,0.0048940900337721485,-0.006619370641124096,41.61852997670226,4.894090033772148,-6.619370641124096,False
NVR,2021-05-25,meanrev,long,CHOPPY,1,0.9387254901960784,ATM_call_21DTE,4697.57,0.24492000198364258,4697.56982421875,4826.687143554687,0.02748598193692857,0.5851786723597855,40.69375018474357,27.48598193692857,585.1786723597854,True
GS,2021-05-04,momentum,long,TRENDING_BULL,22,0.8774509803921569,30d_call_30DTE,337.43,0.25323999404907227,349.59779388427734,366.6651939086914,0.04882010219453397,0.6475621921573395,19.478945403042733,48.820102194533966,647.5621921573394,True
ENPH,2021-05-26,meanrev,long,CHOPPY,1,0.9019607843137256,ATM_call_21DTE,139.5,0.2256800079345703,139.5,142.75391329956054,0.023325543366025357,0.5201645624373453,43.981016227344725,23.325543366025357,520.1645624373454,True
GE,2021-05-05,momentum,long,TRENDING_BULL,22,0.928921568627451,30d_call_30DTE,63.47,0.24894999504089355,65.72239947509766,71.37928657531738,0.08607243718122502,1.3973586968765834,19.781246869617114,86.07243718122503,1397.3586968765835,True
AVAV,2021-05-05,momentum,long,TRENDING_BULL,22,0.9926470588235294,30d_call_30DTE,105.21,0.24894999504089355,108.94746336364746,109.88978060913084,0.008649281189210356,-0.10069798438766124,19.772145777824342,8.649281189210354,-100.69798438766125,False
BA,2021-05-06,momentum,long,TRENDING_BULL,27,0.9754901960784312,30d_call_30DTE,222.17,0.23906999206542973,229.75860305786136,255.10875512695313,0.11033385358243886,1.9481386403627787,20.518739268592405,110.33385358243885,1948.138640362779,True
NXPI,2021-05-11,momentum,long,TRENDING_BULL,22,0.9534313725490196,30d_call_30DTE,176.69,0.2839200019836426,183.7868381652832,207.43430609130857,0.1286679076809555,1.952807134790439,17.56314917022962,128.6679076809555,1952.8071347904388,True
AAPL,2021-05-27,meanrev,long,CHOPPY,8,0.9068627450980392,ATM_call_21DTE,126.44,0.21761999702453613,126.44000244140624,125.63821939086914,-0.006341213500914413,-0.43735648886838047,45.52139100036527,-6.341213500914414,-437.35648886838055,False
ORCL,2021-06-03,momentum,long,CHOPPY,14,0.8774509803921569,30d_call_30DTE,77.36,0.23452001190185548,79.95960305786133,78.59474309363851,-0.017069368931648645,-0.3791518397579801,20.86070983555168,-17.069368931648647,-379.15183975798004,False
AXON,2021-05-17,momentum,long,TRENDING_BULL,35,0.9803921568627452,30d_call_30DTE,126.4,0.2563599910736084,131.0115,158.44247451782226,0.20937837150038163,3.711386238171347,19.26336175437602,209.3783715003816,3711.3862381713475,True
SNPS,2021-05-17,momentum,long,TRENDING_BULL,42,0.9779411764705882,30d_call_30DTE,228.63,0.2563599910736084,236.973,273.4819387817383,0.15406370675873735,2.6456267056117326,19.261488372062903,154.06370675873734,2645.6267056117326,True
NVDA,2021-06-07,momentum,long,TRENDING_BULL,29,0.9044117647058824,30d_call_30DTE,17.08,0.21346000099182127,17.606393417358397,20.6571026802063,0.1732728100827376,3.6110517998716265,22.683591421732135,173.2728100827376,3611.0517998716264,True
CME,2021-06-07,momentum,long,TRENDING_BULL,29,0.8553921568627451,30d_call_30DTE,213.23,0.21346000099182127,219.7686618347168,207.04227529829947,-0.05790810404983291,-0.9998020712964393,22.735733540286763,-57.908104049832914,-999.8020712964394,False
OXY,2021-06-07,momentum,long,TRENDING_BULL,29,0.9558823529411764,30d_call_30DTE,28.5,0.21346000099182127,29.378639694213867,30.448980228424073,0.03643261040506959,0.507014010878539,22.680162786336734,36.43261040506959,507.014010878539,True
INTU,2021-06-07,momentum,long,TRENDING_BULL,29,0.8725490196078431,30d_call_30DTE,446.77,0.21346000099182127,460.4791175537109,499.9680612182617,0.08575620947663222,1.6282358405753035,22.728928848372917,85.75620947663222,1628.2358405753034,True
PANW,2021-06-07,momentum,long,TRENDING_BULL,29,0.875,30d_call_30DTE,57.68,0.21346000099182127,59.45199872589112,65.18603231811524,0.09644812142753016,1.8704794218303238,22.716682428583056,96.44812142753015,1870.479421830324,True
NRG,2021-06-18,momentum,long,TRENDING_BULL,26,0.982843137254902,30d_call_30DTE,36.62,0.26910000991821287,38.0158786239624,40.52878060913086,0.06610137858511875,0.9050084914994174,18.451821422035707,66.10137858511875,905.0084914994175,True
MRVL,2021-06-22,momentum,long,TRENDING_BULL,28,0.9362745098039216,30d_call_30DTE,53.54,0.21657999801635744,55.21019847106933,56.44688137054443,0.022399537290617284,0.18444402969534007,22.405227735918405,22.399537290617285,184.44402969534008,True
SMCI,2021-06-29,momentum,long,TRENDING_BULL,27,0.8553921568627451,30d_call_30DTE,3.46,0.20826000595092775,3.5661180152893066,3.52094411611557,-0.012667527821586042,-0.5655090500619793,22.996127330953183,-12.66752782158604,-565.5090500619792,False
ADBE,2021-07-07,momentum,long,TRENDING_BULL,26,0.8948655256723717,30d_call_30DTE,583.53,0.2106000099182129,601.2,617.5125,0.02713323353293413,0.31099814964707606,23.011940449587684,27.133233532934128,310.9981496470761,True
LLY,2021-07-07,momentum,long,TRENDING_BULL,26,0.8655256723716381,30d_call_30DTE,228.24,0.2106000099182129,235.1493526611328,246.10680609130856,0.046597846458740745,0.7585053112504758,23.015031603811348,46.59784645874075,758.5053112504758,True
JNJ,2021-07-07,momentum,long,TRENDING_BULL,26,0.8508557457212714,30d_call_30DTE,162.88,0.2106000099182129,167.81495571899413,171.925464263916,0.024494292104721135,0.25054637821890136,23.00608120414389,24.494292104721136,250.54637821890134,True
MRK,2021-07-07,momentum,long,TRENDING_BULL,26,0.8533007334963325,30d_call_30DTE,76.26,0.2106000099182129,78.56682366943359,76.02764030456542,-0.03231877332284255,-0.8413067249077775,23.022966555239154,-32.31877332284255,-841.3067249077775,False
BMY,2021-07-07,momentum,long,TRENDING_BULL,26,0.8704156479217604,30d_call_30DTE,64.94,0.2106000099182129,66.90353663635254,67.88395664978027,0.01465423298557006,0.02586554380912408,23.027583349590756,14.65423298557006,25.86554380912408,True
AMZN,2021-07-21,momentum,long,TRENDING_BULL,13,0.8924205378973105,30d_call_30DTE,173.4,0.23282999801635743,179.17663824462892,171.54883712365503,-0.042571404373374214,-0.6981740269741107,21.014911959493745,-42.571404373374214,-698.1740269741106,False
NVDA,2021-07-15,momentum,long,TRENDING_BULL,25,0.9633251833740832,30d_call_30DTE,19.24,0.22113000297546387,19.85137391281128,20.25441007614136,0.020302683587556564,0.1393148764481062,22.00125249784186,20.30268358755656,139.3148764481062,True
KMI,2021-08-06,meanrev,long,CHOPPY,4,0.9559902200488998,ATM_call_21DTE,17.14,0.20994999504089354,17.139999389648438,17.155620532989502,0.0009113852915595168,-0.1672673842355152,47.09088628913225,0.9113852915595168,-167.26738423551524,False
HOLX,2021-08-09,meanrev,long,CHOPPY,1,0.9779951100244498,ATM_call_21DTE,76.05,0.2173599910736084,76.05000305175781,76.5465969543457,0.0065298340915242266,0.04796716542524895,45.57285769708375,6.529834091524227,47.96716542524895,True
NRG,2021-08-11,meanrev,long,CHOPPY,2,0.9853300733496332,ATM_call_21DTE,43.25,0.21021000099182127,43.25,43.56270152282715,0.0072300930133444505,0.049655523357920756,47.03587519187504,7.23009301334445,49.65552335792076,True
PHM,2021-08-16,meanrev,long,CHOPPY,1,0.9902200488997556,ATM_call_21DTE,54.13,0.20956001091003418,54.130001068115234,54.510758934021,0.007034137417189999,0.06837586047508665,47.173516470949274,7.034137417189999,68.37586047508665,True
PEP,2021-07-27,momentum,long,TRENDING_BULL,22,0.8973105134474327,30d_call_30DTE,152.17,0.25168000793457024,157.62461755371095,155.96743878173828,-0.010513451500733885,-0.41812061773470255,19.589356597004628,-10.513451500733884,-418.12061773470253,False
TJX,2021-08-03,momentum,long,TRENDING_BULL,15,0.9070904645476772,30d_call_30DTE,66.33,0.23452001190185548,68.55683816528321,68.08450985270929,-0.006889587169046338,-0.28066563925845167,20.869687543146973,-6.8895871690463375,-280.6656392584517,False
BX,2021-08-20,meanrev,long,CHOPPY,1,0.9779951100244498,ATM_call_21DTE,110.9,0.241279993057251,110.9000015258789,113.07340304565427,0.019597849322555663,0.3689903507259496,41.27741532829446,19.59784932255566,368.9903507259496,True
OLN,2021-08-18,meanrev,long,CHOPPY,5,0.980440097799511,ATM_call_21DTE,45.92,0.2804099960327148,45.91999816894531,45.17946045684815,-0.016126692979660753,-0.48204401745138137,35.762762606239626,-16.126692979660753,-482.0440174513813,False
ROST,2021-08-03,momentum,long,TRENDING_BULL,22,0.9462102689486552,30d_call_30DTE,117.91,0.23452001190185548,121.8632427520752,123.73204335021973,0.015335227882836786,0.03591905706714696,20.882233429857415,15.335227882836788,35.91905706714696,True
EBAY,2021-08-25,meanrev,long,CHOPPY,1,0.9657701711491442,ATM_call_21DTE,72.85,0.2182700119018555,72.8499984741211,74.01168365478516,0.015946262251147984,0.3135014290986232,45.393218756320884,15.946262251147981,313.5014290986232,True
SHW,2021-08-25,meanrev,long,CHOPPY,5,0.9682151589242054,ATM_call_21DTE,300.96,0.2182700119018555,300.9599914550781,304.69937756347656,0.01242486115951589,0.11408186327326914,45.393226518914,12.424861159515892,114.08186327326914,True
NVDA,2021-08-16,momentum,long,CHOPPY,28,0.904645476772616,30d_call_30DTE,19.58,0.20956001091003418,20.1752702293396,22.107696426391605,0.0957819238644845,1.8894026973676852,23.023210451573107,95.7819238644845,1889.4026973676853,True
LLY,2021-08-30,momentum,long,TRENDING_BULL,14,0.9779951100244498,30d_call_30DTE,253.87,0.21047000694274903,261.55205877685546,242.1856670594781,-0.07404411881880806,-0.9353046772570598,23.026037463467336,-74.04411881880806,-935.3046772570597,False
GS,2021-08-24,momentum,long,CHOPPY,24,0.9095354523227384,30d_call_30DTE,391.82,0.2238599910736084,404.3971763305664,389.12152407816137,-0.03777388455333396,-0.8076206643197955,21.773726335570693,-37.773884553333964,-807.6206643197955,False
AAPL,2021-08-30,momentum,long,TRENDING_BULL,18,0.8924205378973105,30d_call_30DTE,144.91,0.21047000694274903,149.298,146.7998105866303,-0.01673290608963091,-0.4897531193148258,23.018724945299233,-16.73290608963091,-489.7531193148258,False
FTNT,2021-08-24,momentum,long,CHOPPY,27,0.9168704156479216,30d_call_30DTE,59.8,0.2238599910736084,61.72319847106934,58.125424714352626,-0.05828884189148181,-0.980578260064317,21.75487786433004,-58.288841891481816,-980.578260064317,False
ADBE,2021-08-30,momentum,long,TRENDING_BULL,23,0.863080684596577,30d_call_30DTE,641.68,0.21047000694274903,661.0995893554688,625.414455307948,-0.053978454414578624,-0.9386205855402442,23.024698734525053,-53.97845441457862,-938.6205855402442,False
MSFT,2021-08-30,momentum,long,TRENDING_BULL,28,0.9535452322738386,30d_call_30DTE,292.86,0.21047000694274903,301.72223510742185,293.5816734008789,-0.026980317521659164,-0.835742681836512,23.025626704521837,-26.980317521659163,-835.7426818365119,False
PANW,2021-08-31,momentum,long,TRENDING_BULL,27,0.9706601466992664,30d_call_30DTE,75.04,0.2142399940490723,77.34938969421387,80.84465475463867,0.045188010845886,0.7077063398299072,22.659560791870437,45.188010845886,707.7063398299072,True
MDB,2021-09-14,momentum,long,TRENDING_BULL,15,0.9242053789731052,30d_call_30DTE,470.49,0.25297998809814454,487.44294122314454,458.55461110099816,-0.059265049668493844,-0.819378854670925,19.495286024052007,-59.265049668493845,-819.3788546709249,False
ANET,2021-09-14,momentum,long,TRENDING_BULL,17,0.8679706601466992,30d_call_30DTE,21.76,0.25297998809814454,22.545,21.35687068709197,-0.052700346547262446,-0.7998113755975539,19.48484989013808,-52.70034654726245,-799.8113755975538,False
ETSY,2021-09-28,momentum,long,CHOPPY,3,0.8899755501222494,30d_call_30DTE,213.83,0.30225,222.93498550415043,199.71426336681463,-0.10415916588786596,-0.8282186247084642,16.598963165415075,-104.15916588786597,-828.2186247084642,False
INSP,2021-09-28,meanrev,long,CHOPPY,3,0.9657701711491442,ATM_call_21DTE,237.34,0.30225,237.33999633789065,238.53197451782225,0.005022238974987713,-0.07512034980621533,33.281012053559095,5.022238974987713,-75.12034980621533,False
SHOP,2021-09-28,meanrev,long,CHOPPY,8,0.9682151589242054,ATM_call_21DTE,142.0,0.30225,142.0,134.71803057861328,-0.051281474798498025,-0.8608644519443643,33.28100355919096,-51.281474798498024,-860.8644519443644,False
INTC,2021-10-04,momentum,short,,2,0.0512195121951219,30d_put_30DTE,51.75,0.2984799880981446,53.93000030517578,54.0879595413208,-0.002928967833324089,0.15444593326448283,62.42494735584281,-2.928967833324089,154.44593326448285,True
OKTA,2021-10-04,momentum,short,,2,0.0756097560975609,30d_put_30DTE,225.51,0.2984799880981446,235.0,232.3838381652832,0.011132603551986347,0.4344125987364694,62.37606713576883,11.132603551986348,434.4125987364694,True
BNTX,2021-10-12,meanrev,long,CHOPPY,1,0.9440389294403893,ATM_call_21DTE,247.73,0.25805000495910646,247.72999572753903,243.28246426391604,-0.017953140678670678,-0.4385982508737971,38.71869570130045,-17.953140678670675,-438.5982508737971,False
SNPS,2021-10-12,meanrev,long,CHOPPY,1,0.9343065693430656,ATM_call_21DTE,291.35,0.25805000495910646,291.3500061035156,295.7073878173828,0.014955831894916921,0.21806303489147785,38.718666997030454,14.95583189491692,218.06303489147783,True
NTRA,2021-10-13,meanrev,long,CHOPPY,1,0.9515738498789348,ATM_call_21DTE,110.08,0.24231999206542973,110.08000183105467,113.14326274108888,0.027827587746006247,0.6038334286055965,41.10893872404709,27.827587746006248,603.8334286055965,True
MRK,2021-10-15,meanrev,long,CHOPPY,4,0.953995157384988,ATM_call_21DTE,78.2,0.21189999008178712,78.19999694824219,79.331017868042,0.014463183682070882,0.21143334060626026,46.68171908123049,14.463183682070882,211.4333406062603,True
BKNG,2021-09-28,momentum,long,CHOPPY,22,0.9119804400977995,30d_call_30DTE,2364.28,0.30225,2464.92,2379.411571777344,-0.03469014338098446,-0.6392381125854925,16.601312759696256,-34.69014338098446,-639.2381125854924,False
NTRA,2021-10-22,meanrev,long,CHOPPY,1,0.9541062801932368,ATM_call_21DTE,112.28,0.20059000396728513,112.27999877929688,114.70014030456542,0.02155452040951388,0.5466423382139932,49.159021936541684,21.554520409513877,546.6423382139932,True
ENPH,2021-10-22,meanrev,long,CHOPPY,5,0.966183574879227,ATM_call_21DTE,181.47,0.20059000396728513,181.47000122070312,215.78756121826171,0.18910872191939704,8.382517867874073,49.15900031975529,189.10872191939706,8382.517867874074,True
DHI,2021-10-26,meanrev,long,CHOPPY,2,0.966183574879227,ATM_call_21DTE,88.83,0.20773999404907229,88.83000183105469,89.18128060913087,0.003954506032142987,-0.03829433746981398,47.563301600180175,3.954506032142987,-38.29433746981398,False
NVDA,2021-10-11,momentum,long,CHOPPY,21,0.9562043795620438,30d_call_30DTE,19.88,0.26,20.61615076446533,25.775345664978023,0.2502501538456562,4.452920433647228,19.005798878183697,250.25015384565617,4452.9204336472285,True
ANET,2021-10-20,momentum,long,CHOPPY,13,0.9491525423728814,30d_call_30DTE,23.79,0.20136999702453615,24.483869464874267,30.68039094543457,0.2530858731071953,5.77085649006355,23.905499142230646,253.0858731071953,5770.85649006355,True
ALNY,2021-11-18,meanrev,long,CHOPPY,1,0.9759036144578314,ATM_call_21DTE,182.29,0.22867000198364257,182.2899932861328,178.62203573608397,-0.02012155184125441,-0.5062611819263196,43.435782853585366,-20.12155184125441,-506.2611819263196,False
MPWR,2021-11-19,meanrev,long,CHOPPY,1,0.9662650602409638,ATM_call_21DTE,560.49,0.23282999801635743,560.489990234375,569.4488468017578,0.015983972458877522,0.28554325620550614,42.69922718072073,15.983972458877522,285.5432562055061,True
ADBE,2021-10-28,momentum,long,CHOPPY,25,0.8963855421686747,30d_call_30DTE,620.13,0.2148900089263916,639.276,672.2228673095703,0.05153778228741639,0.8533303495337543,22.594296841982164,51.537782287416384,853.3303495337543,True
MSFT,2021-11-03,momentum,long,CHOPPY,26,0.9132530120481928,30d_call_30DTE,325.35,0.19630000495910646,334.56779388427736,335.9567448730469,0.0041514784571582,-0.19729309049666657,24.514877358198564,4.1514784571582,-197.2930904966666,False
INTU,2021-11-04,momentum,long,CHOPPY,25,0.927710843373494,30d_call_30DTE,605.02,0.20071999454498293,622.5225893554688,693.2706531982421,0.11364738413110867,2.4195654267751325,24.031460068029084,113.64738413110867,2419.565426775132,True
FTNT,2021-11-24,meanrev,long,CHOPPY,5,0.9686746987951808,ATM_call_21DTE,65.37,0.24153999900817874,65.37000274658203,68.52268365478515,0.04822825112039583,1.1997297257569262,41.23514233406593,48.22825112039583,1199.7297257569262,True
VRT,2021-11-10,momentum,long,TRENDING_BULL,21,0.927710843373494,30d_call_30DTE,26.08,0.24348999404907226,26.983860305786138,24.650364645218826,-0.08647745852979166,-0.9809219682653072,20.206889191509898,-86.47745852979166,-980.9219682653072,False
LLY,2021-11-10,momentum,long,TRENDING_BULL,22,0.9734939759036144,30d_call_30DTE,253.71,0.24348999404907226,262.524,245.327512198467,-0.06550444074268642,-0.9405018812164379,20.185026035022055,-65.50444074268643,-940.5018812164379,False
PFE,2021-11-10,momentum,long,TRENDING_BULL,22,0.946987951807229,30d_call_30DTE,45.9,0.24348999404907226,47.494801528930665,52.93392091369629,0.11452030979543049,2.0062911958616216,20.18379791646595,114.52030979543049,2006.2911958616216,True
TMO,2021-11-10,momentum,long,TRENDING_BULL,22,0.9301204819277108,30d_call_30DTE,596.2,0.24348999404907226,616.921382446289,626.3248570556641,0.01524258175666937,0.024255498823895116,20.18100973393914,15.24258175666937,24.255498823895117,True
VRTX,2021-11-10,momentum,long,TRENDING_BULL,22,0.9421686746987952,30d_call_30DTE,184.96,0.24348999404907226,191.3920144958496,204.0410969543457,0.06608991755385077,1.0289425257485083,20.175918835882804,66.08991755385077,1028.9425257485082,True
BAH,2021-11-26,meanrev,long,CHOPPY,6,0.946987951807229,ATM_call_21DTE,80.21,0.3720600109100342,80.20761599030008,79.65082679748535,-0.006941849423402245,-0.33566183232422914,27.25023091607751,-6.941849423402244,-335.6618323242291,False
LPLA,2021-12-02,meanrev,long,CHOPPY,1,0.9662650602409638,ATM_call_21DTE,155.6,0.3633500099182129,155.60000610351562,161.05724487304687,0.03507222722022723,0.4814459818607157,27.870576492565565,35.072227220227234,481.4459818607158,True
PGR,2021-12-03,momentum,short,,3,0.0337349397590361,30d_put_30DTE,91.13,0.3987100009918213,96.12999725341795,96.9835809173584,-0.008879472467789872,0.05063262387328906,45.259530934928364,-8.879472467789874,50.63262387328906,True
HPE,2021-12-03,momentum,short,,3,0.016867469879518,30d_put_30DTE,14.33,0.3987100009918213,15.119999885559082,15.1502398853302,-0.0019999999999999463,0.14081981809642588,45.41894934022405,-1.9999999999999463,140.81981809642588,True
NVDA,2021-12-08,momentum,long,CHOPPY,6,0.9423076923076924,30d_call_30DTE,30.92,0.2586999950408936,32.06299855041504,27.82749438488659,-0.1320994403835514,-0.9623911427346445,19.06629040998946,-132.0994403835514,-962.3911427346446,False
SHOP,2021-12-13,meanrev,long,CHOPPY,7,0.9639423076923076,ATM_call_21DTE,144.76,0.264029993057251,144.75999450683594,127.9605612487793,-0.1160502479658724,-0.997709105152766,37.88134282768361,-116.0502479658724,-997.709105152766,False
ANET,2021-12-10,momentum,long,CHOPPY,26,0.8581730769230769,30d_call_30DTE,31.35,0.242970006942749,32.43975,33.22092347717285,0.024080748993838014,0.1763042652781753,20.200279980774972,24.080748993838014,176.3042652781753,True
SNOW,2022-01-03,momentum,long,TRENDING_BULL,4,0.9307875894988068,30d_call_30DTE,331.41,0.21580000495910645,341.682,296.07290645779347,-0.13348403937639838,-0.990646926728022,22.509380623724237,-133.48403937639839,-990.6469267280221,False
BMY,2021-12-28,momentum,long,CHOPPY,23,0.8564593301435407,30d_call_30DTE,60.47,0.22802001190185547,62.44463969421387,64.45084182739258,0.03212769171225766,0.3882084381310685,21.417277037889324,32.127691712257665,388.2084381310685,True
JNJ,2022-01-03,momentum,long,TRENDING_BULL,17,0.909307875894988,30d_call_30DTE,165.42,0.21580000495910645,170.55042672729493,164.79992246889725,-0.03371732553676086,-0.6887675082597053,22.502856293936834,-33.71732553676086,-688.7675082597054,False
GILD,2022-01-03,momentum,long,TRENDING_BULL,17,0.9618138424821002,30d_call_30DTE,70.24,0.21580000495910645,72.41453663635254,68.52022887918793,-0.05377798351069812,-0.8601958284877993,22.521363676374772,-53.77798351069812,-860.1958284877994,False
ORCL,2021-12-31,momentum,long,CHOPPY,21,0.9307875894988068,30d_call_30DTE,85.48,0.2238599910736084,88.22610305786132,81.92409384294086,-0.07143021165501795,-0.9502206696841308,21.765612901317443,-71.43021165501794,-950.2206696841308,False
MRK,2022-01-03,momentum,long,TRENDING_BULL,21,0.8902147971360382,30d_call_30DTE,74.43,0.21580000495910645,76.7331618347168,76.53727558232794,-0.002552823938244572,-0.28796390807903816,22.526224789082313,-2.552823938244572,-287.96390807903816,False
AMGN,2022-01-03,momentum,long,TRENDING_BULL,21,0.935560859188544,30d_call_30DTE,217.34,0.21580000495910645,224.0772648925781,221.11495862138537,-0.013220021551998433,-0.47295475100419254,22.50809134614549,-13.220021551998434,-472.9547510041925,False
PEP,2022-01-13,momentum,long,TRENDING_BULL,13,0.8857142857142857,30d_call_30DTE,167.76,0.264029993057251,174.0574267272949,166.17710605181676,-0.04527425702911641,-0.6765839323357885,18.750351557072545,-45.274257029116406,-676.5839323357886,False
KMB,2022-01-13,momentum,long,TRENDING_BULL,13,0.8547619047619047,30d_call_30DTE,138.06,0.264029993057251,143.23589694213868,134.23697026727532,-0.06282591771320108,-0.8045943818378758,18.761143535749998,-62.825917713201086,-804.5943818378759,False
TTD,2022-01-21,momentum,short,,20,0.0214285714285714,30d_put_30DTE,62.85,0.37505000495910645,66.11000061035156,82.30427938842773,-0.24495959202185294,-0.9999342163139682,48.40503867466096,-244.95959202185293,-999.9342163139681,False
CMCSA,2022-01-21,momentum,short,,20,0.0142857142857142,30d_put_30DTE,44.89,0.37505000495910645,47.216495513916016,45.93986757659912,0.02703775287474772,-0.16339700012288413,48.37536754823618,27.037752874747724,-163.39700012288412,False
INSP,2022-02-22,meanrev,long,BEAR,2,0.9505882352941176,ATM_call_21DTE,216.21,0.374529993057251,216.2100067138672,215.99336428713988,-0.0010020000000000437,-0.15641157134456526,27.065559049547325,-1.0020000000000437,-156.41157134456526,False
CZR,2022-02-17,momentum,short,,20,0.08,30d_put_30DTE,80.42,0.3654300079345703,84.5,77.74517633056641,0.07993874165010167,1.1983003187047532,49.87388288623532,79.93874165010168,1198.300318704753,True
LBRDA,2022-02-17,momentum,short,,20,0.0023529411764705,30d_put_30DTE,133.93,0.3654300079345703,140.72164916992188,126.0341350250244,0.10437281137291288,2.092371274028618,49.85690319319152,104.37281137291288,2092.3712740286182,True
VTR,2022-02-17,momentum,short,,20,0.0164705882352941,30d_put_30DTE,49.55,0.3654300079345703,52.060001373291016,57.9256213760376,-0.11267037741101353,-0.9853874348594166,49.8170512291739,-112.67037741101352,-985.3874348594167,False
ZIM,2022-03-21,meanrev,long,BEAR,1,0.9882352941176472,ATM_call_21DTE,86.86,0.3058900089263916,86.86000061035156,87.83398213195801,0.011213234109629659,0.08812211265270432,32.90048452854523,11.21323410962966,88.12211265270433,True
NEE,2022-03-22,meanrev,long,BEAR,1,0.9694117647058824,ATM_call_21DTE,81.87,0.298220006942749,81.87000274658203,82.68429847717285,0.009946203777607786,0.0683337472953918,33.712669353643136,9.946203777607787,68.33374729539179,True
NVDA,2022-03-24,meanrev,long,BEAR,1,0.9694117647058824,ATM_call_21DTE,26.17,0.2817100009918213,26.166000366210938,28.09369961929321,0.07367191110994474,1.8180512808467706,35.70155243463991,73.67191110994474,1818.0512808467704,True
WMT,2022-03-23,meanrev,long,BEAR,2,0.9623529411764706,ATM_call_21DTE,47.71,0.30640999603271485,47.71333312988281,47.721032318115235,0.00016136345393150123,-0.13894393895730536,32.809435116298644,0.1613634539315012,-138.94393895730536,False
ZIM,2022-03-25,meanrev,long,BEAR,4,0.96,ATM_call_21DTE,70.37,0.270529993057251,70.37000274658203,73.81207908630371,0.048913971939398095,1.0633552363114582,37.011236107394495,48.913971939398095,1063.3552363114582,True
XOM,2022-03-30,meanrev,long,BEAR,1,0.9929411764705882,ATM_call_21DTE,83.06,0.2512899990081787,83.05999755859375,83.61243878173828,0.006651110515080539,0.027640911831248473,39.711007484830496,6.651110515080539,27.640911831248474,True
AVAV,2022-03-10,momentum,short,,20,0.04,30d_put_30DTE,71.88,0.3929899940490723,75.7699966430664,94.79922061157228,-0.251144579801789,-0.9999088399791812,45.966608009082115,-251.14457980178898,-999.9088399791813,False
TDY,2022-03-10,momentum,short,,20,0.0564705882352941,30d_put_30DTE,413.29,0.3929899940490723,435.6700134277344,474.0662351074219,-0.08813143089100026,-0.9559514281603719,45.98720142147082,-88.13143089100026,-955.9514281603721,False
SFM,2022-04-01,meanrev,long,BEAR,1,0.9647058823529412,ATM_call_21DTE,32.14,0.2551899890899658,32.13999938964844,32.375118629455564,0.007315471197017284,0.04037440310294787,39.132403816563276,7.315471197017284,40.374403102947866,True
LBRDA,2022-03-16,momentum,short,,20,0.0776470588235294,30d_put_30DTE,121.24,0.34671000099182125,127.09465789794922,125.53642222595217,0.012260434055758978,-0.37637465498897094,52.81262517490036,12.260434055758978,-376.3746549889709,False
AMR,2022-04-06,meanrev,long,BEAR,1,1.0,ATM_call_21DTE,114.34,0.28730000495910646,114.3440335467401,121.34406764221193,0.06121905864559547,1.3902669454639969,34.919304308096905,61.21905864559547,1390.2669454639968,True
LDOS,2022-04-06,meanrev,long,BEAR,1,0.9976470588235294,ATM_call_21DTE,102.12,0.28730000495910646,102.11752810671618,102.62552201843263,0.0049746005522732974,-0.024244138032063937,34.9554922442242,4.974600552273298,-24.244138032063944,False
C,2022-03-31,momentum,short,,7,0.0658823529411764,30d_put_30DTE,52.52,0.267279993057251,54.5099983215332,50.13005877685547,0.08035112235451153,2.818565566966346,70.40483188638353,80.35112235451153,2818.565566966346,True
TEAM,2022-03-31,momentum,short,,7,0.0235294117647058,30d_put_30DTE,292.11,0.267279993057251,303.20001220703125,293.55594122314454,0.03180762069792245,0.8492384572054948,70.51213588287177,31.80762069792245,849.2384572054949,True
NET,2022-04-06,momentum,short,,1,0.0258823529411764,30d_put_30DTE,113.42,0.28730000495910646,118.02999877929688,112.58472061157228,0.04613469646735036,1.44507867579335,65.11290666945561,46.134696467350366,1445.07867579335,True
NEM,2022-05-04,meanrev,long,BEAR,1,0.9695550351288056,ATM_call_21DTE,72.67,0.3304600009918213,72.66999816894531,73.24321939086914,0.007888003803043855,0.013297387366369248,30.54335931054098,7.888003803043855,13.297387366369248,True
CRWD,2022-04-29,momentum,short,,10,0.0140515222482435,30d_put_30DTE,195.06,0.4342000198364258,206.61000061035156,143.97738244628906,0.3031441749142732,9.099430153705145,41.16794739435695,303.1441749142732,9099.430153705145,True
NEM,2022-05-16,meanrev,long,BEAR,3,0.9509345794392524,ATM_call_21DTE,65.57,0.3571099910736084,65.56999969482422,65.97778060913086,0.006219016565571679,-0.07013779847091797,28.34109845642867,6.219016565571679,-70.13779847091797,False
SNAP,2022-04-29,momentum,short,,20,0.0234192037470726,30d_put_30DTE,27.44,0.4342000198364258,29.06999969482422,23.24640076446533,0.20033020266580026,4.935570437266169,41.263780467820965,200.33020266580024,4935.5704372661685,True
CELH,2022-04-29,momentum,short,,20,0.0163934426229508,30d_put_30DTE,17.33,0.4342000198364258,18.36000061035156,20.043338802337647,-0.09168508366154438,-0.9471852633182578,41.28007787021091,-91.68508366154437,-947.1852633182577,False
DVN,2022-05-20,meanrev,long,BEAR,3,0.9532710280373832,ATM_call_21DTE,70.51,0.38259000396728515,70.51000213623047,70.91787756347657,0.005784646360640464,-0.0828974827762132,26.5134730818701,5.784646360640464,-82.8974827762132,False
NRG,2022-05-17,momentum,long,BEAR,8,0.97196261682243,30d_call_30DTE,42.41,0.3393000049591065,44.418661834716794,46.75629847717285,0.05262735404219227,0.5808798063851067,14.96195987184777,52.62735404219227,580.8798063851068,True
IP,2022-05-10,momentum,short,,21,0.0233644859813084,30d_put_30DTE,45.59,0.42887002182006834,48.2599983215332,48.546900764465335,-0.005944932716753079,-0.6374348630565431,41.73717658019964,-5.944932716753079,-637.4348630565431,False
MO,2022-06-07,meanrev,long,BEAR,1,0.9532710280373832,ATM_call_21DTE,53.27,0.31226000595092773,53.27000045776367,53.90197832489014,0.011863673018503985,0.09623906318213005,32.25511453441001,11.863673018503984,96.23906318213004,True
SOFI,2022-05-20,momentum,short,,20,0.072429906542056,30d_put_30DTE,7.62,0.38259000396728515,8.020000457763672,6.1222201337814335,0.23663094958368902,7.755242964873777,47.137235046273986,236.63094958368904,7755.242964873776,True
SHLS,2022-05-20,momentum,short,,20,0.0046728971962616,30d_put_30DTE,14.36,0.38259000396728515,15.119999885559082,18.5269797706604,-0.22532935918572863,-0.9997941090244179,47.42226835421169,-225.3293591857286,-999.7941090244178,False
AMGN,2022-06-09,momentum,long,BEAR,7,0.983644859813084,30d_call_30DTE,234.12,0.33917000198364256,245.20944122314452,230.4240176097181,-0.06029712208336809,-0.5844201272028023,14.964318595343558,-60.297122083368095,-584.4201272028023,False
PNW,2022-06-09,meanrev,long,BEAR,8,0.9813084112149532,ATM_call_21DTE,74.69,0.33917000198364256,74.69000244140625,68.51454085778062,-0.08268123419155378,-0.9488795912756254,29.786837973598107,-82.68123419155377,-948.8795912756253,False
PM,2022-06-09,meanrev,long,BEAR,12,0.9766355140186916,ATM_call_21DTE,103.92,0.33917000198364256,103.91999816894533,99.89979847717284,-0.03868552504433989,-0.8325822807234404,29.786860018735972,-38.68552504433989,-832.5822807234406,False
AMD,2022-06-01,momentum,short,,20,0.014018691588785,30d_put_30DTE,97.57,0.33397000694274903,102.12999725341795,83.9575809173584,0.1779341704178043,6.298484550541939,55.11677886217472,177.9341704178043,6298.484550541939,True
CRWD,2022-06-10,momentum,short,,20,0.0350467289719626,30d_put_30DTE,160.1,0.36075000000000007,168.125,168.89711755371093,-0.004592520765566855,-0.5883609673641773,50.578989311560655,-4.592520765566855,-588.3609673641773,False
MDB,2022-06-10,momentum,short,,20,0.0560747663551401,30d_put_30DTE,271.51,0.36075000000000007,285.1099853515625,260.019,0.08800458293533067,1.5178144389925046,50.5528685220523,88.00458293533067,1517.8144389925046,True
HUBS,2022-06-27,momentum,short,,21,0.0536130536130536,30d_put_30DTE,328.03,0.3503500099182129,344.0299987792969,275.3395885620117,0.19966401319947572,6.951784438922983,52.22305769576739,199.6640131994757,6951.784438922984,True
VZ,2022-07-06,momentum,short,,20,0.0163170163170163,30d_put_30DTE,49.05,0.34748999404907227,51.41999816894531,45.009838165283206,0.12466278163995483,3.2297091033725107,52.62329928787895,124.66278163995483,3229.70910337251,True
MMM,2022-07-06,momentum,short,,20,0.0745920745920745,30d_put_30DTE,103.28,0.34748999404907227,108.27759552001952,117.91931259155274,-0.08904627984420432,-0.9714986754431061,52.68092782537343,-89.04627984420432,-971.498675443106,False
VST,2022-07-22,momentum,long,BEAR,10,0.9559164733178654,30d_call_30DTE,22.51,0.2993900089263916,23.456819847106935,25.309280609130855,0.07897322715092578,1.0637841508198989,16.76707356984095,78.97322715092578,1063.784150819899,True
WING,2022-08-01,momentum,short,,1,0.0023201856148491,30d_put_30DTE,118.4,0.2969200019836426,123.3539779033324,122.31779383850098,0.008400086340494406,0.4128388664386696,62.69734976725025,8.400086340494406,412.8388664386696,True
VZ,2022-08-01,momentum,short,,1,0.0556844547563805,30d_put_30DTE,44.43,0.2969200019836426,46.290000915527344,45.43068015289307,0.01856385278977233,0.640637871957341,62.72316987007532,18.56385278977233,640.637871957341,True
EQR,2022-07-20,momentum,short,,20,0.0672853828306264,30d_put_30DTE,68.87,0.31043998908996584,71.87999725341797,77.6149190826416,-0.07978466956536974,-0.9727436170938211,59.781610005149844,-79.78466956536974,-972.7436170938211,False
PLUG,2022-09-02,meanrev,long,BEAR,5,0.9815242494226328,ATM_call_21DTE,27.41,0.3311099910736084,27.40999984741211,27.415059314727785,0.00018458472615252047,-0.2120231950875823,30.485571429782997,0.18458472615252047,-212.02319508758228,False
HALO,2022-09-02,meanrev,long,BEAR,6,0.9884526558891455,ATM_call_21DTE,41.02,0.3311099910736084,41.02000045776367,39.59065817260742,-0.03484500900062099,-0.6747711239031491,30.48556374196163,-34.845009000621,-674.7711239031491,False
APA,2022-09-08,meanrev,long,BEAR,1,0.9815242494226328,ATM_call_21DTE,36.85,0.30693000793457026,36.849998474121094,38.01382015228271,0.031582679141193,0.5232000949585515,32.793385408377944,31.582679141192994,523.2000949585514,True
REGN,2022-09-14,meanrev,long,BEAR,2,0.9630484988452656,ATM_call_21DTE,701.98,0.3400799980163574,701.97998046875,708.8793878173828,0.009828495883922133,0.019576890498446662,29.7099853650108,9.828495883922134,19.57689049844666,True
VLO,2022-09-16,meanrev,long,BEAR,4,0.953810623556582,ATM_call_21DTE,104.06,0.3418999900817871,104.05999755859376,107.20515817260744,0.030224492483220646,0.3566207800788706,29.557410195719836,30.224492483220647,356.6207800788706,True
PSA,2022-09-02,momentum,short,,20,0.0300230946882217,30d_put_30DTE,324.69,0.3311099910736084,339.7300109863281,299.5078236694336,0.11839456632082232,3.221338936560454,55.60262400260695,118.39456632082232,3221.338936560454,True
CCI,2022-09-02,momentum,short,,20,0.0415704387990762,30d_put_30DTE,165.49,0.3311099910736084,173.14999389648438,157.4041763305664,0.09093744222325194,1.9448894875867078,55.57153492511269,90.93744222325195,1944.8894875867077,True
AVB,2022-09-02,momentum,short,,20,0.046189376443418,30d_put_30DTE,195.49,0.3311099910736084,204.5399932861328,188.8569557189941,0.07667467528073872,1.3642958860648595,55.57799280176496,76.67467528073871,1364.2958860648594,True
LMT,2022-09-23,momentum,short,,20,0.0184757505773672,30d_put_30DTE,398.41,0.3889600009918213,419.7799987792969,406.7719114379883,0.03098786835755766,-0.11395654146365668,46.508820161160465,30.98786835755766,-113.95654146365668,False
TRV,2022-09-23,momentum,short,,20,0.0554272517321016,30d_put_30DTE,147.92,0.3889600009918213,155.86000061035156,165.8410144958496,-0.06403832828443572,-0.9115932881917056,46.53405081386652,-64.0383282844357,-911.5932881917056,False
MAA,2022-09-23,momentum,short,,20,0.0600461893764434,30d_put_30DTE,149.57,0.3889600009918213,157.58999633789062,146.85311755371094,0.06813172811527077,0.7020931668447687,46.49740876630385,68.13172811527077,702.0931668447687,True
LLY,2022-10-06,momentum,long,BEAR,11,0.9539170506912442,30d_call_30DTE,311.58,0.39676000595092775,328.59588244628907,332.09448974609376,0.010647142848409116,0.012540955564355853,13.008164302308648,10.647142848409118,12.540955564355851,True
ARCB,2022-10-14,momentum,short,,20,0.0436781609195402,30d_put_30DTE,73.56,0.4162600059509277,77.76000213623047,71.32236030578613,0.08278860151220167,0.9583146628338827,43.18327462821395,82.78860151220167,958.3146628338826,True
MSC,2022-10-14,momentum,short,,20,0.0022988505747126,30d_put_30DTE,2.07,0.4162600059509277,2.190000057220459,1.9338599474430087,0.11695895118036777,2.0200911344335406,43.67019177182901,116.95895118036776,2020.0911344335407,True
MTB,2022-10-20,momentum,short,,20,0.0045977011494252,30d_put_30DTE,153.91,0.3897399940490723,162.17999267578125,166.27188244628906,-0.02523054603096463,-0.7463189328010096,46.40389321980953,-25.23054603096463,-746.3189328010095,False
PCG,2022-11-16,meanrev,long,BEAR,1,0.963302752293578,ATM_call_21DTE,14.41,0.31343000793457026,14.40999984741211,14.700539543151857,0.020162366330068036,0.26088055486983974,32.1393299448326,20.16236633006804,260.8805548698397,True
DKNG,2022-11-14,momentum,short,,2,0.0321100917431192,30d_put_30DTE,13.98,0.30848999404907224,14.59000015258789,14.8897196559906,-0.02054280330830201,-0.12423857292222612,60.39349636705873,-20.54280330830201,-124.23857292222613,False
ICE,2022-11-14,momentum,short,,2,0.0711009174311926,30d_put_30DTE,99.61,0.30848999404907224,103.93000030517578,104.22803663635254,-0.0028676641037392358,0.15650792957559292,60.11419422409907,-2.867664103739236,156.50792957559293,True
GTLB,2022-11-14,momentum,short,,2,0.073394495412844,30d_put_30DTE,43.44,0.30848999404907224,45.32500076293945,43.8775809173584,0.03193424867550257,0.9078757712028495,60.13952508581951,31.93424867550257,907.8757712028494,True
VICI,2022-11-15,meanrev,long,BEAR,3,0.9770642201834864,ATM_call_21DTE,32.03,0.31902001190185547,32.029998779296875,32.235399238586425,0.006412752641823813,-0.05525554174446938,31.597388451270962,6.412752641823813,-55.25554174446938,False
BE,2022-11-11,momentum,long,BEAR,24,0.970183486238532,30d_call_30DTE,20.93,0.29276000595092777,21.7935,20.977960456848145,-0.03742122849252562,-0.7166961573544776,17.097678611540278,-37.421228492525614,-716.6961573544774,False
META,2022-12-15,momentum,long,CHOPPY,6,0.9474885844748858,30d_call_30DTE,113.8,0.2967899990081787,118.56666183471678,119.52048213195802,0.00804459097086559,0.06326268623827982,16.870093993033315,8.04459097086559,63.26268623827983,True
O,2022-12-22,momentum,short,,20,0.0455580865603644,30d_put_30DTE,61.48,0.2856099910736084,63.959999084472656,66.132,-0.03395873900277522,-0.8587419747214163,65.43602246877076,-33.95873900277522,-858.7419747214163,False
MMM,2022-12-22,momentum,short,,20,0.0660592255125284,30d_put_30DTE,98.22,0.2856099910736084,102.19063568115234,108.17578912353515,-0.05856851170842348,-0.9482188175264906,65.54492698710087,-58.568511708423486,-948.2188175264906,False
OKTA,2022-12-22,momentum,short,,20,0.0683371298405467,30d_put_30DTE,63.95,0.2856099910736084,66.52999877929688,65.02980152893066,0.02254918499762624,-0.11724074149727033,65.44309103408798,22.549184997626238,-117.24074149727035,False
PLTR,2023-02-02,momentum,long,CHOPPY,8,0.9295454545454546,30d_call_30DTE,8.24,0.24348999404907226,8.5270202293396,7.825329326489137,-0.08229028241730904,-0.8529434296783804,20.160877452189492,-82.29028241730904,-852.9434296783804,False
INTU,2023-01-25,momentum,long,CHOPPY,22,0.9020501138952164,30d_call_30DTE,381.59,0.24803999900817872,395.08858776855465,409.85925113396183,0.037385699872606634,0.4457001066754217,19.844480994996562,37.38569987260663,445.7001066754217,True
NU,2023-02-08,momentum,long,TRENDING_BULL,8,0.9795454545454544,30d_call_30DTE,4.75,0.2551899890899658,4.919819847106933,4.9148901876201325,-0.0010019999999999513,-0.1142478808222126,19.48176512838081,-1.0019999999999514,-114.2478808222126,False
MSFT,2023-02-13,momentum,long,TRENDING_BULL,9,0.8909090909090909,30d_call_30DTE,258.47,0.26442000198364257,268.17529467773437,250.24100783659296,-0.06687523868555083,-0.7881489884915429,18.734616402899285,-66.87523868555083,-788.1489884915429,False
TEAM,2023-02-22,momentum,short,,1,0.0181818181818181,30d_put_30DTE,159.5,0.2897700119018555,166.02999877929688,170.97126489257812,-0.02976128500639004,-0.24300170600616355,64.46072470519115,-29.76128500639004,-243.00170600616357,False
TSLA,2023-02-22,momentum,short,,1,0.0022727272727272,30d_put_30DTE,190.15,0.2897700119018555,197.92999267578125,202.4741473388672,-0.022958393529218635,-0.1481728630589025,64.43012492061003,-22.958393529218633,-148.17286305890252,False
ROST,2023-02-08,momentum,long,TRENDING_BULL,16,0.8590909090909091,30d_call_30DTE,110.11,0.2551899890899658,114.1077572479248,109.66718713598436,-0.038915584873798655,-0.6701192943736233,19.347884344800146,-38.91558487379866,-670.1192943736232,False
LLY,2023-02-16,meanrev,long,CHOPPY,11,0.9886363636363636,ATM_call_21DTE,331.0,0.2622100009918213,331.0,315.98675512695314,-0.04535723526600259,-0.9115361991721259,38.132306989551125,-45.3572352660026,-911.5361991721257,False
STLD,2023-02-24,meanrev,long,CHOPPY,3,0.9818181818181818,ATM_call_21DTE,116.98,0.2817100009918213,116.9800033569336,121.09731634521484,0.03519672482585206,0.6401650865790325,35.60468169284379,35.19672482585206,640.1650865790325,True
PANW,2023-02-07,momentum,long,TRENDING_BULL,22,0.8681818181818182,30d_call_30DTE,75.52,0.24257999801635743,78.13094847106933,93.28306121826172,0.19393227707715568,3.624488013210243,20.26533962687598,193.9322770771557,3624.488013210243,True
VRT,2023-02-07,momentum,long,TRENDING_BULL,22,0.9363636363636364,30d_call_30DTE,13.84,0.24257999801635743,14.318579961776733,16.09773916244507,0.12425528267592037,2.2123101630158675,20.263610174142112,124.25528267592037,2212.3101630158676,True
CNK,2023-02-27,momentum,short,,2,0.0068181818181818,30d_put_30DTE,13.1,0.2723500099182129,13.609999656677246,13.456860305786131,0.011251973163421981,0.4659150816052228,69.45878104434979,11.25197316342198,465.9150816052228,True
VZ,2023-02-27,momentum,short,,2,0.0454545454545454,30d_put_30DTE,37.54,0.2723500099182129,38.9900016784668,38.37659923553467,0.01573230101374666,0.5757367363399497,69.03630533567663,15.732301013746662,575.7367363399496,True
SMCI,2023-02-08,momentum,long,TRENDING_BULL,22,0.9613636363636364,30d_call_30DTE,7.99,0.2551899890899658,8.284535648345948,9.8173258934021,0.1850182448502327,3.2545756753347166,19.215314028700053,185.0182448502327,3254.5756753347164,True
ARRY,2023-03-01,meanrev,long,CHOPPY,1,0.9477272727272728,ATM_call_21DTE,18.91,0.2675399990081787,18.90999984741211,18.822280609130857,-0.004638775197729947,-0.20687897747726172,37.40647579457089,-4.638775197729948,-206.8789774772617,False
FSLR,2023-02-08,momentum,long,TRENDING_BULL,26,0.9954545454545456,30d_call_30DTE,162.55,0.2551899890899658,168.45623510742186,211.8754030456543,0.25774746723114605,4.671441885339322,19.341188076785947,257.747467231146,4671.441885339322,True
HALO,2023-03-01,meanrev,long,CHOPPY,7,0.9954545454545456,ATM_call_21DTE,47.71,0.2675399990081787,47.709999084472656,43.1429878053503,-0.09572440508825539,-0.9891963629783258,37.40648357946406,-95.7244050882554,-989.1963629783257,False
ARES,2023-03-21,meanrev,long,CHOPPY,1,0.9522727272727272,ATM_call_21DTE,75.16,0.27793998908996587,75.16000366210938,78.36295664978027,0.042615125487089504,0.898365278248156,36.066873992171345,42.61512548708951,898.365278248156,True
INSP,2023-03-24,meanrev,long,CHOPPY,1,0.975,ATM_call_21DTE,235.51,0.28261999702453616,235.5099945068359,247.85330609130855,0.05241098837575816,1.1575686053475558,35.49491777041949,52.41098837575815,1157.5686053475558,True
MPC,2023-03-27,meanrev,long,CHOPPY,1,0.9477272727272728,ATM_call_21DTE,126.3,0.26780000495910644,126.3000030517578,128.65218365478515,0.018623757293682923,0.29299028338602684,37.37175185064188,18.62375729368292,292.9902833860269,True
NVDA,2023-03-07,momentum,long,CHOPPY,22,0.9704545454545456,30d_call_30DTE,22.82,0.2546700019836426,23.647200382232665,26.930031253814697,0.138825350084511,2.384893730845313,19.380785388357527,138.825350084511,2384.8937308453133,True
APP,2023-03-17,momentum,long,CHOPPY,39,0.9863636363636364,30d_call_30DTE,13.1,0.33163000297546386,13.70736030578613,15.409119581222534,0.12414930646552418,1.573094191551097,15.274362346207697,124.14930646552419,1573.094191551097,True
NRG,2023-04-05,momentum,long,TRENDING_BULL,21,0.8795454545454545,30d_call_30DTE,32.42,0.24803999900817872,33.567,33.24541612432823,-0.009580357960847564,-0.391674729467463,19.843263368850376,-9.580357960847564,-391.674729467463,False
CAT,2023-04-05,momentum,long,TRENDING_BULL,22,0.9545454545454546,30d_call_30DTE,209.23,0.24803999900817872,216.63239694213868,208.73805321746775,-0.03644119640507633,-0.7476102583809755,19.843304453924993,-36.44119640507633,-747.6102583809756,False
SOFI,2023-04-03,momentum,long,CHOPPY,28,0.9704545454545456,30d_call_30DTE,5.95,0.2411499900817871,6.152279866218567,5.506088721967662,-0.10503279407022162,-0.999998549743219,20.4770862191981,-105.03279407022163,-999.9985497432191,False
ETN,2023-04-05,momentum,long,TRENDING_BULL,26,0.9318181818181818,30d_call_30DTE,155.36,0.24803999900817872,160.85105877685547,168.44243878173828,0.047195088814517124,0.6230987225212807,19.852200594701383,47.19508881451712,623.0987225212807,True
STRL,2023-04-05,momentum,long,TRENDING_BULL,26,0.968181818181818,30d_call_30DTE,34.14,0.24803999900817872,35.35055877685547,37.51482015228272,0.06122283353677052,0.900865120061559,19.8232174808307,61.22283353677052,900.865120061559,True
KKR,2023-04-05,momentum,long,TRENDING_BULL,26,0.9522727272727272,30d_call_30DTE,48.79,0.24803999900817872,50.51081984710693,53.1435,0.052121113077594663,0.7211134977598821,19.870999603017694,52.121113077594664,721.1134977598821,True
SHOP,2023-04-06,momentum,long,TRENDING_BULL,26,0.884090909090909,30d_call_30DTE,43.29,0.23919999504089356,44.76936030578613,46.68643878173828,0.04282121662802458,0.5646999631760623,20.508939838636632,42.82121662802457,564.6999631760623,True
APP,2023-05-04,momentum,long,TRENDING_BULL,13,0.9795454545454544,30d_call_30DTE,16.09,0.2611700019836426,16.683299617767332,24.33123916244507,0.45841888115063617,8.420048616786312,19.000596974329813,458.4188811506362,8420.048616786311,True
ANET,2023-05-18,meanrev,long,CHOPPY,1,0.9840909090909092,ATM_call_21DTE,33.64,0.2086499900817871,33.63999938964844,35.29427167510986,0.04917575254090135,1.5674884095927277,47.36765405964014,49.17575254090135,1567.4884095927277,True
NFLX,2023-05-23,meanrev,long,CHOPPY,1,0.9613636363636364,ATM_call_21DTE,36.02,0.24089000892639162,36.02399826049805,36.41203060913086,0.010771495874135312,0.1355059661437323,41.24566118987178,10.77149587413531,135.5059661437323,True
NVDA,2023-05-04,momentum,long,TRENDING_BULL,21,0.9545454545454546,30d_call_30DTE,26.71,0.2611700019836426,27.706301067352296,37.90403954315185,0.3680656775875455,6.655135007734076,18.90271556621833,368.0656775875455,6655.135007734076,True
VRT,2023-05-04,momentum,long,TRENDING_BULL,22,0.95,30d_call_30DTE,14.4,0.2611700019836426,14.929799617767332,19.700519771575927,0.3195434818918239,5.768571725669675,19.019532808904664,319.54348189182394,5768.571725669675,True
FSLR,2023-05-19,meanrev,long,CHOPPY,7,0.8795454545454545,ATM_call_21DTE,206.01,0.218529993057251,206.0099945068359,201.36646426391604,-0.022540315357203616,-0.6856422999673315,45.342145659495365,-22.540315357203617,-685.6422999673315,False
META,2023-05-04,momentum,long,TRENDING_BULL,26,0.9431818181818182,30d_call_30DTE,228.06,0.2611700019836426,236.53211755371095,261.99494903564454,0.10765063005091295,1.7249382239309643,18.937485736510837,107.65063005091295,1724.9382239309643,True
APP,2023-05-25,meanrev,long,CHOPPY,6,1.0,ATM_call_21DTE,24.93,0.24881999206542973,24.93000030517578,24.959980228424072,0.0012025640947171156,-0.2157777107897975,40.08635042686305,1.2025640947171157,-215.77771078979748,False
APP,2023-06-01,momentum,long,CHOPPY,6,0.9454545454545454,30d_call_30DTE,23.86,0.20344999504089353,24.5590202293396,22.366391678712215,-0.08927996842512245,-0.9213667365187413,23.742815449666306,-89.27996842512245,-921.3667365187413,False
MSFT,2023-05-19,momentum,long,CHOPPY,26,0.8636363636363636,30d_call_30DTE,307.72,0.218529993057251,317.37347021484373,336.6653163452148,0.06078594444996176,1.0390860856238588,22.253934743522578,60.785944449961754,1039.086085623859,True
TEAM,2023-06-09,momentum,long,TRENDING_BULL,17,0.8704545454545455,30d_call_30DTE,166.98,0.17978999900817874,171.3319855041504,160.09240528998097,-0.06560117879388698,-0.9598248775072794,26.52870462209828,-65.60117879388697,-959.8248775072794,False
AMZN,2023-06-09,momentum,long,TRENDING_BULL,26,0.8909090909090909,30d_call_30DTE,121.17,0.17978999900817874,124.32816183471678,130.11924487304688,0.046579012774505824,0.920859488830185,26.528245800629467,46.57901277450582,920.859488830185,True
NVDA,2023-06-09,momentum,long,TRENDING_BULL,27,0.9727272727272728,30d_call_30DTE,38.12,0.17978999900817874,39.11507274627686,42.018794639587405,0.07423536988275026,1.6508342821089708,26.509576920187946,74.23536988275025,1650.834282108971,True
INTU,2023-06-09,momentum,long,TRENDING_BULL,27,0.9272727272727272,30d_call_30DTE,412.91,0.17978999900817874,423.65561755371095,450.597,0.06359264773085041,1.370031448795536,26.546924706680166,63.592647730850416,1370.031448795536,True
SCHW,2023-06-12,momentum,long,TRENDING_BULL,28,0.9340909090909092,30d_call_30DTE,53.55,0.19513000297546387,55.05990076446533,57.71434182739258,0.04821005897345126,0.8686402258353388,24.637268980217527,48.21005897345126,868.6402258353388,True
VRT,2023-06-09,momentum,long,TRENDING_BULL,39,0.9613636363636364,30d_call_30DTE,20.73,0.17978999900817874,21.2724595413208,26.676539543151858,0.2540411460806342,6.4021317853490265,26.479526080793903,254.0411460806342,6402.131785349027,True
MSFT,2023-06-28,momentum,long,TRENDING_BULL,26,0.8772727272727273,30d_call_30DTE,327.05,0.17459000396728513,335.3293236694336,344.41976538085936,0.027108997244711778,0.4234103632299623,27.251133707259232,27.108997244711777,423.41036322996223,True
NET,2023-06-30,momentum,long,TRENDING_BULL,26,0.9340909090909092,30d_call_30DTE,63.82,0.1766700019836426,65.45063969421386,65.60851786804199,0.0024121715932148603,-0.24003383985226956,26.988334422819126,2.4121715932148606,-240.03383985226958,False
AAPL,2023-07-06,momentum,long,TRENDING_BULL,26,0.8704545454545455,30d_call_30DTE,184.87,0.20071999454498293,190.21967633056644,195.21878060913085,0.02628068964788316,0.3179032406571077,24.028203145628982,26.280689647883158,317.90324065710763,True
NVDA,2023-07-07,momentum,long,TRENDING_BULL,26,0.9954545454545456,30d_call_30DTE,41.26,0.19278999900817873,42.406642593383786,44.18046300506592,0.04182883395628399,0.728275127768835,24.94074432116272,41.828833956283994,728.2751277688349,True
GE,2023-07-07,momentum,long,TRENDING_BULL,26,0.8954545454545455,30d_call_30DTE,83.36,0.19278999900817873,85.67779609680176,89.18281105041504,0.04090925669531924,0.7052805716643711,24.934985257250865,40.909256695319236,705.2805716643711,True
ORCL,2023-07-11,momentum,long,TRENDING_BULL,27,0.8931818181818182,30d_call_30DTE,111.33,0.19292000198364256,114.42839694213868,115.86779847717284,0.012579058813189577,-0.0028996731078970717,24.916467653546945,12.579058813189576,-2.8996731078970717,False
INTU,2023-07-07,momentum,long,TRENDING_BULL,39,0.9363636363636364,30d_call_30DTE,439.4,0.19278999900817873,451.6314710083008,496.18563269042977,0.09865158772629036,2.1335267976546657,24.92178478989129,98.65158772629036,2133.526797654666,True
BA,2023-07-19,momentum,long,TRENDING_BULL,27,0.8636363636363636,30d_call_30DTE,206.2,0.17888000297546386,211.54223510742187,231.79547451782224,0.09574087841189588,2.234707058589092,26.66369316487184,95.74087841189588,2234.7070585890915,True
SNOW,2023-08-02,momentum,long,TRENDING_BULL,13,0.9113636363636364,30d_call_30DTE,167.8,0.20917000198364258,172.845,154.3870776509882,-0.10678887065875088,-0.9897658224516789,23.16101935698526,-106.78887065875088,-989.7658224516789,False
AMZN,2023-07-25,momentum,long,TRENDING_BULL,22,0.9159090909090908,30d_call_30DTE,126.27,0.18017999553680422,129.56861755371094,134.79986730957032,0.040374358039984765,0.7664103484996119,26.473975779537017,40.37435803998477,766.4103484996118,True
ADBE,2023-07-27,momentum,long,TRENDING_BULL,22,0.8795454545454545,30d_call_30DTE,510.38,0.1873299980163574,524.2062930908203,503.9725774282306,-0.03859876527480786,-0.8599845839098649,25.572596445403956,-38.59876527480785,-859.9845839098649,False
AXON,2023-08-16,meanrev,long,CHOPPY,6,0.9590909090909092,ATM_call_21DTE,201.87,0.2181400089263916,201.8699951171875,198.5620867004395,-0.016386330295533682,-0.5708752244701485,45.41880725594698,-16.386330295533682,-570.8752244701485,False
SHOP,2023-08-17,meanrev,long,CHOPPY,5,0.9931818181818182,ATM_call_21DTE,55.69,0.2325699920654297,55.689998626708984,53.85207908630371,-0.03300268604287244,-0.7483612426771086,42.74453628872382,-33.00268604287244,-748.3612426771086,False
EQR,2023-08-21,momentum,short,,1,0.05,30d_put_30DTE,61.78,0.22268998908996582,63.75,63.34644122314453,0.006330333754595595,0.4246337777797562,86.26116513083487,6.330333754595594,424.6337777797562,True
WELL,2023-08-23,meanrev,long,CHOPPY,1,0.9545454545454546,ATM_call_21DTE,80.16,0.20773999404907229,80.16000366210938,80.838,0.008458037760932628,0.11057279340233597,47.56327282726718,8.458037760932628,110.57279340233598,True
NVDA,2023-08-03,momentum,long,TRENDING_BULL,25,1.0,30d_call_30DTE,42.62,0.20696000099182127,43.887599235534665,46.74132908630371,0.06502360348885182,1.2090962794460578,23.391884695936245,65.02360348885182,1209.0962794460577,True
GE,2023-08-03,momentum,long,TRENDING_BULL,25,0.9477272727272728,30d_call_30DTE,86.84,0.20696000099182127,89.42830123901368,90.76782284545898,0.014978721365456592,0.04406376920440728,23.369087927392247,14.978721365456591,44.063769204407286,True
UPST,2023-08-24,meanrev,long,CHOPPY,4,0.9795454545454544,ATM_call_21DTE,33.05,0.22360000991821288,33.04999923706055,29.421039543151856,-0.10980211127627998,-0.9976253832746275,44.36849745087634,-109.80211127627999,-997.6253832746276,False
ORCL,2023-08-10,momentum,long,TRENDING_BULL,26,0.8568181818181818,30d_call_30DTE,110.72,0.20605000495910647,114.00755877685548,123.73204335021973,0.08529684064543276,1.687313332448175,23.45794179688016,85.29684064543275,1687.313332448175,True
NVDA,2023-08-31,momentum,long,CHOPPY,15,0.9931818181818182,30d_call_30DTE,48.25,0.17640999603271487,49.478761070251466,44.37907508453124,-0.10306818269923003,-0.9951377193117337,27.047563338140275,-103.06818269923002,-995.1377193117337,False
AMZN,2023-09-20,momentum,long,TRENDING_BULL,6,0.8568181818181818,30d_call_30DTE,134.99,0.1968200044631958,138.82710305786134,127.13490086906975,-0.0842213222868911,-0.937470034372438,24.447926716835507,-84.2213222868911,-937.4700343724379,False
PHM,2023-09-28,meanrev,long,CHOPPY,1,0.968181818181818,ATM_call_21DTE,72.91,0.22542000198364257,72.91000366210938,74.62045664978028,0.02345978469014686,0.5251850298232243,44.0290302170636,23.45978469014686,525.1850298232243,True
DHI,2023-09-28,meanrev,long,CHOPPY,1,0.9659090909090908,ATM_call_21DTE,106.82,0.22542000198364257,106.81999969482422,108.70215817260744,0.01761990716308173,0.34760209780483053,44.029082185207294,17.61990716308173,347.6020978048306,True
EOG,2023-09-20,momentum,long,TRENDING_BULL,14,0.9,30d_call_30DTE,124.71,0.1968200044631958,128.256,119.93023530766168,-0.06491520624640036,-0.9170853704850548,24.44442347797173,-64.91520624640036,-917.0853704850547,False
VST,2023-09-20,momentum,long,TRENDING_BULL,14,0.9772727272727272,30d_call_30DTE,32.43,0.1968200044631958,33.34655877685547,31.18152136657576,-0.0649253623070209,-0.9175517768051248,24.51217148781033,-64.9253623070209,-917.5517768051247,False
PLTR,2023-10-04,meanrev,long,CHOPPY,1,0.975,ATM_call_21DTE,15.46,0.24153999900817874,15.460000038146973,15.698539543151856,0.015429463416319289,0.25515659896999815,41.23517616512893,15.429463416319287,255.15659896999819,True
LLY,2023-10-02,meanrev,long,CHOPPY,3,0.9704545454545456,ATM_call_21DTE,536.01,0.2289300079345703,536.010009765625,540.3970205078125,0.008184568687636557,0.03406458583327908,43.38895259688327,8.184568687636556,34.064585833279075,True
ANF,2023-09-20,momentum,long,TRENDING_BULL,22,0.9863636363636364,30d_call_30DTE,49.48,0.1968200044631958,50.88155877685547,61.616521675109865,0.21097944238173408,4.861672790721048,24.487186251818095,210.9794423817341,4861.672790721049,True
OXY,2023-10-12,meanrev,long,CHOPPY,1,0.968181818181818,ATM_call_21DTE,63.76,0.21697000694274904,63.7599983215332,64.24126274108886,0.007548061985960299,0.07564106528545678,45.650374250415844,7.5480619859603,75.64106528545678,True
APP,2023-09-21,momentum,long,TRENDING_BULL,25,0.9818181818181818,30d_call_30DTE,37.24,0.22802001190185547,38.45676107025147,38.81221939086914,0.009243064437182652,-0.10226874383437354,21.411728669411055,9.243064437182651,-102.26874383437354,False
OXY,2023-10-18,momentum,long,CHOPPY,8,0.9659090909090908,30d_call_30DTE,63.6,0.2498599910736084,65.86146336364746,63.143460456848146,-0.04126848642569833,-0.5569753106226772,19.72917863610161,-41.268486425698335,-556.9753106226773,False
ANF,2023-10-30,meanrev,long,BEAR,1,0.975,ATM_call_21DTE,58.93,0.25675000000000003,58.93000030517578,60.69835969543457,0.03000779536910122,0.620021998581973,38.905637524340136,30.00779536910122,620.0219985819731,True
MDB,2023-11-03,meanrev,long,BEAR,1,0.9568181818181818,ATM_call_21DTE,332.74,0.19382999801635742,332.739990234375,342.4237653808594,0.029103129863240464,0.8612806008252754,50.769289028858545,29.10312986324046,861.2806008252754,True
HPQ,2023-10-25,momentum,short,,20,0.0386363636363636,30d_put_30DTE,25.06,0.262470006942749,26.0,28.3365606880188,-0.08986771876995384,-0.9921575846502299,72.2278409930024,-89.86771876995383,-992.1575846502299,False
HUBS,2023-10-25,momentum,short,,20,0.059090909090909,30d_put_30DTE,413.6,0.262470006942749,429.0299987792969,456.2105877685546,-0.06335358615153637,-0.9678331635212455,71.92387789756548,-63.35358615153637,-967.8331635212455,False
TMUS,2023-10-30,momentum,short,,17,0.075,30d_put_30DTE,136.34,0.25675000000000003,141.32000732421875,147.7849855041504,-0.04574708353290406,-0.8713749127434306,73.683021580131,-45.74708353290406,-871.3749127434306,False
CELH,2023-11-15,meanrev,long,BEAR,5,0.9545454545454546,ATM_call_21DTE,52.86,0.18434000396728514,52.86000061035156,54.07164030456543,0.02292167385969704,0.5785806659728938,53.216125014792645,22.921673859697037,578.5806659728938,True
MRVL,2023-11-17,momentum,long,TRENDING_BULL,14,0.9090909090909092,30d_call_30DTE,53.42,0.1794000024795532,54.80940076446533,51.13821399441584,-0.06698096893680389,-0.9465685643132645,26.58050925486683,-66.98096893680389,-946.5685643132646,False
SNOW,2023-11-17,momentum,long,TRENDING_BULL,26,0.9409090909090908,30d_call_30DTE,156.95,0.1794000024795532,161.03142672729493,196.1569030456543,0.21812808240123222,5.483508790642864,26.582568626068227,218.1280824012322,5483.508790642864,True
VRT,2023-11-17,momentum,long,TRENDING_BULL,27,0.9340909090909092,30d_call_30DTE,42.76,0.1794000024795532,43.86755877685547,47.14552167510986,0.07472407833152202,1.6708968879671957,26.631131657668675,74.72407833152201,1670.8968879671957,True
RUN,2023-11-20,momentum,long,TRENDING_BULL,24,0.9840909090909092,30d_call_30DTE,11.44,0.17432999801635743,11.72840992355347,17.904120532989502,0.5265599215656438,14.07593071075732,27.321774459422965,526.5599215656438,14075.930710757319,True
ETSY,2023-11-21,momentum,long,TRENDING_BULL,27,0.8727272727272727,30d_call_30DTE,69.58,0.17355000495910647,71.33238244628906,84.29107908630371,0.18166639323693026,4.657632992912594,27.3906464028901,181.66639323693028,4657.632992912594,True
ANF,2023-11-17,momentum,long,TRENDING_BULL,32,0.9295454545454546,30d_call_30DTE,68.93,0.1794000024795532,70.7211618347168,90.7780790863037,0.2836055959949039,7.215050430030455,26.591715850513918,283.6055959949039,7215.050430030456,True
SCHW,2023-11-24,momentum,long,TRENDING_BULL,26,0.8909090909090909,30d_call_30DTE,54.91,0.16198000049591066,56.202180152893064,66.98576274108886,0.1918712505255137,5.278724138789769,29.163885366868474,191.87125052551372,5278.724138789768,True
VST,2023-11-21,momentum,long,TRENDING_BULL,42,0.875,30d_call_30DTE,33.92,0.17355000495910647,34.76940076446533,37.99385969543457,0.09273840963818594,2.217787536101192,27.46303328585035,92.73840963818594,2217.787536101192,True
NVDA,2023-12-04,momentum,long,TRENDING_BULL,29,0.9636363636363636,30d_call_30DTE,45.06,0.17003999900817873,46.16915366363526,48.07166326904297,0.04120737450091512,0.8256061270598289,27.94094663352854,41.20737450091512,825.606127059829,True
FTNT,2023-12-14,momentum,long,TRENDING_BULL,26,0.865909090909091,30d_call_30DTE,54.62,0.16223999404907227,55.911599235534666,59.281201522827146,0.06026660537999647,1.436557043878277,29.077427952657786,60.26660537999647,1436.557043878277,True
ULTA,2023-12-15,momentum,long,TRENDING_BULL,26,0.8636363636363636,30d_call_30DTE,482.47,0.1596399965286255,493.67538244628906,479.9481836547852,-0.027806123780128596,-0.8785310549197011,29.535681572996886,-27.806123780128598,-878.5310549197012,False
GE,2023-12-15,momentum,long,TRENDING_BULL,26,0.9454545454545454,30d_call_30DTE,95.67,0.1596399965286255,97.88892192077635,103.3045506439209,0.05532422481399414,1.3176541807309208,29.55426106082188,55.32422481399414,1317.6541807309209,True
ROST,2023-12-19,momentum,long,TRENDING_BULL,28,0.9204545454545454,30d_call_30DTE,132.76,0.1628899965286255,135.90126489257813,136.80584182739258,0.006656133300374148,-0.12951996895785536,29.01680316804453,6.656133300374149,-129.51996895785535,False
ETN,2023-12-20,momentum,long,TRENDING_BULL,27,0.9022727272727272,30d_call_30DTE,232.47,0.17771000099182124,238.45595571899412,241.25652548217775,0.011744599772059931,-0.002191479677073312,26.819877769195415,11.74459977205993,-2.1914796770733123,False
MSFT,2023-12-21,momentum,long,TRENDING_BULL,26,0.8909090909090909,30d_call_30DTE,363.95,0.17744999504089357,373.30511755371094,389.48944903564455,0.04335416451826439,0.8490603248948232,26.859514252151126,43.35416451826439,849.0603248948232,True
SCHW,2024-01-11,momentum,long,TRENDING_BULL,6,0.9181818181818182,30d_call_30DTE,64.11,0.16171999454498293,65.62097785949707,60.76655466418219,-0.07397669699023426,-0.9495526853732653,29.164522753523425,-73.97669699023427,-949.5526853732654,False
CRM,2024-01-03,momentum,long,TRENDING_BULL,26,0.8590909090909091,30d_call_30DTE,247.47,0.18251999950408937,254.007,287.2842653808594,0.13100924533914174,3.115251280807597,26.183150596561145,131.00924533914173,3115.2512808075967,True
NVDA,2024-01-03,momentum,long,TRENDING_BULL,33,0.9931818181818182,30d_call_30DTE,46.36,0.18251999950408937,47.579970611572264,69.19333673095703,0.4542534566872562,11.587102190156685,26.22892831429855,454.2534566872562,11587.102190156684,True
VST,2024-01-10,momentum,long,TRENDING_BULL,26,0.9545454545454546,30d_call_30DTE,38.83,0.16496999454498293,39.75936030578613,43.26329847717285,0.08812863548201498,2.212182875571006,28.697812237141697,88.12863548201497,2212.1828755710058,True
NOW,2024-01-11,momentum,long,TRENDING_BULL,26,0.8636363636363636,30d_call_30DTE,141.47,0.16171999454498293,144.80101739501953,155.17902548217774,0.07167082299461221,1.774879238404937,29.177588712958894,71.67082299461221,1774.879238404937,True
PLTR,2024-01-17,momentum,long,TRENDING_BULL,21,0.9954545454545456,30d_call_30DTE,15.85,0.19226999950408938,16.2925202293396,23.55280038070679,0.4456204472462683,10.80512609723789,24.918975312843493,445.62044724626827,10805.126097237891,True
NET,2024-01-18,momentum,long,TRENDING_BULL,27,0.8590909090909091,30d_call_30DTE,76.87,0.18369000148773196,78.91752214050292,104.16126274108888,0.3198749772660447,8.001855952554338,26.006383044282234,319.8749772660447,8001.855952554337,True
SMCI,2024-02-06,momentum,long,TRENDING_BULL,9,0.9954545454545456,30d_call_30DTE,65.81,0.1697800054550171,67.43460305786132,100.19920152282717,0.48587219289854255,13.302435910488063,27.923152009517125,485.8721928985425,13302.435910488062,True
LLY,2024-01-17,momentum,long,TRENDING_BULL,34,0.968181818181818,30d_call_30DTE,623.42,0.19226999950408938,640.7289122314453,754.1486531982422,0.17701673641008914,4.09727104943527,24.982808703007525,177.01673641008915,4097.27104943527,True
VRT,2024-01-17,momentum,long,TRENDING_BULL,40,0.9840909090909092,30d_call_30DTE,48.19,0.19226999950408938,49.52886030578613,66.17737756347657,0.33613770143112903,8.070221822138212,24.975166501389015,336.137701431129,8070.221822138212,True
INTU,2024-02-01,momentum,long,TRENDING_BULL,26,0.9295454545454546,30d_call_30DTE,616.67,0.18044000148773195,632.7830595703125,668.0212653808594,0.05568765673732668,1.1580660512351593,26.45383586241896,55.68765673732668,1158.0660512351592,True
MSFT,2024-02-08,momentum,long,TRENDING_BULL,26,0.8795454545454545,30d_call_30DTE,405.1,0.16626999950408936,414.8780877685546,401.8446939086914,-0.031414996945160624,-0.9038488837067826,28.484100470098625,-31.414996945160624,-903.8488837067825,False
TJX,2024-02-16,momentum,long,TRENDING_BULL,24,0.9386363636363636,30d_call_30DTE,95.63,0.18511999702453613,98.18597785949706,95.71395725034262,-0.025176921013017488,-0.7534362077258487,25.87274136306769,-25.176921013017488,-753.4362077258487,False
NVDA,2024-02-08,momentum,long,TRENDING_BULL,33,0.9818181818181818,30d_call_30DTE,68.56,0.16626999950408936,70.21414549255371,91.72917601013184,0.3064201716997299,8.401035907912105,28.489822112370685,306.4201716997299,8401.035907912104,True
CMG,2024-02-16,momentum,long,TRENDING_BULL,26,0.8568181818181818,30d_call_30DTE,51.14,0.18511999702453613,52.50480152893066,54.344892601013186,0.03504614851402903,0.5914718183319487,25.8906447317735,35.04614851402902,591.4718183319487,True
ANF,2024-02-06,momentum,long,TRENDING_BULL,41,0.9818181818181818,30d_call_30DTE,103.6,0.1697800054550171,106.15188244628904,130.55836730957031,0.22992041498303645,6.098579346287126,27.9515280599067,229.92041498303644,6098.579346287126,True
FTNT,2024-02-21,momentum,long,TRENDING_BULL,27,0.9227272727272728,30d_call_30DTE,60.42,0.19942000198364257,62.15405877685547,67.20550774572058,0.08127303458975611,1.6488454276459414,24.192149508774843,81.27303458975612,1648.8454276459413,True
PLTR,2024-02-27,momentum,long,TRENDING_BULL,21,0.9772727272727272,30d_call_30DTE,23.22,0.17459000396728513,23.8075202293396,22.95063650033395,-0.03599214537050595,-0.8438500647640396,27.257505646219514,-35.99214537050595,-843.8500647640396,False
LLY,2024-02-28,momentum,long,TRENDING_BULL,26,0.9659090909090908,30d_call_30DTE,744.38,0.1799200019836426,763.7745,771.5937346191406,0.010237621993324753,-0.03993622429872982,26.523821311615833,10.237621993324753,-39.93622429872982,False
PANW,2024-03-12,momentum,long,TRENDING_BULL,27,0.8522727272727273,30d_call_30DTE,139.32,0.1799200019836426,142.95032327270508,134.02141329956055,-0.06246162840856907,-0.9991652420719956,26.5224722291298,-62.46162840856907,-999.1652420719955,False
SCHW,2024-03-12,momentum,long,TRENDING_BULL,27,0.9386363636363636,30d_call_30DTE,65.6,0.1799200019836426,67.3043381652832,72.22526274108887,0.07311452292601212,1.6228557182393477,26.55847463633168,73.11452292601211,1622.8557182393479,True
ECL,2024-03-13,momentum,long,TRENDING_BULL,26,0.8931818181818182,30d_call_30DTE,218.78,0.17875000000000002,224.448,226.33641329956055,0.008413589337220825,-0.08587296771118867,26.67292833230291,8.413589337220825,-85.87296771118868,False
OXY,2024-03-14,momentum,long,TRENDING_BULL,26,0.925,30d_call_30DTE,60.68,0.18719999504089352,62.32440076446533,68.4129030456543,0.0976905065513341,2.1843466925059967,25.576723325503888,97.69050655133411,2184.3466925059965,True
SMCI,2024-03-19,momentum,long,TRENDING_BULL,28,0.9318181818181818,30d_call_30DTE,86.78,0.17965999603271487,89.03872206115723,97.43473725891111,0.09429622307457408,2.183213820925041,26.55384902032392,94.29622307457409,2183.2138209250406,True
CAT,2024-03-26,momentum,long,TRENDING_BULL,22,0.8931818181818182,30d_call_30DTE,348.47,0.17211999702453612,357.17291143798826,352.3592338701375,-0.01347716305940108,-0.5451876451867337,27.601043155743437,-13.47716305940108,-545.1876451867337,False
WM,2024-03-26,momentum,long,TRENDING_BULL,22,0.8727272727272727,30d_call_30DTE,206.84,0.17211999702453612,212.0031618347168,205.73769390869143,-0.029553653218201,-0.7962575046646624,27.60743885834621,-29.553653218201006,-796.2575046646623,False
GE,2024-03-26,momentum,long,TRENDING_BULL,22,0.9522727272727272,30d_call_30DTE,135.36,0.17211999702453612,138.7366209411621,155.35865817260742,0.11981001929183996,3.004402260815519,27.615924972906996,119.81001929183996,3004.4022608155196,True
WELL,2024-04-17,meanrev,long,CHOPPY,1,0.9477272727272728,ATM_call_21DTE,88.36,0.23672998809814452,88.36000061035156,89.5205969543457,0.013134861203907427,0.2017500382755077,42.03102327640744,13.134861203907429,201.7500382755077,True
NVDA,2024-04-09,momentum,long,TRENDING_BULL,10,0.9659090909090908,30d_call_30DTE,85.22,0.19473999404907227,87.61688534545898,79.06377125652087,-0.0976194720368636,-0.9808327409889196,24.688396278157306,-97.61947203686358,-980.8327409889196,False
AFRM,2024-04-17,meanrev,long,CHOPPY,2,0.9772727272727272,ATM_call_21DTE,31.45,0.23672998809814452,31.450000762939453,30.947980228424072,-0.01596249673567449,-0.4507862847485963,42.0310078382059,-15.96249673567449,-450.78628474859624,False
VRT,2024-04-09,momentum,long,TRENDING_BULL,13,0.9840909090909092,30d_call_30DTE,82.11,0.19473999404907227,84.4185,73.6317490093553,-0.127777098510927,-0.998983696595361,24.692882447911774,-127.77709851092702,-998.9836965953609,False
DLR,2024-04-18,meanrev,long,CHOPPY,5,0.9454545454545454,ATM_call_21DTE,136.3,0.23399999999999999,136.3000030517578,138.2529387817383,0.014328214866135289,0.14271059310420067,42.496516352934,14.328214866135289,142.71059310420065,True
APP,2024-04-26,meanrev,long,CHOPPY,1,0.9818181818181818,ATM_call_21DTE,70.09,0.1953899965286255,70.08999633789062,73.67235969543457,0.05111090804276895,1.7900068981314217,50.388440857366355,51.110908042768955,1790.0068981314216,True
SHOP,2024-04-26,meanrev,long,CHOPPY,3,0.9590909090909092,ATM_call_21DTE,71.32,0.1953899965286255,71.31999969482422,72.33504335021972,0.014232244247600084,0.26420413963618294,50.388378859429174,14.232244247600084,264.20413963618296,True
HALO,2024-04-10,momentum,long,TRENDING_BULL,22,0.9590909090909092,30d_call_30DTE,38.2,0.20540000247955323,39.3285,39.74035969543457,0.010472296055902766,-0.032925504855320954,23.54732930709856,10.472296055902765,-32.92550485532095,False
BX,2024-04-29,meanrev,long,CHOPPY,7,0.9409090909090908,ATM_call_21DTE,123.05,0.19071000099182125,123.0500030517578,120.96757908630372,-0.016923396292628824,-0.6399504740857404,51.548491840136876,-16.923396292628823,-639.9504740857403,False
VST,2024-04-15,momentum,long,TRENDING_BULL,23,0.9477272727272728,30d_call_30DTE,68.53,0.24998999404907227,70.9716618347168,89.0215969543457,0.2543259471881144,4.704411435268541,19.706417817559405,254.3259471881144,4704.41143526854,True
NVR,2024-05-15,meanrev,long,CHOPPY,1,0.9545454545454546,ATM_call_21DTE,7679.07,0.1618499975204468,7679.06982421875,7803.092520507813,0.016150744703207678,0.4884571957603459,60.07659000021383,16.15074470320768,488.45719576034594,True
NFLX,2024-05-16,meanrev,long,CHOPPY,1,0.9136363636363636,ATM_call_21DTE,61.58,0.16146000099182128,61.57500076293945,61.985780609130856,0.0066712113861416575,0.11301472898816116,60.36290062968122,6.671211386141658,113.01472898816115,True
APP,2024-05-15,meanrev,long,CHOPPY,5,0.9863636363636364,ATM_call_21DTE,84.1,0.1618499975204468,84.0999984741211,84.40085969543458,0.0035774224348655874,-0.09721587036242192,60.07658118150053,3.5774224348655874,-97.21587036242191,False
AMGN,2024-05-13,momentum,long,CHOPPY,16,0.8636363636363636,30d_call_30DTE,304.96,0.17680000495910647,312.77429388427737,297.66130586352057,-0.048319149994943064,-0.847111520580636,26.943602655074404,-48.31914999494307,-847.111520580636,False
VST,2024-05-20,momentum,long,TRENDING_BULL,14,0.9159090909090908,30d_call_30DTE,93.0,0.15794999504089355,95.13989694213868,92.19479402218224,-0.03095549831999047,-0.7285247580533711,29.806142275085506,-30.955498319990472,-728.5247580533712,False
NEM,2024-05-14,momentum,long,CHOPPY,24,0.8727272727272727,30d_call_30DTE,41.93,0.1744600009918213,42.985801528930665,40.65630163673331,-0.05419231023596326,-0.9710636441942548,27.327689290987227,-54.19231023596326,-971.0636441942548,False
KO,2024-05-15,momentum,long,CHOPPY,26,0.8545454545454545,30d_call_30DTE,61.73,0.1618499975204468,63.1861213760376,63.46282015228272,0.0043791068389593115,-0.17583244071852172,29.142463015308167,4.379106838959312,-175.83244071852172,False
ANF,2024-05-17,momentum,long,TRENDING_BULL,26,0.9818181818181818,30d_call_30DTE,134.96,0.15586999702453613,138.0255,191.95531634521487,0.3907235716966421,11.468928778253325,30.16468845003661,390.7235716966421,11468.928778253327,True
WSM,2024-05-17,momentum,long,TRENDING_BULL,26,0.9704545454545456,30d_call_30DTE,153.93,0.15586999702453613,157.41920571899414,155.189,-0.014167303848395969,-0.662097879761609,30.1934379752345,-14.167303848395969,-662.0978797616092,False
LLY,2024-05-15,momentum,long,CHOPPY,33,0.9227272727272728,30d_call_30DTE,748.08,0.1618499975204468,765.6783244628906,883.2399897460938,0.15353923642238476,4.150787257081034,29.179094819963876,153.53923642238473,4150.787257081034,True
PG,2024-05-21,momentum,long,TRENDING_BULL,27,0.8636363636363636,30d_call_30DTE,164.4,0.1541799955368042,168.0955144958496,167.165,-0.005535629541575878,-0.47026754604095883,30.459533234830385,-5.5356295415758785,-470.2675460409588,False
ESS,2024-05-30,momentum,long,TRENDING_BULL,26,0.9363636363636364,30d_call_30DTE,248.79,0.18811000347137452,255.55007327270508,275.06875512695314,0.07637908924964029,1.6318909280204101,25.488300550430242,76.37908924964029,1631.8909280204102,True
PLTR,2024-06-05,momentum,long,TRENDING_BULL,26,0.9840909090909092,30d_call_30DTE,22.0,0.16419000148773194,22.5249595413208,25.82823916244507,0.14664974714225718,3.907013558038933,28.7998208348603,146.64974714225716,3907.013558038933,True
NVDA,2024-06-11,momentum,long,TRENDING_BULL,27,0.9840909090909092,30d_call_30DTE,119.12,0.16705000495910646,122.01353663635254,127.94359695434572,0.048601659139403945,1.0585780136958454,28.340446109773584,48.601659139403935,1058.5780136958454,True
APP,2024-06-11,momentum,long,TRENDING_BULL,27,0.9886363636363636,30d_call_30DTE,77.92,0.16705000495910646,79.80930152893066,85.00964030456542,0.06515955754542788,1.5287722367012573,28.364350236880433,65.15955754542787,1528.7722367012577,True
ZTS,2024-06-13,momentum,long,TRENDING_BULL,26,0.85,30d_call_30DTE,172.33,0.15521999454498292,176.22173510742186,173.89152548217774,-0.01322316809458076,-0.6426021133807372,30.302606583801825,-13.223168094580762,-642.6021133807373,False
NEE,2024-06-13,momentum,long,TRENDING_BULL,26,0.906818181818182,30d_call_30DTE,71.1,0.15521999454498292,72.70511755371093,71.97576274108887,-0.010031684662131956,-0.5686864428771539,30.307296625301568,-10.031684662131955,-568.6864428771539,False
EBAY,2024-06-18,momentum,long,TRENDING_BULL,27,0.9340909090909092,30d_call_30DTE,51.75,0.15990000247955324,52.95569847106933,53.61256121826172,0.012404004973161497,0.04662423621940038,29.470837879890695,12.404004973161497,46.62423621940038,True
AMD,2024-06-21,momentum,long,TRENDING_BULL,26,0.9045454545454544,30d_call_30DTE,158.14,0.17159999752044677,162.0735,163.84206423148262,0.010912112291538273,-0.01091159077417128,27.690980038417656,10.912112291538271,-10.911590774171279,False
MSFT,2024-06-26,momentum,long,TRENDING_BULL,21,0.9159090909090908,30d_call_30DTE,439.48,0.16315000247955325,449.898,439.9274967613393,-0.022161697181718388,-0.6959356666303226,28.97091026237673,-22.161697181718388,-695.9356666303225,False
AXON,2024-07-02,momentum,long,TRENDING_BULL,27,0.9705215419501134,30d_call_30DTE,282.4,0.1563899965286255,288.8265,308.382,0.06770673743579621,1.716786276602364,30.093385628708532,67.70673743579621,1716.786276602364,True
UPST,2024-07-10,momentum,long,TRENDING_BULL,20,0.979591836734694,30d_call_30DTE,24.1,0.16705000495910646,24.68927938842774,27.467304043949166,0.1125194709742534,2.8836982524083896,28.25402809678748,112.5194709742534,2883.6982524083896,True
ECL,2024-07-16,momentum,long,TRENDING_BULL,14,0.963718820861678,30d_call_30DTE,236.98,0.17146999454498293,242.87477938842773,232.54756670805355,-0.04252072902085047,-0.8201724904385072,27.700014444374986,-42.520729020850474,-820.1724904385071,False
ARES,2024-07-09,momentum,long,TRENDING_BULL,22,0.963718820861678,30d_call_30DTE,132.86,0.16263000297546384,136.00145571899415,152.8935969543457,0.12420559137436031,3.3036289474101137,29.047099211940267,124.2055913743603,3303.6289474101136,True
OLN,2024-07-31,momentum,short,,1,0.0476190476190476,30d_put_30DTE,44.47,0.21268000793457034,45.83000183105469,44.5288786239624,0.02839020630827555,1.231338413101179,90.95506651431204,28.39020630827555,1231.3384131011792,True
V,2024-07-31,momentum,short,,1,0.0634920634920634,30d_put_30DTE,256.69,0.21268000793457034,264.5400085449219,266.4618526611328,-0.007264852400897173,0.06406452159497762,90.95321751877407,-7.264852400897173,64.06452159497762,True
BX,2024-07-10,momentum,long,TRENDING_BULL,23,0.9659863945578232,30d_call_30DTE,119.14,0.16705000495910646,122.0335809173584,131.5462968462277,0.07795162493274162,1.9025962692351965,28.34244664248009,77.95162493274162,1902.5962692351964,True
INTU,2024-07-16,momentum,long,TRENDING_BULL,17,0.8571428571428571,30d_call_30DTE,645.27,0.17146999454498293,661.32,612.8721628283391,-0.07325929530584425,-0.9824540283647841,27.700671076240095,-73.25929530584425,-982.4540283647841,False
PLD,2024-07-29,momentum,long,TRENDING_BULL,7,0.8571428571428571,30d_call_30DTE,119.43,0.21580000495910645,123.13577938842774,118.35108638684278,-0.03885704890446017,-0.6221294206393444,22.498113518924157,-38.85704890446017,-622.1294206393443,False
TDY,2024-08-05,momentum,short,,4,0.0725623582766439,30d_put_30DTE,378.59,0.5014099960327149,404.0400085449219,409.85808856201174,-0.01439976213752358,-0.01627967379808545,35.07852570967359,-14.39976213752358,-16.27967379808545,False
UPS,2024-08-05,momentum,short,,4,0.0770975056689342,30d_put_30DTE,118.84,0.5014099960327149,126.83000183105467,126.07163969421389,0.005979359188616684,0.19309827647944644,35.08227036779168,5.979359188616684,193.09827647944644,True
PGR,2024-07-29,momentum,long,TRENDING_BULL,22,0.9342403628117912,30d_call_30DTE,209.79,0.21580000495910645,216.29172061157223,238.2725,0.10162561621071936,1.9834389451491934,22.51046482699262,101.62561621071936,1983.4389451491934,True
LLY,2024-08-20,meanrev,long,CHOPPY,1,0.9319727891156464,ATM_call_21DTE,932.1,0.20644000148773192,932.0999755859376,948.0700307617188,0.017133414434156717,0.37856232110781557,47.84573432138471,17.133414434156716,378.5623211078156,True
LMT,2024-08-20,meanrev,long,CHOPPY,6,0.9387755102040816,ATM_call_21DTE,557.97,0.20644000148773192,557.969970703125,556.9837756347656,-0.0017674697925349656,-0.28531756492519683,47.845764889677135,-1.7674697925349656,-285.3175649251968,False
SHOP,2024-08-28,momentum,long,TRENDING_BULL,9,0.8979591836734694,30d_call_30DTE,72.08,0.2224300079345703,74.37846336364746,67.16901537971472,-0.09692924077611904,-0.9572854313523951,21.90555414231126,-96.92924077611904,-957.2854313523951,False
GILD,2024-08-19,momentum,long,CHOPPY,28,0.927437641723356,30d_call_30DTE,71.52,0.19044999504089352,73.48667633056641,82.99368365478516,0.12937048998451378,2.940598725951803,25.2043251134718,129.37048998451377,2940.598725951803,True
KO,2024-08-19,momentum,long,CHOPPY,28,0.8662131519274376,30d_call_30DTE,67.63,0.19044999504089352,69.48869847106934,71.95579847717285,0.03550361512571214,0.574784832668585,25.21060997969918,35.50361512571214,574.7848326685851,True
ABBV,2024-08-20,momentum,long,CHOPPY,27,0.8798185941043084,30d_call_30DTE,191.81,0.20644000148773192,197.51423510742188,195.33853573608397,-0.011015405396753391,-0.5323965698391705,23.420472026202496,-11.015405396753392,-532.3965698391705,False
PM,2024-08-27,momentum,long,TRENDING_BULL,22,0.981859410430839,30d_call_30DTE,118.58,0.20059000396728513,122.00352214050294,120.19967108155448,-0.01478523756774074,-0.5311958816977126,24.060796853976747,-14.78523756774074,-531.1958816977126,False
CL,2024-08-27,momentum,long,TRENDING_BULL,22,0.8571428571428571,30d_call_30DTE,102.56,0.20059000396728513,105.52061755371096,102.77757122646632,-0.02599535892450976,-0.7000878581778769,24.062251979092334,-25.995358924509762,-700.0878581778768,False
PG,2024-08-27,momentum,long,TRENDING_BULL,27,0.8752834467120182,30d_call_30DTE,166.36,0.20059000396728513,171.1716618347168,173.42246426391603,0.01314938702512927,0.0006344053862305501,24.04090335907643,13.14938702512927,0.6344053862305502,False
PEP,2024-08-27,momentum,long,TRENDING_BULL,27,0.9229024943310656,30d_call_30DTE,171.7,0.20059000396728513,176.66261755371093,171.76578060913087,-0.027718580265523738,-0.8304499742018051,24.048655929828197,-27.718580265523734,-830.449974201805,False
VST,2024-09-11,momentum,long,TRENDING_BULL,12,0.981859410430839,30d_call_30DTE,74.66,0.22997000694274905,77.1139190826416,111.40673725891112,0.44470335037074854,9.175386476376968,21.26814024404926,444.7033503707486,9175.386476376969,True
DELL,2024-09-17,momentum,long,TRENDING_BULL,28,0.9251700680272108,30d_call_30DTE,114.2,0.2289300079345703,117.9454190826416,125.57834182739256,0.064715720238382,1.0627209454298712,21.334789887233384,64.715720238382,1062.720945429871,True
MPWR,2024-09-25,momentum,long,TRENDING_BULL,26,0.9773242630385488,30d_call_30DTE,878.78,0.20032999801635742,904.1546755371096,881.4934897460937,-0.025063395018727418,-0.7696328288004487,24.073857179930013,-25.06339501872742,-769.6328288004487,False
APP,2024-09-17,momentum,long,TRENDING_BULL,35,0.9977324263038548,30d_call_30DTE,114.64,0.2289300079345703,118.3963236694336,158.6320969543457,0.3398397183112856,6.930668851051432,21.343879951406272,339.83971831128565,6930.668851051432,True
AXON,2024-09-17,momentum,long,TRENDING_BULL,35,0.9750566893424036,30d_call_30DTE,372.58,0.2289300079345703,384.79805877685544,448.71076538085936,0.16609415028537586,3.2212312718077767,21.33594205855932,166.09415028537586,3221.231271807777,True
SOFI,2024-09-25,momentum,long,TRENDING_BULL,27,0.9455782312925172,30d_call_30DTE,7.64,0.20032999801635742,7.865699904441834,10.558839923858644,0.3423903851068573,7.847303331200978,23.821247777152717,342.3903851068573,7847.303331200978,True
BX,2024-10-24,meanrev,long,CHOPPY,1,0.9660633484162896,ATM_call_21DTE,170.54,0.24803999900817872,170.5399932861328,169.32068365478514,-0.0071496990697185415,-0.2617574454726718,40.2064090098271,-7.149699069718542,-261.7574454726718,False
APO,2024-09-25,momentum,long,TRENDING_BULL,33,0.9365079365079364,30d_call_30DTE,122.96,0.20032999801635742,126.51252214050294,144.55031634521484,0.14257714493020218,3.1072905768708443,24.0674421687674,142.5771449302022,3107.2905768708442,True
VST,2024-10-28,meanrev,long,CHOPPY,1,0.98868778280543,ATM_call_21DTE,125.21,0.25739999008178716,125.20999908447266,127.52443878173828,0.018484463814301244,0.30737237446662813,38.8119443090947,18.484463814301243,307.3723744666282,True
VRT,2024-11-04,meanrev,long,CHOPPY,1,0.9728506787330315,ATM_call_21DTE,106.36,0.2857399940490723,106.36000061035156,112.21512243652344,0.055050035657878964,1.2178459774497405,35.12353836779821,55.05003565787896,1217.8459774497405,True
PLTR,2024-10-22,momentum,long,TRENDING_BULL,15,0.9570135746606336,30d_call_30DTE,41.38,0.2366000099182129,42.7753786239624,55.41893878173829,0.2955803213087884,5.84004117728001,20.740577388053612,295.5803213087884,5840.041177280009,True
APP,2024-10-30,momentum,long,CHOPPY,8,0.990950226244344,30d_call_30DTE,167.28,0.26455000495910647,173.56644122314452,246.0369387817383,0.41753749773219445,7.53921760676483,18.7231700076245,417.5374977321944,7539.21760676483,True
NVDA,2024-10-22,momentum,long,TRENDING_BULL,27,0.9072398190045248,30d_call_30DTE,138.51,0.2366000099182129,143.1958236694336,139.8696939086914,-0.023227840557840114,-0.7150715493980963,20.71028145125037,-23.227840557840114,-715.0715493980963,False
INTU,2024-11-08,momentum,long,CHOPPY,17,0.9570135746606336,30d_call_30DTE,660.83,0.19421999454498293,679.356,646.4940273724452,-0.048372241692948605,-0.8279433202532808,24.755997894270408,-48.372241692948606,-827.9433202532808,False
MSFT,2024-11-11,momentum,long,TRENDING_BULL,28,0.916289592760181,30d_call_30DTE,411.8,0.1946100034713745,423.3650289916992,445.1279490356445,0.05140462379657724,0.9507051440637994,24.712893626610725,51.40462379657724,950.7051440637994,True
BKNG,2024-11-11,momentum,long,TRENDING_BULL,28,0.8710407239819005,30d_call_30DTE,4810.74,0.1946100034713745,4945.872,5139.300897460937,0.039109159610466494,0.6468290674695479,24.710649870988735,39.10915961046649,646.829067469548,True
TJX,2024-11-11,momentum,long,TRENDING_BULL,28,0.918552036199095,30d_call_30DTE,115.21,0.1946100034713745,118.4464190826416,125.64820152282716,0.060802027583128464,1.1828514327086217,24.709912037094206,60.80202758312846,1182.8514327086218,True
NOW,2024-11-12,momentum,long,TRENDING_BULL,27,0.9004524886877828,30d_call_30DTE,201.02,0.19123000049591066,206.56831787109377,223.6478010559082,0.08268200739027486,1.7590268569726912,25.113711842833624,82.68200739027486,1759.0268569726913,True
ROST,2024-11-11,momentum,long,TRENDING_BULL,29,0.9276018099547512,30d_call_30DTE,140.35,0.1946100034713745,144.288,155.45846426391603,0.07741783283374928,1.5914194759501243,24.723259995022737,77.41783283374927,1591.4194759501245,True
AMZN,2024-11-11,momentum,long,TRENDING_BULL,29,0.9773755656108596,30d_call_30DTE,203.21,0.1946100034713745,208.917,224.58991329956055,0.07501980834283734,1.531668033169436,24.712830620754627,75.01980834283734,1531.6680331694358,True
FTNT,2024-11-20,momentum,long,TRENDING_BULL,26,0.9140271493212668,30d_call_30DTE,88.65,0.22307999801635744,91.48260305786133,97.96368365478516,0.07084495172076213,1.2343154468278057,21.855139402268406,70.84495172076213,1234.3154468278055,True
SHOP,2024-12-10,momentum,long,TRENDING_BULL,9,0.9524886877828054,30d_call_30DTE,112.02,0.18434000396728514,115.00955877685549,106.506655417127,-0.07393214485959407,-0.9353878721513146,25.941036889374697,-73.93214485959408,-935.3878721513146,False
CMG,2024-12-10,momentum,long,TRENDING_BULL,10,0.9366515837104072,30d_call_30DTE,63.03,0.18434000396728514,64.7091618347168,61.28655969468508,-0.052892079621953476,-0.8362520494179022,25.962107205934963,-52.89207962195347,-836.2520494179022,False
PLTR,2024-12-17,momentum,long,TRENDING_BULL,3,0.9298642533936652,30d_call_30DTE,71.31,0.20630999851226808,73.42655877685547,73.35298536496106,-0.001002000000000081,-0.06801954734500933,23.448256905219328,-1.002000000000081,-68.01954734500933,False
MCD,2024-11-26,momentum,long,TRENDING_BULL,27,0.8597285067873304,30d_call_30DTE,289.91,0.18330000495910648,297.594,290.707428527832,-0.02314082767854186,-0.7975597211896852,26.091179312946824,-23.14082767854186,-797.5597211896852,False
TJX,2024-12-10,momentum,long,TRENDING_BULL,13,0.9343891402714932,30d_call_30DTE,123.13,0.18434000396728514,126.4123236694336,120.33297687448864,-0.0480914092746398,-0.8298835195915152,25.95462157425905,-48.0914092746398,-829.8835195915153,False
ROST,2024-12-11,momentum,long,TRENDING_BULL,12,0.9457013574660632,30d_call_30DTE,153.16,0.17653999900817874,157.07351449584962,147.50188453503642,-0.06093726234836434,-0.9132702239571051,26.996861648148567,-60.93726234836434,-913.270223957105,False
AMZN,2024-12-11,momentum,long,TRENDING_BULL,22,0.918552036199095,30d_call_30DTE,221.2,0.17653999900817874,226.86282366943357,219.7795612182617,-0.03122266723389209,-0.80687057131683,26.97318999545295,-31.22266723389209,-806.8705713168301,False
HOOD,2024-12-31,meanrev,long,CHOPPY,2,0.98868778280543,ATM_call_21DTE,38.95,0.22555000495910646,38.95000076293945,39.36111862945557,0.010555015621650243,0.12438220142801111,44.005015537352286,10.555015621650243,124.38220142801111,True
ALNY,2024-12-31,meanrev,long,CHOPPY,7,0.995475113122172,ATM_call_21DTE,237.26,0.22555000495910646,237.2599945068359,235.47809695434572,-0.007510316082549067,-0.4288745451487052,44.005057331553935,-7.510316082549067,-428.8745451487052,False
NOW,2024-12-18,momentum,long,TRENDING_BULL,23,0.9276018099547512,30d_call_30DTE,213.3,0.3590600109100342,223.94499710083008,207.08802222988356,-0.0752728352460437,-0.895353924951352,14.218680542492496,-75.2728352460437,-895.353924951352,False
NVDA,2025-01-23,momentum,long,CHOPPY,4,0.8552036199095022,30d_call_30DTE,141.36,0.19526000595092774,145.34010305786134,129.1495440104575,-0.11139774024350468,-0.9708319699982624,24.645825492504834,-111.39774024350469,-970.8319699982624,False
RIVN,2025-01-23,meanrev,long,CHOPPY,4,0.9230769230769232,ATM_call_21DTE,12.6,0.19526000595092774,12.600000381469728,12.82430038070679,0.017801586702086897,0.36411345685409113,50.41985346696603,17.801586702086894,364.1134568540911,True
WWD,2025-01-24,meanrev,long,CHOPPY,6,0.9004524886877828,ATM_call_21DTE,188.16,0.19305000495910646,188.15716146188157,184.44710845947264,-0.01971784105151129,-0.6590462626888359,50.981815758641865,-19.71784105151129,-659.0462626888359,False
NU,2025-02-04,meanrev,long,CHOPPY,1,0.9773755656108596,ATM_call_21DTE,13.15,0.22372998809814457,13.149999618530272,13.273400190353394,0.009384074175122631,0.11828003156952616,44.34409146669927,9.38407417512263,118.28003156952614,True
GILD,2025-01-13,momentum,long,CHOPPY,28,0.9457013574660632,30d_call_30DTE,87.37,0.249470006942749,90.48060305786132,95.28904335021971,0.05314332718675024,0.7312194383803566,19.732676640090467,53.143327186750234,731.2194383803566,True
BA,2025-01-17,momentum,long,CHOPPY,26,0.98868778280543,30d_call_30DTE,165.2,0.2076100034713745,170.13960305786134,185.8775,0.09249990395702577,1.8417194508010435,23.30078720038441,92.49990395702577,1841.7194508010434,True
GM,2025-02-03,meanrev,long,CHOPPY,9,0.9773755656108596,ATM_call_21DTE,46.5,0.24206001091003418,46.5,47.59461862945557,0.02354018557968962,0.29003336057449514,41.15093940977295,23.54018557968962,290.0333605744951,True
EBAY,2025-01-21,momentum,long,CHOPPY,28,0.9502262443438914,30d_call_30DTE,64.22,0.1957800054550171,66.03180152893066,69.6504209136963,0.05480116097059995,1.027734930733423,24.592729097676763,54.80116097059995,1027.734930733423,True
ROST,2025-02-05,momentum,long,TRENDING_BULL,13,0.9366515837104072,30d_call_30DTE,143.46,0.20501000595092775,147.69479388427737,137.8975456344845,-0.06633441837814052,-0.904718637302976,23.57661329478267,-66.33441837814053,-904.718637302976,False
NEM,2025-02-07,momentum,long,TRENDING_BULL,17,0.8800904977375565,30d_call_30DTE,43.91,0.2150200119018555,45.270360305786134,44.24133621238636,-0.022730636258449528,-0.5554347717422762,22.55240480205114,-22.73063625844953,-555.4347717422761,False
NU,2025-02-06,momentum,long,TRENDING_BULL,19,0.9705882352941176,30d_call_30DTE,13.28,0.2015,13.6672803440094,12.269683853916916,-0.10225856607273547,-0.9976219981704053,23.899749337871302,-102.25856607273546,-997.6219981704053,False
CRM,2025-02-13,momentum,long,TRENDING_BULL,12,0.8778280542986425,30d_call_30DTE,317.85,0.19630000495910646,326.8524122314453,301.9433504091045,-0.0762088970134406,-0.9451877508994052,24.51848989628287,-76.20889701344059,-945.1877508994053,False
SCHW,2025-01-31,momentum,long,CHOPPY,26,0.8529411764705882,30d_call_30DTE,80.91,0.21359000396728517,83.39646336364746,78.5425969543457,-0.05820230515215782,-0.9740238290511324,22.706810553989918,-58.20230515215781,-974.0238290511323,False
VST,2025-02-13,momentum,long,TRENDING_BULL,14,0.9592760180995475,30d_call_30DTE,163.84,0.19630000495910646,168.47627938842774,140.5580001936683,-0.165710444794385,-0.9999896413583166,24.52851054586172,-165.71044479438498,-999.9896413583166,False
AVGO,2025-02-19,momentum,long,TRENDING_BULL,8,0.8687782805429864,30d_call_30DTE,221.95,0.19851000595092774,228.3057061157226,201.68795465061672,-0.11658820061034296,-0.9915331545868826,24.26864857254369,-116.58820061034297,-991.5331545868827,False
AMZN,2025-02-19,momentum,long,TRENDING_BULL,8,0.9253393665158371,30d_call_30DTE,219.68,0.19851000595092774,225.97104428100587,209.13489164365575,-0.07450579648786133,-0.9130739662780774,24.26804485624712,-74.50579648786133,-913.0739662780773,False
BLK,2025-02-11,momentum,long,TRENDING_BULL,22,0.9253393665158371,30d_call_30DTE,953.39,0.20826000595092775,981.96,966.2037346191408,-0.016045730356490276,-0.5424120787108484,23.243289531358194,-16.045730356490274,-542.4120787108483,False
O,2025-03-05,momentum,short,,1,0.002262443438914,30d_put_30DTE,55.12,0.2850900039672852,57.34000015258789,57.4446618347168,-0.0018252822087616045,0.20821910588420053,65.57587628927207,-1.8252822087616045,208.21910588420053,True
CCI,2025-03-05,momentum,short,,1,0.0248868778280542,30d_put_30DTE,89.47,0.2850900039672852,93.08000183105467,95.37036030578614,-0.024606343249633678,-0.17784149724248807,65.66692089547006,-24.606343249633674,-177.8414972424881,False
EBAY,2025-03-24,meanrev,long,BEAR,1,0.9524886877828054,ATM_call_21DTE,66.34,0.22723999404907225,66.33999633789062,66.40692091369628,0.0010088118706668224,-0.09431952282577293,43.694887545864745,1.0088118706668223,-94.31952282577292,False
HII,2025-03-17,momentum,short,,21,0.0678733031674208,30d_put_30DTE,189.44,0.26663000297546385,196.61000061035156,183.67661755371097,0.06578191860276943,1.5297693328309458,70.65960654850372,65.78191860276942,1529.7693328309456,True
O,2025-03-17,momentum,short,,21,0.0610859728506787,30d_put_30DTE,54.87,0.26663000297546385,56.95000076293945,53.03586030578613,0.06872941887123683,1.6832535783250209,70.74523023165155,68.72941887123683,1683.253578325021,True
KIM,2025-03-17,momentum,short,,21,0.0723981900452488,30d_put_30DTE,19.67,0.26663000297546385,20.40999984741211,19.158240840911866,0.061330672016588025,1.306938993217924,70.33257391522545,61.330672016588025,1306.938993217924,True
REG,2025-04-10,momentum,short,,20,0.0699774266365688,30d_put_30DTE,64.45,0.5293600158691406,68.98999786376953,72.32436030578613,-0.04833109936603805,-0.7978349563100049,33.01241618797429,-48.33109936603805,-797.8349563100049,False
MNDY,2025-04-10,momentum,short,,20,0.0248306997742663,30d_put_30DTE,227.01,0.5293600158691406,243.0,281.5519702148438,-0.15865008318865753,-0.9804328808822799,33.01085702521895,-158.6500831886575,-980.4328808822798,False
S,2025-04-10,momentum,short,,20,0.0203160270880361,30d_put_30DTE,17.25,0.5293600158691406,18.459999084472656,18.537,-0.004171230733814657,-0.5606390068469546,32.91488023715445,-4.1712307338146575,-560.6390068469545,False
PLNT,2025-04-28,meanrev,long,BEAR,4,0.9571106094808126,ATM_call_21DTE,96.05,0.32694999504089356,96.0500030517578,98.88184182739256,0.02948296393190942,0.36817554242350486,30.859168877895556,29.48296393190942,368.17554242350485,True
APP,2025-05-19,meanrev,long,BEAR,1,0.979683972911964,ATM_call_21DTE,355.27,0.23581999206542975,355.2699890136719,369.8887448730469,0.041148299353854105,1.060645122544277,42.185089462830916,41.1482993538541,1060.645122544277,True
TDY,2025-05-01,momentum,short,,20,0.0790067720090293,30d_put_30DTE,448.67,0.3198000049591065,468.7900085449219,490.2084710083008,-0.04568882030967287,-0.8903659593126382,57.76871293421709,-45.68882030967287,-890.3659593126381,False
APP,2025-05-22,meanrev,long,BEAR,5,0.963882618510158,ATM_call_21DTE,360.52,0.2636400089263916,360.5199890136719,380.1481836547851,0.05444412304242268,1.2637946280138614,37.934840955861134,54.44412304242268,1263.7946280138617,True
MP,2025-05-21,meanrev,long,BEAR,7,0.9729119638826184,ATM_call_21DTE,20.4,0.2713100109100342,20.399999618530273,19.560800380706787,-0.04113721830961223,-0.8088487962224772,36.9095449624094,-41.13721830961223,-808.8487962224772,False
HOOD,2025-05-30,meanrev,long,BEAR,1,0.9977426636568848,ATM_call_21DTE,63.59,0.24140999603271485,63.59000015258789,66.01770152282715,0.03817740783792817,0.931323377438552,41.256289832565244,38.177407837928165,931.323377438552,True
SMCI,2025-06-02,meanrev,long,BEAR,1,0.9683972911963884,ATM_call_21DTE,39.65,0.23868000793457028,39.650001525878906,41.11760076141358,0.037013850669760824,0.9068732836953196,41.70467849841775,37.01385066976083,906.8732836953196,True
HUBS,2025-05-12,momentum,short,,21,0.0135440180586907,30d_put_30DTE,608.11,0.23906999206542973,628.8900146484375,593.2040595703126,0.05674434996089759,1.414922897261981,79.81314464193493,56.744349960897594,1414.9228972619808,True
BOOT,2025-05-13,momentum,short,,20,0.0744920993227991,30d_put_30DTE,130.01,0.23685999107360842,134.41000366210938,157.82501449584962,-0.1742058641156113,-0.9999937705928443,80.58954190341494,-174.20586411561126,-999.9937705928443,False
COIN,2025-06-02,meanrev,long,BEAR,1,0.981941309255079,ATM_call_21DTE,247.46,0.23868000793457028,247.4600067138672,258.39218365478513,0.044177550490243814,1.1473563461599394,41.70468843864905,44.17755049024382,1147.3563461599394,True
METC,2025-05-22,momentum,short,,15,0.0428893905191873,30d_put_30DTE,8.73,0.2636400089263916,9.0600004196167,9.669299617767331,-0.06725156401001685,-0.9158027283533064,72.07043911392459,-67.25156401001685,-915.8027283533064,False
CCI,2025-06-03,momentum,short,,3,0.0767494356659142,30d_put_30DTE,96.29,0.22997000694274905,99.45999908447266,99.14789694213869,0.0031379664710121046,0.2598495733550145,83.3084000942913,3.1379664710121045,259.8495733550145,True
HUBS,2025-06-03,momentum,short,,3,0.0180586907449209,30d_put_30DTE,574.56,0.22997000694274905,593.47998046875,610.6188244628906,-0.02887855455647185,-0.3863653816487329,83.32453023065317,-28.878554556471848,-386.3653816487329,False
SHLS,2025-06-16,momentum,long,TRENDING_BULL,28,0.979683972911964,30d_call_30DTE,4.95,0.2484300079345703,5.1302398853302,5.7385,0.11856367894396241,2.0120138290994807,19.57022631927178,118.56367894396242,2012.0138290994803,True
INTU,2025-06-16,momentum,long,TRENDING_BULL,28,0.9006772009029346,30d_call_30DTE,737.23,0.2484300079345703,763.3436473388672,751.2445,-0.015850197196304247,-0.6083651704105432,19.817765579061575,-15.850197196304245,-608.3651704105433,False
GE,2025-06-16,momentum,long,TRENDING_BULL,28,0.909706546275395,30d_call_30DTE,229.93,0.2484300079345703,238.07520611572264,261.81531634521485,0.09971685257284926,1.6582641976301882,19.816903000556522,99.71685257284928,1658.2641976301882,True
CAT,2025-06-16,momentum,long,TRENDING_BULL,28,0.8555304740406321,30d_call_30DTE,349.35,0.2484300079345703,361.722,404.95844903564455,0.1195294978896627,2.051100949113531,19.819522838298298,119.52949788966271,2051.1009491135305,True
NOW,2025-06-16,momentum,long,TRENDING_BULL,29,0.8690744920993227,30d_call_30DTE,192.0,0.2484300079345703,198.79679388427735,191.72251553143624,-0.035585475070383434,-0.9179554659019458,19.823151290253,-35.58547507038344,-917.9554659019457,False
HOOD,2025-06-16,momentum,long,TRENDING_BULL,31,0.9909706546275396,30d_call_30DTE,71.32,0.2484300079345703,73.84739694213867,105.23909695434573,0.4250887818944147,8.100696529098618,19.813698163570486,425.0887818944147,8100.696529098617,True
NVDA,2025-06-16,momentum,long,TRENDING_BULL,35,0.9345372460496614,30d_call_30DTE,138.72,0.2484300079345703,143.63670611572266,171.0372448730469,0.19076278966776536,3.457603850197263,19.812194285939835,190.76278966776536,3457.603850197263,True
FTNT,2025-06-23,momentum,long,TRENDING_BULL,28,0.8848758465011287,30d_call_30DTE,96.44,0.2577899990081787,99.97955877685548,106.72612243652344,0.06747943021758698,0.975309836567952,19.160344338470708,67.47943021758698,975.309836567952,True
VST,2025-07-15,momentum,long,TRENDING_BULL,23,0.9864559819413092,30d_call_30DTE,189.44,0.22593998908996582,195.5703526611328,190.80266169543603,-0.024378393252467108,-0.6590255424099543,21.59907025557045,-24.378393252467106,-659.0255424099544,False
CAT,2025-07-22,momentum,long,TRENDING_BULL,16,0.871331828442438,30d_call_30DTE,398.91,0.21450000000000002,411.20076489257815,409.9486059297152,-0.003045128000163286,-0.23663480089079295,22.634771111896423,-3.0451280001632854,-236.63480089079295,False
MP,2025-07-15,momentum,long,TRENDING_BULL,27,0.9887133182844244,30d_call_30DTE,52.41,0.22593998908996582,54.108,72.54462243652344,0.3407374590915104,7.040014446845202,21.58755128904314,340.73745909151035,7040.014446845202,True
OXY,2025-07-15,momentum,long,TRENDING_BULL,27,0.8600451467268623,30d_call_30DTE,43.62,0.22593998908996582,45.0298786239624,43.62257908630371,-0.0312525723067306,-0.8334160734750798,21.610765251557208,-31.2525723067306,-833.4160734750799,False
AAPL,2025-07-15,momentum,long,TRENDING_BULL,29,0.9593679458239278,30d_call_30DTE,203.06,0.22593998908996582,209.63844122314453,232.8633418273926,0.11078550512368524,2.071375278496417,21.58811425525883,110.78550512368524,2071.3752784964167,True
ITW,2025-07-22,momentum,long,TRENDING_BULL,27,0.8623024830699775,30d_call_30DTE,248.13,0.21450000000000002,255.7805442810059,258.7015612182617,0.011420012204081963,-0.05595491731302192,22.627424265661446,11.420012204081964,-55.954917313021916,False
NVDA,2025-07-23,momentum,long,TRENDING_BULL,26,0.9503386004514672,30d_call_30DTE,165.11,0.19980999851226808,169.86905877685547,181.64597451782225,0.06932937537752097,1.358506641013092,24.122663507635455,69.32937537752096,1358.5066410130921,True
HOOD,2025-07-22,momentum,long,TRENDING_BULL,28,0.9864559819413092,30d_call_30DTE,100.81,0.21450000000000002,103.9174190826416,107.285,0.032406317892482356,0.41487981261449997,22.630201909852975,32.406317892482356,414.87981261449994,True
PEG,2025-08-14,momentum,long,TRENDING_BULL,11,0.8690744920993227,30d_call_30DTE,85.37,0.19278999900817873,87.74513969421386,82.58461044932788,-0.05881270760830844,-0.8680464782261527,24.92796941127878,-58.81270760830844,-868.0464782261527,False
ULTA,2025-08-20,momentum,long,TRENDING_BULL,9,0.8532731376975169,30d_call_30DTE,501.3,0.20396999454498294,516.03,494.3186442901153,-0.04207382460299728,-0.6972801096886468,23.68243436403972,-42.073824602997284,-697.2801096886468,False
NEE,2025-08-14,momentum,long,TRENDING_BULL,21,0.873589164785553,30d_call_30DTE,70.0,0.19278999900817873,71.94360305786132,70.90749246842478,-0.014401705577676513,-0.5185176279149851,24.95099540094851,-14.401705577676514,-518.5176279149852,False
AEP,2025-08-14,momentum,long,TRENDING_BULL,21,0.8668171557562077,30d_call_30DTE,110.16,0.19278999900817873,113.226,108.02698164803088,-0.04591717760911024,-0.8919692921631887,24.923639902872452,-45.91717760911024,-891.9692921631888,False
PLTR,2025-08-19,momentum,long,TRENDING_BULL,17,0.9345372460496614,30d_call_30DTE,166.84,0.2024099960327149,171.70272061157226,150.74356492767046,-0.1220665322555711,-0.9992970414400257,23.855913771574464,-122.0665322555711,-999.2970414400257,False
TJX,2025-08-14,momentum,long,TRENDING_BULL,26,0.8939051918735892,30d_call_30DTE,129.68,0.19278999900817873,133.28604428100587,139.69006121826172,0.048047167817167044,0.8832266750632006,24.93391770245491,48.04716781716704,883.2266750632007,True
GE,2025-08-14,momentum,long,TRENDING_BULL,26,0.8555304740406321,30d_call_30DTE,266.13,0.19278999900817873,273.53597021484376,275.6875102539062,0.007865656708229562,-0.11271693971368806,24.92522311050695,7.8656567082295625,-112.71693971368806,False
EBAY,2025-08-26,momentum,long,TRENDING_BULL,17,0.909706546275395,30d_call_30DTE,95.92,0.19005999851226807,98.55672061157226,89.97266754444678,-0.08709759226827972,-0.9894638361893413,25.232248119014073,-87.09759226827973,-989.4638361893414,False
NVDA,2025-08-19,momentum,long,TRENDING_BULL,27,0.9932279909706546,30d_call_30DTE,177.61,0.2024099960327149,182.7948526611328,177.3945,-0.029543242506636935,-0.8490754494144321,23.83856773605445,-29.543242506636936,-849.0754494144322,False
ECL,2025-09-03,momentum,long,TRENDING_BULL,26,0.9322799097065464,30d_call_30DTE,266.78,0.21255000495910645,274.9287648925781,272.36418365478517,-0.009328166293530563,-0.48740350174011704,22.822159918789747,-9.328166293530563,-487.403501740117,False
MAR,2025-09-11,momentum,long,TRENDING_BULL,26,0.9300225733634312,30d_call_30DTE,256.74,0.19123000049591066,263.8265877685547,266.9151121826172,0.011706645794061986,-0.01738261303123198,25.11313929336346,11.706645794061986,-17.382613031231976,False
ROST,2025-09-11,momentum,long,TRENDING_BULL,26,0.9345372460496614,30d_call_30DTE,145.82,0.19123000049591066,149.84910305786133,150.03931634521484,0.0012693655382112498,-0.26941547089369466,25.10125395505196,1.2693655382112499,-269.4154708936947,False
OXY,2025-09-11,momentum,long,TRENDING_BULL,26,0.927765237020316,30d_call_30DTE,44.56,0.19123000049591066,45.79140076446533,45.23934182739258,-0.012055952162554394,-0.5625063855885073,25.099582209963206,-12.055952162554393,-562.5063855885073,False
AAPL,2025-09-11,momentum,long,TRENDING_BULL,28,0.9661399548532732,30d_call_30DTE,221.22,0.19123000049591066,227.33376489257813,253.53191329956056,0.11524090325676795,2.572749124482241,25.09878264731192,115.24090325676795,2572.7491244822413,True
MSFT,2025-09-15,momentum,long,TRENDING_BULL,28,0.8939051918735892,30d_call_30DTE,495.26,0.20396999454498294,509.80758856201174,513.0218878173828,0.006304926265294405,-0.16899001982428272,23.68611023534526,6.304926265294405,-168.9900198242827,False
BA,2025-09-16,momentum,long,TRENDING_BULL,27,0.9006772009029346,30d_call_30DTE,210.85,0.21268000793457034,217.29372061157227,215.12887756347655,-0.009962750152203097,-0.5162655164954992,22.81022702583484,-9.962750152203096,-516.2655164954992,False
APP,2025-09-16,momentum,long,TRENDING_BULL,28,0.9525959367945824,30d_call_30DTE,580.16,0.21268000793457034,597.8934122314453,617.018838789561,0.03198802021707544,0.41093257511971737,22.808275438588304,31.988020217075437,410.93257511971734,True
LLY,2025-10-10,momentum,long,TRENDING_BULL,7,0.8532731376975169,30d_call_30DTE,826.77,0.2815799980163574,859.716,783.504680347221,-0.08864708770428725,-0.8575362078049691,17.69620890884052,-88.64708770428726,-857.536207804969,False
MP,2025-10-14,momentum,long,TRENDING_BULL,3,0.9525959367945824,30d_call_30DTE,94.36,0.270529993057251,97.9855809173584,81.84953755297687,-0.1646777333288534,-0.990059806838871,18.33907810008142,-164.67773332885344,-990.0598068388709,False
KTOS,2025-10-16,meanrev,long,CHOPPY,5,0.9593679458239278,ATM_call_21DTE,91.99,0.329029993057251,91.98999786376952,90.43876274108888,-0.016863084669030033,-0.4576667221592015,30.671249009846893,-16.863084669030034,-457.66672215920147,False
NVDA,2025-10-01,momentum,long,TRENDING_BULL,22,0.9390519187358916,30d_call_30DTE,180.13,0.2117700119018555,185.61048550415043,181.7956836547851,-0.020552728144660887,-0.6072563629783541,22.902581613878287,-20.552728144660886,-607.2563629783541,False
OLN,2025-10-17,meanrev,long,CHOPPY,6,0.945823927765237,ATM_call_21DTE,23.62,0.2701400089263916,23.6200008392334,23.932039543151856,0.013210782931055329,0.04077922066836258,37.06231105188561,13.210782931055329,40.779220668362576,True
BX,2025-10-15,momentum,long,TRENDING_BULL,13,0.981941309255079,30d_call_30DTE,160.32,0.2683199920654298,166.4221763305664,151.90628054433617,-0.08722332627952858,-0.9121346656048014,18.489781037080107,-87.22332627952858,-912.1346656048013,False
DDOG,2025-10-08,momentum,long,TRENDING_BULL,22,0.8645598194130926,30d_call_30DTE,152.9,0.21189999008178712,157.5544855041504,156.7558673095703,-0.0050688381992085455,-0.34862875876570876,22.89042555573228,-5.068838199208545,-348.62875876570877,False
FTNT,2025-10-08,momentum,long,TRENDING_BULL,22,0.909706546275395,30d_call_30DTE,83.24,0.21189999008178712,85.77119847106934,84.0315969543457,-0.020281884219099572,-0.6033761882630594,22.901728298697908,-20.281884219099574,-603.3761882630594,False
VRT,2025-10-08,momentum,long,TRENDING_BULL,22,0.9029345372460496,30d_call_30DTE,156.09,0.21189999008178712,160.84604388427735,193.37247451782224,0.20222089302330884,4.322958926170993,22.880646807727153,202.22089302330886,4322.958926170993,True
WMT,2025-10-27,meanrev,long,CHOPPY,8,0.9029345372460496,ATM_call_21DTE,106.34,0.20526999950408936,106.33999633789062,102.06545664978027,-0.040196914005227076,-0.895108489476806,48.10276677456288,-40.19691400522708,-895.108489476806,False
HOOD,2025-10-14,momentum,long,TRENDING_BULL,22,0.9954853273137696,30d_call_30DTE,131.93,0.270529993057251,136.99344122314454,142.19503573608398,0.03796966093045808,0.3963845471811549,18.348298327510165,37.969660930458076,396.38454718115486,True
STX,2025-11-17,meanrev,long,CHOPPY,2,0.9751693002257336,ATM_call_21DTE,257.5,0.2909399890899658,257.5,258.6217346191406,0.004356250948118932,-0.060562074140808116,34.521581414612406,4.356250948118932,-60.56207414080812,False
ANET,2025-11-24,meanrev,long,CHOPPY,1,0.9571106094808126,ATM_call_21DTE,118.92,0.26676000595092775,118.91500091552734,121.92565817260744,0.025317724710095687,0.46427800077779857,37.54057375860751,25.317724710095685,464.27800077779864,True
LPLA,2025-11-17,meanrev,long,CHOPPY,8,0.9593679458239278,ATM_call_21DTE,368.32,0.2909399890899658,368.3200073242187,347.7031939086914,-0.05597527423314551,-0.8944013238255476,34.521569611619334,-55.975274233145505,-894.4013238255475,False
INTU,2025-11-04,momentum,long,CHOPPY,22,0.9864559819413092,30d_call_30DTE,654.48,0.24700000000000003,677.542382446289,626.9617786988325,-0.07465304762904068,-0.9500086609935559,19.91921502219479,-74.65304762904067,-950.0086609935558,False
PLUG,2025-11-26,meanrev,long,CHOPPY,1,0.9345372460496614,ATM_call_21DTE,1.97,0.22347000694274904,1.9700000286102295,1.976040019035339,0.00306598494283811,-0.044091764524176236,44.39290341709245,3.0659849428381096,-44.091764524176234,False
AAPL,2025-11-14,momentum,long,CHOPPY,24,0.9729119638826184,30d_call_30DTE,261.98,0.2577899990081787,271.5920877685547,277.3342346191406,0.021142540998761596,0.10881368978018219,19.163169148222664,21.142540998761596,108.81368978018219,True
VRT,2025-12-10,momentum,long,TRENDING_BULL,6,0.8555304740406321,30d_call_30DTE,174.58,0.20501000595092775,179.73876489257813,158.84340137895,-0.11625407310502192,-0.9859145459045696,23.565441202423106,-116.25407310502192,-985.9145459045696,False
BA,2025-12-03,momentum,long,CHOPPY,26,0.948081264108352,30d_call_30DTE,199.02,0.2090399990081787,205.00920611572263,216.8155,0.05758909128018861,1.0200522418746054,23.157936373548047,57.58909128018861,1020.0522418746056,True
NVDA,2025-12-09,momentum,long,CHOPPY,27,0.979683972911964,30d_call_30DTE,180.24,0.22009000396728517,185.93111755371095,187.74375512695312,0.009748973690315953,-0.09618320937871441,22.114005550055417,9.748973690315953,-96.18320937871441,False
LLY,2025-12-10,momentum,long,TRENDING_BULL,26,0.9661399548532732,30d_call_30DTE,958.67,0.20501000595092775,986.97,1039.4269897460938,0.053149528097200284,0.9391203447291726,23.576219719165096,53.14952809720029,939.1203447291726,True
ISRG,2025-12-10,momentum,long,TRENDING_BULL,26,0.8645598194130926,30d_call_30DTE,542.85,0.20501000595092775,558.8755297851562,565.2472448730468,0.011400955576530666,-0.041153484991026036,23.57584085936733,11.400955576530666,-41.153484991026026,False
AMZN,2025-12-12,momentum,long,TRENDING_BULL,26,0.9187358916478556,30d_call_30DTE,223.74,0.20461999702453612,230.32973510742187,241.07687756347656,0.046659813380336694,0.788085197901514,23.62189441708175,46.65981338033669,788.0851979015141,True
WELL,2025-12-15,momentum,long,TRENDING_BULL,28,0.9751693002257336,30d_call_30DTE,182.76,0.21450000000000002,188.39604428100589,186.3066326904297,-0.011090527927750367,-0.5536699631157527,22.625517861244088,-11.090527927750369,-553.6699631157526,False
CMG,2025-12-17,momentum,long,TRENDING_BULL,26,0.8532731376975169,30d_call_30DTE,34.66,0.2290600109100342,35.8014595413208,40.25932015228271,0.12451616967785352,2.338607997245493,21.28895199609585,124.51616967785351,2338.6079972454927,True
ISRG,2026-01-06,momentum,long,TRENDING_BULL,8,0.871331828442438,30d_call_30DTE,550.87,0.19175,566.13,547.650455682139,-0.032641874336037734,-0.6076919698996033,25.040194488207437,-32.64187433603773,-607.6919698996034,False
GE,2026-01-13,momentum,long,TRENDING_BULL,9,0.871331828442438,30d_call_30DTE,316.73,0.20773999404907229,326.2010877685547,297.99430834092226,-0.0864705253455367,-0.9463732033704149,23.293263650434373,-86.47052534553671,-946.3732033704149,False
HOOD,2025-12-10,momentum,long,TRENDING_BULL,47,0.984198645598194,30d_call_30DTE,131.64,0.20501000595092775,135.53051449584962,119.07940741912262,-0.12138304896076216,-1.0,23.563753980524073,-121.38304896076215,-999.9999999999999,False
SNOW,2025-12-30,momentum,long,TRENDING_BULL,29,0.9503386004514672,30d_call_30DTE,217.1,0.18628999900817875,222.945,215.568,-0.03308887842292934,-0.9698267540397173,25.711442551353827,-33.088878422929334,-969.8267540397173,False
LLY,2026-01-06,momentum,long,TRENDING_BULL,22,0.91196388261851,30d_call_30DTE,1018.01,0.19175,1046.1982053222655,1013.447931063562,-0.031304081857620146,-0.7800949563256449,25.04522716391435,-31.304081857620144,-780.0949563256448,False
NVDA,2026-01-06,momentum,long,TRENDING_BULL,27,0.8532731376975169,30d_call_30DTE,185.76,0.19175,190.90104428100588,185.23878060913088,-0.02966072654657749,-0.8680376965994863,25.050953252851972,-29.66072654657749,-868.0376965994863,False
BA,2026-01-08,momentum,long,TRENDING_BULL,25,0.9232505643340858,30d_call_30DTE,225.72,0.20084999752044677,232.25357327270507,232.44525907922,0.0008253298488107823,-0.2695989289981119,24.017925079284534,0.8253298488107823,-269.5989289981119,False
OXY,2026-01-13,momentum,long,TRENDING_BULL,22,0.8668171557562077,30d_call_30DTE,42.17,0.20773999404907229,43.42668015289307,46.59661862945557,0.07299518326987102,1.3979803665106987,23.32977132537262,72.995183269871,1397.9803665106988,True
AVAV,2026-01-23,momentum,long,TRENDING_BULL,12,0.963882618510158,30d_call_30DTE,304.98,0.20917000198364258,314.1570587768555,259.07438994563,-0.17533481197489337,-0.9999711944005233,23.152180111420826,-175.33481197489334,-999.9711944005231,False
AMZN,2026-01-15,momentum,long,TRENDING_BULL,21,0.8984198645598194,30d_call_30DTE,232.88,0.20592000198364258,239.78861755371096,224.32483407349005,-0.06448923071486966,-0.9603674332304486,23.474466336213084,-64.48923071486966,-960.3674332304486,False
WDAY,2026-02-06,momentum,short,,3,0.0722347629796839,30d_put_30DTE,155.22,0.2648100109100342,161.05999755859375,154.86911755371094,0.03843834657100729,1.2378733907873216,71.22570943519123,38.43834657100729,1237.8733907873216,True
FDS,2026-02-06,momentum,short,,3,0.0474040632054176,30d_put_30DTE,205.16,0.2648100109100342,212.8800048828125,203.62644122314452,0.04346844911414735,1.4144784957827137,71.2332998216762,43.468449114147354,1414.4784957827137,True
ANET,2026-02-20,meanrev,long,CHOPPY,5,0.9683972911963884,ATM_call_21DTE,136.02,0.24817000198364259,136.02000427246094,132.62421939086914,-0.024965334325307884,-0.6351293237511909,40.186298264895356,-24.965334325307882,-635.1293237511909,False
LRCX,2026-02-19,momentum,long,CHOPPY,12,0.984198645598194,30d_call_30DTE,226.09,0.2629899940490723,234.5381473388672,217.52783308950748,-0.07252685519333764,-0.8153375687357255,18.824809261445502,-72.52685519333764,-815.3375687357254,False
OXY,2026-02-11,momentum,long,CHOPPY,22,0.9413092550790068,30d_call_30DTE,45.6,0.22944999504089356,47.094,53.13352167510986,0.128243973226098,2.428899565192146,21.321834129498864,128.243973226098,2428.899565192146,True
TNDM,2026-02-26,meanrev,long,CHOPPY,7,0.9774266365688488,ATM_call_21DTE,25.98,0.24218998908996583,25.975000381469727,22.433533199246423,-0.13634137171176894,-0.9998595234194388,41.29416445243366,-136.34137171176894,-999.8595234194389,False
MU,2026-03-02,meanrev,long,CHOPPY,7,0.9593679458239278,ATM_call_21DTE,401.47,0.27872000694274907,401.4700012207031,388.54136730957026,-0.03220323778071156,-0.7233870449540708,35.97029108520417,-32.203237780711554,-723.3870449540709,False
