Date,vix,spy_close,dist_200,choppy
2018-01-02,9.770000457763672,268.7699890136719,0.0830939855485272,False
2018-01-03,9.149999618530272,270.4700012207031,0.08920512775311217,False
2018-01-04,9.220000267028809,271.6099853515625,0.0929623040255789,False
2018-01-05,9.220000267028809,273.4200134277344,0.09938012021451137,False
2018-01-08,9.520000457763672,273.9200134277344,0.10050798236390728,False
2018-01-09,10.079999923706056,274.5400085449219,0.10209827210486705,False
2018-01-10,9.81999969482422,274.1199951171875,0.09951838954615627,False
2018-01-11,9.880000114440918,276.1199951171875,0.10663504177875835,False
2018-01-12,10.15999984741211,277.9200134277344,0.11290402534064302,False
2018-01-16,11.65999984741211,276.9700012207031,0.10819717052070944,False
2018-01-17,11.90999984741211,279.6099853515625,0.11777911045073054,False
2018-01-18,12.220000267028809,279.1400146484375,0.11492401885711058,False
2018-01-19,11.270000457763672,280.4100036621094,0.1189924780356179,False
2018-01-22,11.029999732971191,282.69000244140625,0.12701359069217646,False
2018-01-23,11.100000381469728,283.2900085449219,0.12832942959213428,False
2018-01-24,11.470000267028809,283.17999267578125,0.12681456041843667,False
2018-01-25,11.579999923706056,283.29998779296875,0.12621740293001465,False
2018-01-26,11.079999923706056,286.5799865722656,0.1380910923576309,False
2018-01-29,13.84000015258789,284.67999267578125,0.12940979404822806,False
2018-01-30,14.789999961853027,281.760009765625,0.11673436732715388,False
2018-01-31,13.539999961853027,281.8999938964844,0.11624221108811597,False
2018-02-01,13.470000267028809,281.5799865722656,0.11392287600776453,False
2018-02-02,17.309999465942383,275.45001220703125,0.08876814733878685,False
2018-02-05,37.31999969482422,263.92999267578125,0.04264396426934072,False
2018-02-06,29.979999542236328,269.1300048828125,0.06246152845701182,False
2018-02-07,27.729999542236328,267.6700134277344,0.05606204246789841,False
2018-02-08,33.459999084472656,257.6300048828125,0.016067876018591373,False
2018-02-09,29.059999465942383,261.5,0.030861184386552568,False
2018-02-12,25.61000061035156,265.3399963378906,0.04544785047974262,False
2018-02-13,24.969999313354492,266.0,0.04747214612983728,False
2018-02-14,19.260000228881836,269.5899963378906,0.060963368544249975,False
2018-02-15,19.1299991607666,273.0299987792969,0.07377751255148207,False
2018-02-16,19.459999084472656,273.1099853515625,0.07336116131812959,False
2018-02-20,20.600000381469727,271.3999938964844,0.06595694724086434,False
2018-02-21,20.020000457763672,270.04998779296875,0.06002284050262193,False
2018-02-22,18.719999313354492,270.3999938964844,0.06075674235061321,False
2018-02-23,16.489999771118164,274.7099914550781,0.07691948561353176,False
2018-02-26,15.800000190734863,277.8999938964844,0.08861346734889441,False
2018-02-27,18.59000015258789,274.42999267578125,0.07428298423209374,False
2018-02-28,19.850000381469727,271.6499938964844,0.06272085145412953,False
2018-03-01,22.469999313354492,267.70001220703125,0.046707153560535834,False
2018-03-02,19.59000015258789,269.0799865722656,0.05150670240262476,False
2018-03-05,18.729999542236328,272.19000244140625,0.06290464283756521,False
2018-03-06,18.36000061035156,272.8800048828125,0.06484833834038974,False
2018-03-07,17.760000228881836,272.7799987792969,0.06374266397479728,False
2018-03-08,16.540000915527344,274.1000061035156,0.06817000136699146,False
2018-03-09,14.640000343322754,278.8699951171875,0.08593727528828948,False
2018-03-12,15.779999732971191,278.5199890136719,0.0837743746710251,False
2018-03-13,16.350000381469727,276.7200012207031,0.07603837895783541,False
2018-03-14,17.229999542236328,275.29998779296875,0.06981791417516964,False
2018-03-15,16.59000015258789,275.0,0.06795701928803763,False
2018-03-16,15.800000190734863,274.20001220703125,0.06417334683378403,False
2018-03-19,19.020000457763672,270.489990234375,0.04922233709767917,False
2018-03-20,18.200000762939453,270.95001220703125,0.05046114467984814,False
2018-03-21,17.860000610351562,270.42999267578125,0.04790796439258892,False
2018-03-22,23.34000015258789,263.6700134277344,0.0213083948567579,True
2018-03-23,24.8700008392334,258.04998779296875,-0.000738890864274039,True
2018-03-26,21.030000686645508,265.1099853515625,0.026176127813202416,False
2018-03-27,22.5,260.6000061035156,0.008383616831435604,False
2018-03-28,22.8700008392334,259.8299865722656,0.005083779768586549,False
2018-03-29,19.969999313354492,263.1499938964844,0.01756028950124034,False
2018-04-02,23.6200008392334,257.4700012207031,-0.004657963144183996,False
2018-04-03,21.100000381469727,260.7699890136719,0.007768165496970683,False
2018-04-04,20.059999465942383,263.55999755859375,0.018138826640058194,False
2018-04-05,18.940000534057617,265.6400146484375,0.025758314795983294,False
2018-04-06,21.489999771118164,259.7200012207031,0.002574963346234886,False
2018-04-09,21.770000457763672,261.0,0.007165152771897743,False
2018-04-10,20.469999313354492,265.1499938964844,0.022739195853964562,False
2018-04-11,20.239999771118164,263.760009765625,0.01697311081337963,False
2018-04-12,18.489999771118164,265.92999267578125,0.024892534448231734,False
2018-04-13,17.40999984741211,265.1499938964844,0.021417582613659943,False
2018-04-16,16.559999465942383,267.3299865722656,0.02934274744179979,False
2018-04-17,15.25,270.19000244140625,0.039777794990515605,False
2018-04-18,15.600000381469728,270.3900146484375,0.0399753972705674,False
2018-04-19,15.960000038146973,268.8900146484375,0.03367572757314393,False
2018-04-20,16.8799991607666,266.6099853515625,0.02444133294487284,False
2018-04-23,16.34000015258789,266.57000732421875,0.023775927129579745,False
2018-04-24,18.020000457763672,262.9800109863281,0.009583757570120654,True
2018-04-25,17.84000015258789,263.6300048828125,0.011666244631492252,False
2018-04-26,16.239999771118164,266.30999755859375,0.021477839322980422,False
2018-04-27,15.40999984741211,266.55999755859375,0.02199477314065629,False
2018-04-30,15.93000030517578,264.510009765625,0.013744670785069713,False
2018-05-01,15.489999771118164,264.9800109863281,0.01516818395276609,False
2018-05-02,15.970000267028809,263.20001220703125,0.008007619262794547,False
2018-05-03,15.899999618530272,262.6199951171875,0.0054597191520057665,False
2018-05-04,14.770000457763672,266.0199890136719,0.018105958487324027,False
2018-05-07,14.75,266.9200134277344,0.021163212326381693,False
2018-05-08,14.710000038146973,266.9200134277344,0.020771911612096204,False
2018-05-09,13.420000076293944,269.5,0.030191690374599123,False
2018-05-10,13.229999542236328,272.0199890136719,0.03933593458908899,False
2018-05-11,12.649999618530272,272.8500061035156,0.04200124816571822,False
2018-05-14,12.93000030517578,272.9800109863281,0.041984799818275256,False
2018-05-15,14.630000114440918,271.1000061035156,0.03433115782488879,False
2018-05-16,13.420000076293944,272.239990234375,0.038176124430132706,False
2018-05-17,13.43000030517578,272.010009765625,0.03681100209895538,False
2018-05-18,13.420000076293944,271.3299865722656,0.03374831279486692,False
2018-05-21,13.079999923706056,273.3699951171875,0.0409968763439446,False
2018-05-22,13.220000267028809,272.6099853515625,0.03760489556686753,False
2018-05-23,12.579999923706056,273.3599853515625,0.039955056047422034,False
2018-05-24,12.529999732971191,272.79998779296875,0.03732068808132087,False
2018-05-25,13.220000267028809,272.1499938964844,0.034359412640153006,False
2018-05-29,17.020000457763672,269.0199890136719,0.02197264009079112,False
2018-05-30,14.9399995803833,272.6099853515625,0.03505046174637531,False
2018-05-31,15.43000030517578,270.94000244140625,0.02823355073269031,False
2018-06-01,13.460000038146973,273.6000061035156,0.037794954834662275,False
2018-06-04,12.739999771118164,274.8999938964844,0.04217331154572428,False
2018-06-05,12.399999618530272,275.1000061035156,0.04229914640413504,False
2018-06-06,11.640000343322754,277.3999938964844,0.05032310422046097,False
2018-06-07,12.130000114440918,277.3699951171875,0.049524630118126654,False
2018-06-08,12.18000030517578,278.19000244140625,0.051975600765454356,False
2018-06-11,12.350000381469728,278.55999755859375,0.052698005198124884,False
2018-06-12,12.34000015258789,278.9200134277344,0.053363295256563005,False
2018-06-13,12.9399995803833,278.0299987792969,0.049338892058122315,False
2018-06-14,12.119999885559082,278.7300109863281,0.05130316935125089,False
2018-06-15,11.979999542236328,277.1300048828125,0.04463239484292971,False
2018-06-18,12.3100004196167,276.55999755859375,0.04188386878647212,False
2018-06-19,13.350000381469728,275.5,0.037343229709774266,False
2018-06-20,12.789999961853027,275.9700012207031,0.03856291687293256,False
2018-06-21,14.640000343322754,274.239990234375,0.03150537795196094,False
2018-06-22,13.770000457763672,274.739990234375,0.032845266616383824,False
2018-06-25,17.329999923706055,271.0,0.018323436907881373,False
2018-06-26,15.920000076293944,271.6000061035156,0.020098520293075045,False
2018-06-27,17.90999984741211,269.3500061035156,0.01126529956283443,False
2018-06-28,16.850000381469727,270.8900146484375,0.016649479426093017,False
2018-06-29,16.09000015258789,271.2799987792969,0.017709944504607836,False
2018-07-02,15.600000381469728,271.8599853515625,0.01946946843002728,False
2018-07-03,16.139999389648438,270.8999938964844,0.015456168069403076,False
2018-07-05,14.970000267028809,273.1099853515625,0.023291627383227948,False
2018-07-06,13.369999885559082,275.4200134277344,0.03145508788099945,False
2018-07-09,12.6899995803833,277.8999938964844,0.04020041468784444,False
2018-07-10,12.640000343322754,278.8999938964844,0.04336724743114999,False
2018-07-11,13.630000114440918,276.8599853515625,0.035204610020926445,False
2018-07-12,12.579999923706056,279.3699951171875,0.043995637195933225,False
2018-07-13,12.18000030517578,279.5899963378906,0.04422249000608377,False
2018-07-16,12.829999923706056,279.3399963378906,0.042718449256843594,False
2018-07-17,12.0600004196167,280.4700012207031,0.04634831017139817,False
2018-07-18,12.100000381469728,281.05999755859375,0.04796628376469707,False
2018-07-19,12.869999885559082,280.0,0.04347547814856067,False
2018-07-20,12.859999656677246,279.67999267578125,0.041762286671807876,False
2018-07-23,12.619999885559082,280.20001220703125,0.04317393409580251,False
2018-07-24,12.40999984741211,281.6099853515625,0.047897512769381936,False
2018-07-25,12.289999961853027,284.010009765625,0.056245747450977754,False
2018-07-26,12.140000343322754,283.3399963378906,0.053178361763636765,False
2018-07-27,13.029999732971191,281.4200134277344,0.04552100777734951,False
2018-07-30,14.260000228881836,279.95001220703125,0.039578291113571584,False
2018-07-31,12.829999923706056,281.3299865722656,0.0441852915820156,False
2018-08-01,13.149999618530272,280.8599853515625,0.041939829276828336,False
2018-08-02,12.1899995803833,282.3900146484375,0.04708960970571033,False
2018-08-03,11.640000343322754,283.6000061035156,0.05102806778784481,False
2018-08-06,11.270000457763672,284.6400146484375,0.0543173637620789,False
2018-08-07,10.93000030517578,285.5799865722656,0.05721577209130397,False
2018-08-08,10.850000381469728,285.4599914550781,0.05621729231001466,False
2018-08-09,11.270000457763672,285.07000732421875,0.05420951817644036,False
2018-08-10,13.15999984741211,283.1600036621094,0.046631407299117716,False
2018-08-13,14.779999732971191,282.1000061035156,0.042196995629186475,False
2018-08-14,13.3100004196167,283.8999938964844,0.0482992908411792,False
2018-08-15,14.640000343322754,281.7799987792969,0.04000904800067218,False
2018-08-16,13.449999809265137,284.05999755859375,0.04789606720662705,False
2018-08-17,12.640000343322754,285.05999755859375,0.05104398594775459,False
2018-08-20,12.489999771118164,285.6700134277344,0.05274625909958921,False
2018-08-21,12.859999656677246,286.3399963378906,0.054656569593951536,False
2018-08-22,12.25,286.1700134277344,0.05349267939928124,False
2018-08-23,12.40999984741211,285.7900085449219,0.05157229569596936,False
2018-08-24,11.989999771118164,287.510009765625,0.05734007629328324,False
2018-08-27,12.15999984741211,289.7799987792969,0.06508747158553248,False
2018-08-28,12.5,289.9200134277344,0.06498069439090394,False
2018-08-29,12.25,291.4800109863281,0.0700548974369214,False
2018-08-30,13.529999732971191,290.29998779296875,0.06509787567090579,False
2018-08-31,12.859999656677246,290.30999755859375,0.06449837945835446,False
2018-09-04,13.15999984741211,289.80999755859375,0.06201525676548304,False
2018-09-05,13.90999984741211,289.0299987792969,0.0585671099258436,False
2018-09-06,14.649999618530272,288.1600036621094,0.05479549813911823,False
2018-09-07,14.880000114440918,287.6000061035156,0.05218141567760485,False
2018-09-10,14.15999984741211,288.1000061035156,0.053468965414520175,False
2018-09-11,13.220000267028809,289.04998779296875,0.05637697628678278,False
2018-09-12,13.140000343322754,289.1199951171875,0.05607781850947493,False
2018-09-13,12.369999885559082,290.8299865722656,0.061730592030919414,False
2018-09-14,12.06999969482422,290.8800048828125,0.06137053641978122,False
2018-09-17,13.68000030517578,289.3399963378906,0.055238634653668676,False
2018-09-18,12.789999961853027,290.9100036621094,0.06046368638101068,False
2018-09-19,11.75,291.2200012207031,0.061076195237601,False
2018-09-20,11.800000190734863,293.5799865722656,0.06910154038158298,False
2018-09-21,11.68000030517578,291.989990234375,0.06275410797582243,False
2018-09-24,12.199999809265137,291.0199890136719,0.05868837717687584,False
2018-09-25,12.420000076293944,290.75,0.05719315152578833,False
2018-09-26,12.890000343322754,289.8800048828125,0.053562982077518695,False
2018-09-27,12.40999984741211,290.69000244140625,0.05603903086146685,False
2018-09-28,12.119999885559082,290.7200012207031,0.05568894133826042,False
2018-10-01,12.0,291.7300109863281,0.058876329049695364,False
2018-10-02,12.050000190734863,291.55999755859375,0.057762051382113475,False
2018-10-03,11.609999656677246,291.7200012207031,0.05785877445961397,False
2018-10-04,14.220000267028809,289.44000244140625,0.049186804339451135,False
2018-10-05,14.81999969482422,287.82000732421875,0.04292417339057837,False
2018-10-08,15.6899995803833,287.82000732421875,0.042531487219966614,False
2018-10-09,15.949999809265137,287.3999938964844,0.04063658595072355,False
2018-10-10,22.959999084472656,278.29998779296875,0.007489883743831025,True
2018-10-11,24.979999542236328,272.1700134277344,-0.014790399927921437,False
2018-10-12,21.309999465942383,275.95001220703125,-0.001263439583998548,False
2018-10-15,21.299999237060547,274.3999938964844,-0.006990711446423043,False
2018-10-16,17.6200008392334,280.3999938964844,0.014473778588805974,False
2018-10-17,17.399999618530273,280.45001220703125,0.014440402521597099,False
2018-10-18,20.059999465942383,276.3999938964844,-0.0003164904232445377,False
2018-10-19,19.88999938964844,276.25,-0.0009428192682636278,False
2018-10-22,19.63999938964844,275.010009765625,-0.0054558339328675855,False
2018-10-23,20.709999084472656,273.6099853515625,-0.010513324893598144,False
2018-10-24,25.229999542236328,265.32000732421875,-0.04033331578581704,False
2018-10-25,24.219999313354492,270.0799865722656,-0.023045015059956243,False
2018-10-26,24.15999984741211,265.3299865722656,-0.04003975739370633,False
2018-10-29,24.700000762939453,263.8599853515625,-0.04511533150999067,False
2018-10-30,23.350000381469727,267.7699890136719,-0.030804051084682836,False
2018-10-31,21.229999542236328,270.6300048828125,-0.020292979539929094,False
2018-11-01,19.34000015258789,273.510009765625,-0.009766170284610557,False
2018-11-02,19.510000228881836,271.8900146484375,-0.015479464097407986,False
2018-11-05,19.959999084472656,273.3900146484375,-0.009881212954235377,False
2018-11-06,19.90999984741211,275.1199951171875,-0.003468424619017397,False
2018-11-07,16.360000610351562,281.010009765625,0.017906217611700564,False
2018-11-08,16.719999313354492,280.5,0.016110331747422133,False
2018-11-09,17.360000610351562,277.760009765625,0.006345491481610318,False
2018-11-12,20.450000762939453,272.57000732421875,-0.012241587871324702,True
2018-11-13,20.020000457763672,272.05999755859375,-0.013916485213798834,True
2018-11-14,21.25,270.20001220703125,-0.020450318950653107,True
2018-11-15,19.979999542236328,273.0199890136719,-0.010073525317932144,True
2018-11-16,18.13999938964844,273.7300109863281,-0.007468150724393019,True
2018-11-19,20.100000381469727,269.1000061035156,-0.024347774612063083,False
2018-11-20,22.479999542236328,264.1199951171875,-0.0423163839538858,False
2018-11-21,20.799999237060547,265.0199890136719,-0.03900688874262003,False
2018-11-23,21.520000457763672,263.25,-0.04552232880014796,False
2018-11-26,18.899999618530273,267.5,-0.030218393165164417,False
2018-11-27,19.020000457763672,268.3999938964844,-0.0270095683473638,True
2018-11-28,18.489999771118164,274.5799865722656,-0.0047609417439454585,True
2018-11-29,18.790000915527344,273.9800109863281,-0.007014607340535325,True
2018-11-30,18.06999969482422,275.6499938964844,-0.0010095207746085874,True
2018-12-03,16.440000534057617,279.29998779296875,0.012104994708138755,False
2018-12-04,20.739999771118164,270.25,-0.02066922283787752,True
2018-12-06,21.190000534057617,269.8399963378906,-0.022151271780504307,True
2018-12-07,23.229999542236328,263.57000732421875,-0.04475430283121922,False
2018-12-10,22.63999938964844,264.07000732421875,-0.042757607719524394,False
2018-12-11,21.760000228881836,264.1300048828125,-0.04230109850052827,False
2018-12-12,21.459999084472656,265.4599914550781,-0.03732220036904949,False
2018-12-13,20.649999618530273,265.3699951171875,-0.03753897175564228,False
2018-12-14,21.6299991607666,260.4700012207031,-0.05518671017139849,False
2018-12-17,24.520000457763672,255.36000061035156,-0.07349187257560745,False
2018-12-18,25.579999923706055,255.0800018310547,-0.0742204177167617,False
2018-12-19,25.579999923706055,251.2599945068359,-0.08772671907508062,False
2018-12-20,28.3799991607666,247.1699981689453,-0.10215922625535091,False
2018-12-21,30.11000061035156,240.6999969482422,-0.12513067715482015,False
2018-12-24,36.06999969482422,234.33999633789065,-0.14755744287515804,False
2018-12-26,30.40999984741211,246.17999267578125,-0.10396084433031638,False
2018-12-27,29.959999084472656,248.07000732421875,-0.096610596288956,False
2018-12-28,28.34000015258789,247.75,-0.09732313893976793,False
2018-12-31,25.420000076293945,249.9199981689453,-0.08900052199893195,False
2019-01-02,23.219999313354492,250.17999267578125,-0.08765338798465118,False
2019-01-03,25.450000762939453,244.2100067138672,-0.10899754509516597,False
2019-01-04,21.3799991607666,252.38999938964844,-0.07884087881240086,False
2019-01-07,21.399999618530273,254.3800048828125,-0.07130585944291144,False
2019-01-08,20.469999313354492,256.7699890136719,-0.062462385200666666,False
2019-01-09,19.979999542236328,257.9700012207031,-0.05807943623639146,False
2019-01-10,19.5,258.8800048828125,-0.054649237208901996,False
2019-01-11,18.190000534057617,258.9800109863281,-0.05425607162476247,False
2019-01-14,19.06999969482422,257.3999938964844,-0.05998427464032684,False
2019-01-15,18.600000381469727,260.3500061035156,-0.04916232005870017,False
2019-01-16,19.040000915527344,260.9800109863281,-0.04692253466325902,False
2019-01-17,18.059999465942383,262.9599914550781,-0.039730209157561494,False
2019-01-18,17.799999237060547,266.4599914550781,-0.02700052994296142,False
2019-01-22,20.799999237060547,262.8599853515625,-0.04009751117804959,False
2019-01-23,19.520000457763672,263.4100036621094,-0.038153778877339346,False
2019-01-24,18.88999938964844,263.54998779296875,-0.03768742640785586,False
2019-01-25,17.420000076293945,265.7799987792969,-0.02955604338366629,False
2019-01-28,18.8700008392334,263.760009765625,-0.03693164026737716,False
2019-01-29,19.1299991607666,263.4100036621094,-0.03816536905620197,False
2019-01-30,17.65999984741211,267.5799865722656,-0.02298213289445858,False
2019-01-31,16.56999969482422,269.92999267578125,-0.014448310055622077,False
2019-02-01,16.139999389648438,270.05999755859375,-0.01397130409986808,False
2019-02-04,15.729999542236328,271.9599914550781,-0.007062606121713514,False
2019-02-05,15.56999969482422,273.1000061035156,-0.002976990067413374,False
2019-02-06,15.380000114440918,272.739990234375,-0.004402725455370473,False
2019-02-07,16.3700008392334,270.1400146484375,-0.013957803910969208,False
2019-02-08,15.720000267028809,270.4700012207031,-0.012888249738977356,False
2019-02-11,15.970000267028809,270.6199951171875,-0.012466793281965973,False
2019-02-12,15.43000030517578,274.1000061035156,9.014464611386045e-05,False
2019-02-13,15.649999618530272,274.989990234375,0.0031830902757403337,False
2019-02-14,16.219999313354492,274.3800048828125,0.000777647992115605,False
2019-02-15,14.90999984741211,277.3699951171875,0.011454836811219858,False
2019-02-19,14.880000114440918,277.8500061035156,0.012934672726092538,False
2019-02-20,14.020000457763672,278.4100036621094,0.014684161251751038,False
2019-02-21,14.460000038146973,277.4200134277344,0.010866076483721543,False
2019-02-22,13.510000228881836,279.1400146484375,0.0169070347281214,False
2019-02-25,14.850000381469728,279.5199890136719,0.018057628361459546,False
2019-02-26,15.170000076293944,279.32000732421875,0.017147365407261424,False
2019-02-27,14.699999809265137,279.20001220703125,0.016577503740353237,False
2019-02-28,14.779999732971191,278.67999267578125,0.014576410460554044,False
2019-03-01,13.56999969482422,280.4200134277344,0.020772972037881646,False
2019-03-04,14.630000114440918,279.3999938964844,0.016906320164360274,False
2019-03-05,14.739999771118164,279.0199890136719,0.01539796901803933,False
2019-03-06,15.739999771118164,277.3299865722656,0.009150095307507811,False
2019-03-07,16.59000015258789,275.010009765625,0.0006411517608923194,False
2019-03-08,16.049999237060547,274.4599914550781,-0.0013799270601463555,False
2019-03-11,14.329999923706056,278.44000244140625,0.012993864655392786,False
2019-03-12,13.770000457763672,279.489990234375,0.01670045988539515,False
2019-03-13,13.40999984741211,281.3399963378906,0.02327128062195156,False
2019-03-14,13.5,281.1600036621094,0.022449091712799053,False
2019-03-15,12.880000114440918,281.30999755859375,0.022765997405428954,False
2019-03-18,13.100000381469728,282.3299865722656,0.02629305553270248,False
2019-03-19,13.5600004196167,282.3999938964844,0.02633376280894609,False
2019-03-20,13.90999984741211,281.54998779296875,0.023096762360784846,False
2019-03-21,13.630000114440918,284.7300109863281,0.034467577727909905,False
2019-03-22,16.479999542236328,279.25,0.014481382078064535,False
2019-03-25,16.329999923706055,279.0400085449219,0.013688310945296761,False
2019-03-26,14.68000030517578,281.1199951171875,0.021174868041044716,False
2019-03-27,15.149999618530272,279.6499938964844,0.01580811824088266,False
2019-03-28,14.43000030517578,280.7099914550781,0.019618667171027518,False
2019-03-29,13.710000038146973,282.4800109863281,0.02598154795744506,False
2019-04-01,13.399999618530272,285.8299865722656,0.038001794394000026,False
2019-04-02,13.359999656677246,285.9700012207031,0.038373756502834824,False
2019-04-03,13.739999771118164,286.4200134277344,0.03983239601921316,False
2019-04-04,13.579999923706056,287.17999267578125,0.04239051115776319,False
2019-04-05,12.81999969482422,288.57000732421875,0.04718751453992658,False
2019-04-08,13.18000030517578,288.7900085449219,0.04774215670194578,False
2019-04-09,14.279999732971191,287.30999755859375,0.04212553501156814,False
2019-04-10,13.300000190734863,288.2900085449219,0.045423308528859466,False
2019-04-11,13.020000457763672,288.2099914550781,0.04480711947027372,False
2019-04-12,12.010000228881836,290.1600036621094,0.0515224766250927,False
2019-04-15,12.31999969482422,289.9700012207031,0.05044144467575655,False
2019-04-16,12.18000030517578,290.1600036621094,0.0507629908429429,False
2019-04-17,12.600000381469728,289.45001220703125,0.047847143720371896,False
2019-04-18,12.09000015258789,290.0199890136719,0.04956553417838242,False
2019-04-22,12.420000076293944,290.2699890136719,0.05010221469385559,False
2019-04-23,12.279999732971191,292.8800048828125,0.059165635937981485,False
2019-04-24,13.140000343322754,292.2300109863281,0.056493882006915234,False
2019-04-25,13.25,292.04998779296875,0.055573051783828965,False
2019-04-26,12.729999542236328,293.4100036621094,0.060210624935638515,False
2019-04-29,13.109999656677246,293.8699951171875,0.061546527420034525,False
2019-04-30,13.119999885559082,294.0199890136719,0.06180739520357698,False
2019-05-01,14.800000190734863,291.80999755859375,0.05359387646769448,False
2019-05-02,14.420000076293944,291.17999267578125,0.05109454835056227,False
2019-05-03,12.869999885559082,294.0299987792969,0.06112272985951525,False
2019-05-06,15.4399995803833,292.82000732421875,0.05653180118245026,False
2019-05-07,19.31999969482422,287.92999267578125,0.038739402606969724,False
2019-05-08,19.399999618530273,287.5299987792969,0.03714952106456627,False
2019-05-09,19.100000381469727,286.6600036621094,0.033890903703943084,False
2019-05-10,16.040000915527344,288.1000061035156,0.0389629344669807,False
2019-05-13,20.549999237060547,280.8599853515625,0.012911084485431554,True
2019-05-14,18.059999465942383,283.3999938964844,0.022070424999238617,True
2019-05-15,16.440000534057617,285.05999755859375,0.02798968551783651,False
2019-05-16,15.289999961853027,287.70001220703125,0.037365202331436684,False
2019-05-17,15.960000038146973,285.8399963378906,0.030574713924565677,False
2019-05-20,16.309999465942383,283.95001220703125,0.023703492901811424,False
2019-05-21,14.949999809265137,286.510009765625,0.03285615070983118,False
2019-05-22,14.75,285.6300048828125,0.029646096252710558,False
2019-05-23,16.920000076293945,282.1400146484375,0.017111124599375263,False
2019-05-24,15.850000381469728,282.7799987792969,0.019469711389661526,False
2019-05-28,17.5,280.1499938964844,0.01008478155714437,False
2019-05-29,17.899999618530273,278.2699890136719,0.003429405469449287,False
2019-05-30,17.299999237060547,279.0299987792969,0.006244895530959919,False
2019-05-31,18.709999084472656,275.2699890136719,-0.007192277718493002,False
2019-06-03,18.86000061035156,274.57000732421875,-0.009550235914581923,False
2019-06-04,16.969999313354492,280.5299987792969,0.01197191287767561,False
2019-06-05,16.09000015258789,282.9599914550781,0.02075801689533679,False
2019-06-06,15.93000030517578,284.79998779296875,0.027400490977895316,False
2019-06-07,16.299999237060547,287.6499938964844,0.03764467545955505,False
2019-06-10,15.9399995803833,288.9700012207031,0.042356914587496484,False
2019-06-11,15.989999771118164,288.8999938964844,0.04205308020204333,False
2019-06-12,15.90999984741211,288.3900146484375,0.04016482723777412,False
2019-06-13,15.81999969482422,289.5799865722656,0.044417828760029844,False
2019-06-14,15.279999732971191,289.260009765625,0.04327356271354689,False
2019-06-17,15.350000381469728,289.3699951171875,0.04368059869265947,False
2019-06-18,15.149999618530272,292.3999938964844,0.05459150191886236,False
2019-06-19,14.329999923706056,293.05999755859375,0.056919314787939775,False
2019-06-20,14.75,295.8599853515625,0.06691067936955006,False
2019-06-21,15.399999618530272,294.0,0.060123232644035324,False
2019-06-24,15.260000228881836,293.6400146484375,0.058737178030134285,False
2019-06-25,16.280000686645508,290.760009765625,0.04830400631336295,False
2019-06-26,16.209999084472656,290.4700012207031,0.0472042321168096,False
2019-06-27,15.81999969482422,291.5,0.050853184936514514,False
2019-06-28,15.079999923706056,293.0,0.05618546372367734,False
2019-07-01,14.0600004196167,295.6600036621094,0.06564844178173831,False
2019-07-02,12.93000030517578,296.42999267578125,0.068315900928031,False
2019-07-03,12.56999969482422,298.79998779296875,0.07670355855735397,False
2019-07-05,13.279999732971191,298.4599914550781,0.07530171760077806,False
2019-07-08,13.960000038146973,296.82000732421875,0.0692792879556698,False
2019-07-09,14.09000015258789,297.19000244140625,0.07049706299939912,False
2019-07-10,13.029999732971191,298.6099853515625,0.0755144978106799,False
2019-07-11,12.93000030517578,299.30999755859375,0.07789366544080115,False
2019-07-12,12.390000343322754,300.6499938964844,0.08253163118750025,False
2019-07-15,12.68000030517578,300.75,0.08269679697792051,False
2019-07-16,12.859999656677246,299.7799987792969,0.0790125235696919,False
2019-07-17,13.970000267028809,297.739990234375,0.07153387021514723,False
2019-07-18,13.529999732971191,298.8299865722656,0.07529972495938204,False
2019-07-19,14.449999809265137,297.1700134277344,0.06922188295519857,False
2019-07-22,13.529999732971191,297.8999938964844,0.07172612509190687,False
2019-07-23,12.609999656677246,300.0299987792969,0.07922771519349803,False
2019-07-24,12.06999969482422,301.44000244140625,0.08406562412453757,False
2019-07-25,12.739999771118164,300.0,0.07865071842341452,False
2019-07-26,12.15999984741211,302.010009765625,0.08560077557217159,False
2019-07-29,12.829999923706056,301.4599914550781,0.08334992599693052,False
2019-07-30,13.9399995803833,300.7200012207031,0.08025545740026484,False
2019-07-31,16.1200008392334,297.42999267578125,0.06795246127411031,False
2019-08-01,17.8700008392334,294.8399963378906,0.05829391623182923,False
2019-08-02,17.610000610351562,292.6199951171875,0.049982143046114536,False
2019-08-05,24.59000015258789,283.82000732421875,0.018343450155653678,True
2019-08-06,20.170000076293945,287.79998779296875,0.032487439765820435,False
2019-08-07,19.489999771118164,287.9700012207031,0.032883003400639654,False
2019-08-08,16.90999984741211,293.6199951171875,0.05282028328361712,False
2019-08-09,17.969999313354492,291.6199951171875,0.04533768187559296,False
2019-08-12,21.09000015258789,288.07000732421875,0.03234488760313242,False
2019-08-13,17.520000457763672,292.54998779296875,0.04788833288986923,False
2019-08-14,22.100000381469727,283.8999938964844,0.01665318324180737,False
2019-08-15,21.18000030517578,284.6499938964844,0.018986457391095772,False
2019-08-16,18.469999313354492,288.8500061035156,0.03355930240128082,False
2019-08-19,16.8799991607666,292.3299865722656,0.045551905988264946,False
2019-08-20,17.5,290.0899963378906,0.03717937950935426,False
2019-08-21,15.800000190734863,292.45001220703125,0.045263398650805704,False
2019-08-22,16.68000030517578,292.3599853515625,0.04455951280835546,False
2019-08-23,19.8700008392334,284.8500061035156,0.017519143218982475,False
2019-08-26,19.31999969482422,288.0,0.028534698552378945,False
2019-08-27,20.309999465942383,286.8699951171875,0.02439191974153277,False
2019-08-28,19.350000381469727,288.8900146484375,0.031450750783063454,False
2019-08-29,17.8799991607666,292.5799865722656,0.04434910006004031,False
2019-08-30,18.979999542236328,292.45001220703125,0.04351492082804781,False
2019-09-03,19.65999984741211,290.739990234375,0.037067629362860836,False
2019-09-04,17.329999923706055,294.0400085449219,0.04839301137307977,False
2019-09-05,16.270000457763672,297.82000732421875,0.06140124545630202,False
2019-09-06,15.0,298.04998779296875,0.06176073795844825,False
2019-09-09,15.270000457763672,298.20001220703125,0.06174485164372434,False
2019-09-10,15.199999809265137,298.1300048828125,0.06085327983167789,False
2019-09-11,14.609999656677246,300.25,0.06772772433398701,False
2019-09-12,14.220000267028809,301.2900085449219,0.07070193188910086,False
2019-09-13,13.739999771118164,301.0899963378906,0.06935290219434544,False
2019-09-16,14.670000076293944,300.1600036621094,0.06544902697748133,False
2019-09-17,14.4399995803833,300.9200134277344,0.06764765295540508,False
2019-09-18,13.949999809265137,301.1000061035156,0.06777255035456572,False
2019-09-19,14.050000190734863,301.0799865722656,0.06722034223890036,False
2019-09-20,15.31999969482422,298.2799987792969,0.056939851457839946,False
2019-09-23,14.90999984741211,298.2099914550781,0.0561685856796999,False
2019-09-24,17.049999237060547,295.8699951171875,0.0473982345519495,False
2019-09-25,15.960000038146973,297.6199951171875,0.05295873030539322,False
2019-09-26,16.06999969482422,297.0,0.05015349546317901,False
2019-09-27,17.219999313354492,295.3999938964844,0.043918968317024,False
2019-09-30,16.239999771118164,296.7699890136719,0.04818052717541694,False
2019-10-01,18.559999465942383,293.239990234375,0.03520319802375309,False
2019-10-02,20.559999465942383,288.05999755859375,0.01642166567472724,True
2019-10-03,19.1200008392334,290.4200134277344,0.024115533688111004,True
2019-10-04,17.040000915527344,294.3500061035156,0.037255777752344246,False
2019-10-07,17.860000610351562,293.0799865722656,0.032019936015853574,False
2019-10-08,20.280000686645508,288.5299987792969,0.015258790187780822,False
2019-10-09,18.63999938964844,291.2699890136719,0.023989018794176847,False
2019-10-10,17.56999969482422,293.239990234375,0.029848508919915823,False
2019-10-11,15.579999923706056,296.2799987792969,0.039610317422735596,False
2019-10-14,14.56999969482422,295.95001220703125,0.03758084055833855,False
2019-10-15,13.539999961853027,298.8800048828125,0.046914856647087465,False
2019-10-16,13.68000030517578,298.3999938964844,0.044346746609521696,False
2019-10-17,13.789999961853027,299.2799987792969,0.04652742374612028,False
2019-10-18,14.25,297.9700012207031,0.04096814972775148,False
2019-10-21,14.0,299.989990234375,0.047154380996217965,False
2019-10-22,14.460000038146973,299.010009765625,0.04292126346494889,False
2019-10-23,14.010000228881836,299.8800048828125,0.04516995193366702,False
2019-10-24,13.710000038146973,300.3699951171875,0.046104763719053435,False
2019-10-25,12.649999618530272,301.6000061035156,0.04960773551026847,False
2019-10-28,13.109999656677246,303.29998779296875,0.05471050629830075,False
2019-10-29,13.199999809265137,303.2099914550781,0.05355837891468807,False
2019-10-30,12.329999923706056,304.1400146484375,0.05598653863675168,False
2019-10-31,13.220000267028809,303.3299865722656,0.052400358930642855,False
2019-11-01,12.300000190734863,306.1400146484375,0.061354701425068756,False
2019-11-04,12.829999923706056,307.3699951171875,0.06486376083468867,False
2019-11-05,13.100000381469728,307.0299987792969,0.0628726390291448,False
2019-11-06,12.619999885559082,307.1000061035156,0.06231164019584681,False
2019-11-07,12.729999542236328,308.17999267578125,0.06522523661674953,False
2019-11-08,12.06999969482422,308.94000244140625,0.06705628134917818,False
2019-11-11,12.6899995803833,308.3500061035156,0.06419898731064203,False
2019-11-12,12.68000030517578,309.0,0.0656039628814397,False
2019-11-13,13.0,309.1000061035156,0.06518625072782112,False
2019-11-14,13.050000190734863,309.54998779296875,0.06600919511691276,False
2019-11-15,12.050000190734863,311.7900085449219,0.07295228563284761,False
2019-11-18,12.460000038146973,312.0199890136719,0.07300410338678832,False
2019-11-19,12.859999656677246,311.92999267578125,0.0719788965604001,False
2019-11-20,12.779999732971191,310.7699890136719,0.06729498205024605,False
2019-11-21,13.130000114440918,310.2699890136719,0.06484401627469348,False
2019-11-22,12.34000015258789,310.9599914550781,0.06647110779679949,False
2019-11-25,11.869999885559082,313.3699951171875,0.07394918798781888,False
2019-11-26,11.539999961853027,314.0799865722656,0.07564549798810315,False
2019-11-27,11.75,315.4800109863281,0.07969163736898396,False
2019-11-29,12.619999885559082,314.30999755859375,0.0749529187872069,False
2019-12-02,14.90999984741211,311.6400146484375,0.0651972376845875,False
2019-12-03,15.960000038146973,309.54998779296875,0.05748054843935283,False
2019-12-04,14.800000190734863,311.4599914550781,0.06340515911234551,False
2019-12-05,14.520000457763672,312.0199890136719,0.06468826034201115,False
2019-12-06,13.619999885559082,314.8699951171875,0.07375861583678262,False
2019-12-09,15.859999656677246,313.8800048828125,0.06975585162526016,False
2019-12-10,15.68000030517578,313.5299987792969,0.06794039791618042,False
2019-12-11,14.989999771118164,314.4200134277344,0.07032993556579335,False
2019-12-12,13.9399995803833,317.1300048828125,0.0788490788016879,False
2019-12-13,12.630000114440918,317.32000732421875,0.07881832717400596,False
2019-12-16,12.140000343322754,319.5,0.08548989267855842,False
2019-12-17,12.289999961853027,319.57000732421875,0.08498036629012892,False
2019-12-18,12.579999923706056,319.5899963378906,0.084270386512283,False
2019-12-19,12.5,320.8999938964844,0.08786795065333572,False
2019-12-20,12.510000228881836,320.7300109863281,0.08643961688524301,False
2019-12-23,12.609999656677246,321.2200012207031,0.08731158108309296,False
2019-12-24,12.670000076293944,321.2300109863281,0.0865778635990751,False
2019-12-26,12.649999618530272,322.94000244140625,0.09159398781904106,False
2019-12-27,13.43000030517578,322.8599853515625,0.09055492957041744,False
2019-12-30,14.81999969482422,321.0799865722656,0.08381448767442845,False
2019-12-31,13.779999732971191,321.8599853515625,0.08572303021134378,False
2020-01-02,12.470000267028809,324.8699951171875,0.09509219677392737,False
2020-01-03,14.020000457763672,322.4100036621094,0.08605197422388963,False
2020-01-06,13.850000381469728,323.6400146484375,0.08948132746423194,False
2020-01-07,13.789999961853027,322.7300109863281,0.0856234438991585,False
2020-01-08,13.449999809265137,324.45001220703125,0.09057636593470991,False
2020-01-09,12.539999961853027,326.6499938964844,0.09713165459519511,False
2020-01-10,12.5600004196167,325.7099914550781,0.09312887889175815,False
2020-01-13,12.31999969482422,327.95001220703125,0.09977489124148231,False
2020-01-14,12.390000343322754,327.45001220703125,0.09727077369278116,False
2020-01-15,12.420000076293944,328.19000244140625,0.09897047337123592,False
2020-01-16,12.31999969482422,330.9200134277344,0.10727880262670772,False
2020-01-17,12.100000381469728,331.95001220703125,0.10987981236322535,False
2020-01-21,12.850000381469728,331.29998779296875,0.10689002687103775,False
2020-01-22,12.90999984741211,331.3399963378906,0.10623331200724612,False
2020-01-23,12.979999542236328,331.7200012207031,0.10670890438625917,False
2020-01-24,14.5600004196167,328.7699890136719,0.0961087753118594,False
2020-01-27,18.229999542236328,323.5,0.07790612651662898,False
2020-01-28,16.280000686645508,326.8900146484375,0.08850025631784993,False
2020-01-29,16.389999389648438,326.6199951171875,0.08694131621445506,False
2020-01-30,15.489999771118164,327.67999267578125,0.08978502336064781,False
2020-01-31,18.84000015258789,321.7300109863281,0.06943538912632363,False
2020-02-03,17.969999313354492,324.1199951171875,0.07675928449682931,False
2020-02-04,16.049999237060547,329.05999755859375,0.09246203693996094,False
2020-02-05,15.149999618530272,332.8599853515625,0.10429707922459902,False
2020-02-06,14.960000038146973,333.9800109863281,0.10725798654721128,False
2020-02-07,15.470000267028809,332.20001220703125,0.10062743770788399,False
2020-02-10,15.039999961853027,334.67999267578125,0.1080614672266715,False
2020-02-11,15.18000030517578,335.260009765625,0.10921334450373048,False
2020-02-12,13.739999771118164,337.4200134277344,0.11555607285660642,False
2020-02-13,14.149999618530272,337.05999755859375,0.11357352613763298,False
2020-02-14,13.68000030517578,337.6000061035156,0.11451457732737384,False
2020-02-18,14.829999923706056,336.7300109863281,0.11080729261734479,False
2020-02-19,14.380000114440918,338.3399963378906,0.11530320339307053,False
2020-02-20,15.5600004196167,336.95001220703125,0.10991396663357571,False
2020-02-21,17.079999923706055,333.4800109863281,0.09766030127758378,False
2020-02-24,25.030000686645508,322.4200134277344,0.06064692758508335,False
2020-02-25,27.850000381469727,312.6499938964844,0.028067557951402176,True
2020-02-26,27.559999465942383,311.5,0.02389218881591099,True
2020-02-27,39.15999984741211,297.510009765625,-0.022360058118123766,False
2020-02-28,40.11000061035156,296.260009765625,-0.02667330965515659,False
2020-03-02,33.41999816894531,309.0899963378906,0.015077380740717974,False
2020-03-03,36.81999969482422,300.239990234375,-0.014189768799169548,False
2020-03-04,31.989999771118164,312.8599853515625,0.026791345133333703,False
2020-03-05,39.619998931884766,302.4599914550781,-0.007642354957914103,False
2020-03-06,41.939998626708984,297.4599914550781,-0.024222411221223334,False
2020-03-09,54.459999084472656,274.2300109863281,-0.10025701052911246,False
2020-03-10,47.29999923706055,288.4200134277344,-0.05379738662899075,False
2020-03-11,53.900001525878906,274.3599853515625,-0.09979896422261389,False
2020-03-12,75.47000122070312,248.11000061035156,-0.18549951758998065,False
2020-03-13,57.83000183105469,269.32000732421875,-0.11574097961311826,False
2020-03-16,82.69000244140625,239.8500061035156,-0.2119930595586417,False
2020-03-17,75.91000366210938,252.8000030517578,-0.1691402543758238,False
2020-03-18,76.44999694824219,240.0,-0.2107607497808404,False
2020-03-19,72.0,240.5099945068359,-0.20856284639749775,False
2020-03-20,66.04000091552734,228.8000030517578,-0.24642495381283516,False
2020-03-23,61.59000015258789,222.9499969482422,-0.26494382982854253,False
2020-03-24,61.66999816894531,243.1499938964844,-0.1977568396224247,False
2020-03-25,63.95000076293945,246.7899932861328,-0.18518013140902556,False
2020-03-26,61.0,261.20001220703125,-0.13720842180773438,False
2020-03-27,65.54000091552734,253.4199981689453,-0.16242348374215657,False
2020-03-30,57.08000183105469,261.6499938964844,-0.13482325965958988,False
2020-03-31,53.540000915527344,257.75,-0.14727481813406262,False
2020-04-01,57.060001373291016,246.1499938964844,-0.18506898606515468,False
2020-04-02,50.90999984741211,251.8300018310547,-0.1657038380768957,False
2020-04-03,46.79999923706055,248.19000244140625,-0.17715132787409482,False
2020-04-06,45.2400016784668,264.8599853515625,-0.12143221325167293,False
2020-04-07,46.70000076293945,265.1300048828125,-0.12011522103425112,False
2020-04-08,43.349998474121094,274.0299987792969,-0.09028286394090151,False
2020-04-09,41.66999816894531,278.20001220703125,-0.07624678424511096,False
2020-04-13,41.16999816894531,275.6600036621094,-0.08445567765201387,False
2020-04-14,37.7599983215332,283.7900085449219,-0.057332952606947145,False
2020-04-15,40.84000015258789,277.760009765625,-0.07712924591502592,False
2020-04-16,40.11000061035156,279.1000061035156,-0.07242186166048604,False
2020-04-17,38.150001525878906,286.6400146484375,-0.04720793004333224,False
2020-04-20,43.83000183105469,281.5899963378906,-0.0637263999797841,False
2020-04-21,45.40999984741211,273.0400085449219,-0.09177089169589171,False
2020-04-22,41.97999954223633,279.1000061035156,-0.07133947327592337,False
2020-04-23,41.380001068115234,279.0799865722656,-0.07112622386620886,False
2020-04-24,35.93000030517578,282.9700012207031,-0.05793372548989822,False
2020-04-27,33.290000915527344,287.04998779296875,-0.044155528093470724,False
2020-04-28,33.56999969482422,285.7300109863281,-0.04831449614054532,False
2020-04-29,31.229999542236328,293.2099914550781,-0.023278160778807885,False
2020-04-30,34.150001525878906,290.4800109863281,-0.0322221857653515,False
2020-05-01,37.189998626708984,282.7900085449219,-0.05760789081279497,False
2020-05-04,35.970001220703125,283.57000732421875,-0.054768218215830895,False
2020-05-05,33.61000061035156,286.19000244140625,-0.045860308272198384,False
2020-05-06,34.119998931884766,284.25,-0.05211247248390583,False
2020-05-07,31.440000534057617,287.67999267578125,-0.04047690462805979,False
2020-05-08,27.979999542236328,292.44000244140625,-0.024454024789733294,False
2020-05-11,27.56999969482422,292.5,-0.024131803011014637,False
2020-05-12,33.040000915527344,286.6700134277344,-0.043337591696361956,False
2020-05-13,35.279998779296875,281.6000061035156,-0.059945479853554924,False
2020-05-14,32.61000061035156,284.9700012207031,-0.048445401774047096,False
2020-05-15,31.88999938964844,286.2799987792969,-0.04389315121825567,False
2020-05-18,29.299999237060547,295.0,-0.014773061372582524,True
2020-05-19,30.530000686645508,291.9700012207031,-0.02488192284630019,False
2020-05-20,27.989999771118164,296.92999267578125,-0.00853365468909432,False
2020-05-21,29.530000686645508,294.8800048828125,-0.015495053348974348,False
2020-05-22,28.15999984741211,295.44000244140625,-0.013748394917963692,False
2020-05-26,28.010000228881836,299.0799865722656,-0.001688210143269178,False
2020-05-27,27.6200008392334,303.5299987792969,0.012964323093103768,False
2020-05-28,28.59000015258789,302.9700012207031,0.010844131603604186,False
2020-05-29,27.510000228881836,304.32000732421875,0.015149033991099983,False
2020-06-01,28.229999542236328,305.54998779296875,0.018884077487729304,False
2020-06-02,26.84000015258789,308.0799865722656,0.02691942415914153,False
2020-06-03,25.65999984741211,312.17999267578125,0.040181475122765514,False
2020-06-04,25.809999465942383,311.3599853515625,0.03712040894469624,False
2020-06-05,24.520000457763672,319.3399963378906,0.06318339132760414,False
2020-06-08,25.809999465942383,323.20001220703125,0.0754840783629842,False
2020-06-09,27.56999969482422,320.7900085449219,0.06695982873148405,False
2020-06-10,27.56999969482422,319.0,0.060403966297737116,False
2020-06-11,40.790000915527344,300.6099853515625,-0.0009365987379977062,False
2020-06-12,36.09000015258789,304.2099914550781,0.010736618194194981,False
2020-06-15,34.400001525878906,307.04998779296875,0.019864820863657907,False
2020-06-16,33.66999816894531,312.9599914550781,0.03914315627542368,False
2020-06-17,33.470001220703125,311.6600036621094,0.034496791798540004,False
2020-06-18,32.939998626708984,311.7799987792969,0.03453384233347765,False
2020-06-19,35.119998931884766,308.6400146484375,0.023866887063498158,False
2020-06-22,31.770000457763672,310.6199951171875,0.03021644940724806,False
2020-06-23,31.3700008392334,312.04998779296875,0.0347190026282748,False
2020-06-24,33.84000015258789,304.0899963378906,0.008226204014683696,False
2020-06-25,32.220001220703125,307.3500061035156,0.01887920340626097,False
2020-06-26,34.72999954223633,300.04998779296875,-0.005317390607519303,False
2020-06-29,31.780000686645508,304.4599914550781,0.009248990586620818,False
2020-06-30,30.43000030517578,308.3599853515625,0.022053857552216328,False
2020-07-01,28.6200008392334,310.5199890136719,0.02903647723110967,True
2020-07-02,27.68000030517578,312.2300109863281,0.03450947372514995,False
2020-07-06,27.940000534057617,317.04998779296875,0.05020196867043876,False
2020-07-07,29.43000030517578,313.7799987792969,0.03915182555014579,False
2020-07-08,28.079999923706055,316.17999267578125,0.04678966850542883,False
2020-07-09,29.260000228881836,314.3800048828125,0.04055184919035051,False
2020-07-10,27.290000915527344,317.5899963378906,0.05079874180258071,False
2020-07-13,32.189998626708984,314.8399963378906,0.04140324364355631,False
2020-07-14,29.520000457763672,318.9200134277344,0.054516516465514434,False
2020-07-15,27.760000228881836,321.8500061035156,0.06373944565524085,False
2020-07-16,28.0,320.7900085449219,0.059815387459833,False
2020-07-17,25.68000030517578,321.7200012207031,0.06238805895816009,False
2020-07-20,24.459999084472656,324.32000732421875,0.07033303441616598,False
2020-07-21,24.84000015258789,325.010009765625,0.07199833538570471,False
2020-07-22,24.31999969482422,326.8599853515625,0.07752250058458143,False
2020-07-23,26.079999923706055,322.9599914550781,0.06414172925687393,False
2020-07-24,25.84000015258789,320.8800048828125,0.056725054356108355,False
2020-07-27,24.739999771118164,323.2200012207031,0.06387145976798023,False
2020-07-28,25.440000534057617,321.1700134277344,0.056638281108661044,False
2020-07-29,24.100000381469727,325.1199951171875,0.06912637738251716,False
2020-07-30,24.760000228881836,323.9599914550781,0.06482142120953965,False
2020-07-31,24.459999084472656,326.5199890136719,0.07274856196890553,False
2020-08-03,24.280000686645508,328.7900085449219,0.07966749466280139,False
2020-08-04,23.760000228881836,330.05999755859375,0.08329037068847966,False
2020-08-05,22.989999771118164,332.1099853515625,0.08940829259855115,False
2020-08-06,22.649999618530273,334.3299865722656,0.09607315013811021,False
2020-08-07,22.209999084472656,334.57000732421875,0.09622104826445348,False
2020-08-10,22.1299991607666,335.57000732421875,0.0988550629009535,False
2020-08-11,24.030000686645508,332.79998779296875,0.08920603618938412,False
2020-08-12,22.280000686645508,337.44000244140625,0.10374478901202175,False
2020-08-13,22.1299991607666,336.8299865722656,0.10114562795079547,False
2020-08-14,22.049999237060547,336.8399963378906,0.10057335888192834,False
2020-08-17,21.350000381469727,337.9100036621094,0.10346067492463648,False
2020-08-18,21.510000228881836,338.6400146484375,0.1052073713187825,False
2020-08-19,22.540000915527344,337.2300109863281,0.10004749818517743,False
2020-08-20,22.719999313354492,338.2799987792969,0.10291653999143568,False
2020-08-21,22.540000915527344,339.4800109863281,0.10624382180152826,False
2020-08-24,22.3700008392334,342.9200134277344,0.11680176714789757,False
2020-08-25,22.030000686645508,344.1199951171875,0.1200543004617871,False
2020-08-26,23.270000457763672,347.57000732421875,0.13057276677146412,False
2020-08-27,24.469999313354492,348.3299865722656,0.13230855675796038,False
2020-08-28,22.959999084472656,350.5799865722656,0.13885292713742478,False
2020-08-31,26.40999984741211,349.30999755859375,0.1339867751497857,False
2020-09-01,26.1200008392334,352.6000061035156,0.14386802273051277,False
2020-09-02,26.56999969482422,357.70001220703125,0.15954943281509198,False
2020-09-03,33.599998474121094,345.3900146484375,0.11903908399980792,False
2020-09-04,30.75,342.57000732421875,0.1093518258990714,False
2020-09-08,31.459999084472656,333.2099914550781,0.07864916902744531,False
2020-09-09,28.809999465942383,339.7900085449219,0.09942433243794294,False
2020-09-10,29.709999084472656,333.8900146484375,0.07993370179830836,False
2020-09-11,26.8700008392334,334.05999755859375,0.08012208702752713,False
2020-09-14,25.850000381469727,338.4599914550781,0.09391750667518428,False
2020-09-15,25.59000015258789,340.1700134277344,0.09900587376308885,False
2020-09-16,26.040000915527344,338.82000732421875,0.09421110511266635,False
2020-09-17,26.459999084472656,335.8399963378906,0.08416357635042254,False
2020-09-18,25.829999923706055,330.6499938964844,0.06704572379107322,False
2020-09-21,27.780000686645508,326.9700012207031,0.05490595845580912,False
2020-09-22,26.86000061035156,330.29998779296875,0.06533537012670945,False
2020-09-23,28.579999923706055,322.6400146484375,0.04049884214295962,False
2020-09-24,28.510000228881836,323.5,0.043110446919470864,False
2020-09-25,26.3799991607666,328.7300109863281,0.05971467774355139,False
2020-09-28,26.190000534057617,334.19000244140625,0.0769726616847112,False
2020-09-29,26.270000457763672,332.3699951171875,0.07084447935597657,False
2020-09-30,26.3700008392334,334.8900146484375,0.07865828817153901,False
2020-10-01,26.700000762939453,337.0400085449219,0.08527670981036962,False
2020-10-02,27.6299991607666,333.8399963378906,0.07472567906177374,False
2020-10-05,27.959999084472656,339.760009765625,0.0934288840854147,False
2020-10-06,29.479999542236328,334.92999267578125,0.07764144741273932,False
2020-10-07,28.059999465942383,340.760009765625,0.09604641716955795,False
2020-10-08,26.36000061035156,343.7799987792969,0.10535909487879809,False
2020-10-09,25.0,346.8500061035156,0.11477096552764869,False
2020-10-12,25.06999969482422,352.42999267578125,0.13216842574825444,False
2020-10-13,26.06999969482422,350.1300048828125,0.12428733932816409,False
2020-10-14,26.399999618530273,347.92999267578125,0.11674156517910209,False
2020-10-15,26.969999313354492,347.5,0.11490266869584806,False
2020-10-16,27.40999984741211,347.2900085449219,0.11382834627862413,False
2020-10-19,29.18000030517578,342.010009765625,0.09654968500330043,False
2020-10-20,29.350000381469727,343.3800048828125,0.10059386809830269,False
2020-10-21,28.649999618530273,342.7300109863281,0.09815854297528857,False
2020-10-22,28.11000061035156,344.6099853515625,0.10382575244547824,False
2020-10-23,27.549999237060547,345.7799987792969,0.10723420882012834,False
2020-10-26,32.459999084472656,339.3900146484375,0.08653463772471519,False
2020-10-27,33.349998474121094,338.2200012207031,0.08261094313890044,False
2020-10-28,40.279998779296875,326.6600036621094,0.045621680646281214,False
2020-10-29,37.59000015258789,329.9800109863281,0.05621859219600496,False
2020-10-30,38.02000045776367,326.5400085449219,0.0452809117296728,False
2020-11-02,37.130001068115234,330.20001220703125,0.05702648546818141,False
2020-11-03,35.54999923706055,336.0299987792969,0.07560783360684183,False
2020-11-04,29.56999969482422,343.5400085449219,0.09943216257340234,False
2020-11-05,27.579999923706055,350.239990234375,0.12054206462464533,False
2020-11-06,24.86000061035156,350.1600036621094,0.11990296058668375,False
2020-11-09,25.75,354.55999755859375,0.13341233353158594,False
2020-11-10,24.799999237060547,354.0400085449219,0.13125919080266568,False
2020-11-11,23.450000762939453,356.6700134277344,0.1391159288746175,False
2020-11-12,25.350000381469727,353.2099914550781,0.12760576808821184,False
2020-11-13,23.100000381469727,358.1000061035156,0.14255359637913115,False
2020-11-16,22.450000762939453,362.5700073242187,0.15610643127195012,False
2020-11-17,22.709999084472656,360.6199951171875,0.14931024188330475,False
2020-11-18,23.84000015258789,356.2799987792969,0.13505489585018574,False
2020-11-19,23.11000061035156,357.7799987792969,0.139401706485832,False
2020-11-20,23.700000762939453,355.3299865722656,0.1311826726671111,False
2020-11-23,22.65999984741211,357.4599914550781,0.13755100828880346,False
2020-11-24,21.63999938964844,363.2200012207031,0.1553671765574783,False
2020-11-25,21.25,362.6600036621094,0.15312298151779485,False
2020-11-27,20.84000015258789,363.6700134277344,0.15584545453586984,False
2020-11-30,20.56999969482422,362.05999755859375,0.1502812533797107,False
2020-12-01,20.770000457763672,366.0199890136719,0.16232152557095023,False
2020-12-02,21.170000076293945,366.7900085449219,0.16424085881841644,False
2020-12-03,21.280000686645508,366.69000244140625,0.16337432068011876,False
2020-12-04,20.790000915527344,369.8500061035156,0.17272327002319582,False
2020-12-07,21.299999237060547,369.0899963378906,0.16944814145107798,False
2020-12-08,20.68000030517578,370.1700134277344,0.1718023307420826,False
2020-12-09,22.270000457763672,366.8500061035156,0.16027609834283618,False
2020-12-10,22.520000457763672,366.7300109863281,0.15862828689285016,False
2020-12-11,23.309999465942383,366.2999877929687,0.1559907007497125,False
2020-12-14,24.719999313354492,364.6600036621094,0.14980692970191842,False
2020-12-15,22.88999938964844,369.5899963378906,0.16407892706238122,False
2020-12-16,22.5,370.1700134277344,0.16485445857194506,False
2020-12-17,21.93000030517578,372.239990234375,0.17008362066622978,False
2020-12-18,21.56999969482422,369.1799926757813,0.15915833942907345,False
2020-12-21,25.15999984741211,367.8599853515625,0.15331848582938776,False
2020-12-22,24.229999542236328,367.239990234375,0.14995380370698472,False
2020-12-23,23.309999465942383,367.5700073242187,0.1493099406151669,False
2020-12-24,21.530000686645508,369.0,0.1516046995629878,False
2020-12-28,21.700000762939453,372.1700134277344,0.1596368151498678,False
2020-12-29,23.079999923706055,371.4599914550781,0.15505614058597839,False
2020-12-30,22.770000457763672,371.989990234375,0.15456464020002567,False
2020-12-31,22.75,373.8800048828125,0.15802480467429217,False
2021-01-04,26.969999313354492,368.7900085449219,0.13999473829867679,False
2021-01-05,25.34000015258789,371.3299865722656,0.1453231944074967,False
2021-01-06,25.06999969482422,373.5499877929687,0.14950076406542942,False
2021-01-07,22.3700008392334,379.1000061035156,0.16414437064616302,False
2021-01-08,21.559999465942383,381.260009765625,0.16836505666415907,False
2021-01-11,24.079999923706055,378.69000244140625,0.15840391694505984,False
2021-01-12,23.329999923706055,378.7699890136719,0.15643146793695192,False
2021-01-13,22.209999084472656,379.7900085449219,0.15745826031966423,False
2021-01-14,23.25,378.4599914550781,0.15128719238152463,False
2021-01-15,24.34000015258789,375.7000122070313,0.14064363766242835,False
2021-01-19,23.239999771118164,378.6499938964844,0.14739101694227671,False
2021-01-20,21.579999923706055,383.8900146484375,0.16088263197832497,False
2021-01-21,21.31999969482422,384.239990234375,0.15984740449608353,False
2021-01-22,21.90999984741211,382.8800048828125,0.15369191369773505,False
2021-01-25,23.190000534057617,384.3900146484375,0.15631927674305318,False
2021-01-26,23.020000457763672,383.7900085449219,0.15268367890893803,False
2021-01-27,37.209999084472656,374.4100036621094,0.12284644402993608,False
2021-01-28,30.209999084472656,377.6300048828125,0.13091182112318478,False
2021-01-29,33.09000015258789,370.0700073242187,0.10674165715803594,False
2021-02-01,30.239999771118164,376.2300109863281,0.1235321191144204,False
2021-02-02,25.559999465942383,381.5499877929687,0.13780667982670072,False
2021-02-03,22.90999984741211,381.8500061035156,0.1370016397009596,False
2021-02-04,21.770000457763672,386.19000244140625,0.14799058305781523,False
2021-02-05,20.8700008392334,387.7099914550781,0.1506514451043782,False
2021-02-08,21.239999771118164,390.510009765625,0.15704818044555716,False
2021-02-09,21.6299991607666,390.25,0.1544430280627538,False
2021-02-10,21.989999771118164,390.0799865722656,0.15218425078746622,False
2021-02-11,21.25,390.7099914550781,0.15225863837868814,False
2021-02-12,19.969999313354492,392.6400146484375,0.15625528621280155,False
2021-02-16,21.459999084472656,392.2999877929687,0.1535245929424621,False
2021-02-17,21.5,392.3900146484375,0.15193314489662865,False
2021-02-18,22.489999771118164,390.7200012207031,0.14522930467349623,False
2021-02-19,22.049999237060547,390.0299987792969,0.1414697520797453,False
2021-02-22,23.450000762939453,387.0299987792969,0.13098889464988772,False
2021-02-23,23.11000061035156,387.5,0.1307132183692316,False
2021-02-24,21.34000015258789,391.7699890136719,0.14151861697111576,False
2021-02-25,28.88999938964844,382.3299865722656,0.11255682508281901,False
2021-02-26,27.950000762939453,380.3599853515625,0.10531751724336486,False
2021-03-01,23.350000381469727,389.5799865722656,0.1303372045609288,False
2021-03-02,24.100000381469727,386.5400085449219,0.11986682424592894,False
2021-03-03,26.670000076293945,381.4200134277344,0.10351256194395653,False
2021-03-04,28.56999969482422,376.7000122070313,0.08857026335095677,False
2021-03-05,24.65999984741211,383.6300048828125,0.1071299811312313,False
2021-03-08,25.469999313354492,381.7200012207031,0.10027166874547268,False
2021-03-09,24.030000686645508,387.1700134277344,0.11449843288848567,False
2021-03-10,22.559999465942383,389.5799865722656,0.11991829609769299,False
2021-03-11,21.90999984741211,393.5299987792969,0.12973962343513304,False
2021-03-12,20.690000534057617,394.05999755859375,0.1297930142136667,False
2021-03-15,20.030000686645508,396.4100036621094,0.13501028429058326,False
2021-03-16,19.790000915527344,395.9100036621094,0.13209425606089265,False
2021-03-17,19.229999542236328,397.260009765625,0.13446703626796874,False
2021-03-18,21.579999923706055,391.4800109863281,0.1166311961115857,False
2021-03-19,20.950000762939453,389.4800109863281,0.10970316439999615,False
2021-03-22,18.8799991607666,392.5899963378906,0.11727120298116502,False
2021-03-23,20.299999237060547,389.5,0.10737185274041605,False
2021-03-24,21.200000762939453,387.5199890136719,0.10073612920275182,False
2021-03-25,19.809999465942383,389.7000122070313,0.10584613289871746,False
2021-03-26,18.86000061035156,395.9800109863281,0.12244083697343884,False
2021-03-29,20.739999771118164,395.7799987792969,0.12036269479507997,False
2021-03-30,19.61000061035156,394.7300109863281,0.11596064235912103,False
2021-03-31,19.399999618530273,396.3299865722656,0.11907169951793459,False
2021-04-01,17.329999923706055,400.6099853515625,0.12975863862644557,False
2021-04-05,17.90999984741211,406.3599853515625,0.14444599477445078,False
2021-04-06,18.1200008392334,406.1199951171875,0.14225265872890797,False
2021-04-07,17.15999984741211,406.5899963378906,0.14200151076123627,False
2021-04-08,16.950000762939453,408.5199890136719,0.14584694474487542,False
2021-04-09,16.690000534057617,411.489990234375,0.15257006799406606,False
2021-04-12,16.90999984741211,411.6400146484375,0.15125623574918876,False
2021-04-13,16.649999618530273,412.8599853515625,0.15296707517654617,False
2021-04-14,16.989999771118164,411.4500122070313,0.1472449983262517,False
2021-04-15,16.56999969482422,415.8699951171875,0.1577709508836534,False
2021-04-16,16.25,417.260009765625,0.15988247906694567,False
2021-04-19,17.290000915527344,415.2099914550781,0.15250694848506724,False
2021-04-20,18.68000030517578,412.1700134277344,0.14248416157587063,False
2021-04-21,17.5,416.0700073242187,0.15171389943431166,False
2021-04-22,18.709999084472656,412.2699890136719,0.13964166485576296,False
2021-04-23,17.329999923706055,416.739990234375,0.1503991961330808,False
2021-04-26,17.639999389648438,417.6099853515625,0.15116059977592833,False
2021-04-27,17.559999465942383,417.5199890136719,0.14932954068643542,False
2021-04-28,17.280000686645508,417.3999938964844,0.14737956910326178,False
2021-04-29,17.610000610351562,420.05999755859375,0.15308866717051972,False
2021-04-30,18.61000061035156,417.2999877929687,0.14401353560793823,False
2021-05-03,18.309999465942383,418.2000122070313,0.14495214610614807,False
2021-05-04,19.479999542236328,415.6199951171875,0.13642778351778168,False
2021-05-05,19.149999618530273,415.75,0.13536406949111374,False
2021-05-06,18.38999938964844,419.0700073242187,0.1429626713580078,False
2021-05-07,16.690000534057617,422.1199951171875,0.14978751128994053,False
2021-05-10,19.65999984741211,417.94000244140625,0.13693119862552308,False
2021-05-11,21.84000015258789,414.2099914550781,0.12535580005497882,False
2021-05-12,27.59000015258789,405.4100036621094,0.1002189606319958,False
2021-05-13,23.1299991607666,410.2799987792969,0.11209067400667547,False
2021-05-14,18.809999465942383,416.5799865722656,0.12776928483429803,False
2021-05-17,19.719999313354492,415.5199890136719,0.12350721897850898,False
2021-05-18,21.34000015258789,411.94000244140625,0.11254265774872876,False
2021-05-19,22.18000030517578,410.8599853515625,0.10839743345860381,False
2021-05-20,20.670000076293945,415.2799987792969,0.11903518022487013,False
2021-05-21,20.149999618530273,414.94000244140625,0.11687258917941405,False
2021-05-24,18.399999618530273,419.1700134277344,0.12697151805326307,False
2021-05-25,18.84000015258789,418.239990234375,0.12320773105912967,False
2021-05-26,17.360000610351562,419.0700073242187,0.12417634055779929,False
2021-05-27,16.739999771118164,419.2900085449219,0.1234632099022961,False
2021-05-28,16.760000228881836,420.0400085449219,0.12422870905553439,False
2021-06-01,17.899999618530273,419.6700134277344,0.12199458309863757,False
2021-06-02,17.479999542236328,420.3299865722656,0.12250624855993801,False
2021-06-03,18.040000915527344,418.7699890136719,0.11713405260398325,False
2021-06-04,16.420000076293945,422.6000061035156,0.12609013097328117,False
2021-06-07,16.420000076293945,422.19000244140625,0.1237256022042428,False
2021-06-08,17.06999969482422,422.2799987792969,0.12271006799363554,False
2021-06-09,17.889999389648438,421.6499938964844,0.11981188850418584,False
2021-06-10,16.100000381469727,423.6099853515625,0.12381306615560943,False
2021-06-11,15.649999618530272,424.30999755859375,0.12447405831718107,False
2021-06-14,16.389999389648438,425.260009765625,0.12583273037312612,False
2021-06-15,17.020000457763672,424.4800109863281,0.12263614851366463,False
2021-06-16,18.149999618530273,422.1099853515625,0.11531310234183283,False
2021-06-17,17.75,421.9700012207031,0.11387399783244481,False
2021-06-18,20.700000762939453,414.9200134277344,0.09436400091394664,False
2021-06-21,17.889999389648438,420.8599853515625,0.10910704497577078,False
2021-06-22,16.65999984741211,423.1099853515625,0.11389581825223016,False
2021-06-23,16.31999969482422,422.6000061035156,0.11138244069801748,False
2021-06-24,15.970000267028809,425.1000061035156,0.11660792208877305,False
2021-06-25,15.619999885559082,426.6099853515625,0.11929789951060078,False
2021-06-28,15.760000228881836,427.4700012207031,0.12017915967306433,False
2021-06-29,16.020000457763672,427.7000122070313,0.11940848482973757,False
2021-06-30,15.829999923706056,428.05999755859375,0.11903854885787545,False
2021-07-01,15.479999542236328,430.4299926757813,0.12390823428911603,False
2021-07-02,15.06999969482422,433.7200012207031,0.13109746314944942,False
2021-07-06,16.440000534057617,432.9299926757813,0.12760964327220345,False
2021-07-07,16.200000762939453,434.4599914550781,0.13006692113665683,False
2021-07-08,19.0,430.9200134277344,0.11934588215127609,False
2021-07-09,16.18000030517578,435.5199890136719,0.12975075328636254,False
2021-07-12,16.170000076293945,437.0799865722656,0.13211702593635097,False
2021-07-13,17.1200008392334,435.5899963378906,0.12662219775804623,False
2021-07-14,16.329999923706055,436.239990234375,0.126736819549911,False
2021-07-15,17.010000228881836,434.75,0.12143206927390215,False
2021-07-16,18.450000762939453,431.3399963378906,0.11121758442108677,False
2021-07-19,22.5,424.9700012207031,0.09353835641863913,False
2021-07-20,19.729999542236328,431.05999755859375,0.10786906152324546,False
2021-07-21,17.90999984741211,434.5499877929687,0.11539518223272699,False
2021-07-22,17.690000534057617,435.4599914550781,0.11635984464571568,False
2021-07-23,17.200000762939453,439.94000244140625,0.12632887200226361,False
2021-07-26,17.579999923706055,441.0199890136719,0.12764659395753036,False
2021-07-27,19.36000061035156,439.010009765625,0.121142308145153,False
2021-07-28,18.309999465942383,438.8299865722656,0.11936787818362472,False
2021-07-29,17.700000762939453,440.6499938964844,0.12274708616938611,False
2021-07-30,18.239999771118164,438.510009765625,0.11603796496879808,False
2021-08-02,19.459999084472656,437.5899963378906,0.11242723933674018,False
2021-08-03,18.040000915527344,441.1499938964844,0.12014396501721605,False
2021-08-04,17.969999313354492,438.9800109863281,0.11333805815646807,False
2021-08-05,17.280000686645508,441.760009765625,0.11897325308729607,False
2021-08-06,16.149999618530273,442.489990234375,0.11941716795677626,False
2021-08-09,16.719999313354492,442.1300048828125,0.11710192062430141,False
2021-08-10,16.790000915527344,442.6799926757813,0.11710751480570024,False
2021-08-11,16.170000076293945,443.7799987792969,0.11850034343287913,False
2021-08-12,15.59000015258789,445.1099853515625,0.12035980059657173,False
2021-08-13,15.449999809265137,445.9200134277344,0.12087940443637606,False
2021-08-16,16.1200008392334,446.9700012207031,0.12182240789537759,False
2021-08-17,17.90999984741211,444.0400085449219,0.1128756736584721,False
2021-08-18,21.56999969482422,439.1799926757813,0.09914379069825482,False
2021-08-19,21.670000076293945,439.8599853515625,0.09933706639480983,False
2021-08-20,18.559999465942383,443.3599853515625,0.10660035657527143,False
2021-08-23,17.149999618530273,447.260009765625,0.11489147737298598,False
2021-08-24,17.219999313354492,447.9700012207031,0.11530277199805697,False
2021-08-25,16.790000915527344,448.9100036621094,0.11627086909176966,False
2021-08-26,18.84000015258789,446.260009765625,0.10841760125717043,False
2021-08-27,16.389999389648438,450.25,0.11699329650083196,False
2021-08-30,16.190000534057617,452.2300109863281,0.12057710036795273,False
2021-08-31,16.479999542236328,451.55999755859375,0.11755513471983982,False
2021-09-01,16.110000610351562,451.7999877929687,0.11685411161807724,False
2021-09-02,16.40999984741211,453.19000244140625,0.11903684478355712,False
2021-09-03,16.40999984741211,453.0799865722656,0.11748953915750632,False
2021-09-07,18.13999938964844,451.4599914550781,0.1121884792641154,False
2021-09-08,17.959999084472656,450.9100036621094,0.10956073555192794,False
2021-09-09,18.799999237060547,448.9800109863281,0.10354004305890638,False
2021-09-10,20.950000762939453,445.44000244140625,0.09365663230398753,False
2021-09-13,19.3700008392334,446.5799865722656,0.09533465454963372,False
2021-09-14,19.459999084472656,444.1700134277344,0.08833576454317141,False
2021-09-15,18.18000030517578,447.8800048828125,0.09629520772433214,False
2021-09-16,18.690000534057617,447.1700134277344,0.09341838565407755,False
2021-09-17,20.809999465942383,441.3999938964844,0.07831578635737896,False
2021-09-20,25.709999084472656,434.0400085449219,0.059465461490561894,False
2021-09-21,24.36000061035156,433.6300048828125,0.0576006260680644,False
2021-09-22,20.8700008392334,437.8599853515625,0.06703236659500675,False
2021-09-23,18.6299991607666,443.1799926757813,0.07902273289244954,False
2021-09-24,17.75,443.9100036621094,0.07983076417595207,False
2021-09-27,18.760000228881836,442.6400146484375,0.0757498196655508,False
2021-09-28,23.25,433.7200012207031,0.05321412678882958,False
2021-09-29,22.559999465942383,434.4500122070313,0.05411460229805709,False
2021-09-30,23.13999938964844,429.1400146484375,0.04041698927061017,False
2021-10-01,21.100000381469727,434.239990234375,0.05195707498667895,False
2021-10-04,22.959999084472656,428.6400146484375,0.03765610207065002,False
2021-10-05,21.299999237060547,433.1000061035156,0.04768111754613271,False
2021-10-06,21.0,434.8999938964844,0.05119974775519198,False
2021-10-07,19.540000915527344,438.6600036621094,0.059381626770544094,False
2021-10-08,18.770000457763672,437.8599853515625,0.056548577694516565,False
2021-10-11,20.0,434.69000244140625,0.04805075541883559,False
2021-10-12,19.850000381469727,433.6199951171875,0.04465714345949426,False
2021-10-13,18.63999938964844,435.1799926757813,0.047620269564711624,False
2021-10-14,16.860000610351562,442.5,0.06433182474254538,False
2021-10-15,16.299999237060547,445.8699951171875,0.07148554969463955,False
2021-10-18,16.309999465942383,447.19000244140625,0.07371190534992478,False
2021-10-19,15.699999809265137,450.6400146484375,0.08093330808954798,False
2021-10-20,15.489999771118164,452.4100036621094,0.08412469202796424,False
2021-10-21,15.010000228881836,453.5899963378906,0.08591094462946919,False
2021-10-22,15.43000030517578,453.1199951171875,0.08382543980798908,False
2021-10-25,15.239999771118164,455.5499877929687,0.08867052163734321,False
2021-10-26,15.979999542236328,455.9599914550781,0.08864520332002514,False
2021-10-27,16.979999542236328,453.94000244140625,0.08285057544685032,False
2021-10-28,16.530000686645508,458.3200073242187,0.09227577609258242,False
2021-10-29,16.260000228881836,459.25,0.09343949530577547,False
2021-11-01,16.40999984741211,460.0400085449219,0.09422180805922149,False
2021-11-02,16.030000686645508,461.8999938964844,0.09755919482684808,False
2021-11-03,15.100000381469728,464.7200012207031,0.10320060846442285,False
2021-11-04,15.4399995803833,466.9100036621094,0.10731290925906367,False
2021-11-05,16.479999542236328,468.5299987792969,0.11002747739326381,False
2021-11-08,17.219999313354492,468.9299926757813,0.10986366026416798,False
2021-11-09,17.780000686645508,467.3800048828125,0.10510197718212791,False
2021-11-10,18.729999542236328,463.6199951171875,0.09505665814636409,False
2021-11-11,17.65999984741211,463.7699890136719,0.09429770975498873,False
2021-11-12,16.290000915527344,467.2699890136719,0.10129329550664622,False
2021-11-15,16.489999771118164,467.4299926757813,0.10048767443172482,False
2021-11-16,16.3700008392334,469.2799987792969,0.10370338444259167,False
2021-11-17,17.110000610351562,468.1400146484375,0.09990613799852867,False
2021-11-18,17.59000015258789,469.7300109863281,0.10255982430053101,False
2021-11-19,17.90999984741211,468.8900146484375,0.0995405948262924,False
2021-11-22,19.170000076293945,467.5700073242187,0.0954554265947448,False
2021-11-23,19.3799991607666,468.19000244140625,0.09590741290942556,False
2021-11-24,18.579999923706055,469.44000244140625,0.09781367582566595,False
2021-11-26,28.6200008392334,458.9700012207031,0.07247295332379756,False
2021-11-29,22.959999084472656,464.6000061035156,0.08471659049088703,False
2021-11-30,27.190000534057617,455.55999755859375,0.06282572034127999,False
2021-12-01,31.1200008392334,450.5,0.050308741122008005,False
2021-12-02,27.950000762939453,457.3999938964844,0.06556732293775655,False
2021-12-03,30.670000076293945,453.4200134277344,0.05551612401450362,False
2021-12-06,27.18000030517578,458.7900085449219,0.06712561472458595,False
2021-12-07,21.88999938964844,468.2799987792969,0.08817662775053049,False
2021-12-08,19.899999618530273,469.5199890136719,0.09007334792206512,False
2021-12-09,21.579999923706055,466.3500061035156,0.08165869322891464,False
2021-12-10,18.690000534057617,470.739990234375,0.0906976761493254,False
2021-12-13,20.309999465942383,466.5700073242187,0.08007254433449923,False
2021-12-14,21.88999938964844,463.3599853515625,0.07168869465835215,False
2021-12-15,19.290000915527344,470.6000061035156,0.0873125270661036,False
2021-12-16,20.56999969482422,466.4500122070313,0.07660778602538938,False
2021-12-17,21.56999969482422,459.8699951171875,0.06048746338358108,False
2021-12-20,22.8700008392334,454.9800109863281,0.04832533966702825,False
2021-12-21,21.010000228881836,463.05999755859375,0.06601053325095378,False
2021-12-22,18.6299991607666,467.69000244140625,0.07570212051359543,False
2021-12-23,17.959999084472656,470.6000061035156,0.08143672664540873,False
2021-12-27,17.68000030517578,477.260009765625,0.0956939390445781,False
2021-12-28,17.540000915527344,476.8699951171875,0.09378831954748408,False
2021-12-29,16.950000762939453,477.4800109863281,0.09416393542857587,False
2021-12-30,17.329999923706055,476.1600036621094,0.09015357566098016,False
2021-12-31,17.219999313354492,474.9599914550781,0.08636802537802177,False
2022-01-03,16.600000381469727,477.7099914550781,0.0915566356673986,False
2022-01-04,16.90999984741211,477.5499877929687,0.09013288424898679,False
2022-01-05,19.729999542236328,468.3800048828125,0.06823823961240157,False
2022-01-06,19.61000061035156,467.94000244140625,0.06625688689332748,False
2022-01-07,18.760000228881836,466.0899963378906,0.061117917895039786,False
2022-01-10,19.399999618530273,465.510009765625,0.05895936105287279,False
2022-01-11,18.40999984741211,469.75,0.06770633434511217,False
2022-01-12,17.6200008392334,471.0199890136719,0.0696655163043955,False
2022-01-13,20.309999465942383,464.5299987792969,0.05411073699899786,False
2022-01-14,19.190000534057617,464.7200012207031,0.05377538273710104,False
2022-01-18,22.790000915527344,456.489990234375,0.03452544526020464,False
2022-01-19,23.850000381469727,451.75,0.023254319341192733,True
2022-01-20,25.59000015258789,446.75,0.011468823876635675,True
2022-01-21,28.850000381469727,437.9800109863281,-0.00871754684362367,False
2022-01-24,29.899999618530273,439.8399963378906,-0.004827107190948821,False
2022-01-25,31.15999984741211,434.4700012207031,-0.01723097023177268,False
2022-01-26,31.959999084472656,433.3800048828125,-0.019923993590128638,False
2022-01-27,30.489999771118164,431.239990234375,-0.024981755156859776,False
2022-01-28,27.65999984741211,441.9500122070313,-0.0010612943166322102,False
2022-01-31,24.829999923706055,449.9100036621094,0.016555555570303863,False
2022-02-01,21.959999084472656,452.9500122070313,0.022988183705728055,False
2022-02-02,22.09000015258789,457.3500061035156,0.032398850465937226,False
2022-02-03,24.350000381469727,446.6000061035156,0.00778507531621578,False
2022-02-04,23.219999313354492,448.7000122070313,0.012107878704834209,False
2022-02-07,22.86000061035156,447.260009765625,0.00851260282787622,False
2022-02-08,21.440000534057617,450.94000244140625,0.01642855568954953,False
2022-02-09,19.959999084472656,457.5400085449219,0.030840172930578655,False
2022-02-10,23.90999984741211,449.3200073242187,0.011956585479058918,False
2022-02-11,27.36000061035156,440.4599914550781,-0.008225738348740836,False
2022-02-14,28.329999923706055,439.0199890136719,-0.011709829643614566,False
2022-02-15,25.700000762939453,446.1000061035156,0.003912933685184388,False
2022-02-16,24.290000915527344,446.6000061035156,0.00468791977147842,False
2022-02-17,28.11000061035156,437.05999755859375,-0.01700925859926661,False
2022-02-18,27.75,434.2300109863281,-0.02354064399423475,False
2022-02-22,28.809999465942383,429.5700073242187,-0.034100570493127584,False
2022-02-23,31.020000457763672,421.9500122070313,-0.05127710072607028,False
2022-02-24,30.31999969482422,428.2999877929687,-0.03715217425669058,False
2022-02-25,27.59000015258789,437.75,-0.016265496924339786,True
2022-02-28,30.149999618530273,436.6300048828125,-0.019072836540012364,False
2022-03-01,33.31999969482422,429.9800109863281,-0.034158004474838,False
2022-03-02,30.739999771118164,437.8900146484375,-0.016637233064640503,False
2022-03-03,30.479999542236328,435.7099914550781,-0.021793959771623492,False
2022-03-04,31.979999542236328,432.1700134277344,-0.029973555984481884,False
2022-03-07,36.45000076293945,419.4299926757813,-0.058612991618221436,False
2022-03-08,35.130001068115234,416.25,-0.06576404045024963,False
2022-03-09,32.45000076293945,427.4100036621094,-0.040805105046415144,False
2022-03-10,30.229999542236328,425.4800109863281,-0.0452139679600631,False
2022-03-11,30.75,420.0700073242187,-0.05736470564793756,False
2022-03-14,31.770000457763672,417.0,-0.06422974537575692,False
2022-03-15,29.829999923706055,426.1700134277344,-0.04371751924179802,False
2022-03-16,26.670000076293945,435.6199951171875,-0.0226876052514562,False
2022-03-17,25.670000076293945,441.0700073242187,-0.010690679913136906,False
2022-03-18,23.8700008392334,444.5199890136719,-0.0032403021072580076,False
2022-03-21,23.530000686645508,444.3900146484375,-0.003775126770009361,True
2022-03-22,22.940000534057617,449.5899963378906,0.007572641228394494,True
2022-03-23,23.56999969482422,443.7999877929687,-0.005643082471312791,False
2022-03-24,21.670000076293945,450.489990234375,0.009020213520139517,False
2022-03-25,20.809999465942383,452.69000244140625,0.013617756913485385,False
2022-03-28,19.6299991607666,455.9100036621094,0.02046664024515162,False
2022-03-29,18.899999618530273,461.5499877929687,0.032671247575755805,False
2022-03-30,19.329999923706055,458.7000122070313,0.02590198182789394,False
2022-03-31,20.559999465942383,451.6400146484375,0.009778543700758239,False
2022-04-01,19.6299991607666,452.9200134277344,0.012290126996175167,False
2022-04-04,18.56999969482422,456.7999877929687,0.02048438661046914,False
2022-04-05,21.030000686645508,451.0299987792969,0.00725487519281745,False
2022-04-06,22.100000381469727,446.5199890136719,-0.003077620846802909,False
2022-04-07,21.549999237060547,448.7699890136719,0.0016532143671732365,False
2022-04-08,21.15999984741211,447.5700073242187,-0.0012755860079090983,False
2022-04-11,24.3700008392334,439.9200134277344,-0.018491824208522932,False
2022-04-12,24.260000228881836,438.2900085449219,-0.022246555553011436,False
2022-04-13,21.81999969482422,443.30999755859375,-0.01121994279818868,False
2022-04-14,22.700000762939453,437.7900085449219,-0.023637939691631287,False
2022-04-18,22.170000076293945,437.9700012207031,-0.023318637151985094,True
2022-04-19,21.3700008392334,445.0400085449219,-0.007677637562714138,True
2022-04-20,20.31999969482422,444.7099914550781,-0.0085436984824299,True
2022-04-21,22.68000030517578,438.05999755859375,-0.023408682331180482,True
2022-04-22,28.209999084472656,426.0400085449219,-0.050153838773059845,False
2022-04-25,27.020000457763672,428.510009765625,-0.04457236934372528,False
2022-04-26,33.52000045776367,416.1000061035156,-0.0720252982010729,False
2022-04-27,31.600000381469727,417.2699890136719,-0.06922589260949957,False
2022-04-28,29.989999771118164,427.80999755859375,-0.04562532362035029,False
2022-04-29,33.400001525878906,412.0,-0.08066157312283445,False
2022-05-02,32.34000015258789,414.4800109863281,-0.07495365894772382,False
2022-05-03,29.25,416.3800048828125,-0.07062412041651717,False
2022-05-04,25.420000076293945,429.05999755859375,-0.04230052217497508,False
2022-05-05,31.200000762939453,413.80999755859375,-0.07612601059719054,False
2022-05-06,30.190000534057617,411.3399963378906,-0.08139320925979684,False
2022-05-09,34.75,398.1700134277344,-0.11038957044672687,False
2022-05-10,32.9900016784668,399.0899963378906,-0.10791623985743587,False
2022-05-11,32.560001373291016,392.75,-0.1216338639956405,False
2022-05-12,31.770000457763672,392.3399963378906,-0.12209442653883566,False
2022-05-13,28.8700008392334,401.7200012207031,-0.10071390834735804,False
2022-05-16,27.469999313354492,400.0899963378906,-0.10397750043771845,False
2022-05-17,26.100000381469727,408.3200073242187,-0.08524614159688461,False
2022-05-18,30.959999084472656,391.8599853515625,-0.12163634793086855,False
2022-05-19,29.350000381469727,389.4599914550781,-0.12653121581373772,False
2022-05-20,29.43000030517578,389.6300048828125,-0.12563878282804541,False
2022-05-23,28.479999542236328,396.9200134277344,-0.10882374404635584,False
2022-05-24,29.450000762939453,393.8900146484375,-0.11514759364028966,False
2022-05-25,28.3700008392334,397.3699951171875,-0.10687546775897978,False
2022-05-26,27.5,405.30999755859375,-0.0886355990401607,False
2022-05-27,25.719999313354492,415.260009765625,-0.06594892080439135,False
2022-05-31,26.190000534057617,412.9299926757813,-0.07084512642209134,False
2022-06-01,25.690000534057617,409.5899963378906,-0.07797286127592679,False
2022-06-02,24.719999313354492,417.3900146484375,-0.060132335740065816,False
2022-06-03,24.790000915527344,410.5400085449219,-0.07525880989188995,False
2022-06-06,25.06999969482422,411.7900085449219,-0.07214985669997329,False
2022-06-07,24.020000457763672,415.739990234375,-0.06295813307464172,False
2022-06-08,23.959999084472656,411.2200012207031,-0.07276919647183397,False
2022-06-09,26.09000015258789,401.44000244140625,-0.09434632859632414,False
2022-06-10,27.75,389.7999877929687,-0.12001960752824468,False
2022-06-13,34.02000045776367,375.0,-0.1527493535315709,False
2022-06-14,32.689998626708984,373.8699951171875,-0.15457294480188927,False
2022-06-15,29.6200008392334,379.2000122070313,-0.14181163724398269,False
2022-06-16,32.95000076293945,366.6499938964844,-0.16941622904642922,False
2022-06-17,31.1299991607666,365.8599853515625,-0.17039831523450477,False
2022-06-21,30.190000534057617,375.0700073242187,-0.14876029025536674,False
2022-06-22,28.950000762939453,374.3900146484375,-0.1495441491775412,False
2022-06-23,29.049999237060547,378.05999755859375,-0.14049095351528962,False
2022-06-24,27.229999542236328,390.0799865722656,-0.11255018677889152,False
2022-06-27,26.950000762939453,388.5899963378906,-0.11533226001345274,False
2022-06-28,28.36000061035156,380.6499938964844,-0.13276895662674842,False
2022-06-29,28.15999984741211,380.3399963378906,-0.13282087401126655,False
2022-06-30,28.709999084472656,377.25,-0.13920940770089715,False
2022-07-01,26.700000762939453,381.239990234375,-0.12944337673947676,False
2022-07-05,27.540000915527344,381.9599914550781,-0.12714939865499908,False
2022-07-06,26.729999542236328,383.25,-0.12361920227330027,False
2022-07-07,26.079999923706055,388.989990234375,-0.11003511718752552,False
2022-07-08,24.63999938964844,388.6700134277344,-0.11030960507812224,False
2022-07-11,26.170000076293945,384.2300109863281,-0.11993285733983967,False
2022-07-12,27.290000915527344,380.8299865722656,-0.127097210061263,False
2022-07-13,26.81999969482422,378.8299865722656,-0.1310333023747595,False
2022-07-14,26.399999618530273,377.9100036621094,-0.132499547742624,False
2022-07-15,24.229999542236328,385.1300048828125,-0.11543256088233624,False
2022-07-18,25.299999237060547,381.9500122070313,-0.12220714443266817,False
2022-07-19,24.5,392.2699890136719,-0.0981077939462143,False
2022-07-20,23.8799991607666,394.7699890136719,-0.09194787002153497,False
2022-07-21,23.11000061035156,398.7900085449219,-0.08238597650723953,False
2022-07-22,23.030000686645508,395.0899963378906,-0.09050196060978412,False
2022-07-25,23.36000061035156,395.5700073242187,-0.08898456798500642,False
2022-07-26,24.690000534057617,390.8900146484375,-0.09926732365228289,False
2022-07-27,23.239999771118164,401.0400085449219,-0.07548636714308488,False
2022-07-28,22.329999923706055,406.0700073242187,-0.06358184769930715,False
2022-07-29,21.329999923706055,411.989990234375,-0.049693059053467846,False
2022-08-01,22.84000015258789,410.7699890136719,-0.052240329052318374,False
2022-08-02,23.93000030517578,408.05999755859375,-0.058118805284997195,False
2022-08-03,21.950000762939453,414.4500122070313,-0.04302240249638567,False
2022-08-04,21.440000534057617,414.1700134277344,-0.043304215841465134,False
2022-08-05,21.149999618530273,413.4700012207031,-0.04451099295688569,False
2022-08-08,21.290000915527344,412.989990234375,-0.04518535359283467,False
2022-08-09,21.770000457763672,411.3500061035156,-0.0485123274538249,False
2022-08-10,19.739999771118164,419.989990234375,-0.02815493201631118,False
2022-08-11,20.200000762939453,419.989990234375,-0.02775492687535117,False
2022-08-12,19.530000686645508,427.1000061035156,-0.010965397205152005,False
2022-08-15,19.950000762939453,428.8599853515625,-0.006601345129292215,False
2022-08-16,19.690000534057617,429.7000122070313,-0.004325492839402942,False
2022-08-17,19.899999618530273,426.6499938964844,-0.011019276396788413,False
2022-08-18,19.559999465942383,427.8900146484375,-0.007775167229736513,False
2022-08-19,20.600000381469727,422.1400146484375,-0.02065724705057382,False
2022-08-22,23.799999237060547,413.3500061035156,-0.040477848464288806,False
2022-08-23,24.11000061035156,412.3500061035156,-0.04219263921096459,False
2022-08-24,22.81999969482422,413.6700134277344,-0.038513918290958044,False
2022-08-25,21.780000686645508,419.510009765625,-0.02437978744081005,False
2022-08-26,25.559999465942383,405.30999755859375,-0.05672278184112971,False
2022-08-29,26.209999084472656,402.6300048828125,-0.062294425386102144,False
2022-08-30,26.209999084472656,398.2099914550781,-0.07187986544884288,False
2022-08-31,25.8700008392334,395.1799926757813,-0.07816753346023213,False
2022-09-01,25.559999465942383,396.4200134277344,-0.07450843739175361,False
2022-09-02,25.469999313354492,392.239990234375,-0.08344296151356033,False
2022-09-06,26.90999984741211,390.760009765625,-0.08607500865496637,False
2022-09-07,24.63999938964844,397.7799987792969,-0.06887293207461839,False
2022-09-08,23.61000061035156,400.3800048828125,-0.062034711836094096,False
2022-09-09,22.790000915527344,406.6000061035156,-0.04678243405695239,False
2022-09-12,23.8700008392334,410.9700012207031,-0.03589093484972832,False
2022-09-13,27.270000457763672,393.1000061035156,-0.07698628197364517,False
2022-09-14,26.15999984741211,394.6000061035156,-0.07276349769415731,False
2022-09-15,26.270000457763672,390.1199951171875,-0.0824878008172132,False
2022-09-16,26.299999237060547,385.55999755859375,-0.092465288456436,False
2022-09-19,25.760000228881836,388.5499877929687,-0.0847601270103049,False
2022-09-20,27.15999984741211,384.0899963378906,-0.09448391684877304,False
2022-09-21,27.989999771118164,377.3900146484375,-0.109481433846642,False
2022-09-22,27.350000381469727,374.2200012207031,-0.11607967540945877,False
2022-09-23,29.920000076293945,367.9500122070313,-0.12985855904096838,False
2022-09-26,32.2599983215332,364.30999755859375,-0.13739349541038928,False
2022-09-27,32.599998474121094,363.3800048828125,-0.1385453566247647,False
2022-09-28,30.18000030517578,370.5299987792969,-0.12055043735876922,False
2022-09-29,31.84000015258789,362.7900085449219,-0.13785941725220455,False
2022-09-30,31.6200008392334,357.17999267578125,-0.15011891401571492,False
2022-10-03,30.100000381469727,366.6099853515625,-0.12660045233180375,False
2022-10-04,29.06999969482422,377.9700012207031,-0.09858667191740214,False
2022-10-05,28.549999237060547,377.0899963378906,-0.09979678604463585,False
2022-10-06,30.520000457763672,373.2000122070313,-0.1082125898723801,False
2022-10-07,31.36000061035156,362.7900085449219,-0.1320482028834196,False
2022-10-10,32.45000076293945,360.0199890136719,-0.13756450743718882,False
2022-10-11,33.630001068115234,357.739990234375,-0.1418662737361607,False
2022-10-12,33.56999969482422,356.55999755859375,-0.14345681918133063,False
2022-10-13,31.940000534057617,365.9700012207031,-0.119679093891922,False
2022-10-14,32.02000045776367,357.6300048828125,-0.138498678313427,False
2022-10-17,31.3700008392334,366.8200073242187,-0.11519546881447994,False
2022-10-18,30.5,371.1300048828125,-0.10367693686551871,False
2022-10-19,30.760000228881836,368.5,-0.10885348896487729,False
2022-10-20,29.979999542236328,365.4100036621094,-0.11512621163978723,False
2022-10-21,29.690000534057617,374.2900085449219,-0.09258870941421633,False
2022-10-24,29.850000381469727,378.8699951171875,-0.08049242357611651,False
2022-10-25,28.459999084472656,384.9200134277344,-0.06488811407483662,False
2022-10-26,27.280000686645508,382.0199890136719,-0.07099119254965609,False
2022-10-27,27.38999938964844,379.9800109863281,-0.07494235197493478,False
2022-10-28,25.75,389.0199890136719,-0.05198836392323646,False
2022-10-31,25.8799991607666,386.2099914550781,-0.05793710102375073,False
2022-11-01,25.809999465942383,384.5199890136719,-0.061141105207037603,False
2022-11-02,25.86000061035156,374.8699951171875,-0.08378996233320692,False
2022-11-03,25.299999237060547,371.010009765625,-0.09232847786430454,False
2022-11-04,24.549999237060547,376.3500061035156,-0.07847065350414122,False
2022-11-07,24.350000381469727,379.9500122070313,-0.0689942481722816,False
2022-11-08,25.540000915527344,382.0,-0.06330731065512306,False
2022-11-09,26.09000015258789,374.1300048828125,-0.08192594680824714,False
2022-11-10,23.530000686645508,394.69000244140625,-0.031013982109745104,False
2022-11-11,22.520000457763672,398.510009765625,-0.021242415502965857,False
2022-11-14,23.729999542236328,395.1199951171875,-0.02901003666672244,False
2022-11-15,24.540000915527344,398.489990234375,-0.020109315513395787,False
2022-11-16,24.11000061035156,395.4500122070313,-0.026896700252064396,False
2022-11-17,23.93000030517578,394.239990234375,-0.029120382919321508,False
2022-11-18,23.1200008392334,396.0299987792969,-0.024104523390781247,False
2022-11-21,22.36000061035156,394.5899963378906,-0.02700428648373343,False
2022-11-22,21.290000915527344,399.8999938964844,-0.01333455835976768,False
2022-11-23,20.350000381469727,402.4200134277344,-0.006522305307074099,False
2022-11-25,20.5,402.3299865722656,-0.0060671936768801,False
2022-11-28,22.209999084472656,395.9100036621094,-0.021281696340014762,False
2022-11-29,21.88999938964844,395.2300109863281,-0.02241616061732247,False
2022-11-30,20.579999923706055,407.6799926757813,0.008769304236022209,False
2022-12-01,19.84000015258789,407.3800048828125,0.008510133499747384,False
2022-12-02,19.059999465942383,406.9100036621094,0.007841733709096195,False
2022-12-05,20.75,399.5899963378906,-0.009829116302365328,False
2022-12-06,22.170000076293945,393.8299865722656,-0.02361350133901086,False
2022-12-07,22.68000030517578,393.1600036621094,-0.02483439727803125,False
2022-12-08,22.290000915527344,396.239990234375,-0.016881557858923684,False
2022-12-09,22.829999923706055,393.2799987792969,-0.023801544642639946,False
2022-12-12,25.0,398.9500122070313,-0.00925036240016589,False
2022-12-13,22.549999237060547,401.9700012207031,-0.001320739421129754,True
2022-12-14,21.13999938964844,399.3999938964844,-0.007328734910447203,True
2022-12-15,22.829999923706055,389.6300048828125,-0.031030008176124245,False
2022-12-16,22.6200008392334,383.2699890136719,-0.04622479441026173,False
2022-12-19,22.420000076293945,380.0199890136719,-0.05369844781891812,False
2022-12-20,21.479999542236328,380.5400085449219,-0.051944473400899596,False
2022-12-21,20.06999969482422,386.2300109863281,-0.037408766677858876,False
2022-12-22,21.969999313354492,380.7200012207031,-0.05058883602546382,False
2022-12-23,20.8700008392334,382.9100036621094,-0.04462046567764197,False
2022-12-27,21.649999618530273,381.3999938964844,-0.04792871889565362,False
2022-12-28,22.13999938964844,376.6600036621094,-0.05928729515979991,False
2022-12-29,21.440000534057617,383.44000244140625,-0.04184290360790612,False
2022-12-30,21.670000076293945,382.4299926757813,-0.043731255917567914,False
2023-01-03,22.899999618530273,380.8200073242187,-0.04703919095209569,False
2023-01-04,22.010000228881836,383.760009765625,-0.0389515390316516,False
2023-01-05,22.459999084472656,379.3800048828125,-0.04914635030627878,False
2023-01-06,21.1299991607666,388.0799865722656,-0.02659094888419856,False
2023-01-09,21.969999313354492,387.8599853515625,-0.026459771442412426,False
2023-01-10,20.579999923706055,390.5799865722656,-0.0188948136401659,False
2023-01-11,21.09000015258789,395.5199890136719,-0.005772041321118695,True
2023-01-12,18.829999923706055,396.9599914550781,-0.001412399367891431,True
2023-01-13,18.350000381469727,398.5,0.0032572488461850833,True
2023-01-17,19.36000061035156,397.7699890136719,0.0021880452901741282,True
2023-01-18,20.34000015258789,391.489990234375,-0.012886534986673555,True
2023-01-19,20.520000457763672,388.6400146484375,-0.019277776424408137,True
2023-01-20,19.850000381469727,395.8800048828125,-0.00023939789129812352,False
2023-01-23,19.809999465942383,400.6300048828125,0.012400610810725833,False
2023-01-24,19.200000762939453,400.2000122070313,0.011906236191405104,False
2023-01-25,19.079999923706055,400.3500061035156,0.012905546016913015,False
2023-01-26,18.729999542236328,404.75,0.024592756020702468,False
2023-01-27,18.510000228881836,405.6799926757813,0.027392210061577747,False
2023-01-30,19.940000534057617,400.5899963378906,0.014986232697249599,False
2023-01-31,19.399999618530273,406.4800109863281,0.030390695603821936,False
2023-02-01,17.8700008392334,410.7999877929687,0.04169780357702362,False
2023-02-02,18.729999542236328,416.7799987792969,0.05714580614697641,False
2023-02-03,18.329999923706055,412.3500061035156,0.04634310436475977,False
2023-02-06,19.43000030517578,409.8299865722656,0.0404089492933115,False
2023-02-07,18.65999984741211,415.19000244140625,0.05432213805019277,False
2023-02-08,19.6299991607666,410.6499938964844,0.04299717127637033,False
2023-02-09,20.709999084472656,407.0899963378906,0.034236577167965174,False
2023-02-10,20.530000686645508,408.0400085449219,0.036756288032335084,False
2023-02-13,20.34000015258789,412.8299865722656,0.04898593021793978,False
2023-02-14,18.90999984741211,412.6400146484375,0.04870533742760166,False
2023-02-15,18.229999542236328,413.9800109863281,0.05208440457795477,False
2023-02-16,20.170000076293945,408.2799987792969,0.03768020586779722,False
2023-02-17,20.020000457763672,407.260009765625,0.03520778926223164,False
2023-02-21,22.8700008392334,399.0899963378906,0.014827110144497389,False
2023-02-22,22.290000915527344,398.5400085449219,0.013625364141198417,False
2023-02-23,21.13999938964844,400.6600036621094,0.019155662685725897,True
2023-02-24,21.670000076293945,396.3800048828125,0.00829161877365969,True
2023-02-27,20.950000762939453,397.7300109863281,0.011743197175100598,True
2023-02-28,20.700000762939453,396.260009765625,0.007958817938617345,True
2023-03-01,20.579999923706055,394.739990234375,0.0040617259902373136,True
2023-03-02,19.59000015258789,397.80999755859375,0.011920925350695857,False
2023-03-03,18.489999771118164,404.19000244140625,0.02809631871146254,False
2023-03-06,18.61000061035156,404.4700012207031,0.02885890002488841,False
2023-03-07,19.59000015258789,398.2699890136719,0.013005211215225609,False
2023-03-08,19.11000061035156,398.9200134277344,0.014536499933335353,False
2023-03-09,22.61000061035156,391.55999755859375,-0.004205988661106633,False
2023-03-10,24.799999237060547,385.9100036621094,-0.01843732566876845,False
2023-03-13,26.520000457763672,385.3599853515625,-0.01972995767647815,False
2023-03-14,23.729999542236328,391.7300109863281,-0.003454543573790337,False
2023-03-15,26.13999938964844,389.2799987792969,-0.009485312154195248,False
2023-03-16,22.989999771118164,396.1099853515625,0.008139060701862702,False
2023-03-17,25.510000228881836,389.989990234375,-0.007147095250717785,False
2023-03-20,24.149999618530273,393.739990234375,0.002602095378040088,False
2023-03-21,21.3799991607666,398.9100036621094,0.01600583821350637,False
2023-03-22,22.260000228881836,392.1099853515625,-0.0010790536456876307,False
2023-03-23,22.61000061035156,393.1700134277344,0.0018590420360781012,False
2023-03-24,21.739999771118164,395.75,0.00869015514662219,True
2023-03-27,20.600000381469727,396.489990234375,0.010765987757622822,True
2023-03-28,19.969999313354492,395.6000061035156,0.008572241741137143,True
2023-03-29,19.1200008392334,401.3500061035156,0.023081091085912137,True
2023-03-30,19.020000457763672,403.7000122070313,0.02869519790055754,True
2023-03-31,18.700000762939453,409.3900146484375,0.04272238745635961,False
2023-04-03,18.549999237060547,410.9500122070313,0.04627267576545396,False
2023-04-04,19.0,408.6700134277344,0.039911571547432856,False
2023-04-05,19.079999923706055,407.6000061035156,0.03663828454030801,False
2023-04-06,18.399999618530273,409.19000244140625,0.04023074225046456,False
2023-04-10,18.969999313354492,409.6099853515625,0.04083245485218718,False
2023-04-11,19.100000381469727,409.7200012207031,0.04069339450276878,False
2023-04-12,19.09000015258789,408.0499877929687,0.036215056658406714,False
2023-04-13,17.799999237060547,413.4700012207031,0.049647221154993156,False
2023-04-14,17.06999969482422,412.4599914550781,0.04666057126201991,False
2023-04-17,16.950000762939453,413.94000244140625,0.04996863441887103,False
2023-04-18,16.829999923706055,414.2099914550781,0.05016120544230546,False
2023-04-19,16.459999084472656,414.1400146484375,0.04954606398389047,False
2023-04-20,17.170000076293945,411.8800048828125,0.043422979128918376,False
2023-04-21,16.770000457763672,412.2000122070313,0.04385088145973975,False
2023-04-24,16.889999389648438,412.6300048828125,0.04462710352771065,False
2023-04-25,18.760000228881836,406.0799865722656,0.027818362341087668,False
2023-04-26,18.84000015258789,404.3599853515625,0.023204248962259595,False
2023-04-27,17.030000686645508,412.4100036621094,0.04315745032133842,False
2023-04-28,15.779999732971191,415.9299926757813,0.051567572223882564,False
2023-05-01,16.079999923706055,415.510009765625,0.05000668165570547,False
2023-05-02,17.780000686645508,410.8399963378906,0.0378682616605551,False
2023-05-03,18.34000015258789,408.0199890136719,0.030405026559323436,False
2023-05-04,20.09000015258789,405.1300048828125,0.02294061472808424,True
2023-05-05,17.190000534057617,412.6300048828125,0.04164301101340648,False
2023-05-08,16.979999542236328,412.739990234375,0.041737232397480686,False
2023-05-09,17.709999084472656,410.9299926757813,0.03696159397844416,False
2023-05-10,16.940000534057617,412.8500061035156,0.041579561723499935,False
2023-05-11,16.93000030517578,412.1300048828125,0.03948455904990604,False
2023-05-12,17.030000686645508,411.5899963378906,0.03798443512094219,False
2023-05-15,17.1200008392334,413.010009765625,0.04147441288388406,False
2023-05-16,17.989999771118164,410.25,0.034537278743406036,False
2023-05-17,16.8700008392334,415.2300109863281,0.04703661224837969,False
2023-05-18,16.049999237060547,419.2300109863281,0.0569740868945724,False
2023-05-19,16.809999465942383,418.6199951171875,0.05538061973749958,False
2023-05-22,17.209999084472656,418.7900085449219,0.05574775585753509,False
2023-05-23,18.530000686645508,414.0899963378906,0.043891112486098754,False
2023-05-24,20.030000686645508,411.0899963378906,0.03635314750361291,False
2023-05-25,19.13999938964844,414.6499938964844,0.04528438054692555,False
2023-05-26,17.950000762939453,420.0199890136719,0.058821112956452974,False
2023-05-30,17.459999084472656,420.1799926757813,0.05922192671792243,False
2023-05-31,17.940000534057617,417.8500061035156,0.05347114277831709,False
2023-06-01,15.649999618530272,421.8200073242187,0.06357457991258383,False
2023-06-02,14.600000381469728,427.9200134277344,0.07897931351083168,False
2023-06-05,14.729999542236328,427.1000061035156,0.07690559554889982,False
2023-06-06,13.960000038146973,428.0299987792969,0.07924860847346392,False
2023-06-07,13.9399995803833,426.5499877929687,0.07545706871559794,False
2023-06-08,13.649999618530272,429.1300048828125,0.081746853327231,False
2023-06-09,13.829999923706056,429.8999938964844,0.08344817645619422,False
2023-06-12,15.010000228881836,433.7999877929687,0.09299981842822481,False
2023-06-13,14.609999656677246,436.6600036621094,0.0999682433151317,False
2023-06-14,13.880000114440918,437.1799926757813,0.10083623424555438,False
2023-06-15,14.5,442.6000061035156,0.11392347915888298,False
2023-06-16,13.539999961853027,439.4599914550781,0.10544695679142126,False
2023-06-20,13.880000114440918,437.1799926757813,0.09913108208362229,False
2023-06-21,13.199999809265137,434.94000244140625,0.09297019498375184,False
2023-06-22,12.90999984741211,436.510009765625,0.09630569642576278,False
2023-06-23,13.4399995803833,433.2099914550781,0.08743793721888214,False
2023-06-26,14.25,431.44000244140625,0.08253760076399352,False
2023-06-27,13.739999771118164,436.1700134277344,0.09391462054118992,False
2023-06-28,13.43000030517578,436.3900146484375,0.09405768010738848,False
2023-06-29,13.539999961853027,438.1099853515625,0.09799620916415437,False
2023-06-30,13.59000015258789,443.2799987792969,0.11025521766368772,False
2023-07-03,13.56999969482422,443.7900085449219,0.11084830707341817,False
2023-07-05,14.18000030517578,443.1300048828125,0.1084608524207778,False
2023-07-06,15.4399995803833,439.6600036621094,0.09903721973948867,False
2023-07-07,14.829999923706056,438.5499877929687,0.09557779896760875,False
2023-07-10,15.06999969482422,439.6600036621094,0.09758896243280736,False
2023-07-11,14.84000015258789,442.4599914550781,0.10368255781415633,False
2023-07-12,13.539999961853027,446.0199890136719,0.11156729292032527,False
2023-07-13,13.609999656677246,449.55999755859375,0.11925146262271916,False
2023-07-14,13.34000015258789,449.2799987792969,0.11737248029537395,False
2023-07-17,13.479999542236328,450.8399963378906,0.12003411558809388,False
2023-07-18,13.300000190734863,454.19000244140625,0.12718526289968032,False
2023-07-19,13.760000228881836,455.2000122070313,0.12839792820973359,False
2023-07-20,13.989999771118164,452.1799926757813,0.11959328546364326,False
2023-07-21,13.600000381469728,452.1799926757813,0.11840849657114014,False
2023-07-24,13.90999984741211,454.2000122070313,0.12234668811235545,False
2023-07-25,13.859999656677246,455.44000244140625,0.12432237630673121,False
2023-07-26,13.1899995803833,455.510009765625,0.12335390243425422,False
2023-07-27,14.40999984741211,452.489990234375,0.114673193153704,False
2023-07-28,13.329999923706056,456.9200134277344,0.12424438711931027,False
2023-07-31,13.630000114440918,457.7900085449219,0.1250002813276347,False
2023-08-01,13.93000030517578,456.4800109863281,0.12040544154691595,False
2023-08-02,16.09000015258789,450.1300048828125,0.10367978128597442,False
2023-08-03,15.920000076293944,448.8399963378906,0.09928757421559332,False
2023-08-04,17.100000381469727,446.80999755859375,0.09324486744476261,False
2023-08-07,15.770000457763672,450.7099914550781,0.10171468721896491,False
2023-08-08,15.989999771118164,448.75,0.09584886289981986,False
2023-08-09,15.960000038146973,445.75,0.08745611091599433,False
2023-08-10,15.850000381469728,445.9100036621094,0.08689691793513783,False
2023-08-11,14.84000015258789,445.6499938964844,0.0853797860566846,False
2023-08-14,14.81999969482422,448.1099853515625,0.09053193173922161,False
2023-08-15,16.459999084472656,442.8900146484375,0.077030748451522,False
2023-08-16,16.780000686645508,439.6400146484375,0.068352322172656,False
2023-08-17,17.889999389648438,436.2900085449219,0.05960302292947443,False
2023-08-18,17.299999237060547,436.5,0.05946601863271028,False
2023-08-21,17.1299991607666,439.3399963378906,0.06565024573131002,False
2023-08-22,16.969999313354492,438.1499938964844,0.06194881738671925,False
2023-08-23,15.979999542236328,443.0299987792969,0.0728401859159048,False
2023-08-24,17.200000762939453,436.8900146484375,0.057196674065152886,False
2023-08-25,15.68000030517578,439.9700012207031,0.06387712187832074,False
2023-08-28,15.079999923706056,442.760009765625,0.06983763826285229,False
2023-08-29,14.449999809265137,449.1600036621094,0.08431898987267253,False
2023-08-30,13.880000114440918,451.010009765625,0.08804543100924243,False
2023-08-31,13.56999969482422,450.3500061035156,0.08577424972097511,False
2023-09-01,13.09000015258789,451.19000244140625,0.08706468453659898,False
2023-09-05,14.010000228881836,449.239990234375,0.08170514682380992,False
2023-09-06,14.449999809265137,446.2200012207031,0.07377711938499187,False
2023-09-07,14.399999618530272,444.8500061035156,0.06982892642208953,False
2023-09-08,13.84000015258789,445.5199890136719,0.07080294996624246,False
2023-09-11,13.800000190734863,448.4500122070313,0.07714803718243925,False
2023-09-12,14.229999542236328,445.989990234375,0.07064659216003659,False
2023-09-13,13.479999542236328,446.510009765625,0.0713279930977705,False
2023-09-14,12.81999969482422,450.3599853515625,0.07994311796511583,False
2023-09-15,13.789999961853027,443.3699951171875,0.06257679071341743,False
2023-09-18,14.0,443.6300048828125,0.06258365587776726,False
2023-09-19,14.109999656677246,442.7099914550781,0.059935373744077584,False
2023-09-20,15.140000343322754,438.6400146484375,0.049798195026890604,False
2023-09-21,17.540000915527344,431.3900146484375,0.03214439597137746,False
2023-09-22,17.200000762939453,430.4200134277344,0.02944389038289927,False
2023-09-25,16.899999618530273,432.2300109863281,0.033298395249004895,False
2023-09-26,18.940000534057617,425.8800048828125,0.017719897514531777,True
2023-09-27,18.219999313354492,426.0499877929687,0.017763593559571317,False
2023-09-28,17.34000015258789,428.5199890136719,0.02323332964496458,False
2023-09-29,17.520000457763672,427.4800109863281,0.020402464180239756,False
2023-10-02,17.610000610351562,427.30999755859375,0.019688249524341565,False
2023-10-03,19.780000686645508,421.5899963378906,0.005772344114808934,False
2023-10-04,18.579999923706055,424.6600036621094,0.012673207378003896,False
2023-10-05,18.489999771118164,424.5,0.011794254202703271,False
2023-10-06,17.450000762939453,429.5400085449219,0.0232032493604001,False
2023-10-09,17.700000762939453,432.2900085449219,0.029119684374911612,False
2023-10-10,17.030000686645508,434.5400085449219,0.03388156411397305,False
2023-10-11,16.09000015258789,436.3200073242187,0.03743044467824683,False
2023-10-12,16.690000534057617,433.6600036621094,0.030484071427945247,False
2023-10-13,19.31999969482422,431.5,0.02474138755494315,False
2023-10-16,17.209999084472656,436.0400085449219,0.03479353848630734,False
2023-10-17,17.8799991607666,436.0199890136719,0.03410084913135056,False
2023-10-18,19.219999313354492,430.2099914550781,0.019743599821711998,False
2023-10-19,21.399999618530273,426.4299926757813,0.010237630915397576,True
2023-10-20,21.709999084472656,421.19000244140625,-0.002618421182096823,True
2023-10-23,20.3700008392334,420.4599914550781,-0.004831132542811459,True
2023-10-24,18.969999313354492,423.6300048828125,0.002250181585134223,True
2023-10-25,20.190000534057617,417.5499877929687,-0.01248112927366768,True
2023-10-26,20.68000030517578,412.5499877929687,-0.024559704878880435,False
2023-10-27,21.270000457763672,410.6799926757813,-0.029155151133424317,False
2023-10-30,19.75,415.5899963378906,-0.01776422846979264,False
2023-10-31,18.13999938964844,418.2000122070313,-0.011825575429518308,False
2023-11-01,16.8700008392334,422.6600036621094,-0.001580560221792943,False
2023-11-02,15.65999984741211,430.760009765625,0.017081757077602244,False
2023-11-03,14.90999984741211,434.69000244140625,0.025803314465500667,False
2023-11-06,14.890000343322754,435.69000244140625,0.027680434278949943,False
2023-11-07,14.8100004196167,436.9299926757813,0.030164226448053905,False
2023-11-08,14.449999809265137,437.25,0.030468640586700454,False
2023-11-09,15.289999961853027,433.8399963378906,0.022028949564948285,False
2023-11-10,14.170000076293944,440.6099853515625,0.03753926682760482,False
2023-11-13,14.760000228881836,440.19000244140625,0.0361293025293969,False
2023-11-14,14.15999984741211,448.7300109863281,0.05563288509468151,False
2023-11-15,14.18000030517578,449.6799926757813,0.05733043817665992,False
2023-11-16,14.31999969482422,450.2300109863281,0.0581331873803503,False
2023-11-17,13.800000190734863,450.7900085449219,0.05902605436631598,False
2023-11-20,13.40999984741211,454.260009765625,0.06665291202574884,False
2023-11-21,13.350000381469728,453.2699890136719,0.06378569238274547,False
2023-11-22,12.850000381469728,455.0199890136719,0.06739390506235511,False
2023-11-24,12.460000038146973,455.2999877929687,0.06749168177581165,False
2023-11-27,12.6899995803833,454.4800109863281,0.06497752354375065,False
2023-11-28,12.6899995803833,454.9299926757813,0.06544662123092013,False
2023-11-29,12.979999542236328,454.6099853515625,0.0641765216380132,False
2023-11-30,12.920000076293944,456.3999938964844,0.06781975900424003,False
2023-12-01,12.630000114440918,459.1000061035156,0.07357020430952314,False
2023-12-04,13.079999923706056,456.69000244140625,0.0673304697993256,False
2023-12-05,12.850000381469728,456.6000061035156,0.0665052322011199,False
2023-12-06,12.970000267028809,454.760009765625,0.061517300464665504,False
2023-12-07,13.0600004196167,458.2300109863281,0.0688724700668756,False
2023-12-08,12.350000381469728,460.2000122070313,0.07272279852247077,False
2023-12-11,12.630000114440918,461.989990234375,0.07607237086129633,False
2023-12-12,12.06999969482422,464.1000061035156,0.08015214170595433,False
2023-12-13,12.1899995803833,470.5,0.09410233357882497,False
2023-12-14,12.479999542236328,472.010009765625,0.09662848272429642,False
2023-12-15,12.279999732971191,469.3299865722656,0.08949676830100925,False
2023-12-18,12.5600004196167,471.9700012207031,0.09476399455580499,False
2023-12-19,12.529999732971191,474.8399963378906,0.10052294940949963,False
2023-12-20,13.670000076293944,468.260009765625,0.0843931865456025,False
2023-12-21,13.649999618530272,472.7000122070313,0.09374093401756385,False
2023-12-22,13.029999732971191,473.6499938964844,0.09489918490280444,False
2023-12-26,12.989999771118164,475.6499938964844,0.09838315699986441,False
2023-12-27,12.43000030517578,476.510009765625,0.09921228385418897,False
2023-12-28,12.470000267028809,476.69000244140625,0.09855099009487839,False
2023-12-29,12.449999809265137,475.30999755859375,0.0942859510435619,False
2024-01-02,13.199999809265137,472.6499938964844,0.08720403077104014,False
2024-01-03,14.039999961853027,468.7900085449219,0.07734878230355297,False
2024-01-04,14.130000114440918,467.2799987792969,0.07297186406841023,False
2024-01-05,13.350000381469728,467.9200134277344,0.07359085749395514,False
2024-01-08,13.079999923706056,474.6000061035156,0.08788787242932106,False
2024-01-09,12.760000228881836,473.8800048828125,0.08523360210994604,False
2024-01-10,12.6899995803833,476.55999755859375,0.09036212977627696,False
2024-01-11,12.4399995803833,476.3500061035156,0.08888687349064718,False
2024-01-12,12.699999809265137,476.6799926757813,0.08863235053717075,False
2024-01-16,13.84000015258789,474.9299926757813,0.08372518639007552,False
2024-01-17,14.789999961853027,472.2900085449219,0.07685839267488727,False
2024-01-18,14.130000114440918,476.489990234375,0.0856042310351692,False
2024-01-19,13.300000190734863,482.4299926757813,0.09824327734200468,False
2024-01-22,13.1899995803833,483.4500122070313,0.09962935476704361,False
2024-01-23,12.550000190734863,484.8599853515625,0.10186823955820734,False
2024-01-24,13.140000343322754,485.3900146484375,0.10211849742314481,False
2024-01-25,13.449999809265137,488.0299987792969,0.10712713076148797,False
2024-01-26,13.260000228881836,487.4100036621094,0.10474710314780011,False
2024-01-29,13.600000381469728,491.2699890136719,0.11244684704064951,False
2024-01-30,13.3100004196167,490.8900146484375,0.11061290115783697,False
2024-01-31,14.350000381469728,482.8800048828125,0.09162108034195869,False
2024-02-01,13.880000114440918,489.2000122070313,0.10496840778867238,False
2024-02-02,13.850000381469728,494.3500061035156,0.11559113931954781,False
2024-02-05,13.670000076293944,492.5499877929687,0.11054653276905893,False
2024-02-06,13.0600004196167,493.9800109863281,0.11274089210665643,False
2024-02-07,12.829999923706056,498.1000061035156,0.12093710702869541,False
2024-02-08,12.789999961853027,498.3200073242187,0.12035196573014713,False
2024-02-09,12.93000030517578,501.2000122070313,0.12562336254371848,False
2024-02-12,13.93000030517578,500.9800109863281,0.12390985880091952,False
2024-02-13,15.850000381469728,494.0799865722656,0.10741568329552519,False
2024-02-14,14.380000114440918,498.5700073242187,0.11644549962733594,False
2024-02-15,14.010000228881836,502.010009765625,0.1230610018685074,False
2024-02-16,14.239999771118164,499.510009765625,0.11636093854662183,False
2024-02-20,15.420000076293944,496.760009765625,0.1091150978277974,False
2024-02-21,15.34000015258789,497.2099914550781,0.1089798129783489,False
2024-02-22,14.539999961853027,507.5,0.1307343940914156,False
2024-02-23,13.75,507.8500061035156,0.13031659932983042,False
2024-02-26,13.739999771118164,505.989990234375,0.12498669083664501,False
2024-02-27,13.43000030517578,506.9299926757813,0.12589910328208256,False
2024-02-28,13.84000015258789,506.260009765625,0.12323691834931952,False
2024-02-29,13.399999618530272,508.0799865722656,0.12606953741427035,False
2024-03-01,13.109999656677246,512.8499755859375,0.13538519861159534,False
2024-03-04,13.489999771118164,512.2999877929688,0.1328878519441069,False
2024-03-05,14.460000038146973,507.1799926757813,0.12042650300609462,False
2024-03-06,14.5,509.75,0.12497917034257104,False
2024-03-07,14.4399995803833,514.8099975585938,0.13494154759653226,False
2024-03-08,14.739999771118164,511.7200012207031,0.12697496553422852,False
2024-03-11,15.220000267028809,511.2799987792969,0.124802149217778,False
2024-03-12,13.84000015258789,516.780029296875,0.13558186710645925,False
2024-03-13,13.75,515.969970703125,0.13254107145093377,False
2024-03-14,14.399999618530272,514.9500122070312,0.12912591405365134,False
2024-03-15,14.40999984741211,509.8299865722656,0.11680160876996377,False
2024-03-18,14.329999923706056,512.8599853515625,0.12227108256631104,False
2024-03-19,13.81999969482422,515.7100219726562,0.12734960174913695,False
2024-03-20,13.039999961853027,520.47998046875,0.13662688949816515,False
2024-03-21,12.920000076293944,522.2000122070312,0.13920015894989396,False
2024-03-22,13.0600004196167,521.2100219726562,0.13588596433603212,False
2024-03-25,13.1899995803833,519.77001953125,0.13159827215569278,False
2024-03-26,13.239999771118164,518.8099975585938,0.12840662508897258,False
2024-03-27,12.779999732971191,523.1699829101562,0.13673655089954861,False
2024-03-28,13.010000228881836,523.0700073242188,0.1354181702555086,False
2024-04-01,13.649999618530272,522.1599731445312,0.13239195523343245,False
2024-04-02,14.609999656677246,518.8400268554688,0.12419665194626665,False
2024-04-03,14.329999923706056,519.4099731445312,0.1244958451238599,False
2024-04-04,16.350000381469727,513.0700073242188,0.109885778098206,False
2024-04-05,16.030000686645508,518.4299926757812,0.12049592836246746,False
2024-04-08,15.1899995803833,518.719970703125,0.12010854262917767,False
2024-04-09,14.979999542236328,519.3200073242188,0.12040250630752049,False
2024-04-10,15.800000190734863,514.1199951171875,0.10821654085247316,False
2024-04-11,14.90999984741211,518.0,0.11553940837032681,False
2024-04-12,17.309999465942383,510.8500061035156,0.0992575795610221,False
2024-04-15,19.229999542236328,504.4500122070313,0.08469165946192121,False
2024-04-16,18.399999618530273,503.5299987792969,0.08195241768747442,False
2024-04-17,18.209999084472656,500.5499877929687,0.07488779665390105,False
2024-04-18,18.0,499.5199890136719,0.07203448307395494,False
2024-04-19,18.709999084472656,495.1600036621094,0.06208441255966797,False
2024-04-22,16.940000534057617,499.7200012207031,0.07117532745541919,False
2024-04-23,15.6899995803833,505.6499938964844,0.08310764016363496,False
2024-04-24,15.970000267028809,505.4100036621094,0.081831767776818,False
2024-04-25,15.369999885559082,503.489990234375,0.07701849166714457,False
2024-04-26,15.029999732971191,508.260009765625,0.08649879795890587,False
2024-04-29,14.670000076293944,510.05999755859375,0.08964198529170894,False
2024-04-30,15.649999618530272,501.9800109863281,0.07177737690091907,False
2024-05-01,15.390000343322754,500.3500061035156,0.06773281013408473,False
2024-05-02,14.68000030517578,505.0299987792969,0.07713548442248021,False
2024-05-03,13.489999771118164,511.2900085449219,0.08983504372392899,False
2024-05-06,13.489999771118164,516.5700073242188,0.10033446780003645,False
2024-05-07,13.229999542236328,517.1400146484375,0.10078704884110481,False
2024-05-08,13.0,517.1900024414062,0.10015590401287842,False
2024-05-09,12.6899995803833,520.1699829101562,0.10573360209268198,False
2024-05-10,12.550000190734863,520.8400268554688,0.10638968657524706,False
2024-05-13,13.600000381469728,520.9099731445312,0.10573472900769984,False
2024-05-14,13.420000076293944,523.2999877929688,0.11002596994299019,False
2024-05-15,12.449999809265137,529.780029296875,0.12291408334027436,False
2024-05-16,12.420000076293944,528.6900024414062,0.11974676257222085,False
2024-05-17,11.989999771118164,529.4500122070312,0.12041530451516,False
2024-05-20,12.149999618530272,530.0599975585938,0.1207429995056431,False
2024-05-21,11.859999656677246,531.3599853515625,0.12248831881528721,False
2024-05-22,12.289999961853027,529.8300170898438,0.11832170933661339,False
2024-05-23,12.770000457763672,525.9600219726562,0.10924937734830212,False
2024-05-24,11.93000030517578,529.4400024414062,0.11560412139344506,False
2024-05-28,12.920000076293944,529.8099975585938,0.11539780242517944,False
2024-05-29,14.279999732971191,526.0999755859375,0.10665000688223332,False
2024-05-30,14.470000267028809,522.6099853515625,0.09844812884751816,False
2024-05-31,12.920000076293944,527.3699951171875,0.10746972295615836,False
2024-06-03,13.109999656677246,527.7999877929688,0.10734765910740507,False
2024-06-04,13.15999984741211,528.3900146484375,0.10751553603198444,False
2024-06-05,12.630000114440918,534.6699829101562,0.11952666565327094,False
2024-06-06,12.579999923706056,534.6599731445312,0.1183896255911954,False
2024-06-07,12.220000267028809,534.010009765625,0.11591124651208026,False
2024-06-10,12.739999771118164,535.6599731445312,0.11827683705967593,False
2024-06-11,12.850000381469728,536.9500122070312,0.11980041871492034,False
2024-06-12,12.039999961853027,541.3599853515625,0.12780498945127106,False
2024-06-13,11.9399995803833,542.4500122070312,0.1289035553397186,False
2024-06-14,12.65999984741211,542.780029296875,0.12849101555330128,False
2024-06-17,12.75,547.0999755859375,0.1363375042031635,False
2024-06-18,12.300000190734863,548.489990234375,0.13806468411127548,False
2024-06-20,13.279999732971191,547.0,0.13384607173457558,False
2024-06-21,13.199999809265137,544.510009765625,0.12757134486637736,False
2024-06-24,13.329999923706056,542.739990234375,0.1227839140736558,False
2024-06-25,12.84000015258789,544.8300170898438,0.12594321585414578,False
2024-06-26,12.550000190734863,545.510009765625,0.1261849174338105,False
2024-06-27,12.239999771118164,546.3699951171875,0.12682137819545602,False
2024-06-28,12.4399995803833,544.219970703125,0.12125145872563854,False
2024-07-01,12.220000267028809,545.3400268554688,0.1224163760589353,False
2024-07-02,12.029999732971191,549.010009765625,0.12882393039115786,False
2024-07-03,12.09000015258789,551.4600219726562,0.13260284499380615,False
2024-07-05,12.479999542236328,554.6400146484375,0.13783688923550197,False
2024-07-08,12.369999885559082,555.280029296875,0.13783603462913513,False
2024-07-09,12.510000228881836,555.8200073242188,0.13757676311157713,False
2024-07-10,12.850000381469728,561.3200073242188,0.14730793673722187,False
2024-07-11,12.920000076293944,556.47998046875,0.13595173640171732,False
2024-07-12,12.460000038146973,559.989990234375,0.1416281023136815,False
2024-07-15,13.119999885559082,561.530029296875,0.14318700772605766,False
2024-07-16,13.1899995803833,564.8599853515625,0.14834369257121402,False
2024-07-17,14.479999542236328,556.9400024414062,0.13076653160022741,False
2024-07-18,15.93000030517578,552.6599731445312,0.12065260212748204,False
2024-07-19,16.520000457763672,548.989990234375,0.11183916594685304,False
2024-07-22,14.90999984741211,554.6500244140625,0.12179062531323932,False
2024-07-23,14.720000267028809,553.780029296875,0.11857048190262094,False
2024-07-24,18.040000915527344,541.22998046875,0.09193357537113958,False
2024-07-25,18.459999084472656,538.4099731445312,0.08505256473932132,False
2024-07-26,16.389999389648438,544.4400024414062,0.09596630298858788,False
2024-07-29,16.600000381469727,544.760009765625,0.0953952808304779,False
2024-07-30,17.690000534057617,542.0,0.08868876402468064,False
2024-07-31,16.360000610351562,550.8099975585938,0.10508476669823641,False
2024-08-01,18.59000015258789,543.010009765625,0.0882184376352096,False
2024-08-02,23.38999938964844,532.9000244140625,0.0669220230898819,False
2024-08-05,38.56999969482422,517.3800048828125,0.03500634020067261,False
2024-08-06,27.709999084472656,522.1500244140625,0.04358894589361133,False
2024-08-07,27.850000381469727,518.6599731445312,0.03565905864305373,False
2024-08-08,23.790000915527344,530.6500244140625,0.05844404778106492,False
2024-08-09,20.3700008392334,532.989990234375,0.06191962313293281,False
2024-08-12,20.709999084472656,533.27001953125,0.061318351155372305,False
2024-08-13,18.1200008392334,542.0399780273438,0.07743765909133452,False
2024-08-14,16.190000534057617,543.75,0.07942921403614167,False
2024-08-15,15.229999542236328,553.0700073242188,0.09638134174154933,False
2024-08-16,14.800000190734863,554.3099975585938,0.09733065545850947,False
2024-08-19,14.649999618530272,559.6099853515625,0.10627423735664354,False
2024-08-20,15.880000114440918,558.7000122070312,0.10299218728462456,False
2024-08-21,16.270000457763672,560.6199951171875,0.10536572105302497,False
2024-08-22,17.549999237060547,556.219970703125,0.09537789598394152,False
2024-08-23,15.859999656677246,562.1300048828125,0.10564014402690078,False
2024-08-26,16.149999618530273,560.7899780273438,0.1016625569864092,False
2024-08-27,15.43000030517578,561.5599975585938,0.1018298861336153,False
2024-08-28,17.110000610351562,558.2999877929688,0.0940975607363308,False
2024-08-29,15.649999618530272,558.3499755859375,0.092934633238922,False
2024-08-30,15.0,563.6799926757812,0.1020358617700689,False
2024-09-03,20.719999313354492,552.0800170898438,0.0782676990001084,False
2024-09-04,21.31999969482422,550.9500122070312,0.07499756440826245,False
2024-09-05,19.899999618530273,549.6099853515625,0.07134423581374051,False
2024-09-06,22.3799991607666,540.3599853515625,0.052394662693329555,False
2024-09-09,19.450000762939453,546.4099731445312,0.0632234211645373,False
2024-09-10,19.079999923706055,548.7899780273438,0.06686304860986138,False
2024-09-11,17.690000534057617,554.4199829101562,0.07676758211746353,False
2024-09-12,17.06999969482422,559.0900268554688,0.08474422292858219,False
2024-09-13,16.559999465942383,562.010009765625,0.08927329056943967,False
2024-09-16,17.139999389648438,562.8400268554688,0.08974241861702256,False
2024-09-17,17.610000610351562,563.0700073242188,0.08904422698065965,False
2024-09-18,18.229999542236328,561.4000244140625,0.0847128507100557,False
2024-09-19,16.329999923706055,570.97998046875,0.10203169851121348,False
2024-09-20,16.149999618530273,568.25,0.09558314578657472,False
2024-09-23,15.890000343322754,569.6699829101562,0.0971250085115668,False
2024-09-24,15.390000343322754,571.2999877929688,0.09903087440964789,False
2024-09-25,15.40999984741211,570.0399780273438,0.09542885193867194,False
2024-09-26,15.369999885559082,572.2999877929688,0.09858856014782617,False
2024-09-27,16.959999084472656,571.469970703125,0.09584375518342053,False
2024-09-30,16.729999542236328,573.760009765625,0.09907951892699564,False
2024-10-01,19.260000228881836,568.6199951171875,0.08821076354241394,False
2024-10-02,18.899999618530273,568.8599853515625,0.08766206511901418,False
2024-10-03,20.489999771118164,567.8200073242188,0.08465235196807068,False
2024-10-04,19.209999084472656,572.97998046875,0.0934540477962362,False
2024-10-07,22.63999938964844,567.7999877929688,0.08260845759643343,False
2024-10-08,21.420000076293945,573.1699829101562,0.09175536476542089,False
2024-10-09,20.86000061035156,577.1400146484375,0.09822498005013143,False
2024-10-10,20.93000030517578,576.1300048828125,0.09523516789280713,False
2024-10-11,20.459999084472656,579.5800170898438,0.10070636304505268,False
2024-10-14,19.700000762939453,584.3200073242188,0.10857340649375108,False
2024-10-15,20.63999938964844,579.780029296875,0.0988855338269601,False
2024-10-16,19.579999923706055,582.2999877929688,0.10254384696953245,False
2024-10-17,19.11000061035156,582.3499755859375,0.10149454280352346,False
2024-10-18,18.030000686645508,584.5900268554688,0.1045218947901848,False
2024-10-21,18.3700008392334,583.6300048828125,0.10149731598026561,False
2024-10-22,18.200000762939453,583.3200073242188,0.09971467896748354,False
2024-10-23,19.239999771118164,577.989990234375,0.08860522410828434,False
2024-10-24,19.079999923706055,579.239990234375,0.08987814635055869,False
2024-10-25,20.329999923706055,579.0399780273438,0.08845241787607595,False
2024-10-28,19.799999237060547,580.8300170898438,0.09074615550944454,False
2024-10-29,19.34000015258789,581.77001953125,0.09143442447567339,False
2024-10-30,20.350000381469727,580.010009765625,0.08706104811582985,False
2024-10-31,23.15999984741211,568.6400146484375,0.06478988002090347,False
2024-11-01,21.8799991607666,571.0399780273438,0.06833813077992029,False
2024-11-04,21.979999542236328,569.8099975585938,0.06516635838039289,False
2024-11-05,20.489999771118164,576.7000122070312,0.07710732803758595,False
2024-11-06,16.270000457763672,591.0399780273438,0.10279670350792326,False
2024-11-07,15.199999809265137,595.6099853515625,0.11018211696503645,False
2024-11-08,14.9399995803833,598.1900024414062,0.11384757606368766,False
2024-11-11,14.970000267028809,598.760009765625,0.11375433411382474,False
2024-11-12,14.710000038146973,596.9000244140625,0.10920487559013319,False
2024-11-13,14.020000457763672,597.1900024414062,0.10864875177384907,False
2024-11-14,14.3100004196167,593.3499755859375,0.1003916159479696,False
2024-11-15,16.139999389648438,585.75,0.08532548321108152,False
2024-11-18,15.579999923706056,588.1500244140625,0.08882625276551391,False
2024-11-19,16.350000381469727,590.2999877929688,0.09181853392265393,False
2024-11-20,17.15999984741211,590.5,0.09121444027425178,False
2024-11-21,16.8700008392334,593.6699829101562,0.09610450296513222,False
2024-11-22,15.239999771118164,595.510009765625,0.09851617094788802,False
2024-11-25,14.600000381469728,597.530029296875,0.1012639751421868,False
2024-11-26,14.100000381469728,600.6500244140625,0.10599838113273675,False
2024-11-27,14.100000381469728,598.8300170898438,0.10158476829141529,False
2024-11-29,13.510000228881836,602.5499877929688,0.1073688097593823,False
2024-12-02,13.34000015258789,603.6300048828125,0.10831873459439213,False
2024-12-03,13.300000190734863,603.9099731445312,0.10777105107510902,False
2024-12-04,13.449999809265137,607.6599731445312,0.11351719505309579,False
2024-12-05,13.539999961853027,606.6599731445312,0.11057102718711831,False
2024-12-06,12.770000457763672,607.8099975585938,0.11165562809240853,False
2024-12-09,14.1899995803833,604.6799926757812,0.10495257635916573,False
2024-12-10,14.18000030517578,602.7999877929688,0.10054372441669071,False
2024-12-11,13.579999923706056,607.4600219726562,0.10803479839638679,False
2024-12-12,13.920000076293944,604.3300170898438,0.1013404648032395,False
2024-12-13,13.8100004196167,604.2100219726562,0.10015810650331934,False
2024-12-16,14.6899995803833,606.7899780273438,0.10391163502294662,False
2024-12-17,15.869999885559082,604.2899780273438,0.0984443269974591,False
2024-12-18,27.6200008392334,586.280029296875,0.06494124995060277,False
2024-12-19,24.09000015258789,586.0999755859375,0.06387647509337327,False
2024-12-20,18.36000061035156,591.1500244140625,0.0723002709215553,False
2024-12-23,16.780000686645508,594.6900024414062,0.07791038263302535,False
2024-12-24,14.270000457763672,601.2999877929688,0.08900292343763716,False
2024-12-26,14.729999542236328,601.3400268554688,0.08824214322274299,False
2024-12-27,15.949999809265137,595.010009765625,0.07601718309985127,False
2024-12-30,17.399999618530273,588.219970703125,0.06303379611674852,False
2024-12-31,17.350000381469727,586.0800170898438,0.05843720219101368,False
2025-01-02,17.93000030517578,584.6400146484375,0.055152707914900706,False
2025-01-03,16.1299991607666,591.9500122070312,0.06761122000669087,False
2025-01-06,16.040000915527344,595.3599853515625,0.07303670878999131,False
2025-01-07,17.81999969482422,588.6300048828125,0.06027231920021497,False
2025-01-08,17.700000762939453,589.489990234375,0.06116880794158334,False
2025-01-10,19.540000915527344,580.489990234375,0.044396694006387044,False
2025-01-13,19.190000534057617,581.3900146484375,0.045427453189096766,False
2025-01-14,18.709999084472656,582.1900024414062,0.04631074377558155,False
2025-01-15,16.1200008392334,592.780029296875,0.06467619188402095,False
2025-01-16,16.600000381469727,591.6400146484375,0.06196602217667882,False
2025-01-17,15.970000267028809,597.5800170898438,0.07187058550238196,False
2025-01-21,15.0600004196167,603.0499877929688,0.08087120994608973,False
2025-01-22,15.100000381469728,606.4400024414062,0.08603852468969163,False
2025-01-23,15.020000457763672,609.75,0.09107403908845985,False
2025-01-24,14.850000381469728,607.969970703125,0.08702089385950684,False
2025-01-27,17.899999618530273,599.3699951171875,0.07087820366083607,False
2025-01-28,16.40999984741211,604.52001953125,0.0792080703746139,False
2025-01-29,16.559999465942383,601.8099975585938,0.07356691762243098,False
2025-01-30,15.84000015258789,605.0399780273438,0.0784228583681696,False
2025-01-31,16.43000030517578,601.8200073242188,0.07175355868639453,False
2025-02-03,18.6200008392334,597.77001953125,0.0636485732271032,False
2025-02-04,17.209999084472656,601.780029296875,0.0698203219190088,False
2025-02-05,15.770000457763672,604.219970703125,0.0731592083661453,False
2025-02-06,15.5,606.3200073242188,0.07582708404244357,False
2025-02-07,16.540000915527344,600.77001953125,0.06502464680294369,False
2025-02-10,15.8100004196167,604.8499755859375,0.07131545520718527,False
2025-02-11,16.020000457763672,605.3099975585938,0.07118255490929329,False
2025-02-12,15.890000343322754,603.3599853515625,0.0667890389039314,False
2025-02-13,15.100000381469728,609.72998046875,0.07708551937292595,False
2025-02-14,14.770000457763672,609.7000122070312,0.07608555167784638,False
2025-02-18,15.350000381469728,611.489990234375,0.07820279134772751,False
2025-02-19,15.270000457763672,612.9299926757812,0.07967025752448965,False
2025-02-20,15.65999984741211,610.3800048828125,0.0741817829016687,False
2025-02-21,18.209999084472656,599.9400024414062,0.054985918215195315,False
2025-02-24,18.979999542236328,597.2100219726562,0.049441210136391,False
2025-02-25,19.43000030517578,594.239990234375,0.04351525856291631,False
2025-02-26,19.100000381469727,594.5399780273438,0.04333346996394014,False
2025-02-27,21.1299991607666,585.0499877929688,0.026095749167127417,True
2025-02-28,19.6299991607666,594.1799926757812,0.04143870813586188,False
2025-03-03,22.780000686645508,583.77001953125,0.02262945719714557,False
2025-03-04,23.510000228881836,576.8599853515625,0.010050844149859845,False
2025-03-05,21.93000030517578,583.0599975585938,0.020430750674751034,False
2025-03-06,24.8700008392334,572.7100219726562,0.0019310010665931846,False
2025-03-07,23.3700008392334,575.9199829101562,0.0071372995195497935,False
2025-03-10,27.86000061035156,560.5800170898438,-0.019949926787710483,False
2025-03-11,26.920000076293945,555.9199829101562,-0.02830557674519169,False
2025-03-12,24.229999542236328,558.8699951171875,-0.023397097710053442,False
2025-03-13,24.65999984741211,551.4199829101562,-0.0366299981621682,False
2025-03-14,21.770000457763672,562.8099975585938,-0.01701736922410134,False
2025-03-17,20.510000228881836,567.1500244140625,-0.009760143419156129,False
2025-03-18,21.700000762939453,561.02001953125,-0.0207616093148418,False
2025-03-19,19.899999618530273,567.1300048828125,-0.010481337368328006,False
2025-03-20,19.799999237060547,565.489990234375,-0.01367081592275988,False
2025-03-21,19.280000686645508,563.97998046875,-0.016614862861542564,False
2025-03-24,17.479999542236328,574.0800170898438,0.0005975163942439057,False
2025-03-25,17.149999618530273,575.4600219726562,0.00264638991396747,False
2025-03-26,18.329999923706055,568.5900268554688,-0.009616215744044997,False
2025-03-27,18.690000534057617,567.0800170898438,-0.012530788741749795,False
2025-03-28,21.649999618530273,555.6599731445312,-0.03258522669547865,False
2025-03-31,22.280000686645508,559.3900146484375,-0.026281360736931214,False
2025-04-01,21.770000457763672,560.969970703125,-0.023697792777357805,False
2025-04-02,21.510000228881836,564.52001953125,-0.017708001043355508,False
2025-04-03,30.020000457763672,536.7000122070312,-0.06606674966121331,False
2025-04-04,45.310001373291016,505.2799987792969,-0.12042193115084071,False
2025-04-07,46.97999954223633,504.3800048828125,-0.12165139457153329,False
2025-04-08,52.33000183105469,496.4800109863281,-0.13502828616562115,False
2025-04-09,33.619998931884766,548.6199951171875,-0.04422377961483527,False
2025-04-10,40.720001220703125,524.5800170898438,-0.08596034627559646,False
2025-04-11,37.560001373291016,533.9400024414062,-0.06956302861860636,False
2025-04-14,30.88999938964844,539.1199951171875,-0.060484131812891154,False
2025-04-15,30.1200008392334,537.6099853515625,-0.0630440843737428,False
2025-04-16,32.63999938964844,525.6599731445312,-0.0837225782088023,False
2025-04-17,29.649999618530273,526.4099731445312,-0.08226384137596701,False
2025-04-21,33.81999969482422,513.8800048828125,-0.10383399243635459,False
2025-04-22,30.56999969482422,527.25,-0.08032363508358593,False
2025-04-23,28.450000762939453,535.4199829101562,-0.06591624678181748,False
2025-04-24,26.469999313354492,546.6900024414062,-0.04618331063231281,False
2025-04-25,24.84000015258789,550.6400146484375,-0.03924826191224591,False
2025-04-28,25.149999618530273,550.8499755859375,-0.03879412733308156,False
2025-04-29,24.170000076293945,554.3200073242188,-0.032720865545012766,False
2025-04-30,24.700000762939453,554.5399780273438,-0.03229100491594508,False
2025-05-01,24.600000381469727,558.469970703125,-0.0254068857087796,True
2025-05-02,22.68000030517578,566.760009765625,-0.010956229275401097,True
2025-05-05,23.63999938964844,563.510009765625,-0.0166841215998869,False
2025-05-06,24.760000228881836,558.7999877929688,-0.02495526822667304,False
2025-05-07,23.549999237060547,561.1500244140625,-0.020958578043541672,False
2025-05-08,22.479999542236328,565.0599975585938,-0.014226346931764429,False
2025-05-09,21.899999618530273,564.3400268554688,-0.015573047160531593,False
2025-05-12,18.38999938964844,582.989990234375,0.016589421264844913,False
2025-05-13,18.219999313354492,586.8400268554688,0.0228710196815914,False
2025-05-14,18.6200008392334,587.5900268554688,0.023793277680228205,False
2025-05-15,17.829999923706055,590.4600219726562,0.028384411972779328,False
2025-05-16,17.239999771118164,594.2000122070312,0.0344280023363087,False
2025-05-19,18.13999938964844,594.8499755859375,0.03516268760797689,False
2025-05-20,18.09000015258789,592.8499755859375,0.031235066682337085,False
2025-05-21,20.8700008392334,582.8599853515625,0.013417596154181208,False
2025-05-22,20.280000686645508,583.0900268554688,0.013238756787308875,False
2025-05-23,22.290000915527344,579.1099853515625,0.005824835813966194,False
2025-05-27,18.959999084472656,591.1500244140625,0.02609058414988308,False
2025-05-28,19.309999465942383,587.72998046875,0.019649114261176215,False
2025-05-29,19.18000030517578,590.0499877929688,0.02316764827676615,False
2025-05-30,18.56999969482422,589.3900146484375,0.021526187056067212,False
2025-06-02,18.36000061035156,592.7100219726562,0.026829512323345496,False
2025-06-03,17.690000534057617,596.0900268554688,0.032217155160668164,False
2025-06-04,17.610000610351562,595.9299926757812,0.031557230222851264,False
2025-06-05,18.479999542236328,593.0499877929688,0.026227840635582998,False
2025-06-06,16.770000457763672,599.1400146484375,0.03641169632658905,False
2025-06-09,17.15999984741211,599.6799926757812,0.03697821861002238,False
2025-06-10,16.950000762939453,603.0800170898438,0.042474899900686036,False
2025-06-11,17.260000228881836,601.3599853515625,0.03909628453959226,False
2025-06-12,18.020000457763672,603.75,0.04285102970601291,False
2025-06-13,20.81999969482422,597.0,0.030869446018329534,False
2025-06-16,19.11000061035156,602.6799926757812,0.040308040679308,False
2025-06-17,21.600000381469727,597.530029296875,0.03106939838988154,False
2025-06-18,20.13999938964844,597.4400024414062,0.030566484038677906,False
2025-06-20,20.6200008392334,594.280029296875,0.0248451450515239,True
2025-06-23,19.829999923706055,600.1500244140625,0.03453923939352618,False
2025-06-24,17.479999542236328,606.780029296875,0.04546497182298839,False
2025-06-25,16.760000228881836,607.1199951171875,0.045532723963899936,False
2025-06-26,16.59000015258789,611.8699951171875,0.053064370312023955,False
2025-06-27,16.31999969482422,614.9099731445312,0.0576728931652297,False
2025-06-30,16.729999542236328,617.8499755859375,0.06209901587059493,False
2025-07-01,16.829999923706055,617.6500244140625,0.06117857643578601,False
2025-07-02,16.639999389648438,620.4500122070312,0.06542761102120928,False
2025-07-03,16.3799991607666,625.3400268554688,0.07324110058590644,False
2025-07-07,17.790000915527344,620.6799926757812,0.06471484703766402,False
2025-07-08,16.809999465942383,620.3400268554688,0.06360921914569634,False
2025-07-09,15.9399995803833,624.0599975585938,0.06941286875485637,False
2025-07-10,15.779999732971191,625.8200073242188,0.07192521226301485,False
2025-07-11,16.399999618530273,623.6199951171875,0.06765068097183717,False
2025-07-14,17.200000762939453,624.8099975585938,0.06918333121570128,False
2025-07-15,17.3799991607666,622.1400146484375,0.06415152426312375,False
2025-07-16,17.15999984741211,624.219970703125,0.06721471452217948,False
2025-07-17,16.520000457763672,628.0399780273438,0.07323431215624751,False
2025-07-18,16.40999984741211,627.5800170898438,0.0719343930557596,False
2025-07-21,16.649999618530273,628.77001953125,0.07346265957740772,False
2025-07-22,16.5,628.8599853515625,0.07306446047490371,False
2025-07-23,15.369999885559082,634.2100219726562,0.08159052776865136,False
2025-07-24,15.390000343322754,634.4199829101562,0.08133450538467335,False
2025-07-25,14.93000030517578,637.0999755859375,0.08530934558423851,False
2025-07-28,15.029999732971191,636.9400024414062,0.08439822113250534,False
2025-07-29,15.979999542236328,635.260009765625,0.08096667311854651,False
2025-07-30,15.479999542236328,634.4600219726562,0.0790791556649719,False
2025-07-31,16.719999313354492,632.0800170898438,0.07452003205705703,False
2025-08-01,20.3799991607666,621.719970703125,0.05652978304437233,False
2025-08-04,17.520000457763672,631.1699829101562,0.07216201027504211,False
2025-08-05,17.850000381469727,627.969970703125,0.0662897510628769,False
2025-08-06,16.770000457763672,632.780029296875,0.07399691817510713,False
2025-08-07,16.56999969482422,632.25,0.07264308624789932,False
2025-08-08,15.149999618530272,637.1799926757812,0.08052503018141091,False
2025-08-11,16.25,635.9199829101562,0.07791040763327757,False
2025-08-12,14.729999542236328,642.6900024414062,0.08883799419457225,False
2025-08-13,14.489999771118164,644.8900146484375,0.09194641665706366,False
2025-08-14,14.829999923706056,644.9500122070312,0.09144082621754711,False
2025-08-15,15.09000015258789,643.4400024414062,0.0882924268103381,False
2025-08-18,14.989999771118164,643.2999877929688,0.08748109687714967,False
2025-08-19,15.56999969482422,639.8099975585938,0.08105102688896428,False
2025-08-20,15.6899995803833,638.1099853515625,0.07764965672736775,False
2025-08-21,16.600000381469727,635.5499877929688,0.07272021548466732,False
2025-08-22,14.220000267028809,645.3099975585938,0.08851149271029789,False
2025-08-25,14.789999961853027,642.469970703125,0.0830572095863943,False
2025-08-26,14.619999885559082,645.1599731445312,0.08696471643997664,False
2025-08-27,14.850000381469728,646.6300048828125,0.08893148830643778,False
2025-08-28,14.43000030517578,648.9199829101562,0.09229753179354312,False
2025-08-29,15.359999656677246,645.0499877929688,0.08535529540285063,False
2025-09-02,17.170000076293945,640.27001953125,0.07693647415056733,False
2025-09-03,16.350000381469727,643.739990234375,0.08234661400472641,False
2025-09-04,15.300000190734863,649.1199951171875,0.09091598775618298,False
2025-09-05,15.18000030517578,647.239990234375,0.08726408080001183,False
2025-09-08,15.109999656677246,648.8300170898438,0.08935791465346378,False
2025-09-09,15.039999961853027,650.3300170898438,0.0913067018968712,False
2025-09-10,15.350000381469728,652.2100219726562,0.09389327982956468,False
2025-09-11,14.710000038146973,657.6300048828125,0.10236314872637811,False
2025-09-12,14.760000228881836,657.4099731445312,0.10140591715825296,False
2025-09-15,15.6899995803833,660.9099731445312,0.1066634360044599,False
2025-09-16,16.360000610351562,660.0,0.10456202464871599,False
2025-09-17,15.720000267028809,659.1799926757812,0.10264963020277804,False
2025-09-18,15.699999809265137,662.260009765625,0.10721436368771488,False
2025-09-19,15.449999809265137,663.7000122070312,0.10905494287285593,False
2025-09-22,16.100000381469727,666.8400268554688,0.11371378446658702,False
2025-09-23,16.639999389648438,663.2100219726562,0.1071029484966767,False
2025-09-24,16.18000030517578,661.0999755859375,0.10308860633267353,False
2025-09-25,16.739999771118164,658.0499877929688,0.09752894955412482,False
2025-09-26,15.289999961853027,661.8200073242188,0.10331983955609626,False
2025-09-29,16.1200008392334,663.6799926757812,0.1058767563463835,False
2025-09-30,16.280000686645508,666.1799926757812,0.10945661443452966,False
2025-10-01,16.290000915527344,668.4500122070312,0.11267202060730862,False
2025-10-02,16.6299991607666,669.219970703125,0.11335237692390836,False
2025-10-03,16.649999618530273,669.2100219726562,0.11273418310676148,False
2025-10-06,16.3700008392334,671.6099853515625,0.11612326225832247,False
2025-10-07,17.239999771118164,669.1199951171875,0.11138654564666814,False
2025-10-08,16.299999237060547,673.1099853515625,0.11720816115036888,False
2025-10-09,16.43000030517578,671.1599731445312,0.11318578991856897,False
2025-10-10,21.65999984741211,653.02001953125,0.0825434268511532,False
2025-10-13,19.030000686645508,663.0399780273438,0.09853164793596596,False
2025-10-14,20.809999465942383,662.22998046875,0.09663611131853463,False
2025-10-15,20.63999938964844,665.1699829101562,0.10092283896826072,False
2025-10-16,25.309999465942383,660.6400146484375,0.09283174850915082,False
2025-10-17,20.780000686645508,664.3900146484375,0.0983430449441362,False
2025-10-20,18.229999542236328,671.2999877929688,0.10898515501465852,False
2025-10-21,17.8700008392334,671.2899780273438,0.10817546766815798,False
2025-10-22,18.600000381469727,667.7999877929688,0.10172438189432861,False
2025-10-23,17.299999237060547,671.760009765625,0.10755955199583657,False
2025-10-24,16.3700008392334,677.25,0.11579598084410388,False
2025-10-27,15.789999961853027,685.239990234375,0.12807002776771836,False
2025-10-28,16.420000076293945,687.0599975585938,0.13007489697635566,False
2025-10-29,16.920000076293945,687.3900146484375,0.12963295887404688,False
2025-10-30,16.90999984741211,679.8300170898438,0.11631351214540382,False
2025-10-31,17.440000534057617,682.0599975585938,0.11915489540188756,False
2025-11-03,17.170000076293945,683.3400268554688,0.12041230822443644,False
2025-11-04,19.0,675.239990234375,0.10642697443899501,False
2025-11-05,18.010000228881836,677.5800170898438,0.10958374269694975,False
2025-11-06,19.5,670.3099975585938,0.09710484798525588,False
2025-11-07,19.079999923706055,670.969970703125,0.0976351219227812,False
2025-11-10,17.600000381469727,681.4400024414062,0.11409346469415353,False
2025-11-11,17.280000686645508,683.0,0.11588106261444367,False
2025-11-12,17.510000228881836,683.3800048828125,0.11578311943081654,False
2025-11-13,20.0,672.0399780273438,0.09663903935215216,False
2025-11-14,19.829999923706055,671.9299926757812,0.09586148969810068,False
2025-11-17,22.3799991607666,665.6699829101562,0.08508696655051771,False
2025-11-18,24.690000534057617,660.0800170898438,0.07542879144814214,False
2025-11-19,23.65999984741211,662.6300048828125,0.0790484535631221,False
2025-11-20,26.420000076293945,652.530029296875,0.06218351353067449,False
2025-11-21,23.43000030517578,659.030029296875,0.07230414130410104,False
2025-11-24,20.520000457763672,668.72998046875,0.08748562257752686,False
2025-11-25,18.559999465942383,675.02001953125,0.09708851024517715,False
2025-11-26,17.190000534057617,679.6799926757812,0.10399501007778351,False
2025-11-28,16.350000381469727,683.3900146484375,0.10930014951602125,False
2025-12-01,17.239999771118164,680.27001953125,0.10360384668709341,False
2025-12-02,16.59000015258789,681.530029296875,0.10500413305012792,False
2025-12-03,16.079999923706055,683.8900146484375,0.10818008796023323,False
2025-12-04,15.779999732971191,684.3900146484375,0.10834858909320681,False
2025-12-05,15.40999984741211,685.6900024414062,0.10977712491769877,False
2025-12-08,16.65999984741211,683.6300048828125,0.10569421959334901,False
2025-12-09,16.93000030517578,683.0399780273438,0.10397364840821181,False
2025-12-10,15.770000457763672,687.5700073242188,0.11045783559897514,False
2025-12-11,14.850000381469728,689.1699829101562,0.11219197920619926,False
2025-12-12,15.739999771118164,681.760009765625,0.09937575417338493,False
2025-12-15,16.5,680.72998046875,0.09694928724992045,False
2025-12-16,16.479999542236328,678.8699951171875,0.09311446673519444,False
2025-12-17,17.6200008392334,671.4000244140625,0.08026410918604944,False
2025-12-18,16.8700008392334,676.469970703125,0.08760421052879487,False
2025-12-19,14.90999984741211,680.5900268554688,0.0932801661356392,False
2025-12-22,14.079999923706056,684.8300170898438,0.09912970066958524,False
2025-12-23,14.0,687.9600219726562,0.10302573885647646,False
2025-12-24,13.470000267028809,690.3800048828125,0.10571389717697022,False
2025-12-26,13.600000381469728,690.3099975585938,0.1044392706259773,False
2025-12-29,14.199999809265137,687.8499755859375,0.09930367530176476,False
2025-12-30,14.329999923706056,687.010009765625,0.09687265538440618,False
2025-12-31,14.949999809265137,681.9199829101562,0.08774937579692517,False
2026-01-02,14.510000228881836,683.1699829101562,0.08868266462830149,False
2026-01-05,14.899999618530272,687.719970703125,0.09488139959631924,False
2026-01-06,14.75,691.8099975585938,0.10028653031446053,False
2026-01-07,15.380000114440918,689.5800170898438,0.09564553525505547,False
2026-01-08,15.449999809265137,689.510009765625,0.09453060794863284,False
2026-01-09,14.489999771118164,694.0700073242188,0.10073292359877398,False
2026-01-12,15.119999885559082,695.1599731445312,0.10135614342289438,False
2026-01-13,15.979999542236328,693.77001953125,0.09805201992280158,False
2026-01-14,16.75,690.3599853515625,0.09149135250487873,False
2026-01-15,15.84000015258789,692.239990234375,0.09331551700665557,False
2026-01-16,15.859999656677246,691.6599731445312,0.09127319529613305,False
2026-01-20,20.09000015258789,677.5800170898438,0.06810575725126632,False
2026-01-21,16.899999618530273,685.4000244140625,0.07916804909439981,False
2026-01-22,15.640000343322754,688.97998046875,0.08323815613554486,False
2026-01-23,16.09000015258789,689.22998046875,0.08205883437628943,False
2026-01-26,16.149999618530273,692.72998046875,0.0858808534546694,False
2026-01-27,16.350000381469727,695.489990234375,0.08895375637731393,False
2026-01-28,16.350000381469727,695.4199829101562,0.0873898122781382,False
2026-01-29,16.8799991607666,694.0399780273438,0.08387529094792681,False
2026-01-30,17.440000534057617,691.969970703125,0.07935434871492517,False
2026-02-02,16.34000015258789,695.4099731445312,0.08338683291779043,False
2026-02-03,18.0,689.530029296875,0.07285692900158454,False
2026-02-04,18.63999938964844,686.1900024414062,0.06633461367426857,False
2026-02-05,21.770000457763672,677.6199951171875,0.05167887752523808,False
2026-02-06,20.3700008392334,690.6199951171875,0.07049797874444984,False
2026-02-09,17.360000610351562,693.9500122070312,0.07433969591533747,False
2026-02-10,17.790000915527344,692.1199951171875,0.07030167283203569,False
2026-02-11,17.649999618530273,691.9600219726562,0.06888632325348082,False
2026-02-12,20.81999969482422,681.27001953125,0.0513142307595859,False
2026-02-13,20.600000381469727,681.75,0.05102152592059511,False
2026-02-17,20.290000915527344,682.8499755859375,0.051677147713615076,False
2026-02-18,19.6200008392334,686.2899780273438,0.05593584167567693,False
2026-02-19,20.229999542236328,684.47998046875,0.05219805242470697,False
2026-02-20,19.09000015258789,689.4299926757812,0.05878259570788321,False
2026-02-23,21.010000228881836,682.3900146484375,0.04697745622865476,False
2026-02-24,19.549999237060547,687.3499755859375,0.05356743519112248,False
2026-02-25,17.93000030517578,693.1500244140625,0.06141575790393524,False
2026-02-26,18.6299991607666,689.2999877929688,0.05451131856543034,False
2026-02-27,19.86000061035156,685.989990234375,0.04862141825149744,False
2026-03-02,21.440000534057617,686.3800048828125,0.04841997016121249,False
2026-03-03,23.56999969482422,680.3300170898438,0.03844332519461028,False
2026-03-04,21.149999618530273,685.1300048828125,0.045014902473485344,False
2026-03-05,23.75,681.3099975585938,0.038498411438119655,False
2026-03-06,29.489999771118164,672.3800048828125,0.024281487569329317,True
2026-03-09,25.5,678.27001953125,0.032582311902803696,False
2026-03-10,24.93000030517578,677.1799926757812,0.03018325772725949,False
