Date,GLD,HYG,LQD,SPY,TLT,UUP
2015-01-05,0.015077149308345472,-0.009263394376955225,0.004088930904543986,-0.018059323850534215,0.015708257653038293,0.002066160341023915
2015-01-06,0.011398960794795743,-0.0038298129225416977,0.004072560959942351,-0.009419196871453983,0.01801742949949814,0.0020617118233778875
2015-01-07,-0.005891414149803653,0.006219228124573872,0.0013246183538513367,0.012461318009302058,-0.001974448773144233,0.0037037840891185336
2015-01-08,-0.00420851895976293,0.0075302915584412045,-0.0032241071097125484,0.01774483944917571,-0.013243704500972453,0.004100036049313527
2015-01-09,0.011385196369055883,0.005019121161210505,0.002653821972440795,-0.008013642100153873,0.010953076517791649,-0.004491633157405861
2015-01-12,0.011086435260788896,-0.0012214684212519256,0.0019022488775770618,-0.0078330086381313,0.0057218736953639215,0.0
2015-01-13,-0.003373767752371082,0.0,0.0009081005757016758,-0.0028132179145091696,0.0,0.002871268018822315
2015-01-14,-0.0016080097792615655,-0.0023329882332929763,0.0017324712917521357,-0.0060370206654281056,0.007585891222105401,-0.002045033887332126
2015-01-15,0.025175902263040006,-0.006126253263099679,0.005187403149026881,-0.009160571437220488,0.015735819477256774,0.003278665821899507
2015-01-16,0.013064281211881523,0.0038104583465896624,-0.005570159957714593,0.01311410542851621,-0.012749183362766758,0.004493374748461232
2015-01-20,0.013712049879254229,-0.0017864274546833814,0.002305770075994973,0.0021326731410205024,0.01328925217974386,0.004066689284660363
2015-01-21,0.00024159749942587183,0.005368873467012314,-0.0004108736206154262,0.005048050355941358,-0.01155936798895918,-0.0028351250718398058
2015-01-22,0.008049585228834255,0.0013349928067718508,-0.0004927686296366529,0.014871203547959677,-0.0035974741998284765,0.015028480081191953
2015-01-23,-0.007985306821000182,0.0,0.00584003389454546,-0.005482993520821933,0.01391803833135774,0.008803437942737968
2015-01-26,-0.00998152990144674,0.004554720729236017,-0.00024525908558958864,0.0023417104842198277,-0.0030425876123558737,-0.0015865253121337686
2015-01-27,0.011464376669647391,-0.0007736063604090182,0.0007361423464500305,-0.013190741100967074,0.001563237360192593,-0.009535276049411956
2015-01-28,-0.00787784039319106,-0.002103935487291597,0.00678429455316909,-0.012824044390258749,0.016347895692544023,0.006016886185614245
2015-01-29,-0.021552390797103027,0.003549860714467279,-0.002355080860921288,0.00924379279056331,-0.006580292605319893,0.0007975564784872269
2015-01-30,0.022275544587827323,-0.0027626781543161893,0.008219681968698156,-0.012575283125852432,0.01773788386937114,0.0011951539278030054
2015-02-02,-0.008343449208254805,0.0038383734233784494,0.0009310389139294273,0.012384572477278422,-0.003775603743910505,-0.0019896968228994005
2015-02-03,-0.011190942147351168,0.005653802147310483,-0.008085579909066332,0.014460866126255523,-0.021166718021010555,-0.011563066862743665
2015-02-04,0.0043783458565487265,-0.0041883713786706744,0.001385397290627699,-0.0038082115680688755,0.0017095470426773396,0.006050866364628371
2015-02-05,0.0017272502164005221,0.005866463103143316,-0.00317459474130799,0.010095390906780244,-0.010979323990856216,-0.007217386615606003
2015-02-06,-0.025864204796777424,0.0007702324495733048,-0.010453488706547165,-0.0027653223305655894,-0.017701674216785257,0.01211630367949379
2015-02-09,0.004467285755423989,-0.0024191603145644613,0.0006604596583774658,-0.004475867587034776,-0.0016043773410828743,-0.0007980108674885411
2015-02-10,-0.005873936049321848,0.00341671311787084,-0.0027222267077603446,0.01065326213270179,-0.007954077672337911,0.0011980178862911472
2015-02-11,-0.011817350480741395,-0.0003285010333257121,0.000661546205359187,0.0005804418449837367,0.0018508011950655323,0.003590026284056025
2015-02-12,0.0023062837940568404,-0.00011054797653198278,0.002562040913421937,0.009616745066190369,-0.0033090006201987876,-0.009538976106824082
2015-02-13,0.005454295543013465,0.0014282526154087982,-0.0039565163510778545,0.0041166000483652265,-0.010268971776201563,-0.00040129282254808274
2015-02-17,-0.01669775525216033,-0.0006581717600971926,-0.004634830074235152,0.0015728911835619641,-0.015055326195371865,-0.0012043617693778819
2015-02-18,0.002844532329830063,0.0034041079951838693,0.003575601034891296,9.506011017323956e-05,0.005939832344631135,0.0004019380018891461
2015-02-19,-0.0034381460295276334,-0.0022982804382737365,-0.00016566463027511968,-0.0007140229709686752,-0.0066138383841591875,0.0036159886137636654
2015-02-20,-0.005692631086866906,0.0027427187150030896,0.0014918814144491144,0.006001008050717127,0.002932845135265705,-0.000800840654188617
2015-02-23,0.0013011929863573357,0.0007659845745617844,0.0033924191066272424,-0.00014208905451118525,0.011458774441118091,0.0028045484910184104
2015-02-24,-0.0014727381832787545,0.0009837492681694648,0.0065134103171988755,0.002840701902780962,0.01312590881048803,-0.0019974639924231763
2015-02-25,0.0038174111040851777,0.0032755896487386416,0.0009013264627126816,-0.0008497182611569842,0.004318696938204525,-0.0020016446389786724
2015-02-26,0.0031979494930112207,-0.0002173490376781162,-0.0054017993532908815,-0.0011815451887707829,-0.013668260470947824,0.010429336548982038
2015-02-27,0.0007754283408443197,0.0002173962885523295,0.0023870963261016787,-0.0034058748442762354,0.008408086465319542,0.00039690085599697333
2015-03-02,-0.004132260173905,-0.00018555835893063755,-0.008669328836763968,0.006313388517245944,-0.018626205906034587,0.0019840793465031314
2015-03-03,-0.0018153447779967191,-0.002842974963088163,-0.0005811519090644923,-0.004104179405311159,-0.0036258155134937242,-0.0003960481985232356
2015-03-04,-0.0031176981600916642,-0.0018640839464967307,-0.0006650393778468988,-0.0042156111929307905,0.0003162438851280758,0.005150666492987677
2015-03-05,-0.0009556129768769628,0.0018675652448887359,0.0013308705897940865,0.0010940573831914602,-0.001265310464828695,0.004729918231216823
2015-03-06,-0.02730434251868208,-0.0063589777299711825,-0.010628993222447813,-0.01406458678874356,-0.022092054587564358,0.012161626917325696
2015-03-09,0.000983377523255502,-0.0020964799559856084,0.00402882291969342,0.004144861479063344,0.009231341819974759,0.0
2015-03-10,-0.004912057209624399,-0.003871286656000783,0.001587895707512832,-0.016222196498811958,0.013157661492665618,0.010465254680134928
2015-03-11,-0.006013266738071565,0.0027754824295385117,0.005091436718754894,-0.002341686706570645,0.007285102555979028,0.011123786543385084
2015-03-12,-0.0002708693390236494,0.0019928528551704794,-0.0009967098139388453,0.012714126057903785,-0.0007079413290174141,-0.005311019165158859
2015-03-13,0.001445050857576513,-0.003424878905551876,-0.0028262379050748576,-0.006132323743846535,-0.003067455262182328,0.010297356904913402
2015-03-16,-0.0006313103946443688,-0.000997785983709809,0.001000625519570919,0.01336055137663772,0.009627299512463328,-0.007549924291317067
2015-03-17,-0.005414660114975933,-0.004993531297920684,0.0016659175161970463,-0.002972366741717858,0.008284681952881234,0.0003802941456674258
2015-03-18,0.019598980855210835,0.008922128401265272,0.01230338701857292,0.012021398072621148,0.01930262660520743,-0.019771858166618195
2015-03-19,-0.0007119500676271429,-0.007959421988293691,-0.005091646034385722,-0.004561601182948571,-0.005095578610347706,0.015127980200852154
2015-03-20,0.011399045051747603,0.007800424357794267,0.002806085183716389,0.008827108685237839,0.005274783832593499,-0.013374121275554929
2015-03-23,0.006339713151693793,0.0007739288523656018,0.002305149938664819,-0.0019485523252686932,-0.001217253964554188,-0.010844188929193366
2015-03-24,0.002449897428068226,0.0015469645321579684,0.0014779671201390343,-0.005618866729977801,0.009669331880333143,0.003132319793947458
2015-03-25,0.001396558108890389,-0.0026474530399029916,-0.003279912893935588,-0.014654041808204399,-0.008445179937684122,-0.0027322996044046866
2015-03-26,0.00653708688272836,-0.00011064138162575343,-0.00617055869620009,-0.0023811922364752602,-0.015589260560629592,0.003522492021692747
2015-03-27,-0.0036370435238182175,0.0007741951184641049,0.003973235171599088,0.0022894705800349247,0.0124373103838753,0.0007800481492734601
2015-03-30,-0.01138534318086215,0.002763060705264442,0.0017317407302366306,0.012200093081478292,-0.004959311024915314,0.007794223529909994
2015-03-31,-0.0007911765968406925,-0.0012121391243195,0.0018104964455152306,-0.008739946106763319,0.002146756573511821,0.0015467357157601391
2015-04-01,0.017068403567705115,0.002062568263202058,0.0028754232224657006,-0.0035360262273569365,0.013134107488989022,0.0003861969456326886
2015-04-02,-0.0027681634865752702,0.000773915452632945,-0.001643168855551047,0.0035977099645079225,-0.010594861296552294,-0.007719106610714843
2015-04-06,0.012231121417765056,0.0025423145336833652,0.0013173801255457196,0.006732719965196754,-0.005584047784456092,-0.007779065931309059
2015-04-07,-0.004970450072155241,0.005292780180838896,0.00361547682704777,-0.0026462687495890647,0.008384589663911868,0.011368159183942739
2015-04-08,-0.00551200918339656,-0.00021935578314402626,-0.0003272457318532762,0.0033770111734290342,0.00030486688265396467,0.0015503327166750402
2015-04-09,-0.006928232816320268,-0.0009875428586617607,-0.0050787819430294645,0.004423495203293992,-0.012963932723444982,0.010449055168049615
2015-04-10,0.011336906536289382,0.0023066196428629393,0.0013996645264604535,0.005457205134381082,0.0014676257458030584,0.00229784487194884
2015-04-13,-0.007157039081814864,-0.0018628556688042863,-0.00032893205377082513,-0.004522813405127057,0.0013890098835505071,0.0015284136716728902
2015-04-14,-0.006079528851422933,0.00043859787516686843,0.002302913842711085,0.0019131285077202964,0.007087499113973328,-0.007630580161728573
2015-04-15,0.008650802539753588,0.0039505315085808235,0.0006562930672238121,0.004486790058574108,-0.0008416833035537197,-0.00461362240065144
2015-04-16,-0.0034653168571547877,-0.0020766632286245423,-0.0005742812834865774,-0.0002851375847686688,-0.0049766541602813685,-0.007724981555744526
2015-04-17,0.004955226470251928,-0.0030667222335487576,0.0027077798675052556,-0.011503538772332678,0.011465127919972673,-0.0023355897666329506
2015-04-20,-0.007612433088526105,0.002197082396078409,-0.002372730277131696,0.00913706989758789,-0.008825238534682978,0.005852554710193525
2015-04-21,0.005753103431764384,0.0006575597085221041,-0.0002464564428394933,-0.0011913420924526408,-0.004526912819742379,0.0011637180348398335
2015-04-22,-0.013433831333510171,-0.0009858788412632213,-0.0064805102217415644,0.004914054370532828,-0.015266575251190018,0.0
2015-04-23,0.007291591124513719,-0.00032855034178469467,0.0025598016329315687,0.0025160765543572605,0.00430646024697956,-0.007361470418730143
2015-04-24,-0.01404151891618688,0.0016455437257076877,0.0018941176351301436,0.002320819503987881,0.006236929087733101,-0.003903196033050338
2015-04-27,0.02016805588455428,0.000328643019108954,-0.0007396912433068614,-0.004157679465031094,0.0,-0.0031348641084719686
2015-04-28,0.008670770693864016,-0.001533063662375378,-0.00592338344369403,0.0031784491037794016,-0.013791629728008514,-0.006289175531690505
2015-04-29,-0.007048909841977813,-0.001863556591940263,-0.008274965397872647,-0.00411444161546104,-0.0122547997932132,-0.008702719491463506
2015-04-30,-0.017660816187341055,-0.0005493227888216934,0.0008338875306217464,-0.010020567474120834,0.0017490285041497078,-0.005985582597586858
2015-05-01,-0.0034370263986326366,0.0022300907907510936,-0.005517790703924219,0.01084118008201318,-0.013460627631457278,0.004817263765217961
2015-05-04,0.009020132884241638,-0.00022080167971383347,-0.0031942835245418744,0.0028476261468699526,-0.009435878760259642,0.002796887429705075
2015-05-05,0.0028045547686559313,-0.0013220248697718429,-0.0016864604878668032,-0.011451909367696245,-0.0013837710964195171,-0.002789086668262164
2015-05-06,-0.0005243625201353241,-0.0029780613864450745,-0.004308889420478024,-0.004116700313928967,-0.017120726744242143,-0.011186363901306784
2015-05-07,-0.00821967852736405,-0.00011105245611386927,0.0039874736489327045,0.003989731394765883,0.01343739430144164,0.005252361888536727
2015-05-08,0.004849259924502469,0.007856646345504759,0.005747068975957781,0.013166161599927673,0.002700721014164298,0.0012058140056672162
2015-05-11,-0.0038606864674344266,-0.006257552334423155,-0.01008341479993724,-0.004772924826975777,-0.02432427578316665,0.003211631385007685
2015-05-12,0.00854400802548061,-0.00011119404867165894,-0.0014429665824059468,-0.002991429058424533,0.0025930319566995763,-0.005602362201487132
2015-05-13,0.01790395678391099,-0.0014364977493689368,-0.0009356641256108578,0.00019061558087574149,-0.008011045742056244,-0.00885303585618713
2015-05-14,0.005405381698172951,0.004868980870842865,0.003403909405716554,0.010427707183973123,0.002692144261292384,-0.003247956516427175
2015-05-15,0.002986844796122101,0.002202278904704258,0.0069533769779905885,0.001083873332298868,0.02005091567653894,-0.0016293630566850403
2015-05-18,-8.510283616403047e-05,-0.001647967342230161,-0.0076633815367723734,0.0031067501097032935,-0.01677789013154518,0.009791946976418053
2015-05-19,-0.013869956602948319,-0.0015406717775913181,-0.00534654969528392,-0.00032847806711655547,-0.008866609198620035,0.011717055651586428
2015-05-20,0.0016395067944336983,-0.0012126425174173727,0.00119534450784764,-0.0007042727718450381,0.001688181324992044,0.0019967572640149367
2015-05-21,-0.003359746584222556,0.0014349039694974142,0.004771294395502945,0.00291256890542102,0.013985301581617149,-0.0015942953346568256
2015-05-22,-0.0007779753253159827,0.0007711291759640027,-0.0006781333423701019,-0.002388517246297406,0.0004157150542416499,0.009181836733745286
2015-05-26,-0.014619332476808355,-0.002091977371828091,0.004413036497608713,-0.010751927876657241,0.017109651333018894,0.011075917499736576
2015-05-27,-0.00017561471177085508,0.0022066701034586522,0.001014078173893429,0.009492201065662398,0.0022869179444136023,0.0003911554386863969
2015-05-28,0.0011414281685366845,-0.0004403322756805217,-0.002110137932437861,-0.0011285501984923396,-0.002444211734176527,-0.0027375532137075
2015-05-29,0.0007016473724792416,0.0014321419183584982,0.0004230521803378906,-0.006212830207966924,0.0022049117711990807,-0.0015685719038768253
2015-06-01,-0.0008764108278561666,0.001679310904645348,-0.005604557330188942,0.0020365126625458974,-0.010748097768937037,0.005891542634858693
2015-06-02,0.004035079688356591,-0.0018754601383533798,-0.0051161763988533115,-0.0009926473520791568,-0.013951676189048356,-0.015228488846821597
2015-06-03,-0.007164072177032299,-0.005414373943474438,-0.006427392405565557,0.0026496319545787905,-0.01607534860100901,-0.00674073792426666
2015-06-04,-0.007039801619628361,-0.0032223051353368337,0.005175080809333821,-0.008446548199865234,0.013019650213557332,0.0011977220222170182
2015-06-05,-0.005317250031845466,-0.003009947709304517,-0.005063048608762388,-0.0017134422371891667,-0.012180202360185133,0.008771846775208036
2015-06-08,0.002940144666210953,0.0,-0.0006896571586010314,-0.006149265347257571,-0.001105534293155519,-0.011462429155650544
2015-06-09,0.002220840372015198,-0.0016771404512594401,-0.004488939329575614,-0.00014377026883627408,-0.007916392968559172,-0.0011994549641587415
2015-06-10,0.008509121495031247,0.0013441487212582093,-0.0026871930504114294,0.01199290373222861,-0.008752428356709308,-0.00560451358984182
2015-06-11,-0.004570193783136389,0.002013061378341563,0.008867044263426438,0.003223651052643106,0.02103502788731393,0.0028180046405759107
2015-06-12,-0.0002648664906503839,-0.0036831980232701067,-0.0017233719893979815,-0.007655145896585891,0.0,-0.0008029078462519212
2015-06-15,0.004415790737229308,-0.004705188155845974,-0.00017302861466717,-0.004285443014866774,0.0016105846972185311,-0.0008035530252807899
2015-06-16,-0.003605061549348698,0.00562771296617437,0.002504208272948505,0.005451812526563238,0.007872626935286453,0.0020104981050366177
2015-06-17,0.004677010066397758,-0.0008952431834331476,-8.616935796545988e-05,0.0016171045426895958,-0.007726949411987261,-0.008828258857325078
2015-06-18,0.012911736850284239,0.0036968141217357253,-0.0018087538741209386,0.010399656666387092,-0.004908848509878383,-0.0032388443170479064
2015-06-19,-0.0017342780850801987,0.0005582117476161663,0.005349377111207643,-0.004439484193265564,0.01284376881914251,0.0024370032029079614
2015-06-22,-0.01285617895780966,0.002008047628885734,-0.007894923611209914,0.005122930058639064,-0.02040685331291503,0.0020259759722949244
2015-06-23,-0.006599788842205134,-0.0006681085202793202,-0.0022500950296874267,0.0007082529430491036,-0.006000578553400082,0.011726717570642364
2015-06-24,-0.0026574812063053788,-0.00267414517366793,0.002774910164744071,-0.00726278395296831,0.008624421227885204,-0.0019985357515789337
2015-06-25,-0.0013322133525454083,-0.003016110398991856,-0.001642574483617265,-0.003040248561870018,-0.0035057519615130373,-0.0016018657314845752
2015-06-26,0.001067192410014739,-0.002912437461681905,-0.004590273597540939,-0.00019093205811016034,-0.011240671399528446,0.0028078313758923557
2015-06-29,0.0045309359212182265,-0.006855228194932228,0.008700268221231156,-0.020970257544757342,0.026468712181703102,-0.005599847740982877
2015-06-30,-0.006190828249150737,0.004752423417400342,-0.0018980931709157156,0.0020931292326460404,-0.006932922992050616,0.006838074674574646
2015-07-01,-0.0034706717105629226,0.0001696714401560051,-0.0032060215843072726,0.008015829647369577,-0.013498053226710383,0.007990494486815214
2015-07-02,-0.0019646473844252554,0.0037320620649230474,0.00382567363958608,-0.0009157247329165674,0.0032865678373579232,-0.002377991946065805
2015-07-06,0.002684282539629823,-0.0032673857193091793,0.003984019321537247,-0.0028461123384015963,0.018534547577712335,0.0019863533227106878
2015-07-07,-0.011600887477117294,0.0007909513938990642,0.004140449373657207,0.00628864393509776,0.009394962019850128,0.0031720640369650166
2015-07-08,0.002979362543296782,-0.004969901232100393,0.0013749992133871292,-0.016777243099781347,0.008636429264148981,-0.003952474646379489
2015-07-09,0.0024305003273175085,0.0022705035710886,-0.00660599688053054,0.0018092238553719664,-0.01970241867167355,0.0031746719165930415
2015-07-10,0.0011673603870820948,0.005776649037170234,-0.006390845704917658,0.012591270025461121,-0.015857955638526988,-0.007120226227355753
2015-07-13,-0.00448470723455352,0.0009010156675726133,-0.002173084276736348,0.011037270054674364,-0.0031021971374960433,0.00996010119740065
2015-07-14,-0.002252455219495131,-0.0010128156243963682,0.0008710494018424608,0.004338063693739791,0.0032846673991098196,-0.0015780334430328669
2015-07-15,-0.005237440968471563,0.0,0.0026107774135732953,-0.00033228918568961596,0.01059709059144942,0.004346112534537205
2015-07-16,-0.0036310957932229604,0.0015763276418756522,0.0015623488663263352,0.008024482641848296,0.006905496932650301,0.005507594138813188
2015-07-17,-0.010112979124889843,-0.0026980338383125746,0.0006937216173641403,0.0008479008156392354,0.005164687189162853,0.0023473792585608777
2015-07-20,-0.027151445340146352,-0.004623060398820877,-0.0023384858265823594,0.0005171928387863733,-0.004211615529049584,0.00039023939881577263
2015-07-21,-0.003121988752958438,-0.0018124164642479013,0.0020832480247345853,-0.003950615927023837,0.005413775542765231,-0.007022905305826943
2015-07-22,-0.005409506310776968,-0.006468749386870143,0.0012996356847250201,-0.0017947768106801876,0.006225748562612932,0.002357435399514829
2015-07-23,-0.004484744341763047,-0.0005708376772923796,0.00294177407528462,-0.005630043202528134,0.012457655125590383,-0.003919937614655589
2015-07-24,0.009776637833459612,-0.0028570535438972033,-0.00043169972311474236,-0.010371935775639662,0.002477664288028869,0.0015742174804811437
2015-07-27,-0.00465114258060384,-0.004241043939274158,8.687530596729331e-05,-0.00581727316943792,0.005354625222617537,-0.007858626362816645
2015-07-28,0.0015258061394580746,0.005409819919607983,-0.0007767337684191356,0.012282864370927404,-0.007292253851935326,0.0007920963970464712
2015-07-29,0.0014283139466164663,0.005838813551354516,-0.0008636018927545841,0.006879273656975826,-0.0037152873749604076,0.005540195988080976
2015-07-30,-0.008557588110186587,0.0029592653261394375,0.000518225278917761,0.00023705004770024907,0.007705265454146959,0.00393536399601091
2015-07-31,0.006329756242044127,-0.001701818420381418,0.005183595667648477,-0.0015177305529516794,0.007399824950739431,-0.0031359142915726723
2015-08-03,-0.007910052688847147,-0.0018736944462379723,0.0023266080361314945,-0.0033731687007546585,0.010526649102617691,0.002359379280072904
2015-08-04,0.0020172823011603835,0.0005727164967963549,-0.005073138830020474,-0.0019543355489720637,-0.00793235895307054,0.005100060209355162
2015-08-05,-0.0036429610038530846,-0.0013730871083171836,-0.003889011376348228,0.0032955717193563494,-0.007505918312207149,-0.00039032851491493936
2015-08-06,0.004426047177157111,-0.004120845390281014,0.0019089820775581856,-0.008187795741247839,0.008878312132377664,-0.001952315502886437
2015-08-07,0.002490680503407061,-0.0031046788312321105,0.0034636446696780787,-0.0019201798850030372,0.013118415136714745,-0.0015649790558995846
2015-08-10,0.010224554985406531,0.0028828226415866798,-0.0039697434924688135,0.012599724814727375,-0.012386052409032122,-0.0047023856280079546
2015-08-11,0.005107840610028225,-0.004599257383219868,0.0041595135123058125,-0.009023306111271112,0.015879600519493442,0.0
2015-08-12,0.014022189288677822,-0.001386665117383834,-0.0015536070345386621,0.0011978783390214076,-0.005450676280334132,-0.01062970400694585
2015-08-13,-0.00825985512434746,-0.001271533052120355,-0.0034570351598026683,-0.001244502167240702,-0.003224012160006673,0.0015917574583195204
2015-08-14,-9.360037594363657e-05,0.0005783231013132273,0.0009542825432613533,0.0036424497488909413,0.0023448637126950445,0.002780967219274011
2015-08-17,0.0026204846354274114,0.0,0.003205779416027399,0.00558675726188218,0.004517408586339533,0.001584910917169502
2015-08-18,-0.00018665773900006233,-0.0012734278699741974,-0.003800444683472959,-0.002896529114690183,-0.007869421208823946,0.0023733786375692567
2015-08-19,0.013444145581183786,-0.0009272393750509034,0.0048549548304896994,-0.007905462371529226,0.009874842971822728,-0.006314264399009617
2015-08-20,0.017411325071518213,-0.004872719727545216,0.0006039014612315707,-0.02088115086474429,0.01009940152756017,-0.0055599078758863385
2015-08-21,0.006247689213677798,-0.0036142520427366875,0.000258685970689676,-0.030102711951355277,0.0030157384992799408,-0.009584690172095511
2015-08-24,-0.005399068558895714,-0.008191224014478582,-0.0027579992328238268,-0.042106820169705794,-0.0003171126905686661,-0.01653215694404908
2015-08-25,-0.01239478089494117,0.0020057832743518578,-0.0050996356501169515,-0.01176766720271516,-0.016064136580851485,0.006970126811019384
2015-08-26,-0.013649738394807875,0.008359659958272259,-0.0006086317247315787,0.03839339770964134,-0.019304179950078493,0.012214968270105375
2015-08-27,0.0005573064828525709,0.007473582450654881,0.0009565089558947193,0.024735438100574658,0.0005740353073602211,0.006435997059267784
2015-08-28,0.009003931691107248,0.0009270535049432649,0.001823338930544871,5.0017826866533e-05,0.0029508347706683757,0.0031975111974487103
2015-08-31,0.001103981140304633,-0.0013899540437004587,-0.0025141610444633367,-0.00807894067174797,-0.007682088864322978,-0.0015938417781387049
2015-09-01,0.0034919799162251852,-0.0032257297495356108,0.006058621175549561,-0.029847922035813212,0.0072056636443895705,-0.005985582597586858
2015-09-02,-0.005311302361437398,0.004089224622507048,-0.0014733628783493158,0.018980982084009,-0.008604965823950095,0.005218809344490927
2015-09-03,-0.00718105679403469,0.0013968597489875112,0.004772156845999076,0.0007166977497259364,0.004877308190945895,0.004792345086047645
2015-09-04,-0.0032455349221680585,-0.001046125101751949,0.002245531235611109,-0.015136771441939256,0.00913010006923698,-0.0011923039542948155
2015-09-08,0.000279084378947525,0.0054678325188284305,-0.004652995353279787,0.02513086514023377,-0.014753775287183357,-0.00358145428121881
2015-09-09,-0.012927822107945297,-0.0012723821743516606,0.0021640489523060413,-0.013371693772226023,0.004798852060144965,0.0
2015-09-10,0.0023556016816155267,0.002432314800218327,-0.0019860921128495024,0.0054417286979566715,-0.006752120454861288,-0.003993605708324077
2015-09-11,-0.002067997715628156,-0.00034700614377236594,0.0006918405977869302,0.004544608476079848,0.006300679497966755,-0.004410498006908625
2015-09-14,0.0005651616100608159,-0.001734317534481833,-8.608624811312637e-05,-0.003710873981618179,0.0015644677073276547,0.0004026553738032401
2015-09-15,-0.0030126124190049675,-0.00023068290355976462,-0.007525845755668503,0.01249934691629484,-0.019163884583933366,0.004025760307008852
2015-09-16,0.013314409937664529,-0.0035912962237892865,0.00183042809494105,0.008667247438839842,-0.0037734865304360765,-0.0028067970628049554
2015-09-17,0.010250732723341871,0.0008138330611218159,0.008264546905213166,-0.002248412154666646,0.012205268006345804,-0.01045431473549141
2015-09-18,0.007379350570420495,-0.0027878269838358394,0.0030196396540496107,-0.01634110373488351,0.015384525405687244,0.010158599922478473
2015-09-21,-0.0062265388780913256,-0.0018635392182148047,-0.0050750093308410404,0.005167380998042148,-0.01629767090862566,0.006033643922525256
2015-09-22,-0.00681837162160448,-0.007235770643083228,0.004322381233738515,-0.01297997453533084,0.013903712547532088,0.004398153684697537
2015-09-23,0.003989241131120869,-0.0017628412421606399,-0.0006016075546633193,-0.0015984705330460702,-8.20238600712786e-05,0.0
2015-09-24,0.020975758801157207,-0.004946012084156348,0.00017166544856439536,-0.003616012135857938,0.006815904860588695,-0.0031846010659569712
2015-09-25,-0.006154405994415857,-0.005088384118424272,-0.0030142738224996357,-0.0002591768663229299,-0.008646603633081673,0.0015974787554473568
2015-09-28,-0.012658222571280353,-0.015345135372822782,0.001727840441570594,-0.025096952851199616,0.01711386972429496,-0.0011962892002969072
2015-09-29,-0.004058244045771819,-0.0001207199794557301,0.0012933120607558912,0.0005847679821466834,0.0028320639973244965,-0.0015967500271836244
2015-09-30,-0.010372316278596583,0.00628321059462289,-0.00017163598459613016,0.018658680988423715,-0.0034686648131712072,0.0035987300511532982
2015-10-01,-0.001216519302596475,-0.006418766040787505,-0.0002250851507200613,0.002609133806809716,0.004266437367625331,-0.00039859688801524573
2015-10-02,0.021174875253005654,0.0009719506856955551,0.0044070718129090025,0.014937673522284589,0.006057198872703173,-0.0023914430019853494
2015-10-05,-0.002018545050144094,0.012008423204196816,-0.0026667741971209136,0.017795103601515816,-0.013567119067289468,0.0003996205019092258
2015-10-06,0.010021182319808863,0.00551410455743806,0.001982958684833225,-0.0034264487032803492,0.004313429223004928,-0.006789193530356896
2015-10-07,-0.0014564323795780432,0.010251329893671945,0.003530491933964486,0.008190620070347432,-0.003322666893947779,0.0012062988630219262
2015-10-08,-0.005104809244962594,0.004129505726350624,-0.003946220475436135,0.009026764371387719,-0.008374470320541394,-0.0024095992256712995
2015-10-09,0.015851231139897504,0.00011741567167322664,0.00042984532864931424,0.0005962262291343556,0.0026236314819432227,-0.004831022665731877
2015-10-12,0.00396856499604703,-0.0018802303518941077,0.004046065758727568,0.0009435074465378168,0.0076054910329304,-0.000808986763243813
2015-10-13,0.00494118285707712,-0.0023536371358851005,-0.0007708574924027989,-0.006301843431137044,0.0017042649552470035,-0.0016194683762287276
2015-10-14,0.017432477539802038,-0.0007082678461332037,0.003947614517122888,-0.0047942186067555514,0.008750773872355122,-0.0085156300270951
2015-10-15,-0.004568989141737645,0.0023614125277253706,-0.00042826814250218614,0.015354715226721272,-0.0048996876134602685,0.0065438282978342865
2015-10-16,-0.0070615504042084165,0.004594149580507079,0.00034227207883064104,0.004546482554121711,0.0003228245141704278,0.0016252980578992382
2015-10-19,-0.004178160099818973,0.0026971261456576467,-8.53976667438694e-05,0.0004918200190671129,-0.002743204898520424,0.0028397257806143106
2015-10-20,0.006338214025568112,0.0009359901170662432,-0.0018806021726909261,-0.0012784606394500297,-0.006149293761631758,-0.000808986763243813
2015-10-21,-0.008870752862782494,-0.0010524030895292524,0.004967344085169412,-0.006203513548045492,0.00993243999727067,0.0012146012821716567
2015-10-22,-0.0003580140904458906,0.00035137836539256284,0.0021301676162572836,0.01689413108950344,0.0016928061519256854,0.014557164493761432
2015-10-23,-0.0017011588974217284,0.0035074869874063275,-0.003656171307261369,0.01096136127449876,-0.008530929520722652,0.008369868509764178
2015-10-26,-0.0006277999535804213,-0.0010483742283102782,0.001792626677042275,-0.0024574249809325988,0.006655793841458646,-0.0031620338630643507
2015-10-27,0.0022435609738429285,-0.00326573955319176,0.00025480095433172423,-0.0019326201702589696,0.002500006151186396,0.0007930386416226121
2015-10-28,-0.008058752895948817,0.0026919122593278555,-0.003917480516160032,0.011374865665900735,-0.0040215975257648084,0.00832021695396068
2015-10-29,-0.009568492239339532,-0.0025679226941227595,-0.007012468586720666,-0.0005742275349012171,-0.01590894436095658,-0.004322204129432294
2015-10-30,-0.0038279088978543374,0.0011696971132921785,0.0025836828211196483,-0.004309659252727416,0.007549486169848185,-0.0035517737244429304
2015-11-02,-0.00649594413580179,0.0030995634329984423,-0.004298443398504492,0.01183058775113155,-0.0045947829418010455,-0.0007920963970464712
2015-11-03,-0.014826347133739204,0.001053432479432681,8.666082093711225e-05,0.002899392879733398,-0.00820072505278846,0.0027744445952671004
2015-11-04,-0.009441036684777915,-0.00292331152555958,-0.0011248795704046355,-0.0030333665152623146,0.0011576030140809657,0.008300395292586193
2015-11-05,-0.0031141061362016664,-0.003869652374297483,0.00025968258293818103,-0.000997882338112821,-0.002642519136198729,0.0007841128234622463
2015-11-06,-0.014577820185771806,-0.00482555135805518,-0.006492943939083062,-0.0005238519868395741,-0.014656444746315112,0.011750956769593035
2015-11-09,0.0028818737382825255,-0.0041403099820623845,-0.0016565048579335606,-0.009331475805317124,-0.0056298074114254915,-0.0019358637836400794
2015-11-10,-0.0021072913552456773,-0.002256441727648384,0.002531833962029939,0.0023069507353039587,0.0029576985549109036,0.002715342081292871
2015-11-11,-0.0033595553186392957,-0.0023816079338622176,-8.702813626337846e-05,-0.003931589027390547,-0.002106521648033377,-0.002707988964900765
2015-11-12,0.00019259022164841433,-0.006682776077943653,-0.0003479517659746856,-0.013960077672836135,0.004812668690220789,-0.004266966127745908
2015-11-13,-0.0027924980239610875,-0.0028828147360184797,0.002961486624807552,-0.011228176251399602,0.005714585446920495,0.0035061145766579482
2015-11-16,0.001448450457852024,0.00469901648993698,0.00017352255454938792,0.015206868227614967,-0.0009197966338632124,0.005434723360278948
2015-11-17,-0.013209938855231806,0.000719446598622886,0.0010418121567425942,-0.0007294311285065413,0.0016733878617500864,0.0015444351717606164
2015-11-18,0.0008794603332600293,0.0019168271504852452,0.00026049129400407267,0.015865991448139383,0.002087265864758603,0.0
2015-11-19,0.011031897393842582,-0.00897005869778389,0.002948294193061196,-0.0008622928498251969,0.006665913475215168,-0.00693906503144448
2015-11-20,-0.004538443721352925,-0.00024126954353320684,-0.00017237793896318632,0.003644156705443491,-0.0030627360643786794,0.006987552109945838
2015-11-23,-0.008051161423458963,-0.0008450874230853112,0.0003459539471344364,-0.0011466535736227579,0.00307214523438315,0.001542053569990376
2015-11-24,0.0066497192545516,0.001328946078227089,0.0003452651859532363,0.001339500891943679,-8.341690424662485e-05,-0.0019245991275326224
2015-11-25,-0.004662942933256753,0.0010860510009549351,0.0009507634980776558,-0.00014347777282941454,0.0023180576370682715,0.0019283103519536215
2015-11-27,-0.011809477798990442,0.0015663724763421705,0.0003455760206618752,0.001146425242385618,-0.0009912275606522858,0.0015396793020261423
2015-11-30,0.006617265866126543,-0.0006008336027641947,0.0004311579161084822,-0.004151054319788128,0.0039680052622592665,0.0023058807549292126
2015-12-01,0.003532188155604299,0.007113020953675386,0.007518678849492755,0.009535331834786387,0.013507626401152883,-0.004601151802466452
2015-12-02,-0.015545525585325515,-0.0020418341340346924,-0.0024044712850153083,-0.01020502013894653,0.00032553406592783496,0.0023112101298883303
2015-12-03,0.010626672647533919,-0.0026479948632045502,-0.013256608126685165,-0.014002901566461001,-0.02718305769070828,-0.023827990193140636
2015-12-04,0.022209065049059173,-0.002293019889432646,0.005408986287270601,0.019503052957828615,0.008784407708092523,0.007086768964590151
2015-12-07,-0.012978259158702654,-0.007016853380934607,0.0017358637365003649,-0.006058590371265771,0.009702571233873192,0.003127421890989357
2015-12-08,0.0016557725915762322,-0.012426864441697605,-0.0013000682396049346,-0.006719428326925847,0.0004932983793026757,-0.0031176716165268736
2015-12-09,-0.00194473896697811,0.005181619213264987,-0.00025951711408622735,-0.007779735620967787,-0.0010671775593885657,-0.01055517160833952
2015-12-10,-0.0008768154562138752,-0.004173086680615556,-0.002342999082485142,0.002581120683067928,0.0013142762445526035,0.0055315307627350485
2015-12-11,0.005460726883753653,-0.019965715479140722,0.001739542741426181,-0.019381210200269283,0.01575909307450951,-0.003929268325722934
2015-12-14,-0.012801859053540698,-0.008677282995106173,-0.007378675187099892,0.005052723958757888,-0.012928258061707276,0.0019721590264305533
2015-12-15,-0.002652561843328849,0.016364824450567195,8.735192867415087e-05,0.010497597412704396,-0.005894320418723509,0.005512021304891368
2015-12-16,0.012115872710852793,0.007613069312345511,-0.00017487993268083812,0.014631842561324548,-0.0021411922556127116,0.0
2015-12-17,-0.021897810218978075,-0.011148057049527815,0.0011373968070984564,-0.01523784598612965,0.011305540014652893,0.009396959381842596
2015-12-18,0.0153233921943019,-0.0037578297764281343,0.0,-0.017815068690481772,0.005549122648544236,-0.0058185016111826915
2015-12-21,0.010878092908588544,-0.0031441390221730314,0.0006984649159487155,0.00824904336386445,-0.00024335807514852537,-0.0035114081122453733
2015-12-22,-0.005235103320787249,0.012109483434194379,-0.0013093284374312564,0.009074302938312462,-0.007224504173895863,-0.0015662045945934455
2015-12-23,-0.0029237213719258692,0.00635591530238111,0.0008740937732389931,0.012383082474515694,-0.007521520875319432,0.0015686614393470855
2015-12-24,0.007232973422174549,0.002041787967204556,0.0032575988344383244,-0.0016505340313548444,0.00572905059838158,-0.0023493962871296015
2015-12-28,-0.0075692031595538944,-0.005963720361326752,-0.0012218354732677073,-0.0022846027482290587,0.0029553069552996636,-0.0011772404598316966
2015-12-29,-0.000684459735229348,0.0057492675787860215,-0.00515717251577863,0.010671846248138994,-0.016614073053384915,0.0027504609145949654
2015-12-30,-0.007632082217105096,0.0007457524860388087,0.0,-0.007087778500045383,-0.0009987375735016624,0.0
2015-12-31,0.0003944085609299819,0.0006208070965032508,0.0016699152150438934,-0.010003611791974842,0.004499064799718067,0.005094064710967183
2016-01-04,0.014094227459880093,-0.005956816319834024,-0.0005266840996807076,-0.0139794073621744,0.00721516178898729,0.001559398909978471
2016-01-05,0.0028185529910356166,0.0018726653146914352,0.0005269616419987244,0.0016914982076046137,-0.004034900902514238,0.005838796670024848
2016-01-06,0.014440762350867997,0.0,0.003947068630746786,-0.012614114446077962,0.013475916025897261,-0.0027088604955399775
2016-01-07,0.014139709399294764,-0.006479788339620152,0.0007855857126721766,-0.02399176554540683,0.0017942283935756809,-0.010089380576761786
2016-01-08,-0.004427708091822691,-0.002633782830074205,0.0007864928940872762,-0.010976545747003685,0.004478483667183397,0.0019601478080863988
2016-01-11,-0.008894799760520211,-0.0015093233156442398,-0.0032280059973154307,0.0009901210824208029,-0.01094396602223724,0.004694847842410255
2016-01-12,-0.005060137388834152,0.0010078743334231977,0.0022758008671854846,0.00806818631385342,0.014425468014882536,0.0015575771429221508
2016-01-13,0.004893984653210337,-0.011071986204099882,0.0030561198984335736,-0.02494069629314899,0.009857100943256203,-0.0015551548692441797
2016-01-14,-0.016233809757639994,0.004453023855413463,-0.004962281701817672,0.016416857666710305,-0.009360948641249034,0.002725648865264274
2016-01-15,0.010289314914859515,-0.013172801729678496,-0.0014872422426807086,-0.02146605545593616,0.015587280305192852,-0.0023299705787792613
2016-01-19,-0.000960784707550344,-0.003465985619070633,-0.004467894369051817,0.0013311086670284578,-0.003101484837171875,0.0019463248055275884
2016-01-20,0.013367949074563512,-0.006697195728952443,0.0014958539977369956,-0.0128151444830793,0.01052959499548356,0.00038833139551996965
2016-01-21,0.001138797703897687,0.006742350570395628,-0.0028999998561983764,0.005602162177300141,-0.00678851008287773,-0.001164896623182976
2016-01-22,-0.004644969889963546,0.01532723738477948,0.0006169726611982007,0.02051517799615321,-0.0038150757424352255,0.005443175196775618
2016-01-25,0.010285731724330338,-0.00989497641836623,-0.001056383838807018,-0.015115971775357728,0.0054256173710067745,-0.0030935597205616894
2016-01-26,0.011406476843766722,0.008969062818174445,0.0028210285904244348,0.013642748034023988,0.0004760673500563417,-0.0019395300580663521
2016-01-27,0.0037282274439893737,-0.0015238310217186024,-0.002725711176864154,-0.010883137022341782,-0.00023824105634095982,-0.000777319658068043
2016-01-28,-0.010678814187088714,0.005086882649984359,0.0011463752603004806,0.005208861609158344,0.0014278626288388718,-0.004667457319615487
2016-01-29,0.0038482826092700595,0.0032897848885853342,0.005195004571988404,0.02437727969296355,0.008476815423012818,0.010551047735153363
2016-02-01,0.01028523735300313,-0.005943623128942144,-0.0031888215295008404,-0.00036129881191682145,-0.0030618155673135528,-0.006573825442323655
2016-02-02,0.00037013683482878257,-0.007140214086494567,0.0018511473143933976,-0.018021874635552493,0.018552026721875503,-0.0007786187954897938
2016-02-03,0.010731831819877025,0.004879432224334179,-0.0024634763622164435,0.005994758644652487,-0.008292976490202109,-0.017140559884339157
2016-02-04,0.012082377069329242,-0.0031946705572680756,0.0004406468038860023,0.0015680381432638946,0.004845474851253195,-0.006738066150852928
2016-02-05,0.015827077912906162,-0.007692585975074162,-0.00017616190861691194,-0.019049876772505248,0.0011669443648505418,0.004389651970141184
2016-02-08,0.013443751249405,-0.011627908939341625,0.00520272739392702,-0.013461190275969481,0.021519773513190454,-0.0023838416896901915
2016-02-09,-0.002196257541759894,-0.003790560961867029,-0.003421557789203611,5.3841073807125994e-05,0.0010643113162385198,-0.007168522983663661
2016-02-10,0.007747818623272451,-0.0014433466305784348,0.0012324242863797075,-0.0008627737934067126,0.008812827559262493,-0.0020056592560762088
2016-02-11,0.0401886992042193,-0.0067015212837847615,0.0033404329806268063,-0.013008031056275904,0.0070034856757899,-0.0028135660132238005
2016-02-12,-0.005879363032051943,0.014949604719430631,-0.005607657988618064,0.02061720203337636,-0.016601740267395804,0.004433792789482416
2016-02-16,-0.030331226332987904,0.0009122707956874532,-0.004758266271602918,0.01687792936311272,-0.010570502105370583,0.008828167237959317
2016-02-17,0.00618634429410414,0.008203889527940822,-0.0002655103244224577,0.016334867446146317,-0.0061482800787352465,-0.0003975995088583151
2016-02-18,0.02433319602449635,0.0009038540732533296,0.008147465277978494,-0.004095860411474805,0.012295789186601791,0.0003977576571074781
2016-02-19,-0.006002190201855551,0.0019355507620566481,-0.0007023009385320744,-0.00046877756288488115,0.0008400744407217609,-0.002784377190974907
2016-02-22,-0.01777516528948675,0.008630054284563426,0.0020214664997935117,0.01447959010302613,-0.0005340671058090551,0.007578853306262179
2016-02-23,0.014979681261872324,-0.00204331848534689,0.002017292991290498,-0.012629837480131023,0.004047165389490237,0.0003958914064448038
2016-02-24,0.003327072049028157,0.0016634440329064137,0.0009631894771024996,0.004575722500162138,-0.0019773295370447697,0.0007914694769253217
2016-02-25,0.0026358095143692584,0.005365214770470139,0.0055982297564258765,0.01211174398778847,0.00358162119216332,-0.0007908435483958698
2016-02-26,-0.006869043174790868,0.006734678260442273,-0.00034779367206627665,-0.0023014258537055188,-0.009644046885348034,0.006727309853072239
2016-02-29,0.013064629590324062,0.01072831535415153,0.0006954507695529077,-0.00784241656362794,0.00437039785093285,0.001965451491131587
2016-03-01,-0.0073331317520045625,0.015803917973266746,-0.005449460364581715,0.023506818028351084,-0.01760853902314008,0.0003923192138424181
2016-03-02,0.007726956678680841,-0.006796610222570054,0.0020163493283607004,0.004492657809594736,0.004127074993318658,-0.0007844202551438029
2016-03-03,0.017273365743903035,0.003359711547953337,0.004725274662699341,0.00391982115549494,0.0036439252895379415,-0.0062793027632533915
2016-03-04,-0.0015737798071993048,0.0028517844804489823,-0.00017437251163765488,0.0032532664595295024,-0.006411904996391216,-0.0027646727839335528
2016-03-07,0.004977588099916774,0.0012366354228274812,0.001132768712531318,0.000798204499236066,-0.00031121759755048384,-0.0019801505706530387
2016-03-08,-0.0046227304062674834,-0.007039417689610472,0.005306758959767954,-0.010917554053178402,0.011045202941408983,0.0003967433882066107
2016-03-09,-0.00829324916913754,0.0024872433413951622,-0.0011245754563378174,0.004939412038538427,-0.006078096628141738,0.00039667661075148963
2016-03-10,0.016056181130168712,0.006948630935979194,0.004158941385662862,0.0008024080571837899,-0.004102173142491394,-0.009912801961231676
2016-03-11,-0.01720161594971703,0.012074449820171473,0.002847587837514043,0.016136985057067177,-0.010104262914930717,-0.0008008871477865886
2016-03-14,-0.012896749587957723,-0.0028002607005611635,0.002925544796279045,-0.0012823775170542895,0.003141055048863306,0.004007919938235016
2016-03-15,0.000763521980092996,-0.009278098138621127,-0.00034288766311585395,-0.0016293011754664466,0.0009393186295043598,0.0007984205855431359
2016-03-16,0.02229567034444102,0.006654274393434578,0.004805704033453484,0.005787314947856448,0.0029715995018937402,-0.01076980563859986
2016-03-17,-0.003814570847019083,0.006365459307814847,0.0030750620848503107,0.006343967398030559,0.004132150308596483,-0.008870884291564685
2016-03-18,-0.002746975852867317,0.002310605111548014,0.0022991108596255305,0.003929662542886847,0.002095958466718395,0.002440968893460571
2016-03-21,-0.007011719080860512,-0.0010916046588484996,-0.001189625646158099,0.0014187652954453789,-0.0076707972339725705,0.0032466383236753327
2016-03-22,0.0029421526295789757,-0.002672747746040871,-0.0018707421336164876,-0.0005373051972497045,-0.00023428098419087107,0.0028317769335606258
2016-03-23,-0.02263009809313088,-0.004629072987805349,0.0050271705476365725,-0.006599596914211858,0.011324871396387826,0.005244071902701375
2016-03-24,-0.0024011557999427113,-0.004405991531392539,-0.00042375542764216956,-0.0004427958963691969,0.00038628997173972834,0.00040129282254808274
2016-03-28,0.0023209545157449885,-0.004548655671286594,0.0005937667008384384,0.0005910981764112311,0.0013120859508402027,-0.0020056592560762088
2016-03-29,0.01852490300494103,0.0038282744761508614,0.004492718537431273,0.00924970637080147,0.0104856499289665,-0.00884245250822624
2016-03-30,-0.013977800877817192,0.003567641468698479,-0.0011813373954887574,0.00438777831422521,-0.010529479893471527,-0.003244005445870224
2016-03-31,0.004611451089358232,0.0013485314658803205,0.0039715909090909385,-0.0024270054571008393,0.007093809660633221,-0.0016273745200894307
2016-04-01,-0.006035354370591106,0.0007252584498813608,0.0032235427149760465,0.006812148401226681,0.0026083792526079286,-0.0004074137581179249
2016-04-04,-0.006670647201412416,-0.0024582734158332675,8.398045138902077e-05,-0.003238249886859168,0.000612723049181696,-0.0008153457754850324
2016-04-05,0.013000448699038714,-0.0036955409688723684,0.003196811812973932,-0.009987869794918502,0.010936199101802657,0.0008160111066937148
2016-04-06,-0.006119337058417829,0.008408669948847924,-0.0008386904747869073,0.010920982542752977,-0.007262525627715122,-0.0020383644387126365
2016-04-07,0.01428081181871077,-0.004904980331145503,0.002685463245359676,-0.01196569134443315,0.012344743205146447,0.0012255167129142652
2016-04-08,-0.0015175811841288134,0.004559114267483677,-0.0022593355893195666,0.002697066989183927,-0.0063232452342145695,-0.0036720499801213835
2016-04-11,0.013510077429689682,0.001349610429011161,-8.410380096557368e-05,-0.002347471030087367,-0.0012876910120035445,-0.002456868761060438
2016-04-12,0.0001666606070513943,0.005880256127118733,-0.003942867393262439,0.009312943002140806,-0.006902579289427058,0.0
2016-04-13,-0.010662277185778612,0.0065764485759876035,0.0034530874921840926,0.01010086209257488,0.0035135336737177614,0.007799652278233538
2016-04-14,-0.01397656040779005,-0.00036324942495946644,-0.0006717734155474719,4.8095321646401956e-05,-0.004794463979003627,0.00244385858467866
2016-04-15,0.006916553277877435,-0.0015732176775277162,0.004199771098303939,-0.0011058801689730613,0.008565108928222154,-0.0028443411814105257
2016-04-18,-0.0015264612277036127,0.005698287150299075,0.0010876162009312296,0.00702701903730496,-0.004322259817101437,-0.0020374409429149143
2016-04-19,0.015627688132066497,0.0042183553380255034,0.0018380741688817093,0.003154105693527365,-0.003122374666748362,-0.004899878691690063
2016-04-20,-0.005101192515562847,0.0019207141973236475,-0.0027523684665072823,0.0009528570223320543,-0.011000574618503567,0.005744704571835957
2016-04-21,0.0037824404776409803,-0.0031150900360432665,-0.0004184944330382079,-0.005378312056647849,-0.005948327989816593,0.0
2016-04-22,-0.012811914275298819,0.002283749546468039,0.0010883420093952267,0.0,-0.0025640585204976807,0.0057117982909971055
2016-04-25,0.0028840781155776707,-0.0038375142864720546,-0.0023400849317963823,-0.0017230505626987247,-0.004129086699157236,-0.0032454141239748324
2016-04-26,0.003975248058563308,0.003370497605363232,-0.0004194672295076973,0.0014862511224584818,-0.004536861498584677,-0.002848971874173545
2016-04-27,0.002864397439145794,0.005877781283815553,0.006368970109345673,0.0020581319767996042,0.009980250324686857,-0.0012243300036242077
2016-04-28,0.018901209532051544,-0.0016692332641836671,0.0009161115764819705,-0.00907592387109013,0.004124336139728069,-0.008173356252581643
2016-04-29,0.01945750344247421,0.0016720242627015214,0.0010820053910411964,-0.005398707697006788,0.0025567476438377312,-0.007004495754010076
2016-05-02,-0.0033158403319838436,0.00038365908488735556,-0.0012916101605946473,0.007948775890079807,-0.01006826467349553,-0.0037344257611051646
2016-05-03,-0.002271979748055375,-0.006466424701006779,0.0017517336889600887,-0.008703224776266283,0.0125953421451801,0.0029154197357150746
2016-05-04,-0.006099544612754526,-0.0037371538247467084,-0.0016654774677196116,-0.005578321349711257,0.005486075203646745,0.003737527510682792
2016-05-05,-0.0011455641166617792,-0.0008468102959543478,0.002002123071174644,-0.00019509947269702455,0.006685278879217327,0.004964939835527815
2016-05-06,0.009093148301192455,-0.0006060008349760837,-0.002164812421841633,0.0036592451603127962,-0.004274786490297,0.0012349147567614072
2016-05-09,-0.020539038586043668,-0.001817388673729825,-0.0010010487520283329,0.0008258088893668969,0.003142946530628965,0.002878351892882547
2016-05-10,0.0027351995597273415,0.00849679715246876,0.0016705669386316568,0.012434049336500275,7.678150917356241e-05,0.0008200259319159908
2016-05-11,0.009423039824896007,-0.0007216936716074596,0.001083670751179655,-0.009354636732380572,0.00565450100103293,-0.004915937175000051
2016-05-12,-0.0078611125358784,0.001565871690029308,-0.0020823345147844563,0.0002903201706156988,-0.004558997246132845,0.0037051202528557425
2016-05-13,0.0045394140453900444,-0.004449934596677418,0.0018364689951235746,-0.008713772354707938,0.009694082960708617,0.004511898952342941
2016-05-16,0.0007394952589121484,0.005556949437748759,-0.0033328728932958684,0.009865209127943197,-0.00861834164125097,-0.0004083387623121659
2016-05-17,0.0034482607423813594,-0.0020424272949405298,-0.0003342665504774134,-0.009333599577460494,0.0016771750725630419,0.0
2016-05-18,-0.01734579222228738,0.00012012880598089026,-0.008529488568942867,0.00029274623232788954,-0.014235095489827931,0.006944314908177596
2016-05-19,-0.0019150352244893254,-0.002767590227401362,0.0023609664942181308,-0.003464946732973817,0.004324577905476357,0.0016227533734420874
2016-05-20,-0.0013348098643798378,0.003499900106094911,0.0006737379960637391,0.0063172022913755566,0.000768510485268159,0.0
2016-05-23,-0.002840166573309433,0.00024106196740647512,0.0,-0.0013625064174760393,0.002228409723826763,-0.00040503107781264536
2016-05-24,-0.017341037506874768,0.0060117807770574405,-0.0016820771662083844,0.012962390024352732,-0.00444660241046102,0.0032414690453537176
2016-05-25,-0.002728045068191687,0.0015540471176249682,0.0017688616032287552,0.0067830886498285725,-0.0037734284292585407,-0.0028271098617898005
2016-05-26,-0.003419400875365075,-0.002864310163652517,0.0028588834210971914,0.0002865494757406939,0.0051794278538999095,-0.0016201243112506925
2016-05-27,-0.008234680643287917,0.001675993926044006,-0.0007545101720505265,0.00429941307216164,-0.0014613386065209788,0.0056795441841379635
2016-05-31,0.003805525009163979,-0.0009562182805549213,0.0017616720616460135,-0.0019028027770635614,0.0023879290426289668,0.0020169861548176016
2016-06-01,-0.0010339059082515867,0.001586546968766589,0.0007055075575317371,0.0020492799489473246,0.004056942649191209,-0.005636101195586218
2016-06-02,-0.0023288275554194104,0.00023971158345115207,0.0020149080444287204,0.0030437600186341562,0.007207157160528999,0.0012146012821716567
2016-06-03,0.027751354156539287,0.0017992506926758356,0.008041082809836064,-0.0029870919274602725,0.014235677096823496,-0.0157702923093328
2016-06-06,0.0003364814640942626,0.004430855869247852,-0.0024094565606006535,0.005088521500811849,-0.0074304040874658694,0.0
2016-06-07,-0.0008408886281601191,0.0044112336054880075,0.0014986950592341675,0.0015614785327930925,0.002419190494016954,-0.0016434209833904312
2016-06-08,0.014812339174809175,0.0037977611932353827,0.0033275868084599036,0.003259441571183963,0.005356722267851888,-0.0028807209582033533
2016-06-09,0.005556461757929343,-0.003902263035272302,0.001409188526223737,-0.001365302705809368,0.006452325514078039,0.004539925478508344
2016-06-10,0.004041219495006354,-0.004866457449738348,0.0011589589279237256,-0.009477454070597524,0.004846381299245639,0.006573496328426742
2016-06-13,0.007392817000752894,-0.0066803355056422875,-0.0014885556776477182,-0.007712098746052942,0.0044518466996639194,-0.002448846387215431
2016-06-14,0.0010599906561068462,-0.0033620926458696188,-0.0022356722800151996,-0.0019668758733999425,-0.0007379960332712932,0.006137331730641238
2016-06-15,0.007412264290884263,0.0004820625855277427,0.0037347968406924448,-0.001394150851283249,0.0038427954963198285,-0.0024398835823262743
2016-06-16,-0.010511020767707824,0.00060159338907817,0.001488466739625549,0.0029847208229167865,0.004860766664851468,-0.0012231117392292878
2016-06-17,0.01282889140431287,0.0006023113795590174,-0.002972597804311139,-0.0037242589945966076,-0.006229184474323857,-0.004489707026534062
2016-06-20,-0.005970132166106756,0.0058940115341410415,-0.0012418224274092227,0.006440073908841493,-0.010692607585042868,-0.005739994302879192
2016-06-21,-0.019235474102691663,0.003826680827526019,-0.0009118793668765335,0.0028382186161592937,-0.004621227542143225,0.004948466148731123
2016-06-22,0.0004965672774475127,0.0009529851257226163,0.0018256018251019412,-0.0016308049584700113,0.0016473260906837428,-0.004513843671859141
2016-06-23,-0.0065343333792947655,0.0073799947290653645,-0.00099453522407289,0.013022588748872854,-0.011438627167233317,-0.004534310842160272
2016-06-24,0.049038376152841456,-0.016423065780755364,0.0047263817150131615,-0.0359088022401175,0.02684757831297313,0.026087051062305022
2016-06-27,0.005396827818855421,-0.014414408590184058,0.0042094371639862516,-0.017910168016836203,0.024966650698308612,0.008474575490364566
2016-06-28,-0.010735716822507735,0.01255321838840806,0.00550599226489723,0.01803591948376826,0.0020840913307149656,-0.0048020247441318276
2016-06-29,0.004149350816571085,0.012638821783312215,-0.0003271245889293617,0.017027812189966074,-0.007672368537749441,-0.0032167051644922395
2016-06-30,0.00500639622652943,0.006775700027089382,0.003516003218671848,0.013645559551805242,0.0036849968038921155,0.0020169861548176016
2016-07-01,0.015339625386899147,0.0019799436713816565,0.005236290776085228,0.002100265859676931,0.013884445134792367,-0.0032206817771545104
2016-07-05,0.008254789567508913,-0.00568235437471154,0.00341342510423992,-0.007193382435427331,0.012520641475119554,0.006865969966372232
2016-07-06,0.005870043250717272,0.004405915504186453,0.001781749113252351,0.005998110480318619,0.001615599018724101,-0.0028077397932778636
2016-07-07,-0.003762499043616141,0.0013031708878925574,0.00016165756591224323,-0.0006201475605199791,-6.964576301171643e-05,0.002413384096627169
2016-07-08,0.0060120143847071095,0.013259959313717484,0.005577845393980985,0.014890389524983672,0.007365657524568192,0.00040129282254808274
2016-07-11,-0.009423926954219786,0.0005835465503547521,-0.0025725342027274056,0.0035270748661928586,-0.008774829323831113,0.0028078313758923557
2016-07-12,-0.016551874633622066,0.002802621628134272,-0.005641873196308489,0.0072632052664078905,-0.016439561050309637,-0.0007999260623199334
2016-07-13,0.00920177573180525,-0.002910703164489381,0.003890661195912415,-0.0001393971625487378,0.01178558884172598,-0.002401973566774407
2016-07-14,-0.007715129649756625,0.001984784978400267,-0.0024218818812073994,0.0055832315004693545,-0.014542366444053711,-0.002407573696556531
2016-07-15,-0.003848311365095336,-0.0019808534103069597,-0.0038036437087036745,-0.001341781846609269,-0.008596561404061176,0.004022245600726171
2016-07-18,0.001576825791636871,0.0033859980423978087,0.0,0.0026871692881882403,-0.0009393165696048866,0.0008014825139694981
2016-07-19,0.0013381467862105811,-0.002676515018759207,0.0017871620464544602,-0.0010162576454625372,0.00564105379814972,0.004803947133548814
2016-07-20,-0.014307049036417885,0.00256760111738763,-0.00032431142108602096,0.004162721346021581,-0.005465658971788523,0.0007965570397876487
2016-07-21,0.015232503958900745,-0.0013970916650539733,0.001135371194239676,-0.0037769096582798145,0.0020243805485815614,-0.0015922096430570631
2016-07-22,-0.007462722347700734,0.0044297308740763874,-0.0005676067933058082,0.0044849517793537075,0.0017323677461109632,0.005183343313789335
2016-07-25,-0.006964758718206121,-0.004758839483470223,-0.000566798513782496,-0.00271586839935245,-0.0007203617036144472,-0.0015865253121337686
2016-07-26,0.0042241075487405855,-0.0038473307418747105,-0.0009737720290903251,0.00046175335476306145,0.0015862982775121104,-0.001192102263542938
2016-07-27,0.016111101422991103,0.0030433808295822207,0.004141563313410979,-0.0010614024096703423,0.012453358953463223,-0.004773101276169145
2016-07-28,-0.002889909558035031,-0.004200696938376991,-0.0009706142186265421,0.0011547052526752477,-0.0018485885923121836,-0.0003997801528545786
2016-07-29,0.010339903082906332,0.0009371021995931983,0.003642492990313162,0.0016145414897517085,0.008333699158511898,-0.013594492384707113
2016-08-01,0.0018607962561190128,-0.005610330654102991,-0.005635760035547777,-0.0008290112801986327,-0.010841714287770587,0.002837515846498828
2016-08-02,0.00812570067976126,-0.0014191309362284743,-0.00561140852409614,-0.006407313080296295,-0.01030305533495357,-0.006871611606102168
2016-08-03,-0.004759425467430023,0.004500752305981459,0.0013080025272824702,0.002923004934948681,0.0005783467384747887,0.005698036672834972
2016-08-04,0.0016968857004249216,0.006367184406337989,0.00424735573574786,0.0010635398089364756,0.007513225348352526,0.0016189053701256562
2016-08-05,-0.01786395743940894,0.00222671409789843,-0.0040662411576591895,0.00817902052544861,-0.010396848985579021,0.005252361888536727
2016-08-08,-0.000862411663815732,0.004090705027274488,0.0006531710028070403,-0.0005954393652162215,0.0018835427278451888,0.0008038760037782922
2016-08-09,0.004080325118523742,0.003493807671608673,0.005875924208627925,0.0005957941244916221,0.009836800423220327,-0.0020080757655238646
2016-08-10,0.004688953410549868,-0.0018572742726743474,0.0028394662546467053,-0.0024749509689954152,0.0038672706716704752,-0.005231410365779787
2016-08-11,-0.006922832969429749,0.0024414934486653994,-0.003317093369993973,0.004640614849655611,-0.008917827980381543,0.0028317769335606258
2016-08-12,-0.002114801025602908,0.0008114564129828583,0.004545168748844919,-0.0008686445941051835,0.008422139548878382,-0.0016134047242052363
2016-08-15,0.0034536484045673,0.003012377861663307,-0.0030699734533877754,0.002883822833497529,-0.009422794912889332,-0.001616288751586037
2016-08-16,0.0049280733796905896,-0.0020792458658185353,-0.0017832598691085444,-0.005157605320986969,-0.002666492109992813,-0.008903194152684923
2016-08-17,0.0002335080486637331,0.0013894195265802267,0.0027602860050355282,0.0018809160835990824,0.005997312257714382,0.0008166775246243319
2016-08-18,0.004747086461879935,0.003929991220208873,0.0024291989014892934,0.0022436160731964527,0.0015806442233472495,-0.007344006808289949
2016-08-19,-0.008829675348611454,-0.0029931358966444055,-0.0029881755501282026,-0.0014618903147133322,-0.005235687448986837,0.0036991232142387087
2016-08-22,-0.00148474204574367,-0.0016170120667005072,0.0034026318864419647,-4.6029441509998215e-05,0.00843450275306279,0.0012286213710746008
2016-08-23,-0.00015649274735829444,0.003354189402758889,0.0011301340455429632,0.002013860323566652,0.0010730972001535832,-0.0008180135549328282
2016-08-24,-0.011114635054762179,-0.002766820752202248,-0.0006453700587641942,-0.005115308636132521,-0.002356716728117547,0.0028652044572630153
2016-08-25,-0.0008706109240564919,0.0018499584335491814,-0.0009682916853067658,-0.0006885278708208542,-0.003794042582346946,0.0
2016-08-26,-0.0014259708499476664,-0.0011538875446444052,-0.0031503006005095813,-0.001883081362591188,-0.005820559553182725,0.007346911921580324
2016-08-29,0.0019833398964483884,0.00496749965858978,0.005672403953749461,0.004924374705059353,0.0133710839527319,0.0008103903889180586
2016-08-30,-0.010055457179525829,0.0005746457032644869,-0.0012889063272023549,-0.0016486068339449655,-0.003851425335283265,0.005263272222743476
2016-08-31,-0.001999520134694288,-0.0039059884480421303,-0.0004039181179676943,-0.002844010530215324,0.0014324237021650088,-0.00040283927669160224
2016-09-01,0.0040872106204499214,0.001980423057496017,3.454424737370232e-07,4.57819006145499e-05,0.0011031122306739416,-0.0036260947091526496
2016-09-02,0.010216288370529014,0.00462469134864163,-0.0017807553373434537,0.004508201201337769,-0.008156314249123109,0.0024261633078690448
2016-09-06,0.016907695537669243,0.0011509414376524862,0.003486021308904297,0.0030223073743382844,0.007285443850888473,-0.01169824339846881
2016-09-07,-0.003418556588101307,-0.0027593164167046824,-0.0013729596354178364,-9.111876715406364e-05,-0.000716561252908865,0.0016326885114550382
2016-09-08,-0.0053013792150961025,-0.0018446099204122435,-0.007038354569003702,-0.002283153264229565,-0.012541182426425435,0.001222427350516364
2016-09-09,-0.00658355954228651,-0.009582952298530456,-0.007495840353746175,-0.023935243138729634,-0.01647395101007154,0.002849064798661427
2016-09-12,-0.0012623563085552014,0.0034967653170407953,8.199475005832291e-05,0.014347690154834059,0.0005161223233407508,-0.0016234118223298344
2016-09-13,-0.0066355664917512325,-0.007668060229592322,-0.00328302486067944,-0.014375498991548774,-0.011357348141563861,0.0040650361230327725
2016-09-14,0.0034194855282367875,-0.0002338044182743637,0.0006592071357831575,-0.00037514318202191976,0.0014914743040486123,-0.0024291101289335426
2016-09-15,-0.006419381491795106,0.005854842719209108,0.0006573676732486433,0.009992847223380563,-0.00431979036440111,-0.00040585295558248635
2016-09-16,-0.00247272219188599,0.00023360183560705572,0.0011522048776146931,-0.0038659310386954804,0.008079120598321499,0.008120262083523677
2016-09-19,0.00207901920123299,0.0005816607551392128,-0.0003289227123675076,0.00018771458451505296,-0.0032653960780977265,-0.0024165759029286527
2016-09-20,0.0009575705942728163,-0.001163012938160457,0.0013152468043351462,4.689901309640199e-05,0.003500245269848712,0.00161479963543254
2016-09-21,0.014588601451239303,0.008268368544609661,0.005088025842294952,0.011245572707553775,0.008086791753150191,-0.004433608738308004
2016-09-22,0.00235721740921524,0.003350982136200553,0.004082682911888513,0.0063012743569155205,0.00794889106014729,-0.0012145088467619969
2016-09-23,0.0006271210413582029,-0.0011519806658796261,-0.0007321794744848953,-0.00547911027814485,-0.0009491583659214653,0.00040526685883301994
2016-09-26,-0.0007833801247610905,-0.00437964617908837,0.0015463719661157338,-0.00810229367999693,0.006358805288301905,-0.0020258834619766297
2016-09-27,-0.007291260548213385,0.0028942366497488603,0.002438326468675589,0.006208009389267799,0.007334819470864007,0.0008119427800497014
2016-09-28,-0.003159070582864132,0.006694982856465748,0.0006479756276047688,0.004963623678667872,-0.0021627465137094015,0.000811469309630608
2016-09-29,-0.0011884132817953086,-0.0037836214183749606,-0.0004055113233266683,-0.009047276310458763,0.0025292843785607033,0.000810626265475678
2016-09-30,-0.003410805950794571,0.004373667539712134,-0.0017824311492620204,0.007545985796405308,-0.008937359439221582,-0.00040503107781264536
2016-10-03,-0.0025469571504198596,-0.0006213437106498132,-0.0028322395354545282,-0.0024038631448362047,-0.0033003114017507995,0.0020259759722949244
2016-10-04,-0.03471112739159021,-0.0017283326146142475,-0.004653036976079439,-0.005097861776656387,-0.011694920398818476,0.004448043000487845
2016-10-05,-0.0015706575141682944,0.002654170552096824,-0.0010662886590738774,0.004425322150451549,-0.004660026168562648,0.0012076637519986555
2016-10-06,-0.009273018119780652,0.000575242651298602,8.222402262636486e-05,0.0006955828059713731,-0.005572386098562032,0.005227203269528857
2016-10-07,0.000668512445361813,0.0022998648888186146,0.0023806309759870636,-0.0034293598017570703,0.0006726887477626065,-0.0016001261031974856
2016-10-10,0.0035076482865623593,0.0028686136805518014,0.0,0.005207995331429904,-0.005899094490998569,0.0040064978443121735
2016-10-11,-0.005076569505331308,-0.0056061093090145064,-0.0031118675458913225,-0.01262936083162014,-0.0022535134333250273,0.007581877655158165
2016-10-12,0.0015892497462293154,-0.0003446135183650112,0.0013144375395597319,0.0013117164986498064,0.000978785404123439,0.002772337389662649
2016-10-13,0.002421921836488483,-0.002532504005457792,0.00246108406456802,-0.0032752449362972724,0.0037602344337233085,-0.00355457929362879
2016-10-14,-0.0055819226506638175,0.002307705770673296,-0.004664788858025681,0.0005162736360435627,-0.014011543489513945,0.005152617528618508
2016-10-17,0.0026809625769763645,-0.0013814934794406097,0.0032891973182329615,-0.0034720797210324728,0.006383742994212405,-0.002365981933369121
2016-10-18,0.006183137214928136,0.004035504604589013,0.002458548788912829,0.006262126901590337,0.0032467162255993554,0.0007906212698509663
2016-10-19,0.0057299655530487215,0.002870009234527071,0.001307575138582262,0.0026678277081246815,0.000828119606941069,0.00039486308287162153
2016-10-20,-0.0030550965627722526,0.00011471394399142909,-0.0003264017285734555,-0.0018672643594014326,0.001052989645601743,0.003158378911547244
2016-10-21,0.0007454362173064943,0.00022853699363323265,0.0005720849658747973,0.0004677932882302116,0.001502518016297083,0.0035418994784865987
2016-10-24,-0.0022345797266349887,0.0005725085128946983,-0.002857573037702399,0.004252785030435913,-0.004350929091220368,0.0011764960795104251
2016-10-25,0.007548139354159433,-0.0005721809344388928,-0.0007365891374797595,-0.003350493374626895,0.0026369348414905236,-0.0003917045210034553
2016-10-26,-0.00559809251948773,-0.004005902859538835,-0.004177517872009262,-0.0020080894662293236,-0.0067630803312586085,-0.0003919474788589561
2016-10-27,0.0018213529185828747,-0.003677330469402551,-0.0045247902062725,-0.0026665380251982285,-0.010894143667802059,0.0019601478080863988
2016-10-28,0.0047103519110967,-0.004844042701441786,-0.0011567232969401653,-0.002955294879001147,-0.0022181150801354743,-0.005868582134334832
2016-10-31,0.0029610183001298473,-0.0030134424347372235,0.0009100008779474589,4.6923684106303654e-05,0.006132929487455696,0.0003934645175243112
2016-11-01,0.006478603409139305,-0.0039002046859376582,-0.0012600332190575436,-0.007245563452564663,7.614512503928417e-05,-0.005114014922957488
2016-11-02,0.007414617516698918,-0.004454809522592362,0.0014941801234931162,-0.006018780042823968,0.004351067388602692,-0.003558705688837316
2016-11-03,0.005338107937297831,0.00023483329565765487,-0.001989003964902092,-0.004576848341784623,-0.007676048478576947,-0.002777747325651503
2016-11-04,0.0007240252267182168,0.0004717691246285405,0.002989055377417671,-0.001101491415630207,0.008960646014613882,-0.0027856664057952507
2016-11-07,-0.018007861361529542,0.01400263567748894,-0.0006621085596182352,0.022056763276479208,-0.008502102513103238,0.008379979630178225
2016-11-08,-0.004175211869501427,-0.002204844404875561,-0.0022363057597029057,0.004503960502730164,-0.004057606904642297,0.002770143169238848
2016-11-09,-0.0006576934516286936,-0.006978550630015179,-0.014694015100101376,0.0106019697616071,-0.04243157114078455,0.006314084197400094
2016-11-10,-0.01488974658560116,-0.0131176111026724,-0.0008425305862304056,0.002495731245475641,-0.014770835464237186,0.0019607372637135967
2016-11-11,-0.02212944906788228,-0.009375975680475213,-0.004300708349330606,-0.0023050395182413475,-0.005621621761368822,0.0015655023650533728
2016-11-14,-0.008454294420749409,0.00742821543438521,-0.0051658079612239005,0.0007853729564573086,-0.0059821327374058875,0.009769475425796204
2016-11-15,0.00869866618655779,0.013200375657092644,0.0030644301176638855,0.007802915361440732,0.004946561556116169,0.0015480212630263335
2016-11-16,-0.002988440021410743,-0.003991105808755724,0.001442846217098559,-0.0018782484221759876,0.009022621214123783,0.002704850044913165
2016-11-17,-0.005138293152093909,-0.0027107255797889085,-0.0063559299161790594,0.005140509909142832,-0.014714641296612152,0.0057803839465120355
2016-11-18,-0.008780207102896176,0.0,-0.005629357985556083,-0.002237385088548094,-0.002887772983639403,0.003448262891314835
2016-11-21,0.0037342622620732957,0.00803561031291311,0.0010297941012737954,0.007551235119300559,0.002482285389468819,-0.003818333790719719
2016-11-22,-0.00034608855246265335,0.007384841173331713,0.002570290505224282,0.001953463147531309,-0.0003297535417609021,0.0015331877388387039
2016-11-23,-0.019819983532816443,-0.0037238197175525345,-0.00367462607325153,0.0005440915214969255,-0.003880896861985117,0.006123275314005916
2016-11-25,-0.005651208738617575,0.0012846463395554952,8.514053606489824e-05,0.003715305942443514,0.0014919306949205957,-0.0019019049532118526
2016-11-28,0.010567466787642088,-0.00011605155202876194,0.0045468459801336625,-0.004694915556203272,0.007366472227144039,-0.002667740723793055
2016-11-29,-0.004657349687858581,-0.0012835855847243005,0.0013653937403441674,0.0019503778842031583,0.004189920125930557,-0.0022925768859080042
2016-11-30,-0.013419234467324848,0.0004670522518914755,-0.0037513422381095785,-0.0023993270456988958,-0.01619997911752813,0.005361871217678615
2016-12-01,-0.0018791864382340373,-0.004679533891417953,-0.00560431787693183,-0.0036753667501681075,-0.010558577601149977,-0.005333274884578909
2016-12-02,0.005379222424209074,0.006009921632756043,0.004574471623218335,0.0005010110902545772,0.007327473332707779,-0.002298107202971522
2016-12-05,-0.005350441210868029,0.002576302676188691,0.0021471219179973744,0.006008798748455613,-0.0010868482426914516,-0.006525878265174034
2016-12-06,-0.0009861987578327902,0.005023872630725679,-8.56754543000493e-05,0.0031671249661342493,-0.0007536534675016693,0.003863983271922722
2016-12-07,0.003589711251758221,0.004997671977496676,0.004200726107230102,0.01308099954165054,0.008544532454957787,-0.0030793586040521737
2016-12-08,-0.0023249765892274787,-0.00011556979008575663,-0.0040978294528520864,0.002448557923255601,-0.011794113849472487,0.008880414084931454
2016-12-09,-0.010486673587394413,0.00046233259202344,-0.0038571198435334297,0.0060406310289649046,-0.012439213651073255,0.004209724473144494
2016-12-12,0.003804331187865717,-0.0013870779775229103,-0.0009471724497089884,-0.0011479894762006504,0.0018727306184340708,-0.005716500254810186
2016-12-13,-0.0033387723118656343,0.00243151638085215,0.0022394926601145837,0.006673958901934229,0.003567483180964448,0.0011498032934131874
2016-12-14,-0.014667226454941784,-0.007507746562278372,-0.006359425174934263,-0.00825392880595166,-0.011173417857868628,0.009571330709453596
2016-12-15,-0.01369112807217554,0.0004660740415340925,0.0006918436713521103,0.00411688363816376,0.005050745909599641,0.010997323765499223
2016-12-16,0.006614558767378709,0.0009301902417160335,-0.0007784837950549628,-0.001955671293910388,-0.002299702882702759,-0.003375831465174617
2016-12-19,0.004997623978540311,0.002556606349525481,0.004844610086229384,0.002177514001052927,0.010756289743172776,0.003010893834778372
2016-12-20,-0.007367118973593101,0.0013912653436474187,-0.0006028047280889348,0.003857439686608899,-0.004982760212970172,0.0018762132738747717
2016-12-21,0.0005566152526592649,0.0017360337725533803,0.0031878366831030736,-0.0027824528425608452,0.004413950064491523,-0.0029961484809711836
2016-12-22,-0.0024107755207141146,0.0021563892879798985,6.854304930747901e-05,-0.001727485620725333,-0.0017879264953145624,0.0011268249259026586
2016-12-23,0.0031601819765598727,0.0018507676039578591,0.0015499302799528714,0.0014639404392904343,0.002037094966525599,-0.0007504853095499087
2016-12-27,0.005837091185366683,-0.0009233153640265668,-0.001805287274471823,0.0024810439270683826,-0.003218731800107011,-0.00037535300801538884
2016-12-28,0.0027634769574851337,-0.0013871152264152142,0.0037030268314193204,-0.0082642846481229,0.00730799435651619,0.0026294868761089774
2016-12-29,0.01313614088883086,0.0013890419877065074,0.003860666343147745,-0.00022280650188588602,0.0035437624983847282,-0.005620032973574718
2016-12-30,-0.006165566230220687,0.0003461860223190616,0.0015388509557923147,-0.003654951239088877,0.0015135107866166564,-0.0030143830979822983
2017-01-03,0.00784600497730814,0.004159833750305486,0.0008528928348172649,0.007649971655351306,0.004280653952759561,0.00907031865536534
2017-01-04,0.0035303646722089077,0.005407899296893781,0.0034114548542856227,0.005949164849302191,0.003845068408972363,-0.007490713248033409
2017-01-05,0.015515074970534615,-0.0014880075767083056,0.005353282267750448,-0.0007945109015538021,0.01565352750034088,-0.010565922513351755
2017-01-06,-0.00737255123072611,-0.00022893105726606855,-0.005240713074662673,0.0035778296805377696,-0.009182050524175978,0.0072462720670087855
2017-01-09,0.008232645807116912,-0.00022976742462355038,0.001954068183899871,-0.003300997743252543,0.008026372834523565,-0.0026504822331931965
2017-01-10,0.0042602588509306205,0.00011533782005535009,-0.000593260698144138,0.0,-0.0006571656861973363,0.0003797456285046241
2017-01-11,0.0030932255360247574,0.0005731300713742726,0.0015271241929315504,0.0028260432701781024,0.003367594839964738,-0.002277088975692121
2017-01-12,0.003612367067042932,0.00022894974823728376,-8.48003207384318e-05,-0.0025096718749355595,-0.002210166328831753,-0.003803723061448605
2017-01-13,0.0026336178800692167,0.00034391576406878066,-0.002033412191795536,0.0022954307182025957,-0.004758140348743556,-0.0011455001372159268
2017-01-17,0.01435950794847174,-0.0010307518308695363,0.004329872417479175,-0.0035236077359334095,0.010468846486478611,-0.00917424867112726
2017-01-18,-0.008459177733679324,0.0009170741997692744,-0.006593729089176437,0.0022099249855020986,-0.012808149498728105,0.009259194826964245
2017-01-19,-0.0008706024299159898,-0.003206676403373021,-0.0034038781119630768,-0.0037043408059012073,-0.006858753188711764,-0.0015291723600067142
2017-01-20,0.0024397178433508415,0.001952653440015828,0.0017929931364459861,0.0036738348730880332,-0.001996922820444058,-0.0034455357026570432
2017-01-23,0.006431967354547874,0.0,0.004603060397562864,-0.002601890624565173,0.010004921653869792,-0.005378438338119684
2017-01-24,-0.004490925540628465,0.0006884703425198424,-0.0029697833147482866,0.006411466711513603,-0.006851961825331099,0.0003861697097262695
2017-01-25,-0.008241493674922662,0.003552975281063686,-0.0038294864164732934,0.008655649890846329,-0.012549895807201783,-0.0034748028310765955
2017-01-26,-0.009272197003353688,-0.0004571115886129462,0.00119568913345236,-0.0010453709789034482,0.0033661434985028382,0.006586560172532563
2017-01-27,0.0020306880028346797,0.0009143571761520697,0.0011948016803076111,-0.0015699671117629377,0.003608132784453044,0.0003850077067453217
2017-01-30,0.004229477187141839,-0.0020545372710758514,-0.0017041799196497731,-0.0062015193934775725,-0.003009896448440963,-0.0019239462746282188
2017-01-31,0.01386331327657886,-0.001030165694700269,0.0017919929048546557,-8.799760099742482e-05,0.006959226886072312,-0.008095605208937262
2017-02-01,-0.0030290445198764004,0.0037031108166551974,-0.0012297126208029585,0.00039559684324119715,-0.006183440027066278,0.0007772309229472363
2017-02-02,0.005555550404536813,0.0005730679345408163,0.00025655059793949775,0.0006588861779950328,-0.0004195681491049319,0.001553431940795047
2017-02-03,0.0025034610211955854,0.0017177938981851604,0.0011117643308178327,0.006892799444311537,-0.0004204887811889435,-0.0003876671045295321
2017-02-06,0.013519329475210284,-0.0006858826543503227,0.003161028963099888,-0.0017872128588084513,0.006050700019779587,0.0007758120232266297
2017-02-07,-0.0020390643159919897,-0.001486839452987554,0.0017034546878900159,4.34633647066196e-05,0.00735056647797494,0.005038691947145901
2017-02-08,0.00621491028966048,0.0006871627072382314,0.003485624395503484,0.0013104831472530165,0.013598653175997066,-0.0011569862111722173
2017-02-09,-0.00761487018603868,0.001373665112264888,-0.003982108568282183,0.005932398153200014,-0.011534678356971195,0.003861176082094131
2017-02-10,0.0026430007347089113,0.0006859611338696503,-0.00025508853712907786,0.0039463743126686435,-0.0005793438645463889,0.0011537832657784186
2017-02-13,-0.006802682251218939,0.0014851831711768515,-0.0004251067223931537,0.005442455535047408,-0.003146564688274567,0.0023049948806641574
2017-02-14,0.0011129901542927811,0.0006844743439682333,-0.002383940426406106,0.003995532207790475,-0.007227144809025976,0.0022997816082579448
2017-02-15,0.004447076385095894,0.0003419325199065515,-0.0007677062070551299,0.005220468210175522,-0.0046022170048161115,-0.001911999980442558
2017-02-16,0.0053640263872474225,-0.0007977579263880319,0.0028183741884901803,-0.0008516918017685837,0.005464033009544567,-0.005747163136977096
2017-02-17,-0.0033875467452245678,0.001026830373142662,0.002554117991877103,0.0015765324508325573,0.005935361650644122,0.005009566373103125
2017-02-21,0.000594830851824435,0.003303910470098037,0.00042470618452328246,0.005955051517127163,-0.0017445810271697892,0.004601239346737618
2017-02-22,0.0013588421410561935,0.000454196573915544,0.0007639499304390451,-0.0008879623483637467,0.001665061488465014,-0.0022901260275175472
2017-02-23,0.008735465586520608,0.0009076997245005547,0.0025451215763836466,0.000677446774389967,0.002992161344399058,-0.0022952953999498815
2017-02-24,0.00638973004234078,0.0007940083255759678,0.005076697070361069,0.0012686893989275472,0.011104558417067922,0.001917219537920234
2017-02-27,-0.004845398633643638,0.0012466673128530559,-0.0023569636939120286,0.0015629308865929836,-0.0059007812497478,0.0
2017-02-28,0.0009234436519076628,-0.0007923204805002637,0.0006753138232207245,-0.0026994065867130823,0.0037099606650468075,-0.0007653329595938008
2017-03-01,-0.0014258642418293332,0.0036854485667123793,-0.0059112240176308894,0.01399768880063812,-0.01675660349044672,0.006893884390543281
2017-03-02,-0.01243067157641009,-0.0031732097864580755,-0.0015311221729376046,-0.006297468718297061,-0.0035992144027156003,0.00418401720711592
2017-03-03,-0.0005953367386810626,0.00045439837305072395,0.0010223730434189005,0.0006295841036243477,0.0026043358972362984,-0.008712137362190231
2017-03-06,-0.006722839768239397,-0.0031817952286798956,-0.0017873255125591125,-0.0029778945093119624,-0.004775775023671769,0.0034391270584706035
2017-03-07,-0.008053482107396648,-0.00649913055685325,-0.004944784139087832,-0.0029867888514331087,-0.0030310841703474756,0.0011424466669118782
2017-03-08,-0.0062187012290060295,-0.0066557177200023965,-0.0030848160199890007,-0.0018568152352510525,-0.005404525105920377,0.003423255225831312
2017-03-09,-0.005127727710842134,-0.002656759262027908,-0.005414704016216909,0.0012683451327208939,-0.007981048181889605,-0.001895329910217014
2017-03-10,0.002183978311645074,-0.0003478541936274837,0.0025063893872829812,0.003504292413111898,0.0035089478591043832,-0.0068362831666564094
2017-03-13,0.0001743082536056484,0.0008113471490380775,-0.0033616789240888956,0.0005049408510606757,-0.0063110388730686084,0.0015296698322915248
2017-03-14,-0.005403478549159679,-0.0030105816300436405,0.0008644618620461397,-0.0038269483603873278,0.004806388292494912,0.0034364132350772625
2017-03-15,0.018664539100545774,0.01381990086908802,0.00864205238626048,0.008653504417506008,0.012214955406957717,-0.011796210919333694
2017-03-16,0.004129061134912737,-0.0028640115475319083,-0.0014567609560713901,-0.001966954949749633,-0.005063274969483111,-0.003465436886990081
2017-03-17,0.0022273151662723922,0.0003445524188330218,0.00231654046472074,-0.0017561402472557885,0.006276160220499261,0.00038640714927340447
2017-03-20,0.004444860945005402,-0.0019513194176061788,0.002311456180538407,-0.0010969480553225663,0.004299050321564968,0.0003861697097262695
2017-03-21,0.008765200923941618,-0.007133940009073303,0.0024764349453103573,-0.012839452992733591,0.00830877420151066,-0.006177476228965362
2017-03-22,0.0024464392887426634,0.002433679084736129,0.0025561115327759065,0.002353310523983909,0.0039954244968758434,-0.0007770175935942758
2017-03-23,-0.001346492128619703,0.00034588803600721363,-0.000680409419971717,-0.0010672366607247241,-0.001409465896686668,0.0011662551899154217
2017-03-24,0.001601099219161961,0.003468011149198258,0.0010209072117410845,-0.0007263368696264205,0.003570175629725947,-0.00038818065278545255
2017-03-27,0.005636868294673025,-0.0010367721976987099,0.002123672737990079,-0.0010262638982798666,0.004550012652702495,-0.005439034454521208
2017-03-28,-0.004099371444605038,0.005533248513208466,-0.0021191723095292936,0.007276868619040755,-0.006670701617641939,0.005468779333741569
2017-03-29,0.002436163586164053,0.0020640623103338473,0.0032279254713702965,0.0009348740084911267,0.005969205419305013,0.0019423665827085212
2017-03-30,-0.007206910225050822,0.0046903299878420235,-0.0026247318939380815,0.003183985090651209,-0.008076185754621545,0.006591845764619686
2017-03-31,0.0021102388572973307,-0.000341008995015768,0.0010184574915688138,-0.0023276655441901717,0.0029077487809587854,-0.00038521634647092906
2017-04-03,0.005306580584065079,-0.0005378392859549663,0.004489603003530185,-0.00173899867057703,0.010086663600009649,0.0
2017-04-04,0.002262289701825848,0.0003432054418923691,-0.0026234178500226246,0.0006373054519115406,-0.005424390910860111,0.0011560064030384787
2017-04-05,0.0,-0.0008007720105044358,0.0012725339177181993,-0.0029727957282370543,0.0030572934093839876,-0.0003850077067452107
2017-04-06,-0.003678334988324705,0.0012596054224875974,0.0009328341645118421,0.002811073467906544,-0.0014830169827747541,0.0023104963931956934
2017-04-07,0.0023493772325884343,-0.00045761524762777395,-0.0024562643122055805,-0.0010194517980169904,-0.004042594207287475,0.004610077473755858
2017-04-10,0.0,0.0013733338286079366,0.0018677189083486923,0.0005954616529877388,0.004639104471062749,-0.001911999980442558
2017-04-11,0.014481863135711759,-0.0019427360918713443,0.004661169482355287,-0.0011897659491407753,0.009482947510025541,-0.003065200327549533
2017-04-12,0.006848701913851674,0.0006872004783213814,0.0032899691453862623,-0.0043818203228337405,0.0054728044763783235,-0.004996177339507302
2017-04-13,0.004753334264967268,-0.002059764411593168,0.0016810622073142323,-0.006494925341442248,0.003087310820234279,0.003476232881411523
2017-04-17,-0.0029363834815018253,0.0029810278273822988,-0.001929906804532311,0.008859829470968306,-0.003077808668230264,-0.002694350897306963
2017-04-18,0.004744779460001958,-0.00022839626330806162,0.005886258193193328,-0.002984328710957107,0.013080052137566023,-0.008490937964991119
2017-04-19,-0.008874746300268521,-0.0009143550586910854,-0.003009698911030756,-0.0018386038950021222,-0.005452892776765528,0.003503295776670745
2017-04-20,0.0018893922713916211,0.0033185536962774265,-0.0014255225086244883,0.008139252558573729,-0.003870553517862474,0.0003878174485969499
2017-04-21,0.002869780885113693,-0.0007982841894513815,0.0,-0.0031869158046932133,0.0,0.0007755997951091054
2017-04-24,-0.006785988212145488,0.004680120545099475,-0.0013434800848162176,0.01099813921034909,-0.004937757389069541,-0.009298746034224314
2017-04-25,-0.010125150830952667,0.0018183278579206874,-0.0039523763310428395,0.005818568223997955,-0.012039211036513953,-0.0027375532137075
2017-04-26,0.0049064144523129904,-0.0009076181673128847,0.0024482078923715456,-0.0006289980416008811,0.005516756578729076,0.002352992159020628
2017-04-27,-0.003723907331012466,0.0006812101089099798,0.0009267063232647477,0.0008391673015719636,-0.00032778534613964183,0.0015648897306110854
2017-04-28,0.0031563855415273068,-0.00034040799534151844,0.0011777756570883202,-0.0021794598447134605,0.0022120914596814867,-0.0011719003970280806
2017-05-01,-0.009108209859209682,0.0005125964251952997,-0.003101160134016623,0.0025201461281199045,-0.00831286889698557,0.0007820942822291954
2017-05-02,-0.00016709821486060594,0.0003412542649823269,0.0029584231584258713,0.0003771048199525673,0.005120218464379045,-0.0015630553981308415
2017-05-03,-0.013957360197643709,0.0009117418701798385,-0.0005050989198999156,-0.0012144609511265392,0.0006569445627422343,0.00391397931327897
2017-05-04,-0.010086475737808298,-0.005347363852154063,-0.0019398625010381698,0.0011738790115833897,-0.004926582317143047,-0.006237862675516959
2017-05-05,0.0018837333588364036,0.0017160926509720564,0.00033832236756481393,0.003936937945506314,0.0009077404379302934,-0.001569187284773066
2017-05-08,-0.002222050521183294,0.0011421018147836914,-0.001774047983009508,-0.0001667176754726052,-0.0054417452579520464,0.005500832117818932
2017-05-09,-0.005995691205500586,-0.0006847580973202705,0.0001695812430242416,-0.0009180913333470819,-8.252192186330998e-05,0.005080220010820646
2017-05-10,-8.618815999517082e-05,0.004336611606032381,0.0013532391549799794,0.001795832985474588,-0.0011606769498386793,0.00038872214010043926
2017-05-11,0.003964142371969848,0.0001138040097756754,0.0005069994780888543,-0.0020429898649392264,0.0,0.00038874856415471726
2017-05-12,0.0028326337429587234,-0.0003406789084278161,0.005066367312864806,-0.0016708024460800885,0.007552476391047058,-0.005050525657724125
2017-05-15,0.0026534071191921527,0.0022727075423900622,-8.397286228745138e-05,0.005523560490847679,-0.0027180278348692966,-0.0027332773643998776
2017-05-16,0.0043537829852127174,0.0014744229063150538,0.001428009556686094,-0.0009154997803517695,0.0037171132342184166,-0.007439293033840166
2017-05-17,0.018189539837597968,-0.0044159954477669405,0.006124771126166495,-0.017744075590392372,0.014566489317139775,-0.006706259355529043
2017-05-18,-0.008181011348557088,0.0011372683764332425,-0.00016652513771853172,0.004028478651048051,0.0011357924198618363,0.0035743430716501656
2017-05-19,0.0049659454541624015,0.001817465159176912,0.0005839803662734955,0.006504265523446406,0.0023499813942953196,-0.007123134941931841
2017-05-22,0.004187604636601616,0.0030627640031544168,-0.0008338453818390601,0.0050775166008372175,-0.002748549352554308,-0.0015942953346568256
2017-05-23,-0.006338633249028169,-0.00011357035134063054,-0.0030865305493682493,0.00221267073207021,-0.0067278227289284676,0.004391313220486914
2017-05-24,0.003944948993712671,0.001695941644186627,0.0015901705539638211,0.0023326965369403485,0.005630582056327826,-0.003179628453804373
2017-05-25,-0.0010868426783263718,-0.0007901500512604853,0.0004174616967549394,0.0047797407329261965,0.0003246324631509534,0.00119619816542893
2017-05-26,0.00887175702052101,0.0005650561439121127,0.0007512744975410879,-0.00020678509874993978,0.001703945993988043,0.0023895379699219177
2017-05-30,-0.003318413164433487,0.0010164024857259868,0.002337112685281806,-0.0008690992904806238,0.0049402433641787535,-0.001192102263542938
2017-05-31,0.003995366733579031,-0.00011343920303097388,0.0011652229641099243,-0.0002483947606994885,0.002497970812834316,-0.0023865052292781908
2017-06-01,0.0008290372396291268,0.002912189267282317,0.0002168787611245282,0.0079523564117987,0.00010457026342747255,0.00119619816542893
2017-06-02,0.0073724269437449585,0.0005642386763964335,0.004668177976043797,0.003328386295560426,0.011840537659965289,-0.004778985013741632
2017-06-05,0.0009867835373715828,-0.0009032344034085593,-0.002820754390817304,-0.0007371076782578534,-0.006209243987980395,0.0008002460946319179
2017-06-06,0.011254375087548674,-0.0015817110831837233,0.0029120310237571445,-0.003196825993023955,0.005447093132382896,-0.0023990012179867515
2017-06-07,-0.005280272412152454,-0.002036820733540501,-0.0012446241802795965,0.0018502598380383262,-0.004780110482276223,0.0012024308869904576
2017-06-08,-0.006533241668445489,0.0007932076147103562,-0.0017446106665189864,0.0004923132475738168,-0.002641813431690343,0.0036027775515645732
2017-06-09,-0.00912454251071615,0.0007933373178303782,-0.0009981796981778368,-0.001517790347872583,-0.001524828360772612,0.0031910434035271606
2017-06-12,-0.0014932827593217013,0.0016987396576590985,0.00024938209814862056,-0.00020531112406751983,-0.00032184147026670384,-0.001590310345641499
2017-06-13,0.0009970317877492363,0.0018086455858601358,0.0010831623343354746,0.004889938954397488,0.0001610903562956345,-0.0011947689849609588
2017-06-14,-0.00547811789275976,0.00011175934889617878,0.006820716120599313,-0.0012677143982939842,0.01543673977362725,-0.0007975564784872269
2017-06-15,-0.004172926066378535,-0.0038348117827317063,-0.002396339510062906,-0.0019241584589556604,-0.0015841482473214485,0.005985673705118266
2017-06-16,0.00016758836001962152,-0.0016992616297890617,0.0008287670334661268,0.00021850662308953162,0.0019830948176795538,-0.003570089496764073
2017-06-19,-0.007625239321596311,0.0030632008461004556,-0.001241690098495618,0.008325326060896865,-0.0014245045079031016,0.004379076412974747
2017-06-20,-0.0021109516115493943,-0.0035060742847080606,0.002237630971540172,-0.006744367162578202,0.008956284127200176,0.001585448622234198
2017-06-21,0.0028769363429739236,-0.005788265212935517,0.0004960454584326257,-0.00024695037544097964,0.002042125406372497,-0.001978673692313526
2017-06-22,0.0033749707830614817,0.002739670272747352,0.0008264186085265024,-0.0004527941224699017,0.00219462992946573,0.00039651932081130603
2017-06-23,0.004288615406013774,0.00409900476984304,0.0004953041144901693,0.0011941527187200318,-0.0004685876647066989,-0.003170897244468618
2017-06-26,-0.008959220397639522,0.0013599983609657862,0.0018157031242007626,0.0006581613702489886,0.0037560388661390665,0.0015906734716479853
2017-06-27,0.0038019343183648413,-0.0031696626135914174,-0.004531116610567598,-0.00805634612612105,-0.01068137354574239,-0.01111567117575285
2017-06-28,0.0007575454013519778,0.004088584382425875,0.0010763472118366924,0.008950579704066541,-0.0033100582633682762,-0.003211448072714118
2017-06-29,-0.00487806411784153,-0.0024883670526546497,-0.0030585265997357114,-0.008788903142269988,-0.008381365814620567,-0.004832967902969165
2017-06-30,-0.00253552275635216,0.0023808648184755477,-0.0008290551215853759,0.0018643225902787997,-0.002312397683801537,0.0016189053701256562
2017-07-03,-0.016353163532217163,-0.00048783143816522045,-0.0021633481267723242,0.0016958786968392925,-0.003219567023583614,0.006060460140000279
2017-07-05,0.003704025486608087,-0.0007961862396759223,0.001667761788659794,0.0023120972717685095,0.00024074768053239382,0.0004016151531047729
2017-07-06,-0.00042907160833882685,-0.0025026688770783956,-0.002580415393517943,-0.009144536857656815,-0.008273337723793905,-0.0044159014982388944
2017-07-07,-0.010217244173899132,-0.0009126210908889654,-0.0008348196441004818,0.006484988281843185,-0.005993858343995129,0.0016129382690226457
2017-07-10,0.0016481821948142183,0.0011415417743705358,0.0016706871807474766,0.0010742169488606734,0.0014665552876809151,0.0004024933077100279
2017-07-11,0.0012990519121256483,-0.0006843789587354099,0.0004168018897561243,-0.0007428795157368162,0.001708845715405971,-0.0036217173678616543
2017-07-12,0.0035460648934033667,0.006503736937206739,0.004417939348593025,0.007514864839949231,0.00690440272755688,0.0
2017-07-13,-0.0018098688846157618,0.0007940206897301127,-0.001742728207254074,0.0016800162533139318,-0.00629215727287169,0.00040388601045826533
2017-07-14,0.008202356680584888,0.0028322147789181518,0.0023272910939702296,0.0046642024290506345,0.0012173543259956787,-0.00605565993770496
2017-07-17,0.004453235312239068,0.0003385363827383969,0.0009127793765801862,-0.00012215731965870003,0.002756740202132013,0.0
2017-07-18,0.006991215691223296,0.00045150272420335646,0.004308439353374327,0.0005294130568680444,0.008733080302234297,-0.0052801890622614644
2017-07-19,-0.0002539901713813908,0.0016932600277945742,-0.00033010873701222465,0.005413793282884605,0.0004005217565512531,0.0024500325738729956
2017-07-20,0.001354979930841882,0.0005632383714759825,0.0009081631095586573,0.00044560060332266005,0.0028852420194835915,-0.006110018462394673
2017-07-21,0.008626558617128355,-0.0007879260985493852,0.002309426877129983,-0.0008902373238623973,0.004233989152807371,-0.003278759393800068
2017-07-24,0.00041921366315400554,0.0007885474156381633,-0.0011520101200473976,-0.00024315019376119906,-0.0038982564904957995,0.0004111931275545544
2017-07-25,-0.0032687905257637873,0.0004508964919311964,-0.005930564179306819,0.0024309581355010934,-0.013019063765330352,0.0016441903101720445
2017-07-26,0.008072646310579579,0.0014629630576765695,0.00331426118816025,4.062532424176091e-05,0.0016184899421001209,-0.005744985633085786
2017-07-27,-0.0007507202198243634,-0.0007865566699406523,-0.0024772489143964904,-0.0009296734847440424,-0.004928425604281417,0.0037144844824159584
2017-07-28,0.00751316068954333,0.00011264839790880998,0.0026487144123350514,-0.0011732323379725074,0.005927098665021724,-0.006167709153900636
2017-07-31,0.0004971211979458712,0.0,0.0,-0.0005668796738494963,0.0012110862900358565,-0.004137355400614218
2017-08-01,-0.0008281447132181263,0.00099362003539194,0.0036263456287493057,0.002228782129663598,0.007020644424135192,0.0016618556325522782
2017-08-02,-0.002072109381170417,0.00022491166226878967,-0.0015670804719840614,0.00048515199127918684,0.0005620839823545776,-0.0012443238378356813
2017-08-03,0.0015780299800982611,-0.0019173082875466596,0.001404573136723375,-0.0019398084720444464,0.01034346086348048,-0.0024917482173759664
2017-08-04,-0.007794965092940864,0.00022577036038162746,-0.0038777397222800047,0.001822113840669548,-0.008491630565053199,0.008742618719281392
2017-08-07,-0.0011700742821817434,-0.00045116610895823417,0.0002486230897988939,0.001859072850232124,0.0011201566537679675,-0.0004126262696220184
2017-08-08,0.0029286123995055924,-0.004295924229354986,-0.004802543922290292,-0.0024609295466545555,-0.003597785834379308,0.0016515634706588678
2017-08-09,0.012097421498902916,-0.0038600456879043232,0.000997577484251222,-4.029750750356165e-05,0.005456515366405235,-0.0008245142650096238
2017-08-10,0.007419021877765664,-0.006382516255409865,-0.00033210831071761593,-0.014115390507436931,0.008539224286520097,-0.0016500125413385636
2017-08-11,0.004745944156777204,0.001720291340868041,0.001829614914135691,0.0014768561455333895,0.0004749598562328039,-0.003718994268622211
2017-08-14,-0.007085289845225606,0.005267660840239108,-0.0006638258349421777,0.009913083074641671,-0.005141147892490205,0.0041475567313185024
2017-08-15,-0.007709931316675078,0.0003419012762297946,-0.001163219877299504,-0.00012160072869515925,-0.004213495201329298,0.004543581280207487
2017-08-16,0.007356582616572016,0.00011342433707040023,0.002827390875739022,0.0017445291309299282,0.0036725210502324135,-0.0032895450204371013
2017-08-17,0.00508734802014188,-0.0055787316736745085,0.000995048726200931,-0.01559094716817655,0.0074776265794898045,0.0020629395296494213
2017-08-18,-0.0015511047050799087,0.0014887682342505926,-0.00066284943893824,-0.0015631922258200204,-0.00023714680446984548,-0.0032937013237688273
2017-08-21,0.0037612352656932746,0.0010285592810403976,0.001408855935806086,0.000782675512169817,0.0024486145820579175,-0.0028913356124012912
2017-08-22,-0.00448031151993189,0.004111112205925416,-0.000993062201080086,0.010457142305117406,-0.0038605364077448634,0.00414240263325083
2017-08-23,0.003764005301683193,0.00011398161952036467,0.003810679913790027,-0.0035853898627209446,0.006801679215758805,-0.004125313921997331
2017-08-24,-0.003097719565419932,0.0014779556127526572,-0.0018982779259850702,-0.0023307658224421823,-0.00369215281527413,0.002071295896346692
2017-08-25,0.003679752595251218,0.0018169702555392853,0.002316009064559088,0.0023362109831557287,0.0038633509650134457,-0.008267963606576001
2017-08-28,0.015887278895027057,0.00011359404020416797,0.0,4.081400014732672e-05,-0.0006284016939802628,-0.0029177554239910863
2017-08-29,-0.0021654043401579948,-0.0012465205091908294,0.0007419511254336264,0.0011449649823009889,0.0032223353281923828,0.0012541122071056954
2017-08-30,-0.00048221796718150856,0.002723598315668818,0.0008246901325492662,0.004737470227659024,-0.00031315998848546744,0.006263088218513291
2017-08-31,0.011740101940391323,0.002716405318290427,0.001729961302913141,0.006016329885729421,0.0029779335209934032,-0.0029046270538442
2017-09-01,0.0019074699121892635,0.0010198674982588862,-0.003957690677946268,0.0014140544631373597,-0.0076493761837211904,0.002080777492486474
2017-09-05,0.011105834943620163,-0.0022643881879846894,0.00620812067797516,-0.007182170073787297,0.015857846138436216,-0.005398692988933473
2017-09-06,-0.005099651110527015,-0.0006810559073333611,-0.0035372453933172343,0.0034138104142105163,-0.006135463705397637,-0.0008350911398069538
2017-09-07,0.010409331674411826,0.00011380272910943567,0.0038799882668663077,-0.00012163618326788139,0.010236817760069128,-0.007104111939256863
2017-09-08,-0.0012487602904230899,-0.003179632993851378,-0.0029604466379344885,-0.0011745880961643307,-0.002165739511524656,-0.0025251151811139794
2017-09-11,-0.01390950036975469,0.003189775308665821,-0.0030520069520020288,0.010665748938527564,-0.011937872110920456,0.006751007863299074
2017-09-12,0.0029320477853171933,0.0012486859258824534,-0.0010752860097474892,0.0033709416579681406,-0.005256351160962569,-0.0004191205472987569
2017-09-13,-0.007506297144185381,0.00034019413072794435,-0.0009942722352644928,0.00047964509204501127,-0.003943669260615845,0.005869956502318585
2017-09-14,0.004378656548724491,0.0013609948625883383,0.0024873833688292546,-0.00031961009528314044,0.004117378014452555,-0.0029177554239910863
2017-09-15,-0.004993697404288455,0.0009051217840101433,0.0008267286774426008,0.001346068515755805,0.0003945727305465496,-0.0033445537511976875
2017-09-18,-0.009320466663927607,-0.0004521176612258815,-0.0009909474846508948,0.002127081568428002,-0.0057547406564080195,0.0025167372267373977
2017-09-19,0.0020907215740946228,0.0010183877492149218,0.0005783696421417517,0.0010008907816312362,-0.002457693155966778,-0.0029287427470438
2017-09-20,-0.008024393981386213,-0.0001130164372356024,-0.001239623492770292,0.0003601806772790539,0.0007155878500959556,0.007973027545877365
2017-09-21,-0.007603967161635139,-0.0012437288825907222,0.0,-0.0026794427745737703,-0.0005565043907880263,-0.002914206239760464
2017-09-22,0.004564701313993336,0.0010185976881225134,0.0013243909217419692,0.00020038717765213931,0.00286081741474975,-0.0008350911398069538
2017-09-25,0.010467388330802407,0.0005654099170941951,0.0037192447724014865,-0.002044196359370365,0.0062598466256820195,0.00585042828943827
2017-09-26,-0.01116196421162674,0.0012439865777107428,-0.0001643449292823007,0.0006023422538785628,-0.0018111630194997952,0.003323521555557596
2017-09-27,-0.009420139990778287,0.000450859593519759,-0.0038711252463983215,0.003894434105194078,-0.015067295271451453,0.0049690521457399495
2017-09-28,0.001885519931214219,0.0,0.0014884291680161699,0.0011997765601694521,-0.002964120590193242,-0.0028841875328667888
2017-09-29,-0.005155038524977895,0.0014663280416680191,0.0009079593245144846,0.003514834880575801,0.002249797461307157,-0.0008264641364096326
2017-10-02,-0.006662322551317712,-0.0005088860107519411,0.0009342448962854633,0.004338846299818622,-0.0018312432124851785,0.005789845363973756
2017-10-03,0.0004968550936175209,0.0018112644190058091,0.0022316972379861078,0.002139920423716246,0.0009656255541201642,-0.0004111931275546654
2017-10-04,0.002813840376879373,-0.0010168547631654867,-0.0005773533202617642,0.0011865128127948044,8.028085685451991e-05,-0.0012338989940313683
2017-10-05,-0.0053643767904709705,0.0012441777711189594,-0.0014023828689745388,0.005925051536102899,-0.003777802606699354,0.005354128216410015
2017-10-06,0.004729503075844965,-0.0014685708998577462,-0.0008260244798200533,-0.0011386455024529063,-0.002824088456946816,-0.0016386145471446456
2017-10-09,0.0081757826666502,0.00011289884155507579,0.0008267073603371866,-0.0016512431898634272,0.003155706524230917,-0.0016414913859411628
2017-10-10,0.002621229439913275,0.0007918269383042631,0.0006607514651482127,0.002638399499052646,0.0016129317057338444,-0.005343125842165453
2017-10-11,0.0031862694835504968,-0.0010167263831400986,-0.0004955767393433064,0.0015709218700588057,0.0019328848464292836,-0.0028927188226546274
2017-10-12,0.000814386133850542,-0.001131349677217064,0.0002480814974110679,-0.0014900862935428583,0.004259963251131316,0.0020722491202804783
2017-10-13,0.0075677460313676725,0.00045317441664716185,0.003963893603689206,0.0012174971974709958,0.007202698091059112,0.0
2017-10-16,-0.006864791440930884,0.0005653477589813161,-0.0013983997118931502,0.0013335722718665899,-0.0007150497498364938,0.0024812543865504466
2017-10-17,-0.006830966568647456,0.0014712671318637405,-0.00016495274566519225,0.0007050766199185876,0.0012721434099065565,0.0024753013806586566
2017-10-18,-0.003766470931119148,0.0010165843590268508,-0.0014826968882555303,0.000978499742859018,-0.006591263287512805,-0.0012345007393944618
2017-10-19,0.005917656213846323,0.00011304920794308337,0.0014848985427040606,0.00027399283952656006,0.0017583723637482063,-0.002472241376552997
2017-10-20,-0.006373059753138954,0.0009030084638896874,-0.0027188153912461877,0.005160431284613187,-0.010613500527273723,0.0057826712248025824
2017-10-23,0.0015623915833617996,-0.0011271181786817186,0.000991471556643475,-0.0038895071208118193,0.0017741154932231495,0.0012321534189936312
2017-10-24,-0.003858794818776823,0.0,-0.0024755858581743118,0.0017569798343972653,-0.00619930444811756,0.001640630933520848
2017-10-25,0.0001648120231156902,-0.0028223595879819374,-0.002647235077817389,-0.004950021981458108,-0.004780072632241894,-0.002456868761060438
2017-10-26,-0.00840541125580585,-0.0012452365553228262,-8.292964266209957e-05,0.001292958994300042,-0.0033376530572495344,0.010673089990580475
2017-10-27,0.004736970715121469,0.0027197431038015196,0.0029863132510672408,0.008175894026878128,0.006615692331063183,0.0024370032029079614
2017-10-30,0.0019023633137824625,-0.000225551456403017,0.003308180071315947,-0.0037250743283939736,0.009575123307586031,-0.004862064802552912
2017-10-31,-0.003797565383496959,0.00022560234133961465,-0.0014012578013574695,0.0015577536504187695,0.00032153897741427073,0.0008142568481612766
2017-11-01,0.003646328400454868,-0.0009536058576559148,0.0015811371015952425,0.0013223666235884224,0.004452622762918912,0.002034125263438158
2017-11-02,0.0006605716344769696,-0.0005672262635710856,-0.00016539924293534902,0.0003882346166008688,0.004408864622828634,0.0
2017-11-03,-0.004703355749991034,0.00011379412367151787,0.001157051617008964,0.003338996639627334,0.002713551487701249,0.0024360137363772516
2017-11-06,0.008539203746006141,0.00011317163402768671,0.00024764096100304833,0.0015476417459152625,0.003740837360396654,-0.0024300939940271604
2017-11-07,-0.003616953850285376,-0.002840889275339986,-0.0008255483193516655,-0.0006957833415762726,0.004202424938767102,0.0016240709563275502
2017-11-08,0.0034650455582678763,-0.004445122358692433,-0.001321289333832465,0.0017011945479052937,-0.002210765889479105,-0.0004054519544524071
2017-11-09,0.004110828013571766,-0.004922558486164186,-0.0026472652917960415,-0.00362767824893373,-0.0028492138155735702,-0.004054960514663475
2017-11-10,-0.008187996581421442,0.002185395942001067,-0.005722064758447831,-0.0003098640924347196,-0.015079095478281346,-0.0008144427727755366
2017-11-13,0.0014860093226882753,-0.0006882745097582799,0.00016668718816892358,0.000929745384389058,0.0020951703826297408,0.0008151066304797894
2017-11-14,0.0020608359165059653,-0.004250842197383031,0.00025050349316058096,-0.002322373032196956,0.006754512640149368,-0.0069218804266746314
2017-11-15,-0.0012339083538733808,0.0,0.004252007511508449,-0.005005367143078199,0.01086264269875481,-0.0004100129659579954
2017-11-16,-8.23831309511025e-05,0.009806555356690616,-0.0011627510019595055,0.00850098142345157,-0.008691315329407034,0.0012305434366381984
2017-11-17,0.012026351450757033,-0.0006853800564479151,0.001247328130521863,-0.0029386207260384545,0.007412510129611194,-0.0028677391412440523
2017-11-20,-0.012616010451388715,0.00022841234279535882,0.0,0.0017062000426804058,-0.0003959318367053877,0.004930075345036311
2017-11-21,0.0016487064682373376,0.0020569442982998343,0.003320528546902235,0.00654266151120475,0.0031659549516285246,-0.0012263322221545137
2017-11-22,0.009217308019892956,0.0015972789505875884,0.0038888573235651425,-0.0008845478709090804,0.00323528186992883,-0.0077774908648127195
2017-11-24,-0.002527909692056296,0.0006826518486429123,-0.0011538938941229038,0.002309789508163629,-0.002752600594825627,-0.004537958341657378
2017-11-27,0.004169409233999888,-0.003072617970058089,-0.0005776558640213647,-0.0004991349131285849,-0.0014195871930091641,0.001243481938666191
2017-11-28,-0.0001628614521104188,0.003082088049183307,0.0014031316349998324,0.010144636601927104,0.0013425169452112584,0.004138973026649673
2017-11-29,-0.0062698205225436565,-0.0012513301273748834,-0.003957030017083141,-0.0006084490296832668,-0.00985868418833713,-0.0004121159646703898
2017-11-30,-0.007702412605330111,0.00022745396518453198,-0.0011584352019986532,0.008754689929552972,-0.0033457434263760577,-0.00247428014971085
2017-12-01,0.004046225185331043,-0.0003200601699543393,0.0030905283373965364,-0.0020752580544136645,0.013494416835971634,-0.0008268057990800104
2017-12-04,-0.00337195530112111,-0.00034304595199663446,0.0015739647060941664,-0.0012099769199076515,0.00047420615062376825,0.0033099598903518768
2017-12-05,-0.007096885692240984,-0.0005724828652509117,0.001902358271340887,-0.0035964623813847796,0.00497615693058151,0.0016495200998072335
2017-12-06,-0.002077792558461522,-0.0009164428912128431,0.0018982383765588917,0.00018954908569868145,0.003457692395169243,0.002469923509165639
2017-12-07,-0.01315900587216201,0.0004587097921444627,-0.0019770874110849324,0.0031531468915670935,-0.007832027844255185,0.0020535265222876298
2017-12-08,-8.434894941455884e-05,0.0010314368263812934,-0.0012384554990573227,0.005453334314322822,7.904208907483223e-05,0.0016393796969000896
2017-12-11,-0.003966924437765251,0.00022897956084011462,0.0007439777547346704,0.0030129138096903763,-0.0020519623350812033,0.0
2017-12-12,0.0011863349471583629,-0.0004583296576639029,-0.0007434246633227781,0.0017649308873897152,-0.00039591547078809963,0.0016366031110872648
2017-12-13,0.008633065001213636,0.0005727501382617461,0.003471754946829275,-0.00011234272997540096,0.007517282460218766,-0.006944501440401818
2017-12-14,-0.002013911785324396,-0.002059430062966494,0.0018120013164371063,-0.004086142064720355,0.004240497971571777,0.0008227245537917316
2017-12-15,0.0021020768465358497,0.00011506093160162933,0.0013980181423707272,0.008327157404172114,0.003753960023844982,0.004110241172623708
2017-12-18,0.004614893860962033,0.0010312790935955718,-0.0029561184437428834,0.006341583200389023,-0.009115572419933216,-0.0015159658653944863
2017-12-19,0.0007516606979649509,-0.0020613848183391736,-0.005105633877140026,-0.0038408027063699945,-0.012973452749100334,-0.00287245616951437
2017-12-20,0.002670670135530351,0.0008032374678881293,-0.002648617932323072,-0.000523909961978597,-0.011073205526090257,-0.0012345587461568552
2017-12-21,0.0014150005810633637,0.0010481886404742902,0.0026946228540571937,0.0020596675797155406,0.005828763803197967,-0.0004120282551383081
2017-12-22,0.005236513137702126,0.0009205129176017568,0.0007463533911600262,-0.0002613592130353837,0.0013638806336366827,0.00041219809239922967
2017-12-26,0.006862859144246114,0.0014937022448933135,0.0013258138024891952,-0.001196384186239019,0.0029654513384995695,-0.0008239625257294714
2017-12-27,0.0037776687734956127,0.00045897780732429005,0.005546309776979008,0.00048649767804098687,0.013025114770809587,-0.0020619342167641497
2017-12-28,0.005072364396301321,-0.00045876724334092955,-0.0006584197168828521,0.0020574331574176874,-0.0008672399263564001,-0.0028926347011162257
2017-12-29,0.006512031434223742,0.0014918813214139792,0.0013180441337470317,-0.003770332106607155,0.0015787419692057103,-0.0041441882580702805
2018-01-02,0.012131014811884722,0.0009169267481095034,-0.006663352328078798,0.007157071705906848,-0.010799305364907252,-0.004161434024089639
2018-01-03,-0.002636850395774437,0.0048090326790832805,0.001821642553909042,0.006325154384504428,0.004781612588202089,0.0037609415317334527
2018-01-04,0.00512737855482448,0.001709080026271792,-0.0003306823770397038,0.004214942789101395,-0.000158412279906206,-0.003330533198688812
2018-01-05,-0.0010361649479244672,0.0006826941502648953,-0.00033062256109817056,0.006664131852383903,-0.0028560723549528877,0.0008354156793268785
2018-01-08,-0.00015961279955856167,-0.0007958099878720981,-8.285223604131975e-05,0.0018284805597923448,-0.0006365601950250044,0.004590855683405559
2018-01-09,-0.0046284750854691525,-0.0030721031709326496,-0.003640045168789685,0.002263803018188737,-0.013372294514593985,0.0020775437544096054
2018-01-10,0.002405158456580736,-0.0021677056230410274,0.0006643601084925788,-0.0015300414771953763,-0.0012099638268965318,-0.0024877325073802137
2018-01-11,0.003279242310744168,0.003316399156956029,0.0024058469695928952,0.007295751527548022,0.004119482727330759,-0.004156245241980883
2018-01-12,0.012117319941670202,-0.001710203486735229,0.00016572959298777334,0.006519308794421086,0.001688966036225592,-0.010434169682778438
2018-01-16,0.0016540570729914883,-0.0005704372241087663,0.0009104726710447153,-0.0034185348175865826,0.004176140178417276,-0.005482782306864942
2018-01-17,-0.008099385028916384,0.00011415256169211574,-0.0027282566380021356,0.00953172361068555,-0.0013595439446020263,0.002544413574242732
2018-01-18,-0.002219746160232239,-0.0010281332685350142,-0.0038971567288449416,-0.0016806153733215368,-0.009289708055587487,-0.001268929737707536
2018-01-19,0.004449368789751107,0.0010291914144680003,-0.0030798163453209515,0.004549697512842066,-0.005254023582023648,0.001694281382488061
2018-01-22,0.0018193589642852004,0.0009137237431826595,-0.0009184451147894457,0.00813068899230518,0.0009752062779910808,-0.0033828312968895435
2018-01-23,0.004974316982453653,0.0029674138802247008,0.00434593394830185,0.0021221886366595832,0.004302372169610713,-0.002545590101928119
2018-01-24,0.012177899643490031,-0.001479619760716533,-0.0006657972115006183,-0.00038810629828833765,-0.005415872594947024,-0.009782998895880968
2018-01-25,-0.006675468432262743,-0.0006838719217514555,0.005078967976741566,0.0004235808999113466,0.008208885045253966,0.0012885522163961216
2018-01-26,0.0007814808358339587,0.0007989580998799539,-0.0013254091304398807,0.011578156934682893,-0.0037083662384328475,-0.0021449864025280263
2018-01-29,-0.005621994291566623,-0.0035325520697447876,-0.002654421210656066,-0.0066297998295894445,-0.006958320332598689,0.002579516711304519
2018-01-30,-0.004318770545372663,-0.003430412822514217,-0.003410483550218113,-0.01025737056111442,-0.0058666570455101485,-0.0017151554697711902
2018-01-31,0.006703457836465088,0.00172111053089119,0.002086900479327136,0.0004969041016307241,0.00590127781860228,-0.0012888461603279833
2018-02-01,0.003290292152912322,-0.0018866183905156264,-0.0044174079427624635,-0.0011348213660302697,-0.014492677463277537,-0.005161252851747178
2018-02-02,-0.013117887393550687,-0.006338227736100266,-0.005116813481424787,-0.021770251620218284,-0.009279259855806243,0.006052898415090935
2018-02-05,0.002531843471552664,-0.005567710242396218,0.0005901360057032345,-0.04182272662675479,0.009449555803157317,0.004297346584530848
2018-02-06,-0.010496423649786535,0.006064787694686213,-0.0020227319407746247,0.019702445147844472,-0.006213143926109499,0.002139576812574262
2018-02-07,-0.004705665583148222,-0.0037088600773668157,-0.0027854613271177664,-0.005425047397260463,-0.009503144131820074,0.007685583650396621
2018-02-08,0.0015225774502147793,-0.00872771360249569,-0.004318626706079964,-0.03750869906090626,-0.0010940083156597558,0.0
2018-02-09,-0.0016803225174144565,-0.002817066007725799,-0.0032306767397956015,0.01502144406525785,-0.006319046791588123,0.0008475480547858183
2018-02-12,0.004808897328354433,0.006827476807108823,0.0,0.014684581030808497,0.004409010403918945,-0.003386838447004492
2018-02-13,0.0056632293923437604,-0.0031565835067479675,-0.00034182859058862203,0.0024872779284972335,0.004474072831869291,-0.005522666926614628
2018-02-14,0.017052616317100977,0.001759271943539309,-0.0036696226766189666,0.013496219520429342,-0.011093502888941509,-0.00768896484660464
2018-02-15,0.001169844500285011,0.008078287208286739,0.004711180002628934,0.012760121193756913,0.003399329081505309,-0.004304942563452818
2018-02-16,-0.003271582663696204,0.004065513470455917,0.00298389446809999,0.00029303328756546954,0.005420500465539435,0.006917471395720742
2018-02-20,-0.013441710167313103,-0.003470110386863179,-0.00425017343354539,-0.006261140651653507,-0.004380088915934444,0.006440485108777594
2018-02-21,-0.004594377467322608,-0.004527726416372668,-0.00546294785794732,-0.004973860499776328,-0.012268429791186475,0.0038397570456933927
2018-02-22,0.005093103382117992,0.0006996887558274878,0.0013731951088682415,0.0012959986267087054,0.002998436721621367,-0.0033999865640766957
2018-02-23,-0.0012668539845070992,0.006642464133285397,0.004628702837645049,0.01593884608073215,0.008881456021586409,0.0021322776705852142
2018-02-26,0.0024575674654647717,0.0017357833317395155,0.0012796817614271205,0.011612353905273931,0.00033869052565904667,-0.001276683267528722
2018-02-27,-0.01043890649807222,-0.00265794247973683,-0.004345965907811444,-0.012486355252639747,-0.0014386018906433762,0.006391187603772552
2018-02-28,-0.0010388975966705294,-0.0015060818998502423,0.0018828244357464996,-0.010130057053073571,0.006355998088544146,0.0029636647115884873
2018-03-01,-0.0022399902343750444,-0.006628508115252396,-0.001027759082533275,-0.01454082829247838,0.006825970040542195,-0.0033770232242681386
2018-03-02,0.005372018620811936,0.00562973642325848,-0.003172300408123996,0.0051549649784108365,-0.008129090376182813,-0.004235558538498996
2018-03-05,-0.0016747674096407872,0.0,-0.0003443219352328164,0.011557983944431083,-0.002703499385303232,0.0
2018-03-06,0.010784458146907872,0.0013991961593460278,0.0008604884506480115,0.0025349965635099725,0.0009313877425571881,-0.002552086668490716
2018-03-07,-0.006401624645603676,-0.002445513260208809,-0.000344056921868896,-0.0003665723150610978,-0.0011004444217952436,-0.0008527748888289555
2018-03-08,-0.0023862794212923255,0.0011669484032421629,0.001978855050377204,0.004839384990216411,0.005762718363377273,0.006402000664149199
2018-03-09,0.0009568071147663115,0.003614922618158767,-0.003520109471430777,0.01740191350337339,-0.006571905885823237,-0.0012723518892147068
2018-03-12,0.0,-0.0016265995326658622,0.0012920672313185833,-0.0012550721350984562,0.005766953419384935,-0.001273875972986671
2018-03-13,0.0019117242474055995,-0.0031418028307803603,8.656936293616191e-05,-0.006462634554190161,0.0050596015697148555,-0.0025510016056258245
2018-03-14,-0.0006360457292980959,-0.00116715365917619,0.0022361670369250852,-0.005131214856966992,0.008809326863958855,0.00042625430969933653
2018-03-15,-0.006364323323672649,0.0007008091053810617,0.001029962440516785,-0.001089923884169286,0.0,0.0038345570612801083
2018-03-16,-0.0024019459414951205,0.002102666213340987,0.0011147463812399838,0.001084367730588065,-0.0035759914324823283,0.0025468644454489375
2018-03-19,0.0021669685053569143,-0.004079771914745511,-0.003340166746910289,-0.013530436997056805,-0.0031719384944314255,-0.004233765343307216
2018-03-20,-0.004484705499084418,0.001989634886326197,-0.003523082027901192,0.001700602213629887,-0.0040187789718925115,0.005952434061302414
2018-03-21,0.01745640608927701,0.0003505356363864287,-0.0006036755240548253,-0.0019190425702692027,0.001092869838315691,-0.008030467901989247
2018-03-22,-0.003953194075975608,-0.005955033299138268,0.0017253775273000649,-0.024997180997098245,0.009909140450255594,0.001278315271246111
2018-03-23,0.012938539529958382,-0.0025838491256793272,-0.0031872218740268687,-0.021314635668688076,-0.0007481459969644888,-0.0034042298759803247
2018-03-26,0.005250357853935794,0.00647718492151772,0.0035433118636718497,0.02735932288563192,-0.003828094198640275,-0.004696999874846619
2018-03-27,-0.0061584106879087885,-0.0009357848743921648,0.003616576322350795,-0.017012051152739516,0.010692583382698073,0.004719165795999958
2018-03-28,-0.01380496145836152,-0.0004691199960905612,0.0026597502277423413,-0.0029548891734347826,0.00264514272859917,0.008966530491394842
2018-03-29,0.0004771936450476133,0.003398132719650171,0.004535448871958225,0.012777718078648581,0.004863332762757189,-0.0008462789788047376
2018-04-02,0.011686153191860393,-0.0038813384581746213,-0.0005382498455239748,-0.021584382735013508,0.001972959747909009,-0.0004236428044824825
2018-04-03,-0.007543604183229413,0.0028253402482547596,-0.0026499449362654692,0.012816905951837265,-0.00771241256525157,0.0016949028040511571
2018-04-04,0.0011876001018218396,0.0022298579410113817,0.0,0.010699224916869365,-0.0020671176890236787,-0.0004230087423092721
2018-04-05,-0.005140323544257752,0.0008199902074192966,0.00034276395041454855,0.00789179401617024,-0.007457450427659662,0.003808689789861708
2018-04-06,0.004689954877408642,-0.0022236885322541866,0.0029989826649727824,-0.022285778210459406,0.01093593176310792,-0.0037942387116205456
2018-04-09,0.0034021703240154633,0.003752717268352024,0.0005126063018943139,0.004928160194525466,0.001651398961242112,-0.002539126526574509
2018-04-10,0.0023655815524343815,0.0036226863280928168,0.0002562151444978067,0.01590043134043273,-0.0018133468098132655,-0.002545590101928119
2018-04-11,0.007787899955785216,0.00034871649634227175,0.0006827189915987741,-0.005241934617327471,0.0035509552278145673,-0.0008505985334039678
2018-04-12,-0.011630613197024187,0.0036075364431824575,-0.0027296185725175226,0.008226883069365476,-0.007324147248189639,0.0021286465367909013
2018-04-13,0.006555000660688037,0.0005796927635122184,0.0003422338429008853,-0.0029331947272100978,0.002321475732405709,0.0
2018-04-16,0.0014123209845888773,0.0015063279777034477,8.526895894145348e-05,0.008221919809874967,0.00033074693974022296,-0.0033986388002962276
2018-04-17,0.0009402393572395251,0.00046359890805702797,8.560863358297865e-05,0.010698399790466828,0.0027283928537669144,0.0
2018-04-18,0.0007827669207129961,-0.0010410614735965051,-0.005128793104853924,0.0007400463762394782,-0.007998669057818875,0.0021312715484971267
2018-04-19,-0.001955416527053,-0.003126101337773801,-0.0037809053773748547,-0.005547201244912925,-0.008146660403613781,0.0029775314693321064
2018-04-20,-0.007601890535287481,-0.0024388711150574727,-0.004053662284008164,-0.008479434393567131,-0.007207150868804302,0.005937093986205122
2018-04-23,-0.007975949843974872,-0.0026780633866778647,-0.00043369131317883003,-0.00015032054350105906,0.00025349277347741506,0.006323923513624985
2018-04-24,0.004855919415812648,-0.001985049711076825,-0.0029452998044817713,-0.013467338454155042,-0.004557838260280556,-0.0012567983406286398
2018-04-25,-0.006496075996334616,0.00011695570246450515,-0.0031279412610011326,0.002471683063573815,-0.0066976590878548015,0.004194599567872048
2018-04-26,-0.0035085115107064135,0.003509694377853423,0.002963622901868801,0.01016593667489496,0.006999125752290336,0.004594786236298054
2018-04-27,0.004241008034887361,-0.0004669484638967214,0.0022594217153670826,0.0009387949643657745,0.007713402125385738,-0.0008315946795391937
2018-04-30,-0.007251025196090666,-0.0006990483998624564,-0.0008672794162606356,-0.007690393265931017,0.0017661000834570117,0.004161434024089639
2018-05-01,-0.007063145351023148,0.0007372011420352376,-0.0027071194229391082,0.0017769106326233075,-0.0036014755784726793,0.00663089027259578
2018-05-02,-0.0004849855228984401,-0.0003503617682625304,-0.0007850978330611325,-0.006717606517736119,-0.0010979391553075368,0.004528578576247444
2018-05-03,0.005095004008440096,-0.00011737284177626428,0.0001744265418170965,-0.0022037867711650616,0.004480916219657738,-0.004098423489114711
2018-05-04,0.002092067418605348,0.0007031621939912469,0.0013976426839015232,0.012946321787342452,0.0015151485936650833,0.0012345587461568552
2018-05-07,0.0002408766587147504,0.0009359835812312589,-0.0011339335867635025,0.0033835803145312315,-0.0015973273485433426,0.002054967064181623
2018-05-08,0.00016052535213439967,-0.001519924924858529,-0.0003489658123024819,0.0,-0.0009254445094457608,0.003691710632309997
2018-05-09,-0.0020868008225221057,0.0016400880269080709,-0.00017467634734702475,0.009665620281254839,-0.005981795814238744,0.0
2018-05-10,0.0068366320405601755,0.002923263119645414,0.005066233961565247,0.009350572166009208,0.008052095090838485,-0.004495266844946055
2018-05-11,-0.0014379318160805399,-0.000349636273906051,0.0017382622020378768,0.003051293068672578,0.00252272616550675,-0.0016421174616348955
2018-05-14,-0.004080017089843735,0.0002332175719950147,-0.0018217009833411124,0.00047627732630095565,-0.005284297799474147,0.001233543491552691
2018-05-15,-0.01614583132241265,-0.004898663819003057,-0.007562227394764642,-0.006886603812301217,-0.011382971522732155,0.006160118683454563
2018-05-16,-0.0015512935679184991,0.0012899365739180713,-0.0013139659070591225,0.0042048685215865245,-0.003837821863910462,0.00244914778390104
2018-05-17,0.0005724073456552237,0.0005846827407369748,-0.0019287392078435328,-0.0008450253989658041,-0.005051327238070558,0.0012213963073914869
2018-05-18,0.0004086552101045804,-0.0010531736791562496,0.004128846977103473,-0.002499640228788458,0.008605308537182887,0.002033239038189638
2018-05-21,0.0005718461950008358,0.0014055305435425325,0.0006130314462557962,0.007518666844006816,0.0005120794726494182,-0.0008115898023144386
2018-05-22,-0.0005715193738216051,0.0007021866740029026,-0.0010495215268251368,-0.002780220815829626,-0.0015348009772716553,-0.0004062634803503329
2018-05-23,0.001061982268841355,0.0008175563120942364,0.004289377129444549,0.0027511081327251663,0.007259201602768384,0.004063451799468432
2018-05-24,0.00856859323093273,0.000584267290138385,0.002789815989959532,-0.002048605877967735,0.007969926406359074,-0.0012140744011969185
2018-05-25,-0.003074660285441455,-0.0016337723879038535,0.0029558230558419663,-0.0023825827014191114,0.006224999594517389,0.00486210825494604
2018-05-29,-0.000162297242228715,-0.004207819535265611,0.005285985243046465,-0.011501169328692384,0.021902953328589048,0.006854880877716241
2018-05-30,0.001461160009810003,0.0030519852570944916,-0.003879602115975378,0.013344879828558698,-0.006708802145192538,-0.007608983999894736
2018-05-31,-0.00218857312515075,-0.0009362255352760585,-0.0004323663608813977,-0.006125924921870141,-0.0016468828208557884,-0.0008072805846810471
2018-06-01,-0.004955325896935703,0.0022821034998334877,-0.001919422785629732,0.009817409290167944,-0.005283458821747078,0.00161549712787723
2018-06-04,-0.000979631964080463,0.002113291151276675,-0.0022627659070284523,0.004751800724398292,-0.00723214661026228,-0.0008062618010983291
2018-06-05,0.003922495029546447,0.00117129612842648,0.0006976454926437281,0.0007271782118638548,0.002344392268871953,-0.0012106447263083853
2018-06-06,0.0005697980927446,0.0024568983345854,-0.0036605468853354584,0.008360709542122757,-0.008103168787669368,-0.0028283538766622485
2018-06-07,-0.00048810250152531154,0.0003495367759824841,0.0033245324947863697,-0.00010793500296046865,0.009685182641002266,-0.0020259169492352624
2018-06-08,0.0012209142530825723,-0.0005827852802465783,-0.001657373836285836,0.002956082395544124,-0.0030026313634342605,0.000405913313289874
2018-06-11,0.0017884823744616085,0.0018679186823817862,-0.0009604205274914568,0.0013301491685016043,-0.0018405782899082457,0.0008116823755781599
2018-06-12,-0.0033271415316106223,0.0008160531626544287,8.772350538532869e-05,0.001292367752979251,0.00025118953851044346,0.002027652702246696
2018-06-13,0.003012561044629436,0.0003481430897740445,-0.0009619647495281436,-0.003190936018216517,-0.00050281150712983,-0.001618765868262595
2018-06-14,0.0015422908372948463,0.002910575805916915,0.004549995371734505,0.002517869220101554,0.008300124372925932,0.012971124159162573
2018-06-15,-0.01653429211330959,-0.0005805466512140978,-0.0013935222997826235,-0.001275844287401795,0.0009141516937540839,-0.0008003142840035116
2018-06-18,-0.0018954650937899054,-0.00011629770977494847,-0.0010466881499138214,-0.0020570466174786306,-0.000913316783669349,0.0
2018-06-19,-0.0025596363391253707,-0.0013928455352510971,0.0005239364552256376,-0.003832676942913338,0.005820323464797328,0.0028034348997272307
2018-06-20,-0.004470206141435118,0.0010461080165906633,-0.005585054208707363,0.0017060764098606462,-0.008762782025649507,0.0007987161512374996
2018-06-21,-0.001746208886931222,-0.0020905673683687676,-0.0007898162907132855,-0.0062689611892233765,0.005254066469230212,-0.0027933665168297095
2018-06-22,0.0024156041546103957,0.00011578721260563363,0.0012297710893252045,0.0018231699413020497,-8.311247693670865e-05,-0.0036013230012954534
2018-06-25,-0.0037393797734436296,-0.00232840725548189,-0.0009654284094096077,-0.01361260088929106,0.0022400358266674303,-0.0016063221762876445
2018-06-26,-0.0052547940330739396,-0.00011570647171810222,0.003337059280819288,0.0022142012462629257,0.0014076640274280905,0.005229061138083635
2018-06-27,-0.005701830395735019,-0.0021011189043854683,0.0034128051194635134,-0.008284451353041455,0.00942374381637423,0.0060024484067466854
2018-06-28,-0.00303593021413906,-0.002805789326228325,-0.001308004032990473,0.005717379708528814,0.0002455077080685264,0.0
2018-06-29,0.003637288959023266,-0.0023454037712089537,0.0005233231991939036,0.001439780509145061,-0.0034385253941427996,-0.007955300283800981
2018-07-02,-0.010029518972628937,0.0009563757852968369,0.000131422562533956,0.002137777771863636,-0.0007819923475066437,0.004811420169679614
2018-07-03,0.01013112932642235,0.00011808241228372651,0.0036767957879895175,-0.0035310606751354223,0.005356161315934083,-0.0031923148515184963
2018-07-05,0.003371272825408722,0.003773503641780529,0.003139367759394718,0.008157693451344095,0.0028682542325597638,-0.0032025383622950043
2018-07-06,-0.0015959885471287238,0.0025846959819959547,0.0013912479445983283,0.008458506477268424,0.003269628058257812,-0.003212827565825971
2018-07-09,0.0024398528860691826,0.0015243678112812908,0.000694788475363195,0.009004205420236167,-0.006435739058036072,0.000402805985276089
2018-07-10,-0.001846422307055895,0.0001168732010694562,-0.0011282146659357117,0.003598564359874601,-8.227083715406369e-05,0.0004027356628308887
2018-07-11,-0.010846724226159843,-0.0015212632476196974,0.0019981116670106935,-0.007314438061211015,0.003854191615506819,0.006843933701722316
2018-07-12,0.004165231777556899,0.0031637271490689844,0.0021670520578844776,0.009065718511836796,-8.157363378713534e-05,0.0007995829436655555
2018-07-13,-0.004401901762097649,0.0,0.0007783926548259323,0.0007879049180588016,0.0025324819176630875,-0.001198552878627468
2018-07-16,-0.0005101399394812356,-0.0007005491492553251,-0.0016419566415338815,-0.0008944487735021989,-0.004155349638113148,-0.0016001706556730833
2018-07-17,-0.01080394929383155,0.00035092411138171187,-0.0006928903616774118,0.0040455457274481965,-0.0018822154085093024,0.004407202238090324
2018-07-18,0.00025798744076199753,0.00046703917623425184,-0.00017325559102066013,0.0021032781462615446,-0.004017133204370027,0.0011966405626393506
2018-07-19,-0.004298856594405098,-0.00046682115246765576,0.0015600061333871373,-0.0037710066790309638,0.006337853079153799,0.0019920172091385524
2018-07-20,0.006476124823511453,0.00046703917623425184,-0.0029417019700478386,-0.0011431908377254052,-0.012268609835778155,-0.007952318557831517
2018-07-23,-0.004804371742649027,-0.00035063724551975817,-0.003990927434129876,0.0018594962334967935,-0.012338539336937737,0.0016031946872234748
2018-07-24,0.0003448354786839136,0.002103350036169571,0.003135898970113793,0.005031885396618474,0.0034374688808249676,0.00040024841872199346
2018-07-25,0.005515334234738045,0.0018650934121544616,0.001302619979350883,0.008522504783066376,-0.00158752602773371,-0.004800055766011169
2018-07-26,-0.0077991400388178755,0.00011690434871436395,0.000953849153700892,-0.0023590519995562165,-0.0019248228110985144,0.006832838993306556
2018-07-27,0.0005183138095208317,-0.00034953263498749276,0.0013001212737930867,-0.006776410604556249,0.0016766924295963381,-0.0011975959572394501
2018-07-30,-0.0015540041641225466,0.0003496548507688768,-0.0013850069646238472,-0.005223556949329411,-0.003432002851929239,-0.0035971869063016193
2018-07-31,0.002939873181190933,0.002094112684093652,0.00311949858697691,0.004929476797564281,0.005459721791789995,0.002005692539896131
2018-08-01,-0.007328204929526905,0.000898123872203449,-0.003525937012940572,-0.001670599213588364,-0.008146581149089505,0.001201043199112295
2018-08-02,-0.005384772884042377,0.0005822409493876357,0.0012172720310548168,0.0054476984410516405,0.0014351944443178333,0.005597627827930607
2018-08-03,0.003492853105171001,0.0008147832129012933,0.0031258871952151157,0.004285031377888382,0.004973426257785407,0.0007954041782392007
2018-08-06,-0.0051339744804317355,0.0018617320146905314,0.0009526790094012139,0.0036667983186371433,0.0005871015623677422,0.0015890002828373717
2018-08-07,0.0022740706959851753,0.00046485118267969305,-0.0031137875533643333,0.003301982137433823,-0.005197445385417443,-0.0011899047650930639
2018-08-08,0.002792628802213759,-0.0005804777586940757,-0.0015616697785543199,-0.0004200270688123897,0.0010113185551989812,-0.0011915035011342834
2018-08-09,-0.0014794690881722028,-0.0006971910581282659,0.0007820997592722367,-0.0013659325709972636,0.008417810050949104,0.005964261592380948
2018-08-10,-0.0004357279352805721,-0.0017424604869969995,0.0016496737733553424,-0.006700131950002963,0.007263291487066281,0.007114662065948574
2018-08-13,-0.01508416880379293,-0.0006989620477030334,-0.0002600092254609887,-0.0037432215575565753,-0.002072485366219845,0.00039246176205831595
2018-08-14,0.0009738014451408095,0.0017476583896858244,0.0013002973151237107,0.006380561267586238,-0.002241739020069078,0.003922898989959567
2018-08-15,-0.016626844065553037,-0.0017446094084164754,0.0020788678013874407,-0.007467534118874575,0.0058260554329880865,0.0
2018-08-16,-0.0008094609704913935,0.0012817587111444428,0.001295741440110465,0.008091672105241532,-8.253432470761712e-05,-0.0007813713789707188
2018-08-17,0.009270916232611892,0.001162924485790473,0.0008633730902554149,0.0035201632067967115,0.001241490887521124,-0.005084134472783219
2018-08-20,0.0049942495470025605,0.000465496062615145,0.0025864154063222067,0.0021399059227742434,0.006695017147190008,-0.002358473225716029
2018-08-21,0.002928336094692563,0.001510375938887698,-0.002494039086212263,0.002345584650513377,-0.0033663080245404098,-0.005910211802736431
2018-08-22,0.002211997942183075,0.0003478179413913818,-8.591831640203385e-05,-0.00059390885921351,0.003954332258105042,-0.0027744545138362886
2018-08-23,-0.009446452957847074,-0.00011612069103117406,0.00034474012835605805,-0.001327703273966252,0.0015593052980982236,0.006359344437670167
2018-08-24,0.01746886601762876,0.0017397511589138936,0.0019822639270481446,0.006018366308697232,0.0019664678242179434,-0.004739301482743374
2018-08-27,0.00376657902932398,0.00034733265650710443,-0.0015482454124217115,0.007895608501987894,-0.005724016137484966,-0.003968315030682179
2018-08-28,-0.007941321771505638,-0.0004629715365099818,-0.0037909291516561305,0.0004828694642486919,-0.006003824464487217,0.0
2018-08-29,0.004574213948543848,-0.0005793975142418528,-0.0010380447925172342,0.005380980970962401,0.0013236249721924054,-0.0015936137673107087
2018-08-30,-0.004903656511020316,-0.0008105636530341132,0.0009522405079518403,-0.004048488445578147,0.0021487328281160067,0.0007979876911285988
2018-08-31,-0.0011439392301669793,0.0012753176623583329,-0.0014705754832980977,3.4818026073635266e-05,-0.0023091426022192607,0.004386114898639049
2018-09-04,-0.005109698001402485,-0.002081955236766908,-0.0018412956510495126,-0.0017227217369184533,-0.005781046544617308,0.00436677980233946
2018-09-05,0.0034534613352918964,-0.0010477415555744107,-0.0006101413443363457,-0.002691452514808179,-0.002666419109071616,-0.0035573761121251435
2018-09-06,0.0019414156485668688,0.0008153280609495273,0.002787313882726128,-0.003010184060565968,0.0036754073417117894,0.0
2018-09-07,-0.0027302937827557994,-0.0010484519955769045,-0.004168394599456615,-0.0019434110532711157,-0.008489305054911855,0.002776655572289455
2018-09-10,-0.000706542689065337,0.0019835540803032625,0.0033139956622965094,0.0017388361572485689,0.0036936987654030418,-0.0019778336459639334
2018-09-11,0.0006186451072049959,0.0002336367329882627,-0.0022603058355233907,0.0032973498586470473,-0.007610593425823153,0.0007927916981174121
2018-09-12,0.008390716640166218,0.0023275102468962583,0.0020039104600102497,0.00024204455451481977,0.002359765464726493,-0.0035644203690765597
2018-09-13,-0.003591101333891067,0.001859077482302851,0.0020872481185783,0.005914565510897196,0.0015133525989081686,-0.002782173527738574
2018-09-14,-0.006504970809317334,0.0009271848369425406,-0.0012151698926503585,0.0001721179144840157,-0.004784843253026416,0.0035871509864460194
2018-09-17,0.005220350246058381,-0.0006950586929999059,-0.0006080202402487522,-0.005294433499161366,0.0,-0.004765742240642634
2018-09-18,-0.0014963310274801467,-0.00011630984412891454,-0.004085997625175697,0.005425988518506175,-0.010460277086394298,0.0015961574257592481
2018-09-19,0.0038786565809445506,-0.0018545534112640594,-0.0014839422943707659,0.0010659868302171915,-0.0059671441397964875,-0.0003984034418277327
2018-09-20,0.0034246522572403126,0.0013938310209051785,0.0026228859049437503,0.008103497919820457,0.004631099515223447,-0.007174211059974622
2018-09-21,-0.006825928084458366,0.00023209222062514634,0.00017411694907365494,-0.0009134232821055299,-0.0004271353517645293,0.003211538095259092
2018-09-24,-0.00017619740455376842,-0.000464010511655899,-0.002266524376834278,-0.0033219226853878903,-0.0025616454500784203,0.0
2018-09-25,0.0015863250483771907,-0.0008117162750835849,0.0,-0.0009281251073129937,-0.0010273869151594672,0.000800496837444209
2018-09-26,-0.005279352979018381,0.0010446440624831688,0.0035826468376516374,-0.0029921349192821856,0.007027724441017957,0.0003997458699767087
2018-09-27,-0.008845643281780058,0.0018561416377218531,0.0013060326194025418,0.002794263371513006,0.0006808173962731257,0.0071942826453350595
2018-09-28,0.006336448595585464,0.0006943916453505672,-0.0006960071921032762,0.00010325518748399709,-0.0026365434756550066,0.002380934708767324
2018-10-01,-0.001685016298391906,0.002893438036656093,-0.0013790697253757145,0.0034741724456721634,-0.0073412280862369395,0.0015835195491882281
2018-10-02,0.011548397044346626,-0.0008111454667818485,0.0008739725640889429,-0.0005828312553349813,0.00611286519713472,0.0015810159794771295
2018-10-03,-0.003951915050342092,-0.0026668943471399587,-0.00585031158331939,0.0005488945807812229,-0.017371479208240004,0.00315704062727451
2018-10-04,0.0005290529796950771,-0.003721225715202725,-0.004128393194640867,-0.007815814321058157,-0.0070537945429975935,0.0003933881360813629
2018-10-05,0.002819877382429281,-0.004435489917730462,-0.0038805416095722967,-0.00559690396011725,-0.008594696619153908,-0.0011797900255404725
2018-10-08,-0.011072074713894375,-0.0022272256727398076,-0.0010624042980350579,0.0,-0.003361779264925535,0.0011811835741395438
2018-10-09,0.0005331220730910857,0.001527408893693405,0.0028361795223121877,-0.001459511343140485,0.010119105513596738,-0.0003932334427103612
2018-10-10,0.00248666770063255,-0.007156255016818491,-0.0027401774712743077,-0.031663052448439366,-0.002724607622332842,-0.0011801644082443108
2018-10-11,0.025691013434101517,0.0008274877484051313,0.0041656271732770644,-0.022026555238311984,0.012159923969601083,-0.005513941262366928
2018-10-12,-0.004750349180877911,0.005313142626167888,0.000176504809030531,0.013888459248875273,-0.0034820809632299943,0.0031682933619954223
2018-10-15,0.006682258271583086,-0.0007045236399996213,-0.0018531932587940725,-0.0056171271154378255,-0.0004369871533197456,-0.0023688052882576693
2018-10-16,-0.0017241116227775244,0.0034077096834197462,0.002564191559944362,0.021865905303621203,0.0022722542879138885,0.00039572326415004966
2018-10-17,-8.63742311474347e-05,-0.0019915505095337016,-0.004938653880726118,0.00017838700190409007,-0.005929345925148599,0.005142457709143455
2018-10-18,0.001122698440194414,-0.004224635672794519,0.0,-0.014440851306447122,-0.00035094824742787356,0.004329062231313019
2018-10-19,0.0007764317521294917,0.0005894918356585954,-0.0012408354605555338,-0.0005426579280063404,-0.0021937203842985475,-0.001959322495044047
2018-10-22,-0.002586010225269386,0.00047122188296300216,-0.0012420233947413317,-0.004489068627283932,-0.0013191426245252602,0.003533632511890872
2018-10-23,0.005876763551604158,-0.0009418660111264465,0.0014217642801399588,-0.0050905536625024395,0.00317010752252056,-0.0015649336353374954
2018-10-24,0.0023198236435848507,-0.004949860255082261,0.0014190385596082322,-0.030298635218924508,0.007549153798018793,0.005094006096325376
2018-10-25,-0.002228717024418514,0.0020133851330252917,-0.0012398661728386662,0.017940668173971552,-0.004182020297587075,0.00272902469114622
2018-10-26,0.0031786521678458524,-0.0044910459276269465,0.0016856987204845186,-0.01758740734132458,0.0060370812472627655,-0.002721597384684027
2018-10-29,-0.003939360261170033,-0.0009500755416699258,-0.0011514364853958403,-0.005540248744282494,-0.0022610722610723055,0.00272902469114622
2018-10-30,-0.0043847864976440665,0.0023768395661329933,-0.0022165749063721707,0.014818429361150187,-0.004968636198660503,0.004276973262310024
2018-10-31,-0.005613139108367582,0.0,-0.0028428954968542364,0.010680698322676374,-0.00508017219078627,-0.0003873204393128882
2018-11-01,0.01285276342099273,0.004587184716564607,0.0030303423100668248,0.010642124076987614,0.0009268580683143846,-0.006583995100167717
2018-11-02,0.00017151910256396619,-0.0005930293190904434,-0.00401069400381282,-0.005923069853107976,-0.01243300427990568,0.0023390750929097592
2018-11-05,-0.0024003324100665413,0.0008304920203687782,0.0017896888929176402,0.005517285913999803,0.003928343583202487,-0.0003888621642881285
2018-11-06,-0.002835798085983776,0.002608804724329117,0.0016972468884768332,0.0063275811745915345,-0.0006224916429617977,-0.002334524396680804
2018-11-07,-8.619558903444346e-05,0.005794576434880794,0.002586103446794663,0.021409104171820292,0.001334741528936867,-0.0019503303186823029
2018-11-08,-0.0021546152083956605,-0.0024686930161543774,-0.0029354176320804948,-0.0018151949133132783,-8.844577675604093e-05,0.005861711527777036
2018-11-09,-0.011228151978489587,-0.005657891788835356,0.0007138000305648706,-0.009768253423452,0.007465667952716748,0.001942665061396509
2018-11-12,-0.007162820324765118,-0.006164538903219774,-8.923882469635824e-05,-0.01868501967661307,0.0065287087005121425,0.008918119086324339
2018-11-13,0.0003518677181439944,-0.0016695032657607634,-0.0013374622958878257,-0.0018711506477800954,-0.0006137364061140627,-0.0034588523160530293
2018-11-14,0.008267391966898296,-0.0019116289805467535,-0.0026777977374364825,-0.006836741619247189,0.0006141133098098717,-0.003470857499554003
2018-11-15,0.0011339606953078007,-0.00023958904992715802,-0.0018797757781121582,0.01043676023628115,-0.0004381237837918217,0.002321875932396189
2018-11-16,0.00740616997802257,-0.002993277842103459,0.001972912882251876,0.002600338225109855,0.005787023754669995,-0.007335941781701161
2018-11-19,0.0004324115306661991,-0.00312210773625754,-0.0009844251934628678,-0.0169142814274863,0.0027900165526151266,-0.0007777243285761459
2018-11-20,0.0,-0.0031319539723529966,-0.002419134195706163,-0.018506313674891417,0.0003477305913039963,0.0050602082293755846
2018-11-21,0.0016426250921932617,0.005075163502357816,0.002155912848748276,0.003407589463801264,-0.00034760971677172403,0.0
2018-11-23,-0.0007768338236752159,-0.00553111821965957,0.0004473071150488117,-0.0066785842158227915,0.0010432736313961133,0.0019366458322493951
2018-11-26,-0.0011228924348919422,0.004715315051088131,0.0004482635857492312,0.01614414477193593,-0.0022577296986474593,0.0019327261410821972
2018-11-27,-0.00596681464067883,-0.0004806942474834264,-0.0012537576049068688,0.0033643408908763384,0.0011310914594111487,0.0027005970829363513
2018-11-28,0.0037407596049732206,0.008307320950462938,0.002689703512960495,0.023025565592583508,-0.00486881604939382,-0.005002062031923327
2018-11-29,0.0031201301691909933,0.0002383126974667693,-0.0028611374724034633,-0.0021854558093505894,0.003931780474465851,-0.0015467790857049968
2018-11-30,-0.0017279847238081958,-0.00202915974201634,-0.0006272439174748179,0.006095665884432666,0.0037430727465068703,0.003873114979357384
2018-12-03,0.007529883500850154,0.006920898984676738,0.00371673015067131,0.013241432862157732,0.00709967737719297,0.000385711581546877
2018-12-04,0.00609912432039339,-0.006205445571503043,0.00017976430901711637,-0.0324025211981831,0.01674138545287862,-0.0019282541664188413
2018-12-06,0.0001707363609755319,-0.0034818601497020873,0.003047722174269074,-0.0015176737951152486,0.0031407707748385416,-0.0003863077650416713
2018-12-07,0.00810992789134457,-0.001928812480447517,9.00796231309009e-05,-0.023235448221157196,0.001861442874542707,-0.0027059047693279714
2018-12-10,-0.003471894702593792,0.0007254759057349069,0.0030380996291761164,0.0018967382063026506,0.004137924140992677,0.006589009941291524
2018-12-11,-0.001189661703648759,0.0018092495599173475,0.0017818600996359901,0.00022752243876067446,-0.00016788124467870258,0.0026954859722567726
2018-12-12,0.0021269354947484054,0.0032516358553060787,0.0010675666489501356,0.0050353885038609825,-0.004458647343728028,-0.0038402175188900767
2018-12-13,-0.002207336227265433,0.002400149099249571,0.002665366733774377,-0.00033920644386520316,-0.0023661016707006155,0.0
2018-12-14,-0.0039989894119348834,-0.004190827615451975,-0.00106333012079729,-0.018464586135084393,0.003472641560921641,0.0038550216405297544
2018-12-17,0.0069195729103175285,-0.006493413705211615,0.001064461995299304,-0.019618519767030995,0.005823812699282893,-0.0026882398594255674
2018-12-18,0.0023754880187698557,-0.0018126406326791633,0.0035735296155992025,-0.0010963338355293173,0.005988965119533729,-0.0003848812125005763
2018-12-19,-0.006093958623821227,-0.00901553826698931,-0.0007972147136114938,-0.014975813260904802,0.013210678991963709,0.0003850294030840473
2018-12-20,0.015413416962360094,-0.00872820043031497,-0.0032797615615969278,-0.016277674849830115,-0.003630710167341844,-0.007700961878051693
2018-12-21,-0.004360924625816387,-0.004960849593980909,-0.0009783889873441476,-0.02048973308257873,-0.00016601819447648047,0.0065966798590821885
2018-12-24,0.010950096100037499,-0.007478792656588351,-0.0023144292181599413,-0.026422900275708483,0.004970349692062337,-0.004442156209275572
2018-12-26,-0.002999441684935489,0.016827782812596226,-0.0008034710937536715,0.05052479699563417,-0.010715649343632228,0.005088298424003712
2018-12-27,0.007604847107346435,-0.0006174159477729813,0.0,0.0076775285951553585,0.00016685804198757204,-0.004283578447160652
2018-12-28,0.004064011487183938,0.0014831570381523829,0.004733045699572669,-0.0012900248026299632,0.008413878805389574,-0.0027375602211617833
2018-12-31,0.0015694898830167503,0.0007400652806741626,0.0027555393454685717,0.008758297536001436,0.0038002020250815782,-0.001960704664246915
2019-01-02,0.0006598089159148834,-0.0013560824732578025,0.003101982089664057,0.0010407188747927343,0.005266731532274083,0.007465581021931289
2019-01-03,0.009066170423806419,0.0004939352270076913,0.0004417823940037202,-0.02386295833822394,0.011379264366355724,-0.005460260425825814
2019-01-04,-0.00808623590052937,0.01678350073323931,-0.0006181873651637249,0.033495780267079445,-0.011574834387855226,-0.001568652230818146
2019-01-07,0.003458482876331992,0.009710029145462595,8.861631039014384e-05,0.007884782452777905,-0.002948431043903743,-0.004320504629409694
2019-01-08,-0.00270804061547536,0.006491010464596547,0.0022090193293768934,0.009395262962427209,-0.002628175815071243,0.003155868477645596
2019-01-09,0.006418158373500793,0.0011944628816458192,0.00379175813642485,0.004673519217947009,-0.001564777111098592,-0.009437732168397717
2019-01-10,-0.005886691481276518,0.0039371652918058775,-0.0026351798635744217,0.0035275304068795865,-0.006433478544507931,0.0059547710466325565
2019-01-11,0.001727170986037363,-0.003208629446289857,0.001849334518590151,0.0003862910955105825,0.0039015898792049697,0.0007892339301125428
2019-01-14,0.002380897199235621,-0.00321915833508446,-0.0026372651984152284,-0.0061008191753432195,-0.0037209791792706115,0.0
2019-01-15,-0.0017200351443329431,0.003349272193888586,0.0006171949199855753,0.01146077867807116,-0.0036519605593549054,0.003549018854062558
2019-01-16,0.003199863787636481,0.0015494609956112626,0.00193807463373874,0.002419801359336393,0.0009992637455948916,0.001178733947697408
2019-01-17,-0.001308546962521917,0.0027365280772784217,0.0020219617514911636,0.007586796792347084,0.0002501124804255017,0.0
2019-01-18,-0.008926410300850951,0.0028488658253111865,0.0017547248937912485,0.01330976584335719,-0.005241614360460778,0.0031396783550137197
2019-01-22,0.0035531343340227117,-0.006627187534721135,0.0016644317208269754,-0.013510372850535468,0.006774852150128963,0.0
2019-01-23,-0.0013997379433262624,0.002025031840196867,0.0025357773818046603,0.0020925617652312045,-0.0004155816816141522,-0.0023474107936221067
2019-01-24,-0.0015666428373899421,0.0010701795621226307,0.0026163038927269344,0.0005313648312694763,0.006565929677368132,0.005882379491002565
2019-01-25,0.01461726258147622,0.0024939501870329117,0.0008701403711992572,0.008461623970256849,-0.004789528251817554,-0.008187153642841283
2019-01-28,0.0034999210730881636,-0.0015400331593203864,-0.00017413411809774626,-0.007600205785696756,-0.0009950463052628145,0.0007861315815012038
2019-01-29,0.005596580714432919,-0.0005937660944662637,0.0021741385358913234,-0.001327132865382774,0.005065641729282255,0.0003927570320438889
2019-01-30,0.005726722578225818,0.007955123796057562,0.004597041073223895,0.015830757943781526,-0.0007436888469052327,-0.005104014056085182
2019-01-31,0.00048117377030232333,0.002473189127237152,0.006993964050179491,0.008782750371553627,0.008600013065312107,0.001973084825281024
2019-02-01,-0.002004008016032066,-0.0004839867175973067,-0.0023822092718800425,0.0004811543974290178,-0.006039394786643504,0.0
2019-02-04,-0.004337356751223598,0.002361475479397912,-0.0013793820680501057,0.007035688027001719,-0.004464096607716406,0.0027570569645709586
2019-02-05,0.002581475453272253,0.0035346568861258643,0.00405713353263093,0.004191406805929887,0.0045669620384964915,0.0027494765012341382
2019-02-06,-0.006758902044908588,-0.0009391111189132051,-0.00189101407067771,-0.0013178775462198145,0.00049583241838147,0.003916801167668238
2019-02-07,0.002430293392984062,-0.0034074368287332346,-0.00017249035643285282,-0.009532803311748106,0.006610191672691279,0.002341175966110498
2019-02-08,0.0037982966608789415,-0.0002356539258285828,0.0024987864248458003,0.0012215375792532512,0.004268056545379206,0.0011677220644039643
2019-02-11,-0.004911042708701019,0.00047141894338187385,-0.0022342960597456774,0.0005541037423861805,-0.003923218419264796,0.003887954675771965
2019-02-12,0.002103577179937588,0.004833121742023216,0.001377854320531391,0.012860044985230523,-0.0025434834629459724,-0.0034856160651589585
2019-02-13,-0.003956062177902009,-0.0014077730910918573,-0.002580779052998361,0.003246640998669781,-0.0037843414565145173,0.005441249191109998
2019-02-14,0.005592889654295163,0.00011733232440636066,0.001121468839059947,-0.0022184042733530696,0.00569807564867153,-0.0011596843676571211
2019-02-15,0.005964900110646543,0.003171730185927535,0.0012059067818037672,0.010897554701847945,0.0015599352072976913,-0.0019349931049058577
2019-02-19,0.015224309695700766,0.00035143090328793036,0.0006021848312069977,0.001730261712434622,0.0025414959228444722,-0.0038774891245320076
2019-02-20,-0.0017363346220005127,0.0008194561233070274,-0.0008597100574738725,0.0020156723901376683,-0.0028620654642520504,0.0007783935313836476
2019-02-21,-0.011306137470128319,-0.0009363138235759516,-0.002840221052863301,-0.0035558193796036974,-0.008938945525247988,0.0007779636592748496
2019-02-22,0.0035985360836492397,0.0019904538166770624,0.004488085330434544,0.006199768886205881,0.005957986089753842,-0.0003886355969858757
2019-02-25,-0.0010358346885893654,0.0008182504264817592,-0.00034375333153702226,0.0013614022205172827,-0.0029614647333043864,-0.0007776611290958302
2019-02-26,0.001675034536747555,0.0012836914453377979,0.0015472527784794465,-0.0007152906461688202,0.004950280815214647,-0.0038909805400920705
2019-02-27,-0.0070871108191714605,0.00035004505179347944,-0.002832008638732564,-0.00042946941006516415,-0.01132918524249904,0.0007813064046056084
2019-02-28,-0.005613959130088775,-0.000583052536896278,-0.0013772616339824406,-0.0018626664916608915,-0.0034044024702628572,0.0007806083565788935
2019-03-01,-0.017017506627186707,0.0028349787314780883,-0.0017464229492949457,0.006243592155803501,-0.009242894997740003,0.003899997412323941
2019-03-04,-0.0026255308667169075,-0.00151859308141844,0.0022520232404108498,-0.003637353992874681,0.007837567388925937,0.0011656293048061261
2019-03-05,0.0013162525939691694,-0.00046793507548659186,0.0003457192180218449,-0.0013601960172890948,0.0020901488452804706,0.002716401595880491
2019-03-06,-0.0009037184460104486,-0.0016383119509786326,0.000950378096618909,-0.006056720321189313,0.0036714250534040094,0.0
2019-03-07,-0.0008222882461903502,-0.0007035463712206091,0.003278429590664711,-0.008365579383254884,0.006484958942970076,0.008900915881598248
2019-03-08,0.010945553273622899,-0.0016426119086789814,0.001290938314983281,-0.001999740667815053,0.004213085443845355,-0.0030686230115822832
2019-03-11,-0.004884390198699684,0.0032903679553015763,0.0011162865944496225,0.014501306108730683,-0.002961361921022476,-0.0023087467019454744
2019-03-12,0.006053709964792153,0.0017568929830651392,0.0027459421497952885,0.003770573639223729,0.007012912815154371,-0.0019281902105030557
2019-03-13,0.006992949727453013,0.002688745016362626,-0.001625846613249049,0.0066195842200351684,-0.0018845746563005417,-0.004636771145600016
2019-03-14,-0.011547098821608426,-0.0006988662886139307,-0.001971680341282589,-0.0006403346357723994,-0.007222985564521056,0.0031056390345098883
2019-03-15,0.004574769560006908,0.0009324949974076624,0.0036072870534347157,0.00494103954616687,0.006613962939220119,-0.001548011950914252
2019-03-18,0.0005692420438265788,-0.0003494165081039391,-0.0005129348814437718,0.003625660407714948,-0.0005746136780586664,-0.001162830873010945
2019-03-19,0.002763299214570525,0.0005837088045130834,0.00017081410135078023,0.00024814093781322377,-0.0022191858783068286,-0.0011642721950169133
2019-03-20,0.006484057947534483,0.004312238181030326,0.00676237787702072,-0.0030101217706269834,0.010460618576476177,-0.005827445129940267
2019-03-21,-0.004026413261163153,-0.0002324485248349495,0.001870769376528747,0.011294979670793293,0.0022005644013418646,0.006252453284740556
2019-03-22,0.002344768069306058,-0.0035983093207482275,0.0061103741586499005,-0.019246334930868803,0.015535107550598726,0.0019418440621306043
2019-03-25,0.007663119616744263,-0.0003494309258534889,0.002024476573766254,-0.0007520873015709473,0.0016015434359248903,0.0
2019-03-26,-0.004963137418149799,0.002447065689695993,0.0004209551089937591,0.0074539938431632535,-0.00071943771797911,0.003100736544107585
2019-03-27,-0.005229296137734152,0.0006975932805810547,0.001346440014417638,-0.005229170414943751,0.009202187864905564,0.0011592363863843769
2019-03-28,-0.014152850613865509,0.001975168717570863,0.0012601420083109272,0.0037904319198960312,0.003488905524566599,0.0034735952411892868
2019-03-29,0.0009023839948698598,0.0025504406275493885,-0.0007550677708723086,0.006305820909545012,-0.0009485934873273427,0.0011538859805457768
2019-04-01,-0.003934131206699276,-0.00024378312872996855,-0.003723570165368839,0.011859043297791638,-0.014203745052365657,-0.0007684863047919821
2019-04-02,0.0037028271386223555,0.00046461808919939784,0.00135310970045599,0.000490086271776935,0.0018493975385032169,0.0011534424670029964
2019-04-03,-0.0014756542074283452,0.00034847835506912617,-0.00211127891674201,0.0015734310261596995,-0.008668038340210793,-0.0015360358748094383
2019-04-04,0.00254513588527594,0.001508990415175937,0.0016077053335232794,0.0026533148931122685,0.0028338119790849436,0.0011538859805457768
2019-04-05,-0.0010645913747292512,0.0018553181352636283,0.001605207389274943,0.004840429673215185,0.0012915213323112518,0.001152295969877093
2019-04-08,0.004344964459018774,-0.0005791371272712009,-0.0014341057486564335,0.0007621352606950182,-0.0035474778124069406,-0.003453515320081424
2019-04-09,0.0052240582686200465,-0.0006944581382657411,0.002112158525560126,-0.005124893470887071,0.0031554417189032513,0.00038504405804284936
2019-04-10,0.003085645543724258,0.004402401892555474,0.00488915744490015,0.0034111635958922193,0.0024198300359441482,-0.001539670289054107
2019-04-11,-0.012790430232882732,0.001499307276025652,-0.0010068064645293306,-0.00027767636003539486,-0.005873651874453767,0.0030840890584002967
2019-04-12,-0.0009839698252590567,0.0014974448664697437,-0.0005878751389007952,0.006765877437718837,-0.00712266952867513,-0.0023058249269509723
2019-04-15,-0.0018879040751599296,-0.0006903347287147144,-0.0015958954190989916,-0.0006546329554628638,0.0025269530400051643,-0.0003851923405924218
2019-04-16,-0.008963785785923273,-0.0005753687568973431,-0.002777344806353721,0.0006550617804923498,-0.006261185487355103,0.0023120446254354388
2019-04-17,-0.0019085831288392363,-0.0024176088678558028,-0.00016876521465858385,-0.0024469052043144535,0.00040908267134187604,-0.0007688170377698755
2019-04-18,0.0007482870651696061,0.0004611144377648646,0.0008439685058192481,0.0019691842848676977,0.005235183080253725,0.005386554652494935
2019-04-22,0.0,-0.0017300409981946263,-0.0016018993195061615,0.0008620516455375427,-0.004800981376407054,-0.002296118043924378
2019-04-23,-0.002076929420084306,0.0034668453988531134,0.004138629338300115,0.008991810793954391,0.002125871149327496,0.0034521900674744366
2019-04-24,0.0029137401441747812,-0.001382227403858849,0.0033645969965330202,-0.002219909623583538,0.008158685033923918,0.004969389578144856
2019-04-25,0.0008300695036758121,0.0004615077591152428,-0.0005028208965576209,-0.0006156820989067224,-0.001456790227631788,0.0019020441265997778
2019-04-26,0.006635175033447016,0.0025361017740408442,0.003522747378754021,0.004656825614605564,0.0034037339063566208,-0.0011391627462252751
2019-04-29,-0.004449212353194509,-0.000460000759249235,-0.003928233114944724,0.001568056492061043,-0.006380880308527237,-0.0022804949618447923
2019-04-30,0.0030621129817147708,0.00011572110310775763,0.00041949981540212455,0.000510108741350157,0.0051213363105946375,-0.0030475813514396766
2019-05-01,-0.0066006224629272525,-0.003280653988392057,-0.00031957862868781106,-0.007516609544413022,0.004125253819059704,0.001146390456760793
2019-05-02,-0.0038205903541769226,0.0006948720383697093,-0.0036188915921900877,-0.0021588591063488316,-0.00476215577565664,0.0022900693661813687
2019-05-03,0.005919618726200282,0.0025478381322401322,0.00447630427043344,0.009787773729400318,0.002838267213455481,-0.0038080901979060666
2019-05-06,0.001326117121353887,0.0004617710915648665,0.0013453676924337632,-0.004115174182003023,0.0027497718164954943,0.0007644949299803194
2019-05-07,0.003310996887363693,-0.006004195669290557,-8.383946085988025e-05,-0.016699361286423353,0.0076608057444429445,0.0007639971246882205
2019-05-08,-0.0024750055657883907,0.00034881920891671747,-0.003358936263156753,-0.0013894116455263061,-0.004321379153435001,0.00038157773694602604
2019-05-09,0.002398422606480155,-0.0015089339286195047,0.000926487866640402,-0.003025753722663227,0.004099455690975251,-0.0019075914649424597
2019-05-10,0.001897717514232511,0.002790530091204335,0.0005892613097704391,0.005023404619660221,-0.001360608773327332,-0.00038216119835399187
2019-05-13,0.010211626950944463,-0.009161352135105938,0.0005889963182807989,-0.025130116559885396,0.00785573789244065,0.0
2019-05-14,-0.001711902564663248,0.0022233725277267524,0.0014292379635707508,0.00904351249562163,-0.002943315408761915,0.0022942753063053267
2019-05-15,-0.0005716127335255727,0.0009346453139045252,0.0027708913467729968,0.005857228924303959,0.006142270248478132,0.0003816043950630732
2019-05-16,-0.007190107507202059,0.003033395492743507,-0.001590782620963127,0.009261447926147914,-0.0033296686476985693,0.002669695385501436
2019-05-17,-0.007077611679961793,-0.00034924185946816344,8.38157646088078e-05,-0.006465123891814972,0.0022272934571092584,0.0022823156078179974
2019-05-20,-8.290208125960596e-05,-0.0009303767529229567,-0.0023478711925893903,-0.006612081537548997,-0.002063288789862394,-0.0007590680497697733
2019-05-21,-0.002320944800343727,0.003144701486826884,0.0008403056243926343,0.009015849230385564,-0.0015911770143418602,0.0015192036338835813
2019-05-22,-0.0009970317877491253,0.0008124671995219934,0.0012598505408636385,-0.0030716426536684382,0.005735782621528296,0.0007584067877663969
2019-05-23,0.007734533613593886,-0.004988716659714787,0.002180965950285607,-0.012218750274272772,0.011247782729778333,-0.0018944945922159118
2019-05-24,0.0010729131367257505,-0.001398299131998959,0.0020924090760936487,0.0022686925945247793,0.000861216130319864,-0.0034170598531665375
2019-05-28,-0.0038747008151563955,-0.0009345549223171989,0.0006682705376734877,-0.00930095679905485,0.007199926130741385,0.0041905640608925765
2019-05-29,0.00033105118696652447,-0.0026879992132998742,0.0004169222075083301,-0.006710403450121416,0.0030299447241179944,0.002276169073979206
2019-05-30,0.0067841455794739325,0.00210950097557161,0.005756871895689741,0.0027310258500308215,0.00859926051267812,0.00037848574609533614
2019-05-31,0.013476862164072179,-0.0072499334481532784,0.002322390283377329,-0.013474978184163655,0.01251887417613129,-0.004161938807895615
2019-06-03,0.014432812396575123,0.0016086493442808436,0.0030801464267879997,-0.0025430200324284558,0.006689093313478889,-0.0053191899829767575
2019-06-04,0.0003197259638094696,0.010041796565868788,0.0003309617891180672,0.021706344356752005,-0.011401423448830439,-0.001145780185191958
2019-06-05,0.00255692921232642,0.0023399450646681696,-0.0006617850003763914,0.008662527513061846,-0.005651672229494142,0.003441542408882947
2019-06-06,0.003267681746441209,0.002099658958940376,0.001904344511244327,0.006502128535849305,0.0032259185560783443,-0.0034297388172918053
2019-06-07,0.0056402851919619135,0.002562263023384803,0.004462173333996233,0.010007396321252138,0.008651640912039626,-0.004206588509706566
2019-06-10,-0.00995334973762696,0.0015091704885126234,-0.003619675470257544,0.004589087309134987,-0.009412725297463731,0.0011521135702841079
2019-06-11,-0.0011968524989021123,0.0013922086918223275,0.0009083266621323638,-0.00024232181579808554,0.0006132584313087719,0.00038348049144709684
2019-06-12,0.00519253494403471,-0.002316656340719092,0.0014846539652151325,-0.0017651448560913607,0.0007653932076252534,0.002684199746342264
2019-06-13,0.006119340633088832,0.002322035699445557,0.002552980122110915,0.004125993394228589,0.003444118372386784,0.0007647009023574736
2019-06-14,-0.00031596300165459557,-0.0006951683135807407,0.00041111656640047123,-0.0011048220381345564,0.0025161930256882847,0.005349592175087459
2019-06-17,-0.0006320654488249922,-0.0015064834440245978,0.0004923708069453081,0.000380158713334966,0.0017496784192763126,0.0003801539726520087
2019-06-18,0.005060083591572395,0.006963642617464849,0.0066485219549310415,0.010471113473354832,0.005011902996806761,0.001519780815453009
2019-06-19,0.006057242183997058,0.004725911477461819,0.006360330484185939,0.0022572688680300157,0.0014352188326938187,-0.0045524237600649275
2019-06-20,0.025177896911959374,0.0050472421538581,0.0054285751640206215,0.009554475875390489,0.002641010773687169,-0.006097571463857476
2019-06-21,0.006635612181659978,-0.0031956492465998743,-0.0036264046501702785,-0.001453964526609064,-0.010986702543664073,-0.004984546814580937
2019-06-24,0.014850786310930397,-0.00011449846189770518,0.0025074849534392207,-0.001224562576363164,0.00745685947761765,-0.001541450048365478
2019-06-25,0.0019411266395166216,-0.004237242114318085,-0.002985316449660602,-0.009807708072091081,0.003096281108715182,0.002315614028792101
2019-06-26,-0.009165393111099984,-0.00046018454793728125,-0.002022756402819237,-0.0009973840987385074,-0.006399611779222658,0.0007702619116434217
2019-06-27,-0.000977700846950591,0.00276136926523729,0.005837970199160214,0.003545861812944917,0.007046555304274893,0.0
2019-06-28,0.0027100317696175935,0.0003443307180175381,0.0025798289083609482,0.0051458912324162664,-0.0006766197697567478,-0.0007696690648781868
2019-07-01,-0.019369383559800002,0.0002995664775051754,0.0018947804788604916,0.00907846780417998,-0.0023388123192294996,0.007316184693929584
2019-07-02,0.021359735486276676,0.0021879908183088936,0.0027362016840024594,0.002604133112046325,0.007713090120842203,-0.0007645811966165983
2019-07-03,0.001649060899963084,0.0037933703332673208,0.00272896870531536,0.00799534343264674,0.007129039651997848,0.0
2019-07-05,-0.011150231525253074,-0.004007554320816897,-0.008805092831742467,-0.0011379837446366947,-0.013262858975628289,0.005355818267711365
2019-07-08,-0.006432617734537516,-0.0019542761248051432,-0.0013724676293247473,-0.005494773611260828,0.0013591561828505405,0.00190259611283361
2019-07-09,0.0035037454291328984,-0.0011517660108331107,-0.0021026031127932,0.0012466617213631181,-0.0003770076810343248,0.0007596446717692551
2019-07-10,0.015787490178783115,0.0027678789846554697,0.0022690766048996114,0.004777721978258542,-0.005506960484773393,-0.004174660162245103
2019-07-11,-0.008443584154164463,-0.001955828268449644,-0.005902402637981696,0.0023445916332613947,-0.013350480361519423,0.0
2019-07-12,0.006254723814186791,0.0016138606888085327,0.0009761332965121383,0.004476934612560379,0.001153180665777187,-0.0019054104540510153
2019-07-15,0.0,0.0006899840682113023,0.0017063705366371362,0.0003323644975510298,0.0057594750338663125,0.001527238379214424
2019-07-16,-0.008462554430785363,-0.0020692778306951043,-0.002108926862623983,-0.003225240906618687,-0.002977737023013294,0.004574986546055149
2019-07-17,0.01646531748539748,-0.001267138910362342,0.005283498981403012,-0.006805019999748141,0.010797844937850298,-0.0018975416575311987
2019-07-18,0.014117951186161548,0.0004611048752665159,0.0023449282100374003,0.0036611708341443006,7.627450633984623e-05,-0.005323234829849088
2019-07-19,-0.014727392803034478,-0.0017288025066504176,-0.0015329646034133448,-0.005554756437180508,-0.0023492578804201747,0.004969389578144856
2019-07-22,-0.00014876383044060137,0.003348627212852673,0.0030707146962960508,0.0024558980920277307,0.0018993323633489378,0.0019020441265997778
2019-07-23,-0.005652618252780628,0.001726644844998404,0.0005635297856876331,0.0071504669464053094,-0.0054575136858632245,0.0045556228596788095
2019-07-24,0.005086339018351538,0.000804579392482907,0.002817310455580202,0.004699236925995054,0.004343752679631274,0.0
2019-07-25,-0.007070008058076338,-0.0013777762460798204,-0.0032108155424792617,-0.004777130435881571,-0.00478021829497377,0.0018897386093290613
2019-07-26,0.001648937368628589,0.002184656117921957,0.0013691775801465411,0.006700127221730634,0.0023637398011029376,0.001508803182141083
2019-07-29,0.006659678193005059,-0.001491684228261403,-0.0006431948488285766,-0.0018211127854196318,0.00030384125874327594,0.000753265062347408
2019-07-30,0.003344956160896251,0.0004597426118573278,-0.00032215542415736653,-0.0024548350498688754,0.0024333690720930168,0.0
2019-07-31,-0.013112972808538625,-0.0017224277745458982,0.0008853936115733596,-0.010940366103385224,0.008040722741342154,0.006021924391299338
2019-08-01,0.02402219643390402,-0.0004971150001908953,0.008130198557493307,-0.008707828680747598,0.01986013471819925,-0.002992938943623402
2019-08-02,-0.0038120684590625675,-0.0015023882558690138,0.0010404130162828817,-0.007529401702482508,0.009241773400198605,-0.0022514002978213377
2019-08-05,0.013981852270352535,-0.01041792221824922,0.0007194362981375324,-0.030073160084532535,0.017288253280077992,-0.004889111893664699
2019-08-06,0.008128386897085838,0.006432995237775518,0.006229268258792331,0.01402282013411571,0.0079924589406275,0.0011337408193261567
2019-08-07,0.015189695160357397,-0.00011615965933575723,-0.0001585747148129535,0.0005903879223498887,0.0003579000549087663,-0.0007549712711366618
2019-08-08,0.005034686098196239,0.0039524772835368704,0.002698653044419075,0.01962022056241075,0.002141685892927736,0.0007555416834017503
2019-08-09,-0.0033161732510501585,-0.001389281634614159,-0.002928993786257106,-0.0068111528336306515,-0.001994963990949339,-0.0011324569067049373
2019-08-12,0.009698502260031328,-0.003479012724832642,0.00627305647186005,-0.01217365730292852,0.02084956540683791,-0.0007558272128841415
2019-08-13,-0.005959518154781018,0.004421788450956976,-0.0007896164483672807,0.015551855825693517,-0.0034275436305492013,0.004538564224772168
2019-08-14,0.0068415942238304606,-0.00891928089505678,0.0029221263963357114,-0.029567780696513002,0.02252994556789001,0.0022591143299799388
2019-08-15,0.0066549698650941735,0.0029218700832389644,0.004881592777851607,0.0026421801679499257,0.011119293628838678,0.0007511994521440801
2019-08-16,-0.006402214255277094,0.0033796848532383628,0.0018023251410610452,0.014754612104282083,-0.008010041875417873,0.0007508049996853838
2019-08-19,-0.011696303286335752,0.0029040495294205826,-0.0032849492984091677,0.012048104180439001,-0.014302290551800101,0.00225047119716848
2019-08-20,0.007795380191040424,0.0008105124688198018,0.005807106666749551,-0.0076630142019535885,0.010344342097637016,-0.0022454179487491066
2019-08-21,-0.003164420123660472,0.004280892396238745,0.0017945151905605083,0.00813568516868246,-0.006665584523954715,0.0011253202473164858
2019-08-22,-0.0025395077899371676,0.0018438709793768826,-0.0036605887203461362,-0.00030756145839927473,-0.006640681096545364,-0.0007493984012608701
2019-08-23,0.019589847185487175,-0.004600818420524622,0.003674037861901569,-0.025687668422389676,0.01643454888094209,-0.005624237759538353
2019-08-26,0.00013875475282665306,0.004968634895693436,7.738515267985413e-05,0.011058250447347096,-0.004042411023712833,0.005278990153589014
2019-08-27,0.00957073902105865,-0.0004599919185880319,0.005373937824185271,-0.003923705071387951,0.015409623221432023,-0.0007502417144551465
2019-08-28,-0.002816539407023644,0.0024156626253721836,0.0,0.007041695713754459,0.0012865912108397382,0.0022524149990559295
2019-08-29,-0.007164566813753437,0.0010324327691766388,-0.002168661781599912,0.012773000076670815,-0.003788645846526051,0.002621700560515583
2019-08-30,-0.0025672712303844714,-0.0009166192336667045,-0.00015524107836495382,-0.0004441989347522268,0.0002717632126438829,0.0037354570415275568
2019-09-03,0.013913043478260834,-0.0028694792842862693,-0.0009421722371896202,-0.005847471880548127,0.001292483992084481,0.0022330507809085187
2019-09-04,0.006243592878966586,0.002080012216312044,0.001870197281851782,0.0113509286448783,0.001494022189153954,-0.006312824363754466
2019-09-05,-0.024001119491110168,0.00392081221112317,-0.00731132832286141,0.012855064989622633,-0.01810992687911228,0.00037384558414821356
2019-09-06,-0.008523132778435305,0.0009188935211696947,0.0036039658578652656,0.0007721326777734294,0.007115109389791874,0.0003735372740629739
2019-09-09,-0.0037344897557421985,0.0010333107490028137,-0.00733857851502373,0.0005036877339650303,-0.017764919887104158,-0.0018670732497599873
2019-09-10,-0.008557937047107611,0.0005726073218423888,-0.008414997449702089,-0.0002350414595497785,-0.017528539528920528,0.0011222043565202178
2019-09-11,0.006063676329913781,-0.00011426991968677136,-0.0007931424903343531,0.007110912388986312,-0.0017766705174845354,0.002989499687000352
2019-09-12,0.002056360685188219,0.0005735232071959473,-0.0013493512975464306,0.003463936657904121,-0.006550821427413367,-0.002980589216470486
2019-09-13,-0.008279177519783909,-0.0018328712679843706,-0.008981958391640288,-0.0006635409004149828,-0.021359016871009495,-0.0014947920097063694
2019-09-16,0.008348294532203537,0.0035559355308572016,0.005052813126938727,-0.003088913502360069,0.012743260902075226,0.004491004814819233
2019-09-17,0.0019813102518067005,0.0005720885029019129,0.0025538214858857877,0.002531846033839935,0.005423838596952502,-0.004470925865231901
2019-09-18,-0.006285306153149484,-0.0005717614047757724,0.0024673647904120966,0.0005983692226028126,0.004243575673994249,0.003742616623896744
2019-09-19,0.004050828215713009,-0.0011433727286827011,0.002858763315063184,-6.661987973044514e-05,0.0030078661020238595,-0.0022372138323898394
2019-09-20,0.011820485442912032,0.0012592054234157324,0.006888182659107844,-0.004724951859731097,0.013211089568635703,0.0026159071000890766
2019-09-23,0.005596383832365381,-0.000456529711052589,-0.0007076645160820627,-0.00023446089070833231,-0.00021128038446793784,0.0014908919748040095
2019-09-24,0.005286918308423871,-0.0013718856703766047,0.0031478327673166717,-0.007846941705925148,0.012054039684008089,-0.0037215553314591254
2019-09-25,-0.018545379403875573,-0.001030993961595561,-0.005648379509643031,0.005914824217467363,-0.014626837151293093,0.007844535658014795
2019-09-26,-0.0002820880237280887,-0.0006880593506558563,0.0021302408883969726,-0.002082917550381591,0.006432294612542799,0.002594576274135285
2019-09-27,-0.005148429100112373,-0.0011468722867009618,0.00023645166487096247,-0.005387252485413829,0.0024578142448985485,-0.001478766292604794
2019-09-30,-0.015525325955691782,0.0011481891129745403,0.003305444044340078,0.0046374629117704735,0.0024528215973858014,0.0033320471920819106
2019-10-01,0.005472814807717441,-0.0023038015892319352,0.0011479142871508863,-0.011894864917430747,0.0030107025582564173,-0.0033209815249167773
2019-10-02,0.011673634369571584,-0.005887854979961471,-0.000392672648322101,-0.01766455854968385,0.0024428799364015763,-0.0007406034681698426
2019-10-03,0.004530648552570016,0.0005809184833853731,0.003929326821327628,0.008193216859876618,0.009121462571322292,-0.00037040895657214357
2019-10-04,0.0,0.0031337998543072842,0.004149142749582113,0.013531948427710772,0.0073838263842904706,-0.0007413433546427095
2019-10-07,-0.008527071931805796,-0.0008103118765317996,-0.00506701783919461,-0.0043144918427214796,-0.008288647709401742,0.0018546915274741949
2019-10-08,0.00874259511120079,-0.003705156031649115,-0.0008620374035189782,-0.015525002790969245,0.0026940437701865605,0.0014809562808337784
2019-10-09,0.0009160434363713055,0.003021341264790145,0.00039199503759457244,0.009496580400623955,-0.0056488522520100615,-0.0007395082887249327
2019-10-10,-0.008729359144837523,0.0012745702806409298,-0.005879807255314673,0.006762993819522389,-0.01489430661282376,-0.004069470712492973
2019-10-11,-0.005539370732339566,0.004166396635146397,-0.0018135560376002502,0.010366904821631051,-0.012377095891446421,-0.003714726881814845
2019-10-14,0.003999125640758994,0.0006917253534797219,0.003318272784671894,-0.0011135051490693826,0.007262976127033527,0.002982895680691433
2019-10-15,-0.006970593591764218,0.0021880183694473754,-0.0026771636614908445,0.00990016380456571,-0.0120877598924648,-0.002974024475927761
2019-10-16,0.0057302703836425994,-0.0008045085678397568,0.0011054679752440233,-0.0016058194844221774,0.0012160330403823139,-0.002609970612797885
2019-10-17,0.0014243781997433924,0.0013807727380725776,0.0014193565507816253,0.0029491498814560035,-0.0024294410450641513,-0.0037383344721058087
2019-10-18,-0.0010667370445437419,0.00022897579418201808,0.0012599377867388295,-0.004377526692933342,0.0,-0.003752362056533509
2019-10-21,-0.004770136663166058,0.00034459187863533636,-0.002280626561314225,0.006779297953270369,-0.007522913847782586,0.000753265062347408
2019-10-22,0.002932997222985456,0.00022971065057486584,0.0017343126670990028,-0.003266650133179616,0.005847072547741972,0.002258179179005282
2019-10-23,0.0023537934253772264,0.0009180749113995024,0.000550572176668318,0.002909576642850187,0.0010050385996769329,-0.00037541634774640453
2019-10-24,0.007115918371069618,0.0011471744341016166,0.0022024379716458764,0.0016339240272886801,-0.0020081909754122718,0.0030053064641133442
2019-10-25,0.0023316740895991117,0.0008010649757024257,-0.001726705620722968,0.00409507262905251,-0.004884346246421867,0.0011235497308315079
2019-10-28,-0.008600036764796815,-0.00011496300923319325,-0.0029874510578710156,0.00563643968212868,-0.00909663205117206,-0.000748276949431137
2019-10-29,-0.0027730332148816483,-0.0018306139872404925,-0.0026024264296572452,-0.00029652354905940204,0.0006558200915600665,-0.0003742919081468621
2019-10-30,0.005490226541611021,-0.0012607548375642708,0.0035581540891866936,0.0030671621406850313,0.014634458788467253,-0.0022473530273887654
2019-10-31,0.009998499224238566,-0.0034441352342817755,0.006065904876505268,-0.002663547498808594,0.013489868253084847,-0.0018768007184957192
2019-11-01,0.000912763389017579,0.004291487624441093,0.000981049898040709,0.009264117856023546,-0.0030779559234834775,-0.0003760659445340986
2019-11-04,-0.002876007780098777,0.0020734542768989783,-0.004705507206266835,0.0040177802643712734,-0.013161551204854738,0.0037621591368437457
2019-11-05,-0.016180006273117664,-0.0010346745214160347,-0.005753581329332347,-0.001106410147792114,-0.011246561817612077,0.003748227515456337
2019-11-06,0.004290245395359271,-0.0011503693354407707,0.005627734448149235,0.00022810692673402855,0.006051482511739925,0.0
2019-11-07,-0.015521486102876958,-0.0004611846838458167,-0.007803146560734331,0.0035167661879917933,-0.01811841577110429,0.002240302506989922
2019-11-08,-0.006364394703267995,0.0009217433636612427,-0.0013506137553902509,0.0024661653611350864,-0.004207164703781907,0.0022356310947202473
2019-11-11,-0.002401934875323586,-0.0005756749611242062,0.0003184321332267981,-0.0019097045709514093,0.0006674433759206178,-0.0014870122379638806
2019-11-12,0.0026995120660886496,0.0002307736401838678,0.0009536961023124402,0.0021081660826973714,0.004592094064029162,0.0014892267363459943
2019-11-13,0.004002059820052306,-0.0010368816939130276,0.002383720589219873,0.0003235256234683792,0.006488779921068444,-0.00037173208611662734
2019-11-14,0.004203521155341949,-0.000576161958074306,0.00523113680353271,0.0014558829995532374,0.01032945013487141,-0.0007438245691893108
2019-11-15,-0.0025259154943226836,0.002999565121573733,0.00015754547178858935,0.0072363096880363464,-0.001087430331186301,-0.002232966793742075
2019-11-18,0.0029664162029099383,-0.0012656671141765274,0.0011037027860369975,0.0007376979926412286,0.0018145346956490727,-0.001865068282021043
2019-11-19,0.0005050304911609071,-0.003570439309300455,0.0019686494426074397,-0.00028866674360139566,0.008333032690063247,0.001121199422795316
2019-11-20,0.0005046655432805469,-0.002080582915584106,0.0014146215640531423,-0.0037187870989813243,0.010347801357913688,0.0
2019-11-21,-0.005477043362080103,0.00023187889729836542,-0.0023541212359268204,-0.001608739239977064,-0.006259014042599431,0.0014930336887839513
2019-11-22,-0.0018840181654777854,0.00382132359974352,0.002753244696196866,0.002223611446099172,0.0012886033653989326,0.0029816998372256265
2019-11-25,-0.004791662812458131,0.002653116050779447,0.003451832379844033,0.007750426301505131,0.002930378829619995,0.0007433556924281159
2019-11-26,0.004814733391401704,0.001150422673811935,0.0025800248849954244,0.0022654387428255873,0.0058440919027169524,-0.0011140376877256664
2019-11-27,-0.005299919828770094,0.0012643191951384747,-7.828044406466006e-05,0.00445770421768632,-0.002904775552290406,0.0014870122379639916
2019-11-29,0.006203971517371398,-0.0021803496740255834,-0.0020273754759349005,-0.0037085325714020234,-0.0021321485582880273,-0.0011137079479962564
2019-12-02,-0.0005078146228696401,-0.0006816982720226905,-0.0043408819189759695,-0.008494837638353125,-0.013332862304547555,-0.004087785409715661
2019-12-03,0.00957984896245434,-0.0013867523664431447,0.007712156545806259,-0.006706440842957018,0.020967600342874926,-0.0011191892324076136
2019-12-04,-0.0013658431498282386,0.0030087922806150136,-0.0013275708187119317,0.006170214265232676,-0.009985375486447401,-0.0011206961230860735
2019-12-05,0.0005758841931267078,0.0014999141425904305,-0.0010949185103366066,0.0017980373508643677,-0.004863765052039226,-0.0022439069840296533
2019-12-06,-0.009928092682104261,0.0013820693484596358,-0.0005477973389386159,0.00913397933451554,-0.005535385186949848,0.003748227515456337
2019-12-09,-0.00029060665275248976,0.0,-0.00015683470124294718,-0.003143928825006803,0.0021684653802189757,-0.0011202776576236806
2019-12-10,0.0028347098739491816,0.002415544653473267,0.0,-0.0011153226754015977,7.202876864731422e-05,-0.001121618451133899
2019-12-11,0.00688553265084435,0.0020665731924172093,0.003916913110808329,0.0028386215651110547,0.007861615254131538,-0.0037423632479152147
2019-12-12,-0.003527249493396556,0.0022894024642425848,-0.004604146656964514,0.008618981975008877,-0.01645851975297985,0.0015025684561338348
2019-12-13,0.004478873140076667,0.0010285254072104344,0.00650698404093264,0.0005990355115574886,0.011567905911527454,0.0
2019-12-16,-7.198680622300113e-05,0.0019407605171821718,-0.002258818321266509,0.006870242892972556,-0.008990345076310802,-0.0018754773130392755
2019-12-17,-0.00021575647831872935,0.0030752780461373863,-0.0007804963691168121,0.00021888880112808096,-0.0013786190914185648,0.0018790013374188064
2019-12-18,7.200752478642158e-05,0.0018176386545283307,-0.0007029655359379605,6.290100704609003e-05,-0.008212021674080194,0.0018754773130393865
2019-12-19,0.002589559770448613,-0.0005236041591346607,0.0009876848143159922,0.00409870363823206,0.0015997313128757185,0.0
2019-12-20,0.0010044438566789715,-0.0014800673310263468,-0.0003130706472443956,0.004384194020559118,0.0013189485043831883,0.00336938758577654
2019-12-23,0.003081942822633188,0.00045645409141314985,0.0004696036242104462,0.0015277282203460807,-0.0014636126360612067,-0.0005326906240471496
2019-12-24,0.009431992518777577,0.0007973375542345007,0.0010179178785492127,3.0979932696517665e-05,0.002858375601478169,0.0
2019-12-26,0.007857298625196796,0.0014809504140000929,0.0017991634140019919,0.005323601361744146,0.002411634081983971,-0.0015232658212597228
2019-12-27,-0.0003511943393945671,-0.00045532933368686024,0.0014048614595278952,-0.0002478636880007823,0.0010936146560918125,-0.004958082144736142
2019-12-30,0.0021077991140190377,-0.0006822750516130016,0.0017934870988272067,-0.0055133089876431285,-0.0036413776733335013,-0.0019163196351276168
2019-12-31,0.0018929327941459295,0.0009102403126588499,-0.004124835102715663,0.002429241086030931,-0.009793765519515718,-0.002688321413842454
2020-01-02,0.0073478173310379535,0.0042078806059842044,0.0021100515099714556,0.00935206998250937,0.011292882287549988,0.0034654503258049196
2020-01-03,0.013268521727000326,-0.0010188925850137531,0.003431477803125249,-0.0075724433289968696,0.015400262135249587,0.001151302314702507
2020-01-06,0.010489502076611812,-0.0010205356531980403,-0.0033419912765347837,0.00381521495502124,-0.005678311750167753,-0.0022997022827252467
2020-01-07,0.003935150508558971,-0.0009082978808417908,-0.0025732960261681814,-0.002811919890618686,-0.004916402362107664,0.003457632149247214
2020-01-08,-0.007501524641443713,0.0009091236359137778,-0.0014076236101403516,0.005329485789365762,-0.006610383290483579,0.002679833578929758
2020-01-09,-0.005651653463197515,0.0026096185154944607,0.004775971364928688,0.0067810824227168,0.003510050256639863,0.0019090871076430371
2020-01-10,0.006026192495848015,0.00033943876964714903,0.00280492339629812,-0.0028779142191207585,0.00889125983813277,-0.0007621291860824275
2020-01-13,-0.007419483430124996,0.0,-0.0024087800350920396,0.006877367975224757,-0.0030339509655218366,0.0
2020-01-14,-0.0008915435213457945,-0.00011312795356177574,0.0012465187948678125,-0.0015245403442638583,0.0051445024738721035,0.0003813974249766705
2020-01-15,0.005834242779070742,0.00022652261564304332,0.0021778945777650716,0.0022596057208807974,0.006631514185619247,-0.001525008065757505
2020-01-16,-0.0015695082440052577,0.0003390440704862385,0.0013975718419958483,0.008318503029655533,-0.0031508537621749433,0.00152733726740939
2020-01-17,0.0018454259925253513,-0.000791417055823751,-0.00015516760614897596,0.0031126373074683578,-0.008548362188736447,0.0034311838001632733
2020-01-21,0.0010915790702048511,-0.002150160717926841,0.004806210388319965,-0.0019583624400026922,0.010505531783008282,-0.0007598966876741775
2020-01-22,0.0003406555206315609,0.0018143215758712472,0.0005403888415591585,0.0001208549839981643,0.003513229558395059,-0.0007604745697809001
2020-01-23,0.002248122121045526,-0.0030569521536869537,0.0013109706904725904,0.0011468245889512119,0.0070026449959126325,0.002663686660199893
2020-01-24,0.005845572586286041,-0.004201058676707947,0.0016941865172512838,-0.008893187225243238,0.008088146064890278,0.0015178950914338518
2020-01-27,0.006825312844883635,-0.006728739539008655,0.0019221391050934233,-0.016029101641020005,0.01555487576147363,0.0015158460870865476
2020-01-28,-0.008926785569624784,0.008610933058017078,-0.0005371518045154122,0.010479067259270947,-0.007831895480644002,0.0
2020-01-29,0.005417872354848807,-0.0005685709548778339,0.003224642949871681,-0.000825831401472854,0.009779272133481065,0.0015133006469991717
2020-01-30,6.732120695107646e-05,0.001024507480998027,0.000612128746870999,0.0032451203828218755,0.00013826405457595392,-0.0030222788060766392
2020-01-31,0.005792420039608892,-0.004095957231114777,0.002600630368760015,-0.01815771368566821,0.00912980224640747,-0.004168178516551602
2020-02-03,-0.006495688802043542,-0.00016043431687606802,-0.0007884088117580124,0.007428066393306176,-0.0008098535423326503,0.004946678280026262
2020-02-04,-0.01300895070524588,0.005966484544092543,-0.0024488571538825443,0.015241341153949595,-0.013467214543330552,0.001514698125966385
2020-02-05,0.0012293105482077404,0.004106311472136248,-0.0006136807003550571,0.011548217142813177,-0.010934290675835734,0.0037806418057277913
2020-02-06,0.005388399719282511,0.0007953649711576194,-0.000460616184242979,0.003364568565838333,0.004506659641216659,0.001883284524875961
2020-02-07,0.002645857569860688,-0.0014751754668769212,0.0038405780529191524,-0.0053292423714913495,0.012477835322921127,0.00225561014300113
2020-02-10,0.0025712490701368385,0.0013635590634373251,0.0023718984154639244,0.007465368440787046,0.0027695713591349147,0.001500411202295826
2020-02-11,-0.0034419552752806837,0.0006813630464792553,-0.0014503276398551979,0.0017328530661930852,-0.005040140046947861,-0.0011236225059267912
2020-02-12,-0.0008127480224853212,0.002608769178873871,-0.00045908059675092705,0.006442708136715547,-0.0050663060768714185,0.0026246521023181035
2020-02-13,0.00569345014846645,0.00033974378636525415,-0.0006881005101095905,-0.0010667789362672764,0.0038362286754427544,0.0011219417468979476
2020-02-14,0.004178427664004669,-0.00011298944817761392,0.0024493239369414166,0.0016018277163354355,0.004377496253535673,-0.0003735614680933086
2020-02-18,0.012818816524224008,-0.002036200316982373,0.0019084526630679388,-0.0025768479543976097,0.006848905333630695,0.0037370106841301265
2020-02-19,0.005831221275388376,0.00045329192890197767,-0.0013716019109932809,0.004781433432368809,-6.839560798455047e-05,0.0018613839758050421
2020-02-20,0.004084659090851872,0.0016995253590821324,0.003357571004685811,-0.004108647613588201,0.00783330881642641,0.0029728619364242093
2020-02-21,0.015025216397275942,-0.0009051756907912933,0.001977301115642982,-0.010297841275863195,0.009340695638083707,-0.005928100448669316
2020-02-24,0.008985128746405113,-0.01075471340023304,0.0001519110101837473,-0.03316564970330249,0.014928148905831051,0.0003727260822827816
2020-02-25,-0.017874260693127697,-0.006981128180718721,0.000986044357341509,-0.03030202282428962,0.005325007416038252,-0.0029806152436967492
2020-02-26,0.004370503298157802,0.0010373478865695063,-0.003714343388857455,-0.0036782922333646884,-0.005296801906604198,0.0007474848140536228
2020-02-27,0.00019483522153040944,-0.013470448479518282,-0.005327021499334728,-0.04491137974148751,0.010848465336379176,-0.005974668443450071
2020-02-28,-0.03649347478693177,0.004084928525513565,0.01124636522657485,-0.0042018726197853296,0.022583503714686648,-0.003380914699536275
2020-03-02,0.005526297603759334,0.0075876794991702745,-0.0009937087899256625,0.04330641474316943,-0.007356758096742078,-0.005277171596140939
2020-03-03,0.031434333360162325,-0.004286302618043858,0.011389456166146728,-0.028632257798251515,0.0155257557997166,-0.004168178516551602
2020-03-04,0.0017545277375516921,0.013730165144121287,0.0014266671367617612,0.0420329640995889,-0.010619481840188572,0.003424739991685577
2020-03-05,0.021600945458936538,-0.012626526557573126,-0.0003752557389909983,-0.033241877148424304,0.024892189121153763,-0.007584474275175501
2020-03-06,0.00038096105467699815,-0.011276207148883999,0.006975076753166665,-0.01653066476736187,0.0520443181358865,-0.005731722936571759
2020-03-09,0.0016502348575044845,-0.043033516052569,-0.024279597244303175,-0.07809483448169408,0.02710229674618314,-0.01076095696901147
2020-03-10,-0.02110133630677158,0.015358149157109091,-0.02251746212926853,0.051744794240077496,-0.05125778036627471,0.014763112203675322
2020-03-11,-0.0035603512879937016,-0.02178110058779059,-0.032875159783617436,-0.04874820436422134,-0.0367981840449505,0.0015312608711008924
2020-03-12,-0.0398882588306293,-0.03995491419761765,-0.047719219760391174,-0.09567740712831818,0.006197440648969099,0.010703368181843143
2020-03-13,-0.03051623730778741,0.03143854997624951,0.04332714811910843,0.08548642932082329,-0.022602878173457186,0.03782155729188985
2020-03-16,-0.011446115323986206,-0.05496560847433585,-0.01422149952158347,-0.10942364508656433,0.06476555371159942,-0.032070015743495994
2020-03-17,0.0135554799295321,0.009385564974260019,-0.04097300213626165,0.05399183788943507,-0.06668348345940356,0.01769579263548149
2020-03-18,-0.019921988429849713,-0.04413321783320501,-0.050030085889546494,-0.05063274000198148,-0.05641177032827105,0.015168369093379708
2020-03-19,-0.018905499074657994,-0.022468676641987484,-0.049407049981906925,0.002124963345008446,0.027225103413041296,0.0236881320357325
2020-03-20,0.014995707221804766,-0.022424538071659672,0.01608725526108734,-0.04309400734037616,0.07519553833974602,-0.002847978037197385
2020-03-23,0.044179590424960224,-0.01605769232225429,0.07391786712060999,-0.025568399878871384,0.04120899032380421,-0.0014282535599507984
2020-03-24,0.048530353360380474,0.0412358408213922,0.020500687985598898,0.09060329155842117,-0.018614723660839605,-0.011440709975016117
2020-03-25,-0.01368964099270864,0.028127436029545372,0.047871334409077315,0.014970251602519413,-0.0022710940974524085,-0.009403320664132853
2020-03-26,0.012822223412266576,0.04573322923945322,0.0008160008928566054,0.05838962120726521,0.0049220215710463755,-0.016064239834920557
2020-03-27,-0.006460489804721581,0.002602928376917113,-0.0020376816041486334,-0.029785561724237963,0.026692770396957277,-0.008163215379357602
2020-03-30,0.004400644787818209,0.008568035354107773,0.012169996519824977,0.032475782222488814,-0.008228930082341601,0.004489280041583665
2020-03-31,-0.03184668568859872,-0.007980275084472521,-0.003308484101950726,-0.014905452674061737,-0.008116878484334178,-0.0007448968795742417
2020-04-01,0.009456223354449733,-0.027450203986641553,-0.014529406437386871,-0.04500481654185562,0.014010559041400583,0.006336260937284122
2020-04-02,0.0163934225377782,0.007777219935067192,0.0026360161905552015,0.023075255337291933,0.006345839062397607,0.005185145792176105
2020-04-03,0.0049374590529023266,-0.02142114087131919,-0.005175765018277989,-0.014454064492110508,0.002379431165983048,0.0055268674413475605
2020-04-06,0.027710521817620126,0.024337037216458635,0.019735864243598744,0.06716630733452233,-0.0026109123913674592,0.0003664434145294049
2020-04-07,-0.005354484768834378,0.0,0.0015386620843484966,0.0010194866279729098,-0.010472615339227942,-0.009157486447978425
2020-04-08,-0.008907968786563414,0.02601569328761122,0.018030500547207673,0.03356822486277378,-0.007276061427974101,0.003696782985801228
2020-04-09,0.026123560972308058,0.06545935087111365,0.0470179039482157,0.015217494018233024,0.0018173037258977232,-0.007366415722147801
2020-04-13,0.017140343933811808,-0.014327580551085628,-0.009709568631037446,-0.009130105888416451,-0.009129991867331766,-0.0014842657567986084
2020-04-14,0.007868093580683189,0.004188582608581459,-0.00490234810788992,0.0294926746433668,-0.0002442593491489564,-0.005574105853748401
2020-04-15,-0.005101958505246418,-0.009323259179952359,0.006696973948587814,-0.021247770593191273,0.02648970077372148,0.007473856013805014
2020-04-16,-0.0008649946516461338,-0.0009902035119720987,-0.00496992400352958,0.00482393878426457,0.011356611025992613,0.004451063535753974
2020-04-17,-0.019417471147623044,0.00508137819592358,0.003303990467356188,0.027015212501726227,-0.013404494463903793,-0.0025849139198093063
2020-04-20,0.007126124562213176,-0.015045032702450833,-0.00566791559658586,-0.017617736591135413,0.008044714098182304,0.003332015369635677
2020-04-21,-0.006825274631933054,-0.01827941112995546,-0.0035435499445176655,-0.03036334719410705,0.012591021330038865,0.0014760503081703291
2020-04-22,0.019670860003665247,0.00879950896686399,0.000618686935192958,0.0221946107140083,-0.010216079662435207,0.0029476680700268876
2020-04-23,0.00995486708021609,-0.000505923927378138,0.004249024088721187,-7.184517317604389e-05,0.005308919485760066,0.0003673044873733211
2020-04-24,-0.004285520778353313,-0.00935937817297261,-0.0006924946595936454,0.013938846085994605,0.0023462276033281437,-0.0022033427467099687
2020-04-27,-0.006640444141094992,0.0040858867581383684,-0.008082638816744536,0.014418543097948211,-0.018613532883772987,-0.002576432886325475
2020-04-28,-0.004456556273727319,0.003051427261631101,0.0027159708767776625,-0.0045986582909604,0.011511210922245052,-0.0011070377311278579
2020-04-29,0.005533445721913166,0.01762194543873874,0.0065790051952892,0.026178408311783086,-0.005188906685882011,-0.004063473486035751
2020-04-30,-0.018116569301821484,0.001993216190663727,-0.00676682685223251,-0.009310254481949776,-0.011677160340029968,-0.0063056254717135385
2020-05-01,0.00617125761149806,-0.017249280844370274,-0.003957888801655374,-0.026473544284787875,0.008563690803699231,0.0011197651557062205
2020-05-04,0.003504803873276119,-0.0013978683787080337,0.0015583471016995531,0.002758238704633875,-0.004703828749242911,0.005592893389960496
2020-05-05,0.004241037483481591,0.00865408193341377,-0.0013226001662706155,0.009239473766778472,-0.006401133487543453,0.000741500492159819
2020-05-06,-0.012855591040204617,-0.005677598555484331,-0.011217610135228928,-0.006779047975229324,-0.016135688232907897,0.004816714820152779
2020-05-07,0.015350754880484763,0.002537357851168265,0.002678529593977519,0.012066909340975318,0.016706458537598223,-0.002949841678206111
2020-05-08,-0.006010293229887331,0.00949408893158843,-0.004793119625866704,0.016546358851299736,-0.01300106692222247,-0.0003699131722717519
2020-05-11,-0.006233636774804485,-0.004514439923853253,-0.008763002428598177,0.00020490891373081688,-0.007805963852746567,0.003699600221522603
2020-05-12,0.0038890673962401756,-0.0012594489973233314,0.00963748615562987,-0.01993145299915544,0.010264636236925195,-0.0018429410399948276
2020-05-13,0.00962264814750724,-0.0052970292195925195,0.0022874177871961,-0.01768595188714195,0.006996214984452909,0.0018463437426521345
2020-05-14,0.008850059782004704,-0.0034230777521502276,0.008264653171373926,0.011967313942221391,0.00978707669458001,0.001105813553800239
2020-05-15,0.0056438144895878395,0.0013997570125117154,0.0035129608135742174,0.004597041793121148,-0.0025726540597178493,0.000736313261010757
2020-05-18,-0.007564144999551381,0.017659791511605683,0.005678461852538952,0.03045966128048616,-0.021953664513254645,-0.008094137726917805
2020-05-19,0.00965020617044443,0.001247957921175935,0.000773654363505516,-0.010270988809014558,0.0037408510762775293,-0.0007417755360474843
2020-05-20,0.0023742810342795018,0.010598758463391755,0.010975210321290119,0.016987856801333967,0.002993651962848176,-0.00334083735115287
2020-05-21,-0.0145763375976391,-0.000246937213728593,-0.0007642309046923534,-0.006904041206448497,0.0024982987569170945,0.002234608238625313
2020-05-22,0.005916836449104457,0.002468820027074159,0.0,0.0018993982067907478,0.006015512204651907,0.0029728619364242093
2020-05-26,-0.014214859559966153,0.007508838900086134,-0.001377231093787179,0.012320154333702149,-0.013409516771792807,-0.007410084574495435
2020-05-27,0.0018024320171106112,0.002077491148514632,0.004137319098519665,0.014879234153017284,-0.0018372928085658158,-0.00037319999547436034
2020-05-28,0.003350344766475555,0.0009752933757742888,0.000839209335298019,-0.0018448313822804208,-0.003679897697615675,-0.0052279071765583
2020-05-29,0.0073584122707384125,0.004019786620771626,0.0064802647464112795,0.004455962727923701,0.007141082327435155,-0.0015014546146122631
2020-06-01,0.004603768848692402,0.007564180720570635,-0.0004404004290311514,0.004041612198320443,-0.00673245440522896,-0.005639066944769011
2020-06-02,-0.0064768271714218395,0.009912954324579726,0.0031901786421348888,0.008279833940463277,-0.003635355716554267,-0.0011342427294497304
2020-06-03,-0.01845018380928054,0.004669088576519931,-0.0006058429617391559,0.013308452296643125,-0.013297424354221987,-0.006055996234325622
2020-06-04,0.010526269495827023,-0.0030985080064346304,-0.0030306230351324626,-0.0026264987542262697,-0.014478797588914571,-0.0038081645531493624
2020-06-05,-0.02027532426346157,0.009441808624281123,0.005168021163909131,0.02562947190414011,-0.007123333038079216,0.00191127648049072
2020-06-08,0.010822142733466267,0.0011844794509257017,0.003326954641032609,0.01208766007011497,0.003842858799979032,-0.00267071642459793
2020-06-09,0.00964183116931494,-0.007805394710515001,-0.0021102229572330655,-0.007456957323926483,0.011358679207806865,-0.003060517588031164
2020-06-10,0.014324773012967418,-0.001430315648864311,0.006570202990171969,-0.005580093104007089,0.014827096173824383,-0.004988354111421067
2020-06-11,-0.007214084989501601,-0.0256622726105995,-0.01192894982596504,-0.05764899613615526,0.01890144393236315,0.010026981049102268
2020-06-12,0.0014163170663434865,0.009922758024614842,0.004859347492147226,0.011975636573588355,-0.009641125409627471,0.0026728402179665434
2020-06-15,-0.0017832572551969017,0.009704287020313007,0.014206260936144632,0.009335697250407726,0.0005546235281359557,-0.0041888967570361535
2020-06-16,-0.0004928345355281749,0.004083898993939572,-0.0027569294566623936,0.01924765279383389,-0.015333428798260385,0.0030592623251239903
2020-06-17,0.0019106166939522051,-0.0046661068967658315,-0.0019425168390740932,-0.004153863306094574,0.00412699679684736,0.0007624196850875009
2020-06-18,-0.001968455156468263,-0.00036022368819954576,0.0022456791454110725,0.0003849706356031657,0.010588072633109347,0.0038096156384384017
2020-06-19,0.011032995719469696,-0.0033673094902674228,0.0007466011186285648,-0.005714518147191483,0.000801606978843683,0.001138463300406789
2020-06-22,0.006462217682632332,-0.000723393519095672,-0.0009698222165965831,0.006415086580429552,0.0001230445131159552,-0.005307094669480983
2020-06-23,0.008419646377624934,0.001448715223143049,-0.0018678706134306333,0.004603739389021255,-0.006834903086660349,-0.003429792126503184
2020-06-24,-0.0034839130582626776,-0.010248657592280108,-0.002769376525890044,-0.025509059467365258,0.010725592443718401,0.0045889357906026
2020-06-25,-0.0006027175913517757,0.0003652410375027948,0.0010510477294125575,0.010720852085567278,0.0028830392935104143,0.0015225175186788231
2020-06-26,0.004463149702982783,-0.009497939495679342,0.0008994881954529355,-0.023751735064251767,0.01070314423418428,0.0015204552569818564
2020-06-29,0.0005404803669293301,-0.005655523566902354,0.004644143238562881,0.014697743547216646,-0.0031469808271048505,0.00037943179102728486
2020-06-30,0.004440918278166173,0.009149732060127702,0.002833623796682394,0.01280949920699892,-0.004856173429372945,-0.0015174033040430412
2020-07-01,-0.004481089931769877,0.003112465913413187,0.003949646505552407,0.0070048863772056436,-0.001942010954006479,-0.0022796060036545107
2020-07-02,0.0021606086958432247,0.007359027080219072,0.0024497601115283096,0.005506808626957405,0.0010401251617278007,0.0007615486592016385
2020-07-06,0.005988741319838731,0.007183648796247333,0.002590913284062246,0.015437284028876563,-0.004095566777087334,-0.005327289133084445
2020-07-07,0.006310260659329048,-0.0066484036504621535,0.001330203942399688,-0.010313892322555529,0.014055803882188522,0.002295388191023262
2020-07-08,0.006211565862881185,0.002677210820690501,-0.0016229520624865268,0.00764896564154105,-0.003994951130988689,-0.005343640050784804
2020-07-09,-0.0027044004055614135,-0.002184619492791362,0.005614464116724838,-0.005692889830763659,0.015922060129526683,0.003453737148028546
2020-07-10,-0.0025938951172596036,0.0034061089177253034,-0.0018365592068780856,0.010210238625808055,-0.005024544803051145,-0.0015296734654786093
2020-07-13,0.0012411575864292868,-0.0054554294096885725,-0.002649821033355537,-0.008658942630485167,0.003306963369340332,-0.0015319322157065773
2020-07-14,0.004663568910189042,0.00853288591003043,0.005830396017925121,0.012959241275477318,0.0014382802360142222,-0.0019179593726983413
2020-07-15,0.0008813320073604025,0.0056800746983158845,0.0019804060432093706,0.009186947573913917,-0.004667778808397194,-0.0026902179851178154
2020-07-16,-0.009451688651900159,0.0009615676021310637,0.002782842647863326,-0.0032934076083066532,0.004749605555111502,0.003468291477671137
2020-07-17,0.008238009985450212,0.002761010118906837,0.0027012328980173805,0.0028992519727957244,-0.0020945945725693305,-0.004224371565255458
2020-07-20,0.004820170160796611,0.0059867471857852905,0.0027673017767697594,0.008081759713974623,0.002458205283660586,-0.0015426518492454022
2020-07-21,0.012050997596656066,0.004642049710185336,0.001307439543885014,0.002127177536467073,0.0005985980358251819,-0.006179970292252701
2020-07-22,0.015202340363078104,0.0020139440514268525,0.0032637176685241798,0.005692298382934391,0.002988594361954977,-0.002720539172187064
2020-07-23,0.008825301770064575,-0.0007094942290788442,0.0007230093216923361,-0.011931652304951412,0.01168108330770079,-0.001948518719669945
2020-07-24,0.008578870839228259,0.0009463569982746112,-0.0022396756308441512,-0.006440644868915046,-5.841145241036738e-05,-0.004295213953817045
2020-07-27,0.019753770786684832,0.002363870302328319,-0.00304091653050087,0.007292450493073588,-0.0037118045956450185,-0.007451072700601968
2020-07-28,0.00834113103275036,-0.0025938742811407733,-0.0010168443545829353,-0.006342099934756651,0.006918634631703169,0.0015804411318895983
2020-07-29,0.0075102306547618625,0.00555693793946932,0.005452139793776789,0.012298335597805021,-0.0017030566288458449,-0.00473375456147207
2020-07-30,-0.007400261112960993,0.0021158050638268033,-0.0010838900757758063,-0.0035677170860231033,0.006589143270359754,-0.003963455672442717
2020-07-31,0.00908793109962347,0.0018776782881164689,0.001374965709161735,0.007902118614626419,-0.000643786389425971,0.005968928784265026
2020-08-03,0.0011325390830079218,0.00024701566790308327,0.0013402771132946523,0.006952085104203309,-0.005034454033712166,0.0
2020-08-04,0.021277725496816835,-0.0003529052044617398,0.0036889670559927534,0.0038628588110778406,0.009531953990795872,-0.0035601247474572606
2020-08-05,0.009283241730161151,0.0017644196777311105,-0.0013692407207487323,0.006210668213141535,-0.0087428786751661,-0.004366829486282975
2020-08-06,0.013274069532868138,0.002229652442240715,0.0042581526348655085,0.006684488918352605,0.005586463470826253,0.0
2020-08-07,-0.01588530528005727,-0.0024593704495896596,-0.0028029705477879974,0.0007182471250588573,-0.006666174510198242,0.00598082884912321
2020-08-10,-0.003458957447482258,0.0004700890019804227,-0.0021624256300915023,0.0029888853850281727,-0.004473762440939999,0.0015854524217391308
2020-08-11,-0.05369440853432972,-0.009036727893469099,-0.006282830000926332,-0.008254680508749557,-0.011884501280736481,0.0015828551891936549
2020-08-12,-0.004668202325739945,0.00023686224000307732,-0.0024710208346904183,0.013942232582687453,-0.009096376060397149,-0.0031607948499996485
2020-08-13,0.023618065792215592,-0.0027233319102527576,-0.00903435456463808,-0.001807719387881046,-0.010688771963918486,-0.0003962754144822833
2020-08-14,-0.0043092158240957135,-0.0017810188075512157,-0.004411880064470131,2.9635325543564406e-05,-0.003906664372341551,-0.0015860809466236026
2020-08-17,0.02169391289315903,0.00594697333841121,0.00206803344690476,0.003176773501466057,0.0025125346040446583,-0.004368475908186564
2020-08-18,0.009008003623491856,0.0015371784608773087,0.002873615038811117,0.0021599854527201146,0.007151459493636159,-0.005584409578790472
2020-08-19,-0.03156545548841261,-0.002833714114747865,-0.0026449830099233296,-0.004163372879600669,-0.006251160848871007,0.008022478345707018
2020-08-20,0.006913929262821528,0.0033151397520705395,0.0035369637650835006,0.0031137026833436554,0.009039537381668517,-0.0027854942299974095
2020-08-21,-0.008010905834894388,-0.00011757106234666637,0.0018352829744496812,0.003547150534881638,0.005992024687936581,0.004788446000158153
2020-08-24,-0.005658401286623649,0.004601545497209258,-0.0017589518625720224,0.010133082263503512,-0.0016243952448429244,0.001588600595760381
2020-08-25,0.0012154763574758753,0.001057666243830857,-0.004331548659939344,0.0034990591133949867,-0.007653737235572167,-0.0035685944041871087
2020-08-26,0.011808847672626355,-0.00011716520603333169,0.0003683914469860827,0.010026038577513052,-0.0038263643809796077,-0.0011937329329161361
2020-08-27,-0.011561927956646234,-0.0015259948306621807,-0.007960378469371698,0.002186492229117931,-0.017008915182351148,0.0011951596343318105
2020-08-28,0.0173802350530341,0.000822478070541699,0.0030462409215668007,0.006459289849138461,-0.0007447618044745807,-0.007958630405616507
2020-08-31,0.002386259791001155,-0.001408838379010402,0.004444959278672833,-0.003622577625720602,0.00664153905460485,-0.0012033096295209766
2020-09-01,0.0011902895553947967,0.005443216167876352,0.006318542545346251,0.009418616171117833,0.01143794193992953,0.0020080803018873716
2020-09-02,-0.013131628719242117,0.0011743811890090328,0.003966100646863424,0.014464104090404106,0.009519884529988643,0.003607123443642113
2020-09-03,-0.00810423703378893,-0.00621703399084006,-0.0021946164728244844,-0.034414229305112176,0.0028415641243053624,0.00039928226384478016
2020-09-04,0.0027602959130217375,-0.002714962478106653,-0.010630563121021841,-0.0081648734262314,-0.018988422269167082,0.0015968448888643572
2020-09-08,-0.0019269219593246456,-0.005562471693554283,0.000963293632362916,-0.0273227070106713,0.006144357325341909,0.005181383701660769
2020-09-09,0.00970825655471863,0.007855329749430817,0.0006665787590678374,0.01974750179098894,-0.002687024995684295,-0.0015860809466236026
2020-09-10,-0.0032231430104036063,-0.004723718110191788,0.0007398421028845803,-0.01736384394038304,0.005082841811097971,0.0019856628796233178
2020-09-11,-5.486005292487661e-05,0.0020167572673437384,0.0007390876683011083,0.0005091275189710309,0.0021321912189358194,-0.001981727836221414
2020-09-14,0.007892586821005798,-0.0010654420990428015,0.002511608865708448,0.01317111416166128,-6.080901771299274e-05,-0.0023828130285633575
2020-09-15,-0.0023927480714920346,0.002726364959602101,0.0011051407103590538,0.005052415292990053,-0.002431957787161876,0.0007961094126835988
2020-09-16,0.0028345831622316187,0.0,0.0006628895207543284,-0.0039686769518920695,-0.0029865353561479013,0.0011934342021819866
2020-09-17,-0.005489995652194879,-0.0010639219055520455,0.000220335114432757,-0.008794968795932667,0.0030568465797977673,-0.003575771144317952
2020-09-18,0.0013117087099276947,-0.002484884764931028,-0.0018386567994974623,-0.01151281342661925,-0.003108487986564712,0.001196201055991386
2020-09-21,-0.020087296599797022,-0.008067963008345336,-0.0009575511832922157,-0.011129657996647668,0.005075005713175429,0.007168454991683726
2020-09-22,-0.004846314367596194,0.0034689092864153004,0.000589927886817776,0.010184222791502773,-0.000791011499479799,0.003558629510345135
2020-09-23,-0.021606497297661065,-0.010131358695105397,-0.007222855822194618,-0.02319071470383527,0.0013390666859620648,0.005516287649992568
2020-09-24,0.003718800733685912,0.0006018213556215901,-0.0025241711349831553,0.002665324123963808,0.003829742515991219,-0.0015674357591916044
2020-09-25,-0.0028499771605223767,-0.0018049975761992298,-0.001041884175538077,0.01616701080656968,0.0,0.0027472319937953404
2020-09-28,0.01006056066236427,0.006510175721563982,0.00506604750089501,0.016609325674336706,-0.0028462876291174277,-0.0031311908344779926
2020-09-29,0.008432402483858015,0.0008384794495777115,-0.0012596945859554287,-0.0054459877079852115,0.001153848058514484,-0.004711365250072097
2020-09-30,-0.006004867330144381,0.004069070524005403,-0.0001490765482037304,0.007581721616583437,-0.009585192366668993,0.0
2020-10-01,0.008920516455577454,0.003434892326705574,0.0027827373201805283,0.006420016350117352,0.0016497842628226955,-0.0015779472791057625
2020-10-02,-0.0008953758525005462,0.0,0.0001486157715129277,-0.009494407490111767,-0.0037337949774485235,0.0023706616978342865
2020-10-05,0.004872915921881216,0.007515524308398414,-0.0033383033051985755,0.017733328994301134,-0.019539593008280343,-0.004335846872807858
2020-10-06,-0.011760774579356315,-0.0022496724348038954,-0.0008186132207111951,-0.014216205191013631,0.0053893334280123995,0.002771246478463052
2020-10-07,-0.0004512229536247636,0.0035602355235537786,0.00029794038021790925,0.017406883430566733,-0.007292803616909316,-0.0011844821569960695
2020-10-08,0.0035549310375408982,0.00224668532096306,0.002457606188974726,0.008862290606151735,0.005400051371692305,-0.0003951790084828488
2020-10-09,0.018161347296547614,0.0022411048046213633,0.002302500403384755,0.00893038323127704,-0.00018742652863124043,-0.005931253310681117
2020-10-12,-0.002871682500567352,0.00506112165842465,0.005780869474260042,0.016087688938632994,0.0031858307022181176,-0.0011932581924184449
2020-10-13,-0.015728823528417535,-0.004449726696865386,-0.0009579405166193489,-0.006526366507612957,0.0071605423046006145,0.005973683123063234
2020-10-14,0.003094772946095059,-0.0024706709952402317,0.0009588590465496871,-0.00628321184354963,0.002287665262077798,-0.0023752665375929016
2020-10-15,0.003646120384284801,-0.0007080429826158419,-0.001031607084674091,-0.0012360314863952837,-0.0017271008687644862,0.0047618437232388455
2020-10-16,-0.0034652086045857677,-0.0011795971077004364,-0.0016967004402456132,-0.0006042383082539571,-0.0027810712235404322,-0.001184775318226472
2020-10-19,0.0005047466985432791,-0.0035450297633755623,-0.0019212570163367193,-0.015203250336996876,-0.0037792611795058884,-0.003163381756577932
2020-10-20,0.0048209014703402,0.0035576417091218726,-0.002072699266843281,0.0040054174351313865,-0.009516136949153098,-0.0031732449760392134
2020-10-21,0.007531414803434444,-0.00011791732923249754,-0.001631813218358813,-0.0018928522703729467,-0.003453826453716835,-0.0051731361756192085
2020-10-22,-0.009800687777642758,0.001772239350618543,-0.00222938546728102,0.005485205966102802,-0.010396819866051232,0.004000096285503574
2020-10-23,-0.001062475196895396,0.0011798864251992836,0.002532379617948388,0.0033955083718870682,0.00611235488862194,-0.002390495558896477
2020-10-26,-0.0005037860400700644,-0.008837511657229569,0.0020794339757004288,-0.01848009105800663,0.00930344820397,0.0035942472252576962
2020-10-27,0.0026323226696718383,0.0004756868105335599,0.004077305219828187,-0.003447344311018563,0.006708945207311023,-0.0019897016213514807
2020-10-28,-0.01614344386479838,-0.008317120249336951,-0.0049464440748455685,-0.03417881792828115,0.0009348486479814344,0.006379562534453598
2020-10-29,-0.004144728133141373,0.002875645600093346,-0.0025970904885084245,0.010163248514626133,-0.009708074078721318,0.003961972983479889
2020-10-30,0.004561020978312902,0.0021498916879081342,-0.005207080919005458,-0.010424650178754158,-0.009865460447109342,0.0011839275031249041
2020-11-02,0.009704919089013941,0.0023829785985938212,0.003919278320623221,0.011208241180638012,0.007490652192642333,0.0011824402692814928
2020-11-03,0.005676996717700833,0.008600098352675056,0.0009705537510105167,0.01765592931965232,-0.005801065349152812,-0.005511769803518529
2020-11-04,-0.0005588578456844351,0.009355340537913204,0.014988535384021118,0.02234939379543488,0.021691641111154514,-0.0015834818294606645
2020-11-05,0.022983923404670703,0.0035198600055952323,0.0037473347708485427,0.0195026350353813,0.001738520968551871,-0.009516222502593652
2020-11-06,0.0014213621387162423,-0.003507514047181415,-0.003147881071048686,-0.00022860006803482325,-0.012084318948119788,-0.003602968782507432
2020-11-09,-0.04427097823171633,0.007626542985142093,-0.007562972275394042,0.012566006674354258,-0.02101523223795021,0.006428261524057399
2020-11-10,0.0033127817282887495,-0.0013964080140437263,-0.002589202041975547,-0.0014667744981611275,-0.00576694319801363,0.0
2020-11-11,-0.004326595410341194,-0.00035039355599586486,0.001854319845955299,0.007428706446931388,0.003609120934159993,0.0011976336666481568
2020-11-12,0.006060679556170845,-0.006765239872142503,0.003998474709075106,-0.009701049900212144,0.017017667204464404,0.0
2020-11-13,0.006819714153532219,0.0034056300751281743,0.0011795290470448805,0.013844500652025138,-0.0013264304452892395,-0.0019934919958182196
2020-11-16,-5.650127239831271e-05,0.005617620474263285,0.0032414442694987944,0.012482559048715425,-0.0024027040337807337,-0.0023972692644906868
2020-11-17,-0.0036691725592956637,0.00034914736881996866,0.0032298086181437036,-0.005378184986282397,0.006528377551264786,-0.0016018723095385656
2020-11-18,-0.005722348480656891,-0.001861865228414028,0.002122823109322214,-0.012034821366949888,0.002896331726815582,0.00040122153809751815
2020-11-19,-0.0018804594035273237,0.0033808809374520354,0.005550300555397403,0.004210167402273202,0.005148707776861272,-0.0016038876533474022
2020-11-20,0.0030257979459697992,-0.0018589344227888382,-0.0008712696548124343,-0.006847908361089949,0.008869918367701901,0.001204759328021776
2020-11-23,-0.0196938167555728,0.0015134867229555926,0.001235561223284165,0.005994657600282061,-0.0045819173904744215,0.0016044424214256559
2020-11-24,-0.015328336846880064,0.0030216873740938066,-0.0022507235120537983,0.016113587989072364,-0.009952227821903858,-0.004805705532648474
2020-11-25,-0.0004717367343725076,-0.00046382019197799274,0.000582216452623685,-0.001541656167802996,-0.003078011506419398,-0.001609607609734054
2020-11-27,-0.010146901518740647,0.001622467549170059,0.003563137080693224,0.0027848758311939115,0.00970477404828407,-0.0020152755730390437
2020-11-30,-0.006674981596057172,-0.0010407937768304176,0.0034786678558993422,-0.004427150449518025,-0.0012478051686015679,0.002423232002996656
2020-12-01,0.0210595460814611,0.002570108017850181,-0.003792168680979535,0.010937282909232682,-0.01474480181132376,-0.008863853762725471
2020-12-02,0.00752153069206285,0.002783957404177917,-0.003340509863599128,0.0021039776168154667,-0.007936365036551485,-0.0012195414793847448
2020-12-03,0.007873502810363364,0.000578204512676761,0.0039348031683834606,-0.0002729464148115701,0.008064360439919094,-0.005290952406551308
2020-12-04,-0.002835427586930339,0.0041626415964644,-0.005516123609809354,0.008617890996324373,-0.014665888852816722,0.0012274348295835402
2020-12-07,0.014914066598165077,-0.00046052038569455167,0.0008754050470178854,-0.002054862377628419,0.009020308700440127,0.0016346939930600435
2020-12-08,0.003487910186290799,-0.0008061063109352506,-0.0011668412081047297,0.0029259018892104915,0.004725262443131539,0.0012240195973118873
2020-12-09,-0.017094017094017144,-0.0014989990849413326,-0.0036506809129084328,-0.008968745861699046,-0.003304652297448585,0.0004074175784050116
2020-12-10,-0.001913054093070632,0.0018473033620287627,0.004983281312599619,-0.00032728474275167674,0.008863547464605936,-0.00285130231762154
2020-12-11,0.0018586706605219216,-0.0010374191486203221,0.0010209979736626185,-0.00117239871790209,0.0035399353595884087,0.002451039314778969
2020-12-14,-0.005507636250083436,0.0002303599655961719,-0.0007289757535148267,-0.004477241035923729,-0.002771924168163964,-0.0028525541448856107
2020-12-15,0.013990959829817351,0.0031150065239944347,0.0019683489275594823,0.01351957567787232,-0.003347533608242581,-0.003269297571629526
2020-12-16,0.005519095329445722,-0.0014949180618202274,-0.0008003070019051428,0.0015691540793330017,-0.0026607632710504703,-0.001229951156633935
2020-12-17,0.010520363984510617,0.001491653658649117,0.001459413501371909,0.005592292525991693,-0.0026467438772312946,-0.005336745362771511
2020-12-18,-0.0016974258370123785,0.0008077839038944656,-0.0007286771532373226,-0.003993215840165987,-0.0029972695916609116,0.0012381643902459327
2020-12-21,-0.003173869592184575,-0.0035761433765306716,-0.0019684098026023777,-0.0035751909823104056,0.003966590884458832,0.002060964194543269
2020-12-22,-0.007903112071065643,0.001273655827130682,0.002775793384682146,-0.0016854233471012003,0.005160705702275781,0.005347722553673995
2020-12-23,0.00664787877129025,0.004509785074554795,0.00021917524551118284,0.0008985414100297628,-0.006909548744509664,-0.004500835776389378
2020-12-24,0.003985267471422693,0.002072273873020336,0.0034226549840259413,0.003890421778371067,0.0039576367139879665,0.0008220501494240473
2020-12-28,-0.003629142996869339,0.0012631245444290062,0.0006531191743506248,0.008590576218376889,0.0004452184048080454,0.0
2020-12-29,0.003642361648136694,-0.0012615310735664131,0.00043526318180209245,-0.0019073396197264447,-0.0012713063059291985,-0.003285499752133769
2020-12-30,0.007655178894261816,0.0020674068855639494,0.0013052886961595345,0.0014264871949740687,0.0021634092105227154,-0.004120229984641455
2020-12-31,0.003714145601823482,0.0008025069229860016,0.00021738768258283692,0.005081032855178025,0.0014600100564723384,0.0028961301754630853
2021-01-04,0.022258360658879317,-0.0020616031515993116,-0.005067739560069673,-0.013614109341628322,-0.0012043767104569225,0.0008250110416760936
2021-01-05,0.0029616260665272787,0.00034388422990394574,-0.003201443535446713,0.006887094460190868,-0.007426935273624591,-0.005770681505292696
2021-01-06,-0.01624105266038789,-0.001835703545204681,-0.008102758968875245,0.005978621145737328,-0.02052831505459385,-0.0012439025978677742
2021-01-07,-0.00233462025122122,0.0028741364729478747,-0.000147748023801908,0.014857285374753282,-0.008813904607808065,0.005811496215520018
2021-01-08,-0.03420993723985433,0.0014901656033570188,-0.000735639863281512,0.0056979261236851375,-0.00322766217797521,0.0016508858536614657
2021-01-11,-0.0019614419353504164,-0.005379790695270503,-0.004272353370365356,-0.006740596697791146,-0.0016518785990261575,0.006180436136526302
2021-01-12,0.006473960214956609,0.0012661209930246997,0.0021455482327656927,0.00021096131443876232,-0.0007946986012838941,-0.005323452418076635
2021-01-13,-0.004307374345463466,0.0029883258521430367,0.007750457391693555,0.0026931057289578675,0.011262173663109998,0.0032935245476379826
2021-01-14,-0.0005190998467168306,-0.0002293648230236034,-0.004321690153517355,-0.003501810678666839,-0.00936847031277721,-0.0020516614881105344
2021-01-15,-0.012407628760563338,-0.0016048777142363413,0.0015450510556860308,-0.007292939328437331,0.003968003722855995,0.00657892342838351
2021-01-19,0.00847307255811236,0.00287017752583818,0.0017627760547302973,0.007852246670766005,0.0032272721492261347,-0.0028594554896863578
2021-01-20,0.016282289539807593,0.0018317537909653403,-0.00029325634883670126,0.01383860196399156,0.0009856569148629646,-0.0004096780084935636
2021-01-21,-0.0006271772092728556,-0.000571369208393957,-0.003960768468559528,0.0009115746151362458,-0.007018493995602726,-0.004508214372987873
2021-01-22,-0.007873145210082533,-0.0019438122170675198,-0.0007362379790039064,-0.003539404433734128,0.0032364376587661337,0.002058418685584984
2021-01-25,0.0008626173693986328,0.00022940206086086157,0.0042743109339185015,0.003943681748538763,0.011785806825346468,0.001232568719569338
2021-01-26,-0.0024705999829396363,-0.001489495957629039,-7.392948271012223e-05,-0.0015607522448872757,-0.0018865848633825566,-0.0028723623975542845
2021-01-27,-0.006335623059913753,-0.0028667319743209685,-0.0017609589158603667,-0.024440580809407364,0.0025420040045267545,0.006172805785054747
2021-01-28,0.0009273614616172043,0.0029906155462398054,-0.0016171622158559495,0.008600145797533987,-0.005527700813472203,-0.0024539563089182037
2021-01-29,-0.0004053281700162614,-0.0026373169079834113,-0.001546484359256528,-0.02001963098709736,-0.006016131671937375,0.001229951156634046
2021-02-01,0.009385291185094458,0.0032080972061485635,0.0019729247430844143,0.0166455161456458,0.0011588463531417847,0.004914123339059939
2021-02-02,-0.012167796413785958,0.00241558226951466,-0.0026547932948443043,0.014140134092706313,-0.006446728862698592,0.001222433048372329
2021-02-03,-0.0015106298641213156,0.0008032923525733704,-0.0023662346895126918,0.0007863996590806721,-0.008873188800360365,-0.0004070101922736269
2021-02-04,-0.021530474690833024,0.0020640500979798304,0.001704529155903245,0.01136580504251583,-0.002672266067296203,0.00447884500407314
2021-02-05,0.009872160109213546,0.0014871320883349526,-0.0026631537034230712,0.0039360256827607465,-0.008373433271234298,-0.0056748658275108665
2021-02-08,0.010070118005137685,0.0029708849813954163,0.004302456200076854,0.007221675358335844,0.004390514341309881,-0.0004076738652371015
2021-02-09,0.0032649110578624185,-0.0018222999546867458,-0.001551192463389306,-0.0006656903767446876,0.0007395038905322338,-0.005301831472878549
2021-02-10,0.0036611162023989507,-0.00022795869664726798,0.0023677725360033985,-0.0004355490332869083,0.006654250776750192,-0.0004100139558953497
2021-02-11,-0.008685078696598514,0.0004564819749501847,-0.0026572810059970475,0.0016148808378286805,-0.005475011715622591,-0.00041018213629573363
2021-02-12,-0.0030372306060941767,0.0015968428254529154,-0.003256205147434077,0.0049399482118037685,-0.012418777070906772,0.000820700909443639
2021-02-16,-0.014353488272303538,-0.0015942969837527965,-0.007053902456982786,-0.0008662130409855529,-0.015227060708729034,0.0
2021-02-17,-0.011352850687983307,-0.0003426656881261314,0.0050099548273228045,0.00022946343993934804,0.006350665677206768,0.004100048847901494
2021-02-18,-6.0088418961767864e-05,-0.0013697508667739333,-0.0019344699676293597,-0.004255962968117921,-0.004047049969205463,-0.0032666276033691544
2021-02-19,0.004148551901348441,0.0001143793393094672,-0.007231256355468285,-0.0017657742344459049,-0.013291974730539113,-0.002457977414233814
2021-02-22,0.014969164015496528,-0.003085929065020143,-0.00623260026360728,-0.0076918389568495504,-0.007607984622506669,-0.002874721423057558
2021-02-23,-0.0023007456922117253,0.0024076224222631115,0.0007556083455262375,0.0012146068929872467,-0.0028835810557801267,0.0008236518475852606
2021-02-24,-0.0007095264939214196,0.0010294257954515107,0.0015101455761878935,0.011019125970369359,-0.006559960051126024,-0.001646130101091381
2021-02-25,-0.018816524708764826,-0.009482921360279839,-0.015832584087698054,-0.024095878446461105,-0.016330637601889686,0.0032975974295539334
2021-02-26,-0.024182906697045592,-0.002998517670438794,0.013252772771409571,-0.005152399721681911,0.03305910700862946,0.007395321420017309
2021-03-01,-0.0017304170540851649,0.01122664771731996,0.0009775607629440852,0.0242400491673449,-0.013207537428103766,0.0008156802619994075
2021-03-02,0.005447934683729505,-0.0014925548828114144,-0.0011352127714479021,-0.007803299137433939,7.095386690592065e-05,-0.003667569614852928
2021-03-03,-0.011021541189334294,-0.0032192277575032735,-0.00742553063233542,-0.013245482426468724,-0.010846366619033598,0.002863054596931036
2021-03-04,-0.009836893780889033,-0.0038068361412774143,-0.00816795779823809,-0.01237490609281744,-0.006449413991333031,0.00652526163576006
2021-03-05,0.0006288110395962221,0.0030105718619952704,-0.0013081885205266097,0.01839637809014305,0.0019475070312937603,0.0036466754375490407
2021-03-08,-0.010368190918767173,-0.007273196943435312,-0.009325050412895108,-0.004978649563416426,-0.007774886479089305,0.005651955546429166
2021-03-09,0.02127113294736649,0.0013955096105817688,0.007545527693123111,0.01427779134663898,0.01385789910044144,-0.005620190479675546
2021-03-10,0.005098279923459348,0.0031356960744497453,0.0047098335056947604,0.006224343411910249,0.0020038648679738813,-0.0016148954815170535
2021-03-11,-0.000866011298261804,0.0037043626949626596,0.0006147805514620241,0.010139282178942555,-0.00721371861952691,-0.004852343833802508
2021-03-12,-0.00018572795011984056,-0.0027681632015159607,-0.011519804662762478,0.0013467368932436052,-0.021221689069194638,0.0032506992208265473
2021-03-15,0.004396503999798185,0.0001157959377948714,0.0034185253375631497,0.0059632772993407634,0.005879947332183555,0.002025160014523797
2021-03-16,0.0009248406787658592,-0.002312976919984777,-0.0006967867819568374,-0.0012609550014049953,-0.004018607193691626,0.0
2021-03-17,0.00714498527693741,0.001390747173559248,0.0009295297859417406,0.003409738072830626,-0.007482693946783803,-0.004850471445184579
2021-03-18,-0.005810023730399405,-0.00763918438261868,-0.0057283627057007624,-0.014549665738432749,-0.010126676766177511,0.006092574092334768
2021-03-19,0.004183119739068708,0.003848643623972192,0.0014791899037824852,-0.0018504382334804115,0.006197847202974227,0.00040372387037934665
2021-03-22,-0.0014702614866924923,0.003602855232987867,0.003576247435749913,0.007985108647377226,0.011205795061189017,-0.0020178047159667978
2021-03-23,-0.007300628474884996,0.0010415031256150176,0.002943841536045877,-0.00787083275073408,0.009027168235169247,0.006065474524210801
2021-03-24,0.0034608341081703298,0.0005783983840652596,0.003011922651782184,-0.005083322071270047,0.005381880037186315,0.0024117226027253746
2021-03-25,-0.003633653726877295,0.0017338435169624855,-0.001154630225881137,0.005625485088265547,-0.007885150720210676,0.002806625972157306
2021-03-26,0.0028434090575977233,0.0030006141811469433,-0.0006940633752594572,0.016114804187219667,-0.003500052176892088,-0.0011994605921596957
2021-03-29,-0.011896005111092234,0.0005748745475941952,-0.002391451880113027,-0.0005050801357783241,-0.008488338603048207,0.0024018906197842416
2021-03-30,-0.017091823816998808,-0.0024144497129301445,0.0030933950192553183,-0.002652907498777335,0.005240188595774464,0.003993529489102476
2021-03-31,0.015167857324082767,0.004841050215005138,0.0026211702650797974,0.004053353579544838,-0.005579745023361671,-0.0007954761266516508
2021-04-01,0.012628087827510459,0.002118075136668951,0.006271023071788839,0.010798971539082824,0.016596796516522128,-0.004378998107005261
2021-04-05,-0.0003704010382533651,0.0004587325382199303,-0.0049001322419296445,0.014353250191997624,-0.004363070133530211,-0.003198709016291934
2021-04-06,0.00802867506459215,0.0017221895993317915,0.006693828548073988,-0.0005904372009368775,0.006792594638009852,-0.0024066192590420643
2021-04-07,-0.002818323186048577,-0.00034384575228796344,-0.001986661890671093,0.0011573548877306106,-0.006964759712627333,0.0012062125238112564
2021-04-08,0.01075202788807239,0.0003439640228561913,0.0036756417912808814,0.00474637984266435,0.008255486622846808,-0.004417598957930702
2021-04-09,-0.00753747660190629,-0.0006879211177661659,-0.002060447341258098,0.0072703780982128485,-0.0036229038225097376,0.0008067069755386402
2021-04-12,-0.006063609158189043,-0.001032017590368195,-0.00022901955585863387,0.00036463110084139494,-0.0004363789152114217,-0.000403162125125478
2021-04-13,0.007086479573175097,0.0006893358569879382,0.00443566084279734,0.0029634528647159986,0.00749328650260872,-0.0036289412480495775
2021-04-14,-0.004344315528953313,-0.00045981529239247365,-0.001370468984344675,-0.0034148298014257117,-0.00317702700580047,-0.0012141124998791275
2021-04-15,0.016162763416190717,0.00401709998219002,0.006175503549982864,0.010742255125501865,0.016734391029324502,0.0
2021-04-16,0.006047777218550321,-0.002057429138881295,-0.006819354539350786,0.0033426574283694777,-0.007766259707664536,-0.0012155883609028528
2021-04-19,-0.0027652942409929215,-0.001603572797832853,-0.00259439428460706,-0.004913336124218515,-0.002871945911169016,-0.00567947029187732
2021-04-20,0.0035565515706876827,-0.001720512022722831,0.0019124285493485882,-0.007321404429136424,0.004608439006910103,0.0016319358628174019
2021-04-21,0.009911155680072392,0.0033323938200289227,0.0034354486223600045,0.009461992608108094,0.002007277435793098,-0.0012219352104879677
2021-04-22,-0.006483147356353358,-0.001832507085200663,0.0009895032107281043,-0.009132995631519703,0.0043642347397432335,0.0028547906868803263
2021-04-23,-0.003831414124593202,0.0026398194962200527,0.0008357810462551463,0.010842151431568192,-0.0023511034506645823,-0.005693418086947122
2021-04-26,0.002644245538133694,-0.00045830407540903284,-0.0004556781553453071,0.002087779246746635,-0.0014277713463464181,0.0
2021-04-27,-0.002517371003141977,-0.0013740513533625487,-0.00448269108615551,-0.00021547862622595115,-0.008722834890491193,0.00040900779956154487
2021-04-28,0.002944390689552989,0.00194881077742326,0.0001525993053352881,-0.00028736675636187314,0.0006492331508793914,-0.0036794747737221023
2021-04-29,-0.004133978948338446,0.0011445409763555237,-0.001220889684298565,0.0063728117995769384,-0.002955482781442531,0.00041035045472193055
2021-04-30,-0.0033690142851713345,-0.0004569265425879987,0.0020626464473341155,-0.0065704804970631026,0.0023135083949969992,0.008203461229393971
2021-05-03,0.012978352341882271,0.00039034094626111404,0.002406753000003148,0.002156543341807593,0.0005994417528492058,-0.004475200616243513
2021-05-04,-0.007329692780131181,-0.000574116715763795,0.0006094506091769425,-0.006169199148739701,0.006786493129242732,0.0044953180664246695
2021-05-05,0.004142168530566259,0.001951490953985724,0.0012185794456731625,0.0003127371521280953,0.0016488250962762852,-0.0004068446023737238
2021-05-06,0.01667957921247054,-0.0003435620037350873,0.0019023169223022496,0.00798574339286029,0.001646367951286365,-0.00488403226078038
2021-05-07,0.00899681760120985,0.0006874745657863279,0.00037941951400188856,0.00727798099650423,-0.004930985637138008,-0.007361959415205677
2021-05-10,0.0030305045955998366,-0.002290579208423349,-0.00538894123421696,-0.009902484573158343,-0.010127438089633456,0.0
2021-05-11,0.000174300035968189,-0.001032468202901482,-0.0036633443120108744,-0.008924669395158347,-0.005659692340353906,-0.0008239913011897082
2021-05-12,-0.009933813872024522,-0.0048251530142695565,-0.005437990259457348,-0.021245196439636405,-0.010507772863656895,0.007422767282893483
2021-05-13,0.004107329913244362,0.003578778012369721,0.0037737550255361185,0.012012356423233284,0.0015488219455097596,-0.0016374608588803907
2021-05-14,0.009115862292308208,0.003220762096952434,0.005446955561841937,0.015355532111333003,0.009351190024992073,-0.004100048847901605
2021-05-17,0.011639321781340195,-0.0018346413954403173,-0.0011441858139219496,-0.002544526068783748,-0.002115672752900588,-0.0012351058620528876
2021-05-18,0.001946172546249958,-0.0024121848193964235,-0.003285383173879608,-0.008615629861645435,-0.002558519892895683,-0.004534230664564487
2021-05-19,0.000685616890880425,-0.0026487702786773815,-0.0017627442344676503,-0.002621967992573193,-0.002418653151994854,0.004554883557263301
2021-05-20,0.004567270124640199,0.004272251473067978,0.006833959125290612,0.010757922449243118,0.008228706460585267,-0.004946441742901375
2021-05-21,0.0004545724551812125,0.0014943220239855837,0.0006859098107212525,-0.0008186762999544683,0.00320617506885279,0.0033140815379537614
2021-05-24,0.001761036294059215,0.0011480102206835596,0.002743792797454514,0.010194236836269743,0.003704896025084503,-0.0024772596624682564
2021-05-25,0.009072814229376336,0.00011494414733359548,0.0037239973530427406,-0.0022186375217736476,0.009263353109607575,-0.0012417516463740785
2021-05-26,-0.0017420486873281904,0.00034376255268475653,-0.0005300058952266706,0.001984588908926943,-0.0017211623097117545,0.0037297948434042993
2021-05-27,0.00039409662496781017,-0.0004585358619215718,-0.0030304800990036407,0.0005250463236037284,-0.004022539786854851,-0.0008256923223219914
2021-05-28,0.003770176937892389,-0.00034380206617834475,0.0008362107511272754,0.0017886158714410794,-0.0015866196799743104,0.0008263746535288607
2021-06-01,-0.0026909461441234628,0.003003547773313464,0.00012907250121885205,-0.0008808094392154242,-0.0002240564394021538,-0.001651567340146265
2021-06-02,0.004890446350902078,0.001262174722250764,0.0015976512535187393,0.001572497695014441,0.002314990588623056,0.0
2021-06-03,-0.019578228541437537,-0.0020626177306893867,-0.003949213711619826,-0.0037111821702187076,-0.003753462282190756,0.00620353172819299
2021-06-04,0.010783359066451448,0.002181840953587866,0.007090473948915044,0.00914581479256893,0.013694344119896229,-0.0036991347376569284
2021-06-07,0.0040076283608136976,0.0003439012264594421,-0.0008328044416607838,-0.0009702657502916878,-0.0030733277001163684,-0.0016501133557321745
2021-06-08,-0.0030920774052216604,0.0006872240389121931,0.0037885729745583685,0.0002132958378444627,0.00702617226678437,0.0012395162686738015
2021-06-09,-0.0019175027218333307,0.0008013436602438695,0.0036230421877434527,-0.0014919786994158635,0.00882876796070442,0.000825534236889025
2021-06-10,0.004294325821970535,0.0018296069674164084,0.004512695739455896,0.0046481477965623075,0.00599948904181935,-0.0008248532922557894
2021-06-11,-0.011252390785353672,0.00034264492113544875,0.0008233632397167678,0.001652592696180566,-0.0016135196117895712,0.004952657560984175
2021-06-14,-0.005860923791407013,-0.0009128768214805572,-0.003665422569906873,0.0022390435412187326,-0.00765975804064567,-0.0008213749380334701
2021-06-15,-0.0037777095572453234,-0.00011401493652507533,0.0007512872830279793,-0.0018341944181542447,-0.0012034595511488666,0.0008220501494240473
2021-06-16,-0.016891711518855712,-0.001371177420876779,-0.0028516042988074863,-0.005583435313359808,-0.0008509916374964677,0.008213476800155828
2021-06-17,-0.030740427140865334,0.0006865869864500773,0.005567866074821737,-0.00033146080940371636,0.014972034154891345,0.0077394036390219245
2021-06-18,-0.005547261946798776,-0.0004573347622200963,0.005238229638543146,-0.013490560726959089,0.0188060912718353,0.0032336178208747235
2021-06-21,0.012247646651096789,0.0019442206045043875,-0.0058062539271757085,0.01431601463979626,-0.016743360637469284,-0.004834926568215603
2021-06-22,-0.0041928539145718036,0.0006845298747422124,0.0016470703785393948,0.005346275146634216,0.002442450120852868,-0.0016193826460833005
2021-06-23,-0.0006616578066259704,-0.001025865384484348,-0.0015696526047519477,-0.0012053226630064362,-0.002575700872535003,0.0016220092997951685
2021-06-24,-0.0006019387497473438,0.003082802023747222,0.0019468734895362605,0.00591574384571758,0.0016054235089575375,-0.0008096465367524175
2021-06-25,0.0033124733437563947,0.001024669092490882,-0.0026154981582235948,0.003552000379999587,-0.01038317701733571,0.00040519612030087693
2021-06-28,-5.999463986816611e-05,-0.00011384874978570547,0.004270276743168155,0.0020158778435741542,0.010281140181835235,0.0004049423940546415
2021-06-29,-0.010505462725200698,0.0012511206493874827,0.001193353649264317,0.0005381925476788396,0.001672462261997465,0.0024292979005711146
2021-06-30,0.004853503869870712,0.00011360639487567603,0.0011180087917079806,0.0008418060932597893,0.004453471417077859,0.0028270295405732337
2021-07-01,0.0034413575356286863,0.001960363670970855,-0.000872609954289727,0.005536334865214654,5.5381993575354116e-05,0.002819238181965611
2021-07-02,0.006558341503640763,0.0015923865063631748,0.0028358075567793684,0.007643591625492663,0.006034502561275357,-0.004016160603774632
2021-07-06,0.004961455343207799,-0.0005679822876925034,0.00364676287784671,-0.0018213874863711732,0.011721007535665073,0.003629030459447513
2021-07-07,0.003806801143447114,0.00034089289145344814,0.0034108498039007173,0.003534098684847997,0.00885909351281633,0.0016071098254233362
2021-07-08,-0.0006518168637834609,-0.0021578770680359405,0.0005174636003622002,-0.008148099672542264,0.003917632733116516,-0.004011239172853509
2021-07-09,0.003320562334123478,0.0017072296467732784,-0.004209963007993367,0.010675028022468114,-0.014062317066296237,-0.0024164007666473974
2021-07-12,-0.001241101031467462,-0.0003408189143677687,-0.0005193145428882273,0.003581728957258168,-0.0012971813366171592,0.0012110822916975295
2021-07-13,0.001301782371024407,-0.00295522193872344,-0.0037105101248866568,-0.003408966692644344,-0.007653499978348188,0.0060485327847426
2021-07-14,0.010755182911599048,0.001595972459354611,0.0046180699667959235,0.0014920664993911537,0.011362991996307858,-0.004809734391640452
2021-07-15,0.00017547964957964624,-0.0006828015410451638,0.002150726526243485,-0.003415232672337787,0.011029582717787312,0.002819238181965611
2021-07-16,-0.00970365108457183,-0.0013676658972745503,-0.0014059345974828386,-0.007843838492453625,-0.0018855500476375742,0.001204759328021776
2021-07-19,0.0011805498135817327,-0.0067291357141168184,0.007186985045677163,-0.01476777606449653,0.021928399264840026,0.0016044424214256559
2021-07-20,-0.001297100524211059,0.005052398129428148,-0.0013979350275196145,0.01433021367567866,-0.009639529795984703,0.0012014706851786183
2021-07-21,-0.0037192566567244567,0.0024000637327468155,-0.0035361355308336506,0.008096394856192957,-0.012666602182204278,-0.002399880775891261
2021-07-22,0.001955450591350383,0.0005693272351858791,0.004140357460418187,0.0020941623594139536,0.009452937623158242,0.001202738318810015
2021-07-23,-0.0031344183025339145,0.0019371646823862498,-0.00044180711734054245,0.010288056456382089,-0.006688980030529201,0.00040057883242572423
2021-07-26,-0.0023730060647713103,-0.0014780593273865383,-0.0022096067887246162,0.002454859995028258,-0.0029628161629107197,-0.0032025503492302265
2021-07-27,0.0016650735799190741,-0.0013666339830971097,0.004280978549218606,-0.0045575564301858495,0.010671258826721264,-0.0016064642415098973
2021-07-28,0.005046252863966982,0.0007978511961717061,0.0017644390026136936,-0.00041009659599799964,6.687267598004532e-05,-0.002815657970266394
2021-07-29,0.011105233370970247,0.0021649673723744822,-0.0028618857566691247,0.004147252127265411,-0.005546591946532287,-0.0036306722504581
2021-07-30,-0.007886842666167015,-0.001364233713677776,0.0008096865525981656,-0.00485635587132216,0.004703753957485235,0.0028340763826579796
2021-08-02,-0.0012366429443513294,-0.0024784861396270896,0.002894540881201779,-0.0020979773546486724,0.0089196433531471,-0.0012110822916974184
2021-08-03,-0.0007074766626713469,0.001145261308719725,0.00102825064363965,0.008135441189287107,0.0005311520814432757,0.00040412397833278213
2021-08-04,0.0002359625041987723,-0.0018298922653048333,0.00022038648887123813,-0.004918844383113519,0.002056232143473391,0.0016162898705618378
2021-08-05,-0.0039520921003340925,0.0022911905151872247,-0.004108073807432722,0.006332671307524462,-0.005097778637336625,0.0
2021-08-06,-0.024991124040327772,-0.0011429764807218135,-0.008175683733255057,0.0016524396191235358,-0.016700496852852798,0.005647305818250237
2021-08-09,-0.017735654639032372,-0.0022887950190028095,-0.004306648781145617,-0.0008134484850184087,-0.003586608808107239,0.002005663959523174
2021-08-10,0.00030919522248562537,-0.00229415901739094,-0.0022376920282912716,0.0012440749173385779,-0.0046182563585489556,0.0008005711608920496
2021-08-11,0.01378497662510525,0.0016091834615765688,0.0015698494761604564,0.002484616814143248,-0.0006138954830894328,-0.0019998711473409037
2021-08-12,0.0002438615008097944,0.0017218901210780402,0.0014177950077167711,0.0029970182464529316,-0.0016383653721393499,0.0012023449228659722
2021-08-13,0.014325811995228088,0.002177153134668819,0.006707597819703315,0.0018199248294146209,0.01579574859113575,-0.0048038698081224185
2021-08-16,0.004988291568599701,0.000343174855727435,0.0005919887665100099,0.0023546002054788406,0.0024234535904725796,0.0008044355646132928
2021-08-17,-0.0014950364679763295,-0.0022861435429665233,-0.0017755927338365396,-0.0065552281523969524,-0.000402652282048499,0.006029084195449341
2021-08-18,0.0007786122169375354,-0.0022914952264008193,-0.0006670401313538799,-0.010945053961748386,0.0033590294975869295,0.0
2021-08-19,-0.002932408589264246,-0.00011419654951605462,0.0022991690747300453,0.0015485390844085511,0.007365376624374864,0.004794184962480852
2021-08-20,0.0005401616803368814,0.0024112301406151726,0.0006661574088779876,0.007956922370676356,0.0006647920813447339,-0.0011928715893967379
2021-08-23,0.012177557387281546,0.0030931164991960802,0.0007392159045800373,0.008796387948122764,-0.0006643504264419731,-0.0059713930822592465
2021-08-24,-0.00047414113127741686,0.0013706801136332825,-0.002290945166713687,0.001587555522027495,-0.007777318658469978,-0.0008008032487200056
2021-08-25,-0.006937433805443538,0.0010263774378718171,-0.0025918911009863432,0.0020983121244737557,-0.008306047842208009,-0.0008017110736507904
2021-08-26,0.0011344784228162208,-0.0005693747353054945,-0.00029686160601449796,-0.005903120396972494,0.0027698507530644623,0.0028078407971396935
2021-08-27,0.015029547921398434,0.0027359081178459643,0.005570731250338579,0.008940941560432014,0.00680318482825526,-0.004400017416348434
2021-08-30,-0.0049356385559711224,0.0012502555527293957,0.0016986104588971873,0.0043975814025620785,0.002609672019913578,0.0
2021-08-31,0.0020076547129428413,0.00022764762437699204,-0.0022855404269811475,-0.0014816716055719992,-0.00680668165037468,0.0
2021-09-01,5.8898619200498104e-05,0.0008537087512048291,0.0012879865556931769,0.0005314785460523996,0.0016750248721912886,-0.0020087095041435576
2021-09-02,-0.0026517204262498373,0.0012513820146353716,0.0017748513475013272,0.003076526497133303,0.004365436141539281,-0.0024155168097079738
2021-09-03,0.01069422486613747,0.00011378271533035722,-0.0036168554324722546,-0.0002425415421559718,-0.00909432589031034,-0.0020178047159667978
2021-09-07,-0.01958371853465668,-0.0026133453732208878,-0.004740889385813074,-0.0035755342940979595,-0.008435826979173222,0.004852433297717784
2021-09-08,-0.0025044029033459703,0.001139219160527949,0.003200674845670326,-0.001218220281668847,0.006805590335862366,0.001609607609734054
2021-09-09,0.004423489287242344,0.0009107195424533643,0.006528776162743943,-0.00428034736815186,0.012100576353865522,-0.0024105758493171425
2021-09-10,-0.005058656845151166,-0.0014783906236309763,-0.002875044148037853,-0.007884518909063165,-0.008816411040521,0.001611082350446269
2021-09-13,0.0033497597913456634,0.002504810621034359,0.0024401077359641477,0.002559299317600683,0.006064756313250541,0.0
2021-09-14,0.006438546534438316,-0.0004542008203373138,0.0030234731534692916,-0.005396514122293472,0.012123610715422783,0.0
2021-09-15,-0.005864266379652205,0.001477551298296742,-0.001176064998164028,0.008352649806018908,-0.003507902026429366,-0.002010502473496323
2021-09-16,-0.02264197706190263,-0.000340917565819554,-0.0013991253364898926,-0.0015853576420535864,-0.004581840226036027,0.004431837741861067
2021-09-17,-0.0015850424237688898,-0.0012484813424630259,-0.002211240851489382,-0.009740865093989193,-0.004804264378810541,0.003610195127141891
2021-09-20,0.0071441542310690664,-0.00352233657733525,0.003102611282934653,-0.016674370824080076,0.01240244711488625,0.0003996898336149357
2021-09-21,0.006669036185550814,0.0017104135741585758,-7.375055556846366e-05,-0.0009444390550343851,-0.0008607968519429576,-0.0007991486825802419
2021-09-22,-0.0037340107339023376,0.0018212586082881899,0.0027988246686077023,0.009754728792995326,0.005964142011834372,0.0027988593314653976
2021-09-23,-0.011546389089901132,0.000454794888737009,-0.006904049747275431,0.012150055866501752,-0.022596768127418065,-0.003987160422470715
2021-09-24,-0.00128427290155253,-0.0014765999045599498,-0.002144809220436139,0.0016473055039694096,-0.00977304003440893,0.002802131915953021
2021-09-27,0.00208203509820426,-0.0009101844471574028,-0.0005187319455379757,-0.0028610038180846287,-0.003675831560942755,0.0011976336666481568
2021-09-28,-0.009716428402719801,-0.004554394942309026,-0.010678347400004062,-0.020151889829157832,-0.015576909082380297,0.00358860316797438
2021-09-29,-0.004504756024632184,0.0018303634733485286,-0.00022504512545140631,0.0016831605724108023,0.0017346217147200527,0.007151278588699128
2021-09-30,0.01797665363761114,-0.0011419152311621383,-0.002624153750146463,-0.012222405546598591,-0.0001384354187328185,-0.0015779472791057625
2021-10-01,0.0022530453929923144,0.0023968321894181077,0.007268239486447836,0.011884190718959742,0.008415601320082233,-0.0019754640010825053
2021-10-04,0.0046783175745395145,-0.003546196920965694,-0.0016452622563309927,-0.012895931086134738,-0.002545862081489214,-0.0031670512457252498
2021-10-05,-0.004656532835140448,-0.0004594423177726181,-0.0041190802819742744,0.010404963651321042,-0.009656135634151797,0.0019856628796233178
2021-10-06,0.0026733243283083574,-0.0005742848123216904,0.0003007960602712245,0.004155945241426151,0.0056413361038927246,0.0027744540470908685
2021-10-07,-0.005271739220885419,0.00011481007005098576,-0.004435784817643951,0.008645650167523389,-0.010457608289063391,-0.0003951790084828488
2021-10-08,0.00042636491147840516,-0.002987992606493295,-0.004606364784231376,-0.001823691740590272,-0.006999608442318173,-0.0007908454391445385
2021-10-11,-0.0018875818465466931,-0.0031120883938168253,-0.001896762068854363,-0.007239660990056684,-0.0025367314464824764,0.0027700622451958257
2021-10-12,0.004514430828637339,0.0018500503000169477,0.006384763240909752,-0.00246163796274268,0.01710004067882731,0.0011839275031249041
2021-10-13,0.017794197805277356,0.0026545504506285678,0.005060472968807739,0.0035975402683137148,0.009726396016665362,-0.005518374349130273
2021-10-14,0.0024464685904206362,0.00563987747478123,0.004734286426795853,0.01682086834152985,0.003714877492605906,0.0
2021-10-15,-0.015892846243722114,-0.0017167416715262451,-0.003590322505617971,0.007615602109367181,-0.005826057180105648,-0.0011890016253518487
2021-10-18,-0.0024799108302698825,-0.0004585850511409362,-0.0008254659991383528,0.0029606291369681514,0.004688491243456383,0.0003967471474854989
2021-10-19,0.003213671993580469,0.0006881931718123457,-0.005483994659325808,0.007714898941226789,-0.013794885349323383,-0.002379889851768069
2021-10-20,0.008763958748792211,0.00034352216393518376,-0.00241736862687858,0.0039276208350342845,-0.0067501149385487125,-0.0015904954525289838
2021-10-21,-0.0008987052245035265,-0.0025206610919105144,-0.0021200124103003537,0.00260840918111227,-0.0011907146374495747,0.0023895437372412065
2021-10-22,0.006116967151190034,-0.002412612067528741,0.004021571650822731,-0.0010362833735100274,0.011012869907010447,-0.0019865395246211337
2021-10-25,0.006914158513320778,0.0017274458708365081,0.00045310016939215103,0.0053627537404796755,-0.001526538941993616,0.0015923069003107582
2021-10-26,-0.00739951491266011,0.000230124648969543,0.004306635655234148,0.0008999873792252533,0.00826926007053741,0.001987241346016466
2021-10-27,0.002624060476058121,-0.000804460726827938,0.006093008515559717,-0.004430173538744753,0.018194592942957444,-0.00039658980161294544
2021-10-28,-0.00023788536339730548,0.002530114737551159,-0.0014954819182640966,0.009648764849108371,-0.00338479595287533,-0.005952436347060552
2021-10-29,-0.008507900517562339,-0.002638567327700292,-0.0005237997365638014,0.002029361208799374,0.003056238605722905,0.007984136123254437
2021-11-01,0.005220584505493342,-0.0010734508155570976,-0.0017866757521688426,0.0017200851128622574,-0.0071996581211443145,-0.0031683052760576036
2021-11-02,-0.0021490007233168074,0.0024261172746269377,0.003834827620970316,0.004043123831481976,0.004438451612071459,0.002383671629587303
2021-11-03,-0.008315382622616663,0.0019593967937614476,-0.0025469216242755,0.0061052767707663325,-0.01033365160420019,-0.0023780032507035864
2021-11-04,0.011340951773961994,0.002645486258731733,0.005257023319996668,0.004712506966524144,0.01051037657956333,0.005164739064077883
2021-11-05,0.0130629437586407,0.0037851161970465785,0.007321711351263582,0.003469531568043971,0.014955754382258046,-0.0007904454652968296
2021-11-08,0.003591619309376348,-0.0012563135996870312,-0.002299189792275058,0.0008538519128520328,-0.0018753333684075058,-0.0019778957027590804
2021-11-09,0.0049281100201232775,0.00080053905577393,0.002676605489690065,-0.003305325572907414,0.01301860922281528,-0.0011890016253518487
2021-11-10,0.010858781500706183,-0.005602201697397335,-0.010231548243170407,-0.008044968807009112,-0.01828317194945772,0.010714192274958068
2021-11-11,0.005602086369596027,-0.001724883307776981,-0.0028468350520264307,0.0003235067119240487,-0.001484708946087987,0.002355856354349317
2021-11-12,0.0018952552280546708,0.0003455501787015258,-0.0010511086721525231,0.007546748751996901,-0.004392021913468547,-0.001175116339550697
2021-11-15,-0.0015477459282561279,-0.0011511729935334003,-0.00759532812308894,0.00034258681320764595,-0.012557239232882766,0.005490154500502831
2021-11-16,-0.007233864736584827,0.0004606161353120086,-0.0016672286163877947,0.003957811037268666,-0.0025433490201859366,0.003900163612031715
2021-11-17,0.009137183945092442,-0.0010368962922073788,0.004022814137890629,-0.0024293429373445363,0.007925248071360746,-0.0019424627391655402
2021-11-18,-0.0032091550635745536,-0.0008073621854545188,0.0022683097830835663,0.0033964779484823016,0.0037600616447468482,-0.0027248611108838805
2021-11-19,-0.007646325240812324,-0.0008081275706792734,0.0037712280888668737,-0.0017882800788708852,0.010558155479015507,0.005074110353221473
2021-11-22,-0.022420457120115533,-0.0038121306542429068,-0.008716478934520544,-0.002815070065189218,-0.01172811926715367,0.0050485796589814225
2021-11-23,-0.008652404091134991,-0.0013913172628032822,-0.007125884836864604,0.0013258647212504027,-0.01445963172361453,-0.0003863225902198675
2021-11-24,-0.0009565020521100642,-0.00023253145798129982,0.004809978004818749,0.0026699908998699673,0.016055897685014697,0.003865403102841558
2021-11-26,-0.001615539860939763,-0.0072017354862072835,0.008129701236937237,-0.02230323649379351,0.02526886876314638,-0.0077011237794826215
2021-11-29,-0.0013785494630753625,0.006200723255421536,0.0006788257138301557,0.012266505736018951,-0.008038230804728319,0.0019402013777756189
2021-11-30,-0.006721853018899604,-0.004185912535991765,0.002183985041964487,-0.01945750415688763,0.015202186377035964,-0.004647586248203717
2021-12-01,0.003987937535404162,0.00014074194672519802,0.00014343490832202654,-0.011107248711725859,0.006168506600780388,0.002723801062661124
2021-12-02,-0.005536820827328315,0.007379395923630572,0.0023332014997432537,0.015316357882901865,0.0012478818064647346,0.0003879715928212235
2021-12-03,0.008412002804647267,0.0,0.008336400887412942,-0.008701431415916283,0.011931774643727966,-0.0003878211292400735
2021-12-06,-0.002460563224478851,0.004418602751067535,-0.005064532613573536,0.01184329304161702,-0.013735348017011817,0.001552143931537131
2021-12-07,0.003549490636251651,0.005325589923926843,0.0004488751901854382,0.020685071369885843,-0.008079346247946706,0.0003874560586683007
2021-12-08,0.0005395140531609943,-0.0002303794270497317,-0.006659202819520482,0.0026478474505993166,-0.0172851835864124,-0.004647586248203717
2021-12-09,-0.006111378376110088,-0.004491972742868611,-0.0008289042299437499,-0.006751624743885021,0.005593688878877012,0.003501943850442224
2021-12-10,0.004219899491422874,0.0023137065916079003,0.0011310312706549475,0.009413582674780985,-0.0024128706782862164,-0.001551026143626566
2021-12-13,0.00252130006200435,0.0,0.004518398192503881,-0.008858424582462665,0.014779219366862772,0.003106871125593713
2021-12-14,-0.009341302746070368,-0.0017310208144944994,-0.00449807410260894,-0.006879967124670094,-0.0023830096534560585,0.001935694579789704
2021-12-15,0.004291534360497673,0.003815165349974947,0.0012804055262891634,0.015625103998859968,-0.009621977144012028,-0.001545546826418498
2021-12-16,0.012097561477355745,-0.0007394928886482743,-3.0474518314727028e-05,-0.008818495572229912,0.00038893303736431406,-0.004256982743718218
2021-12-17,-0.002140821851282393,-0.0009255564391986715,0.002336291501614074,-0.010643103853745672,0.011331745162150408,0.006995807279306154
2021-12-20,-0.0042312675861405635,-0.0017367304470028433,-0.004360715507198409,-0.01063322465900185,-0.007492117095358797,-0.0011579672819806985
2021-12-21,-0.0004188884251822289,0.005335216682757826,0.0019632376845228894,0.01775890261311397,-0.0038071576653279093,-0.0011591387476855841
2021-12-22,0.009400024100517657,0.002653619907826865,0.0015826559495255577,0.009998697766026021,0.004626848207206491,-0.003868564990907597
2021-12-23,0.0022540179789249937,0.0028766773157218317,-0.0015048998795029744,0.006222182994737979,-0.008677521173856229,-0.0007766318612898448
2021-12-27,0.002367247994286892,0.0010325038413427912,0.0029389673825253038,0.014152187903736069,0.0024236687036196525,0.00038866073701071535
2021-12-28,-0.004310065233419702,-0.00045825626524154117,-0.0012774443591224705,-0.000817268087724865,-0.00396252318876944,0.0011655292155885455
2021-12-29,-0.0002965076609273698,-0.0016059147625052672,-0.005491850633941864,0.0012791749023388643,-0.010924681863742292,-0.002716402123670081
2021-12-30,0.0071772153754725565,-0.00045898040000658114,0.0040094692947580945,-0.002764504314748728,0.008386417953783365,0.0015564577500921661
2021-12-31,0.00683158799329231,-0.00022987496120785433,-0.0015072139395255757,-0.002520245359592721,0.001960507032113812,-0.004273521170342631
2022-01-03,-0.015383743445999576,-0.000459408518797666,-0.010639773343316783,0.005789925015546649,-0.02624948894824153,0.0062426620579723036
2022-01-04,0.007366515057776857,-0.002529585640005272,0.0008389018063015286,-0.0003349424475963536,-0.004158665325864841,0.0007755130718132275
2022-01-05,-0.00300766493835114,-0.007723702839020241,-0.005867874188664524,-0.019202168845605883,-0.005427710177774325,-0.001162368176005124
2022-01-06,-0.012244126909514819,0.00011614947759852612,-0.0013032272477576656,-0.0009394741596948641,0.0025887586379507166,0.0007758138987230545
2022-01-07,0.004551137683908024,-0.0025549917462107663,-0.004298626850347209,-0.003953414897360563,-0.007187730354111577,-0.005426315839571871
2022-01-10,0.0030402057039400354,0.0008150343252226744,-0.0009249912030421248,-0.0012444191490210699,0.002459806044746271,0.002338239707895484
2022-01-11,0.0120646549718888,0.004654451560567541,0.0030095469419708643,0.009108177880741142,0.006661470667212344,-0.004276758341390519
2022-01-12,0.002642622730480104,0.0016215333318314595,-0.0006927381565561275,0.002703665171119196,-0.003831106989520605,-0.006638105050329801
2022-01-13,-0.0033969884760131075,-0.003584765505727505,0.0031565134361579705,-0.013778649028105772,0.008880623117913045,-0.00039309123029984683
2022-01-14,-0.0028796749096049457,-0.0009286765568989885,-0.008824970411211996,0.00040914244996037574,-0.01510908676524847,0.002752720682458909
2022-01-18,-0.001650255097062403,-0.004878954215759013,-0.009523299379233574,-0.017709562506608822,-0.014074852542464655,0.00627448707556133
2022-01-19,0.015880526897095182,-0.0009335295830563695,0.0015633643839694233,-0.010383553675573864,0.006923822478663411,-0.0023383259293531244
2022-01-20,-0.0024988838330701757,-0.001868917382420232,-0.0005461854346965334,-0.011068187234608118,0.006166906733998889,0.0031250753505274176
2022-01-21,-0.0032624385581478954,0.00011680547278047904,0.006559435542583092,-0.019630553805778606,0.011906177026497877,-0.00272583606507093
2022-01-24,0.005494198734739664,-0.0010531754571870833,-0.003103128642771402,0.0042466709088566645,-0.008215588015819453,0.003123768405560723
2022-01-25,0.0031971345443269072,-0.0029290274897161295,-0.0028016715191150343,-0.012208943168183772,-0.0016146897850225495,0.00038917975221508527
2022-01-26,-0.016166464916677392,-0.0034081512884996945,-0.00678949288684072,-0.0025088411445778336,-0.012093962152477489,0.005447516038057376
2022-01-27,-0.012898211138547944,-0.004362228620733433,0.00227865882087408,-0.004937889707922527,0.01836343600327983,0.008513794245748496
2022-01-28,-0.0029832934474428585,0.0028419571656217446,0.0010973941970324752,0.0248353726907522,0.00034917413145652,-0.00038365424084807476
2022-01-31,0.005924537392067553,0.00023613946884015746,0.00046984696565277595,0.018011139916683128,-0.0051698592667009935,-0.006909700741852043
2022-02-01,0.0008328835308379912,0.003969214958475797,0.0016627482642563862,0.006756844693741382,-0.003319781857703874,-0.0027059019021618003
2022-02-02,0.0036259919505645666,0.0015344247085382623,7.808207744242068e-05,0.009714206823928206,0.0033868720985923417,-0.003875976636948164
2022-02-03,-0.0014214062993387344,-0.008955597493958356,-0.00806343510511498,-0.02350530625906777,-0.007805790597186668,-0.00505840160053439
2022-02-04,0.0015420788696549614,-0.003924485062574257,-0.009943827587943321,0.004702334463209112,-0.01474200006351467,-0.0007820989584040872
2022-02-07,0.007402581993851909,-0.0007160806258197372,0.001833361288612112,-0.00320916246850933,0.0006471390950137934,0.00039139885430983234
2022-02-08,0.003056870675416823,-0.0010747748807374835,-0.0037392961594281404,0.00822786188064728,-0.006685734686120437,0.0015648963259429216
2022-02-09,0.0033991784238243117,0.0052616793706288245,0.003353978930547452,0.014636259698087795,0.0018816209835350595,-0.0011719032564477816
2022-02-10,-0.0037965605384254753,-0.01320524322341432,-0.013611176406727488,-0.017965550314337553,-0.015892660224989696,0.001564457491636695
2022-02-11,0.019054878321533186,-0.003496283322435345,0.0074242067042875615,-0.019719069800125943,0.014828169203418007,0.004295127564027279
2022-02-14,0.005350715998122091,-0.001693136034488285,-0.008891384655111967,-0.003269272139656776,-0.012441149138479823,0.002721596950063576
2022-02-15,-0.009499848975192515,0.001696007606081018,-0.0050110526524062005,0.01612674199091857,-0.011352877470974798,-0.0038773937853779916
2022-02-16,0.010284254451501385,0.005565120788057376,0.0014623383548957314,0.0011207719323029774,0.005926889318807804,-0.00194632936491701
2022-02-17,0.013668073780773726,-0.004210346892804084,0.0007296610827038919,-0.021361083741915476,0.0074388819459758615,0.0003899387013599487
2022-02-18,-0.0007334549100845855,0.0014501661965862223,0.002431652769080417,-0.006475197530866894,0.010526674240451284,0.002729110744622787
2022-02-22,0.0020890378623359407,-0.002292518269765398,-0.0012936623860947405,-0.010731682168531709,0.0026044469828216954,0.0003888118529120632
2022-02-23,0.0045072272703239324,-0.0018137146969832152,-0.009067073734552289,-0.017738415641724736,-0.013781937010193812,0.001165982211032368
2022-02-24,-0.006450131470019049,0.00714712605869483,0.00473809422581728,0.015049034370367309,0.0006586904556031836,0.008152112298638547
2022-02-25,-0.003330678220184624,0.005652694733620178,0.004066010204949011,0.02206402081305603,0.0007309784556619459,-0.005005726197051197
2022-02-28,0.010365345791119474,0.0007179146122049396,0.010689944909598292,-0.002558697131492371,0.021918391818917637,0.001547939238996765
2022-03-01,0.018163415997793697,-0.0027948933287977873,0.0034201844911170287,-0.01523012033972615,0.011562234031857077,0.007727990597631296
2022-03-02,-0.010406339832951472,0.0024057385569749012,-0.01520325914212639,0.018396300019697165,-0.034182495943338886,-0.0007669744744515095
2022-03-03,0.005953415398956663,-0.0029996953841722185,0.003656136475017613,-0.004978566138377216,0.010185165526227058,0.003837391388876732
2022-03-04,0.015929145881701023,-0.006500203262095106,0.0009716861947148825,-0.008124699853791495,0.01726393949397309,0.007645275068959068
2022-03-07,0.014862865283030269,-0.008723175230168856,-0.012132204829754745,-0.029479207626853188,-0.007630133930136895,0.007207896506699063
2022-03-08,0.027358997610294145,-0.0035440722668350633,-0.005976589816593103,-0.007581682529134159,-0.010059007828808753,-0.001883201193702444
2022-03-09,-0.029711176156992036,0.008340362882229169,0.0017295752230204187,0.02681073557900282,-0.009799570780780753,-0.009811389687780059
2022-03-10,0.0031212277978962533,-0.00839328565334796,-0.0114290534943301,-0.004515560970215549,-0.01436716843339636,0.004954387761279433
2022-03-11,-0.007027884128157469,-0.0072368741308709295,-0.00041579166996885686,-0.012714973377097816,0.0033465634938643074,0.00530902292264912
2022-03-14,-0.015073711931138378,-0.011862355870079555,-0.014478274396870106,-0.007308290039722776,-0.023348860401798177,-0.00037722521146310584
2022-03-15,-0.01870545038411886,0.007502824463125668,0.00785228286062134,0.02199047298535417,-0.0017455329561477662,-0.001132186180465844
2022-03-16,0.006260803404375848,0.01402412791847274,0.008544543400607285,0.022174220279877588,0.009807328900072187,-0.007177859925037722
2022-03-17,0.004888644573449508,0.0068553462612848115,0.009801442946449468,0.012510940797973769,-0.007453510541755581,-0.00228307580714171
2022-03-18,-0.008789852082788041,0.0032822655660833533,0.001974172976571209,0.010952740484499124,0.012212579554473413,0.0011441078949689931
2022-03-21,0.007640798069546317,-0.011510947578930453,-0.01387384032779082,-0.00029237956555583366,-0.023156397802776785,0.0038096156384384017
2022-03-22,-0.007250775291250955,0.0051481206069570185,-0.0024143260135620626,0.011701143073987952,-0.012811719367529784,-0.00037951575468975207
2022-03-23,0.013659661796972422,-0.003170687624038937,0.002837273287212172,-0.012878229994595647,0.021914899902268026,0.0011389795247431778
2022-03-24,0.007260367097212672,0.0020796452389342246,0.00041607442200519706,0.015074492081934787,-0.007832830085927056,0.0011375998262934672
2022-03-25,-0.004095451209537915,-0.007202828369937686,-0.007902126145531874,0.004883392135586639,-0.013872512974919315,0.0003787131847248215
2022-03-28,-0.018203790082975457,0.006271395408037339,0.005533761876721943,0.007113097067896534,0.008549593821807866,0.0030291449331794063
2022-03-29,0.00044678784846130526,0.012342617060530081,0.008421581533972322,0.012370842608293797,0.007552249532000399,-0.006039993849592862
2022-03-30,0.008038419372069505,-0.0030179046256821884,0.002315360908113684,-0.006174680379638531,0.0078017773554079906,-0.005317088922804247
2022-03-31,0.000387595883929448,-0.0036327285059764014,-0.0023100123957154883,-0.015391326008790895,0.0024289243069095523,0.004200093008757344
2022-04-01,-0.006365867342034592,-7.286314740406752e-05,0.0033557199847145114,0.0028340726814788386,0.0038064346248090075,0.0015209491395618002
2022-04-04,0.004846769455083555,0.0075657640756394695,0.00346857103388154,0.008566627102680746,-0.006949829089635151,0.004555750107892331
2022-04-05,-0.006264842571455875,-0.012958787461933796,-0.017529531365500284,-0.012631540897469429,-0.022592365143273452,0.005291049089135802
2022-04-06,0.002343216670796844,-0.00785271744965732,-0.005863531839709446,-0.009999277813648733,-0.008093916951367741,0.0007518977725111675
2022-04-07,0.003784886240234764,-0.0016077099676472528,-0.004634228283737718,0.005038977739068029,-0.007532358988669663,0.0018782490055020418
2022-04-08,0.006265969312183373,-0.006069322299905533,-0.007872768000195318,-0.002673975874210921,-0.0108309589543929,0.0
2022-04-11,0.004959463770487282,-0.006854671801938106,-0.009726934807435694,-0.01709212946366645,-0.015824742096732902,0.0022497729073254202
2022-04-12,0.007676751619003053,0.0076546508440020755,0.0006892694124738252,-0.0037052757825409843,-0.0013806160812459556,0.003366918646180439
2022-04-13,0.004788537865617837,0.005977819968925768,0.005166192661201885,0.011453408933460363,0.0020330654811411275,-0.004101433154699019
2022-04-14,-0.003303550666205468,-0.006684809949077053,-0.01164986676293378,-0.012451538389685046,-0.020045354984173036,0.0044927248240627105
2022-04-18,0.0030971927027434454,-0.0016206113286759694,-0.007627117518709814,0.00041113023318106734,-0.004969049224865962,0.004099986905110153
2022-04-19,-0.015112904376299419,-0.000873499359429819,-0.007947223584183316,0.01614258242880995,-0.007490538248098422,0.002227142775956592
2022-04-20,0.004894947496407287,0.003122874262547093,0.010387954882143502,-0.0007415444690804796,0.020125544366495385,-0.0070370421053209675
2022-04-21,-0.0035576001936850066,-0.006849569777529374,-0.010629898690698414,-0.014953648266371466,-0.0073980320593267646,0.0029839503429203162
2022-04-22,-0.0097220932450649,-0.006020041641822127,-0.001145020051740997,-0.027439010249689644,-0.006294197402823887,0.005950145746400182
2022-04-25,-0.017970993150090764,0.008453722090869809,0.011109398242915125,0.005797538082583875,0.010000825813758274,0.004805866956053562
2022-04-26,0.001525017044941901,-0.005880673258347846,-0.0005231727737021741,-0.02896073860939352,0.01006700605890698,0.0062547496700058325
2022-04-27,-0.00755702425744631,-0.0049079888240268765,-0.009597071907035515,0.002811686453053408,-0.012825897358562433,0.00621562827214972
2022-04-28,0.005398323510093839,0.005564834400936025,0.002995257779774496,0.02525950075503358,0.0014894803255565137,0.005814012849049588
2022-04-29,-0.00011297696546286318,-0.012325746817924865,-0.011066305378228836,-0.036955691525827006,-0.012972849443873002,-0.003974083730715061
2022-05-02,-0.018540493535693647,6.398050976108571e-05,-0.005928202665385962,0.006019449257848697,-0.017333975442152205,0.0050780253166995415
2022-05-03,0.00264926246698316,0.0052406786667240635,0.006447072153679123,0.004584037893592852,0.006741907216487153,-0.0018043662645546021
2022-05-04,0.009822544372671826,0.010173604390713464,0.00978654754728292,0.030452868436302793,0.005510093352722345,-0.00831521626105225
2022-05-05,-0.003811138551277793,-0.017749301040333676,-0.015330500358426535,-0.035542791547492625,-0.02739859950121959,0.008384938840849676
2022-05-06,0.0016558743678838361,-0.005639442709142073,-0.008500013638192638,-0.005968804817502837,-0.014735134510275083,0.0018076278873333518
2022-05-09,-0.014479496708730832,-0.010568000637017017,0.0035191985647291535,-0.03201732704803162,0.00879734270071375,0.00036080937871241225
2022-05-10,-0.008445202872691127,0.005731440724528136,0.004226730943684753,0.0023105790127793124,0.009069384655318036,0.0021646341512082667
2022-05-11,0.008167128516088473,-0.005957506568690318,0.004656585758821219,-0.015886177559638837,0.019272370960757623,0.0010797802116060407
2022-05-12,-0.015333925720196762,-0.0003909484177727629,0.0004458104994384815,-0.0010439970783847619,-0.0018653726506668855,0.00863003813022889
2022-05-13,-0.00810956630229509,0.0011729293963174126,-0.005256969895563235,0.023907809317198492,-0.01478085794640116,-0.0028521185222460943
2022-05-16,0.009538483763206873,-0.001431942423506305,0.0013435782043942357,-0.004057535079952546,-0.0010346154487597126,-0.003932642706314993
2022-05-17,-0.006279296383541522,-0.000912849333152943,-0.005724543849039088,0.02057047721833727,-0.012083446823617505,-0.00825560269679737
2022-05-18,0.0005314848929158789,-0.008221088005104016,0.0036882739132098052,-0.040311644073105835,0.021317806427696873,0.005066917778492996
2022-05-19,0.014697234801531733,0.006710260695789616,0.002689083324346697,-0.00612471963311767,0.0023946745520553314,-0.010442936269064895
2022-05-20,0.0006980112537449124,-0.0006533952767245887,0.004916335800155824,0.0004368103881873253,0.011350300445139183,0.0021834586742202067
2022-05-23,0.004650369455528214,0.003923373358193372,-0.0035581481216037103,0.018710083960927548,-0.016454509803395467,-0.009077762534543288
2022-05-24,0.007521859850632806,0.005993119327733387,0.013122805243053426,-0.007634045522493693,0.019732491573727806,-0.002931547316235683
2022-05-25,-0.006029994959596108,0.01515145876772106,0.010309238324694547,0.008834947306850083,0.003953920515423093,0.003675208192006618
2022-05-26,-0.0018488983177334939,0.013904824036965246,0.0002617084740137443,0.01998133660913881,-0.0045249190292255825,-0.0032954944347468595
2022-05-27,0.00052102106703944,0.00893291381304584,0.00523162392586074,0.02454914591410784,0.002441261467623912,-0.0022042333244249868
2022-05-31,-0.009893009276743081,-0.008604590659907041,-0.0073727325191361714,-0.005610673731292204,-0.0211624188444256,0.001840823882323539
2022-06-01,0.006369033199590923,-0.0037002122617326716,-0.005833715610567891,-0.008088611557328318,-0.0011429011351494767,0.007717855893297987
2022-06-02,0.012309182073779512,0.004182877665763751,0.000440400362816451,0.01904323672033925,0.0005160812056772546,-0.008752784312991424
2022-06-03,-0.010152017266979896,-0.0074468270236422995,-0.0031703242043418234,-0.016411329186388324,-0.0021499242124229934,0.0044150360144643575
2022-06-06,-0.0044037229040009285,-0.007502637653159394,-0.007067685870025486,0.003044740856095407,-0.018443625393051666,0.0021978550976502476
2022-06-07,0.006518420844169315,0.002306455593960255,0.005338435345642933,0.009592140957278117,0.010800096456388797,-0.0010965175621114875
2022-06-08,-0.0009251975242893229,-0.008564737468293115,-0.005752714193071773,-0.01087211164081514,-0.008860429302668837,0.0029271756676974015
2022-06-09,-0.0031832564859568535,-0.007993404944212745,-0.006587017375885518,-0.02378286463319501,0.0033305065264468414,0.007296621153792371
2022-06-10,0.013412283666592417,-0.017026456993635142,-0.009677559118823842,-0.028995673882218687,-0.006201925546549969,0.007968158776609835
2022-06-13,-0.026412288230091452,-0.03345228204198314,-0.023072686665960518,-0.03796819352674774,-0.0313792147594103,0.009701755119582378
2022-06-14,-0.008003209616781914,0.006566359415093981,-0.0051865781421093216,-0.003013292871719364,-0.0126135020371263,0.0021351251230721235
2022-06-15,0.013050939388113303,0.01943479783178148,0.015640856953124782,0.01425629571112963,0.018656465476099227,-0.007812374170265257
2022-06-16,0.011243181594596585,-0.015864486009543377,0.00110003438172801,-0.03309598374491396,0.007939425775878473,-0.009663638270566821
2022-06-17,-0.008222816311715064,0.003115404926055998,0.002014308308278423,0.002155793626102298,0.003222474395359942,0.010119346367528204
2022-06-21,-0.0037367862070599722,-0.0006753938487424893,-0.010051950956303513,0.025173416066553544,-0.01695218306633417,-0.0035779033438910757
2022-06-22,0.003985188163408093,-0.00027026276026087537,0.007292595693373816,-0.0018128940904276192,0.027500210251149904,-0.0014363002811351722
2022-06-23,-0.006129257292171064,0.0071642217246432605,0.00769804093662918,0.009802518971538277,0.00821501876699493,0.0010788542108448596
2022-06-24,-0.0009984622015154487,0.007113388807030274,0.0011822138130479498,0.03179397302310005,-0.013842841179986465,-0.002155144667830844
2022-06-27,-0.0011170700540719114,-0.006130463511360373,-0.009174296974992613,-0.0038197502019525764,-0.008528614966370474,-0.0017998991578622725
2022-06-28,-0.0016480211262837052,-0.01099485542912726,-0.0002751776894548419,-0.020432927105393683,0.004659259873128541,0.0057698234809164806
2022-06-29,-0.0007663579045243951,-0.0014912817325878347,0.005960725793780375,-0.0008141563834888066,0.015608481751508085,0.0057368822533059305
2022-06-30,-0.006077047294322124,-0.000543158950268352,0.0030078842680096862,-0.008124473324256143,0.008781936169819149,-0.0032085544625677365
2022-07-01,-0.0008310541616338707,0.009538608413914407,0.012639956703910826,0.01057659667411981,0.010266628556551805,0.0032188824221277557
2022-07-05,-0.02120964335120412,-0.0009461194688813457,-0.00027012134285486766,0.0018885878068248818,0.007857141500492881,0.014260277111393993
2022-07-06,-0.015842188833696924,-0.003788511662099814,-0.004950636583474499,0.003377362432360087,-0.016791149408235895,0.004569374304917773
2022-07-07,0.000555053276362516,0.01629801261920205,-9.056682937669258e-05,0.014976927442895027,-0.008799967922334062,0.0003498260430199185
2022-07-08,0.0004315313201161963,0.0008022100095548268,-0.0016283270135866168,-0.0008225392937107889,-0.011076251171630691,-0.0006994848003090137
2022-07-11,-0.005360507452973451,-0.005608685766906318,0.002809081453552187,-0.01142332582573835,0.017244642740659177,0.011550468512031342
2022-07-12,-0.0037167247224720867,0.004028527061063603,0.001445800198222491,-0.008849040548150278,0.005941868734209432,-0.00034595257686054204
2022-07-13,0.004787690503602615,-0.0010702811156967362,0.0074898206253555255,-0.005251697043617387,0.011466454484862831,-0.002076740135235511
2022-07-14,-0.014047055610919013,-0.0018741243657534046,-0.006359345064864685,-0.002428434545089564,-0.008158836411955805,0.006937154584041982
2022-07-15,-0.0020084561635671516,0.01274308956929393,0.008022435076782797,0.01910505891790759,0.005628422336624972,-0.005855999629303388
2022-07-18,0.0009433945063559435,-0.009668796324878604,-0.006974804605388685,-0.008256969772970413,-0.010418557586443389,-0.005543985674778873
2022-07-19,0.0023874693093759447,0.013241084235614764,0.0027914552739565224,0.02701918554784344,-0.005394697665181414,-0.006271773672827385
2022-07-20,-0.009402031234323593,0.004355264063626629,-0.0010778352767869537,0.006373030192815765,0.002624572918034529,0.002805038969864393
2022-07-21,0.014110421925231709,0.011827835975040335,0.013664335512481918,0.010183260457282906,0.017275869582274783,-0.0027971927352358206
2022-07-22,0.00249575020790771,-0.001298272591099825,0.007715460929029083,-0.009278200677274473,0.016811088571380584,-0.0014024806973693682
2022-07-25,-0.0027385476219622396,-0.0002604862228299254,-0.008448458404158421,0.0012150846048373243,-0.009784729130620673,-0.0014045280960386375
2022-07-26,-0.0011858106875901608,-0.007024703951049149,-0.00017762999188319917,-0.01183103302155597,0.0007663533692563451,0.007735536253990816
2022-07-27,0.010184984698782484,0.011004697516266315,0.006658138594593188,0.025966414844542207,-0.005617718327345367,-0.008373933380309784
2022-07-28,0.012185323455280006,0.010237321086911999,0.008289262994990443,0.012542353392963612,0.007961013907162862,-0.000703746641244618
2022-07-29,0.0028110896821249565,0.002950426331091327,0.002361063076963932,0.014578820072270071,-0.002717826468162432,-0.0038732544685884385
2022-08-01,0.0056672312077465925,0.0003079087975235151,0.001976825923553749,-0.0029612712055365753,0.024083433347217964,-0.003888314901656531
2022-08-02,-0.005938288400823777,-0.00462073232167437,-0.012220547300708873,-0.006597498274308,-0.021159421604769912,0.006387505305387009
2022-08-03,0.002438243761313297,0.008768797612295431,0.010869398044735634,0.01565963608320242,0.01574458532969647,0.0028208642380975757
2022-08-04,0.016539989487255546,0.0026842446540986664,0.0015734145835073488,-0.0006757023224835956,-0.00033520996949032433,-0.00632911047751028
2022-08-05,-0.011246066300201418,-0.0050998919586485725,-0.01352891361349029,-0.0016901266490151334,-0.02380332426306564,0.008492538251730464
2022-08-08,0.008470017618367853,0.0008971696507251714,0.0039816924747662075,-0.0011609149420113152,0.016141275658718257,-0.0014035425476005559
2022-08-09,0.0030595386607856767,-0.007425375410198165,-0.004494625413404729,-0.0039708102796470746,-0.00388663358279695,-0.0010540586973640798
2022-08-10,-0.0025119508170524663,0.014962031227135686,0.00947253447757923,0.021003613261291854,-0.00653130855938544,-0.010903925595314723
2022-08-11,-0.0026382206776995876,-0.005718768132684904,-0.009646789484497709,0.0,-0.02330972333867809,0.0007112546208929427
2022-08-12,0.00919802099904432,0.008947067828028343,0.011600297286266992,0.01692923460812379,0.010140757127288902,0.003909041412535119
2022-08-15,-0.012867030834262327,-0.001773701357835944,-0.0007002396267972166,0.004120669057051218,-0.0008654703625428084,0.008849456334375283
2022-08-16,-0.001750096754401964,-0.004695346716577453,-0.0038541339530844265,0.0019588453048324794,0.004157871457083129,-0.0003508856369001112
2022-08-17,-0.006468335614034371,-0.010327521149412822,-0.009409383075636324,-0.007098094844231739,-0.010437363281594725,0.0014040352033870551
2022-08-18,-0.0026164156896926194,0.001545551530645728,0.0025745237269754195,0.002906409854517733,0.001481775818818143,0.007711211492603898
2022-08-19,-0.007320625681104476,-0.010162247612829689,-0.011864554248071868,-0.013438086932258897,-0.01610256752902306,0.0062608659784675336
2022-08-22,-0.006637179344595956,-0.011305816346870001,-0.006720590269919224,-0.020822457123422677,-0.0033615963106977675,0.008295779932251612
2022-08-23,0.0069908740848763085,0.002497617208261582,0.001082521643387846,-0.0024191454621135255,-0.0055030821376348404,-0.004113838939325931
2022-08-24,0.0029489200401788818,0.0011800690164207595,-0.0029738963704566412,0.003201031307573654,-0.007318779654639229,0.0006885609396232173
2022-08-25,0.003062787136294043,0.009428991057374825,0.010304000857012996,0.01411776596361558,0.013936024746374454,-0.0017200276056820174
2022-08-26,-0.012152705301765265,-0.016476188137954706,-0.005993798604598255,-0.03384935626877461,0.007537773568490946,0.0037904281587384236
2022-08-29,0.0006182375550920494,-0.003825419148251741,-0.007380307666108976,-0.006611822989105898,-0.008273194850231258,0.00034337294768027604
2022-08-30,-0.008340578885610683,-0.007680343643976517,0.0012695298038063463,-0.010978124064629502,0.0024849771129553666,-0.0003432550831704573
2022-08-31,-0.007725314789180926,-0.005470780908725215,-0.010504631084782168,-0.0076089249495517874,-0.009561096937307667,-0.0006864420927080728
2022-09-01,-0.008790162100319021,0.0026425554194571266,-0.006019907629188692,0.003137697837926723,-0.018308280094366358,0.00893162511389023
2022-09-02,0.008804709144487166,-0.0006723038724867347,0.0007384129118557237,-0.010544354925266286,0.005657189449552069,0.0003404163384475023
2022-09-06,-0.0058394619355668365,-0.0026917215703025077,-0.013562205455280418,-0.003773254965772188,-0.02476872162447441,0.00578623797389044
2022-09-07,0.010168638866495439,0.014438278637782798,0.013655186926608165,0.01796508258642482,0.015815482933952296,-0.007106470829672751
2022-09-08,-0.006002292729855863,0.004389409059484706,-0.002307015254566558,0.006536377728347809,-0.010257488750218702,0.002044887998683631
2022-09-09,0.005283756568463582,0.003972950047742341,0.0023123498810160292,0.015535099059535318,0.0022206394818848896,-0.007142803390606023
2022-09-12,0.005068186218703863,0.0030337942057530043,-0.0022145474093153705,0.010747814601817174,-0.008216959051881578,-0.005138718024842892
2022-09-13,-0.01301133993119441,-0.02275097541814408,-0.007212862232586548,-0.04348228996908077,0.0023270100181371767,0.013774054312262862
2022-09-14,-0.003847613448870524,0.0014801395967467545,0.004750136392640325,0.003815400208990516,0.003436744454902829,-0.002038092489719312
2022-09-15,-0.018679143196684067,-0.006315409245566284,-0.004820171783595617,-0.011353054516161643,-0.0006476939289240535,0.0006807515979589951
2022-09-16,0.005549107201315628,0.0033804747217840436,-0.0023290674112961263,-0.007629085760850751,-0.008335778100932667,0.0
2022-09-19,0.0007700871329356929,0.003773756574237508,0.0016804078784793397,0.007754921424344197,0.0023348621033207895,-0.0006802884904819617
2022-09-20,-0.005706587274526553,-0.010204209986441004,-0.00997344446795978,-0.011478463271962891,-0.009969977121459084,0.0047651858813322345
2022-09-21,0.004642973675810236,-0.002983971641604577,0.0037659867566584015,-0.017443600258112868,0.016752535330135432,0.009823859739532814
2022-09-22,-0.0005776772692025478,-0.005986317172326672,-0.014070153662437579,-0.008400145482303278,-0.025548231994260484,0.001341863866723303
2022-09-23,-0.01727683040546535,-0.01272958429157911,-0.002853986397903352,-0.016754603208786523,0.004084751283181864,0.015745327039768275
2022-09-26,-0.011633219026207842,-0.011783885687745577,-0.017364843956721776,-0.009892952661859966,-0.019110718734071552,0.011213771433950415
2022-09-27,0.002049841746687875,-0.0021044576617832433,-0.01504968802072526,-0.0025525512344909407,-0.026331016977507726,0.00032616569780308247
2022-09-28,0.02078665233491006,0.01785423183954049,0.020110282534176793,0.019676463138655453,0.033481948671447936,-0.013042013252004159
2022-09-29,-0.00019392836526865853,-0.009391874897422436,-0.007441174631508507,-0.020889004620049723,-0.005176284424799116,-0.003964489239358326
2022-09-30,6.462244018679009e-05,-0.00460169232629426,-0.0025311644751715434,-0.015463742133214331,-0.012910002725068814,0.0
2022-10-03,0.024309785681440932,0.013105646074686339,0.018499108630030348,0.02640124847902059,0.015889179455872426,-0.004643341380069721
2022-10-04,0.014328122056449066,0.021536619928255396,0.004615282916271335,0.030986875046887352,-0.002793237046698982,-0.013662146088444294
2022-10-05,-0.005538266375543777,-0.00394413723288356,-0.0075608864810819965,-0.0023283080135406697,-0.009561389760018635,0.009459462893674608
2022-10-06,-0.00112629171222689,-0.0030045212395904963,-0.002314924922140027,-0.010315854016901382,-0.00555840619517034,0.010040106075813071
2022-10-07,-0.010962851258976669,-0.01218981894484561,-0.009956376647216159,-0.027893797344188065,-0.009707565806931884,0.00397616573116788
2022-10-10,-0.015201476317757034,-0.012202081048881763,-0.008982342700088353,-0.0076353460892045755,-0.015546127905315621,0.004290532424698457
2022-10-11,-0.002058091550185215,0.0030884493598468676,-0.002069296118573094,-0.006333145519421213,0.004425528651472277,0.000657189202001085
2022-10-12,0.00534932850905423,0.0016787127268673707,-0.0011849318703585077,-0.003298319971901331,0.004907136708540039,0.0
2022-10-13,-0.006923532232980256,0.002235405123329093,0.0017795063993837346,0.02639091503089186,-0.009566902006106992,-0.0065681571457645305
2022-10-14,-0.012458897998479546,-0.0032057542151926466,-0.009570733600445913,-0.022788624746234776,-0.008250139725145433,0.006942096390675889
2022-10-17,0.0028762090057179446,0.012305841068703804,0.004781899567648518,0.025696997271628996,-0.00486978829398621,-0.010177309198967865
2022-10-18,0.0021509701146735782,0.007045218999039982,0.0059487733716732105,0.01174954745890422,0.0023450114732361804,-0.0006632925507601417
2022-10-19,-0.013398358104674823,-0.00960200640934894,-0.013699881722859408,-0.00708642887431532,-0.018206001126408466,0.007301795096527952
2022-10-20,-0.0015822103586343728,-0.00554032527179793,-0.008693759008074786,-0.008385490248387528,-0.01709304547970225,0.000658921490076736
2022-10-21,0.017827646105301076,0.009610267794576188,0.00282273331367211,0.02430173907419464,-0.018022857453554475,-0.008561067275883683
2022-10-24,-0.003243594030472474,0.0006896812008103659,-0.0005030164938760739,0.01223644057167017,-0.008264202208867477,0.0009962971897423678
2022-10-25,0.002277944142005106,0.009649398804790987,0.01337621310868875,0.015968650357368164,0.0291124629241859,-0.010948875104309308
2022-10-26,0.006363608620383543,0.002730923766705917,0.004565338100104066,-0.0075342678581605815,0.014407297789839513,-0.010399222312702405
2022-10-27,-0.001548523944967184,0.007352934140880896,0.004643184003770617,-0.005340076390131787,0.010470759023972764,0.007796647871903817
2022-10-28,-0.010210687443231947,0.0077051049312215625,0.0020652559826999095,0.02379080760279728,-0.006873993765528885,0.001681843318136922
2022-10-31,-0.008161399648159207,-0.01502386708782566,-0.005397511740297567,-0.007223286164028675,-0.00712815301583003,0.008394874473606873
2022-11-01,0.010203429757038585,0.006015198096419594,0.00719483336007265,-0.00437575626994513,0.009345572477609698,-0.0003330820053644157
2022-11-02,-0.006972548399621914,-0.009104654345417962,-0.004814664025455051,-0.02509635763442808,-0.004340324957427311,0.004330403333020705
2022-11-03,-0.003806036048150885,-0.0071309263081081875,-0.0035545066115866275,-0.010297010411070007,-0.005396686904619807,0.008291927386967046
2022-11-04,0.030696289684813083,0.006906257459105447,0.001982169326983474,0.014393368987552613,-0.016800625987947515,-0.018749942232685113
2022-11-07,-0.003962389674382338,-0.00013718800691309152,-0.0036592211165193955,0.009565417931300724,-0.009976849177501523,-0.005699023558545124
2022-11-08,0.023099074133724695,-0.0009604478103121261,0.004168270494728121,0.0053955148115520934,0.010935032011038182,-0.004382889239793242
2022-11-09,-0.0050172660211307285,-0.011947252440197897,-0.002569692731325679,-0.020602186858538873,0.0032873694199999637,0.007450004645155106
2022-11-10,0.030444387121793204,0.03113255710309959,0.0334953125755908,0.054954155150534145,0.038473775184681536,-0.022857171329392356
2022-11-11,0.006606324071935177,0.00350449138766451,0.002684890100641102,0.009678566266052124,-0.0036643385622984193,-0.014447927458064003
2022-11-14,0.002187655661719301,-0.007387250544191426,-0.005068526169342724,-0.008506676026955429,-0.0024518471808747666,0.004537553917189685
2022-11-15,0.0035168677995043307,0.008795481098822,0.013936987526372846,0.00852907422984961,0.016180412578324255,-0.0034746418944843205
2022-11-16,-0.0022961020109516506,-0.0021461765049261006,0.00853162418599962,-0.007628809338672493,0.021868314400167232,-0.0020921005615346377
2022-11-17,-0.007267423593311895,-0.0043015849704498565,-0.005357638652206953,-0.0030598917792853397,-0.010552081548446002,0.003843481503607693
2022-11-18,-0.006893636502166456,0.002160021265652956,-9.435626669773711e-05,0.004540531016781646,-0.0068773346668159485,0.0027845358802685016
2022-11-21,-0.005589952950737276,-0.00040456721492909686,-0.0015122666363539539,-0.0036360973018604303,0.004215307183267125,0.008677521382210784
2022-11-22,0.00117372396636517,0.007277987145593912,0.00889715418472048,0.013457141215370116,0.014191373283850561,-0.006194002300605517
2022-11-23,0.006231840940288613,0.005619860223749162,0.010038786617019957,0.006301510457614068,0.01744174553085731,-0.010387831688276061
2022-11-25,0.000858470616118101,-0.0019960671014338516,0.0010214941761277352,-0.00022370708628549618,-0.003389655826385396,0.0
2022-11-28,-0.007903495498554403,-0.010531621836166072,-0.007237616897532773,-0.015957024002981046,0.002818172879356151,0.007347817736528706
2022-11-29,0.004940425418036076,0.0043111850112314,-0.004953882110170227,-0.0017177099408676177,-0.011725687447820765,0.0017366790629540496
2022-11-30,0.012781920270785507,0.015025939888977824,0.012211184356285987,0.031500761818298084,0.007354246128832065,-0.007974996636074483
2022-12-01,0.01838479961277617,0.003702865063469396,0.012512221322455996,-0.0007360430878979862,0.03194558948264836,-0.012233469686095289
2022-12-02,-0.0034556830535615868,-0.0007935550522748525,0.006068523050466235,-0.0011535884253984774,0.012575899153875358,-0.0010615966397804488
2022-12-05,-0.017158885635801036,-0.009528624312168388,-0.008499535770786437,-0.01798933448979967,-0.014007265801411761,0.008147321874662161
2022-12-06,0.0027373742314797944,-0.003607749386817294,0.003041894365210629,-0.01441457346999464,0.012880376688675588,0.0007028353627014372
2022-12-07,0.009039101712364994,0.005498242939116826,0.011119409399500624,-0.001701365387949405,0.023562509473486815,-0.00316018821608699
2022-12-08,0.0008416965556858891,0.0008002664579891405,-0.003181192657610299,0.007833990015994052,-0.0027404348878441454,-0.003170128735484168
2022-12-09,0.003544160110315664,0.0,-0.007476291172509253,-0.007470113613425755,-0.026014727073765065,0.0021201923933875655
2022-12-12,-0.008260534556326027,0.0038643661962585174,-0.0012859916716653208,0.014417183426675306,0.0031973968438319122,0.0007051575499368301
2022-12-13,0.017081132038632596,0.010354388770641876,0.008738164568657947,0.0075697515830570605,0.009655918625622428,-0.00880899876366703
2022-12-14,-0.0024330212847030186,-0.005649605056411211,0.000911712075828186,-0.006393411399447491,0.00427169019350937,-0.004621433212940174
2022-12-15,-0.01635930934057528,-0.003772369776977369,0.0008406099324966831,-0.024461635593284847,0.003901547706710362,0.009285780038156721
2022-12-16,0.008708721678036602,-0.0053336390566463,-0.004290916327372329,-0.011806475060828214,-0.011170471297081708,0.0017692494441297058
2022-12-19,-0.0028178306902848504,-0.005093668775075444,-0.010086418636781724,-0.00847957247891129,-0.016805433483709664,0.00024945661908759575
2022-12-20,0.016594482836064905,-0.0025599358209763556,-0.011763497183662652,0.0013684551158701375,-0.017756894715835747,-0.006768886078947989
2022-12-21,-0.0016560135809358112,0.00851012146254626,0.006842155991304111,0.014952544716633875,0.002513372273400094,0.002510783001972383
2022-12-22,-0.012085358459954287,-0.006161506515896864,-0.00027892172412402605,-0.014266243762891873,-0.00019294820759485631,0.0014312295383807072
2022-12-23,0.002998321039039853,0.002560750857856453,-0.003073087077156922,0.005752395639999186,-0.014660195751708072,-0.0003572960119888613
2022-12-27,0.008430011409881644,-0.010350697119407504,-0.012890123551147936,-0.003943604829762415,-0.0197729489295686,-0.00035750210045215614
2022-12-28,-0.004505807286929064,-0.01344759511923821,-0.0031225640054514114,-0.012427780884574635,-0.005892024879807778,0.00357535861400482
2022-12-29,0.005598251568726287,0.012942469370785581,0.007119231251502267,0.01800016294788276,0.011351021365207714,-0.006056330633227414
2022-12-30,0.0046786689817972515,0.0008153578328171651,-0.00631492256137034,-0.002633959934518759,-0.011124555603206243,-0.003225880240905754
2023-01-03,0.008370656531798915,0.0019014330030380222,0.006924093894377981,-0.004210016002322736,0.01908445865825925,0.010787628925816639
2023-01-04,0.0094119059589024,0.011522178633498692,0.007253424786823226,0.007720427195243795,0.013699755265262015,-0.0035575513392388514
2023-01-05,-0.012451461859522062,-0.0020101459494694662,-0.0007482130997704672,-0.011413403376530518,0.004180856478023465,0.009282516073692904
2023-01-06,0.01870749684189077,0.01423431764038452,0.016377925967760554,0.022932090830184437,0.018396638175747437,-0.013088162028232597
2023-01-09,0.0022451175785793698,0.0035746309170932022,0.003959509974120978,-0.0005670697595059337,0.005324384366510282,-0.006093154661376499
2023-01-10,0.0036760446135073455,-0.001187238494361753,-0.003393723884045241,0.007012985328829657,-0.016550148507292417,0.0007212130678841966
2023-01-11,-0.000686793935011365,0.006603914771123431,0.00855890148402283,0.012647857183376576,0.01625160199168274,0.0
2023-01-12,0.011568000967502767,0.005642209831851597,0.011314890800496968,0.0036407239530564794,0.01968227021053437,-0.009729794151533189
2023-01-13,0.012001783992939385,0.0,-0.0032479644017328058,0.003879408030001752,-0.009373022633856753,-0.0003638472904430312
2023-01-17,-0.00654507834469964,-0.003392751983478437,-0.0036211039856091087,-0.001831833220815926,-0.00646379784492368,0.0029122369759488898
2023-01-18,-0.0028717524486322477,0.001178768369836547,0.011719810811300801,-0.015787991001294133,0.024231712347602796,0.0
2023-01-19,0.015868520044824974,-0.00588448443900258,-0.002065451204800506,-0.007279886243595102,-0.006259796414377461,-0.0025408576728043197
2023-01-20,-0.003335405556458948,0.0019730041705214862,-0.005219078967920843,0.01862900167344761,-0.01621116889138452,-0.0014554689703465407
2023-01-23,0.0018964337632443318,-0.00013157806096053548,-0.0028942946817325232,0.01199862428984022,-0.004708109473353872,0.001457590448014967
2023-01-24,0.003618515163479552,0.0006567022016670254,0.005261530073580323,-0.0010732642927822056,0.014380521343789532,-0.0010915418713290936
2023-01-25,0.004603959599926544,-0.0001313270363485497,0.00045138802412281187,0.0003748171255153476,0.002425007181188432,-0.0032787631813062657
2023-01-26,-0.009055266877154966,0.0024935394081693207,-0.00036128046931416247,0.010990304206938584,-0.0046522807224130824,0.002558502355099801
2023-01-27,-0.0013929904624704337,-0.003011044389303441,-0.0028872435623311654,0.0022977111292463714,-0.0025240046588520526,0.0014582018255906437
2023-01-30,-0.002566715270248765,-0.005514987396161519,-0.00380107165579624,-0.012546605725255455,-0.0036548561127669466,0.0036403560981532745
2023-01-31,0.0036362115419990015,0.0077903989194259005,0.007176688529035191,0.014703127859598153,0.007994754422159689,-0.002176275274401007
2023-02-01,0.012596814339808304,0.010505451889898376,0.010151091544371882,0.010627832650950575,0.012021350157634725,-0.009451147519759395
2023-02-02,-0.02075193653580043,0.005731561128950569,0.0014330607371022541,0.014556771579644634,0.001294183314303421,0.006605575322874424
2023-02-03,-0.024957770292002968,-0.010492047549630734,-0.011358353008643518,-0.010628852649743115,-0.014955794060302452,0.013124376108612834
2023-02-06,0.0020754098721176284,-0.006414325807424737,-0.007689378560862603,-0.006111417686471499,-0.007403863420828216,0.0057573259453187475
2023-02-07,0.000920425708082595,0.003557452022797447,-0.00328198057906548,0.013078638524091746,-0.008025790966294633,-0.0017888799899123953
2023-02-08,0.002471594120761589,-0.0042011906332981575,0.0010058601310254378,-0.010934690880718967,0.004759264800766383,0.0010753458184022957
2023-02-09,-0.007912418174625069,-0.006460172047646484,-0.00840635657910549,-0.008669251216885887,-0.009473278932682905,-0.0014322542559113138
2023-02-10,0.0019071943211166342,-0.007696267801549195,-0.007003471013925178,0.0023336124253092727,-0.01118938215193932,0.003227036967808905
2023-02-13,-0.005076170279846859,0.0025408196831948615,0.003712265591885533,0.011739120021226901,0.008414520417809213,-0.0028592329796746085
2023-02-14,0.0007537389032514774,0.00026675426335853736,-0.0024965277623073545,-0.00046020229468834994,-0.002302264404059118,-0.0007168972122681971
2023-02-15,-0.00996466725346834,-0.0016003441420876507,-0.0037999673042500293,0.003247432041463272,-0.009324698890451844,0.006815016146872299
2023-02-16,-0.0008192368783922488,-0.008013870825145042,-0.008001394992115274,-0.013768945988476444,-0.014168104955572525,0.0014250327603617663
2023-02-17,0.002986790669610162,0.003904485819548942,0.00393899537209963,-0.0024980351306170823,0.007776193580515178,-0.0007115414758072092
2023-02-21,-0.003737004613899475,-0.015423984492408449,-0.014200283108516065,-0.020060982196694166,-0.01943712230391048,0.0032039823477647555
2023-02-22,-0.005626488586046308,0.006538842784195031,0.0028433022595044655,-0.0013781251802224004,0.009164310480011872,0.003193827456425158
2023-02-23,-0.0005304511136865475,0.009879561460713449,0.00784340448814591,0.0053192186157076105,0.00977188953679664,0.00035367959437082597
2023-02-24,-0.00719467575637045,-0.006030525009070642,-0.007501473873497311,-0.010682260397001042,-0.013000994477476158,0.0074257312487548965
2023-02-27,0.003920334893926292,0.006741408836285379,0.00028342728484287427,0.0034059440546243547,0.0027731090995777308,-0.005264997294178619
2023-02-28,0.00455596886271592,-0.0018749669607310837,0.00037801664398684487,-0.0036962908868313216,0.004543449239989172,0.002822835116387701
2023-03-01,0.005772150633673867,-0.002834523458706273,-0.006234090503753453,-0.003835649893414006,-0.010743323251421022,-0.005277888215015958
2023-03-02,-0.0005855636445488699,0.0012178775058135916,0.0008577971303542764,0.007777289424554024,-0.00886712198970352,0.005305892120508915
2023-03-03,0.010723085619275707,0.010275993433414898,0.011335673446507544,0.01603791431572077,0.02422593496727643,-0.003870559394106965
2023-03-06,-0.005043830646819902,0.0,-0.002731512210061071,0.000692536483984485,-0.007753396783933164,-0.001412797136136179
2023-03-07,-0.017480480627863337,-0.007093176024888792,-0.0028331660442942885,-0.015328756295355461,0.00613219781455232,0.01238057010450877
2023-03-08,-0.00047445044105887124,-0.0047175509735145615,-0.0016102730658260622,0.0016321051606782433,0.0009832551144550727,-0.000349431017489521
2023-03-09,0.009849316056938173,-0.005552469817966754,-0.0009490687687211397,-0.018449867950177334,0.002455468704670949,-0.0027961953284673102
2023-03-10,0.021562856843419187,0.0001360683253550654,0.014338931149866285,-0.014429447673201423,0.03448613461039707,-0.006309138565130268
2023-03-13,0.022948211912439564,-0.0054465379027307526,0.0008424621866729431,-0.001425027626150599,0.002272912618873635,-0.00917111322130404
2023-03-14,-0.005791064746217711,0.0072563262306639675,-0.0029932989695773404,0.016530036396463554,-0.016441593820977096,0.0
2023-03-15,0.007804133170404848,-0.003262346767689772,0.009569765216867143,-0.0062544096501389035,0.019310448977356565,0.010679941159216
2023-03-16,0.002020092008242713,0.006545861940936426,-0.0014871568520858913,0.017545254155580725,-0.007822973198705507,-0.0010567085309881596
2023-03-17,0.02912021467748982,-0.005961263496433222,0.005025624199053391,-0.011692772136848828,0.015008903670360008,-0.005641688952500612
2023-03-20,0.0003808677357699519,-0.0027258981263119653,-0.002963201564247009,0.009615618402872839,-0.008797232014707723,-0.005673775963814798
2023-03-21,-0.018875115806276432,0.010933395828450987,0.004829493090547254,0.013130509085200748,-0.00859241129664401,-0.00035665890386049615
2023-03-22,0.01702060989813825,0.0009465141314417558,0.00582312488172132,-0.01704642569867343,0.013333586685957632,-0.00749203979573998
2023-03-23,0.012538176085624908,-0.003916929546220804,0.0028488922120304405,0.002703419017088038,0.0,0.0014379175548211443
2023-03-24,-0.011252350246951037,-0.002034277094718262,0.003115622210765334,0.006561825760747819,0.004229135896271385,0.006101902575962548
2023-03-27,-0.009256722051406152,-0.002445623962156862,-0.01196668657963984,0.0018699233704040363,-0.0234908372405378,-0.003210840665640924
2023-03-28,0.008189093257242153,-0.0005443476410813552,-0.0016642109007912742,-0.002244758949761505,0.0018209428291995344,-0.0035791188006525365
2023-03-29,-0.00496077000653139,0.012537408451181786,0.004630298586499215,0.014534897936099744,-0.0020088323513228756,0.0025143903115543154
2023-03-30,0.009039576549164652,0.005921395419083986,0.0013827517097064757,0.005855383007110193,0.004601249470018054,-0.004657769273087031
2023-03-31,-0.005212246135594234,0.010838272432712959,0.00902144975425756,0.014094634098594794,0.014980612859136766,0.003599574761498081
2023-04-03,0.007204410308019105,-0.0007717111396230436,0.006039864988816701,0.003810451606296228,0.004703226512611458,-0.004662781579106157
2023-04-04,0.018640958960437715,-0.0029270137651178363,0.001273738895957388,-0.005548052498062894,0.004971830549954648,-0.003963931667622211
2023-04-05,-0.0007979247786651378,-0.005605366591145189,0.0032707214091218795,-0.0026182384128787817,0.010454498300366044,0.0028943251168893624
2023-04-06,-0.007134091065472581,0.004428842281700929,-0.0009055587149090494,0.0039006326020962767,0.002586702524911999,0.0007214732643876509
2023-04-10,-0.007399886547073353,-0.0009354730972717107,-0.004622622203449667,0.0010265892506045038,-0.016124505002328204,0.005767862109553601
2023-04-11,0.006320556237305208,0.0021402698328982783,-0.00027320041806722095,0.0002685781315772129,0.002060203777430214,-0.0035841716327389417
2023-04-12,0.004885138866613126,-0.00026700032696147513,-0.002094791806726448,-0.004075966226912309,-0.0010277827429118203,-0.00539567508182659
2023-04-13,0.013515672558895409,0.006808047928754668,0.0017342164180378372,0.013282608127970441,-0.007858759145413896,-0.004701567273696972
2023-04-14,-0.017710313033589165,-0.0018561959366486525,-0.003280257782691365,-0.0024426511574002774,-0.009146467776959044,0.005813811246420997
2023-04-17,-0.0044537552497120325,-0.002657166664449484,-0.006307752669957534,0.003588180134208363,-0.01189587999750763,0.005057769577098137
2023-04-18,0.003880780603893852,0.0006660160303419982,0.0033118641366993717,0.0006523552514483555,0.0035633964031651644,-0.0035944785542558755
2023-04-19,-0.004778520212877502,-0.00399301236468752,-0.004951637277385679,-0.0001689735085216304,-0.0009595755444987697,0.002164578028334363
2023-04-20,0.00393825919904689,-0.0009352332994639889,0.0037784678424788165,-0.005457150969767066,0.008549716241183614,0.0
2023-04-21,-0.00988766926809792,0.003076420976167782,0.0006424362204262568,0.0007771170781198933,-0.005619517251441164,-0.0010799908484986354
2023-04-24,0.003039335460481629,0.002800502372550806,0.004403851791210389,0.001043019455540195,0.00967400059629564,-0.0032431593411066384
2023-04-25,0.005086318131183543,-0.0015961292896201629,0.004384383906885336,-0.015873929601871395,0.014704403998175186,0.004699946670083444
2023-04-26,-0.0054373863086726315,-0.0038624079392748367,-0.004365244996971107,-0.004235502862000362,-0.010658142987489017,-0.003238648748426942
2023-04-27,5.410039265330013e-05,0.0033429312864625693,-0.0036539845206530197,0.01990812995760205,-0.00992235429666366,0.00036095749458286974
2023-04-28,0.0002706525128974846,0.004264287814920165,0.007792554952924746,0.00853507115750518,0.01613061849030717,0.0014435464435484935
2023-05-01,-0.004491351825477108,-0.00458456578246047,-0.01613753624676728,-0.0010098772783712073,-0.028834623721662567,0.005045011125342169
2023-05-02,0.019296640909943763,-0.000937301985398098,0.012060662804099787,-0.011239172628129124,0.024920120873814566,-0.0025098826925903372
2023-05-03,0.008479075840785555,-0.0005357218347585846,0.0016498355293368405,-0.006864016169261022,0.00558186538059724,-0.005391717831383813
2023-05-04,0.00703295344911492,-0.0029497510414496775,-0.002745276145915243,-0.007082915793210187,-0.009878914195038169,0.0010842050606751918
2023-05-05,-0.015647950479605433,0.005379178016397201,-0.003946038382845463,0.018512630235853145,-0.003325527551676477,-0.001443988327747836
2023-05-08,0.0012269055761324754,-0.002808969179909915,-0.007186553238884064,0.0002665355610931286,-0.014014785815736674,0.0014460764452557395
2023-05-09,0.007086162362163639,-0.00254858699940963,-0.00037102107269282314,-0.004385446948546923,-0.00357749110467398,0.003249171674203133
2023-05-10,-0.001428442843921074,0.006051476221793806,0.007890888820993869,0.004672479232375126,0.009703929496865271,-0.0017993369916695645
2023-05-11,-0.008582755587748347,-0.0016042343693173367,0.003868613360302753,-0.0017440019590831968,0.010571685520725405,0.006488894286088787
2023-05-12,-0.0017100802429794726,-0.003615038921152447,-0.006147510484689422,-0.00131020966278661,-0.008368826263147167,0.006446981444485411
2023-05-15,0.0021412620336231925,-0.0002685807807856211,-0.005354353964280079,0.00345006315394647,-0.010357763447694568,-0.002847022750816497
2023-05-16,-0.0124993937971285,-0.006989484339270047,-0.005012087592331627,-0.006682827345896425,-0.0030040988756844245,0.0024982379352866957
2023-05-17,-0.0034618889303412725,0.0027072180682587987,-9.321954830110446e-05,0.012139207459416435,-0.0029160896883640985,0.0017799641680518175
2023-05-18,-0.012972911279784505,0.0005398104551306293,-0.0041985078464268355,0.009633109362713332,-0.00740909963296299,0.007462753453162163
2023-05-19,0.0098988291245512,0.0010795887766550383,-0.0012177271623129426,-0.0014551215725480127,-0.007071021051523685,-0.0028218393361014726
2023-05-22,-0.002341497915543389,0.004447531455422871,-0.000375267282331726,0.00040597629837790805,-0.0035609007269191695,0.0007073591887416519
2023-05-23,0.001200731149241463,-0.005232999562452156,0.0020642564952653153,-0.011222631668582173,0.0028789983849459855,0.002827901882549444
2023-05-24,-0.008068450017086337,-0.0070136907850560926,-0.003932772058026113,-0.007244991072136275,-0.004949229695003887,0.003524870603226926
2023-05-25,-0.009618027091793824,-0.000678994541386202,-0.003290508096399969,0.008660066155286694,-0.0024868377198197233,0.004566228688435592
2023-05-26,0.003995567330169925,0.006116273513738779,0.004244351385559009,0.01295065358234937,0.008077434642817849,-0.0003496753655315432
2023-05-30,0.006190554546333882,0.004323515468925843,0.007513912805076517,0.0003809150175198006,0.009991025673612208,-0.0010493163334728273
2023-05-31,0.0015382006614657051,-0.0030937699956621323,0.00326322463977613,-0.005545203358715778,0.008717047522671884,0.00175067199450063
2023-06-01,0.00789813034647624,0.006005656692567474,0.003066657359598768,0.009500988084545803,0.003923266877519538,-0.011883887638282409
2023-06-02,-0.014747450675273721,0.005121447518218192,-0.002695190796043967,0.01446119491777531,-0.010957993044027003,0.010611861819345147
2023-06-05,0.006020416015011243,-0.0008044178385764322,-0.0021431251111930782,-0.001916251146660275,-0.001862967633742052,-0.0017500593191657199
2023-06-06,0.0010980396887689814,0.001610130895167483,0.0019609584754829434,0.0021775841520403905,0.005894005065980146,0.003155675451963935
2023-06-07,-0.012010543410059138,-0.005492658607036627,-0.008947792789398612,-0.003457804413483201,-0.01484389967616273,0.00034955316220663946
2023-06-08,0.013211240429905624,0.006331326560853556,0.006677370191972232,0.006048548682880295,0.01169696420292432,-0.008036376994994376
2023-06-09,-0.0026845203333208945,0.0002681111173241657,-0.002615912070329185,0.0017943066826322518,-0.001371767340197283,0.00317012559296459
2023-06-12,-0.0008788640365902101,-0.0010710703664615906,0.003184923072263146,0.009071797080680843,0.0029437435190928785,0.00035114874152442077
2023-06-13,-0.007367558613950331,0.0012060195095231485,-0.004481711713064551,0.006593051833087227,-0.00988063136163686,-0.0031589983765071272
2023-06-14,0.0005539277015322863,0.0004017637040296673,0.003094951613605623,0.0011907068651821895,0.008002913753308638,-0.004929544237051164
2023-06-15,0.007030581691497284,0.004815366696255818,0.008695783636355925,0.012397785010322737,0.00960605222286981,-0.0056617297490431095
2023-06-16,-0.0015392159510752013,-0.002529571110215456,-0.001761352875459088,-0.0034063135168381775,-0.003883447319626643,0.0017792526358453298
2023-06-20,-0.010350739592973501,-0.002669148512848829,0.0036215764897653546,-0.005188118080103665,0.006919804464170731,0.002841966175008759
2023-06-21,-0.0014464228474878604,-0.0025425920229623644,-0.001110248615529219,-0.005123751728731363,0.0024200586701002003,-0.004604971520261292
2023-06-22,-0.009916979914319946,-0.002951376985504628,-0.005187159244034789,0.003609732497254159,-0.012070335779715835,0.0035587394146878726
2023-06-23,0.0027572461643308177,-0.001748779956953328,0.0027931953430160306,-0.007560187154587061,0.009969703861846702,0.005319140662670252
2023-06-26,0.0017396047357047806,0.0005389352441700357,0.0011144069024666692,-0.0040855999485963634,0.001064848511240113,-0.001058199420964745
2023-06-27,-0.004593535884055422,0.0033676855203135236,-0.0011131663821667415,0.010963257955930672,-0.0026104040156390562,-0.002471773397900834
2023-06-28,-0.002307409851291853,0.005773239157514709,0.004364017751190996,0.0005044633488615613,0.004264836210285283,0.00460171113007779
2023-06-29,-0.001071764681377263,-0.0026694401401637924,-0.007580467024360993,0.003941286730636984,-0.018048372855440475,0.004228323601373152
2023-06-30,0.006663323502016594,0.004818348316759868,0.007359040655465776,0.01180080813958062,0.011794540186554014,-0.004210520159608211
2023-07-03,0.0011218766110339118,-0.0015667882001589861,-0.0028018261682823953,0.0011504083343734095,-0.005668792359727393,0.001057080900343399
2023-07-05,-0.00353003237800964,-0.0030852928256801526,-0.007163520328780093,-0.001487048820723369,-0.009502632805209243,0.004575949789223932
2023-07-06,-0.002980200124891419,-0.007265868336131853,-0.010120041584631978,-0.007830771988471485,-0.01414291992991179,-0.002452719750218768
2023-07-07,0.007500997402107412,0.0009488814157281311,-0.0009463049642542964,-0.002524716269450722,-0.0060191388962991255,-0.008429990283783884
2023-07-10,0.0007836956455820054,0.005009893543407307,0.005211281258194367,0.0025311065954520817,0.0013119837482413743,-0.0024796538335504215
2023-07-11,0.0037476125602418087,0.005389146411098444,0.004712916118168264,0.006368706741183505,0.005140514430530763,-0.002485739919813379
2023-07-12,0.013541420874312982,0.007772980087296322,0.00881876569300033,0.008045787983003816,0.011131292386392433,-0.011747935275137511
2023-07-13,0.0007146999149643118,0.005984085554166851,0.007067720108024478,0.007936941403622111,0.010512580042814967,-0.006844396283861132
2023-07-14,-0.0031866482531699436,-0.007270500996831575,-0.007756779312581008,-0.0006228316942477052,-0.0058886678943148585,0.001813536212654121
2023-07-17,0.0007165567329587841,0.001864287671667464,0.0016750405324836848,0.003472084258311803,0.0004937486909457611,-0.0010860884284654704
2023-07-18,0.011456278139590825,0.002791347116127829,0.002508799616657287,0.007430615850097633,0.004539217202011336,0.0007247932057989903
2023-07-19,0.00016335645500209495,0.0007951548595606095,0.005653397685858819,0.0022239148093636807,0.011296386697840832,0.003984110898354709
2023-07-20,-0.005063389149303599,-0.004370590001724239,-0.006727639724098622,-0.0066346592332792165,-0.012141695485124782,0.0057719443502726175
2023-07-21,-0.0030645332195952113,0.002527233344298052,0.0017627515813307681,0.0,0.00029483637127691864,0.0028694100997226357
2023-07-24,-0.00428147332668416,-0.0017246847612228944,-0.001203672594349059,0.004467391362069861,-0.0036368958780698124,0.0035766374462442574
2023-07-25,0.005567859975791123,-0.0006643395402956553,-0.0015761946495695955,0.0027300073827414284,-0.001874628742553397,-0.0010691359468218975
2023-07-26,0.0048791150253855164,0.003989761140619219,0.00464351478448366,0.00015373233812465692,0.0009884997767004577,-0.0028541327533992966
2023-07-27,-0.01571197400361901,-0.007947812408139354,-0.01220322177994504,-0.006630005937484418,-0.01945269584661069,0.009302364267220309
2023-07-28,0.007981390400291666,0.005741660962348849,0.006551378769164229,0.009790315066457778,0.005135854609133572,-0.001417960685040076
2023-07-31,0.0026944104889450315,0.0023895819089421177,0.002789218547606165,0.0019040202313644894,0.0024044680612187452,0.0017749093004064687
2023-08-01,-0.010364679607279714,-0.004950620959484731,-0.009964142926439101,-0.0028614730264066024,-0.01638697633029329,0.004606758880078221
2023-08-02,-0.004765602229612864,-0.004279687382518715,-0.006108621737730524,-0.013910702421395027,-0.010698778462465586,0.003527357189687219
2023-08-03,-0.0003341470787491252,-0.0032234114289679816,-0.008982714815737647,-0.002866086341272167,-0.023071265666786522,-0.0007031150749845505
2023-08-04,0.003620414278603157,0.0059288988238055396,0.010399834527040852,-0.004522738748535593,0.01771190983629034,-0.004924342854603747
2023-08-07,-0.0022753962847783527,0.0018753055499078908,-0.0024553301134684347,0.008728620762514794,-0.009841491836963367,0.000706936708892103
2023-08-08,-0.006341080194621318,0.0021393311664585912,0.003976102569022588,-0.004348767889990612,0.011613355697946526,0.004592113606335602
2023-08-09,-0.00475820704444585,0.0001334525509455453,0.0009425716422069019,-0.006685172244449644,0.005171216657915423,0.0007032080909878946
2023-08-10,-0.0010686044760203073,-0.00026675034931311625,-0.0070646125187422415,0.0003589458898993758,-0.016462883589739574,0.0017568233723626037
2023-08-11,0.0,-0.001467875892121162,-0.0034150461338012805,-0.0005830777777148244,-0.0023012945372544724,0.002104521598270237
2023-08-14,-0.003040588549344525,-0.000133666552910916,-0.0003809315431921867,0.005519960529779544,-0.00220185057340172,0.0035002721657739766
2023-08-15,-0.002654474343068869,-0.0032074712403926675,-0.00523757584829232,-0.011648865245321605,-0.006094674328297245,0.0003487451028238997
2023-08-16,-0.005776029417432049,-0.003084096733740882,-0.004499561785455186,-0.007338206922981816,-0.007824693695056117,0.002789370523105017
2023-08-17,-0.0015378724223797935,-0.0041692731755879064,-0.002692463481017149,-0.00761984144129535,-0.004262490573469169,-0.0003477300434411301
2023-08-18,0.00017112823031739666,0.0006750414912597424,0.0037603948145392696,0.00048129541609931437,0.0035316879915949784,0.0006957020033699912
2023-08-21,0.002737670236275802,-0.00026994293048454576,-0.0059557250100763515,0.006506305765969778,-0.013330532276798035,-0.0010427512777876347
2023-08-22,0.0016495566176504273,0.0005403933477603484,0.0030926101400494677,-0.0027085747465731558,0.00767424481758594,0.003479491246596078
2023-08-23,0.01016464068195777,0.008096039249784415,0.014065274744061051,0.011137747453819236,0.02477722260130344,-0.003467426366904114
2023-08-24,-0.00022482031744353037,-0.005488053791557701,-0.0034201578295861568,-0.013859046656199192,-0.006593709745082554,0.00800274592655259
2023-08-25,-0.0012932863561120334,0.004172499198890733,0.0005722555071301372,0.007049762510488167,0.003266017947695987,0.0013807618741055183
2023-08-28,0.0028713533365909427,0.00375274046290186,0.003144009463124764,0.006341454411725511,0.0010504247757014973,-0.0017235913992947882
2023-08-29,0.009768091768254772,0.006275742983956167,0.007977984228883184,0.014454722584416713,0.010385646154739137,-0.005524803302795478
2023-08-30,0.0025018747942815445,-0.0003980609136298163,-0.0014136128154397243,0.0041186972083306905,-0.0010380941338697935,-0.001736159234106971
2023-08-31,-0.0016637258183913595,-0.0006636595310424154,0.001698380136311295,-0.001463383468117252,0.004469267407474886,0.004869532608018146
2023-09-01,0.0004999240959600026,0.0018816174246243378,-0.007118497007873592,0.001865287736787291,-0.015578217221817736,0.006230596521827891
2023-09-05,-0.008161685723844458,-0.00652705388824637,-0.007140523684036615,-0.004322082846176967,-0.014022340912613784,0.005159875491240307
2023-09-06,-0.004534245193468567,-0.0024135335227292165,-0.0009587856760275848,-0.006722330563595169,0.002459517469298733,0.0003422558790515673
2023-09-07,0.0010684498647577367,0.0033603594196276454,0.0044151232945135455,-0.0030701308114062797,0.0027732109562139673,0.002394821399430036
2023-09-08,0.0003370270596214642,-0.00040259278805210297,0.000764667878215608,0.0015058781950372246,0.0038294686385131893,0.0010238892777407749
2023-09-11,0.001853109993606994,0.0017427697984546686,-0.001910168155603964,0.00657676849096922,-0.007205465963401769,-0.004773237745449577
2023-09-12,-0.005156651253074851,-0.0016057197538015267,-0.0002866805325821842,-0.005485636277796413,0.005763503159141425,0.0017129628968735044
2023-09-13,-0.0023100098564432514,0.0026796699782392075,0.002201135436298296,0.0011660173010359376,-0.00021248702169673894,0.0006839684661961165
2023-09-14,0.0005082241752882855,0.0012032109065147623,-0.0018142184116933802,0.008622398905182127,-0.007217975387402098,0.006151733618256605
2023-09-15,0.006603816566220333,-0.00373734774312251,-0.0015308628066249552,-0.012048296737688702,-0.006094027222720233,-0.0006793964605381619
2023-09-18,0.005887647601878543,0.0006700062177433797,0.001916327919140537,0.0005864162616679991,0.005701434930604821,-0.001699422247127158
2023-09-19,-0.0009476457412548323,-0.0030792390369461797,-0.003346934526191836,-0.0020738225764269647,-0.007380736961035916,0.0006809410143340244
2023-09-20,0.0007253927124595272,-0.0008059866609595456,0.0003837514400943931,-0.00919346478930938,0.0031250600990706534,0.0017012314339632795
2023-09-21,-0.007248413758109917,-0.007123947632587058,-0.01007090398434518,-0.016528383431622107,-0.025674039041432395,0.0006793219653122851
2023-09-22,0.0032013033173832195,0.0017602830989116303,0.006103915833495233,-0.002248489797681885,0.008048445842071983,0.002376198912542371
2023-09-25,-0.005150588926742139,-0.0013517215350333789,-0.009726152813475442,0.0042053765121701225,-0.02460861029011452,0.0037249204717781925
2023-09-26,-0.007990985893820302,-0.004329908278355221,-0.002820450567956212,-0.014691523888859304,-0.0034764308376569186,0.0030365067460498274
2023-09-27,-0.012366647894697436,-0.001359558205194733,-0.004681216540381894,0.0003992863265169788,-0.005176129652738282,0.004709089983630843
2023-09-28,-0.004997187509914736,0.004763480266886555,0.0017638068642804594,0.005797502001731347,0.003054048125361808,-0.005356634404195204
2023-09-29,-0.01027534966921384,-0.0014899807508284013,-0.002151884577418328,-0.0024270255722664835,0.00011289272268411032,0.0006732222172189939
2023-10-02,-0.010498705650611395,-0.006068292679397791,-0.0091614987858325,-0.0003976445068419876,-0.016740445902749035,0.007736182963740568
2023-10-03,-0.0028882419805683623,-0.01015169093653312,-0.011520463815784976,-0.013386034760395571,-0.021511501328991822,0.0010014068741750481
2023-10-04,-0.00011825651470720455,0.005127994266264757,0.008740856075921899,0.007281944745552105,0.014107962916724004,-0.0030010689269580615
2023-10-05,-0.0018327868021307259,0.0009653993201905742,-0.0011947989267443448,-0.00037685665664310974,-0.0049848365937840144,-0.003344427881391221
2023-10-06,0.005153083621109555,0.0013773592927046607,-0.0029920581874767205,0.011872975384052076,-0.012117173640599499,-0.002013346210545608
2023-10-09,0.01838544744893622,0.007428811455856499,0.012402781777124172,0.006402164937987731,0.0234694101848818,-0.0003362715304116026
2023-10-10,-0.0016780958953311886,-0.0002732576129202968,0.00039526437400416725,0.005204793015469722,-0.0013824437164999814,-0.0023545449918154215
2023-10-11,0.007303045938392039,-0.00013624341044793375,0.006122703786126671,0.00409623689617189,0.020885996628897452,0.0
2023-10-12,-0.0030496507265770356,-0.005328350590465547,-0.0104043493472189,-0.00609630654772797,-0.02712779338161664,0.008428798242412494
2023-10-13,0.03214825984540237,-0.0008239553683251355,0.0055544722684803816,-0.004981071593974096,0.01789264570065363,0.0006687939118270592
2023-10-16,-0.004864928190345896,-0.00027463518310677504,-0.006904906341612227,0.010521530798492718,-0.016094386154644758,-0.0043435588971842964
2023-10-17,0.001854273768354009,-0.004675004682360262,-0.007945911004509698,-4.592278588988474e-05,-0.0110205481222444,0.000335594499400127
2023-10-18,0.014470816805260078,-0.004834932935559699,-0.008009554209443714,-0.013324934950563638,-0.008797698546705313,0.0036900067662877234
2023-10-19,0.012274016037125302,-0.003608696959672808,-0.008074655370432282,-0.008786340036145646,-0.020473657927265076,-0.0030080169071118323
2023-10-20,0.0027308974274993236,0.002089476118821043,0.003968529345431238,-0.012288296304806212,0.005678437046512608,0.000335256992865407
2023-10-23,-0.0033770637265356784,0.004031447850227465,0.007803990858781917,-0.0017331115807659447,0.012013621157065613,-0.005026875512730844
2023-10-24,-0.0001093308866343401,0.005123638472033898,0.005631555434273627,0.007539412967386028,0.013176465193121434,0.005725948409142756
2023-10-25,0.004208823642007475,-0.005373248288776944,-0.009100371262956486,-0.014352100861133477,-0.022261098637571863,0.002679214224469595
2023-10-26,0.0015784524505007003,0.0034627964929172528,0.0072663206579521855,-0.011974682973531325,0.015338686693223247,0.0023379567501808918
2023-10-27,0.011629799758343662,-0.0012419826759527686,-0.002003814251031244,-0.004532843521158902,-0.004248771606679358,-0.001332984399332271
2023-10-30,-0.00564054701797434,0.0002762375239440118,-0.0030116707913208085,0.011955894340777595,-0.004504374692802515,-0.004003924966087591
2023-10-31,-0.005456562573315948,0.002625394824746996,-0.0014096461136697824,0.006280241912572926,-0.004881418694900552,0.006030067977769615
2023-11-01,-0.003150642851826202,0.009531157557114422,0.0143106417635539,0.010664768057838891,0.02168242778968943,0.0003330241904828668
2023-11-02,0.0033240729584831374,0.011252727320347988,0.011874069418340794,0.01916425842116176,0.022796737662560407,-0.004993407805167438
2023-11-03,0.003638921283475316,0.009770805863068333,0.004930407670546755,0.009123472322346338,0.006778359262837874,-0.009367545920741849
2023-11-06,-0.007792560392528847,-0.004031327239968685,-0.005298615440521903,0.002300517793956791,-0.009700164982097026,0.0010130955825091714
2023-11-07,-0.0041451308444239165,0.00013481863274211747,0.007990386164711039,0.0028458864540299444,0.014750316360346627,0.003373912827291381
2023-11-08,-0.00996764391222027,0.0005393204988899392,0.005089017066578272,0.0007324032446240913,0.017033836230038846,-0.0003362715304116026
2023-11-09,0.003982968433291267,-0.006202874920420487,-0.010126582906626491,-0.007798663067815403,-0.023001332873676228,0.004372705336639138
2023-11-10,-0.010909752197912126,0.004885068222031164,0.00501662390619062,0.01560467649709607,0.005599913005814194,-0.00066984027981698
2023-11-13,0.005570720464602941,-0.0009455552785843091,9.801599497993863e-05,-0.000953161327931884,-0.0022727996723836963,-0.0013405050365036253
2023-11-14,0.008919177105678688,0.010136598130850105,0.015658827374755546,0.019400701401830922,0.022667540274282416,-0.015771837542529754
2023-11-15,-0.002635601473798599,-0.0032111988087214494,-0.0052037939136866385,0.0021172592270151114,-0.014034277340039925,0.0037504705192843435
2023-11-16,0.011286077178189302,0.001342427984836192,0.00823357702667793,0.0012230297025099812,0.01242645967600109,0.0006793219653122851
2023-11-17,-0.00010890234740634774,0.002278749762433696,0.0028819156346269192,0.0012437734405070788,0.004686664508716465,-0.005431109736035666
2023-11-20,-0.0016333808174913145,0.0010699701170615583,0.004023510796937302,0.007697611465657728,0.006107966226341022,-0.0030716678332223246
2023-11-21,0.01079790063288577,0.0013360331308014395,0.0002861551014137209,-0.002179299448413996,-0.00044138338275445665,0.001027119097612772
2023-11-22,-0.004262252597287075,0.0017345256862588698,0.004006402661007824,0.003860636978706422,0.003534118123124541,0.0034199173357467583
2023-11-24,0.005201596914642392,-0.0010655521946615343,-0.005130707066338114,0.000615409397399791,-0.011775173047761767,-0.004430829471668618
2023-11-27,0.006737817869841178,0.0014664625697888845,0.00811713197860442,-0.0018009742299700537,0.016703878743160816,-0.002054088031614887
2023-11-28,0.013331852960406732,0.0043939995044397495,0.003978618605919415,0.0009901615640521833,0.0019711485111892912,-0.0034304764988735137
2023-11-29,0.0014794398574642376,0.005434544367538985,0.008113869204409152,-0.0007034245439108133,0.012571299258830937,0.0010326251569170442
2023-11-30,-0.004167950375202456,-0.0018457864977667882,-0.005240931076299082,0.003937490213237638,-0.011551169253513405,0.00722152293482492
2023-12-01,0.017271494075951965,0.008279461266944566,0.01204007829495124,0.00591583844399568,0.018833918129949057,-0.003072716387012009
2023-12-04,-0.02161342646325959,-0.00249996601115432,-0.004572038787237109,-0.005249435990464013,-0.003978895553516604,0.004451997923727857
2023-12-05,-0.0037794459254785195,0.0009233484491117938,0.007967496055596879,-0.0001969636980806433,0.02148598061459417,0.0037504705192843435
2023-12-06,0.0036868953454944897,0.0001315544403430735,0.003720180009116225,-0.00402989749112459,0.013317572737822969,0.0023777386214316465
2023-12-07,0.0016503277504122948,0.001713790422573469,9.228344204537109e-05,0.007630481799562494,-0.0057369482255148485,-0.0054219816482316
2023-12-08,-0.01334039111485108,-0.0019738281173059535,-0.005372956516087601,0.004299124818565092,-0.00818310461414229,0.0037479149294969982
2023-12-11,-0.011042895165362276,-0.0006587822845733893,-0.0002795025107539262,0.0038896617874286665,-0.002115422689281554,0.001357796045172499
2023-12-12,-0.0005446421195114404,0.002242237141725667,0.005683072069443185,0.004567197751546015,0.002967852222584,-0.0027119098698487054
2023-12-13,0.022562533466176538,0.01526702955389947,0.016768949150086865,0.013790108195302686,0.023462291735248053,-0.008497558510868641
2023-12-14,0.005862552982469849,0.004416350723917883,0.01063476660764251,0.0032093491365003946,0.026012946941907034,-0.009256070868552402
2023-12-15,-0.009166511771857233,-0.002204963648553271,-0.0014477561153505292,-0.0016465000867140756,0.0011108928571579302,0.006574333727668469
2023-12-18,0.004545487184575592,0.0006501650157542116,-0.004168180752683881,0.005624998162638617,-0.007967892874264249,-0.000146259562472828
2023-12-19,0.00681394057869511,0.0028575771290613172,0.0012740866909883852,0.006080867666898859,0.005388339652438123,-0.004389182749403364
2023-12-20,-0.005445982936102989,0.00012966851806384128,0.002635120721003581,-0.013857250338460525,0.006775399838767404,0.004408532604661897
2023-12-21,0.007070635455129759,0.004533070494306957,-0.00036248595204535494,0.009482024132737576,-0.006327790804147693,-0.006583774124105046
2023-12-22,0.004434417088942322,-0.0011602517889039987,-0.0017227193292427279,0.002009673498207798,-0.004548827199176486,-0.00036820195471143347
2023-12-26,0.007620733251079592,0.0019361116880933782,0.0020889353743469563,0.004222475606067366,0.002843241289959497,-0.0022098736034911193
2023-12-27,0.004537842226414179,0.004122674541614746,0.009335828369818167,0.001808201553426203,0.017719600110223555,-0.0051679187390798464
2023-12-28,-0.005815437657636813,-0.0032073570351872638,-0.0026041128355004384,0.00037753130064821505,-0.007262804327535011,0.003339409739287147
2023-12-29,-0.001566841018672216,-0.0038618182943674917,-0.003691352128528669,-0.0028948492247116153,-0.009019986579823058,0.0018491799529223307
2024-01-02,-0.002353909884146743,-0.003359501692303146,-0.006777617889960896,-0.005596318890426222,-0.005764694872978926,0.00849014677860227
2024-01-03,-0.008336809604204354,-0.002722572843197213,-0.0022746736303644877,-0.008166792089666641,0.004170819537836712,0.0032943347523415323
2024-01-04,0.0010046128932528209,-0.0039003638044063926,-0.005562549773409642,-0.0032210928571738684,-0.015194587682853644,0.0
2024-01-05,0.00015845540955172766,0.0007831045005028958,-0.0035763979232721343,0.0013696387133315113,-0.00956607338488158,0.0
2024-01-08,-0.007816271130823282,0.005607762699697538,0.007638404319776804,0.014275958893323004,0.009866168461925229,-0.0018241430987387952
2024-01-09,0.0003193567900841021,0.0015560303690307364,0.0017353836438511738,-0.0015170617748928583,-0.006376013091247357,0.003289518297823202
2024-01-10,-0.00228804710551489,0.001813074828030281,-0.0012764116618652066,0.00565535817808871,-0.004657408171150457,-0.0018215599702903207
2024-01-11,0.0019733072916665595,0.003231098540848354,0.006025114702874923,-0.0004404619072829741,0.005615111130263362,0.0007299536424514308
2024-01-12,0.009794068475553752,0.0010305002713466571,0.0021777873949402338,0.0006925816806648832,-0.0019648546822068624,0.0010941317981856269
2024-01-16,-0.009488181898979597,-0.0063061434693891805,-0.010141330265107773,-0.003671148699777138,-0.017612643354075974,0.008743112355441118
2024-01-17,-0.01101595063528893,-0.004274331275342824,-0.0021036861017109665,-0.005558672684831678,-0.0015822646219910697,0.000722234311989034
2024-01-18,0.008232882099906247,0.0020812923368076497,-0.0019250883549545295,0.00889273268181845,-0.009295250477562855,0.0010826067969436082
2024-01-19,0.00298872590696031,0.001687721531827835,0.0010103245785808568,0.012466165858858957,0.0031985668703069514,-0.0014418651590770715
2024-01-22,-0.003777957126316789,0.0007771843775101761,0.0027526495993108746,0.0021144137695201515,0.005951978139346226,0.00036094957273991035
2024-01-23,0.0038991332271092194,-0.0011650968655984029,-0.003660047273006728,0.002916443353095266,-0.007923936871212178,0.002526256116259784
2024-01-24,-0.008246890539639895,-0.0005186256285314439,-0.001928546743040327,0.0010931698517426813,-0.005857436902540369,-0.002879800338196792
2024-01-25,0.003969986681303217,0.007652680426944558,0.0066251251846152215,0.005438949470246479,0.0065344975061014665,0.00288811754006546
2024-01-26,-0.0006946931881827156,-0.0007728795099684049,-0.002833821026170469,-0.0012705395269575481,-0.001915846500499807,0.0
2024-01-29,0.0070584854445867595,0.0021903593661796172,0.004125034743724942,0.007919417862923606,0.011516338988763808,0.0
2024-01-30,0.0013805262268788976,-0.001285676803404967,0.0031952228919873704,-0.0007734832725785346,0.009066241747108572,-0.0007199686366167191
2024-01-31,-0.0007423479101065222,-0.002831322856022278,0.002548021421887592,-0.016317173556878117,0.009820448938564708,0.002521557253756468
2024-02-01,0.01040067256889099,0.005759010119535279,0.007733700953154177,0.013088055300420232,0.0196157460939701,-0.005030504065233421
2024-02-02,-0.009453300862028224,-0.004513768430363996,-0.009129534026626862,0.0105273595970663,-0.022088780722320567,0.009028487270890118
2024-02-05,-0.005513988032274764,-0.004663502109941597,-0.009578882079746665,-0.003641164139858266,-0.020193784570036732,0.005368695612010033
2024-02-06,0.005224693124019186,0.0036439998853599054,0.005618524911231493,0.0029034334313113863,0.009773968863696858,-0.002848019097660748
2024-02-07,-0.0002651978305409086,0.0016858147263196788,-0.002930859377314743,0.008340328730336743,-0.004839593558598643,-0.0010710115546631593
2024-02-08,-0.0009018470501077624,-0.0005176320376969468,-0.005143848934903605,0.00044162262034497246,-0.005814537882944948,0.0010721598502512197
2024-02-09,-0.003876152075832917,0.00207249882989613,-0.0012930767289403011,0.005779461852153833,-0.0020202074093834677,-0.0007139831701338251
2024-02-12,-0.0026119694947860372,-0.002197531771759742,9.267641884647126e-05,-0.0004388911214047164,0.0011717737862684263,0.001071776785249945
2024-02-13,-0.013788690196348319,-0.008031749190648085,-0.011001450294272797,-0.013773023891167746,-0.017134900283518384,0.007851526846000434
2024-02-14,-0.0005961123453055439,0.00391790658229807,0.004673858398167807,0.009087543071375936,0.005089564491268961,-0.0017705298683293735
2024-02-15,0.0067238125229136525,0.003512185681767477,0.0036288045419039516,0.00689973723223436,0.005170999376395313,-0.0039021622044583815
2024-02-16,0.0036625695484677756,-0.002981478087147438,-0.0036156839316308087,-0.004979919789092513,-0.005787559444959345,0.0003562117918436414
2024-02-20,0.006064210073093879,0.002080313210225615,0.0033493289772148493,-0.005505484799996796,0.0008623607047666404,-0.0014240462434872425
2024-02-21,5.331256612173263e-05,-0.0018166076634746897,-0.0025036892290095647,0.0009059537103861537,-0.007109111458344253,-0.0010694842883850475
2024-02-22,0.00042672195902415666,0.0048094178450937,0.0015804693542509352,0.02069541033768396,0.004881868134858802,0.0
2024-02-23,0.005651511902278639,0.0006469863490254912,0.0029701093992244854,0.0006897394597702444,0.013386524590604854,0.0007138019215118252
2024-02-26,-0.0022266895335479875,-0.003231719378940512,-0.0031464495528871206,-0.0036625526726965507,-0.0029829286684966982,-0.0017831584092232733
2024-02-27,-0.0010626830578386315,0.0012966540209542465,-0.0013925485354215894,0.0018575604271087176,-0.007052052973268497,0.0007144933063296666
2024-02-28,0.00180849115899262,-0.00012958732388923533,-9.27941876470717e-05,-0.0013215233370975632,0.006348704726200971,0.0007140567690586686
2024-02-29,0.005150266749304189,0.0018135591964005826,0.000929746562429612,0.0035950212662532177,0.007057422118483814,0.0021405682210233756
2024-03-01,0.018910791174389097,0.0037456618057067903,0.006087453290502642,0.009388213902118192,0.006231146141460142,-0.0017799844150453437
2024-03-04,0.016174996770490724,-0.00025877864965573316,-0.0018531188621110362,-0.001072394746922778,-0.004022573780128713,0.0
2024-03-05,0.006020141664404566,-0.000777877490383827,0.00547696258538366,-0.009994095772374756,0.014241787184376076,-0.0010699391576410866
2024-03-06,0.008215401882095241,0.0024643578191205773,0.002677729834806186,0.005067092168203002,0.005868208624473237,-0.003570136647443878
2024-03-07,0.005683843351386164,0.0011644636173431255,0.00248603407724457,0.009926474478171965,-0.0009375486316445247,-0.005016084694430711
2024-03-08,0.008452547868211147,0.0002584439601591715,0.001377807548167631,-0.006002074616765385,-0.0017726353706514208,0.00036011395368440446
2024-03-11,0.00183502012710135,-0.0001290772225922554,0.00018337299887871694,-0.0008599204691527307,-0.0005226426071106571,0.0010798045383848542
2024-03-12,-0.01094062729637224,0.0009045482705318797,-0.0032097443191088093,0.010757490470053366,-0.008360991449253286,0.0007191920497773285
2024-03-13,0.00700740378557585,0.0003872655082308718,-0.001012229787715202,-0.0015676881963078149,-0.004848014993527494,-0.0010779387014957509
2024-03-14,-0.004175139558116325,-0.0047746481113709605,-0.007367497306877802,-0.0019768474024280946,-0.015357032057956688,0.005395657845794544
2024-03-15,-0.00319440663913817,-0.0006488468688975457,0.00027814631366029907,-0.0068664788611635386,-0.000322787391063728,0.0010733844468784337
2024-03-18,0.0016022835845583838,0.0023355757783725117,-0.0016695785869033086,0.005943151203128272,-0.0030125787810697524,0.0021443933783371616
2024-03-19,-0.0011498061737871268,0.004013069815408166,0.0028803107260326755,0.00555707226589397,0.002805950233832233,0.0024964511809839607
2024-03-20,0.011911859798154678,0.003352418989690964,0.0018527753627177734,0.009249276138730833,-0.0003230507908329461,-0.004624710611819127
2024-03-21,-0.0010386361790747367,-0.0005137438099852565,0.0014799281502895223,0.0033049489428722545,0.0021531414569875285,0.006790517633205706
2024-03-22,-0.00802096899240623,-0.0010291240099973287,0.0034161121948550477,-0.0018959699623571913,0.009560817411920608,0.00532486171737423
2024-03-25,0.0031944066391380588,-0.001544388779934014,-0.0034044821020290383,-0.0027628113418188827,-0.005001324284323205,-0.0024717687625236406
2024-03-26,0.003233961285236564,-0.001159777648913618,-0.0002772745557655387,-0.0018469770770959126,0.0027805341039537357,0.0007079904331532827
2024-03-27,0.007240660177973313,0.005290913473769532,0.0069270595046844186,0.008403660081948816,0.00991792916945955,0.0007074166152991612
2024-03-28,0.012900024807739996,-0.002182441630226295,-0.0009171721518460574,-0.00019090663022613974,-0.0008448657329834797,0.002827884734639907
2024-04-01,0.010208079384865787,-0.004073013039341822,-0.009575277811873617,-0.001739763403890593,-0.018640733898010797,0.003877331320028654
2024-04-02,0.014772360490971526,-0.0016879577537323165,-0.001488734538392933,-0.006358201070618019,-0.005510539356506805,-0.001404473236037207
2024-04-03,0.008772374739768773,0.0007801001080138814,0.0006522924508476358,0.001098363546765846,-0.00021746161721214463,-0.004571120898833936
2024-04-04,-0.005734705223284009,-0.0007794920261999794,0.0011176420378178342,-0.012205963185669133,0.007172376855100859,0.0
2024-04-05,0.017114197447370305,-0.0009102655106520974,-0.0043722469805568265,0.010446882468048369,-0.013918974221515445,0.0010598077767638436
2024-04-08,0.00622848536623688,0.0023431024002062983,-9.335049901992853e-05,0.0005593844106313028,-0.00010936780228265608,-0.0014115567838269838
2024-04-09,0.005497054993034878,0.002078111740662969,0.005139198744154916,0.0011567727492665103,0.009301826142000147,-0.00035329696729879956
2024-04-10,-0.009463856185613961,-0.00881293666634031,-0.014223486973239385,-0.010013138082778927,-0.02179352387596334,0.0106044766667992
2024-04-11,0.019433247203493043,-0.0009152572896788946,-0.0020744579066961366,0.007546927515202695,-0.0045445336299908545,0.0006995708188548555
2024-04-12,-0.013239324939518515,-0.0005234832874256856,0.0022677636692973735,-0.013803224854120666,0.005344971585873548,0.008039152037313091
2024-04-15,0.01871915519396472,-0.005761669016500548,-0.011031414923828642,-0.012527979592971916,-0.015505759171553835,0.0017336234309432985
2024-04-16,0.0012220152803359419,-0.0032922282945945236,-0.003336710462267023,-0.0018238727165881263,-0.006637451858565013,0.0013846127169585554
2024-04-17,-0.007368252752093185,0.0013211051592001422,0.0054525830622014215,-0.005918178426796872,0.011098385422508406,-0.003110928467884966
2024-04-18,0.0034154561341945833,0.0007916399202905211,-0.0019979941506640397,-0.002057851539541633,-0.005039912998986984,0.0020804481902281236
2024-04-19,0.003131535140574959,0.0018461887104304076,0.0010485802982820314,-0.008728248530293414,0.003602219153315378,0.0
2024-04-22,-0.02470249054532203,0.005527569615535244,0.0024756281158795357,0.00920908126486597,-0.0016824824803928218,0.0003460333739950805
2024-04-23,-0.002458663172418052,0.004057976871215674,0.001710224563331142,0.01186673480222633,0.0003368208795337946,-0.004150821500413904
2024-04-24,-0.0018600907225296837,-0.0022162148262681036,-0.003888197207413624,-0.0004747309476728079,-0.007076176238736798,0.001041994855902173
2024-04-25,0.005963468053189924,-0.0020903767485027647,-0.002951151686767073,-0.0037989091774335293,-0.007013538341465786,-0.002081891995978302
2024-04-26,0.003241927353549112,0.0031417965156499417,0.0038194476242428,0.009474010266367072,0.005240184509619716,0.0045201167775681395
2024-04-29,-0.002031218037689575,0.00300200402237194,0.004184985995837609,0.0035414295283509034,0.008386556914872445,-0.003115235899003199
2024-04-30,-0.019937078844561418,-0.007286807102717452,-0.005494106155869982,-0.015841215462753078,-0.008541374130936585,0.0062500134212621905
2024-05-01,0.00906215232545482,0.005270721695192604,0.004159985434609714,-0.0032471509508891216,0.007371225811458215,-0.001035163328812705
2024-05-02,-0.0030870874411647042,0.00616073327621236,0.006189802086287388,0.00935328110187128,0.004290544254879736,-0.007599372590147757
2024-05-03,-0.0007976266365629092,0.004168697778746955,0.0070036537212836425,0.012395483881111113,0.010119430787254524,-0.0027845757165365637
2024-05-06,0.010518361024399514,0.0011676758115790609,0.002819468377225798,0.010326671740880755,0.003895986603888568,0.0010472306491327021
2024-05-07,-0.004600326433150892,0.00012945531923169717,0.00046860319656039096,0.0011035533801586617,0.0060978492516192695,0.0027893581737588047
2024-05-08,-0.002941061869504713,-0.0023319943276949306,-0.002529225345947572,9.647563503611956e-05,-0.006060890852867984,0.0013907996485118534
2024-05-09,0.015778607960932778,0.0002597038268421503,0.001596573837580717,0.005761928959076901,0.004878095800264104,-0.0034721342383916554
2024-05-10,0.008112513438038427,-0.001558150688800719,-0.003188057705635905,0.001288284191995226,-0.005626820988198555,0.001393635320215303
2024-05-13,-0.011202103844459854,-0.00026026346072971496,0.00037639846446313463,0.0001342624349851551,0.002551923658189015,-0.00034795981569823997
2024-05-14,0.008462045119477013,0.0015612105157387646,0.00291483839975637,0.004588074295429845,0.005644715737639361,-0.0020883420943149655
2024-05-15,0.012838750510223873,0.005843890079690439,0.008906798906084035,0.012382968072453648,0.013647582194630026,-0.006278352894988348
2024-05-16,-0.0038933433506626036,-0.0023238648261243444,-0.001579885538967818,-0.002057308910603406,-0.0009773572608465786,0.002457019702250207
2024-05-17,0.0164977725898805,0.0001291773698031129,-0.002326723720481705,0.0014373970141403625,-0.006738412650478032,0.0
2024-05-20,0.004023937591649318,0.0005177466781416395,-0.0004664609970718159,0.0011522820155323021,-0.002954398299202965,0.00140053909530935
2024-05-21,-0.001469548604570936,-0.0007756664497449162,0.001680012250412366,0.0024526516391329967,0.0051579627219389135,0.0
2024-05-22,-0.01837396956557802,-0.002200495045131756,-0.0014908051919342302,-0.002879527095358103,0.00120119968100596,0.003146895840760555
2024-05-23,-0.019944570339717638,-0.0035024616498764427,-0.004385836732640369,-0.007304390634860436,-0.006434075309225795,0.002091253496080858
2024-05-24,0.0009271136061119734,0.003514772004028721,0.0027180590493638412,0.006616510894206007,0.0029637502645556424,-0.0031304773314663192
2024-05-28,0.010513172896031486,-0.004021705545772747,-0.005982482888805318,0.0006989635288412455,-0.014335980661262626,-0.0013955805512952946
2024-05-29,-0.009303812074716977,-0.0029955971610716725,-0.005360348048049524,-0.007002690056326477,-0.012101732837317747,0.005590483824310821
2024-05-30,0.0018967600627461945,0.004050188818238043,0.0061455623917248126,-0.006633705018401992,0.009665080772480739,-0.0031271424027029537
2024-05-31,-0.00586417430627717,0.0035126093084034693,0.004416568423128098,0.009108077830044081,0.006789753117480535,-0.0006971324016965541
2024-06-03,0.008917780500373507,0.0031003540243712546,0.006902310181418514,0.0008156352536050626,0.016174710526761338,-0.005231996698139341
2024-06-04,-0.008977059834655465,-0.0005195760074531153,0.00391710685332769,0.0011176231100058498,0.011681078058787264,0.0003506439350706714
2024-06-05,0.011845603201319,0.003247934930094898,0.0033444306937258084,0.011885404861504467,0.007337661724792666,0.0014020118505153611
2024-06-06,0.007391356612921562,-0.0016833704269381133,-0.0006481744987816285,-1.882621034110521e-05,-0.0014996414419716775,-0.0014000489652747916
2024-06-07,-0.03568330143379639,-0.0025946336301309048,-0.008987168340778617,-0.0012155412473663363,-0.01834583657367106,0.008412215618049279
2024-06-10,0.009168181127878317,0.0009104565336521819,-0.0020569712803915063,0.0030894410029513875,-0.006666508554342698,0.00243310710988065
2024-06-11,0.0028566106093961263,0.0012994533182126844,0.004309579553554599,0.002408336668519029,0.01034231038333533,0.0013868701524413218
2024-06-12,0.0026617200115086614,0.004023110543582176,0.006156712903707007,0.008213197074696144,0.007513864478541077,-0.004501335410448171
2024-06-13,-0.008150148984962247,-0.0001295091121733538,0.004728401196877563,0.0020134171606567275,0.014699472914083911,0.00382608319047395
2024-06-14,0.012959545903254766,-0.003877983101921112,0.0008303800267717154,0.0006085511814017952,0.008414952004398124,0.00450445463133442
2024-06-17,-0.005191652247571676,0.000648938562851864,-0.004702167688088066,0.007958533108721078,-0.009929273471812494,-0.002414571768176943
2024-06-18,0.004007271832187298,0.0031125326351204574,0.004631699474473949,0.002541048631666598,0.009175464427116697,-0.00034572280302069824
2024-06-20,0.012484347826456466,-0.0006463956635281987,-0.0033194519840480385,-0.00271664481541789,-0.006660355124147643,0.004150821500414015
2024-06-21,-0.015493238109986152,0.001164330681777681,0.0002776124684595871,-0.001340591814880554,0.0,0.002411244473417673
2024-06-24,0.003957566385821121,-0.0010340495713971887,0.001017604364148772,-0.0032508556328936233,0.004044329731865304,-0.003436480648233764
2024-06-25,-0.004962237629221655,0.0012934605660932519,-0.00036969653687246584,0.0038509640844608395,0.0016958276901224423,0.001034591643394256
2024-06-26,-0.009228168111804491,-0.0021958011350329265,-0.005453568179622503,0.0012481518499345423,-0.014285659401799267,0.004822559959778205
2024-06-27,0.011336925587312363,0.0011651252229272213,0.001951829241936931,0.0015765234185698418,0.003971961002500191,-0.0013713218605623245
2024-06-28,9.297647872519299e-05,-0.0024571146955136847,-0.0063999803493215435,-0.003935104761613628,-0.01860521296413775,0.0
2024-07-01,0.002604589701363791,-0.0001953933405546282,-0.005939742419827199,0.0020578883736119824,-0.01725930255253416,0.00034330124163806097
2024-07-02,-4.643394389247657e-05,0.0027371423947133433,0.006408581021675186,0.006729854689488501,0.007785748695971595,-0.0013726629604837726
2024-07-03,0.011273000380832565,0.003509482751521409,0.007397677482327891,0.004462518162005047,0.013132982935273763,-0.004123720104180384
2024-07-05,0.013486798057397165,0.0029796635120442616,0.005205381334215664,0.005766470977847771,0.008278985161513264,-0.0034507104121339616
2024-07-08,-0.012402074526820739,-0.00025854961954474565,-9.24242256706842e-05,0.0011539403636429135,0.0021606976080814633,0.0017313652137713742
2024-07-09,0.0016957473442755777,-0.0011626829725269738,-0.0018496468145433598,0.0009724798854346961,-0.0044199022400549515,0.001382626957014299
2024-07-10,0.0036603361122538036,0.0023281820035059297,0.002409004292488248,0.009895306302644569,0.0031402470604382504,-0.0010355206643727355
2024-07-11,0.017733403441032136,0.0036130468167987484,0.005360871355780228,-0.008622613418480696,0.00971487530405879,-0.005183112862385819
2024-07-12,-0.0006270969301161999,0.0025712552430214863,0.003677375640843694,0.006307544740922433,0.004276384977879966,-0.0034734116595730447
2024-07-15,0.0032271131671974818,0.0001283630301474048,-0.005496079759214623,0.0027500092368082374,-0.011496714542720055,0.0017426872952326367
2024-07-16,0.019925798233449088,0.0038464975199872242,0.005802931977353598,0.005930082229630207,0.014107178667014386,0.0
2024-07-17,-0.004643206403117217,-0.0011495060220672038,0.0004577108341385916,-0.014020956909208904,0.0002125066959697275,-0.004523262415569884
2024-07-18,-0.006381186355259194,-0.0020463021222931754,-0.004301992912766117,-0.007685037015851326,-0.00764407477668394,0.004543815284469455
2024-07-19,-0.017937829186174925,-0.0007686120528890283,-0.0036771893798015487,-0.0066403801371806015,-0.005884398626252119,0.00278360679608336
2024-07-22,0.00031573231212611574,0.003718844884381234,-0.0005534695824180869,0.010309924342275956,-0.002905618603323834,-0.0006939878421227119
2024-07-23,0.003516676143213937,0.0001278874366079652,-0.0007386980080277272,-0.0015686337077934764,-0.0014033775697331885,0.001736102909228654
2024-07-24,-0.0035043524704835294,-0.0031936477530406515,-0.006097411388610197,-0.02266259335745402,-0.010808249495819156,-0.00034656165110258375
2024-07-25,-0.01564473026582147,0.0001278477518389387,0.003996998820593012,-0.005210277592075707,0.008194847984639653,0.0
2024-07-26,0.010534525866662925,0.0032036867400944136,0.005555258217084358,0.01119982758277449,0.007803404726596019,-0.0006935065570037313
2024-07-29,-0.0014050562105476505,-0.000894120180671143,0.0021173928710973566,0.0005877795200674996,0.005376543340370299,0.002775879838101014
2024-07-30,0.009985461488319247,0.0005112287827635509,0.0008270743970695271,-0.0050664630075443196,0.0038507436319192845,0.0006919954156106023
2024-07-31,0.018110725786084414,0.003577960222675758,0.005783297985615388,0.0162545837033794,0.010229317857047393,-0.005532491528009276
2024-08-01,-0.003442943141866439,-0.0021886603731477994,0.0033159867821177524,-0.014161252088027765,0.008624549454608665,0.003477034961089087
2024-08-02,-0.0019046282784819235,-0.0033351387620148554,0.009769017185917273,-0.01861816161922203,0.03116165217807909,-0.010048519676630785
2024-08-05,-0.012691935106198704,-0.006177491850276717,-0.002531591776498421,-0.029123700429442123,0.00529112268676557,-0.0056002680174136454
2024-08-06,-0.008000713832612472,0.003755585715541798,-0.006526520955566606,0.009219525118752125,-0.022368562108011303,0.0031678691271028736
2024-08-07,-0.0006796279952806517,0.001934947263797282,-0.004562005762091648,-0.006684115494058673,-0.007040235713925647,0.0021053400598705085
2024-08-08,0.015688013635013043,0.004120810156210686,0.00045852478387464757,0.023117557607053252,-0.006151647763098955,0.00140053909530935
2024-08-09,0.0024552612171107047,-0.000128233366623709,0.005130443888414327,0.004409400363359239,0.009861882558377166,-0.0010489893071279344
2024-08-12,0.017144665770273848,0.000641141289692948,0.0020963029077936124,0.0005256920286567102,0.0036359564015664425,0.0
2024-08-13,-0.001532358906807807,0.0046142504104864646,0.0070038020597043005,0.01644565545623755,0.006934830531277525,-0.005250237737016383
2024-08-14,-0.008155751250824572,0.0017862126170871129,0.004425939365402698,0.0031546060490530436,0.006270548772035145,0.0010556331662778806
2024-08-15,0.0031388449312386157,0.0008914603661858145,-0.003057357128131155,0.01714035994148433,-0.008070098011095372,0.0035149216787222493
2024-08-16,0.02238773852658915,0.003181058252788471,0.002976751012021994,0.0022418662206671325,0.0035018400743627165,-0.0049037121545804085
2024-08-19,-0.0016380226467286318,0.0016489561886696702,0.0023382843683683596,0.00956137091474707,0.004617743671856189,-0.005279806066066262
2024-08-20,0.0036699887797402297,-0.0008864869006157683,0.002602084424969453,-0.0016260026793798454,0.007968347696318379,-0.003538626535241951
2024-08-21,-0.0013336178629832496,0.0022816059617618567,0.0022373544432718884,0.0034365526097956955,0.0006080850637808499,-0.003195993064965208
2024-08-22,-0.011975011209935604,-0.0012644962809995608,-0.004107542147944732,-0.007848577207078211,-0.009926296952438296,0.004631301106177377
2024-08-23,0.011553425520716143,0.005317502081612746,0.00573826466819316,0.010625309443622832,0.006547429003405547,-0.00851072944336928
2024-08-26,0.0031893380775307456,-0.002015146459269923,-0.0012480423565225385,-0.002383780184026185,-0.0025409123888475715,0.002146001223926941
2024-08-27,0.002706671669018279,0.0006309716964125744,-0.0008034360128567064,0.0013730986678519574,-0.0017321984594735884,-0.003211961501488503
2024-08-28,-0.007026862307456638,-0.0005044590577425456,-0.002054615331085974,-0.005805250282960306,-0.0012248598519507548,0.0057285946796912235
2024-08-29,0.005177980359189593,0.001009533362527515,-0.0017008461494441018,8.941059331357692e-05,-0.0032703265224360845,0.0035599688300906873
2024-08-30,-0.0071260085162319076,0.00012583931273102422,-0.0027796454064010767,0.009546099317694123,-0.010663202960188078,0.002837916204430524
2024-09-03,-0.0043235765879541255,-0.003545828501538728,0.003023167321183795,-0.020578885636139965,0.01635508798008134,0.0017686509212933021
2024-09-04,0.000607926500195255,0.0036858865344715497,0.0062085149346604585,-0.002046876670290576,0.012889957170290067,-0.004943537525047281
2024-09-05,0.008332306942507639,0.003418829486144137,0.0049181706856118446,-0.00243215209603731,0.005656056409700794,-0.0014194250768803096
2024-09-06,-0.007402630408956501,-0.0012619149488110049,-0.00044497784800023865,-0.016830157923119815,-0.00010028347726309672,0.001421442708305909
2024-09-09,0.004205876079289794,0.0024008474822538872,0.002225515286779167,0.011196084697615571,0.004319023722047399,0.00425827523064104
2024-09-10,0.004404097525005923,-0.001890882870574595,0.0027538454971085535,0.004355900025068804,0.007000570979856846,0.00035336981203437645
2024-09-11,-0.001590555949419148,0.0015155086950846552,0.00044282248641858146,0.010258832827810815,-0.0007944800919033046,0.0010598077767638436
2024-09-12,0.017567284525531468,0.0013871932137419218,-0.0007083763473340055,0.0084233977525765,-0.0046715051263188645,-0.0042343793838367505
2024-09-13,0.009943683944142245,0.002770332525205532,0.0031013071670213943,0.0052225150557083655,0.002696158329331677,-0.0014174131650894761
2024-09-16,-8.374817448153493e-05,0.0025115740874448456,0.004416431206834215,0.0014770129874017712,0.009162487405658837,-0.003193724711712864
2024-09-17,-0.0055309113549146804,0.00025058056751880997,8.805544137624466e-05,0.00040856905497976825,-0.004835878965696594,0.003203957269218849
2024-09-18,-0.007710465405288858,0.0008766028111615309,-0.004133057839339926,-0.002965730407402778,-0.012395632434286097,0.001064623673856513
2024-09-19,0.01554075728197235,0.00300305736541695,0.0008828297919052375,0.01706426713245346,-0.003313530642589435,-0.004253819668446179
2024-09-20,0.012710660066880486,0.0012476405259598256,0.0008824844602779436,-0.0017285268709690271,-0.0038284354478580473,0.0017799844150452326
2024-09-23,0.0019404068737312041,-0.0018690766898691313,-0.0014103837991759072,0.002498824661338439,-0.002123788789618053,0.001421442708305909
2024-09-24,0.01396907347432852,0.00012485236416726053,0.0016770155857808167,0.002861332369231473,-0.00020272763070772193,-0.005677773462449798
2024-09-25,-0.001381767735031958,-0.0011231134876953375,-0.0059040250177423426,-0.0022054527099499843,-0.00831219295300778,0.006780897536390107
2024-09-26,0.005086884066794806,0.0016241803599885696,0.0,0.003964638683935373,0.002350800980412293,-0.004608389897466925
2024-09-27,-0.007935830791900744,0.002495072398934539,0.0039888822507911925,-0.0014503630087085995,0.0052011306044834615,-0.0003560649609319899
2024-09-30,-0.007999374253898295,-0.0007466795654044178,-0.0024720234789461504,0.00400722886300664,-0.004768269322992791,0.003918770646271552
2024-10-01,0.010491249392624136,-0.0005005189525468801,0.004805717294864786,-0.0089585409225309,0.007220156465876704,0.00425827523064104
2024-10-02,0.00020358719772617384,0.00012524449768203105,-0.0022102055721239244,0.00042219107992402805,-0.008427306142394286,0.0042403648996767185
2024-10-03,-0.0006920058878576718,-0.0023786181698465247,-0.006468367857604407,-0.0018282857429317012,-0.009420421482837726,0.0031667544245304047
2024-10-04,-0.001996030315693287,-0.001129433260519841,-0.005439840605162671,0.009087379907035231,-0.012300945157938892,0.005612126253534466
2024-10-07,-0.0033877625757333663,-0.004271293528426812,-0.005111177024134328,-0.009040457987704142,-0.0075354115327768145,0.0006976187343203932
2024-10-08,-0.007371925565205384,0.002397119676436077,0.0019827459634673694,0.009457650768306847,0.0016871259569262165,0.0
2024-10-09,-0.005446185963701722,-0.0006293234563349293,-0.0019788224612198313,0.006926352963365634,-0.005684620476535063,0.0045311450475145065
2024-10-10,0.007342892553628744,-0.0005038386911220272,-0.0010816582102688432,-0.001749953629888945,-0.003917568677318517,-0.00034699392106130045
2024-10-11,0.010913408354139564,0.002646407880917856,-0.00018032437337101026,0.005988159557293038,-0.004039116272006926,0.0006942287352735832
2024-10-14,-0.001629502157067031,0.00050244839000535,9.010483299798366e-05,0.008178343260802023,0.0007470354800129808,0.003121719011252244
2024-10-15,0.003468359323146597,-0.0002510980312011579,0.004872804269818731,-0.007769840472389267,0.012157582391600696,0.0006915881721456518
2024-10-16,0.005001609209081437,0.0017589641873763107,0.003143001552931457,0.004346605399983661,0.004214473898753068,0.002764369600211758
2024-10-17,0.00598831083503093,-0.0015051555753644585,-0.0074299863441597,8.578340628839776e-05,-0.01584327552746112,0.0031012803854546522
2024-10-18,0.010618185005034864,0.0023866857411964926,-0.0011723890892775257,0.0038465863373264852,0.0007466733354086763,-0.0027481550903897256
2024-10-21,-0.00019900127714245208,-0.004009775555188444,-0.010203124869953006,-0.0016423111557383185,-0.017471215219348135,0.004478076174163403
2024-10-22,0.01078732362833379,-0.0013841352902982385,-9.123181177372874e-05,-0.0005309858111394172,0.0009758330744358279,0.0010287734181688712
2024-10-23,-0.012050555849465017,-0.0030240696694651126,-0.003375512918777135,-0.009137424564856667,-0.0027078774327490285,0.0034258852257471606
2024-10-24,0.007693259346016168,0.002906721459456474,0.003020674279733626,0.002162726927777525,0.006408254058403173,-0.003755544123860366
2024-10-25,0.0020569789010425055,-0.0010079756122755024,-0.0023728120055711566,-0.0003451608301450193,-0.00561229360220683,0.0034269884311235455
2024-10-28,3.945407605776552e-05,0.0025229015193988236,-0.0008232656422710871,0.0030912110036382945,-0.002712991153408839,0.0
2024-10-29,0.010894858433216914,0.00025140395128264714,0.0011901329871852884,0.0016182856761448594,0.0015235002213720428,0.0003415425104607017
2024-10-30,0.005505891218995584,-0.0017610602497621919,-0.0012804737267902988,-0.0030252316580112737,0.002933861210044686,-0.002389981293013821
2024-10-31,-0.015495166963743978,-0.0027720378001341306,-0.0020142619937362216,-0.019603060676553374,0.0016251843300709723,-0.0006844171596314119
2024-11-01,-0.0041023758773532926,6.351535846582657e-05,-0.005478680850468209,0.0042204506992948865,-0.014098551010645166,0.004109597841857493
2024-11-04,0.0014259144001700363,0.002793867371740477,0.007406759642747618,-0.002153906914272974,0.015521897671286311,-0.0037517719142045047
2024-11-05,0.002254447895034817,0.002785559132969073,0.004778996886514175,0.012091818399094123,0.0053118781536141135,-0.004108120590407993
2024-11-06,-0.030386729020158154,0.001768018194651333,-0.010427088557057096,0.02486580114189274,-0.02738853369381522,0.016156706761030648
2024-11-07,0.016076503855530166,0.0042858374569605395,0.011831097321654438,0.007731849039205763,0.01252758103501117,-0.00811902783953622
2024-11-08,-0.006769426092267161,0.0016319141331080367,0.003471102240359736,0.004331846929586547,0.01270144198660983,0.006821320386064089
2024-11-11,-0.02347155656813127,-0.0011281615138781786,-0.0019117630627337734,0.0009526182513224235,-0.004865318402550112,0.005758738179687528
2024-11-12,-0.008631355179477884,-0.004014524759179405,-0.009029468377658945,-0.003106240673677374,-0.014993462524722223,0.004378599693808383
2024-11-13,-0.010081225320474285,0.0002521016642464957,-0.003773435843585582,0.0004858735997956831,-0.009486078310443902,0.005700872593544348
2024-11-14,-0.0026091417886487944,-0.0021408120424378785,-0.0002772571071539831,-0.006430017150249601,0.005790449144214449,0.0040013423503422185
2024-11-15,-0.0017720694429753658,-0.00012623717394255607,0.0004621231765589151,-0.012808708921050571,-0.002656970009843107,-0.0009963146218071595
2024-11-18,0.019020246289590537,0.0018932741058526048,0.0018472634552229028,0.00409727563891793,0.0017761523565649195,-0.004986678341222572
2024-11-19,0.008959325127211537,0.0015116527974183835,0.0021206270778806324,0.0036554831031749835,0.005097451759874305,-0.0003341939815604267
2024-11-20,0.005632045702723465,-0.00025144033963397927,-0.002392173993096769,0.00033879909560963206,-0.003197326363922559,0.005013414257545756
2024-11-21,0.008339500390982302,0.0003773595520777384,-0.0011989176231970156,0.0053683415882601615,-0.0007743089602288977,0.0033255578388811102
2024-11-22,0.012892210445830665,-0.00025140870630224743,0.000923328253852107,0.003099488375636561,0.0005535064137105472,0.00530326992272534
2024-11-25,-0.029458856541118794,0.0037738498570911716,0.012453957721901388,0.003392152270224491,0.0258877942928597,-0.006923818623914557
2024-11-26,0.0019383092584315254,-0.0018798826199382113,-0.002551117710993034,0.005221272422093026,-0.0038822687492203745,0.0013280696947759463
2024-11-27,0.002222714763140843,0.0030135395609338644,0.0036539129814932014,-0.003030060111948951,0.006928739518307525,-0.008620798665325391
2024-11-29,0.008624546377060671,0.0020030939472104325,0.006189089650579405,0.006212065548366841,0.0103213754549345,-0.0016721640158963158
2024-12-02,-0.008754403389975018,-0.00036406335674898926,0.0015703278115370978,0.0017925681578028207,0.0024029409917614153,0.006030094393484564
2024-12-03,0.002012776164397767,0.0,-0.003534580333646953,0.00046367958207294,-0.008629143898749803,-0.00033294384624005247
2024-12-04,0.003033679807253664,0.002385333387288302,0.004820476286426123,0.0062097066067945406,0.010745820009970597,-0.00033312340584379374
2024-12-05,-0.007397709454119217,-0.0008766777393133252,-0.00027157444109116025,-0.0016458046754880273,0.0020197747862960025,-0.005331544542539368
2024-12-06,0.0003705687954560499,0.001629751063817908,0.0022634662048059973,0.0018957391595642026,0.0014856211289329124,0.00268009566768157
2024-12-09,0.009919751769426055,-0.0012515592905967265,-0.0025294624050893333,-0.0051497285097474865,-0.009217087486741882,0.0016704877647946148
2024-12-10,0.01316431251835759,0.0005011064421980294,-0.0015395137334440756,-0.003109119192492127,-0.0047050458533074435,0.0023349064177402568
2024-12-11,0.009533812345188464,0.00025058260196830773,-0.0027211162248574894,0.007730767645118819,-0.009454141378535397,0.0033277712693038364
2024-12-12,-0.014663722649505995,-0.0027547890885248894,-0.005638905946157791,-0.005152695392551365,-0.012147378707610734,0.0033167339373989524
2024-12-13,-0.012091578404740733,-0.002887953092214124,-0.005579381811459783,-0.00019851903361634005,-0.010210982141461433,0.00033059058771600647
2024-12-16,0.002415209844427002,0.0018888711379017042,0.001287764375776268,0.004269880729197872,0.0029948354231377206,-0.0016523385420533776
2024-12-17,-0.0038386247250202787,-0.002136774497296434,9.189675953424903e-05,-0.004119951004549094,0.0024333575485169234,0.000993016674382341
2024-12-18,-0.01918507783771317,-0.010268055538250054,-0.012398151846966243,-0.029803473706515593,-0.012504329633506672,0.01157408796085968
2024-12-19,0.0014210967336203417,-0.0010236100692933014,-0.005413529642873671,-0.000306999319557244,-0.015141281907581128,0.0019614295542853544
2024-12-20,0.010434056495473909,0.0062748150557334625,0.003941450739288976,0.01201088957923413,0.005693982574108025,-0.004893941069314178
2024-12-23,-0.004708795377563968,-0.0026725268559831816,-0.0028975902105453644,0.005988428509658306,-0.009172048310975511,0.003666574067878292
2024-12-24,0.001992014086009908,0.003190030487629336,0.0030935952748345485,0.011114856046121169,0.004228519056884483,0.0027313151088974585
2024-12-26,0.006751179863859091,0.0025439092420636022,0.0009345779587306424,6.662663576362249e-05,-0.0005690277942337341,-0.0020429400902562955
2024-12-27,-0.0068705038771271765,-0.0034254799188614404,-0.004201560973845053,-0.010526616031051095,-0.008198940776313224,-0.0017059239823745687
2024-12-30,-0.0031896811646235923,0.0014003550740033788,0.0043129849478058535,-0.011411401661045484,0.00803700322434886,0.0010253439267113862
2024-12-31,0.006233636577161361,-0.00012698481541018047,-0.0025208219698779066,-0.0036382607509330978,-0.0053527591540138975,0.004438336544380528
2025-01-02,0.013587714119632333,0.002415728931190131,9.360532113378284e-05,-0.002456938338930126,0.002747945038884758,0.008497661071488194
2025-01-03,-0.007864039973028869,0.0015217948483239319,-0.0023396873738920076,0.012503472598431431,-0.003197380332655597,-0.003033391976163702
2025-01-06,-0.0012320959587239777,0.001773421997163016,-0.0025327307500272456,0.0057605614826703455,-0.004468000118531212,-0.006423260063379677
2025-01-07,0.005633435188264313,-0.0032870751334865833,-0.004608203977076286,-0.011304119376359778,-0.011277437974693827,0.003742763232691848
2025-01-08,0.005315681488123669,0.0012683010653187221,0.0016060198863072639,0.0014610443232185855,0.0012805544329888008,0.0037288071902383813
2025-01-10,0.009558310004399662,-0.005193831894792389,-0.005754172942237679,-0.015267376834053215,-0.006625751447866923,0.005065853564949707
2025-01-13,-0.009951255605703757,-0.00025449448539582864,-0.002846372032036082,0.001550440352794169,-0.00035104476598668555,0.003024218536972212
2025-01-14,0.005249423200524461,0.0012737364506205662,0.001142013836568978,0.0013759292368293874,-0.0016386898706083342,-0.006365160169434558
2025-01-15,0.007488993695735191,0.008777329918629118,0.011974628497925188,0.018189978739041157,0.01723528868789681,-0.001685793361994925
2025-01-16,0.006910965874952435,0.0011349840983299053,0.0019724335357365064,-0.0019230696913771217,0.0032274171356541093,0.0
2025-01-17,-0.005307269747253374,0.0008815465470832784,0.0008434051962777911,0.01003995258521706,0.0017232691231814368,0.003714954839920015
2025-01-21,0.01548521901629396,0.0026428263576285804,0.005806412792990878,0.009153376170737193,0.008945879535981804,-0.012786005148250346
2025-01-22,0.005135652699768123,-0.0013804632184423182,-0.00316561032337237,0.005621570715055313,-0.00522892197315139,0.0017041797076291498
2025-01-23,-0.0014148699521492336,0.0012569262884989385,-0.0014012696018286253,0.005458021479211039,-0.007770705575351644,-0.00034026950687227053
2025-01-24,0.006218705580030903,0.0011295459023694665,0.0019644245796559545,-0.0029192782547332596,0.00449148531390664,-0.006126600247440717
2025-01-27,-0.0104048052682425,0.0007523180878203917,0.006907932933161165,-0.014145367696859479,0.01180933153656838,0.00034241603866180803
2025-01-28,0.008656417783572623,-0.0003757735108137483,-0.0013907270148199036,0.008592344588856049,-0.0006799844517587639,0.0041081937115605704
2025-01-29,-0.0038404097330004827,-0.0006266274092544544,-0.0012997396399082595,-0.0044828171819780716,-0.002040884575806534,0.0020457263794730896
2025-01-30,0.01514551884715587,0.0018813695251052032,0.0022311320432626403,0.0053669749643716624,0.003749517713797612,0.0
2025-01-31,0.0019763991077348386,-0.002002984662742957,-0.0032463349021206733,-0.005321949711351581,-0.006565695724393805,0.00408303273956423
2025-02-03,0.005337271410283728,-0.001259958641919301,0.0015783534602882288,-0.006729546139925269,0.008142202245523755,0.0044052483588601365
2025-02-04,0.00984841707528572,0.0031539733513406,0.001958189786995135,0.006708326846265988,0.0030625013490943598,-0.009109254016368307
2025-02-05,0.006209542410714253,0.0026412502629802326,0.006979973975261844,0.004054603016241831,0.016510260585195224,-0.0017024388818800418
2025-02-06,-0.0026502562908058414,-0.0015054708879657097,-0.0018484987683612397,0.003475511193955949,-0.0004451077141910398,-0.0006821637588595442
2025-02-07,0.0017841598670260694,-0.003140605209043801,-0.004351856699107759,-0.00915358332287397,-0.006455014539689663,0.004436889294068269
2025-02-10,0.016938239196991,0.0020164144511038984,0.00027912589318224157,0.006791398963047035,-0.003024601567860219,0.003058129186052305
2025-02-11,-0.0036516022155236305,-0.0003773361342113146,-0.0022314119971051927,0.0007605318665822036,-0.006404521173876243,-0.0033875765650903666
2025-02-12,0.0010471549570203464,-0.002139045232923298,-0.0054043704380929425,-0.0032215948434023423,-0.01356997395491888,0.0006798450677341084
2025-02-13,0.009862831092105617,0.004539247070483032,0.007776021292211555,0.0105575681694563,0.016622693260152976,-0.008152196307170456
2025-02-14,-0.014871773334245608,0.0011297350886496638,0.0039043648184895474,-4.9152155779053075e-05,0.0052999959798440965,-0.0027397336153182072
2025-02-18,0.01656090548123368,-0.0008777936427515343,-0.004074322348247894,0.0029357669585812207,-0.011777931911918782,0.0020604791509841736
2025-02-19,0.000554096378723612,0.0007529677686768377,0.0005578487259325637,0.0023550445617528393,0.0012485287702990178,0.001028019757339127
2025-02-20,0.0005168326664386491,0.0006271033965132844,0.002416096367626963,-0.0041603636211549055,0.0037411887495262253,-0.007873953537306244
2025-02-21,-0.0009225433005247696,-0.0018797219394670606,0.0035228098020450016,-0.01710428393811314,0.012084887220929375,0.0034506311046857974
2025-02-24,0.005429568123388684,0.0012553713041472125,0.0025866579830560177,-0.004550377252572457,0.002901568183716119,0.0006877937367630871
2025-02-25,-0.013188334192659745,0.0025079017484781474,0.007647398173573183,-0.004973156979543036,0.01724700189072137,-0.00378012994298349
2025-02-26,0.0015263333689308212,0.0013759515125919553,0.0021032730605874406,0.0005048550487694037,0.005906851396045187,0.0020697190287868317
2025-02-27,-0.015239958822878874,-0.00187351542792491,-0.004197497015731355,-0.015961929079130965,-0.007068549342979846,0.007228884739607366
2025-02-28,-0.006265820058134697,0.0027529735680007494,0.004398472222908012,0.015605608485163236,0.012266210805767619,0.004442954778288044
2025-03-03,0.013180390342641513,-0.0020814502135040325,0.0031593797346396446,-0.017519976873326182,0.004666686357326366,-0.009527009278015197
2025-03-04,0.008697635934455272,-0.00012557629821896565,-0.003286424809830324,-0.011836999522790603,-0.01231498214455562,-0.008931696851646964
2025-03-05,0.0020813110966888537,0.0005026746005456495,-0.0032055318135933986,0.010747916704906713,-0.007984118607583746,-0.012131732478756652
2025-03-06,-0.005081207410422395,-0.0037678081468300872,-0.0031244050636564102,-0.017751102879487224,-0.003307689130701119,-0.0007017217479134974
2025-03-07,0.0005219558189655249,0.0016387655486551633,-0.0015668033828655226,0.005604862997103277,-0.003207987961744263,-0.0031601384288568735
2025-03-10,-0.008755937163287819,-0.00377597272463126,0.0034156747213147653,-0.026635663385389252,0.010431734045943664,0.0007045101153480005
2025-03-11,0.011727541035094546,-0.003537530645920217,-0.0065322567031814716,-0.008312738437421197,-0.007138950147874246,-0.005631835324568568
2025-03-12,0.004346793335703092,0.0011409161224718023,-0.00296342893190793,0.005306441097902237,-0.005973351325195386,0.002477865527757084
2025-03-13,0.017756144523255468,-0.005572221692240142,0.003158062219690061,-0.013330418660348009,0.008791316855463416,0.00353111810892881
2025-03-14,0.00039975774946587883,0.004584731167706746,-0.00046306359372072503,0.02065582868057092,-0.0052951693334561956,-0.001055649599290387
2025-03-17,0.0054135329342379634,0.0024087648011092977,0.002038067478588479,0.007711215109664327,0.004990741890621431,-0.0038745277211529316
2025-03-18,0.011671955843306048,-0.0017704520715974281,0.0024035983091039714,-0.010808446655089399,0.0009929796287253545,-0.000707250376537627
2025-03-19,0.004107707999658539,0.006587966175328974,0.00590226046423159,0.010890895685803592,0.005181367267160786,0.0024769886719366863
2025-03-20,-0.0012805854303336028,-0.0013843869664303954,-0.0014666499477681283,-0.002891692811274549,0.0006581256350162157,0.0028238694461335534
2025-03-21,-0.008049901213267985,-0.0015126877840065944,-0.0013772889741624494,0.000329920251935123,-0.005918357840146382,0.0031678552980187735
2025-03-24,-0.004452548665506595,0.00290338585091221,-0.004321585036931697,0.01790833431211336,-0.010253650980684204,0.0017544081850142668
2025-03-25,0.004400365088198743,-0.000503497121434493,0.0010157602276119615,0.0024039896226795143,-0.00011145501671072644,-0.001050773740895461
2025-03-26,-0.0008259812019960622,-0.00402969909001516,-0.004058991934345446,-0.01193834026356333,-0.006572922846607376,0.004558165507483336
2025-03-27,0.013405732882559862,-0.0018964773439330562,-0.0012042481975794717,-0.0026558606726869716,-0.002915713074157278,-0.0031413184339357247
2025-03-28,0.007412123023167849,-0.0017734705116394522,0.006028129288624173,-0.02013817945562557,0.013834005260785931,-0.0017507223827670781
2025-03-31,0.014363222998346137,0.0011421357877359206,0.001935714971528224,0.006712994647558368,0.009873452161663465,0.0010523171837584222
2025-04-01,-0.0019782303576065807,0.0023183337578667196,0.0035742536677785264,0.002824358079869027,0.008665574812388499,0.0010510727500887551
2025-04-02,0.0020516615880092903,0.0020331500569559235,0.002301020015796462,0.00632832407041195,-0.0006558132751496304,-0.004200152786805744
2025-04-03,-0.006038278082531101,-0.012428584174529966,-9.204348556368647e-05,-0.049280806450378245,0.004593618307479286,-0.017574706211760494
2025-04-04,-0.02339226273628292,-0.014254503131373775,-0.0011020583580100274,-0.058542901454432195,0.010887352720774457,0.011091247426236572
2025-04-07,-0.02148580630415131,-0.008598339052039994,-0.019488707929186444,-0.001781254190373338,-0.030155973664836133,0.004246226410221654
2025-04-08,0.005443793790763651,-0.004599235929444001,-0.01265701827121024,-0.015662775875483148,-0.01887853937185846,-0.004580651394121893
2025-04-09,0.03699125081478161,0.026798673047221833,0.016712588004318407,0.1050193499563612,0.0058856866571241895,0.001415933133379843
2025-04-10,0.0244235794430141,-0.01632804043137781,-0.016998203975167825,-0.04381899412347667,-0.027568236964103376,-0.02085539659202096
2025-04-11,0.019086664805096243,0.0030061467314139723,-0.0001901851711985092,0.01784282319934194,0.005438295095825607,-0.009025242094572783
2025-04-14,-0.005705977012200658,0.004951708930726051,0.006177036308917083,0.009701320140789838,0.007135624130065077,-0.0032787153828145454
2025-04-15,0.005232379352138938,0.0027230645454374702,0.005383503584554861,-0.0028008096342629907,0.0035423971660821785,0.005482453136438137
2025-04-16,0.0325408102664011,-0.0001294570260709227,0.004227253983130286,-0.02222803272207108,0.005579642867619361,-0.00836060115105608
2025-04-17,-0.004390692094044635,0.005820045449691946,-0.0014032527241357728,0.0014268092873082061,-0.008832483467880903,0.0007331036916207179
2025-04-21,0.03093558529908469,-0.005914781192607466,-0.01077264101329889,-0.02380270230206527,-0.017479777879000125,-0.009523799890161944
2025-04-22,-0.014195668551963636,0.0038806361059295913,0.0024620208251817655,0.026017879051356108,0.005581521043080961,0.005547334418494199
2025-04-23,-0.023978630729734163,0.005025085836142917,0.004439979082564216,0.015495236846295724,0.009713100179579826,0.009194600471888581
2025-04-24,0.014556277018207942,0.008974094213941797,0.010250955040906007,0.021049019601060648,0.010535869689912936,-0.004373261671975048
2025-04-25,-0.010841679678267213,0.0008896022877717957,0.005306324361763259,0.0072253777163768795,0.007366483669790647,0.002562214640636551
2025-04-28,0.01424210344049559,0.0005077456881910081,0.0023149263601836,0.0003814141653319947,0.006299808169571541,-0.006206608293270244
2025-04-29,-0.009738925467677184,0.002664671190143464,0.002309653589567251,0.006299227600181201,0.008384666433595811,0.003306419699212082
2025-04-30,-0.007482221012837353,-0.00531497450934626,-0.004700841905269981,0.00039692408336877705,-0.008093011271663286,0.0036616363976351707
2025-05-01,-0.02077228754256477,0.0012915538203150945,-0.0035146946626104514,0.007086914929300692,-0.005070786789389881,0.005837301939688899
2025-05-02,0.0017481999132260562,0.0030650505634191028,-0.0024259647207792723,0.014844239670051884,-0.010824023691573759,-0.0014508563980556444
2025-05-05,0.029867754776654154,-0.00038197339604972846,-0.0014030844510359852,-0.005734511693465172,-0.005585450600894437,-0.0018162234631939889
2025-05-06,0.02802400275899264,-0.0007644436556351053,0.0019668548289879517,-0.008358212160090583,0.003324095383156367,-0.006186280805252298
2025-05-07,-0.014993060801348546,0.0008926015900900808,0.002056777675836008,0.004205436907619653,0.004227098751534264,0.007323345021169159
2025-05-08,-0.0196942722998793,-0.00025491868575477916,-0.005037687545011105,0.006967790512363292,-0.0111490277879982,0.0083605294502469
2025-05-09,0.007254674259445482,0.0006370492730352062,-0.0003750679959816372,-0.0012741154091596707,0.0014957459325464217,-0.0028838591278510517
2025-05-12,-0.028190568373488878,0.009929941539598142,-0.00018767892691495813,0.03304739833427317,-0.009305124843035584,0.014099732651400743
2025-05-13,0.004258992599597278,0.0017647913080023336,0.0008444526812285691,0.006603834423700716,-0.004058406780713675,-0.008556173649103216
2025-05-14,-0.021037827999516923,-0.0036490978287432307,-0.00506191948618806,0.0012779544649297314,-0.006636391156190746,0.002157538849565599
2025-05-15,0.015963953531585195,0.0018943281109593535,0.0071603092163115,0.004884447976478912,0.008790533300487402,-0.002511650568030266
2025-05-16,-0.012087047232674286,0.0011346101111324725,0.0018710287765579814,0.006334078244299102,0.0026723257746537055,0.002877634851927713
2025-05-19,0.012880671121226372,-0.0005037559345548726,9.315034696100177e-05,0.001093917986384696,-0.002897056388873498,-0.006814851939835109
2025-05-20,0.0186222454642182,-0.0005040098324990971,-0.0024273238921076468,-0.0033623352652387695,-0.007205183255022618,-0.0028891376246883427
2025-05-21,0.007378683875855163,-0.006679951465732081,-0.011137090563239305,-0.01685069102724135,-0.01708981627215045,-0.004346263390119787
2025-05-22,-0.008861493387459118,0.0020301099803685663,0.005110710493335224,0.0003946470773714683,0.0052398397784372275,0.0029101572366034834
2025-05-23,0.021906288045034472,-0.0002533642328350627,0.0007533146142435498,-0.006825781018315102,0.001658839403616108,-0.0072542104455078915
2025-05-27,-0.016949152542372836,0.006080040793113861,0.009032746313900608,0.020790667721467315,0.013955967364241095,0.00548044994374397
2025-05-28,-0.0022660178699712707,-0.0006295903196233965,-0.00242445527959656,-0.005785518908830278,-0.004315758827302951,0.0032703039883990037
2025-05-29,0.0059247154716217665,0.0015117254497398758,0.004486784042439185,0.0039473827948730555,0.009254852895725474,-0.005432882818489304
2025-05-30,-0.006576942326457891,0.0008805087581831295,0.0028847929239905756,-0.0011183521919033712,0.0015090224043707856,-0.00036404138808665554
2025-06-02,0.026581051258171673,-0.00017673546542895657,-0.0028312049936841666,0.005632901136813695,-0.009306751928748858,-0.006921748443170728
2025-06-03,-0.008855551213511115,0.0018942757115669728,0.0004669813211910512,0.005702485631296383,-0.0017613102080411558,0.006603136012040434
2025-06-04,0.006441974072654677,0.0018908960832793031,0.007281597006444596,-0.0002683402981673577,0.016233184783613908,-0.004373261671975048
2025-06-05,-0.00504987891618125,-0.0021390851650671117,-0.003058529799048526,-0.004832872149647116,0.0006945483044187295,-0.0007320303832679675
2025-06-06,-0.013416073696802311,-0.00012589635529547394,-0.0060425400889170255,0.010268979858962801,-0.012723876199242312,0.005128255519592395
2025-06-09,0.004718534884218695,0.0005043556334252131,0.0029930068603969406,0.0009012828881442836,0.0010543777687039846,-0.002551009405553306
2025-06-10,0.000293510988597534,0.002394860042986391,0.0024244090212210967,0.005669767615193333,0.005149677084224313,0.0010960035076723607
2025-06-11,0.005412290790508978,-0.0002514988495789794,0.003162741653782053,-0.0028520166647609813,0.003027643901583277,-0.003649609288726041
2025-06-12,0.0124202002480438,0.0011320295272294612,0.0055639109451097735,0.003974123438458488,0.011957297754746188,-0.007325955452520461
2025-06-13,0.013100564311248064,-0.0030152313695920308,-0.005994060643951249,-0.011179963287322514,-0.009636212344879769,0.0025830146841270274
2025-06-16,-0.01425909653729851,0.0020160991296831465,-0.0017626462280333488,0.009514299887150468,-0.010077808783175213,0.0011041438754135768
2025-06-17,0.0005131941200071655,-0.0011315851929690757,0.0034384044001682934,-0.008545236528975764,0.012169351528380945,0.006617629035970518
2025-06-18,-0.005385627565021256,0.001510590311677662,0.0007411034394226856,-0.00015063576973428638,0.0017342083208136128,0.00182617355009973
2025-06-20,-0.00041901914110908933,0.0031429454889950748,0.0008328398990271602,-0.002348536060589046,-0.0018464187799127618,-0.0010937499775282022
2025-06-23,0.0030631724583116693,0.0018795579807815432,0.0024969532380634263,0.009877480504495662,0.003237049923833668,-0.004014519825534024
2025-06-24,-0.015719378751237634,0.0027515534699629196,0.004704216480311496,0.011047208993087754,0.0072609566714836316,-0.0051301344169375485
2025-06-25,0.003037305817845004,-0.00024939127853629284,-0.001193471008972713,0.0005603646306042709,0.0012583667302039636,-0.0025782578785328303
2025-06-26,-0.0011070472235482631,0.002869564296562155,0.003676785616913314,0.007823779874487347,0.005028136084907819,-0.004062104277526624
2025-06-27,-0.018123728993798327,-0.0004978778926078009,-0.0016484343464200357,0.0049683317640052405,-0.006367347791168654,0.0018540084283882319
2025-06-30,0.01198454729743359,0.003858930905014324,0.005503974988100957,0.004781306168960997,0.009841062715191251,-0.005181397834948531
2025-07-01,0.008923010663382636,-0.001258398382022352,0.0012087913358369562,-0.0003236793082248557,0.0024793057764407322,-0.000371969810933126
2025-07-02,0.005527596405484614,0.0018711382858969117,-0.0001829509490102188,0.0045332765158159205,-0.006353543524041605,-0.0007443632651296106
2025-07-03,-0.006822911403597365,0.0006225148149894277,-0.0023784366243726485,0.007881385954874975,-0.006964879306105787,0.00484167155136328
2025-07-07,0.000748780548875283,-0.003359429173695805,-0.005959905903381912,-0.0074520170832973465,-0.009543663220565546,0.0033358319661280778
2025-07-08,-0.010443411868664265,-0.0013732144580519412,-0.0028596659358154364,-0.0005477162177452977,-0.0012771558139249573,0.0007388637601535297
2025-07-09,0.004471282664348264,0.00275030516880026,0.005735442163755877,0.005996626767211355,0.010461810801201565,0.0
2025-07-10,0.0022257895319868215,-0.0009975485542351725,0.0001840668778259058,0.0028203102183428364,0.0006900273043939364,0.0018456499839993867
2025-07-11,0.009601575193336043,-0.0012478824438445502,-0.006069533270968153,-0.0035154238705955576,-0.01379465673301472,0.002947686950965256
2025-07-14,-0.0036553174266280575,0.0007497446247721751,-0.0002775161942856208,0.0019081172266208757,-0.0020980497147682353,0.00257170002422491
2025-07-15,-0.004155705135267751,-0.002996731715593115,-0.0036093692864159754,-0.00427316705062708,-0.007008601846996143,0.005496515799067847
2025-07-16,0.004988096125243757,0.0026299718179521037,0.001578946403997472,0.0033431911185151097,0.0014115024693639455,-0.003644360765406307
2025-07-17,-0.0021735334020257513,0.000999218582797834,0.0024111555976198407,0.006119689977517551,-0.0002348724971255045,0.0043891134172706625
2025-07-18,0.002600924347578637,0.0013726286529842646,0.0018504478650349654,-0.0007324129021104575,0.00152744692001483,-0.0014565965405723968
2025-07-21,0.015370115792427752,0.001370747126202776,0.003878274840284135,0.001896175165666536,0.00891594985748645,-0.006564533635043168
2025-07-22,0.009484882235462067,0.0017421540589006579,0.0023917103055137723,0.0001431211632245688,0.0060465587222764405,-0.005139478670504571
2025-07-23,-0.01240118112003663,0.0004968784962291473,-0.0015599651335989062,0.008507541122114937,-0.005547928221621756,-0.0014760915744503889
2025-07-24,-0.006118276977772341,-0.0012415298513369644,-0.0014706542572855419,0.00033105252282705777,-0.00174314199901493,0.0025868330866507527
2025-07-25,-0.0092499926477293,0.0006215861185572269,0.003221726238034739,0.004224349640319147,0.006287003712217576,0.0022116164866960997
2025-07-28,-0.00647361832754334,-0.0004970392008480928,-0.0020185610599153803,-0.0002511001451916961,-0.006479155240369794,0.011401263960131747
2025-07-29,0.002750389076383808,0.0006215089035559451,0.006619298010532404,-0.0026377452404861,0.01688577991628848,0.0025454436429681593
2025-07-30,-0.017273497289540862,-0.0021117583588495803,-0.0037444561976461843,-0.0012592342390789213,-0.0051531306020389245,0.009793262800682934
2025-07-31,0.0066454015709211944,0.0006224373073484557,0.00027497203257365044,-0.0037511295105476794,0.0005753744632706059,0.0021551429434798486
2025-08-01,0.020299689958884537,4.997023598241057e-05,0.008871105678915026,-0.016390562686528054,0.01421656230824686,-0.011827936996003374
2025-08-04,0.005823229257701401,0.0033757966582685928,0.001733157291138987,0.015199814188961769,0.0027328278711222787,-0.0003627319857064659
2025-08-05,0.0008040912066364925,-0.0004983914918524901,0.0007286460444044796,-0.005069966572431306,0.003066052361664351,0.0
2025-08-06,-0.00212110700071233,0.000997477735684038,-0.0002731684573383797,0.007659680244984202,-0.005773729681174622,-0.005805531444171397
2025-08-07,0.008437987494967825,-0.0009964837653141378,-0.0010010568499434491,-0.0008376240775045396,-0.0017081068912910835,-0.0007298930622796629
2025-08-08,-0.00022357985855403495,0.00012456114439651778,-0.0031888347821853458,0.007797573458693252,-0.004334440798701489,0.00182617355009973
2025-08-11,-0.014374701087597641,0.0,0.0015537620637258165,-0.0019774432364148,0.0011455320828197557,0.00401020085449133
2025-08-12,-0.0009074665058316222,0.0022438971158196264,0.00091262306515838,0.010646114455700184,-0.005034807669933361,-0.005083564716449662
2025-08-13,0.0030492830145867345,0.0026120681790724465,0.005288100859483835,0.0034230513551560815,0.008280606402850887,-0.0025547337009745874
2025-08-14,-0.006338706734070332,-0.002605263054350049,-0.0034464371717133346,9.296545483872265e-05,-0.007414132596496925,0.00365902912240168
2025-08-15,0.0005858183101099534,0.0007463897292512289,-0.0012741124019758354,-0.002341194642022759,-0.007124768598069542,-0.003281106112732024
2025-08-18,-0.0015612675411803556,-0.0007458330471251662,-0.0018224416994827575,-0.00021763143719111255,-0.0028936029348907155,0.0025603402089569016
2025-08-19,-0.005473279447945512,-0.00024882945122894906,0.0015518463025019358,-0.005425130066677664,0.0058039091359649575,0.0025538016080142167
2025-08-20,0.010122175284489776,-0.00037318910062911215,0.00045587830141058383,-0.0026570836306466505,0.002192641014338692,-0.0007278399647880907
2025-08-21,-0.0034698951143765644,-0.0018668394852587866,-0.0038266590196495143,-0.004011822287558586,-0.004951602776589237,0.00509837521748735
2025-08-22,0.01070642694476942,0.008104801027302821,0.007865354933224822,0.01535688655115064,0.007406577570469475,-0.009782618095117046
2025-08-25,-0.0024148368614391735,-0.0019788694365935333,-0.0026314672824514496,-0.0044011570576184544,-0.0028718160535744497,0.008049748592409145
2025-08-26,0.007262047243691283,0.0022307282521929483,0.0007277633197562139,0.004187036349890816,-0.000575999322162013,-0.002540824086737392
2025-08-27,0.0020187288833615202,0.001236426153835124,0.0003638313874452237,0.0022785132820093423,-0.0011528437279929582,0.0003639199823939343
2025-08-28,0.007419038046796889,0.0004940576469791846,0.0015448639078392556,0.003541362732142783,0.006578104402901186,-0.0036377324222427454
2025-08-29,0.00964990177666114,-0.001851532104642728,-0.0036295977490004017,-0.0059636816039791984,-0.007108431553306649,-0.0007300875428111198
2025-09-02,0.023642559312442524,-0.0010810505489194933,-0.0033451384693786723,-0.007410295555874247,-0.007441682038987096,0.006576453451416553
2025-09-03,0.007831992196408066,0.002736572769510559,0.005960608948892165,0.0054195597134076845,0.010977552273133462,-0.00181483343526323
2025-09-04,-0.004418882618094533,0.0027292022783655945,0.006836796897794484,0.008357360441814565,0.007623850728192716,0.0014545494712510099
2025-09-05,0.01334594055214322,0.0004949123807862499,0.006518734910500035,-0.002896148488535144,0.015247017202989488,-0.005083564716449662
2025-09-08,0.011388067271604019,0.0,0.00350813643346104,0.002456541908713472,0.013324342486902507,-0.0032846267632543613
2025-09-09,-0.002269905468609168,-0.001112977621586797,-0.0017926884957162326,0.0023119206976098816,-0.005682858450498873,0.004027821705168355
2025-09-10,0.0035922056391106683,0.0007427792488012841,0.0029633150083252513,0.0028908542790047065,0.005715337906819995,0.0007294325906452848
2025-09-11,-0.0014913797811720864,0.0024741582063290135,0.004655901459049261,0.008310264731785644,0.006685956978238039,-0.0032799103121219364
2025-09-12,0.0019715725978484144,-0.0009871623129728002,-0.0017824432377080424,-0.00033461291182779185,-0.004316995704406024,0.001462454766168797
2025-09-15,0.01040483601055886,0.002840810781804315,0.0031246882111277685,0.005323858293106998,0.0023346347521016053,-0.0032858260323378463
2025-09-16,0.0020064107533963593,-0.0007390282541495097,-0.000890066784979826,-0.0013767927852816886,0.0021074596030450365,-0.006227141612234699
2025-09-17,-0.007715171664187115,-0.000985872788267117,-0.0017815798953961792,-0.0012424352925486382,-0.002545742842025911,0.003317388377493291
2025-09-18,-0.0040063094596702875,0.002220719261046833,-0.0020524246047747274,0.004672445142330339,-0.010319531195238651,0.004775931513894216
2025-09-19,0.010607227252210416,0.00036908926470990977,-0.0008048566195517637,0.004952874775332017,-0.001906055125873496,0.002925053772870889
2025-09-22,0.01730643093326134,0.0007386831239750702,-0.0022373034501024236,0.004731007968096224,-0.0035947253795473033,-0.003645689438574795
2025-09-23,0.004086375052867464,-0.0007381378739843569,0.001973286732709356,-0.0054434748398075605,0.006989912735298587,-0.0007317625206523237
2025-09-24,-0.009063049726670935,-0.0013534430733258551,-0.004028185450341892,-0.003181633452613686,-0.003806474239980262,0.007323345021169159
2025-09-25,0.004165188877066628,-0.0028344513528753,-0.0017977331949956543,-0.0046134974884720625,0.0,0.006906580442141541
2025-09-26,0.00577227044053652,0.0019774479647187704,0.0013507281450704234,0.005729144366994232,-0.0008992392007063366,-0.003610153805027938
2025-09-29,0.016496514338703028,0.0017267062076549156,0.003327020128665481,0.0028103664411398555,0.00821146826694874,-0.0021738833691347104
2025-09-30,0.008540004081594166,-0.00036942620201496634,-0.0009858474807056261,0.0037668667591119753,-0.002900765945435757,-0.001089309716844622
2025-10-01,0.0015753722020723782,0.0018684205052297287,0.004015711000327826,0.0034075694259330103,0.002582592645890891,-0.00036352310243092933
2025-10-02,-0.003482825151325697,-0.0003704258519600101,0.001614260747090146,0.001151711603039951,0.0029118448600229385,0.0014545494712510099
2025-10-03,0.008032937892485048,-0.0011120775818243,-0.0012535436903954311,-1.4767362221612679e-05,-0.0018984277561741036,-0.0018155639432109183
2025-10-06,0.01884573861512795,0.00024747905610111864,-0.003227154009008748,0.003586228910336109,-0.007943459339974979,0.004729023447724856
2025-10-07,0.005159462258136571,-0.0011130402210848267,0.0018885954644936032,-0.003707492250961897,0.005751629203074815,0.005792919620490888
2025-10-08,0.01649095687844504,-0.0014856748636981054,-0.0012566669153243337,0.005963052412792269,0.0007848612484619988,0.002159797616071435
2025-10-09,-0.018452848086064955,-0.0028519832108638843,-0.0019773873015476173,-0.0028970083792374535,-0.0007842457243837364,0.006824713788897485
2025-10-10,0.010097700011942212,-0.005844324487569219,0.002791676115256214,-0.02702782789908964,0.01614707913182256,-0.004994697571579221
2025-10-13,0.02430104394061705,0.0062538850375690735,0.003412695198106608,0.015344074693208754,-0.0005518542898084178,0.0035855599631471335
2025-10-14,0.007141189222626965,0.001118810465950082,0.0033115565908272693,-0.0012216548034567065,0.003202022670988791,-0.0028581715355346926
2025-10-15,0.017332403569977117,0.0032282361284885486,0.0,0.004439615866679292,-0.0022012430670287353,-0.002866364095803764
2025-10-16,0.02338727694573084,-0.003589104675868482,0.0028545845002951875,-0.006810260525524803,0.00750056529141685,-0.0039525624465105436
2025-10-17,-0.01881705572696646,0.0026083517207413642,-0.0019569145633340224,0.005676300358907982,-0.0015327727969208782,0.001082236296251482
2025-10-20,0.03640197438905224,0.001982094492649855,0.003030353608481251,0.010400475399621634,0.0038377289580937557,0.002522511789977644
2025-10-21,-0.06426889260666147,-0.0014835573366358545,0.0001775666422654254,-1.4995920012528252e-05,0.0049153834742947655,0.003954054185318245
2025-10-22,0.00010605594835544352,-0.0009907022217173767,0.0009773790035088048,-0.005198815962920711,0.0006521052715473541,-0.0010741697624672142
2025-10-23,0.004002358382396931,0.002231144506937177,-0.0012425712012966716,0.005929891190499692,-0.006843278723862367,0.0003584416146331648
2025-10-24,-0.0033528327110016187,0.0027207218111489073,0.0016883852078344308,0.008172571104630766,0.00043741867186475325,0.0
2025-10-27,-0.027839530498784404,0.0024666899495124905,0.0016856778164424657,0.011797712023148943,0.0033891734235658166,-0.0010749395408347073
2025-10-28,-0.007166030388359279,-0.000984267472583733,8.852693665284406e-05,0.002655998956591077,0.0026148434820780775,-0.0007172560209921519
2025-10-29,-0.0037872684129753864,-0.003078854187988478,-0.005667710077212007,0.0004802976988058649,-0.010106495298546458,0.005742945572112079
2025-10-30,0.01964188672951095,-0.0018529400577385058,-0.005343782482603698,-0.010998144919191377,-0.005818308931883065,0.003925760626240615
2025-10-31,-0.005430550723012573,0.0,-0.004029403867475967,0.0032802806107155025,-0.0029816086043289447,0.002843946782195239
2025-11-03,0.0017929035935666526,-0.0031099417032964816,-0.00268883584190327,0.0018766870879645126,-0.0025008445004660596,0.0007089354605824827
2025-11-04,-0.017517195825319742,0.00012482085038700852,0.001357011013721321,-0.011853539942447533,0.0022287482278406934,0.003188124202409881
2025-11-05,0.011564369498527016,0.000998247168455979,-0.002981420613942354,0.003465389196996238,-0.010896260835509097,0.00035312574090240467
2025-11-06,-0.0012005195756799036,0.00037394502258125684,0.0052559684833528575,-0.010729333212666003,0.008992897525229804,-0.005294737805135341
2025-11-07,0.006119021470095687,0.0008721473129547075,-0.0019832508970430984,0.0009845075813768034,-0.002116721999889659,-0.0007097601682594101
2025-11-10,0.02734111859838051,0.0033611210261377256,0.0005419359170082405,0.015604434791510524,-0.00022335854895738638,0.0007102642855580932
2025-11-11,0.003937814406542062,0.0011166852182951104,0.003972161111691408,0.0022891497024457585,0.004578484499150992,-0.0014194503404468817
2025-11-12,0.016110762091908537,-0.001982939207136214,-0.0009890239800738332,0.0005563986064420767,0.0017785171202036043,0.00035531443925962414
2025-11-13,-0.008083098515826892,-0.004097974468303178,-0.004950575422254189,-0.016594021470737852,-0.008211415532124011,-0.0028418562393659474
2025-11-14,-0.018047911171504505,0.0002494549263694079,-0.0027136014340136683,-0.00016358609958400105,-0.005705838730031498,0.0014250128366397607
2025-11-17,-0.011463979297139493,-0.001620662965717723,0.0006348142516010569,-0.009316523930962162,0.002475509683436572,0.002490206320554522
2025-11-18,0.007264932736103624,0.00024979755176923746,0.00045329203339261603,-0.00839746055820656,-0.00033666849468616533,0.0010645702563172321
2025-11-19,0.0016294519610446923,0.0004992752314707527,9.051871095722142e-05,0.003863199783587179,-0.0020211276302084524,0.0063806988317842706
2025-11-20,-0.0002933255655774847,-0.0006238313521959027,0.0013589960587423455,-0.015242336682765423,0.00393780799377641,0.0007045101153480005
2025-11-21,-0.0015473311468576778,0.0033707725946596767,0.003528425589378603,0.009961222976632822,0.003025959367355835,-0.0007040141302717684
2025-11-24,0.01584423909859023,0.002737422171330328,0.003966929705753186,0.014718507062180475,0.005698448076498108,0.0
2025-11-25,-0.00031569077041548876,0.0034744013932903606,0.0027835771878204074,0.00940589965210692,0.002555203350268709,-0.0028179015047613554
2025-11-26,0.007998338908444147,0.0009891662331735773,0.003403010171991294,0.006903575013019525,0.004432539662716062,-0.002825864512623677
2025-11-28,0.012424331348639184,0.0004940943751150506,-0.0016955957114758169,0.005458406338614941,-0.004744061712247505,-0.0007084332271464211
2025-12-01,0.004821066034977672,-0.0017986265787797162,-0.00535697145466929,-0.004565415602551193,-0.012448807396393646,-0.0003544327694736671
2025-12-02,-0.006440050713598433,0.0018641208264269515,0.0006314929010680093,0.0018522092741120044,0.0004507095534633798,-0.00035462838302890987
2025-12-03,-0.0009296182229129313,0.0008682851305954475,0.002253908462335197,0.0034627677932603795,0.0028150116162832806,-0.004966348731344494
2025-12-04,0.0006461951944911615,0.0007435574262906197,-0.0017990021492010344,0.0007310561539983773,-0.005389685159356117,0.0021390785725139416
2025-12-05,-0.0017823532991587676,0.0,-0.0009912728065689658,0.0018995368427094927,-0.004628501507554783,-0.001067291426274597
2025-12-08,-0.002639449868615862,-0.0024766831981175574,-0.002074787806586542,-0.0030042775146746914,-0.003289133596797833,0.0014245756724340364
2025-12-09,0.005137202012788666,-0.0011175160010387097,-0.0012654274071565164,-0.0008631449669616043,0.0010241462686388925,0.00142240885268885
2025-12-10,0.004259147967166088,0.0033558153270007995,0.0046158673779930215,0.00663226800901473,0.00386490170075926,-0.00532670195853624
2025-12-11,0.010769830543307712,-0.00012381665961347377,-0.00144153144415049,0.002326948130527251,-0.0013587331867401797,-0.0035701282998352735
2025-12-12,0.005594579039939429,-0.0018583471869371149,-0.0060446947504276816,-0.010752057995096265,-0.009638413494639564,0.001433182047901882
2025-12-15,0.0009103412637567754,0.0004965398136012045,0.001180011146932447,-0.0015107978831542246,0.0006870446766140681,-0.0007155302023047483
2025-12-16,0.00022745542760316262,0.0006202943561126606,0.0022665073917467193,-0.00273229759527871,0.005491963471978556,-0.0010741697624672142
2025-12-17,0.008588228474273762,-0.0012399160980784973,-0.0010854269018828466,-0.011003620102041367,-0.0009103718229962476,0.002150508290712061
2025-12-18,-0.0018032036998043566,0.0027309701360309635,0.0038032273842472097,0.0075513325776148665,0.004783674800086901,0.0007153448741836765
2025-12-19,0.0011289903434381632,-0.00048513790897275477,-0.0025720914797513483,0.009063445479451815,-0.0037323610495488824,0.003216609854790775
2025-12-22,0.02308160549906857,0.0008710323038241263,-0.00018159240142290312,0.006229892278320159,-0.0021702622696172513,-0.0041630978102417115
2025-12-23,0.013252341857567629,0.0007460043764948576,0.000999009679189422,0.004570454818432879,0.0016025583001559873,-0.0033296393008364067
2025-12-24,-0.004134082564786756,0.001863620672059696,0.003901328560158346,0.0035176203055324873,0.006057089472360833,0.0003712037373271304
2025-12-26,0.011676735474757116,-0.0004959770748373948,-9.043922783724678e-05,-0.00010141503224314619,-0.003294300964496677,0.0007420612188828724
2025-12-29,-0.0435283019531133,0.00037211936482672847,0.0013557348154527027,-0.003563628207054803,0.0037610925853059918,0.0003707908467347476
2025-12-30,0.0007275678386380324,0.0009922692489094942,-0.0011733886676380534,-0.0012211007345822589,-0.0023844145832968566,0.0025945031879870406
2025-12-31,-0.006467991163222386,-0.0009912856266653947,-0.004247122364382516,-0.007408967373390696,-0.00796719169554061,-0.0007393179659553883
2026-01-02,0.004970859258759619,0.0004960386045933518,-0.00027231027434582167,0.0018330397334518356,-0.0014916118958969715,0.002959671538061759
2026-01-05,0.026313174195160993,0.0026032474324062527,0.0028140556258209326,0.006660113816063129,0.004940877101865082,-0.0014755040437760547
2026-01-06,0.010813149047262716,0.0002473483993141734,0.0,0.005947183373089304,-0.002058088879413278,0.003324719379479646
2026-01-07,-0.009559953917111952,-0.00024728723321276735,0.0007242038437211828,-0.0032233567922274053,0.005843336737261673,0.001472787767013095
2026-01-08,0.005522515913727544,0.0007418537518129042,-0.0028042677633228763,-0.00010153268198576093,-0.005011992171541357,0.0025735181198816015
2026-01-09,0.007242001159325273,0.0007413038127981331,0.003628504265228205,0.006613342394092614,0.006639980506025545,0.002200200400997776
2026-01-12,0.018722729613168898,0.0004938683194322113,-0.0011749794715067985,0.0015704538117717881,-0.0029570120307214065,-0.0018294634906741436
2026-01-13,-0.0014210408732292512,0.0,0.0021717553670410616,-0.0019994751058702853,0.0017110246251501593,0.0025659711533103646
2026-01-14,0.010222226854541994,0.0,0.0025282006888354136,-0.0049152373416185835,0.005807406314197072,-0.0007312781530058876
2026-01-15,-0.006127660830587689,0.0,-0.0012609125045551783,0.0027232143965294497,-0.00022656005243193444,0.003658996770906864
2026-01-16,-0.004818883830700504,0.0006169590168398909,-0.002885774069669278,-0.0008378739908954103,-0.005775008781846669,0.0
2026-01-20,0.03783617488689295,-0.0025897638402707646,-0.006059486620102028,-0.020356785723545046,-0.01309802129076476,-0.008020460016604947
2026-01-21,0.014568979615140476,0.002967415007251395,0.006005441621913743,0.011541079202094462,0.007616898436991537,0.0022051222091092892
2026-01-22,0.01846258414950319,0.0007397543168161658,0.0018994440542614566,0.005223230019727687,0.0043523678110868325,-0.0044004707451053005
2026-01-23,0.013745304981574558,-0.0004928685694622903,0.0006318315788182982,0.0003627802397405677,0.0027368914652605714,-0.008839770699457405
2026-01-26,0.014628847613605389,0.0004931116086754894,0.000812070658361197,0.005078147060609828,0.004776421533764674,-0.004830886715114668
2026-01-27,0.024531942321975864,-0.00012331251167085888,-0.001081766390346628,0.003984264729684606,-0.006225149741173941,-0.0115758538216022
2026-01-28,0.038773348494905324,-0.0016015434945773066,-0.0014438243296932551,-0.00010066990364987483,-0.002277958769693167,0.006044573160656874
2026-01-29,0.0027094717415592218,-0.00012343001699555156,0.0002710387653070967,-0.0019843824489698125,0.0002283600052770396,-0.0015020281426685322
2026-01-30,-0.10274245274560045,0.0011107206470213349,-0.000993864834800684,-0.0029825802604032114,-0.005592354142924916,0.009778120623911812
2026-02-02,-0.04004945911975222,0.000606997478383553,-0.0009259109361462459,0.004971362130935519,-0.0028571919352262665,0.005214129894205
2026-02-03,0.06358720612372104,-0.0006190289105577618,0.0004543396349763196,-0.00845539643070059,0.00242636826969167,-0.002593541882839334
2026-02-04,-0.0007044119795716064,-0.001238824689413387,-0.0012715034388467439,-0.004843921678897134,-0.0025357400629921756,0.0033432448860633013
2026-02-05,-0.026631707613677613,-0.0011164207110518909,0.004819522185970371,-0.012489211256201727,0.010861972227239836,0.002961863125810371
2026-02-06,0.03073229479090611,0.003476988924721258,0.0005428974556864752,0.019184711840951385,0.0006858656332384694,-0.002953116399241229
2026-02-09,0.02540290594406658,0.0013612848454456206,0.0,0.004821832103010459,-0.00022852370962023194,-0.00814510594188167
2026-02-10,-0.009913720520981939,-0.0009887054328054923,0.0023516731344688235,-0.002637160432080843,0.011540319110634911,0.0003732109440657272
2026-02-11,0.011310577541873812,-0.00012360328054727976,-0.0010827984255930012,-0.00023105881441631837,-0.005308993933669681,0.0011194286380433738
2026-02-12,-0.03472828959819363,-0.0004948554854234954,0.004697467261923105,-0.0154488742279012,0.013286421803702542,-0.0003727256395926748
2026-02-13,0.024878663914389865,0.0007425553745865621,0.0033266322864209386,0.0007044854938154099,0.00549145499010284,0.0
2026-02-17,-0.0311702543391007,-0.000494733121877533,0.0009857736535561212,0.0016134664707250224,0.0016718975926319768,0.003355710425502423
2026-02-18,0.022489929267582198,0.0012375403444730981,-0.0009848028608420156,0.005037758541617032,-0.003783326340951021,0.006317357014414604
2026-02-19,0.0027930496262249527,0.0003707746543244461,0.0008065984423122341,-0.0026374339404172664,0.0010052846330685927,0.0014771386868552838
2026-02-20,0.019714504323102178,0.0007411792812455076,-0.0008059483656159827,0.007231864589122949,-0.0023431655270990115,-0.0011062199748205215
2026-02-23,0.027015500392687075,-0.0016048100359739026,0.0010753957027018757,-0.010211314710874664,0.0036907898898934643,0.0
2026-02-24,-0.01385890426498504,-0.0007420113508970205,-0.00026850850749460253,0.00726845293039502,0.0017829429083164872,0.0007382967017723896
2026-02-25,-0.0025072627221415233,0.0013612848454456206,-0.00026864945520532757,0.008438348943581309,0.00011130506384193772,-0.0011066280328320133
2026-02-26,0.008575889154321725,-0.0008651291543478878,0.0006269483266103659,-0.005554476391621099,0.00400388652489303,0.0007385693434276419
2026-02-27,0.01313141674919538,-0.001607882646101788,-0.0003580022305816888,-0.004801943258527341,0.006092855578762046,-0.0007380242613335142
2026-03-02,0.012919896640826822,-0.0005726462354761486,-0.0033874060053856736,0.0005685787823312971,-0.010042066331795718,0.009231905491297487
2026-03-03,-0.04461221500318879,-0.001992995770589867,-0.00045072133024537386,-0.00881433848279567,-0.00200869863357378,0.004756646949487964
2026-03-04,0.007818116439543887,0.00349475537908428,0.0009019182397607128,0.007055308353084655,-0.003130931416550742,-0.0018208025756569768
2026-03-05,-0.012017768242597593,-0.003980137548885154,-0.0039650575677537825,-0.005575546846393831,-0.004038126346493254,0.002553801357676022
2026-03-06,0.01583250339069653,-0.004870095834747401,-0.0033474252750049782,-0.013107135070836495,-0.003716667149776476,-0.00036390935401819924
2026-03-09,-0.0020696732193965506,0.006023253742238666,0.005991248700347729,0.008760025013039074,0.008704517631142217,-0.00036404183224625353
2026-03-10,0.01127967872100144,-0.0016214473224698267,-0.0068580308531199785,-0.0016071269053671289,-0.010646655810236272,-0.0003641049477987046
2026-03-11,-0.003390104145245987,-0.002248867089742479,-0.008177283216136866,-0.0012551629285171284,-0.012913420206027149,0.00364293156071982
2026-03-12,-0.019653925633074443,-0.00638626369158779,-0.005404978261694948,-0.015184948869363502,-0.0019509219279616463,0.004718732185674757
2026-03-13,-0.012936961278600778,-0.0018903683000907057,-0.003684241052975712,-0.005660109501006372,-0.004944175453757693,0.007586672043258247
2026-03-16,-0.0008896876689686861,0.0031565809340188267,0.004807280999203911,0.010176866111483163,0.007742017714906346,-0.005736817888619017
2026-03-17,-0.002519392047785618,0.004531134931675007,0.005612310022350631,0.00263055486997521,0.002751970128493708,-0.0018030738509170474
2026-03-18,-0.03163716142328721,-0.005137091241556702,-0.005398055138564173,-0.013953645387120184,-0.005603229674606247,0.006141621185681734
2026-03-19,-0.041215062676522196,0.0032745360647461474,0.004415480212189404,-0.0024643404851918405,0.006094783072865706,-0.009694809840768204
2026-03-20,-0.0305574415876555,-0.009289562950921648,-0.012272202701052004,-0.01433577587250423,-0.01897354299460363,0.0036258296499767084
2026-03-23,-0.02259421410703788,0.006589002139538724,0.006583195703960376,0.01050001924493782,0.006524506300189525,-0.004335290386935475
2026-03-24,0.00022274115430986896,-0.003398827110787539,-0.0020265403537900184,-0.0033568497522664664,-0.004398644576590671,0.003265607922057878
2026-03-25,0.030089336389747867,0.003157777006328688,0.003599856345155139,0.0055727589473859585,0.009649968233012673,0.001808359678083793
2026-03-26,-0.0375939695290467,-0.006295673679074132,-0.007817578927737046,-0.017858744158138706,-0.00840619656321595,0.0039710722012000765
2026-03-27,0.035093842463368,-0.002534126978344764,-0.0024100663355863805,-0.017051883523327982,-0.005458163641366087,0.0010787733628778717
2026-03-30,-0.0002894276132928697,0.0011432396835742153,0.006411405381141488,-0.0033434623831846144,0.013311498565248492,0.005028713681074493
2026-03-31,0.037893826237359374,0.009516507267026242,0.006278258759972566,0.02906792569891481,-0.001037058260536683,-0.00714792204656467
2026-04-01,0.017499822514495555,0.0024503370478166087,0.001068736597301445,0.007534463782890022,-0.0009844123373788927,-0.0017998971624654247
2026-04-02,-0.019208815315471695,0.0023937861337657296,0.004233379983154428,0.0009004744280911581,0.006144200859859117,0.004688102064957622
