,hy_spread,ig_spread,yield_10y,yield_2y,vix_fred
2015-01-02,5.08,1.45,2.12,0.66,17.79
2015-01-05,5.21,1.46,2.04,0.68,19.92
2015-01-06,5.37,1.48,1.97,0.65,21.12
2015-01-07,5.31,1.49,1.96,0.62,19.31
2015-01-08,5.17,1.47,2.03,0.62,17.01
2015-01-09,5.2,1.48,1.98,0.59,17.55
2015-01-12,5.27,1.49,1.92,0.56,19.6
2015-01-13,5.28,1.5,1.91,0.54,20.56
2015-01-14,5.39,1.52,1.86,0.51,21.48
2015-01-15,5.42,1.53,1.77,0.44,22.39
2015-01-16,5.42,1.53,1.83,0.49,20.95
2015-01-19,5.39,1.53,1.83,0.49,20.95
2015-01-20,5.39,1.53,1.82,0.53,19.89
2015-01-21,5.36,1.52,1.87,0.53,18.85
2015-01-22,5.27,1.51,1.9,0.53,16.4
2015-01-23,5.3,1.5,1.81,0.52,16.66
2015-01-26,5.26,1.49,1.83,0.54,15.52
2015-01-27,5.29,1.5,1.83,0.54,17.22
2015-01-28,5.31,1.51,1.73,0.5,20.44
2015-01-29,5.28,1.51,1.77,0.51,18.76
2015-01-30,5.37,1.52,1.68,0.47,20.97
2015-01-31,5.26,1.53,1.68,0.47,20.97
2015-02-02,5.26,1.53,1.68,0.49,19.43
2015-02-03,5.11,1.51,1.79,0.52,17.33
2015-02-04,5.05,1.5,1.81,0.52,18.33
2015-02-05,4.99,1.49,1.83,0.52,16.85
2015-02-06,4.78,1.46,1.95,0.65,17.29
2015-02-09,4.8,1.45,1.96,0.65,18.55
2015-02-10,4.75,1.45,2.01,0.67,17.23
2015-02-11,4.76,1.45,2.0,0.67,16.96
2015-02-12,4.74,1.43,1.99,0.61,15.34
2015-02-13,4.71,1.43,2.02,0.66,14.69
2015-02-16,4.69,1.43,2.02,0.66,14.69
2015-02-17,4.57,1.41,2.14,0.7,15.8
2015-02-18,4.62,1.4,2.07,0.62,15.45
2015-02-19,4.58,1.39,2.11,0.67,15.29
2015-02-20,4.53,1.38,2.13,0.67,14.3
2015-02-23,4.56,1.38,2.06,0.64,14.56
2015-02-24,4.58,1.38,1.99,0.6,13.69
2015-02-25,4.54,1.39,1.96,0.61,13.84
2015-02-26,4.43,1.37,2.03,0.66,13.91
2015-02-27,4.43,1.38,2.0,0.63,13.34
2015-02-28,4.46,1.32,2.0,0.63,13.34
2015-03-02,4.38,1.31,2.08,0.66,13.04
2015-03-03,4.38,1.3,2.12,0.68,13.86
2015-03-04,4.44,1.31,2.12,0.66,14.23
2015-03-05,4.46,1.31,2.11,0.65,14.04
2015-03-06,4.42,1.29,2.24,0.73,15.2
2015-03-09,4.51,1.3,2.2,0.7,15.06
2015-03-10,4.66,1.32,2.14,0.7,16.69
2015-03-11,4.61,1.32,2.11,0.7,16.87
2015-03-12,4.62,1.33,2.1,0.67,15.42
2015-03-13,4.68,1.34,2.13,0.68,16.0
2015-03-16,4.72,1.35,2.1,0.66,15.61
2015-03-17,4.79,1.37,2.06,0.7,15.66
2015-03-18,4.91,1.38,1.93,0.57,13.97
2015-03-19,4.79,1.38,1.98,0.63,14.07
2015-03-20,4.81,1.38,1.93,0.6,13.02
2015-03-23,4.82,1.38,1.92,0.6,13.41
2015-03-24,4.81,1.38,1.88,0.58,13.62
2015-03-25,4.76,1.38,1.93,0.59,15.44
2015-03-26,4.74,1.38,2.01,0.61,15.8
2015-03-27,4.76,1.38,1.95,0.58,15.07
2015-03-30,4.73,1.38,1.96,0.58,14.51
2015-03-31,4.82,1.36,1.94,0.56,15.29
2015-04-01,4.86,1.37,1.87,0.55,15.11
2015-04-02,4.82,1.36,1.92,0.55,14.67
2015-04-03,4.82,1.36,1.85,0.49,14.67
2015-04-06,4.8,1.36,1.92,0.51,14.74
2015-04-07,4.72,1.34,1.89,0.52,14.78
2015-04-08,4.67,1.34,1.92,0.54,13.98
2015-04-09,4.62,1.33,1.97,0.56,13.09
2015-04-10,4.6,1.32,1.96,0.57,12.58
2015-04-13,4.6,1.32,1.94,0.54,13.94
2015-04-14,4.62,1.32,1.9,0.53,13.67
2015-04-15,4.58,1.33,1.91,0.51,12.84
2015-04-16,4.61,1.33,1.9,0.5,12.6
2015-04-17,4.66,1.33,1.87,0.51,13.89
2015-04-20,4.6,1.33,1.9,0.55,13.3
2015-04-21,4.57,1.32,1.92,0.55,13.25
2015-04-22,4.53,1.31,1.99,0.57,12.71
2015-04-23,4.55,1.32,1.96,0.55,12.48
2015-04-24,4.56,1.32,1.93,0.54,12.29
2015-04-27,4.55,1.32,1.94,0.54,13.12
2015-04-28,4.52,1.32,2.0,0.56,12.41
2015-04-29,4.53,1.32,2.06,0.56,13.39
2015-04-30,4.59,1.34,2.05,0.58,14.55
2015-05-01,4.53,1.33,2.12,0.6,12.7
2015-05-04,4.51,1.33,2.16,0.6,12.85
2015-05-05,4.48,1.33,2.19,0.62,14.31
2015-05-06,4.5,1.33,2.25,0.65,15.15
2015-05-07,4.55,1.33,2.18,0.63,15.13
2015-05-08,4.53,1.34,2.16,0.59,12.86
2015-05-11,4.45,1.32,2.28,0.62,13.85
2015-05-12,4.56,1.33,2.28,0.61,13.86
2015-05-13,4.51,1.33,2.27,0.59,13.76
2015-05-14,4.52,1.33,2.23,0.56,12.74
2015-05-15,4.55,1.33,2.14,0.55,12.38
2015-05-18,4.49,1.32,2.23,0.58,12.73
2015-05-19,4.46,1.32,2.27,0.63,12.85
2015-05-20,4.49,1.33,2.26,0.6,12.88
2015-05-21,4.51,1.34,2.19,0.6,12.11
2015-05-22,4.47,1.34,2.21,0.64,12.13
2015-05-26,4.51,1.34,2.14,0.64,14.06
2015-05-27,4.48,1.35,2.14,0.64,13.27
2015-05-28,4.5,1.36,2.13,0.62,13.31
2015-05-29,4.52,1.37,2.12,0.61,13.84
2015-05-31,4.58,1.38,2.12,0.61,13.84
2015-06-01,4.52,1.38,2.19,0.64,13.97
2015-06-02,4.49,1.38,2.27,0.64,14.24
2015-06-03,4.46,1.38,2.38,0.69,13.66
2015-06-04,4.56,1.39,2.31,0.66,14.71
2015-06-05,4.56,1.38,2.41,0.73,14.21
2015-06-08,4.61,1.38,2.39,0.7,15.29
2015-06-09,4.66,1.39,2.42,0.72,14.47
2015-06-10,4.6,1.4,2.5,0.75,13.22
2015-06-11,4.62,1.4,2.39,0.73,12.85
2015-06-12,4.63,1.4,2.39,0.74,13.78
2015-06-15,4.71,1.42,2.36,0.72,15.39
2015-06-16,4.77,1.43,2.32,0.71,14.81
2015-06-17,4.76,1.43,2.32,0.67,14.5
2015-06-18,4.71,1.44,2.35,0.66,13.19
2015-06-19,4.73,1.44,2.26,0.65,13.96
2015-06-22,4.62,1.43,2.37,0.68,12.74
2015-06-23,4.62,1.43,2.42,0.7,12.11
2015-06-24,4.66,1.44,2.38,0.68,13.26
2015-06-25,4.67,1.44,2.4,0.68,14.01
2015-06-26,4.65,1.43,2.49,0.72,14.02
2015-06-29,4.91,1.46,2.33,0.64,18.85
2015-06-30,5.0,1.48,2.35,0.64,18.23
2015-07-01,4.88,1.46,2.43,0.69,16.09
2015-07-02,4.91,1.46,2.4,0.64,16.79
2015-07-03,4.91,1.46,2.4,0.64,16.79
2015-07-06,5.07,1.47,2.3,0.6,17.01
2015-07-07,5.13,1.49,2.27,0.58,16.09
2015-07-08,5.21,1.5,2.22,0.55,19.66
2015-07-09,5.11,1.5,2.32,0.6,19.97
2015-07-10,4.97,1.49,2.42,0.65,16.83
2015-07-13,4.93,1.48,2.44,0.69,13.9
2015-07-14,4.94,1.49,2.41,0.66,13.37
2015-07-15,4.93,1.5,2.36,0.64,13.23
2015-07-16,4.91,1.5,2.36,0.67,12.11
2015-07-17,4.95,1.5,2.34,0.68,11.95
2015-07-20,4.96,1.5,2.38,0.71,12.25
2015-07-21,5.06,1.51,2.35,0.71,12.22
2015-07-22,5.16,1.52,2.33,0.75,12.12
2015-07-23,5.21,1.53,2.28,0.71,12.64
2015-07-24,5.32,1.54,2.27,0.7,13.74
2015-07-27,5.49,1.55,2.23,0.68,15.6
2015-07-28,5.44,1.56,2.26,0.69,13.44
2015-07-29,5.33,1.56,2.29,0.7,12.5
2015-07-30,5.26,1.56,2.28,0.72,12.13
2015-07-31,5.36,1.58,2.2,0.67,12.12
2015-08-03,5.45,1.58,2.16,0.68,12.56
2015-08-04,5.41,1.58,2.23,0.74,13.0
2015-08-05,5.29,1.58,2.28,0.73,12.51
2015-08-06,5.4,1.59,2.23,0.71,13.77
2015-08-07,5.52,1.6,2.18,0.73,13.39
2015-08-10,5.51,1.61,2.24,0.73,12.23
2015-08-11,5.67,1.62,2.15,0.68,13.71
2015-08-12,5.79,1.64,2.14,0.67,13.61
2015-08-13,5.66,1.64,2.19,0.72,13.49
2015-08-14,5.52,1.64,2.2,0.73,12.83
2015-08-17,5.58,1.64,2.16,0.72,13.02
2015-08-18,5.56,1.64,2.2,0.74,13.79
2015-08-19,5.68,1.66,2.12,0.67,15.25
2015-08-20,5.75,1.67,2.09,0.69,19.14
2015-08-21,5.86,1.69,2.05,0.64,28.03
2015-08-24,6.14,1.72,2.01,0.59,40.74
2015-08-25,5.9,1.72,2.12,0.67,36.02
2015-08-26,5.91,1.72,2.18,0.67,30.32
2015-08-27,5.8,1.7,2.18,0.68,26.1
2015-08-28,5.72,1.69,2.19,0.72,26.05
2015-08-31,5.7,1.69,2.21,0.74,28.43
2015-09-01,5.78,1.7,2.17,0.7,31.4
2015-09-02,5.73,1.69,2.2,0.72,26.09
2015-09-03,5.7,1.68,2.18,0.71,25.61
2015-09-04,5.74,1.68,2.13,0.71,27.8
2015-09-07,5.74,1.68,2.13,0.71,27.8
2015-09-08,5.64,1.67,2.2,0.74,24.9
2015-09-09,5.59,1.67,2.21,0.75,26.23
2015-09-10,5.58,1.67,2.23,0.75,24.37
2015-09-11,5.62,1.67,2.2,0.71,23.2
2015-09-14,5.62,1.67,2.18,0.73,24.25
2015-09-15,5.54,1.66,2.28,0.82,22.54
2015-09-16,5.59,1.66,2.3,0.82,21.35
2015-09-17,5.71,1.66,2.21,0.7,21.14
2015-09-18,5.8,1.66,2.13,0.69,22.28
2015-09-21,5.77,1.66,2.2,0.72,20.14
2015-09-22,5.98,1.67,2.14,0.69,22.44
2015-09-23,5.98,1.68,2.16,0.7,22.13
2015-09-24,6.14,1.7,2.13,0.67,23.47
2015-09-25,6.15,1.7,2.17,0.7,23.62
2015-09-28,6.48,1.74,2.1,0.67,27.63
2015-09-29,6.6,1.77,2.05,0.64,26.83
2015-09-30,6.62,1.78,2.06,0.64,24.5
2015-10-01,6.67,1.79,2.05,0.64,22.55
2015-10-02,6.83,1.8,1.99,0.58,20.94
2015-10-05,6.62,1.78,2.07,0.61,19.54
2015-10-06,6.52,1.77,2.05,0.61,19.4
2015-10-07,6.32,1.75,2.08,0.65,18.4
2015-10-08,6.26,1.74,2.12,0.65,17.42
2015-10-09,6.13,1.73,2.12,0.65,17.08
2015-10-12,6.13,1.73,2.12,0.65,16.17
2015-10-13,6.24,1.73,2.06,0.64,17.67
2015-10-14,6.31,1.74,1.99,0.57,18.03
2015-10-15,6.26,1.73,2.04,0.61,16.05
2015-10-16,6.18,1.72,2.04,0.61,15.05
2015-10-19,6.16,1.72,2.04,0.61,14.98
2015-10-20,6.06,1.71,2.08,0.66,15.75
2015-10-21,6.07,1.7,2.04,0.64,16.7
2015-10-22,6.1,1.69,2.04,0.61,14.45
2015-10-23,5.97,1.67,2.09,0.66,14.46
2015-10-26,6.0,1.66,2.07,0.66,15.29
2015-10-27,6.07,1.67,2.05,0.65,15.43
2015-10-28,5.97,1.66,2.1,0.73,14.33
2015-10-29,5.89,1.65,2.19,0.75,14.61
2015-10-30,5.88,1.65,2.16,0.75,15.07
2015-10-31,5.9,1.66,2.16,0.75,15.07
2015-11-02,5.84,1.65,2.2,0.77,14.15
2015-11-03,5.77,1.64,2.23,0.8,14.54
2015-11-04,5.73,1.63,2.25,0.84,15.51
2015-11-05,5.8,1.62,2.26,0.85,15.05
2015-11-06,5.82,1.61,2.34,0.9,14.33
2015-11-09,5.94,1.61,2.36,0.89,16.52
2015-11-10,6.02,1.61,2.32,0.87,15.29
2015-11-11,6.02,1.61,2.32,0.87,16.06
2015-11-12,6.13,1.62,2.32,0.89,18.37
2015-11-13,6.24,1.63,2.28,0.86,20.08
2015-11-16,6.28,1.63,2.27,0.88,18.16
2015-11-17,6.19,1.62,2.25,0.86,18.84
2015-11-18,6.2,1.63,2.27,0.9,16.85
2015-11-19,6.28,1.62,2.24,0.91,16.99
2015-11-20,6.32,1.62,2.26,0.93,15.47
2015-11-23,6.35,1.62,2.25,0.94,15.62
2015-11-24,6.41,1.63,2.24,0.93,15.93
2015-11-25,6.37,1.63,2.23,0.93,15.19
2015-11-26,6.37,1.63,2.23,0.93,15.19
2015-11-27,6.38,1.63,2.22,0.92,15.12
2015-11-30,6.4,1.62,2.21,0.94,16.13
2015-12-01,6.4,1.62,2.15,0.91,14.67
2015-12-02,6.34,1.63,2.18,0.94,15.91
2015-12-03,6.32,1.62,2.33,0.96,18.11
2015-12-04,6.37,1.62,2.28,0.96,14.81
2015-12-07,6.51,1.63,2.23,0.94,15.84
2015-12-08,6.65,1.65,2.24,0.94,17.6
2015-12-09,6.72,1.66,2.22,0.93,19.61
2015-12-10,6.71,1.67,2.24,0.95,19.34
2015-12-11,7.1,1.71,2.13,0.88,24.39
2015-12-14,7.33,1.74,2.23,0.97,22.73
2015-12-15,7.09,1.74,2.28,0.98,20.95
2015-12-16,6.98,1.73,2.3,1.02,17.86
2015-12-17,7.01,1.73,2.24,1.0,18.94
2015-12-18,7.2,1.74,2.19,0.97,20.7
2015-12-21,7.25,1.75,2.2,0.96,18.7
2015-12-22,7.15,1.74,2.24,0.99,16.6
2015-12-23,7.05,1.74,2.27,1.01,15.57
2015-12-24,7.05,1.74,2.25,1.03,15.74
2015-12-28,7.07,1.74,2.24,1.05,16.91
2015-12-29,6.96,1.73,2.32,1.09,16.08
2015-12-30,6.95,1.72,2.31,1.08,17.29
2015-12-31,6.95,1.73,2.27,1.06,18.21
2016-01-04,7.1,1.73,2.24,1.02,20.7
2016-01-05,7.03,1.73,2.25,1.04,19.34
2016-01-06,7.11,1.74,2.18,0.99,20.59
2016-01-07,7.24,1.75,2.16,0.96,24.99
2016-01-08,7.23,1.77,2.13,0.94,27.01
2016-01-11,7.31,1.78,2.17,0.94,24.3
2016-01-12,7.38,1.8,2.12,0.93,22.47
2016-01-13,7.5,1.8,2.08,0.91,25.22
2016-01-14,7.57,1.84,2.1,0.9,23.95
2016-01-15,7.89,1.89,2.03,0.85,27.02
2016-01-18,7.9,1.89,2.03,0.85,27.02
2016-01-19,7.88,1.91,2.06,0.88,26.05
2016-01-20,8.27,1.98,2.01,0.85,27.59
2016-01-21,8.13,1.98,2.02,0.84,26.69
2016-01-22,7.87,1.96,2.07,0.88,22.34
2016-01-25,7.85,1.98,2.03,0.88,24.15
2016-01-26,7.83,1.99,2.01,0.85,22.5
2016-01-27,7.78,2.0,2.02,0.84,23.11
2016-01-28,7.75,2.01,2.0,0.83,22.42
2016-01-29,7.74,2.02,1.94,0.76,20.2
2016-01-31,7.77,2.02,1.94,0.76,20.2
2016-02-01,7.79,2.02,1.97,0.81,19.98
2016-02-02,7.98,2.06,1.87,0.75,21.98
2016-02-03,8.03,2.08,1.88,0.72,21.65
2016-02-04,8.03,2.08,1.87,0.7,21.84
2016-02-05,8.1,2.09,1.86,0.74,23.38
2016-02-08,8.51,2.13,1.75,0.66,26.0
2016-02-09,8.62,2.15,1.74,0.69,26.54
2016-02-10,8.53,2.17,1.71,0.71,26.29
2016-02-11,8.87,2.21,1.63,0.64,28.14
2016-02-12,8.64,2.2,1.74,0.71,25.4
2016-02-15,8.59,2.2,1.74,0.71,25.4
2016-02-16,8.45,2.19,1.78,0.74,24.11
2016-02-17,8.21,2.17,1.81,0.74,22.31
2016-02-18,8.17,2.16,1.75,0.71,21.64
2016-02-19,8.23,2.15,1.76,0.76,20.53
2016-02-22,8.09,2.14,1.77,0.78,19.38
2016-02-23,8.1,2.14,1.74,0.76,20.98
2016-02-24,8.17,2.14,1.75,0.75,20.72
2016-02-25,8.08,2.14,1.71,0.72,19.11
2016-02-26,7.8,2.11,1.76,0.8,19.81
2016-02-29,7.75,2.05,1.74,0.78,20.55
2016-03-01,7.46,2.02,1.83,0.85,17.7
2016-03-02,7.31,1.99,1.84,0.85,17.09
2016-03-03,7.28,1.98,1.83,0.85,16.7
2016-03-04,7.08,1.95,1.88,0.88,16.86
2016-03-07,7.03,1.93,1.91,0.91,17.35
2016-03-08,7.14,1.93,1.83,0.88,18.67
2016-03-09,7.15,1.91,1.9,0.9,18.34
2016-03-10,7.04,1.88,1.93,0.93,18.05
2016-03-11,6.82,1.85,1.98,0.97,16.5
2016-03-14,6.74,1.81,1.97,0.97,16.92
2016-03-15,6.84,1.8,1.97,0.98,16.84
2016-03-16,6.94,1.8,1.94,0.87,14.99
2016-03-17,6.82,1.78,1.91,0.87,14.44
2016-03-18,6.71,1.76,1.88,0.84,14.02
2016-03-21,6.65,1.74,1.92,0.87,13.79
2016-03-22,6.69,1.72,1.94,0.91,14.17
2016-03-23,6.79,1.72,1.88,0.87,14.94
2016-03-24,6.93,1.73,1.91,0.89,14.74
2016-03-28,6.99,1.73,1.89,0.89,15.24
2016-03-29,7.14,1.73,1.81,0.78,13.82
2016-03-30,7.03,1.72,1.83,0.76,13.56
2016-03-31,7.05,1.7,1.78,0.73,13.95
2016-04-01,7.05,1.69,1.79,0.76,13.1
2016-04-04,7.03,1.68,1.78,0.75,14.12
2016-04-05,7.13,1.69,1.73,0.72,15.42
2016-04-06,7.04,1.69,1.76,0.73,14.09
2016-04-07,7.11,1.7,1.7,0.7,16.16
2016-04-08,7.03,1.7,1.72,0.7,15.36
2016-04-11,7.0,1.69,1.73,0.7,16.26
2016-04-12,6.87,1.68,1.79,0.74,14.85
2016-04-13,6.71,1.66,1.77,0.75,13.84
2016-04-14,6.6,1.64,1.8,0.77,13.72
2016-04-15,6.62,1.64,1.76,0.74,13.62
2016-04-18,6.62,1.63,1.78,0.75,13.35
2016-04-19,6.46,1.61,1.79,0.77,13.24
2016-04-20,6.31,1.58,1.85,0.8,13.28
2016-04-21,6.29,1.56,1.88,0.82,13.95
2016-04-22,6.29,1.55,1.89,0.84,13.22
2016-04-25,6.32,1.54,1.91,0.85,14.08
2016-04-26,6.26,1.53,1.94,0.86,13.96
2016-04-27,6.25,1.53,1.87,0.83,13.77
2016-04-28,6.19,1.52,1.84,0.78,15.22
2016-04-29,6.24,1.52,1.83,0.77,15.7
2016-04-30,6.21,1.52,1.83,0.77,15.7
2016-05-02,6.16,1.52,1.88,0.8,14.68
2016-05-03,6.31,1.53,1.81,0.75,15.6
2016-05-04,6.39,1.54,1.79,0.75,16.05
2016-05-05,6.42,1.55,1.76,0.72,15.91
2016-05-06,6.48,1.56,1.79,0.74,14.72
2016-05-09,6.53,1.56,1.77,0.72,14.57
2016-05-10,6.46,1.56,1.77,0.72,13.63
2016-05-11,6.4,1.57,1.73,0.74,14.69
2016-05-12,6.36,1.56,1.75,0.76,14.41
2016-05-13,6.41,1.57,1.71,0.76,15.04
2016-05-16,6.3,1.56,1.75,0.79,14.68
2016-05-17,6.26,1.56,1.76,0.82,15.57
2016-05-18,6.16,1.55,1.87,0.9,15.95
2016-05-19,6.29,1.56,1.85,0.89,16.33
2016-05-20,6.22,1.56,1.85,0.89,15.2
2016-05-23,6.21,1.56,1.84,0.91,15.82
2016-05-24,6.13,1.55,1.86,0.92,14.42
2016-05-25,6.04,1.55,1.87,0.92,13.9
2016-05-26,6.08,1.54,1.83,0.87,13.43
2016-05-27,6.08,1.54,1.85,0.9,13.12
2016-05-30,6.08,1.54,1.85,0.9,13.12
2016-05-31,5.97,1.54,1.84,0.87,14.19
2016-06-01,6.01,1.54,1.85,0.91,14.2
2016-06-02,6.0,1.54,1.81,0.89,13.63
2016-06-03,6.09,1.56,1.71,0.78,13.47
2016-06-06,6.0,1.55,1.73,0.8,13.65
2016-06-07,5.92,1.54,1.72,0.78,14.05
2016-06-08,5.82,1.54,1.71,0.78,14.08
2016-06-09,5.86,1.54,1.68,0.77,14.64
2016-06-10,5.98,1.56,1.64,0.73,17.03
2016-06-13,6.07,1.57,1.62,0.73,20.97
2016-06-14,6.19,1.59,1.62,0.74,20.5
2016-06-15,6.18,1.6,1.6,0.69,20.14
2016-06-16,6.32,1.61,1.57,0.7,19.37
2016-06-17,6.21,1.6,1.62,0.7,19.41
2016-06-20,6.0,1.58,1.67,0.74,18.37
2016-06-21,6.0,1.57,1.71,0.76,18.48
2016-06-22,5.96,1.56,1.69,0.75,21.17
2016-06-23,5.83,1.54,1.74,0.78,17.25
2016-06-24,6.33,1.61,1.57,0.64,25.76
2016-06-27,6.57,1.64,1.46,0.61,23.85
2016-06-28,6.48,1.63,1.46,0.61,18.75
2016-06-29,6.26,1.62,1.5,0.62,16.64
2016-06-30,6.21,1.62,1.49,0.58,15.63
2016-07-01,6.12,1.61,1.46,0.59,14.77
2016-07-04,6.12,1.61,1.46,0.59,14.77
2016-07-05,6.16,1.61,1.37,0.56,15.58
2016-07-06,6.14,1.6,1.38,0.58,14.96
2016-07-07,6.02,1.59,1.4,0.58,14.76
2016-07-08,5.88,1.57,1.37,0.61,13.2
2016-07-11,5.66,1.55,1.43,0.66,13.54
2016-07-12,5.46,1.52,1.53,0.69,13.55
2016-07-13,5.58,1.52,1.48,0.68,13.04
2016-07-14,5.44,1.5,1.53,0.68,12.82
2016-07-15,5.42,1.49,1.6,0.71,12.67
2016-07-18,5.44,1.49,1.59,0.68,12.44
2016-07-19,5.45,1.48,1.56,0.7,11.97
2016-07-20,5.4,1.48,1.59,0.73,11.77
2016-07-21,5.41,1.48,1.57,0.7,12.74
2016-07-22,5.39,1.47,1.57,0.71,12.02
2016-07-25,5.39,1.46,1.58,0.72,12.87
2016-07-26,5.45,1.47,1.57,0.75,13.05
2016-07-27,5.51,1.48,1.52,0.73,12.83
2016-07-28,5.54,1.49,1.52,0.72,12.72
2016-07-29,5.61,1.5,1.46,0.67,11.87
2016-07-31,5.69,1.5,1.46,0.67,11.87
2016-08-01,5.69,1.5,1.51,0.67,12.44
2016-08-02,5.73,1.5,1.55,0.67,13.37
2016-08-03,5.72,1.51,1.55,0.67,12.86
2016-08-04,5.65,1.51,1.51,0.64,12.42
2016-08-05,5.46,1.49,1.59,0.72,11.39
2016-08-08,5.42,1.47,1.59,0.74,11.5
2016-08-09,5.36,1.47,1.55,0.71,11.66
2016-08-10,5.38,1.46,1.5,0.69,12.05
2016-08-11,5.31,1.45,1.57,0.76,11.68
2016-08-12,5.34,1.45,1.51,0.71,11.55
2016-08-15,5.23,1.44,1.55,0.72,11.81
2016-08-16,5.17,1.43,1.57,0.76,12.64
2016-08-17,5.19,1.42,1.56,0.74,12.19
2016-08-18,5.2,1.42,1.53,0.71,11.43
2016-08-19,5.15,1.4,1.58,0.76,11.34
2016-08-22,5.18,1.41,1.55,0.76,12.27
2016-08-23,5.14,1.4,1.55,0.74,12.38
2016-08-24,5.13,1.4,1.56,0.76,13.45
2016-08-25,5.14,1.39,1.58,0.78,13.63
2016-08-26,5.04,1.38,1.62,0.84,13.65
2016-08-29,5.1,1.38,1.57,0.81,12.94
2016-08-30,5.07,1.38,1.57,0.8,13.12
2016-08-31,5.1,1.39,1.58,0.8,13.42
2016-09-01,5.12,1.39,1.57,0.78,13.48
2016-09-02,5.09,1.39,1.6,0.8,11.98
2016-09-05,5.09,1.39,1.6,0.8,11.98
2016-09-06,5.09,1.4,1.55,0.74,12.02
2016-09-07,5.07,1.4,1.54,0.74,11.94
2016-09-08,4.99,1.4,1.61,0.78,12.51
2016-09-09,5.1,1.4,1.67,0.79,17.5
2016-09-12,5.18,1.42,1.68,0.79,15.16
2016-09-13,5.24,1.42,1.73,0.8,17.85
2016-09-14,5.26,1.43,1.7,0.77,18.14
2016-09-15,5.26,1.43,1.71,0.74,16.3
2016-09-16,5.27,1.43,1.7,0.77,15.37
2016-09-19,5.25,1.42,1.7,0.79,15.53
2016-09-20,5.24,1.42,1.69,0.79,15.92
2016-09-21,5.22,1.42,1.66,0.79,13.3
2016-09-22,5.09,1.41,1.63,0.79,12.02
2016-09-23,5.1,1.41,1.62,0.77,12.29
2016-09-26,5.16,1.42,1.59,0.76,14.5
2016-09-27,5.18,1.43,1.56,0.75,13.1
2016-09-28,5.14,1.43,1.57,0.75,12.39
2016-09-29,5.09,1.43,1.56,0.73,14.02
2016-09-30,4.97,1.43,1.6,0.77,13.29
2016-10-03,4.93,1.42,1.63,0.8,13.57
2016-10-04,4.85,1.41,1.69,0.82,13.63
2016-10-05,4.78,1.4,1.72,0.85,12.99
2016-10-06,4.75,1.39,1.75,0.86,12.84
2016-10-07,4.76,1.38,1.73,0.83,13.48
2016-10-10,4.76,1.38,1.73,0.83,13.38
2016-10-11,4.75,1.37,1.77,0.87,15.36
2016-10-12,4.75,1.37,1.79,0.87,15.91
2016-10-13,4.82,1.37,1.75,0.85,16.69
2016-10-14,4.72,1.36,1.8,0.84,16.12
2016-10-17,4.76,1.37,1.77,0.81,16.21
2016-10-18,4.72,1.36,1.75,0.82,15.28
2016-10-19,4.66,1.35,1.76,0.81,14.41
2016-10-20,4.62,1.35,1.76,0.84,13.75
2016-10-21,4.62,1.35,1.74,0.84,13.34
2016-10-24,4.6,1.35,1.77,0.84,13.02
2016-10-25,4.6,1.35,1.77,0.86,13.46
2016-10-26,4.66,1.36,1.79,0.86,14.24
2016-10-27,4.69,1.36,1.85,0.87,15.36
2016-10-28,4.76,1.37,1.86,0.86,16.19
2016-10-31,4.91,1.38,1.84,0.86,17.06
2016-11-01,5.05,1.39,1.83,0.83,18.56
2016-11-02,5.15,1.4,1.81,0.81,19.32
2016-11-03,5.15,1.41,1.82,0.81,22.08
2016-11-04,5.2,1.41,1.79,0.8,22.51
2016-11-07,5.01,1.4,1.83,0.82,18.71
2016-11-08,4.98,1.39,1.88,0.87,18.74
2016-11-09,4.94,1.37,2.07,0.9,14.38
2016-11-10,4.97,1.36,2.15,0.92,14.74
2016-11-11,4.97,1.36,2.15,0.92,14.17
2016-11-14,5.11,1.36,2.23,1.0,14.48
2016-11-15,4.94,1.35,2.23,1.02,13.37
2016-11-16,4.94,1.35,2.22,1.0,13.72
2016-11-17,4.85,1.35,2.29,1.04,13.35
2016-11-18,4.84,1.36,2.34,1.07,12.85
2016-11-21,4.78,1.36,2.33,1.08,12.42
2016-11-22,4.7,1.37,2.31,1.07,12.41
2016-11-23,4.66,1.36,2.36,1.12,12.43
2016-11-24,4.66,1.36,2.36,1.12,12.43
2016-11-25,4.64,1.36,2.36,1.12,12.34
2016-11-28,4.66,1.36,2.32,1.11,13.15
2016-11-29,4.69,1.36,2.3,1.09,12.9
2016-11-30,4.67,1.36,2.37,1.11,13.33
2016-12-01,4.62,1.35,2.45,1.14,14.07
2016-12-02,4.64,1.35,2.4,1.11,14.12
2016-12-05,4.58,1.35,2.39,1.13,12.14
2016-12-06,4.5,1.34,2.39,1.12,11.79
2016-12-07,4.42,1.34,2.34,1.1,12.22
2016-12-08,4.38,1.33,2.4,1.12,12.64
2016-12-09,4.28,1.33,2.47,1.15,11.75
2016-12-12,4.25,1.32,2.49,1.15,12.64
2016-12-13,4.2,1.31,2.48,1.17,12.72
2016-12-14,4.12,1.3,2.54,1.27,13.19
2016-12-15,4.2,1.3,2.6,1.29,12.79
2016-12-16,4.21,1.3,2.6,1.28,12.2
2016-12-19,4.23,1.3,2.54,1.24,11.71
2016-12-20,4.2,1.29,2.57,1.25,11.45
2016-12-21,4.19,1.29,2.55,1.21,11.27
2016-12-22,4.17,1.29,2.55,1.22,11.43
2016-12-23,4.16,1.29,2.55,1.22,11.44
2016-12-27,4.11,1.28,2.57,1.28,11.99
2016-12-28,4.15,1.28,2.51,1.26,12.95
2016-12-29,4.18,1.28,2.49,1.22,13.37
2016-12-30,4.21,1.29,2.45,1.2,14.04
2016-12-31,4.22,1.3,2.45,1.2,14.04
2017-01-03,4.13,1.28,2.45,1.22,12.85
2017-01-04,4.02,1.28,2.46,1.24,11.85
2017-01-05,4.04,1.29,2.37,1.17,11.67
2017-01-06,3.98,1.28,2.42,1.22,11.32
2017-01-09,4.02,1.29,2.38,1.21,11.56
2017-01-10,4.0,1.29,2.38,1.19,11.49
2017-01-11,4.03,1.29,2.38,1.2,11.26
2017-01-12,4.05,1.29,2.36,1.18,11.54
2017-01-13,4.02,1.28,2.4,1.21,11.23
2017-01-16,4.0,1.28,2.4,1.21,11.23
2017-01-17,4.06,1.28,2.33,1.17,11.87
2017-01-18,4.01,1.29,2.42,1.23,12.48
2017-01-19,3.99,1.28,2.47,1.25,12.78
2017-01-20,4.02,1.28,2.48,1.2,11.54
2017-01-23,4.1,1.28,2.41,1.16,11.77
2017-01-24,4.02,1.27,2.47,1.21,11.07
2017-01-25,3.93,1.27,2.53,1.23,10.81
2017-01-26,3.93,1.26,2.51,1.21,10.63
2017-01-27,3.93,1.26,2.49,1.22,10.58
2017-01-30,3.96,1.26,2.49,1.22,11.88
2017-01-31,4.0,1.28,2.45,1.19,11.99
2017-02-01,3.95,1.28,2.48,1.22,11.81
2017-02-02,3.93,1.28,2.48,1.21,11.93
2017-02-03,3.86,1.27,2.49,1.21,10.97
2017-02-06,3.91,1.27,2.42,1.16,11.37
2017-02-07,3.93,1.28,2.4,1.16,11.29
2017-02-08,3.98,1.28,2.34,1.15,11.45
2017-02-09,3.93,1.28,2.4,1.2,10.88
2017-02-10,3.9,1.27,2.41,1.2,10.85
2017-02-13,3.86,1.26,2.43,1.2,11.07
2017-02-14,3.8,1.24,2.47,1.25,10.74
2017-02-15,3.77,1.23,2.51,1.27,11.97
2017-02-16,3.83,1.24,2.45,1.22,11.76
2017-02-17,3.86,1.24,2.42,1.21,11.49
2017-02-20,3.86,1.24,2.42,1.21,11.49
2017-02-21,3.81,1.24,2.43,1.22,11.57
2017-02-22,3.78,1.23,2.42,1.22,11.74
2017-02-23,3.77,1.23,2.38,1.18,11.71
2017-02-24,3.84,1.23,2.31,1.12,11.47
2017-02-27,3.75,1.22,2.36,1.2,12.09
2017-02-28,3.74,1.21,2.36,1.22,12.92
2017-03-01,3.57,1.19,2.46,1.29,12.54
2017-03-02,3.55,1.18,2.49,1.32,11.81
2017-03-03,3.6,1.18,2.49,1.32,10.96
2017-03-06,3.66,1.18,2.49,1.31,11.24
2017-03-07,3.73,1.19,2.52,1.32,11.45
2017-03-08,3.79,1.19,2.57,1.36,11.86
2017-03-09,3.88,1.21,2.6,1.37,12.3
2017-03-10,3.89,1.21,2.58,1.36,11.66
2017-03-13,3.94,1.21,2.62,1.4,11.35
2017-03-14,4.05,1.22,2.6,1.4,12.3
2017-03-15,4.02,1.23,2.51,1.33,11.63
2017-03-16,3.88,1.22,2.53,1.35,11.21
2017-03-17,3.91,1.22,2.5,1.33,11.28
2017-03-20,3.97,1.22,2.47,1.3,11.34
2017-03-21,4.04,1.22,2.43,1.27,12.47
2017-03-22,4.16,1.23,2.4,1.27,12.81
2017-03-23,4.11,1.23,2.41,1.26,13.12
2017-03-24,4.07,1.23,2.4,1.26,12.96
2017-03-27,4.12,1.23,2.38,1.27,12.5
2017-03-28,4.01,1.22,2.42,1.3,11.53
2017-03-29,3.94,1.22,2.39,1.26,11.42
2017-03-30,3.85,1.22,2.42,1.28,11.54
2017-03-31,3.92,1.24,2.4,1.27,12.37
2017-04-03,3.98,1.24,2.35,1.24,12.38
2017-04-04,3.98,1.24,2.36,1.25,11.79
2017-04-05,3.91,1.24,2.34,1.24,12.89
2017-04-06,3.93,1.24,2.34,1.24,12.39
2017-04-07,3.86,1.23,2.38,1.29,12.87
2017-04-10,3.86,1.23,2.37,1.29,14.05
2017-04-11,3.94,1.24,2.32,1.24,15.07
2017-04-12,3.96,1.24,2.28,1.24,15.77
2017-04-13,4.03,1.25,2.24,1.21,15.96
2017-04-17,4.0,1.24,2.26,1.21,14.66
2017-04-18,4.07,1.25,2.18,1.18,14.42
2017-04-19,4.01,1.25,2.21,1.19,14.93
2017-04-20,3.98,1.25,2.24,1.21,14.15
2017-04-21,3.97,1.25,2.24,1.2,14.63
2017-04-24,3.86,1.24,2.28,1.25,10.84
2017-04-25,3.78,1.23,2.35,1.29,10.76
2017-04-26,3.76,1.23,2.32,1.28,10.85
2017-04-27,3.78,1.22,2.3,1.25,10.36
2017-04-28,3.75,1.22,2.29,1.28,10.82
2017-04-30,3.81,1.23,2.29,1.28,10.82
2017-05-01,3.78,1.23,2.33,1.28,10.11
2017-05-02,3.79,1.22,2.29,1.27,10.59
2017-05-03,3.76,1.22,2.33,1.3,10.68
2017-05-04,3.8,1.21,2.36,1.32,10.46
2017-05-05,3.82,1.21,2.36,1.32,10.57
2017-05-08,3.8,1.2,2.39,1.33,9.77
2017-05-09,3.74,1.19,2.42,1.37,9.96
2017-05-10,3.72,1.19,2.41,1.35,10.21
2017-05-11,3.72,1.18,2.39,1.35,10.6
2017-05-12,3.77,1.18,2.33,1.29,10.4
2017-05-15,3.72,1.17,2.34,1.31,10.42
2017-05-16,3.71,1.17,2.33,1.29,10.65
2017-05-17,3.84,1.18,2.22,1.26,15.59
2017-05-18,3.85,1.19,2.23,1.27,14.66
2017-05-19,3.78,1.18,2.23,1.28,12.04
2017-05-22,3.72,1.18,2.25,1.29,10.93
2017-05-23,3.67,1.17,2.29,1.31,10.72
2017-05-24,3.68,1.18,2.26,1.29,10.02
2017-05-25,3.67,1.18,2.25,1.3,9.99
2017-05-26,3.67,1.18,2.25,1.3,9.81
2017-05-29,3.67,1.17,2.25,1.3,9.81
2017-05-30,3.68,1.18,2.21,1.28,10.38
2017-05-31,3.74,1.19,2.21,1.28,10.41
2017-06-01,3.69,1.19,2.21,1.28,9.89
2017-06-02,3.69,1.19,2.15,1.28,9.75
2017-06-05,3.68,1.19,2.18,1.32,10.07
2017-06-06,3.72,1.19,2.14,1.3,10.45
2017-06-07,3.73,1.19,2.18,1.32,10.39
2017-06-08,3.76,1.19,2.19,1.33,10.16
2017-06-09,3.73,1.19,2.21,1.35,10.7
2017-06-12,3.71,1.18,2.21,1.35,11.46
2017-06-13,3.68,1.18,2.21,1.38,10.42
2017-06-14,3.7,1.18,2.15,1.35,10.64
2017-06-15,3.72,1.18,2.16,1.35,10.9
2017-06-16,3.76,1.18,2.16,1.32,10.38
2017-06-19,3.7,1.17,2.19,1.36,10.37
2017-06-20,3.77,1.17,2.16,1.36,10.86
2017-06-21,3.85,1.17,2.16,1.36,10.75
2017-06-22,3.87,1.18,2.15,1.34,10.48
2017-06-23,3.86,1.18,2.15,1.34,10.02
2017-06-26,3.83,1.17,2.14,1.36,9.9
2017-06-27,3.77,1.16,2.21,1.38,11.06
2017-06-28,3.77,1.16,2.22,1.34,10.03
2017-06-29,3.76,1.15,2.27,1.38,11.44
2017-06-30,3.77,1.15,2.31,1.38,11.18
2017-07-03,3.72,1.14,2.35,1.41,11.22
2017-07-04,3.72,1.14,2.35,1.41,11.22
2017-07-05,3.73,1.14,2.33,1.41,11.07
2017-07-06,3.78,1.13,2.37,1.4,12.54
2017-07-07,3.83,1.12,2.39,1.4,11.19
2017-07-10,3.83,1.12,2.38,1.4,11.11
2017-07-11,3.85,1.12,2.37,1.37,10.89
2017-07-12,3.81,1.12,2.33,1.35,10.3
2017-07-13,3.77,1.11,2.35,1.37,9.9
2017-07-14,3.73,1.11,2.33,1.35,9.51
2017-07-17,3.69,1.1,2.31,1.36,9.82
2017-07-18,3.69,1.1,2.27,1.36,9.89
2017-07-19,3.64,1.1,2.27,1.37,9.79
2017-07-20,3.61,1.1,2.27,1.37,9.58
2017-07-21,3.64,1.1,2.24,1.36,9.36
2017-07-24,3.63,1.09,2.26,1.37,9.43
2017-07-25,3.55,1.08,2.33,1.4,9.43
2017-07-26,3.56,1.08,2.29,1.36,9.6
2017-07-27,3.55,1.08,2.32,1.36,10.11
2017-07-28,3.59,1.08,2.3,1.34,10.29
2017-07-31,3.61,1.09,2.3,1.34,10.26
2017-08-01,3.6,1.08,2.26,1.34,10.09
2017-08-02,3.59,1.08,2.27,1.36,10.28
2017-08-03,3.63,1.09,2.24,1.34,10.44
2017-08-04,3.63,1.09,2.27,1.36,10.03
2017-08-07,3.64,1.1,2.26,1.36,9.93
2017-08-08,3.64,1.1,2.29,1.36,10.96
2017-08-09,3.81,1.12,2.24,1.33,11.11
2017-08-10,3.92,1.14,2.2,1.33,16.04
2017-08-11,4.0,1.16,2.19,1.3,15.51
2017-08-14,3.89,1.15,2.22,1.33,12.33
2017-08-15,3.87,1.14,2.27,1.35,12.04
2017-08-16,3.88,1.14,2.23,1.33,11.74
2017-08-17,3.93,1.14,2.19,1.32,15.55
2017-08-18,3.98,1.15,2.19,1.33,14.26
2017-08-21,4.0,1.15,2.18,1.32,13.19
2017-08-22,3.93,1.15,2.22,1.33,11.35
2017-08-23,3.95,1.15,2.17,1.32,12.25
2017-08-24,3.91,1.15,2.19,1.33,12.23
2017-08-25,3.89,1.14,2.17,1.35,11.28
2017-08-28,3.88,1.14,2.16,1.33,11.32
2017-08-29,3.9,1.15,2.13,1.33,11.7
2017-08-30,3.86,1.15,2.15,1.33,11.22
2017-08-31,3.85,1.16,2.12,1.33,10.59
2017-09-01,3.82,1.15,2.16,1.35,10.13
2017-09-04,3.82,1.15,2.16,1.35,10.13
2017-09-05,3.91,1.16,2.07,1.3,12.23
2017-09-06,3.84,1.16,2.1,1.3,11.63
2017-09-07,3.88,1.17,2.05,1.27,11.55
2017-09-08,3.92,1.17,2.06,1.27,12.12
2017-09-11,3.85,1.17,2.14,1.32,10.73
2017-09-12,3.81,1.16,2.17,1.33,10.58
2017-09-13,3.78,1.15,2.2,1.35,10.5
2017-09-14,3.74,1.15,2.2,1.37,10.44
2017-09-15,3.73,1.14,2.2,1.39,10.17
2017-09-18,3.68,1.13,2.23,1.4,10.15
2017-09-19,3.66,1.12,2.24,1.4,10.18
2017-09-20,3.6,1.11,2.28,1.45,9.78
2017-09-21,3.62,1.11,2.27,1.45,9.67
2017-09-22,3.64,1.11,2.26,1.46,9.59
2017-09-25,3.66,1.11,2.22,1.44,10.21
2017-09-26,3.62,1.1,2.24,1.45,10.17
2017-09-27,3.57,1.09,2.31,1.47,9.87
2017-09-28,3.57,1.08,2.31,1.45,9.55
2017-09-29,3.54,1.06,2.33,1.47,9.51
2017-09-30,3.56,1.07,2.33,1.47,9.51
2017-10-02,3.55,1.06,2.34,1.49,9.45
2017-10-03,3.55,1.05,2.33,1.47,9.51
2017-10-04,3.54,1.04,2.33,1.47,9.63
2017-10-05,3.52,1.04,2.35,1.49,9.19
2017-10-06,3.52,1.04,2.37,1.54,9.65
2017-10-09,3.51,1.03,2.37,1.54,10.33
2017-10-10,3.52,1.03,2.35,1.51,10.08
2017-10-11,3.52,1.03,2.35,1.51,9.85
2017-10-12,3.56,1.03,2.33,1.51,9.91
2017-10-13,3.6,1.04,2.28,1.51,9.61
2017-10-16,3.53,1.03,2.3,1.54,9.91
2017-10-17,3.5,1.03,2.3,1.54,10.31
2017-10-18,3.46,1.02,2.34,1.59,10.07
2017-10-19,3.48,1.02,2.33,1.58,10.05
2017-10-20,3.42,1.01,2.39,1.6,9.97
2017-10-23,3.4,1.01,2.38,1.58,11.07
2017-10-24,3.38,1.0,2.42,1.6,11.16
2017-10-25,3.42,1.0,2.44,1.61,11.23
2017-10-26,3.41,1.0,2.46,1.63,11.3
2017-10-27,3.44,1.0,2.42,1.59,9.8
2017-10-30,3.49,1.0,2.37,1.58,10.5
2017-10-31,3.51,1.01,2.38,1.6,10.18
2017-11-01,3.48,1.01,2.37,1.61,10.2
2017-11-02,3.52,1.02,2.35,1.61,9.93
2017-11-03,3.52,1.02,2.34,1.63,9.14
2017-11-06,3.55,1.03,2.32,1.61,9.4
2017-11-07,3.57,1.04,2.32,1.63,9.89
2017-11-08,3.67,1.04,2.32,1.65,9.78
2017-11-09,3.79,1.05,2.33,1.63,10.5
2017-11-10,3.76,1.06,2.4,1.67,11.29
2017-11-13,3.77,1.05,2.4,1.7,11.5
2017-11-14,3.84,1.06,2.38,1.68,11.59
2017-11-15,3.97,1.08,2.33,1.68,13.13
2017-11-16,3.79,1.07,2.37,1.72,11.76
2017-11-17,3.76,1.06,2.35,1.73,11.43
2017-11-20,3.7,1.06,2.37,1.77,10.65
2017-11-21,3.66,1.05,2.36,1.77,9.73
2017-11-22,3.7,1.05,2.32,1.74,9.88
2017-11-23,3.7,1.05,2.32,1.74,9.88
2017-11-24,3.67,1.04,2.34,1.75,9.67
2017-11-27,3.66,1.04,2.32,1.74,9.87
2017-11-28,3.67,1.04,2.34,1.75,10.03
2017-11-29,3.64,1.03,2.37,1.78,10.7
2017-11-30,3.61,1.03,2.42,1.78,11.28
2017-12-01,3.63,1.03,2.37,1.78,11.43
2017-12-04,3.58,1.02,2.37,1.8,11.68
2017-12-05,3.57,1.02,2.36,1.83,11.33
2017-12-06,3.63,1.02,2.33,1.78,11.02
2017-12-07,3.63,1.02,2.37,1.8,10.16
2017-12-08,3.63,1.02,2.38,1.8,9.58
2017-12-11,3.61,1.02,2.39,1.82,9.34
2017-12-12,3.58,1.01,2.4,1.83,9.92
2017-12-13,3.64,1.01,2.36,1.79,10.18
2017-12-14,3.63,1.01,2.35,1.82,10.49
2017-12-15,3.64,1.0,2.35,1.84,9.42
2017-12-18,3.64,1.0,2.39,1.84,9.53
2017-12-19,3.6,0.99,2.46,1.87,10.03
2017-12-20,3.58,0.99,2.49,1.87,9.72
2017-12-21,3.57,0.99,2.48,1.89,9.62
2017-12-22,3.56,0.99,2.48,1.91,9.9
2017-12-26,3.57,0.99,2.47,1.92,10.25
2017-12-27,3.59,0.99,2.42,1.89,10.47
2017-12-28,3.55,0.98,2.43,1.91,10.18
2017-12-29,3.58,0.98,2.4,1.89,11.04
2017-12-31,3.63,0.99,2.4,1.89,11.04
2018-01-02,3.55,0.98,2.46,1.92,9.77
2018-01-03,3.48,0.99,2.44,1.94,9.15
2018-01-04,3.4,0.98,2.46,1.96,9.22
2018-01-05,3.36,0.98,2.47,1.96,9.22
2018-01-08,3.35,0.97,2.49,1.96,9.52
2018-01-09,3.33,0.96,2.55,1.98,10.08
2018-01-10,3.42,0.95,2.55,1.98,9.82
2018-01-11,3.4,0.95,2.54,1.98,9.88
2018-01-12,3.37,0.95,2.55,1.99,10.16
2018-01-15,3.35,0.94,2.55,1.99,10.16
2018-01-16,3.34,0.94,2.54,2.03,11.66
2018-01-17,3.34,0.94,2.57,2.05,11.91
2018-01-18,3.35,0.94,2.62,2.05,12.22
2018-01-19,3.35,0.95,2.64,2.06,11.27
2018-01-22,3.32,0.94,2.66,2.08,11.03
2018-01-23,3.31,0.94,2.63,2.06,11.1
2018-01-24,3.28,0.94,2.65,2.08,11.47
2018-01-25,3.28,0.93,2.63,2.08,11.58
2018-01-26,3.23,0.92,2.66,2.13,11.08
2018-01-29,3.26,0.92,2.7,2.11,13.84
2018-01-30,3.33,0.91,2.73,2.13,14.79
2018-01-31,3.29,0.91,2.72,2.14,13.54
2018-02-01,3.29,0.9,2.78,2.16,13.47
2018-02-02,3.36,0.9,2.84,2.15,17.31
2018-02-05,3.48,0.91,2.77,2.08,37.32
2018-02-06,3.6,0.93,2.79,2.1,29.98
2018-02-07,3.46,0.92,2.84,2.15,27.73
2018-02-08,3.59,0.93,2.85,2.13,33.46
2018-02-09,3.82,0.97,2.83,2.05,29.06
2018-02-12,3.71,0.97,2.86,2.09,25.61
2018-02-13,3.78,1.0,2.83,2.1,24.97
2018-02-14,3.69,0.99,2.91,2.17,19.26
2018-02-15,3.57,0.98,2.9,2.19,19.13
2018-02-16,3.5,0.98,2.87,2.21,19.46
2018-02-19,3.5,0.98,2.87,2.21,19.46
2018-02-20,3.48,0.98,2.88,2.25,20.6
2018-02-21,3.46,0.98,2.94,2.26,20.02
2018-02-22,3.53,0.99,2.92,2.25,18.72
2018-02-23,3.58,1.0,2.88,2.25,16.49
2018-02-26,3.5,1.0,2.86,2.22,15.8
2018-02-27,3.47,1.0,2.9,2.27,18.59
2018-02-28,3.47,1.01,2.87,2.25,19.85
2018-03-01,3.59,1.04,2.81,2.22,22.47
2018-03-02,3.65,1.05,2.86,2.25,19.59
2018-03-05,3.59,1.05,2.88,2.24,18.73
2018-03-06,3.53,1.04,2.88,2.25,18.36
2018-03-07,3.56,1.05,2.89,2.25,17.76
2018-03-08,3.56,1.05,2.86,2.25,16.54
2018-03-09,3.53,1.06,2.9,2.27,14.64
2018-03-12,3.55,1.07,2.87,2.27,15.78
2018-03-13,3.58,1.08,2.84,2.26,16.35
2018-03-14,3.62,1.09,2.81,2.26,17.23
2018-03-15,3.62,1.1,2.82,2.29,16.59
2018-03-16,3.6,1.1,2.85,2.31,15.8
2018-03-19,3.65,1.1,2.85,2.31,19.02
2018-03-20,3.62,1.11,2.89,2.34,18.2
2018-03-21,3.6,1.11,2.89,2.31,17.86
2018-03-22,3.7,1.14,2.83,2.29,23.34
2018-03-23,3.74,1.15,2.82,2.28,24.87
2018-03-26,3.73,1.16,2.85,2.33,21.03
2018-03-27,3.75,1.16,2.78,2.26,22.5
2018-03-28,3.77,1.16,2.77,2.28,22.87
2018-03-29,3.79,1.16,2.74,2.27,19.97
2018-03-31,3.72,1.17,2.74,2.27,19.97
2018-04-02,3.77,1.17,2.73,2.25,23.62
2018-04-03,3.71,1.16,2.79,2.28,21.1
2018-04-04,3.71,1.16,2.79,2.28,20.06
2018-04-05,3.59,1.14,2.83,2.3,18.94
2018-04-06,3.64,1.14,2.77,2.27,21.49
2018-04-09,3.61,1.14,2.78,2.29,21.77
2018-04-10,3.52,1.13,2.8,2.32,20.47
2018-04-11,3.5,1.13,2.79,2.32,20.24
2018-04-12,3.42,1.12,2.83,2.34,18.49
2018-04-13,3.38,1.11,2.82,2.37,17.41
2018-04-16,3.33,1.11,2.83,2.39,16.56
2018-04-17,3.29,1.1,2.82,2.41,15.25
2018-04-18,3.24,1.1,2.87,2.42,15.6
2018-04-19,3.33,1.1,2.92,2.44,15.96
2018-04-20,3.33,1.1,2.96,2.46,16.88
2018-04-23,3.36,1.11,2.98,2.49,16.34
2018-04-24,3.41,1.11,3.0,2.48,18.02
2018-04-25,3.47,1.11,3.03,2.49,17.84
2018-04-26,3.43,1.12,3.0,2.49,16.24
2018-04-27,3.44,1.12,2.96,2.49,15.41
2018-04-30,3.46,1.14,2.95,2.49,15.93
2018-05-01,3.47,1.15,2.97,2.5,15.49
2018-05-02,3.45,1.15,2.97,2.49,15.97
2018-05-03,3.5,1.16,2.94,2.49,15.9
2018-05-04,3.49,1.17,2.95,2.51,14.77
2018-05-07,3.46,1.17,2.95,2.49,14.75
2018-05-08,3.46,1.17,2.97,2.51,14.71
2018-05-09,3.43,1.17,3.0,2.54,13.42
2018-05-10,3.41,1.16,2.97,2.54,13.23
2018-05-11,3.4,1.15,2.97,2.54,12.65
2018-05-14,3.37,1.14,3.0,2.55,12.93
2018-05-15,3.36,1.14,3.08,2.58,14.63
2018-05-16,3.37,1.14,3.09,2.58,13.42
2018-05-17,3.36,1.14,3.11,2.57,13.43
2018-05-18,3.41,1.14,3.06,2.55,13.42
2018-05-21,3.4,1.14,3.06,2.58,13.08
2018-05-22,3.39,1.14,3.06,2.59,13.22
2018-05-23,3.48,1.15,3.01,2.53,12.58
2018-05-24,3.49,1.15,2.98,2.5,12.53
2018-05-25,3.53,1.16,2.93,2.48,13.22
2018-05-28,3.53,1.16,2.93,2.48,13.22
2018-05-29,3.75,1.2,2.77,2.32,17.02
2018-05-30,3.64,1.2,2.84,2.42,14.94
2018-05-31,3.63,1.22,2.83,2.4,15.43
2018-06-01,3.55,1.21,2.89,2.47,13.46
2018-06-04,3.49,1.2,2.94,2.52,12.74
2018-06-05,3.5,1.21,2.92,2.49,12.4
2018-06-06,3.44,1.21,2.97,2.52,11.64
2018-06-07,3.44,1.21,2.93,2.5,12.13
2018-06-08,3.45,1.22,2.93,2.5,12.18
2018-06-11,3.39,1.22,2.96,2.52,12.35
2018-06-12,3.38,1.22,2.96,2.54,12.34
2018-06-13,3.33,1.21,2.98,2.59,12.94
2018-06-14,3.31,1.21,2.94,2.59,12.12
2018-06-15,3.33,1.21,2.93,2.55,11.98
2018-06-18,3.34,1.22,2.92,2.56,12.31
2018-06-19,3.4,1.24,2.89,2.54,13.35
2018-06-20,3.34,1.24,2.93,2.56,12.79
2018-06-21,3.39,1.27,2.9,2.56,14.64
2018-06-22,3.39,1.27,2.9,2.56,13.77
2018-06-25,3.47,1.29,2.87,2.54,17.33
2018-06-26,3.48,1.29,2.88,2.53,15.92
2018-06-27,3.56,1.29,2.83,2.52,17.91
2018-06-28,3.64,1.3,2.84,2.52,16.85
2018-06-29,3.61,1.29,2.85,2.52,16.09
2018-06-30,3.71,1.3,2.85,2.52,16.09
2018-07-02,3.78,1.3,2.87,2.57,15.6
2018-07-03,3.77,1.3,2.83,2.53,16.14
2018-07-04,3.77,1.3,2.83,2.53,16.14
2018-07-05,3.74,1.29,2.84,2.55,14.97
2018-07-06,3.74,1.28,2.82,2.53,13.37
2018-07-09,3.65,1.27,2.86,2.57,12.69
2018-07-10,3.59,1.25,2.87,2.59,12.64
2018-07-11,3.66,1.25,2.85,2.58,13.63
2018-07-12,3.61,1.25,2.85,2.6,12.58
2018-07-13,3.62,1.24,2.83,2.59,12.18
2018-07-16,3.59,1.23,2.85,2.59,12.83
2018-07-17,3.58,1.23,2.86,2.62,12.06
2018-07-18,3.56,1.23,2.88,2.6,12.1
2018-07-19,3.59,1.23,2.84,2.6,12.87
2018-07-20,3.55,1.22,2.89,2.6,12.86
2018-07-23,3.5,1.21,2.96,2.64,12.62
2018-07-24,3.47,1.2,2.95,2.63,12.41
2018-07-25,3.48,1.19,2.94,2.66,12.29
2018-07-26,3.42,1.17,2.98,2.69,12.14
2018-07-27,3.42,1.16,2.96,2.67,13.03
2018-07-30,3.43,1.16,2.98,2.66,14.26
2018-07-31,3.46,1.16,2.96,2.67,12.83
2018-08-01,3.43,1.16,3.0,2.67,13.15
2018-08-02,3.43,1.16,2.98,2.66,12.19
2018-08-03,3.43,1.15,2.95,2.63,11.64
2018-08-06,3.43,1.15,2.94,2.64,11.27
2018-08-07,3.35,1.14,2.98,2.68,10.93
2018-08-08,3.37,1.15,2.96,2.68,10.85
2018-08-09,3.38,1.16,2.93,2.64,11.27
2018-08-10,3.5,1.18,2.87,2.61,13.16
2018-08-13,3.52,1.19,2.88,2.61,14.78
2018-08-14,3.48,1.19,2.89,2.63,13.31
2018-08-15,3.55,1.2,2.86,2.61,14.64
2018-08-16,3.49,1.19,2.87,2.63,13.45
2018-08-17,3.49,1.18,2.87,2.61,12.64
2018-08-20,3.52,1.19,2.82,2.6,12.49
2018-08-21,3.48,1.18,2.85,2.61,12.86
2018-08-22,3.48,1.19,2.82,2.6,12.25
2018-08-23,3.47,1.19,2.82,2.61,12.41
2018-08-24,3.46,1.19,2.82,2.63,11.99
2018-08-27,3.43,1.19,2.85,2.67,12.16
2018-08-28,3.4,1.18,2.88,2.67,12.5
2018-08-29,3.39,1.18,2.89,2.67,12.25
2018-08-30,3.44,1.19,2.86,2.64,13.53
2018-08-31,3.49,1.21,2.86,2.62,12.86
2018-09-03,3.49,1.21,2.86,2.62,12.86
2018-09-04,3.46,1.21,2.9,2.66,13.16
2018-09-05,3.49,1.21,2.9,2.66,13.91
2018-09-06,3.52,1.21,2.88,2.64,14.65
2018-09-07,3.48,1.2,2.94,2.71,14.88
2018-09-10,3.46,1.2,2.94,2.73,14.16
2018-09-11,3.4,1.19,2.98,2.76,13.22
2018-09-12,3.38,1.18,2.97,2.74,13.14
2018-09-13,3.35,1.17,2.97,2.76,12.37
2018-09-14,3.29,1.16,2.99,2.78,12.07
2018-09-17,3.29,1.15,2.99,2.78,13.68
2018-09-18,3.24,1.15,3.05,2.81,12.79
2018-09-19,3.24,1.14,3.08,2.81,11.75
2018-09-20,3.25,1.13,3.07,2.81,11.8
2018-09-21,3.25,1.13,3.07,2.81,11.68
2018-09-24,3.28,1.13,3.08,2.83,12.2
2018-09-25,3.26,1.12,3.1,2.83,12.42
2018-09-26,3.27,1.12,3.06,2.83,12.89
2018-09-27,3.25,1.12,3.06,2.83,12.41
2018-09-28,3.24,1.11,3.05,2.81,12.12
2018-09-30,3.28,1.13,3.05,2.81,12.12
2018-10-01,3.22,1.13,3.09,2.82,12.0
2018-10-02,3.22,1.13,3.05,2.82,12.05
2018-10-03,3.16,1.11,3.15,2.85,11.61
2018-10-04,3.29,1.12,3.19,2.87,14.22
2018-10-05,3.32,1.13,3.23,2.88,14.82
2018-10-08,3.32,1.13,3.23,2.88,15.69
2018-10-09,3.41,1.13,3.21,2.88,15.95
2018-10-10,3.51,1.13,3.22,2.88,22.96
2018-10-11,3.58,1.16,3.14,2.85,24.98
2018-10-12,3.54,1.16,3.15,2.85,21.31
2018-10-15,3.49,1.15,3.16,2.85,21.3
2018-10-16,3.45,1.16,3.16,2.87,17.62
2018-10-17,3.45,1.16,3.19,2.89,17.4
2018-10-18,3.51,1.17,3.17,2.87,20.06
2018-10-19,3.51,1.17,3.2,2.92,19.89
2018-10-22,3.52,1.18,3.2,2.92,19.64
2018-10-23,3.65,1.2,3.17,2.89,20.71
2018-10-24,3.68,1.19,3.1,2.84,25.23
2018-10-25,3.72,1.22,3.14,2.86,24.22
2018-10-26,3.85,1.23,3.08,2.81,24.16
2018-10-29,3.84,1.23,3.08,2.81,24.7
2018-10-30,3.89,1.25,3.12,2.84,23.35
2018-10-31,3.81,1.25,3.15,2.87,21.23
2018-11-01,3.81,1.26,3.14,2.84,19.34
2018-11-02,3.72,1.24,3.22,2.91,19.51
2018-11-05,3.72,1.25,3.2,2.91,19.96
2018-11-06,3.68,1.23,3.22,2.93,19.91
2018-11-07,3.6,1.22,3.22,2.96,16.36
2018-11-08,3.57,1.22,3.24,2.98,16.72
2018-11-09,3.71,1.23,3.19,2.94,17.36
2018-11-12,3.71,1.23,3.19,2.94,20.45
2018-11-13,3.89,1.26,3.14,2.89,20.02
2018-11-14,3.99,1.29,3.12,2.86,21.25
2018-11-15,4.11,1.33,3.11,2.86,19.98
2018-11-16,4.18,1.34,3.08,2.81,18.14
2018-11-19,4.25,1.36,3.06,2.79,20.1
2018-11-20,4.33,1.39,3.06,2.79,22.48
2018-11-21,4.24,1.38,3.06,2.81,20.8
2018-11-22,4.25,1.38,3.06,2.81,20.8
2018-11-23,4.29,1.38,3.05,2.81,21.52
2018-11-26,4.26,1.38,3.07,2.84,18.9
2018-11-27,4.31,1.4,3.06,2.83,19.02
2018-11-28,4.25,1.41,3.06,2.81,18.49
2018-11-29,4.22,1.42,3.03,2.81,18.79
2018-11-30,4.29,1.45,3.01,2.8,18.07
2018-12-03,4.2,1.44,2.98,2.83,16.44
2018-12-04,4.29,1.46,2.91,2.8,20.74
2018-12-05,4.29,1.46,2.91,2.8,20.74
2018-12-06,4.5,1.51,2.87,2.75,21.19
2018-12-07,4.5,1.51,2.85,2.72,23.23
2018-12-10,4.56,1.52,2.85,2.72,22.64
2018-12-11,4.48,1.51,2.89,2.78,21.76
2018-12-12,4.4,1.5,2.91,2.77,21.46
2018-12-13,4.39,1.48,2.91,2.75,20.65
2018-12-14,4.46,1.48,2.89,2.73,21.63
2018-12-17,4.58,1.48,2.86,2.7,24.52
2018-12-18,4.72,1.49,2.82,2.65,25.58
2018-12-19,4.84,1.49,2.77,2.63,25.58
2018-12-20,5.11,1.52,2.79,2.67,28.38
2018-12-21,5.22,1.54,2.79,2.63,30.11
2018-12-24,5.35,1.55,2.74,2.55,36.07
2018-12-26,5.37,1.56,2.81,2.61,30.41
2018-12-27,5.38,1.57,2.77,2.56,29.96
2018-12-28,5.3,1.58,2.72,2.52,28.34
2018-12-31,5.33,1.59,2.69,2.48,25.42
2019-01-02,5.35,1.6,2.66,2.5,23.22
2019-01-03,5.44,1.63,2.56,2.39,25.45
2019-01-04,5.05,1.62,2.67,2.5,21.38
2019-01-07,4.83,1.6,2.7,2.53,21.4
2019-01-08,4.65,1.58,2.73,2.58,20.47
2019-01-09,4.52,1.56,2.74,2.56,19.98
2019-01-10,4.54,1.55,2.74,2.56,19.5
2019-01-11,4.55,1.54,2.71,2.55,18.19
2019-01-14,4.6,1.54,2.71,2.53,19.07
2019-01-15,4.55,1.54,2.72,2.53,18.6
2019-01-16,4.44,1.52,2.73,2.55,19.04
2019-01-17,4.4,1.5,2.75,2.56,18.06
2019-01-18,4.27,1.46,2.79,2.62,17.8
2019-01-21,4.27,1.46,2.79,2.62,17.8
2019-01-22,4.41,1.46,2.74,2.58,20.8
2019-01-23,4.39,1.44,2.76,2.58,19.52
2019-01-24,4.45,1.43,2.72,2.56,18.89
2019-01-25,4.34,1.4,2.76,2.6,17.42
2019-01-28,4.41,1.4,2.75,2.6,18.87
2019-01-29,4.4,1.39,2.72,2.56,19.13
2019-01-30,4.36,1.39,2.7,2.52,17.66
2019-01-31,4.37,1.38,2.63,2.45,16.57
2019-02-01,4.29,1.36,2.7,2.52,16.14
2019-02-04,4.25,1.34,2.73,2.53,15.73
2019-02-05,4.15,1.33,2.71,2.53,15.57
2019-02-06,4.13,1.32,2.7,2.52,15.38
2019-02-07,4.29,1.34,2.65,2.48,16.37
2019-02-08,4.32,1.34,2.63,2.45,15.72
2019-02-11,4.28,1.34,2.65,2.48,15.97
2019-02-12,4.17,1.33,2.68,2.5,15.43
2019-02-13,4.12,1.32,2.71,2.53,15.65
2019-02-14,4.17,1.33,2.66,2.5,16.22
2019-02-15,4.12,1.32,2.66,2.52,14.91
2019-02-18,4.12,1.32,2.66,2.52,14.91
2019-02-19,4.11,1.32,2.65,2.5,14.88
2019-02-20,4.08,1.32,2.65,2.5,14.02
2019-02-21,4.04,1.32,2.69,2.53,14.46
2019-02-22,4.05,1.32,2.65,2.48,13.51
2019-02-25,4.0,1.31,2.67,2.51,14.85
2019-02-26,4.01,1.31,2.64,2.48,15.17
2019-02-27,3.94,1.3,2.69,2.5,14.7
2019-02-28,3.92,1.29,2.73,2.52,14.78
2019-03-01,3.86,1.28,2.76,2.55,13.57
2019-03-04,3.9,1.27,2.72,2.55,14.63
2019-03-05,3.91,1.27,2.72,2.55,14.74
2019-03-06,3.98,1.28,2.69,2.52,15.74
2019-03-07,4.1,1.29,2.64,2.47,16.59
2019-03-08,4.18,1.29,2.62,2.45,16.05
2019-03-11,4.12,1.29,2.64,2.47,14.33
2019-03-12,4.08,1.28,2.61,2.45,13.77
2019-03-13,3.99,1.28,2.61,2.45,13.41
2019-03-14,3.95,1.27,2.63,2.46,13.5
2019-03-15,3.95,1.26,2.59,2.43,12.88
2019-03-18,3.95,1.26,2.6,2.45,13.1
2019-03-19,3.91,1.25,2.61,2.46,13.56
2019-03-20,3.97,1.26,2.54,2.4,13.91
2019-03-21,3.92,1.25,2.54,2.41,13.63
2019-03-22,4.03,1.25,2.44,2.31,16.48
2019-03-25,4.13,1.25,2.43,2.26,16.33
2019-03-26,4.09,1.25,2.41,2.24,14.68
2019-03-27,4.09,1.25,2.39,2.22,15.15
2019-03-28,4.08,1.25,2.39,2.23,14.43
2019-03-29,3.99,1.25,2.41,2.27,13.71
2019-03-31,4.05,1.27,2.41,2.27,13.71
2019-04-01,3.94,1.25,2.49,2.33,13.4
2019-04-02,3.95,1.25,2.48,2.3,13.36
2019-04-03,3.9,1.24,2.52,2.33,13.74
2019-04-04,3.9,1.24,2.51,2.33,13.58
2019-04-05,3.86,1.23,2.5,2.35,12.82
2019-04-08,3.84,1.22,2.52,2.36,13.18
2019-04-09,3.86,1.22,2.51,2.35,14.28
2019-04-10,3.86,1.21,2.48,2.31,13.3
2019-04-11,3.79,1.2,2.51,2.35,13.02
2019-04-12,3.68,1.18,2.56,2.4,12.01
2019-04-15,3.68,1.17,2.55,2.4,12.32
2019-04-16,3.64,1.16,2.6,2.41,12.18
2019-04-17,3.67,1.16,2.59,2.4,12.6
2019-04-18,3.73,1.17,2.57,2.38,12.09
2019-04-22,3.73,1.17,2.59,2.38,12.42
2019-04-23,3.72,1.17,2.57,2.36,12.28
2019-04-24,3.73,1.17,2.53,2.32,13.14
2019-04-25,3.75,1.17,2.54,2.33,13.25
2019-04-26,3.76,1.17,2.51,2.28,12.73
2019-04-29,3.73,1.16,2.54,2.3,13.11
2019-04-30,3.73,1.17,2.51,2.27,13.12
2019-05-01,3.71,1.17,2.52,2.31,14.8
2019-05-02,3.74,1.18,2.55,2.35,14.42
2019-05-03,3.72,1.18,2.54,2.33,12.87
2019-05-06,3.82,1.18,2.51,2.31,15.44
2019-05-07,3.89,1.19,2.45,2.28,19.32
2019-05-08,3.87,1.2,2.49,2.3,19.4
2019-05-09,3.99,1.22,2.45,2.26,19.1
2019-05-10,4.01,1.22,2.47,2.26,16.04
2019-05-13,4.2,1.24,2.4,2.18,20.55
2019-05-14,4.13,1.24,2.42,2.2,18.06
2019-05-15,4.17,1.24,2.37,2.16,16.44
2019-05-16,4.06,1.24,2.4,2.2,15.29
2019-05-17,4.07,1.24,2.39,2.2,15.96
2019-05-20,4.06,1.24,2.41,2.21,16.31
2019-05-21,3.99,1.24,2.43,2.26,14.95
2019-05-22,4.03,1.25,2.39,2.23,14.75
2019-05-23,4.22,1.28,2.31,2.12,16.92
2019-05-24,4.16,1.27,2.32,2.16,15.85
2019-05-27,4.16,1.27,2.32,2.16,15.85
2019-05-28,4.19,1.29,2.26,2.12,17.5
2019-05-29,4.36,1.32,2.25,2.09,17.9
2019-05-30,4.33,1.31,2.22,2.06,17.3
2019-05-31,4.59,1.35,2.14,1.95,18.71
2019-06-03,4.7,1.36,2.07,1.82,18.86
2019-06-04,4.53,1.35,2.12,1.88,16.97
2019-06-05,4.48,1.34,2.12,1.83,16.09
2019-06-06,4.42,1.34,2.12,1.88,15.93
2019-06-07,4.37,1.34,2.09,1.85,16.3
2019-06-10,4.23,1.32,2.15,1.9,15.94
2019-06-11,4.2,1.32,2.15,1.93,15.99
2019-06-12,4.22,1.32,2.13,1.88,15.91
2019-06-13,4.24,1.32,2.1,1.83,15.82
2019-06-14,4.23,1.32,2.09,1.84,15.28
2019-06-17,4.23,1.32,2.09,1.86,15.35
2019-06-18,4.14,1.3,2.06,1.86,15.15
2019-06-19,4.16,1.3,2.03,1.74,14.33
2019-06-20,4.03,1.28,2.01,1.72,14.75
2019-06-21,3.95,1.25,2.07,1.77,15.4
2019-06-24,4.0,1.23,2.02,1.72,15.26
2019-06-25,4.09,1.24,2.0,1.71,16.28
2019-06-26,4.05,1.23,2.05,1.77,16.21
2019-06-27,4.09,1.23,2.01,1.74,15.82
2019-06-28,4.07,1.22,2.0,1.75,15.08
2019-06-30,4.07,1.22,2.0,1.75,15.08
2019-07-01,3.99,1.21,2.03,1.78,14.06
2019-07-02,4.04,1.2,1.98,1.77,12.93
2019-07-03,4.02,1.2,1.96,1.77,12.57
2019-07-04,4.02,1.2,1.96,1.77,12.57
2019-07-05,3.98,1.19,2.04,1.87,13.28
2019-07-08,4.0,1.19,2.05,1.88,13.96
2019-07-09,4.03,1.2,2.07,1.92,14.09
2019-07-10,4.01,1.2,2.07,1.82,13.03
2019-07-11,4.0,1.19,2.13,1.85,12.93
2019-07-12,4.02,1.18,2.12,1.84,12.39
2019-07-15,4.0,1.18,2.09,1.83,12.68
2019-07-16,3.96,1.18,2.13,1.87,12.86
2019-07-17,4.01,1.18,2.06,1.83,13.97
2019-07-18,4.11,1.19,2.04,1.77,13.53
2019-07-19,4.07,1.18,2.05,1.8,14.45
2019-07-22,4.06,1.17,2.05,1.8,13.53
2019-07-23,3.99,1.16,2.08,1.83,12.61
2019-07-24,3.98,1.16,2.05,1.83,12.07
2019-07-25,3.93,1.15,2.08,1.86,12.74
2019-07-26,3.89,1.14,2.08,1.86,12.16
2019-07-29,3.93,1.13,2.06,1.85,12.83
2019-07-30,3.97,1.14,2.06,1.85,13.94
2019-07-31,3.93,1.14,2.02,1.89,16.12
2019-08-01,4.1,1.17,1.9,1.73,17.87
2019-08-02,4.19,1.19,1.86,1.72,17.61
2019-08-05,4.53,1.24,1.75,1.59,24.59
2019-08-06,4.46,1.25,1.73,1.6,20.17
2019-08-07,4.52,1.27,1.71,1.59,19.49
2019-08-08,4.31,1.26,1.72,1.62,16.91
2019-08-09,4.31,1.26,1.74,1.63,17.97
2019-08-12,4.4,1.27,1.65,1.58,21.09
2019-08-13,4.25,1.26,1.68,1.66,17.52
2019-08-14,4.49,1.29,1.59,1.58,22.1
2019-08-15,4.52,1.31,1.52,1.48,21.18
2019-08-16,4.47,1.31,1.55,1.48,18.47
2019-08-19,4.36,1.29,1.6,1.53,16.88
2019-08-20,4.35,1.28,1.55,1.5,17.5
2019-08-21,4.21,1.26,1.59,1.56,15.8
2019-08-22,4.16,1.25,1.62,1.61,16.68
2019-08-23,4.25,1.25,1.52,1.51,19.87
2019-08-26,4.22,1.25,1.54,1.54,19.32
2019-08-27,4.19,1.25,1.49,1.53,20.31
2019-08-28,4.17,1.26,1.47,1.5,19.35
2019-08-29,4.08,1.26,1.5,1.53,17.88
2019-08-30,4.09,1.25,1.5,1.5,18.98
2019-08-31,4.13,1.26,1.5,1.5,18.98
2019-09-02,4.13,1.26,1.5,1.5,18.98
2019-09-03,4.23,1.27,1.47,1.47,19.66
2019-09-04,4.23,1.27,1.47,1.43,17.33
2019-09-05,4.07,1.26,1.57,1.55,16.27
2019-09-06,4.05,1.26,1.55,1.53,15.0
2019-09-09,3.99,1.25,1.63,1.58,15.27
2019-09-10,3.9,1.25,1.72,1.67,15.2
2019-09-11,3.92,1.24,1.75,1.68,14.61
2019-09-12,3.85,1.22,1.79,1.72,14.22
2019-09-13,3.83,1.21,1.9,1.79,13.74
2019-09-16,3.8,1.21,1.84,1.74,14.67
2019-09-17,3.81,1.21,1.81,1.72,14.44
2019-09-18,3.82,1.2,1.8,1.77,13.95
2019-09-19,3.77,1.19,1.79,1.74,14.05
2019-09-20,3.81,1.19,1.74,1.69,15.32
2019-09-23,3.84,1.19,1.72,1.68,14.91
2019-09-24,3.9,1.2,1.64,1.6,17.05
2019-09-25,3.91,1.2,1.73,1.68,15.96
2019-09-26,3.95,1.2,1.7,1.66,16.07
2019-09-27,3.99,1.21,1.69,1.63,17.22
2019-09-30,4.02,1.22,1.68,1.63,16.24
2019-10-01,4.08,1.22,1.65,1.56,18.56
2019-10-02,4.28,1.25,1.6,1.48,20.56
2019-10-03,4.4,1.26,1.54,1.39,19.12
2019-10-04,4.38,1.26,1.52,1.4,17.04
2019-10-07,4.31,1.25,1.56,1.46,17.86
2019-10-08,4.39,1.26,1.54,1.42,20.28
2019-10-09,4.32,1.25,1.59,1.47,18.64
2019-10-10,4.26,1.25,1.67,1.53,17.57
2019-10-11,4.1,1.22,1.76,1.63,15.58
2019-10-14,4.08,1.22,1.76,1.63,14.57
2019-10-15,4.01,1.2,1.77,1.61,13.54
2019-10-16,4.01,1.2,1.75,1.58,13.68
2019-10-17,4.0,1.19,1.76,1.6,13.79
2019-10-18,4.02,1.18,1.76,1.58,14.25
2019-10-21,3.98,1.17,1.8,1.62,14.0
2019-10-22,3.99,1.16,1.78,1.6,14.46
2019-10-23,3.98,1.17,1.77,1.58,14.01
2019-10-24,3.96,1.16,1.77,1.58,13.71
2019-10-25,3.89,1.14,1.8,1.63,12.65
2019-10-28,3.85,1.13,1.85,1.64,13.11
2019-10-29,3.86,1.13,1.84,1.64,13.2
2019-10-30,3.96,1.14,1.78,1.61,12.33
2019-10-31,4.15,1.17,1.69,1.52,13.22
2019-11-01,4.09,1.16,1.73,1.56,12.3
2019-11-04,3.99,1.15,1.79,1.6,12.83
2019-11-05,3.97,1.13,1.86,1.63,13.1
2019-11-06,4.02,1.13,1.81,1.61,12.62
2019-11-07,3.96,1.11,1.92,1.68,12.73
2019-11-08,4.0,1.11,1.94,1.68,12.07
2019-11-11,3.99,1.11,1.94,1.68,12.69
2019-11-12,4.0,1.11,1.92,1.66,12.68
2019-11-13,4.05,1.12,1.88,1.63,13.0
2019-11-14,4.08,1.13,1.82,1.58,13.05
2019-11-15,4.06,1.12,1.84,1.61,12.05
2019-11-18,4.09,1.12,1.81,1.6,12.46
2019-11-19,4.12,1.12,1.79,1.6,12.86
2019-11-20,4.18,1.13,1.73,1.56,12.78
2019-11-21,4.17,1.14,1.77,1.6,13.13
2019-11-22,4.13,1.13,1.77,1.61,12.34
2019-11-25,4.08,1.12,1.76,1.61,11.87
2019-11-26,4.05,1.12,1.74,1.58,11.54
2019-11-27,3.99,1.11,1.77,1.63,11.75
2019-11-29,4.01,1.11,1.78,1.61,12.62
2019-11-30,4.02,1.11,1.78,1.61,12.62
2019-12-02,4.03,1.11,1.83,1.61,14.91
2019-12-03,4.14,1.13,1.72,1.53,15.96
2019-12-04,4.02,1.11,1.77,1.58,14.8
2019-12-05,4.0,1.1,1.8,1.58,14.52
2019-12-06,3.89,1.09,1.84,1.61,13.62
2019-12-09,3.88,1.08,1.83,1.63,15.86
2019-12-10,3.84,1.07,1.85,1.65,15.68
2019-12-11,3.83,1.07,1.79,1.61,14.99
2019-12-12,3.7,1.06,1.9,1.66,13.94
2019-12-13,3.71,1.05,1.82,1.61,12.63
2019-12-16,3.62,1.04,1.89,1.65,12.14
2019-12-17,3.58,1.03,1.89,1.63,12.29
2019-12-18,3.51,1.02,1.92,1.63,12.58
2019-12-19,3.54,1.01,1.92,1.62,12.5
2019-12-20,3.53,1.01,1.92,1.63,12.51
2019-12-23,3.52,1.01,1.93,1.64,12.61
2019-12-24,3.53,1.0,1.9,1.62,12.67
2019-12-26,3.53,1.0,1.9,1.64,12.65
2019-12-27,3.56,1.0,1.88,1.59,13.43
2019-12-30,3.6,1.0,1.9,1.58,14.82
2019-12-31,3.6,1.01,1.92,1.58,13.78
2020-01-02,3.56,1.01,1.88,1.58,12.47
2020-01-03,3.61,1.03,1.8,1.53,14.02
2020-01-06,3.57,1.03,1.81,1.54,13.85
2020-01-07,3.54,1.04,1.83,1.54,13.79
2020-01-08,3.5,1.03,1.87,1.58,13.45
2020-01-09,3.49,1.02,1.85,1.58,12.54
2020-01-10,3.48,1.01,1.83,1.56,12.56
2020-01-13,3.48,1.01,1.85,1.58,12.32
2020-01-14,3.45,1.02,1.82,1.58,12.39
2020-01-15,3.44,1.02,1.79,1.56,12.42
2020-01-16,3.42,1.01,1.81,1.58,12.32
2020-01-17,3.39,0.99,1.84,1.58,12.1
2020-01-20,3.38,0.99,1.84,1.58,12.1
2020-01-21,3.47,0.99,1.78,1.53,12.85
2020-01-22,3.49,0.99,1.77,1.53,12.91
2020-01-23,3.58,1.0,1.74,1.51,12.98
2020-01-24,3.68,1.01,1.7,1.49,14.56
2020-01-27,4.03,1.04,1.61,1.44,18.23
2020-01-28,3.86,1.04,1.65,1.45,16.28
2020-01-29,3.83,1.04,1.6,1.42,16.39
2020-01-30,3.95,1.06,1.57,1.41,15.49
2020-01-31,4.03,1.09,1.51,1.33,18.84
2020-02-03,3.97,1.08,1.54,1.36,17.97
2020-02-04,3.85,1.06,1.61,1.41,16.05
2020-02-05,3.75,1.05,1.66,1.44,15.15
2020-02-06,3.7,1.03,1.65,1.44,14.96
2020-02-07,3.75,1.04,1.59,1.41,15.47
2020-02-10,3.75,1.04,1.56,1.37,15.04
2020-02-11,3.65,1.04,1.59,1.41,15.18
2020-02-12,3.59,1.02,1.62,1.44,13.74
2020-02-13,3.57,1.02,1.61,1.44,14.15
2020-02-14,3.56,1.02,1.59,1.42,13.68
2020-02-17,3.56,1.02,1.59,1.42,13.68
2020-02-18,3.61,1.02,1.55,1.41,14.83
2020-02-19,3.57,1.02,1.56,1.42,14.38
2020-02-20,3.62,1.04,1.52,1.39,15.56
2020-02-21,3.66,1.05,1.46,1.34,17.08
2020-02-24,4.03,1.1,1.38,1.26,25.03
2020-02-25,4.18,1.13,1.33,1.2,27.85
2020-02-26,4.27,1.15,1.33,1.16,27.56
2020-02-27,4.62,1.21,1.3,1.11,39.16
2020-02-28,5.04,1.31,1.13,0.86,40.11
2020-02-29,5.06,1.3,1.13,0.86,40.11
2020-03-02,4.97,1.33,1.1,0.84,33.42
2020-03-03,4.84,1.32,1.02,0.71,36.82
2020-03-04,4.75,1.32,1.02,0.67,31.99
2020-03-05,5.05,1.35,0.92,0.59,39.62
2020-03-06,5.64,1.49,0.74,0.49,41.94
2020-03-09,6.68,1.88,0.54,0.38,54.46
2020-03-10,6.38,1.87,0.76,0.5,47.3
2020-03-11,6.61,1.96,0.82,0.5,53.9
2020-03-12,7.42,2.22,0.88,0.5,75.47
2020-03-13,7.31,2.29,0.94,0.49,57.83
2020-03-16,8.38,2.55,0.73,0.36,82.69
2020-03-17,8.41,2.72,1.02,0.47,75.91
2020-03-18,9.04,3.03,1.18,0.54,76.45
2020-03-19,9.82,3.51,1.12,0.44,72.0
2020-03-20,10.09,3.87,0.92,0.37,66.04
2020-03-23,10.87,4.01,0.76,0.28,61.59
2020-03-24,10.55,3.82,0.84,0.38,61.67
2020-03-25,10.11,3.54,0.88,0.34,63.95
2020-03-26,9.29,3.33,0.83,0.3,61.0
2020-03-27,8.99,3.24,0.72,0.25,65.54
2020-03-30,8.82,3.15,0.7,0.23,57.08
2020-03-31,8.77,3.05,0.7,0.23,53.54
2020-04-01,9.11,3.05,0.62,0.23,57.06
2020-04-02,9.17,3.06,0.63,0.23,50.91
2020-04-03,9.43,3.08,0.62,0.23,46.8
2020-04-06,9.26,3.03,0.67,0.27,45.24
2020-04-07,8.88,2.92,0.75,0.28,46.7
2020-04-08,8.81,2.83,0.77,0.27,43.35
2020-04-09,7.96,2.61,0.73,0.23,41.67
2020-04-13,7.7,2.46,0.76,0.25,41.17
2020-04-14,7.35,2.35,0.76,0.23,37.76
2020-04-15,7.64,2.38,0.63,0.2,40.84
2020-04-16,7.58,2.36,0.61,0.2,40.11
2020-04-17,7.31,2.34,0.65,0.2,38.15
2020-04-20,7.52,2.36,0.63,0.2,43.83
2020-04-21,7.9,2.41,0.58,0.2,45.41
2020-04-22,7.85,2.39,0.63,0.22,41.98
2020-04-23,7.87,2.36,0.61,0.22,41.38
2020-04-24,8.03,2.36,0.6,0.22,35.93
2020-04-27,8.01,2.34,0.67,0.24,33.29
2020-04-28,8.02,2.34,0.62,0.2,33.57
2020-04-29,7.87,2.31,0.63,0.2,31.23
2020-04-30,7.63,2.17,0.64,0.2,34.15
2020-05-01,7.7,2.18,0.64,0.2,37.19
2020-05-04,7.79,2.2,0.64,0.19,35.97
2020-05-05,7.6,2.18,0.66,0.19,33.61
2020-05-06,7.6,2.18,0.72,0.17,34.12
2020-05-07,7.6,2.21,0.63,0.13,31.44
2020-05-08,7.52,2.22,0.69,0.16,27.98
2020-05-11,7.51,2.23,0.73,0.17,27.57
2020-05-12,7.42,2.22,0.69,0.17,33.04
2020-05-13,7.61,2.21,0.64,0.16,35.28
2020-05-14,7.77,2.21,0.63,0.16,32.61
2020-05-15,7.78,2.2,0.64,0.16,31.89
2020-05-18,7.41,2.12,0.73,0.18,29.3
2020-05-19,7.35,2.06,0.7,0.17,30.53
2020-05-20,7.16,2.01,0.68,0.16,27.99
2020-05-21,7.08,1.98,0.68,0.17,29.53
2020-05-22,7.06,1.97,0.66,0.17,28.16
2020-05-25,7.06,1.96,0.66,0.17,28.16
2020-05-26,6.75,1.92,0.69,0.18,28.01
2020-05-27,6.7,1.9,0.68,0.19,27.62
2020-05-28,6.6,1.87,0.7,0.17,28.59
2020-05-29,6.71,1.85,0.65,0.16,27.51
2020-05-31,6.54,1.87,0.65,0.16,27.51
2020-06-01,6.43,1.85,0.66,0.14,28.23
2020-06-02,6.18,1.81,0.68,0.17,26.84
2020-06-03,5.8,1.74,0.77,0.19,25.66
2020-06-04,5.83,1.7,0.82,0.19,25.81
2020-06-05,5.5,1.6,0.91,0.22,24.52
2020-06-08,5.51,1.56,0.88,0.22,25.81
2020-06-09,5.75,1.59,0.84,0.2,27.57
2020-06-10,5.92,1.61,0.75,0.17,27.57
2020-06-11,6.4,1.7,0.66,0.19,40.79
2020-06-12,6.28,1.69,0.71,0.19,36.09
2020-06-15,6.25,1.7,0.71,0.19,34.4
2020-06-16,5.78,1.58,0.75,0.21,33.67
2020-06-17,5.85,1.57,0.74,0.19,33.47
2020-06-18,6.01,1.58,0.71,0.19,32.94
2020-06-19,6.02,1.57,0.7,0.19,35.12
2020-06-22,6.03,1.57,0.71,0.19,31.77
2020-06-23,6.02,1.56,0.72,0.18,31.37
2020-06-24,6.23,1.6,0.69,0.19,33.84
2020-06-25,6.3,1.61,0.68,0.17,32.22
2020-06-26,6.41,1.62,0.64,0.17,34.73
2020-06-29,6.52,1.62,0.64,0.16,31.78
2020-06-30,6.44,1.6,0.66,0.16,30.43
2020-07-01,6.33,1.58,0.69,0.17,28.62
2020-07-02,6.17,1.54,0.68,0.16,27.68
2020-07-03,6.17,1.54,0.68,0.16,27.68
2020-07-06,6.03,1.51,0.69,0.16,27.94
2020-07-07,6.04,1.51,0.65,0.16,29.43
2020-07-08,6.06,1.51,0.67,0.16,28.08
2020-07-09,6.14,1.52,0.62,0.16,29.26
2020-07-10,6.14,1.52,0.65,0.16,27.29
2020-07-13,6.01,1.5,0.64,0.16,32.19
2020-07-14,6.03,1.5,0.63,0.14,29.52
2020-07-15,5.81,1.48,0.64,0.16,27.76
2020-07-16,5.76,1.47,0.62,0.16,28.0
2020-07-17,5.74,1.46,0.64,0.14,25.68
2020-07-20,5.54,1.44,0.62,0.16,24.46
2020-07-21,5.33,1.41,0.61,0.14,24.84
2020-07-22,5.28,1.39,0.6,0.14,24.32
2020-07-23,5.26,1.39,0.59,0.16,26.08
2020-07-24,5.29,1.39,0.59,0.14,25.84
2020-07-27,5.24,1.39,0.62,0.15,24.74
2020-07-28,5.27,1.4,0.59,0.14,25.44
2020-07-29,5.15,1.4,0.58,0.12,24.1
2020-07-30,5.14,1.41,0.55,0.11,24.76
2020-07-31,5.16,1.41,0.55,0.11,24.46
2020-08-03,5.08,1.4,0.56,0.11,24.28
2020-08-04,5.13,1.4,0.52,0.11,23.76
2020-08-05,5.04,1.37,0.55,0.11,22.99
2020-08-06,5.06,1.36,0.55,0.11,22.65
2020-08-07,5.06,1.35,0.57,0.13,22.21
2020-08-10,5.09,1.34,0.59,0.14,22.13
2020-08-11,5.03,1.33,0.64,0.16,24.03
2020-08-12,5.1,1.33,0.69,0.16,22.28
2020-08-13,5.16,1.34,0.71,0.16,22.13
2020-08-14,5.26,1.35,0.71,0.14,22.05
2020-08-17,5.29,1.36,0.69,0.14,21.35
2020-08-18,5.26,1.37,0.67,0.14,21.51
2020-08-19,5.25,1.37,0.68,0.14,22.54
2020-08-20,5.28,1.38,0.65,0.13,22.72
2020-08-21,5.25,1.38,0.64,0.16,22.54
2020-08-24,5.17,1.37,0.65,0.14,22.37
2020-08-25,5.07,1.37,0.69,0.15,22.03
2020-08-26,5.02,1.37,0.69,0.16,23.27
2020-08-27,4.98,1.38,0.74,0.16,24.47
2020-08-28,5.0,1.37,0.74,0.14,22.96
2020-08-31,5.02,1.36,0.72,0.14,26.41
2020-09-01,4.97,1.35,0.68,0.13,26.12
2020-09-02,4.93,1.34,0.66,0.14,26.57
2020-09-03,5.04,1.35,0.63,0.13,33.6
2020-09-04,5.13,1.35,0.72,0.14,30.75
2020-09-07,5.13,1.35,0.72,0.14,30.75
2020-09-08,5.25,1.37,0.69,0.14,31.46
2020-09-09,5.16,1.37,0.71,0.14,28.81
2020-09-10,5.16,1.37,0.68,0.14,29.71
2020-09-11,5.21,1.37,0.67,0.13,26.87
2020-09-14,5.18,1.36,0.68,0.14,25.85
2020-09-15,5.14,1.36,0.68,0.14,25.59
2020-09-16,5.07,1.35,0.69,0.14,26.04
2020-09-17,5.14,1.35,0.69,0.13,26.46
2020-09-18,5.16,1.35,0.7,0.14,25.83
2020-09-21,5.42,1.37,0.68,0.14,27.78
2020-09-22,5.45,1.37,0.68,0.13,26.86
2020-09-23,5.47,1.39,0.68,0.14,28.58
2020-09-24,5.64,1.43,0.67,0.14,28.51
2020-09-25,5.64,1.46,0.66,0.12,26.38
2020-09-28,5.52,1.45,0.67,0.14,26.19
2020-09-29,5.5,1.44,0.66,0.11,26.27
2020-09-30,5.41,1.44,0.69,0.13,26.37
2020-10-01,5.36,1.43,0.68,0.14,26.7
2020-10-02,5.38,1.43,0.7,0.13,27.63
2020-10-05,5.18,1.4,0.78,0.14,27.96
2020-10-06,5.06,1.38,0.76,0.14,29.48
2020-10-07,5.02,1.36,0.81,0.16,28.06
2020-10-08,4.97,1.36,0.78,0.13,26.36
2020-10-09,4.92,1.35,0.79,0.16,25.0
2020-10-12,4.92,1.34,0.79,0.16,25.07
2020-10-13,4.88,1.33,0.74,0.16,26.07
2020-10-14,4.89,1.33,0.73,0.14,26.4
2020-10-15,5.01,1.34,0.74,0.14,26.97
2020-10-16,4.94,1.33,0.76,0.14,27.41
2020-10-19,4.91,1.32,0.78,0.16,29.18
2020-10-20,4.9,1.32,0.81,0.14,29.35
2020-10-21,4.91,1.31,0.83,0.14,28.65
2020-10-22,4.88,1.31,0.87,0.16,28.11
2020-10-23,4.87,1.3,0.85,0.18,27.55
2020-10-26,5.03,1.3,0.81,0.16,32.46
2020-10-27,5.06,1.3,0.79,0.16,33.35
2020-10-28,5.29,1.32,0.79,0.16,40.28
2020-10-29,5.25,1.33,0.85,0.16,37.59
2020-10-30,5.25,1.33,0.88,0.14,38.02
2020-10-31,5.32,1.34,0.88,0.14,38.02
2020-11-02,5.25,1.33,0.87,0.16,37.13
2020-11-03,5.07,1.32,0.9,0.17,35.55
2020-11-04,4.79,1.3,0.78,0.14,29.57
2020-11-05,4.59,1.27,0.79,0.14,27.58
2020-11-06,4.67,1.25,0.83,0.16,24.86
2020-11-09,4.22,1.19,0.96,0.17,25.75
2020-11-10,4.37,1.19,0.98,0.19,24.8
2020-11-11,4.37,1.18,0.98,0.19,23.45
2020-11-12,4.62,1.21,0.88,0.17,25.35
2020-11-13,4.63,1.21,0.89,0.17,23.1
2020-11-16,4.5,1.19,0.91,0.19,22.45
2020-11-17,4.48,1.19,0.87,0.18,22.71
2020-11-18,4.42,1.17,0.88,0.16,23.84
2020-11-19,4.48,1.16,0.86,0.18,23.11
2020-11-20,4.49,1.16,0.83,0.16,23.7
2020-11-23,4.43,1.16,0.86,0.16,22.66
2020-11-24,4.31,1.15,0.88,0.16,21.64
2020-11-25,4.33,1.14,0.88,0.17,21.25
2020-11-26,4.33,1.14,0.88,0.17,21.25
2020-11-27,4.35,1.13,0.84,0.16,20.84
2020-11-30,4.33,1.12,0.84,0.16,20.57
2020-12-01,4.21,1.09,0.92,0.17,20.77
2020-12-02,4.17,1.08,0.95,0.16,21.17
2020-12-03,4.1,1.07,0.92,0.16,21.28
2020-12-04,4.03,1.07,0.97,0.16,20.79
2020-12-07,4.03,1.07,0.94,0.14,21.3
2020-12-08,4.03,1.08,0.92,0.14,20.68
2020-12-09,4.04,1.1,0.95,0.16,22.27
2020-12-10,4.08,1.11,0.92,0.14,22.52
2020-12-11,4.13,1.11,0.9,0.11,23.31
2020-12-14,4.07,1.11,0.9,0.13,24.72
2020-12-15,4.06,1.1,0.92,0.11,22.89
2020-12-16,4.06,1.08,0.92,0.13,22.5
2020-12-17,4.05,1.07,0.94,0.13,21.93
2020-12-18,4.03,1.07,0.95,0.13,21.57
2020-12-21,4.18,1.07,0.95,0.13,25.16
2020-12-22,4.12,1.07,0.93,0.13,24.23
2020-12-23,4.07,1.07,0.96,0.13,23.31
2020-12-24,4.05,1.06,0.94,0.13,21.53
2020-12-28,3.89,1.05,0.94,0.13,21.7
2020-12-29,3.85,1.05,0.94,0.12,23.08
2020-12-30,3.87,1.03,0.93,0.12,22.77
2020-12-31,3.86,1.03,0.93,0.13,22.75
2021-01-04,3.93,1.04,0.93,0.11,26.97
2021-01-05,3.92,1.05,0.96,0.13,25.34
2021-01-06,3.8,1.04,1.04,0.14,25.07
2021-01-07,3.78,1.03,1.08,0.14,22.37
2021-01-08,3.76,1.02,1.13,0.14,21.56
2021-01-11,3.82,1.01,1.15,0.14,24.08
2021-01-12,3.85,1.01,1.15,0.14,23.33
2021-01-13,3.82,1.0,1.1,0.14,22.21
2021-01-14,3.73,0.99,1.15,0.16,23.25
2021-01-15,3.74,1.0,1.11,0.13,24.34
2021-01-18,3.73,0.99,1.11,0.13,24.34
2021-01-19,3.71,0.99,1.1,0.14,23.24
2021-01-20,3.67,0.99,1.1,0.13,21.58
2021-01-21,3.65,1.0,1.12,0.13,21.32
2021-01-22,3.75,1.01,1.1,0.13,21.91
2021-01-25,3.75,1.02,1.05,0.13,23.19
2021-01-26,3.74,1.02,1.05,0.11,23.02
2021-01-27,3.85,1.03,1.04,0.12,37.21
2021-01-28,3.76,1.02,1.07,0.12,30.21
2021-01-29,3.79,1.02,1.11,0.11,33.09
2021-01-31,3.84,1.03,1.11,0.11,33.09
2021-02-01,3.83,1.03,1.09,0.11,30.24
2021-02-02,3.75,1.02,1.12,0.11,25.56
2021-02-03,3.68,1.01,1.15,0.11,22.91
2021-02-04,3.64,1.0,1.15,0.11,21.77
2021-02-05,3.58,0.99,1.19,0.09,20.87
2021-02-08,3.54,0.98,1.19,0.11,21.24
2021-02-09,3.51,0.98,1.18,0.11,21.63
2021-02-10,3.51,0.98,1.15,0.11,21.99
2021-02-11,3.5,0.98,1.16,0.11,21.25
2021-02-12,3.48,0.97,1.2,0.11,19.97
2021-02-15,3.47,0.97,1.2,0.11,19.97
2021-02-16,3.41,0.95,1.3,0.13,21.46
2021-02-17,3.44,0.94,1.29,0.11,21.5
2021-02-18,3.46,0.94,1.29,0.11,22.49
2021-02-19,3.41,0.94,1.34,0.11,22.05
2021-02-22,3.44,0.95,1.37,0.11,23.45
2021-02-23,3.47,0.97,1.37,0.11,23.11
2021-02-24,3.42,0.96,1.38,0.12,21.34
2021-02-25,3.42,0.95,1.54,0.17,28.89
2021-02-26,3.52,0.95,1.44,0.14,27.95
2021-02-28,3.57,0.95,1.44,0.14,27.95
2021-03-01,3.54,0.96,1.45,0.13,23.35
2021-03-02,3.53,0.96,1.42,0.13,24.1
2021-03-03,3.51,0.95,1.47,0.14,26.67
2021-03-04,3.54,0.97,1.54,0.14,28.57
2021-03-05,3.6,1.0,1.56,0.14,24.66
2021-03-08,3.57,1.02,1.59,0.17,25.47
2021-03-09,3.62,1.04,1.55,0.17,24.03
2021-03-10,3.63,1.04,1.53,0.16,22.56
2021-03-11,3.52,1.02,1.54,0.14,21.91
2021-03-12,3.55,1.02,1.64,0.14,20.69
2021-03-15,3.55,1.02,1.62,0.14,20.03
2021-03-16,3.55,1.01,1.62,0.15,19.79
2021-03-17,3.65,1.02,1.63,0.13,19.23
2021-03-18,3.66,1.0,1.71,0.16,21.58
2021-03-19,3.67,1.0,1.74,0.16,20.95
2021-03-22,3.58,1.0,1.69,0.15,18.88
2021-03-23,3.57,1.01,1.63,0.15,20.3
2021-03-24,3.51,1.01,1.62,0.14,21.2
2021-03-25,3.53,1.02,1.63,0.14,19.81
2021-03-26,3.48,1.01,1.67,0.14,18.86
2021-03-29,3.43,1.0,1.73,0.14,20.74
2021-03-30,3.44,0.99,1.73,0.16,19.61
2021-03-31,3.36,0.97,1.74,0.16,19.4
2021-04-01,3.33,0.95,1.69,0.17,17.33
2021-04-02,3.33,0.95,1.72,0.19,17.33
2021-04-05,3.25,0.94,1.73,0.17,17.91
2021-04-06,3.25,0.95,1.67,0.16,18.12
2021-04-07,3.22,0.95,1.68,0.16,17.16
2021-04-08,3.21,0.95,1.64,0.14,16.95
2021-04-09,3.24,0.94,1.67,0.16,16.69
2021-04-12,3.24,0.94,1.69,0.18,16.91
2021-04-13,3.32,0.94,1.64,0.16,16.65
2021-04-14,3.25,0.93,1.64,0.16,16.99
2021-04-15,3.25,0.94,1.56,0.16,16.57
2021-04-16,3.22,0.94,1.59,0.16,16.25
2021-04-19,3.25,0.95,1.61,0.16,17.29
2021-04-20,3.35,0.96,1.58,0.15,18.68
2021-04-21,3.34,0.96,1.57,0.15,17.5
2021-04-22,3.34,0.96,1.57,0.16,18.71
2021-04-23,3.29,0.95,1.58,0.16,17.33
2021-04-26,3.26,0.95,1.58,0.18,17.64
2021-04-27,3.24,0.94,1.63,0.17,17.56
2021-04-28,3.26,0.94,1.63,0.17,17.28
2021-04-29,3.24,0.94,1.65,0.16,17.61
2021-04-30,3.28,0.94,1.65,0.16,18.61
2021-05-03,3.27,0.94,1.63,0.16,18.31
2021-05-04,3.32,0.94,1.61,0.16,19.48
2021-05-05,3.29,0.94,1.59,0.16,19.15
2021-05-06,3.3,0.94,1.58,0.16,18.39
2021-05-07,3.27,0.93,1.6,0.14,16.69
2021-05-10,3.26,0.93,1.63,0.16,19.66
2021-05-11,3.36,0.93,1.64,0.16,21.84
2021-05-12,3.34,0.93,1.69,0.16,27.59
2021-05-13,3.37,0.93,1.66,0.16,23.13
2021-05-14,3.35,0.92,1.63,0.16,18.81
2021-05-17,3.35,0.91,1.64,0.16,19.72
2021-05-18,3.35,0.91,1.64,0.16,21.34
2021-05-19,3.4,0.92,1.68,0.16,22.18
2021-05-20,3.42,0.92,1.63,0.15,20.67
2021-05-21,3.37,0.91,1.63,0.17,20.15
2021-05-24,3.37,0.91,1.61,0.15,18.4
2021-05-25,3.34,0.9,1.56,0.15,18.84
2021-05-26,3.35,0.9,1.58,0.14,17.36
2021-05-27,3.3,0.9,1.61,0.14,16.74
2021-05-28,3.29,0.9,1.58,0.14,16.76
2021-05-31,3.34,0.91,1.58,0.14,16.76
2021-06-01,3.33,0.91,1.62,0.16,17.9
2021-06-02,3.31,0.9,1.59,0.13,17.48
2021-06-03,3.28,0.9,1.63,0.16,18.04
2021-06-04,3.28,0.91,1.56,0.14,16.42
2021-06-07,3.27,0.91,1.57,0.16,16.42
2021-06-08,3.26,0.91,1.53,0.14,17.07
2021-06-09,3.22,0.91,1.5,0.16,17.89
2021-06-10,3.23,0.91,1.45,0.14,16.1
2021-06-11,3.21,0.9,1.47,0.16,15.65
2021-06-14,3.17,0.89,1.51,0.16,16.39
2021-06-15,3.17,0.89,1.51,0.16,17.02
2021-06-16,3.12,0.87,1.57,0.21,18.15
2021-06-17,3.15,0.87,1.52,0.23,17.75
2021-06-18,3.18,0.87,1.45,0.26,20.7
2021-06-21,3.14,0.87,1.5,0.27,17.89
2021-06-22,3.15,0.88,1.48,0.25,16.66
2021-06-23,3.13,0.88,1.5,0.26,16.32
2021-06-24,3.08,0.87,1.49,0.26,15.97
2021-06-25,3.04,0.86,1.54,0.28,15.62
2021-06-28,3.05,0.86,1.49,0.25,15.76
2021-06-29,3.03,0.86,1.49,0.27,16.02
2021-06-30,3.04,0.86,1.45,0.25,15.83
2021-07-01,3.02,0.87,1.48,0.25,15.48
2021-07-02,3.04,0.87,1.44,0.24,15.07
2021-07-05,3.03,0.87,1.44,0.24,15.07
2021-07-06,3.05,0.87,1.37,0.22,16.44
2021-07-07,3.05,0.88,1.33,0.22,16.2
2021-07-08,3.14,0.9,1.3,0.19,19.0
2021-07-09,3.07,0.9,1.37,0.23,16.18
2021-07-12,3.05,0.9,1.38,0.23,16.17
2021-07-13,3.04,0.89,1.42,0.26,17.12
2021-07-14,3.1,0.89,1.37,0.23,16.33
2021-07-15,3.14,0.9,1.31,0.23,17.01
2021-07-16,3.18,0.91,1.31,0.25,18.45
2021-07-19,3.44,0.93,1.19,0.21,22.5
2021-07-20,3.38,0.94,1.23,0.2,19.73
2021-07-21,3.24,0.93,1.3,0.22,17.91
2021-07-22,3.24,0.93,1.27,0.2,17.69
2021-07-23,3.22,0.92,1.3,0.22,17.2
2021-07-26,3.21,0.92,1.29,0.22,17.58
2021-07-27,3.27,0.92,1.25,0.2,19.36
2021-07-28,3.26,0.92,1.26,0.2,18.31
2021-07-29,3.23,0.91,1.28,0.2,17.7
2021-07-30,3.26,0.91,1.24,0.19,18.24
2021-07-31,3.32,0.92,1.24,0.19,18.24
2021-08-02,3.36,0.93,1.2,0.17,19.46
2021-08-03,3.42,0.93,1.19,0.17,18.04
2021-08-04,3.42,0.93,1.19,0.17,17.97
2021-08-05,3.37,0.93,1.23,0.21,17.28
2021-08-06,3.32,0.93,1.31,0.21,16.15
2021-08-09,3.34,0.93,1.33,0.23,16.72
2021-08-10,3.32,0.93,1.36,0.24,16.79
2021-08-11,3.37,0.93,1.35,0.23,16.06
2021-08-12,3.34,0.93,1.36,0.23,15.59
2021-08-13,3.36,0.93,1.29,0.23,15.45
2021-08-16,3.38,0.93,1.26,0.21,16.12
2021-08-17,3.37,0.93,1.26,0.23,17.91
2021-08-18,3.35,0.94,1.27,0.23,21.57
2021-08-19,3.42,0.95,1.24,0.22,21.67
2021-08-20,3.37,0.95,1.26,0.23,18.56
2021-08-23,3.34,0.95,1.25,0.23,17.15
2021-08-24,3.26,0.94,1.29,0.24,17.22
2021-08-25,3.22,0.93,1.35,0.23,16.79
2021-08-26,3.2,0.93,1.34,0.25,18.84
2021-08-27,3.17,0.92,1.31,0.22,16.39
2021-08-30,3.16,0.92,1.29,0.2,16.19
2021-08-31,3.21,0.92,1.3,0.2,16.48
2021-09-01,3.19,0.92,1.31,0.2,16.11
2021-09-02,3.16,0.92,1.29,0.2,16.41
2021-09-03,3.14,0.92,1.33,0.21,16.41
2021-09-06,3.13,0.92,1.33,0.21,16.41
2021-09-07,3.16,0.92,1.38,0.22,18.14
2021-09-08,3.16,0.92,1.35,0.22,17.96
2021-09-09,3.15,0.92,1.3,0.23,18.8
2021-09-10,3.11,0.91,1.35,0.23,20.95
2021-09-13,3.09,0.9,1.33,0.21,19.37
2021-09-14,3.11,0.9,1.28,0.21,19.46
2021-09-15,3.08,0.9,1.31,0.21,18.18
2021-09-16,3.06,0.9,1.34,0.23,18.69
2021-09-17,3.04,0.9,1.37,0.23,20.81
2021-09-20,3.23,0.91,1.31,0.23,25.71
2021-09-21,3.17,0.91,1.33,0.22,24.36
2021-09-22,3.09,0.9,1.32,0.25,20.87
2021-09-23,3.03,0.89,1.41,0.27,18.63
2021-09-24,3.05,0.87,1.47,0.29,17.75
2021-09-27,3.06,0.86,1.48,0.31,18.76
2021-09-28,3.13,0.87,1.54,0.31,23.25
2021-09-29,3.09,0.87,1.55,0.3,22.56
2021-09-30,3.15,0.89,1.52,0.28,23.14
2021-10-01,3.2,0.89,1.48,0.27,21.15
2021-10-04,3.21,0.89,1.49,0.27,22.96
2021-10-05,3.17,0.89,1.54,0.28,21.3
2021-10-06,3.29,0.9,1.53,0.3,21.0
2021-10-07,3.19,0.9,1.58,0.32,19.54
2021-10-08,3.2,0.9,1.61,0.32,18.77
2021-10-11,3.2,0.9,1.61,0.32,20.0
2021-10-12,3.28,0.91,1.59,0.35,19.85
2021-10-13,3.25,0.91,1.56,0.37,18.64
2021-10-14,3.18,0.9,1.52,0.36,16.86
2021-10-15,3.12,0.89,1.59,0.41,16.3
2021-10-18,3.11,0.89,1.59,0.44,16.31
2021-10-19,3.09,0.89,1.65,0.41,15.7
2021-10-20,3.07,0.89,1.65,0.4,15.49
2021-10-21,3.03,0.89,1.68,0.45,15.01
2021-10-22,3.07,0.89,1.66,0.48,15.43
2021-10-25,3.11,0.89,1.64,0.47,15.24
2021-10-26,3.09,0.89,1.63,0.47,15.98
2021-10-27,3.11,0.89,1.54,0.5,16.98
2021-10-28,3.08,0.89,1.57,0.5,16.53
2021-10-29,3.08,0.89,1.55,0.48,16.26
2021-10-31,3.15,0.89,1.55,0.48,16.26
2021-11-01,3.16,0.9,1.58,0.5,16.41
2021-11-02,3.21,0.91,1.56,0.46,16.03
2021-11-03,3.18,0.91,1.6,0.47,15.1
2021-11-04,3.19,0.9,1.53,0.41,15.44
2021-11-05,3.12,0.9,1.45,0.39,16.48
2021-11-08,3.03,0.89,1.51,0.45,17.22
2021-11-09,3.08,0.9,1.46,0.41,17.78
2021-11-10,3.06,0.9,1.56,0.51,18.73
2021-11-11,3.06,0.9,1.56,0.51,17.66
2021-11-12,3.09,0.91,1.58,0.53,16.29
2021-11-15,3.1,0.91,1.63,0.53,16.49
2021-11-16,3.12,0.93,1.63,0.54,16.37
2021-11-17,3.17,0.94,1.6,0.52,17.11
2021-11-18,3.19,0.94,1.59,0.52,17.59
2021-11-19,3.24,0.94,1.54,0.52,17.91
2021-11-22,3.18,0.94,1.63,0.63,19.17
2021-11-23,3.3,0.96,1.67,0.6,19.38
2021-11-24,3.32,0.96,1.64,0.64,18.58
2021-11-25,3.32,0.96,1.64,0.64,18.58
2021-11-26,3.62,1.01,1.48,0.5,28.62
2021-11-29,3.53,1.02,1.52,0.51,22.96
2021-11-30,3.67,1.03,1.43,0.52,27.19
2021-12-01,3.58,1.03,1.43,0.56,31.12
2021-12-02,3.54,1.04,1.44,0.63,27.95
2021-12-03,3.56,1.03,1.35,0.6,30.67
2021-12-06,3.41,1.02,1.43,0.65,27.18
2021-12-07,3.16,1.0,1.48,0.7,21.89
2021-12-08,3.21,0.99,1.52,0.68,19.9
2021-12-09,3.25,0.99,1.49,0.7,21.58
2021-12-10,3.29,1.0,1.48,0.67,18.69
2021-12-13,3.33,1.0,1.42,0.66,20.31
2021-12-14,3.35,1.01,1.44,0.67,21.89
2021-12-15,3.33,1.01,1.47,0.69,19.29
2021-12-16,3.32,1.01,1.44,0.64,20.57
2021-12-17,3.36,1.01,1.41,0.66,21.57
2021-12-20,3.41,1.03,1.43,0.65,22.87
2021-12-21,3.25,1.02,1.48,0.7,21.01
2021-12-22,3.21,1.01,1.46,0.68,18.63
2021-12-23,3.12,1.0,1.5,0.71,17.96
2021-12-27,3.02,0.99,1.48,0.76,17.68
2021-12-28,3.01,0.98,1.49,0.74,17.54
2021-12-29,3.03,0.97,1.55,0.75,16.95
2021-12-30,3.09,0.97,1.52,0.73,17.33
2021-12-31,3.1,0.98,1.52,0.73,17.22
2022-01-03,3.05,0.97,1.63,0.78,16.6
2022-01-04,3.09,0.96,1.66,0.77,16.91
2022-01-05,3.07,0.95,1.71,0.83,19.73
2022-01-06,3.15,0.95,1.73,0.88,19.61
2022-01-07,3.2,0.95,1.76,0.87,18.76
2022-01-10,3.24,0.96,1.78,0.92,19.4
2022-01-11,3.18,0.96,1.75,0.9,18.41
2022-01-12,3.06,0.96,1.74,0.92,17.62
2022-01-13,3.1,0.97,1.7,0.91,20.31
2022-01-14,3.09,0.97,1.78,0.99,19.19
2022-01-17,3.09,0.97,1.78,0.99,19.19
2022-01-18,3.12,0.98,1.87,1.06,22.79
2022-01-19,3.11,0.99,1.83,1.04,23.85
2022-01-20,3.1,1.0,1.83,1.08,25.59
2022-01-21,3.29,1.03,1.75,1.01,28.85
2022-01-24,3.44,1.05,1.75,0.99,29.9
2022-01-25,3.39,1.05,1.78,1.02,31.16
2022-01-26,3.25,1.03,1.85,1.13,31.96
2022-01-27,3.46,1.07,1.81,1.18,30.49
2022-01-28,3.61,1.09,1.78,1.15,27.66
2022-01-31,3.63,1.1,1.79,1.18,24.83
2022-02-01,3.51,1.08,1.81,1.18,21.96
2022-02-02,3.45,1.08,1.78,1.16,22.09
2022-02-03,3.51,1.08,1.82,1.19,24.35
2022-02-04,3.56,1.09,1.93,1.31,23.22
2022-02-07,3.6,1.1,1.92,1.3,22.86
2022-02-08,3.55,1.1,1.96,1.35,21.44
2022-02-09,3.46,1.09,1.94,1.36,19.96
2022-02-10,3.44,1.08,2.03,1.61,23.91
2022-02-11,3.66,1.1,1.92,1.5,27.36
2022-02-14,3.74,1.11,1.98,1.58,28.33
2022-02-15,3.67,1.11,2.05,1.58,25.7
2022-02-16,3.68,1.14,2.03,1.52,24.29
2022-02-17,3.74,1.18,1.97,1.49,28.11
2022-02-18,3.78,1.2,1.92,1.47,27.75
2022-02-21,3.78,1.2,1.92,1.47,27.75
2022-02-22,3.75,1.23,1.94,1.56,28.81
2022-02-23,3.72,1.24,1.99,1.58,31.02
2022-02-24,3.93,1.32,1.96,1.54,30.32
2022-02-25,3.62,1.27,1.97,1.55,27.59
2022-02-28,3.77,1.3,1.83,1.44,30.15
2022-03-01,3.89,1.33,1.72,1.31,33.32
2022-03-02,3.71,1.33,1.86,1.5,30.74
2022-03-03,3.71,1.33,1.86,1.53,30.48
2022-03-04,3.9,1.38,1.74,1.5,31.98
2022-03-07,4.01,1.43,1.78,1.55,36.45
2022-03-08,4.03,1.49,1.86,1.63,35.13
2022-03-09,3.94,1.47,1.94,1.68,32.45
2022-03-10,4.0,1.48,1.98,1.72,30.23
2022-03-11,4.05,1.5,2.0,1.75,30.75
2022-03-14,4.16,1.51,2.14,1.87,31.77
2022-03-15,4.21,1.52,2.15,1.85,29.83
2022-03-16,3.96,1.46,2.19,1.95,26.67
2022-03-17,3.81,1.39,2.2,1.94,25.67
2022-03-18,3.81,1.37,2.14,1.97,23.87
2022-03-21,3.67,1.33,2.32,2.14,23.53
2022-03-22,3.7,1.31,2.38,2.18,22.94
2022-03-23,3.72,1.31,2.32,2.13,23.57
2022-03-24,3.67,1.32,2.34,2.13,21.67
2022-03-25,3.51,1.29,2.48,2.3,20.81
2022-03-28,3.54,1.29,2.46,2.35,19.63
2022-03-29,3.38,1.26,2.41,2.35,18.9
2022-03-30,3.33,1.25,2.35,2.31,19.33
2022-03-31,3.43,1.22,2.32,2.28,20.56
2022-04-01,3.4,1.2,2.39,2.44,19.63
2022-04-04,3.33,1.18,2.42,2.43,18.57
2022-04-05,3.27,1.15,2.54,2.51,21.03
2022-04-06,3.48,1.18,2.61,2.5,22.1
2022-04-07,3.54,1.18,2.66,2.47,21.55
2022-04-08,3.57,1.2,2.72,2.53,21.16
2022-04-11,3.73,1.22,2.79,2.5,24.37
2022-04-12,3.75,1.25,2.72,2.39,24.26
2022-04-13,3.77,1.28,2.7,2.37,21.82
2022-04-14,3.68,1.26,2.83,2.47,22.7
2022-04-18,3.64,1.27,2.85,2.46,22.17
2022-04-19,3.58,1.28,2.93,2.61,21.37
2022-04-20,3.56,1.29,2.85,2.6,20.32
2022-04-21,3.5,1.3,2.9,2.68,22.68
2022-04-22,3.65,1.33,2.9,2.72,28.21
2022-04-25,3.8,1.35,2.81,2.63,27.02
2022-04-26,3.83,1.36,2.77,2.54,33.52
2022-04-27,3.89,1.38,2.82,2.58,31.6
2022-04-28,3.83,1.38,2.85,2.63,29.99
2022-04-29,3.93,1.39,2.89,2.7,33.4
2022-04-30,3.97,1.41,2.89,2.7,33.4
2022-05-02,4.05,1.41,2.99,2.73,32.34
2022-05-03,3.97,1.4,2.97,2.78,29.25
2022-05-04,4.1,1.41,2.93,2.66,25.42
2022-05-05,4.03,1.39,3.05,2.71,31.2
2022-05-06,4.18,1.4,3.12,2.72,30.19
2022-05-09,4.47,1.44,3.05,2.61,34.75
2022-05-10,4.52,1.45,2.99,2.62,32.99
2022-05-11,4.55,1.45,2.91,2.66,32.56
2022-05-12,4.77,1.48,2.84,2.56,31.77
2022-05-13,4.63,1.47,2.93,2.61,28.87
2022-05-16,4.71,1.49,2.88,2.58,27.47
2022-05-17,4.6,1.49,2.98,2.71,26.1
2022-05-18,4.84,1.52,2.89,2.68,30.96
2022-05-19,4.92,1.54,2.84,2.63,29.35
2022-05-20,4.91,1.55,2.78,2.6,29.43
2022-05-23,4.82,1.53,2.86,2.65,28.48
2022-05-24,4.94,1.54,2.76,2.5,29.45
2022-05-25,4.74,1.49,2.75,2.48,28.37
2022-05-26,4.38,1.44,2.75,2.46,27.5
2022-05-27,4.19,1.41,2.74,2.47,25.72
2022-05-30,4.19,1.41,2.74,2.47,26.54
2022-05-31,4.22,1.4,2.85,2.53,26.19
2022-06-01,4.13,1.37,2.94,2.66,25.69
2022-06-02,4.15,1.38,2.92,2.65,24.72
2022-06-03,4.21,1.38,2.96,2.66,24.79
2022-06-06,4.19,1.37,3.04,2.73,25.07
2022-06-07,4.34,1.38,2.98,2.75,24.02
2022-06-08,4.34,1.37,3.03,2.78,23.96
2022-06-09,4.42,1.38,3.04,2.83,26.09
2022-06-10,4.51,1.41,3.15,3.06,27.75
2022-06-13,4.87,1.46,3.43,3.4,34.02
2022-06-14,4.9,1.46,3.49,3.45,32.69
2022-06-15,4.82,1.45,3.33,3.2,29.62
2022-06-16,5.17,1.49,3.28,3.14,32.95
2022-06-17,5.15,1.5,3.25,3.17,31.13
2022-06-20,5.15,1.5,3.25,3.17,31.03
2022-06-21,5.05,1.49,3.31,3.21,30.19
2022-06-22,5.32,1.54,3.16,3.06,28.95
2022-06-23,5.38,1.56,3.09,3.01,29.05
2022-06-24,5.18,1.55,3.13,3.04,27.23
2022-06-27,5.11,1.54,3.2,3.08,26.95
2022-06-28,5.26,1.56,3.2,3.1,28.36
2022-06-29,5.62,1.58,3.1,3.06,28.16
2022-06-30,5.87,1.64,2.98,2.92,28.71
2022-07-01,5.92,1.65,2.88,2.84,26.7
2022-07-04,5.93,1.65,2.88,2.84,27.53
2022-07-05,5.99,1.67,2.82,2.82,27.54
2022-07-06,5.8,1.65,2.93,2.97,26.73
2022-07-07,5.5,1.6,3.01,3.03,26.08
2022-07-08,5.36,1.57,3.09,3.12,24.64
2022-07-11,5.44,1.58,2.99,3.07,26.17
2022-07-12,5.43,1.59,2.96,3.03,27.29
2022-07-13,5.47,1.59,2.91,3.13,26.82
2022-07-14,5.53,1.6,2.96,3.15,26.4
2022-07-15,5.39,1.58,2.93,3.13,24.23
2022-07-18,5.25,1.55,2.96,3.15,25.3
2022-07-19,5.1,1.54,3.01,3.23,24.5
2022-07-20,4.9,1.52,3.04,3.25,23.88
2022-07-21,4.99,1.52,2.91,3.1,23.11
2022-07-22,4.96,1.52,2.77,2.98,23.03
2022-07-25,4.95,1.54,2.81,3.0,23.36
2022-07-26,5.06,1.56,2.81,3.02,24.69
2022-07-27,5.07,1.55,2.78,2.96,23.24
2022-07-28,4.98,1.54,2.68,2.85,22.33
2022-07-29,4.77,1.51,2.67,2.89,21.33
2022-07-31,4.83,1.53,2.67,2.89,21.33
2022-08-01,4.8,1.52,2.6,2.9,22.84
2022-08-02,4.61,1.51,2.75,3.06,23.93
2022-08-03,4.54,1.5,2.73,3.1,21.95
2022-08-04,4.55,1.5,2.68,3.03,21.44
2022-08-05,4.44,1.49,2.83,3.24,21.15
2022-08-08,4.41,1.49,2.77,3.21,21.29
2022-08-09,4.46,1.5,2.8,3.28,21.77
2022-08-10,4.33,1.47,2.78,3.23,19.74
2022-08-11,4.21,1.42,2.87,3.23,20.2
2022-08-12,4.25,1.41,2.84,3.25,19.53
2022-08-15,4.24,1.4,2.79,3.2,19.95
2022-08-16,4.25,1.39,2.82,3.25,19.69
2022-08-17,4.33,1.41,2.89,3.28,19.9
2022-08-18,4.37,1.41,2.88,3.22,19.56
2022-08-19,4.45,1.42,2.98,3.25,20.6
2022-08-22,4.62,1.44,3.03,3.32,23.8
2022-08-23,4.68,1.45,3.05,3.29,24.11
2022-08-24,4.61,1.43,3.11,3.36,22.82
2022-08-25,4.6,1.42,3.03,3.35,21.78
2022-08-26,4.65,1.42,3.04,3.37,25.56
2022-08-29,4.78,1.44,3.12,3.42,26.21
2022-08-30,4.9,1.45,3.11,3.46,26.21
2022-08-31,5.03,1.48,3.15,3.45,25.87
2022-09-01,5.08,1.5,3.26,3.51,25.56
2022-09-02,5.06,1.5,3.2,3.4,25.47
2022-09-05,5.07,1.51,3.2,3.4,25.99
2022-09-06,4.98,1.51,3.33,3.5,26.91
2022-09-07,4.97,1.51,3.27,3.45,24.64
2022-09-08,4.8,1.49,3.29,3.48,23.61
2022-09-09,4.57,1.47,3.33,3.56,22.79
2022-09-12,4.5,1.46,3.37,3.58,23.87
2022-09-13,4.68,1.46,3.42,3.75,27.27
2022-09-14,4.74,1.46,3.41,3.78,26.16
2022-09-15,4.77,1.45,3.45,3.87,26.27
2022-09-16,5.0,1.48,3.45,3.85,26.3
2022-09-19,4.88,1.47,3.49,3.95,25.76
2022-09-20,4.88,1.47,3.57,3.96,27.16
2022-09-21,4.87,1.47,3.51,4.02,27.99
2022-09-22,4.91,1.48,3.7,4.11,27.35
2022-09-23,5.12,1.51,3.69,4.2,29.92
2022-09-26,5.18,1.54,3.88,4.27,32.26
2022-09-27,5.22,1.58,3.97,4.3,32.6
2022-09-28,5.47,1.67,3.72,4.07,30.18
2022-09-29,5.5,1.68,3.76,4.16,31.84
2022-09-30,5.43,1.67,3.83,4.22,31.62
2022-10-03,5.43,1.65,3.67,4.12,30.1
2022-10-04,5.12,1.6,3.62,4.1,29.07
2022-10-05,5.09,1.61,3.76,4.15,28.55
2022-10-06,4.95,1.58,3.83,4.23,30.52
2022-10-07,5.02,1.6,3.89,4.3,31.36
2022-10-10,5.03,1.6,3.89,4.3,32.45
2022-10-11,5.25,1.67,3.93,4.3,33.63
2022-10-12,5.31,1.71,3.91,4.28,33.57
2022-10-13,5.25,1.71,3.97,4.47,31.94
2022-10-14,5.15,1.7,4.0,4.48,32.02
2022-10-17,5.04,1.7,4.02,4.45,31.37
2022-10-18,4.95,1.69,4.01,4.43,30.5
2022-10-19,4.97,1.7,4.14,4.55,30.76
2022-10-20,4.89,1.69,4.24,4.62,29.98
2022-10-21,4.99,1.71,4.21,4.49,29.69
2022-10-24,4.91,1.68,4.25,4.5,29.85
2022-10-25,4.88,1.69,4.1,4.42,28.46
2022-10-26,4.8,1.67,4.04,4.39,27.28
2022-10-27,4.76,1.68,3.96,4.3,27.39
2022-10-28,4.54,1.66,4.02,4.41,25.75
2022-10-31,4.63,1.66,4.1,4.51,25.88
2022-11-01,4.61,1.64,4.07,4.54,25.81
2022-11-02,4.62,1.62,4.1,4.61,25.86
2022-11-03,4.81,1.64,4.14,4.71,25.3
2022-11-04,4.77,1.61,4.17,4.66,24.55
2022-11-07,4.71,1.59,4.22,4.72,24.35
2022-11-08,4.79,1.6,4.14,4.67,25.54
2022-11-09,4.99,1.6,4.12,4.61,26.09
2022-11-10,4.8,1.58,3.82,4.34,23.53
2022-11-11,4.81,1.58,3.82,4.34,22.52
2022-11-14,4.67,1.52,3.88,4.4,23.73
2022-11-15,4.64,1.48,3.8,4.37,24.54
2022-11-16,4.71,1.48,3.67,4.35,24.11
2022-11-17,4.75,1.47,3.77,4.43,23.93
2022-11-18,4.65,1.45,3.82,4.51,23.12
2022-11-21,4.64,1.44,3.83,4.48,22.36
2022-11-22,4.57,1.43,3.76,4.47,21.29
2022-11-23,4.51,1.42,3.71,4.46,20.35
2022-11-24,4.51,1.42,3.71,4.46,20.42
2022-11-25,4.52,1.4,3.68,4.42,20.5
2022-11-28,4.63,1.4,3.69,4.46,22.21
2022-11-29,4.63,1.42,3.75,4.48,21.89
2022-11-30,4.55,1.42,3.68,4.38,20.58
2022-12-01,4.48,1.41,3.53,4.25,19.84
2022-12-02,4.5,1.4,3.51,4.28,19.06
2022-12-05,4.43,1.39,3.6,4.41,20.75
2022-12-06,4.57,1.39,3.51,4.34,22.17
2022-12-07,4.68,1.4,3.42,4.26,22.68
2022-12-08,4.55,1.38,3.48,4.31,22.29
2022-12-09,4.46,1.37,3.57,4.33,22.83
2022-12-12,4.4,1.37,3.61,4.39,25.0
2022-12-13,4.34,1.36,3.51,4.22,22.55
2022-12-14,4.37,1.37,3.49,4.23,21.14
2022-12-15,4.54,1.38,3.44,4.23,22.83
2022-12-16,4.67,1.39,3.48,4.17,22.62
2022-12-19,4.67,1.4,3.57,4.25,22.42
2022-12-20,4.68,1.41,3.69,4.25,21.48
2022-12-21,4.56,1.4,3.68,4.21,20.07
2022-12-22,4.61,1.39,3.67,4.24,21.97
2022-12-23,4.59,1.38,3.75,4.31,20.87
2022-12-27,4.55,1.38,3.84,4.32,21.65
2022-12-28,4.77,1.4,3.88,4.31,22.14
2022-12-29,4.81,1.38,3.83,4.34,21.44
2022-12-30,4.79,1.38,3.88,4.41,21.67
2022-12-31,4.81,1.38,3.88,4.41,21.67
2023-01-03,4.7,1.4,3.79,4.4,22.9
2023-01-04,4.62,1.4,3.69,4.36,22.01
2023-01-05,4.58,1.4,3.71,4.45,22.46
2023-01-06,4.47,1.4,3.55,4.24,21.13
2023-01-09,4.37,1.37,3.53,4.19,21.97
2023-01-10,4.33,1.35,3.61,4.24,20.58
2023-01-11,4.3,1.34,3.54,4.2,21.09
2023-01-12,4.29,1.33,3.43,4.12,18.83
2023-01-13,4.21,1.32,3.49,4.22,18.35
2023-01-16,4.19,1.32,3.49,4.22,19.49
2023-01-17,4.19,1.3,3.53,4.18,19.36
2023-01-18,4.25,1.29,3.37,4.06,20.34
2023-01-19,4.39,1.3,3.39,4.09,20.52
2023-01-20,4.35,1.29,3.48,4.14,19.85
2023-01-23,4.27,1.28,3.52,4.21,19.81
2023-01-24,4.33,1.29,3.46,4.12,19.2
2023-01-25,4.35,1.28,3.46,4.11,19.08
2023-01-26,4.24,1.26,3.49,4.17,18.73
2023-01-27,4.23,1.25,3.52,4.19,18.51
2023-01-30,4.26,1.25,3.55,4.25,19.94
2023-01-31,4.3,1.25,3.52,4.21,19.4
2023-02-01,4.31,1.25,3.39,4.09,17.87
2023-02-02,3.94,1.21,3.4,4.09,18.73
2023-02-03,3.95,1.2,3.53,4.3,18.33
2023-02-06,3.99,1.2,3.63,4.44,19.43
2023-02-07,3.99,1.2,3.67,4.47,18.66
2023-02-08,4.07,1.2,3.63,4.45,19.63
2023-02-09,4.05,1.2,3.67,4.48,20.71
2023-02-10,4.24,1.23,3.74,4.5,20.53
2023-02-13,4.23,1.24,3.72,4.52,20.34
2023-02-14,4.15,1.23,3.77,4.6,18.91
2023-02-15,4.18,1.23,3.81,4.62,18.23
2023-02-16,4.24,1.23,3.86,4.62,20.17
2023-02-17,4.38,1.26,3.82,4.6,20.02
2023-02-20,4.38,1.26,3.82,4.6,21.23
2023-02-21,4.49,1.28,3.95,4.67,22.87
2023-02-22,4.41,1.28,3.93,4.66,22.29
2023-02-23,4.3,1.28,3.88,4.66,21.14
2023-02-24,4.28,1.28,3.95,4.78,21.67
2023-02-27,4.21,1.28,3.92,4.78,20.95
2023-02-28,4.22,1.3,3.92,4.81,20.7
2023-03-01,4.17,1.29,4.01,4.89,20.58
2023-03-02,4.18,1.27,4.08,4.89,19.59
2023-03-03,4.05,1.25,3.97,4.86,18.49
2023-03-06,3.97,1.24,3.98,4.89,18.61
2023-03-07,3.98,1.25,3.97,5.0,19.59
2023-03-08,4.09,1.27,3.98,5.05,19.11
2023-03-09,4.27,1.3,3.93,4.9,22.61
2023-03-10,4.61,1.37,3.7,4.6,24.8
2023-03-13,5.03,1.51,3.55,4.03,26.52
2023-03-14,4.74,1.5,3.64,4.2,23.73
2023-03-15,5.2,1.64,3.51,3.93,26.14
2023-03-16,4.93,1.61,3.56,4.14,22.99
2023-03-17,5.17,1.62,3.39,3.81,25.51
2023-03-20,5.15,1.62,3.47,3.92,24.15
2023-03-21,4.85,1.52,3.59,4.17,21.38
2023-03-22,5.0,1.5,3.48,3.96,22.26
2023-03-23,5.1,1.52,3.38,3.76,22.61
2023-03-24,5.22,1.54,3.38,3.76,21.74
2023-03-27,5.03,1.52,3.53,3.94,20.6
2023-03-28,5.01,1.52,3.55,4.02,19.97
2023-03-29,4.83,1.5,3.57,4.08,19.12
2023-03-30,4.74,1.46,3.55,4.1,19.02
2023-03-31,4.58,1.45,3.48,4.06,18.7
2023-04-03,4.58,1.43,3.43,3.97,18.55
2023-04-04,4.73,1.43,3.35,3.84,19.0
2023-04-05,4.84,1.45,3.3,3.79,19.08
2023-04-06,4.84,1.46,3.3,3.82,18.4
2023-04-07,4.84,1.46,3.39,3.97,18.4
2023-04-10,4.7,1.45,3.41,4.0,18.97
2023-04-11,4.63,1.44,3.43,4.03,19.1
2023-04-12,4.62,1.43,3.41,3.95,19.09
2023-04-13,4.49,1.42,3.45,3.96,17.8
2023-04-14,4.43,1.39,3.52,4.08,17.07
2023-04-17,4.41,1.38,3.6,4.18,16.95
2023-04-18,4.37,1.37,3.58,4.19,16.83
2023-04-19,4.41,1.37,3.6,4.24,16.46
2023-04-20,4.54,1.38,3.54,4.14,17.17
2023-04-21,4.46,1.38,3.57,4.17,16.77
2023-04-24,4.48,1.38,3.52,4.12,16.89
2023-04-25,4.64,1.4,3.4,3.86,18.76
2023-04-26,4.63,1.41,3.43,3.9,18.84
2023-04-27,4.48,1.39,3.53,4.07,17.03
2023-04-28,4.5,1.4,3.44,4.04,15.78
2023-04-30,4.53,1.41,3.44,4.04,15.78
2023-05-01,4.45,1.4,3.59,4.14,16.08
2023-05-02,4.7,1.44,3.44,3.97,17.78
2023-05-03,4.79,1.45,3.38,3.89,18.34
2023-05-04,4.95,1.51,3.37,3.75,20.09
2023-05-05,4.77,1.48,3.44,3.92,17.19
2023-05-08,4.72,1.49,3.52,4.0,16.98
2023-05-09,4.74,1.49,3.53,4.01,17.71
2023-05-10,4.78,1.49,3.43,3.9,16.94
2023-05-11,4.81,1.49,3.39,3.89,16.93
2023-05-12,4.76,1.48,3.46,3.98,17.03
2023-05-15,4.77,1.49,3.5,3.99,17.12
2023-05-16,4.79,1.49,3.54,4.06,17.99
2023-05-17,4.75,1.49,3.57,4.12,16.87
2023-05-18,4.69,1.47,3.65,4.24,16.05
2023-05-19,4.62,1.45,3.7,4.28,16.81
2023-05-22,4.54,1.44,3.72,4.29,17.21
2023-05-23,4.6,1.44,3.7,4.26,18.53
2023-05-24,4.68,1.44,3.73,4.31,20.03
2023-05-25,4.58,1.42,3.83,4.5,19.14
2023-05-26,4.53,1.41,3.8,4.54,17.95
2023-05-29,4.54,1.41,3.8,4.54,17.46
2023-05-30,4.58,1.4,3.69,4.46,17.46
2023-05-31,4.69,1.42,3.64,4.4,17.94
2023-06-01,4.65,1.42,3.61,4.33,15.65
2023-06-02,4.37,1.39,3.69,4.5,14.6
2023-06-05,4.39,1.39,3.69,4.46,14.73
2023-06-06,4.39,1.39,3.7,4.51,13.96
2023-06-07,4.33,1.39,3.79,4.56,13.94
2023-06-08,4.39,1.4,3.73,4.52,13.65
2023-06-09,4.29,1.4,3.75,4.59,13.83
2023-06-12,4.34,1.41,3.73,4.55,15.01
2023-06-13,4.18,1.39,3.84,4.67,14.61
2023-06-14,4.18,1.38,3.83,4.74,13.88
2023-06-15,4.21,1.37,3.72,4.62,14.5
2023-06-16,4.15,1.35,3.77,4.7,13.54
2023-06-19,4.15,1.35,3.77,4.7,14.19
2023-06-20,4.22,1.35,3.74,4.68,13.88
2023-06-21,4.32,1.35,3.72,4.68,13.2
2023-06-22,4.3,1.34,3.8,4.77,12.91
2023-06-23,4.4,1.35,3.74,4.71,13.44
2023-06-26,4.45,1.36,3.72,4.65,14.25
2023-06-27,4.3,1.34,3.77,4.74,13.74
2023-06-28,4.27,1.34,3.71,4.71,13.43
2023-06-29,4.14,1.31,3.85,4.87,13.54
2023-06-30,4.05,1.3,3.81,4.87,13.59
2023-07-03,3.99,1.29,3.86,4.94,13.57
2023-07-04,3.99,1.29,3.86,4.94,13.7
2023-07-05,4.01,1.28,3.95,4.94,14.18
2023-07-06,4.1,1.29,4.05,4.99,15.44
2023-07-07,4.08,1.28,4.06,4.94,14.83
2023-07-10,4.13,1.29,4.01,4.85,15.07
2023-07-11,4.05,1.28,3.99,4.88,14.84
2023-07-12,3.95,1.27,3.86,4.72,13.54
2023-07-13,3.97,1.27,3.76,4.59,13.61
2023-07-14,3.9,1.28,3.83,4.74,13.34
2023-07-17,3.97,1.29,3.81,4.74,13.48
2023-07-18,3.9,1.28,3.8,4.74,13.3
2023-07-19,3.89,1.28,3.75,4.74,13.76
2023-07-20,3.9,1.27,3.85,4.8,13.99
2023-07-21,3.89,1.26,3.84,4.82,13.6
2023-07-24,3.82,1.25,3.86,4.81,13.91
2023-07-25,3.84,1.24,3.91,4.85,13.86
2023-07-26,3.91,1.23,3.86,4.82,13.19
2023-07-27,3.78,1.2,4.01,4.91,14.41
2023-07-28,3.82,1.19,3.96,4.87,13.33
2023-07-31,3.79,1.19,3.97,4.88,13.63
2023-08-01,3.82,1.19,4.05,4.92,13.93
2023-08-02,3.96,1.21,4.08,4.88,16.09
2023-08-03,3.98,1.22,4.2,4.9,15.92
2023-08-04,4.01,1.22,4.05,4.78,17.1
2023-08-07,3.97,1.22,4.09,4.76,15.77
2023-08-08,4.0,1.23,4.02,4.74,15.99
2023-08-09,3.94,1.23,4.0,4.79,15.96
2023-08-10,3.83,1.22,4.09,4.82,15.85
2023-08-11,3.83,1.22,4.16,4.89,14.84
2023-08-14,3.79,1.22,4.19,4.96,14.82
2023-08-15,3.85,1.23,4.21,4.92,16.46
2023-08-16,3.81,1.25,4.28,4.97,16.78
2023-08-17,3.95,1.26,4.3,4.94,17.89
2023-08-18,4.02,1.27,4.26,4.92,17.3
2023-08-21,3.97,1.26,4.34,4.97,17.13
2023-08-22,3.93,1.25,4.34,5.02,16.97
2023-08-23,3.92,1.25,4.19,4.95,15.98
2023-08-24,3.91,1.23,4.23,4.98,17.2
2023-08-25,3.9,1.23,4.25,5.03,15.68
2023-08-28,3.86,1.22,4.2,4.98,15.08
2023-08-29,3.87,1.22,4.12,4.87,14.45
2023-08-30,3.8,1.22,4.12,4.9,13.88
2023-08-31,3.85,1.22,4.09,4.85,13.57
2023-09-01,3.81,1.22,4.18,4.87,13.09
2023-09-04,3.81,1.22,4.18,4.87,13.82
2023-09-05,3.83,1.22,4.27,4.94,14.01
2023-09-06,3.86,1.23,4.3,5.01,14.45
2023-09-07,3.9,1.23,4.27,4.94,14.4
2023-09-08,3.85,1.23,4.26,4.98,13.84
2023-09-11,3.82,1.23,4.29,4.97,13.8
2023-09-12,3.84,1.23,4.27,4.98,14.23
2023-09-13,3.85,1.24,4.25,4.96,13.48
2023-09-14,3.78,1.23,4.29,5.0,12.82
2023-09-15,3.79,1.22,4.33,5.02,13.79
2023-09-18,3.82,1.22,4.32,5.05,14.0
2023-09-19,3.82,1.21,4.37,5.08,14.11
2023-09-20,3.77,1.2,4.35,5.12,15.14
2023-09-21,3.89,1.2,4.49,5.12,17.54
2023-09-22,3.93,1.2,4.44,5.1,17.2
2023-09-25,3.97,1.19,4.55,5.09,16.9
2023-09-26,4.04,1.2,4.56,5.04,18.94
2023-09-27,4.03,1.21,4.61,5.1,18.22
2023-09-28,4.09,1.23,4.59,5.04,17.34
2023-09-29,4.03,1.24,4.59,5.03,17.52
2023-09-30,4.03,1.25,4.59,5.03,17.52
2023-10-02,4.11,1.26,4.69,5.12,17.61
2023-10-03,4.26,1.28,4.81,5.15,19.78
2023-10-04,4.37,1.29,4.73,5.05,18.58
2023-10-05,4.38,1.29,4.72,5.03,18.49
2023-10-06,4.33,1.29,4.78,5.08,17.45
2023-10-09,4.34,1.29,4.78,5.08,17.7
2023-10-10,4.26,1.29,4.66,4.96,17.03
2023-10-11,4.25,1.27,4.58,4.99,16.09
2023-10-12,4.25,1.26,4.7,5.06,16.69
2023-10-13,4.3,1.27,4.63,5.04,19.32
2023-10-16,4.27,1.27,4.71,5.09,17.21
2023-10-17,4.25,1.27,4.83,5.19,17.88
2023-10-18,4.32,1.29,4.91,5.19,19.22
2023-10-19,4.37,1.31,4.98,5.14,21.4
2023-10-20,4.52,1.33,4.93,5.07,21.71
2023-10-23,4.51,1.33,4.86,5.05,20.37
2023-10-24,4.41,1.31,4.83,5.02,18.97
2023-10-25,4.37,1.3,4.95,5.08,20.19
2023-10-26,4.5,1.3,4.86,5.02,20.68
2023-10-27,4.53,1.31,4.84,4.99,21.27
2023-10-30,4.5,1.32,4.88,5.03,19.75
2023-10-31,4.42,1.32,4.88,5.07,18.14
2023-11-01,4.47,1.33,4.77,4.95,16.87
2023-11-02,4.15,1.29,4.67,4.98,15.66
2023-11-03,4.04,1.29,4.57,4.83,14.91
2023-11-06,4.0,1.28,4.67,4.93,14.89
2023-11-07,4.08,1.29,4.58,4.91,14.81
2023-11-08,4.08,1.28,4.49,4.93,14.45
2023-11-09,4.04,1.27,4.62,5.03,15.29
2023-11-10,4.03,1.26,4.61,5.04,14.17
2023-11-13,4.03,1.25,4.63,5.02,14.76
2023-11-14,3.92,1.23,4.44,4.8,14.16
2023-11-15,3.89,1.22,4.53,4.9,14.18
2023-11-16,4.02,1.21,4.45,4.83,14.32
2023-11-17,3.99,1.2,4.44,4.88,13.8
2023-11-20,3.92,1.18,4.42,4.89,13.41
2023-11-21,3.95,1.17,4.41,4.86,13.35
2023-11-22,3.9,1.15,4.42,4.89,12.85
2023-11-23,3.9,1.15,4.42,4.89,12.8
2023-11-24,3.85,1.14,4.47,4.92,12.46
2023-11-27,3.89,1.14,4.39,4.84,12.69
2023-11-28,3.9,1.14,4.34,4.73,12.69
2023-11-29,3.8,1.11,4.27,4.64,12.98
2023-11-30,3.84,1.11,4.37,4.73,12.92
2023-12-01,3.87,1.11,4.22,4.56,12.63
2023-12-04,3.8,1.1,4.28,4.64,13.08
2023-12-05,3.8,1.11,4.18,4.57,12.85
2023-12-06,3.79,1.12,4.12,4.6,12.97
2023-12-07,3.77,1.11,4.14,4.58,13.06
2023-12-08,3.75,1.1,4.23,4.71,12.35
2023-12-11,3.79,1.1,4.23,4.71,12.63
2023-12-12,3.76,1.09,4.2,4.73,12.07
2023-12-13,3.79,1.08,4.04,4.46,12.19
2023-12-14,3.47,1.04,3.92,4.37,12.48
2023-12-15,3.51,1.04,3.91,4.44,12.28
2023-12-18,3.51,1.05,3.95,4.43,12.56
2023-12-19,3.46,1.05,3.93,4.41,12.53
2023-12-20,3.43,1.06,3.86,4.34,13.67
2023-12-21,3.41,1.07,3.89,4.33,13.65
2023-12-22,3.39,1.07,3.9,4.31,13.03
2023-12-26,3.37,1.06,3.89,4.26,12.99
2023-12-27,3.34,1.05,3.79,4.2,12.43
2023-12-28,3.32,1.04,3.84,4.26,12.47
2023-12-29,3.34,1.04,3.88,4.23,12.45
2023-12-31,3.39,1.04,3.88,4.23,12.45
2024-01-02,3.54,1.06,3.95,4.33,13.2
2024-01-03,3.71,1.09,3.91,4.33,14.04
2024-01-04,3.69,1.09,3.99,4.38,14.13
2024-01-05,3.68,1.09,4.05,4.4,13.35
2024-01-08,3.63,1.08,4.01,4.36,13.08
2024-01-09,3.59,1.06,4.02,4.36,12.76
2024-01-10,3.5,1.04,4.04,4.37,12.69
2024-01-11,3.55,1.03,3.98,4.26,12.44
2024-01-12,3.56,1.02,3.96,4.14,12.7
2024-01-15,3.54,1.02,3.96,4.14,13.25
2024-01-16,3.58,1.02,4.07,4.22,13.84
2024-01-17,3.62,1.02,4.1,4.34,14.79
2024-01-18,3.58,1.01,4.14,4.34,14.13
2024-01-19,3.54,1.01,4.15,4.39,13.3
2024-01-22,3.49,1.01,4.11,4.37,13.19
2024-01-23,3.51,1.01,4.14,4.31,12.55
2024-01-24,3.44,0.99,4.18,4.34,13.14
2024-01-25,3.45,0.98,4.14,4.28,13.45
2024-01-26,3.39,0.97,4.15,4.34,13.26
2024-01-29,3.41,0.98,4.08,4.29,13.6
2024-01-30,3.42,1.0,4.06,4.36,13.31
2024-01-31,3.59,1.02,3.99,4.27,14.35
2024-02-01,3.56,1.04,3.87,4.2,13.88
2024-02-02,3.47,1.02,4.03,4.36,13.85
2024-02-05,3.5,1.0,4.17,4.46,13.67
2024-02-06,3.52,1.0,4.09,4.39,13.06
2024-02-07,3.43,1.0,4.09,4.41,12.83
2024-02-08,3.38,0.99,4.15,4.46,12.79
2024-02-09,3.33,1.0,4.17,4.48,12.93
2024-02-12,3.35,1.0,4.17,4.46,13.93
2024-02-13,3.36,0.99,4.31,4.64,15.85
2024-02-14,3.38,0.98,4.27,4.56,14.38
2024-02-15,3.35,0.97,4.24,4.56,14.01
2024-02-16,3.34,0.96,4.3,4.64,14.24
2024-02-19,3.34,0.96,4.3,4.64,14.71
2024-02-20,3.37,0.96,4.27,4.59,15.42
2024-02-21,3.34,0.94,4.32,4.64,15.34
2024-02-22,3.22,0.93,4.33,4.69,14.54
2024-02-23,3.23,0.95,4.26,4.67,13.75
2024-02-26,3.23,0.96,4.28,4.69,13.74
2024-02-27,3.26,0.96,4.31,4.7,13.43
2024-02-28,3.31,0.98,4.27,4.64,13.84
2024-02-29,3.29,1.0,4.25,4.64,13.4
2024-03-01,3.32,1.01,4.19,4.54,13.11
2024-03-04,3.26,1.0,4.22,4.61,13.49
2024-03-05,3.31,1.01,4.13,4.54,14.46
2024-03-06,3.27,1.01,4.11,4.55,14.5
2024-03-07,3.27,1.0,4.09,4.5,14.44
2024-03-08,3.26,0.99,4.09,4.48,14.74
2024-03-11,3.26,0.98,4.1,4.51,15.22
2024-03-12,3.2,0.97,4.16,4.58,13.84
2024-03-13,3.15,0.95,4.19,4.61,13.75
2024-03-14,3.15,0.94,4.29,4.68,14.4
2024-03-15,3.16,0.93,4.31,4.72,14.41
2024-03-18,3.13,0.92,4.34,4.73,14.33
2024-03-19,3.1,0.92,4.3,4.68,13.82
2024-03-20,3.14,0.92,4.27,4.59,13.04
2024-03-21,3.05,0.91,4.27,4.62,12.92
2024-03-22,3.08,0.92,4.22,4.59,13.06
2024-03-25,3.11,0.92,4.25,4.54,13.19
2024-03-26,3.15,0.93,4.24,4.56,13.24
2024-03-27,3.15,0.94,4.2,4.54,12.78
2024-03-28,3.12,0.93,4.2,4.59,13.01
2024-03-31,3.15,0.94,4.2,4.59,13.01
2024-04-01,3.12,0.93,4.33,4.72,13.65
2024-04-02,3.23,0.93,4.36,4.7,14.61
2024-04-03,3.23,0.92,4.36,4.68,14.33
2024-04-04,3.24,0.92,4.31,4.65,16.35
2024-04-05,3.18,0.92,4.39,4.73,16.03
2024-04-08,3.15,0.91,4.42,4.78,15.19
2024-04-09,3.14,0.91,4.36,4.74,14.98
2024-04-10,3.1,0.89,4.55,4.97,15.8
2024-04-11,3.16,0.89,4.56,4.93,14.91
2024-04-12,3.25,0.92,4.5,4.88,17.31
2024-04-15,3.28,0.92,4.63,4.93,19.23
2024-04-16,3.36,0.95,4.67,4.97,18.4
2024-04-17,3.42,0.95,4.59,4.93,18.21
2024-04-18,3.39,0.94,4.64,4.98,18.0
2024-04-19,3.37,0.94,4.62,4.97,18.71
2024-04-22,3.29,0.93,4.62,4.97,16.94
2024-04-23,3.2,0.92,4.61,4.86,15.69
2024-04-24,3.19,0.92,4.65,4.89,15.97
2024-04-25,3.24,0.92,4.7,4.96,15.37
2024-04-26,3.16,0.9,4.67,4.96,15.03
2024-04-29,3.12,0.9,4.63,4.97,14.67
2024-04-30,3.18,0.91,4.69,5.04,15.65
2024-05-01,3.21,0.91,4.63,4.96,15.39
2024-05-02,3.16,0.9,4.58,4.87,14.68
2024-05-03,3.08,0.89,4.5,4.81,13.49
2024-05-06,3.03,0.88,4.49,4.82,13.49
2024-05-07,3.06,0.88,4.47,4.82,13.23
2024-05-08,3.1,0.89,4.48,4.84,13.0
2024-05-09,3.14,0.89,4.45,4.8,12.69
2024-05-10,3.12,0.89,4.5,4.87,12.55
2024-05-13,3.14,0.9,4.48,4.85,13.6
2024-05-14,3.14,0.9,4.45,4.81,13.42
2024-05-15,3.13,0.9,4.36,4.73,12.45
2024-05-16,3.08,0.89,4.38,4.78,12.42
2024-05-17,3.09,0.89,4.42,4.83,11.99
2024-05-20,3.07,0.88,4.44,4.82,12.15
2024-05-21,3.07,0.89,4.41,4.82,11.86
2024-05-22,3.11,0.89,4.43,4.86,12.29
2024-05-23,3.1,0.89,4.47,4.91,12.77
2024-05-24,3.11,0.89,4.46,4.93,11.93
2024-05-27,3.12,0.89,4.46,4.93,12.36
2024-05-28,3.09,0.88,4.54,4.94,12.92
2024-05-29,3.15,0.88,4.61,4.96,14.28
2024-05-30,3.19,0.88,4.55,4.92,14.47
2024-05-31,3.2,0.88,4.51,4.89,12.92
2024-06-03,3.17,0.88,4.41,4.82,13.11
2024-06-04,3.22,0.9,4.33,4.77,13.16
2024-06-05,3.2,0.91,4.29,4.72,12.63
2024-06-06,3.2,0.92,4.28,4.72,12.58
2024-06-07,3.15,0.9,4.43,4.87,12.22
2024-06-10,3.15,0.9,4.47,4.87,12.74
2024-06-11,3.19,0.91,4.39,4.81,12.85
2024-06-12,3.09,0.9,4.31,4.75,12.04
2024-06-13,3.2,0.92,4.24,4.68,11.94
2024-06-14,3.29,0.95,4.2,4.67,12.66
2024-06-17,3.26,0.95,4.28,4.75,12.75
2024-06-18,3.24,0.96,4.22,4.69,12.3
2024-06-19,3.24,0.96,4.22,4.69,12.48
2024-06-20,3.23,0.96,4.25,4.7,13.28
2024-06-21,3.21,0.96,4.25,4.7,13.2
2024-06-24,3.19,0.96,4.25,4.71,13.33
2024-06-25,3.19,0.96,4.23,4.65,12.84
2024-06-26,3.18,0.97,4.32,4.71,12.55
2024-06-27,3.21,0.96,4.29,4.7,12.24
2024-06-28,3.18,0.96,4.36,4.71,12.44
2024-06-30,3.21,0.96,4.36,4.71,12.44
2024-07-01,3.21,0.94,4.48,4.77,12.22
2024-07-02,3.23,0.93,4.43,4.74,12.03
2024-07-03,3.25,0.93,4.36,4.71,12.09
2024-07-04,3.25,0.93,4.36,4.71,12.26
2024-07-05,3.27,0.92,4.28,4.6,12.48
2024-07-08,3.2,0.92,4.28,4.62,12.37
2024-07-09,3.21,0.92,4.3,4.62,12.51
2024-07-10,3.17,0.92,4.28,4.62,12.85
2024-07-11,3.18,0.93,4.2,4.5,12.92
2024-07-12,3.19,0.92,4.18,4.45,12.46
2024-07-15,3.13,0.92,4.23,4.44,13.12
2024-07-16,3.08,0.92,4.17,4.43,13.19
2024-07-17,3.09,0.93,4.16,4.42,14.48
2024-07-18,3.09,0.93,4.2,4.46,15.93
2024-07-19,3.09,0.93,4.25,4.49,16.52
2024-07-22,3.05,0.93,4.26,4.5,14.91
2024-07-23,3.02,0.93,4.25,4.4,14.72
2024-07-24,3.1,0.96,4.28,4.37,18.04
2024-07-25,3.08,0.95,4.27,4.41,18.46
2024-07-26,3.1,0.95,4.2,4.36,16.39
2024-07-29,3.13,0.95,4.17,4.36,16.6
2024-07-30,3.2,0.96,4.15,4.35,17.69
2024-07-31,3.25,0.97,4.09,4.29,16.36
2024-08-01,3.35,1.0,3.99,4.16,18.59
2024-08-02,3.72,1.06,3.8,3.88,23.39
2024-08-05,3.93,1.12,3.78,3.89,38.57
2024-08-06,3.67,1.08,3.9,3.99,27.71
2024-08-07,3.57,1.07,3.96,4.0,27.85
2024-08-08,3.48,1.05,3.99,4.04,23.79
2024-08-09,3.49,1.05,3.94,4.05,20.37
2024-08-12,3.52,1.05,3.9,4.01,20.71
2024-08-13,3.54,1.04,3.85,3.93,18.12
2024-08-14,3.46,1.02,3.83,3.94,16.19
2024-08-15,3.31,0.98,3.92,4.08,15.23
2024-08-16,3.29,0.98,3.89,4.06,14.8
2024-08-19,3.21,0.97,3.86,4.06,14.65
2024-08-20,3.25,0.98,3.82,3.99,15.88
2024-08-21,3.27,0.98,3.79,3.92,16.27
2024-08-22,3.21,0.97,3.86,3.99,17.55
2024-08-23,3.19,0.96,3.81,3.9,15.86
2024-08-26,3.15,0.96,3.82,3.91,16.15
2024-08-27,3.17,0.96,3.83,3.83,15.43
2024-08-28,3.19,0.96,3.84,3.83,17.11
2024-08-29,3.15,0.96,3.87,3.87,15.65
2024-08-30,3.13,0.95,3.91,3.91,15.0
2024-08-31,3.17,0.96,3.91,3.91,15.0
2024-09-02,3.17,0.96,3.91,3.91,15.55
2024-09-03,3.31,0.98,3.84,3.88,20.72
2024-09-04,3.35,0.99,3.77,3.76,21.32
2024-09-05,3.29,0.99,3.73,3.75,19.9
2024-09-06,3.39,0.99,3.72,3.66,22.38
2024-09-09,3.36,0.99,3.7,3.68,19.45
2024-09-10,3.46,1.01,3.65,3.59,19.08
2024-09-11,3.44,1.01,3.65,3.62,17.69
2024-09-12,3.39,0.99,3.68,3.64,17.07
2024-09-13,3.37,0.99,3.66,3.57,16.56
2024-09-16,3.32,0.98,3.63,3.56,17.14
2024-09-17,3.25,0.97,3.65,3.59,17.61
2024-09-18,3.21,0.95,3.7,3.61,18.23
2024-09-19,3.1,0.93,3.73,3.59,16.33
2024-09-20,3.15,0.93,3.73,3.55,16.15
2024-09-23,3.15,0.92,3.75,3.57,15.89
2024-09-24,3.21,0.92,3.74,3.49,15.39
2024-09-25,3.19,0.92,3.79,3.53,15.41
2024-09-26,3.14,0.92,3.79,3.6,15.37
2024-09-27,3.14,0.92,3.75,3.55,16.96
2024-09-30,3.03,0.92,3.81,3.66,16.73
2024-10-01,3.07,0.92,3.74,3.61,19.26
2024-10-02,3.06,0.91,3.79,3.63,18.9
2024-10-03,3.04,0.9,3.85,3.7,20.49
2024-10-04,2.89,0.87,3.98,3.93,19.21
2024-10-07,2.95,0.86,4.03,3.99,22.64
2024-10-08,2.99,0.87,4.04,3.98,21.42
2024-10-09,2.94,0.85,4.06,3.99,20.86
2024-10-10,2.99,0.84,4.09,3.98,20.93
2024-10-11,2.98,0.84,4.08,3.95,20.46
2024-10-14,2.97,0.84,4.08,3.95,19.7
2024-10-15,2.93,0.83,4.03,3.95,20.64
2024-10-16,2.9,0.83,4.02,3.93,19.58
2024-10-17,2.89,0.83,4.09,3.96,19.11
2024-10-18,2.88,0.83,4.08,3.95,18.03
2024-10-21,2.88,0.85,4.19,4.02,18.37
2024-10-22,2.92,0.85,4.2,4.03,18.2
2024-10-23,2.95,0.86,4.24,4.07,19.24
2024-10-24,2.93,0.86,4.21,4.07,19.08
2024-10-25,2.89,0.85,4.25,4.11,20.33
2024-10-28,2.82,0.84,4.28,4.12,19.8
2024-10-29,2.85,0.84,4.28,4.11,19.34
2024-10-30,2.8,0.84,4.29,4.15,20.35
2024-10-31,2.88,0.86,4.28,4.16,23.16
2024-11-01,2.83,0.86,4.37,4.21,21.88
2024-11-04,2.87,0.86,4.31,4.17,21.98
2024-11-05,2.86,0.84,4.26,4.19,20.49
2024-11-06,2.74,0.8,4.42,4.27,16.27
2024-11-07,2.73,0.78,4.31,4.21,15.2
2024-11-08,2.63,0.77,4.3,4.26,14.94
2024-11-11,2.63,0.77,4.3,4.26,14.97
2024-11-12,2.61,0.77,4.43,4.34,14.71
2024-11-13,2.64,0.78,4.44,4.27,14.02
2024-11-14,2.6,0.8,4.43,4.34,14.31
2024-11-15,2.72,0.8,4.43,4.31,16.14
2024-11-18,2.72,0.8,4.42,4.29,15.58
2024-11-19,2.69,0.8,4.39,4.27,16.35
2024-11-20,2.67,0.81,4.41,4.31,17.16
2024-11-21,2.61,0.81,4.43,4.34,16.87
2024-11-22,2.61,0.8,4.41,4.37,15.24
2024-11-25,2.64,0.8,4.27,4.21,14.6
2024-11-26,2.68,0.81,4.3,4.21,14.1
2024-11-27,2.69,0.82,4.25,4.19,14.1
2024-11-28,2.69,0.82,4.25,4.19,13.9
2024-11-29,2.72,0.82,4.18,4.13,13.51
2024-11-30,2.74,0.83,4.18,4.13,13.51
2024-12-02,2.68,0.81,4.19,4.17,13.34
2024-12-03,2.66,0.8,4.23,4.17,13.3
2024-12-04,2.66,0.8,4.19,4.13,13.45
2024-12-05,2.66,0.81,4.17,4.15,13.54
2024-12-06,2.67,0.81,4.15,4.1,12.77
2024-12-09,2.67,0.81,4.2,4.13,14.19
2024-12-10,2.67,0.8,4.22,4.15,14.18
2024-12-11,2.64,0.78,4.26,4.15,13.58
2024-12-12,2.66,0.79,4.32,4.18,13.92
2024-12-13,2.68,0.78,4.4,4.25,13.81
2024-12-16,2.69,0.78,4.39,4.25,14.69
2024-12-17,2.75,0.79,4.4,4.25,15.87
2024-12-18,2.73,0.79,4.5,4.35,27.62
2024-12-19,2.91,0.82,4.57,4.32,24.09
2024-12-20,2.86,0.82,4.52,4.3,18.36
2024-12-23,2.85,0.82,4.59,4.3,16.78
2024-12-24,2.86,0.82,4.59,4.29,14.27
2024-12-26,2.86,0.81,4.58,4.3,14.73
2024-12-27,2.84,0.81,4.62,4.31,15.95
2024-12-30,2.94,0.82,4.55,4.24,17.4
2024-12-31,2.92,0.82,4.58,4.25,17.35
2025-01-02,2.88,0.83,4.57,4.25,17.93
2025-01-03,2.81,0.83,4.6,4.28,16.13
2025-01-06,2.76,0.84,4.62,4.28,16.04
2025-01-07,2.79,0.84,4.67,4.3,17.82
2025-01-08,2.84,0.83,4.67,4.28,17.7
2025-01-09,2.82,0.83,4.68,4.27,18.07
2025-01-10,2.81,0.83,4.77,4.4,19.54
2025-01-13,2.85,0.84,4.79,4.4,19.19
2025-01-14,2.8,0.84,4.78,4.37,18.71
2025-01-15,2.72,0.83,4.66,4.27,16.12
2025-01-16,2.73,0.83,4.61,4.23,16.6
2025-01-17,2.64,0.82,4.61,4.27,15.97
2025-01-20,2.64,0.82,4.61,4.27,15.81
2025-01-21,2.61,0.82,4.57,4.29,15.06
2025-01-22,2.59,0.81,4.6,4.29,15.1
2025-01-23,2.61,0.8,4.65,4.29,15.02
2025-01-24,2.6,0.8,4.63,4.27,14.85
2025-01-27,2.66,0.81,4.53,4.17,17.9
2025-01-28,2.66,0.81,4.55,4.19,16.41
2025-01-29,2.68,0.81,4.55,4.21,16.56
2025-01-30,2.67,0.81,4.52,4.18,15.84
2025-01-31,2.68,0.82,4.58,4.22,16.43
2025-02-03,2.73,0.83,4.54,4.26,18.62
2025-02-04,2.71,0.82,4.52,4.21,17.21
2025-02-05,2.69,0.83,4.43,4.17,15.77
2025-02-06,2.66,0.84,4.45,4.21,15.5
2025-02-07,2.67,0.84,4.49,4.29,16.54
2025-02-10,2.66,0.84,4.51,4.28,15.81
2025-02-11,2.66,0.83,4.54,4.29,16.02
2025-02-12,2.65,0.81,4.62,4.36,15.89
2025-02-13,2.65,0.81,4.52,4.31,15.1
2025-02-14,2.62,0.8,4.47,4.26,14.77
2025-02-17,2.62,0.8,4.47,4.26,15.37
2025-02-18,2.62,0.79,4.55,4.29,15.35
2025-02-19,2.68,0.79,4.53,4.28,15.27
2025-02-20,2.66,0.8,4.5,4.28,15.66
2025-02-21,2.78,0.81,4.42,4.19,18.21
2025-02-24,2.78,0.81,4.4,4.13,18.98
2025-02-25,2.84,0.84,4.3,4.07,19.43
2025-02-26,2.81,0.84,4.25,4.05,19.1
2025-02-27,2.81,0.85,4.29,4.07,21.13
2025-02-28,2.87,0.88,4.24,3.99,19.63
2025-03-03,2.94,0.89,4.16,3.96,22.78
2025-03-04,2.99,0.89,4.22,3.96,23.51
2025-03-05,2.88,0.87,4.28,3.99,21.93
2025-03-06,2.99,0.88,4.29,3.96,24.87
2025-03-07,2.97,0.89,4.32,3.99,23.37
2025-03-10,3.16,0.91,4.22,3.89,27.86
2025-03-11,3.22,0.94,4.28,3.94,26.92
2025-03-12,3.2,0.96,4.32,4.01,24.23
2025-03-13,3.4,0.97,4.27,3.94,24.66
2025-03-14,3.25,0.94,4.31,4.02,21.77
2025-03-17,3.18,0.93,4.31,4.06,20.51
2025-03-18,3.23,0.93,4.29,4.04,21.7
2025-03-19,3.19,0.91,4.25,3.99,19.9
2025-03-20,3.17,0.91,4.24,3.95,19.8
2025-03-21,3.21,0.92,4.25,3.94,19.28
2025-03-24,3.05,0.9,4.34,4.04,17.48
2025-03-25,3.09,0.9,4.31,3.96,17.15
2025-03-26,3.19,0.91,4.35,3.98,18.33
2025-03-27,3.27,0.91,4.38,3.97,18.69
2025-03-28,3.47,0.94,4.27,3.89,21.65
2025-03-31,3.55,0.97,4.23,3.89,22.28
2025-04-01,3.5,0.98,4.17,3.87,21.77
2025-04-02,3.42,0.96,4.2,3.91,21.51
2025-04-03,4.01,1.06,4.06,3.71,30.02
2025-04-04,4.45,1.14,4.01,3.68,45.31
2025-04-07,4.61,1.2,4.15,3.73,46.98
2025-04-08,4.57,1.18,4.26,3.71,52.33
2025-04-09,4.37,1.21,4.34,3.91,33.62
2025-04-10,4.42,1.18,4.4,3.84,40.72
2025-04-11,4.26,1.18,4.48,3.96,37.56
2025-04-14,4.14,1.15,4.38,3.84,30.89
2025-04-15,4.09,1.14,4.35,3.84,30.12
2025-04-16,4.16,1.13,4.29,3.77,32.64
2025-04-17,4.02,1.11,4.34,3.81,29.65
2025-04-21,4.16,1.12,4.42,3.75,33.82
2025-04-22,3.99,1.11,4.41,3.76,30.57
2025-04-23,3.75,1.08,4.4,3.81,28.45
2025-04-24,3.73,1.06,4.32,3.77,26.47
2025-04-25,3.67,1.04,4.29,3.74,24.84
2025-04-28,3.73,1.04,4.23,3.67,25.15
2025-04-29,3.74,1.06,4.19,3.65,24.17
2025-04-30,3.94,1.09,4.17,3.6,24.7
2025-05-01,3.78,1.09,4.25,3.7,24.6
2025-05-02,3.6,1.06,4.33,3.83,22.68
2025-05-05,3.6,1.05,4.36,3.83,23.64
2025-05-06,3.66,1.05,4.3,3.78,24.76
2025-05-07,3.67,1.05,4.26,3.78,23.55
2025-05-08,3.51,1.02,4.37,3.9,22.48
2025-05-09,3.53,1.02,4.37,3.88,21.9
2025-05-12,3.15,0.97,4.45,3.98,18.39
2025-05-13,3.09,0.94,4.49,4.02,18.22
2025-05-14,3.1,0.93,4.53,4.05,18.62
2025-05-15,3.2,0.94,4.45,3.96,17.83
2025-05-16,3.16,0.93,4.43,3.98,17.24
2025-05-19,3.21,0.92,4.46,3.97,18.14
2025-05-20,3.2,0.9,4.48,3.97,18.09
2025-05-21,3.25,0.91,4.58,4.0,20.87
2025-05-22,3.32,0.92,4.54,4.0,20.28
2025-05-23,3.4,0.93,4.51,4.0,22.29
2025-05-26,3.4,0.93,4.51,4.0,20.57
2025-05-27,3.24,0.91,4.43,3.92,18.96
2025-05-28,3.23,0.9,4.47,3.96,19.31
2025-05-29,3.22,0.9,4.43,3.92,19.18
2025-05-30,3.31,0.91,4.41,3.89,18.57
2025-05-31,3.32,0.92,4.41,3.89,18.57
2025-06-02,3.27,0.91,4.46,3.94,18.36
2025-06-03,3.19,0.89,4.46,3.96,17.69
2025-06-04,3.23,0.89,4.37,3.87,17.61
2025-06-05,3.18,0.89,4.4,3.92,18.48
2025-06-06,3.09,0.87,4.51,4.04,16.77
2025-06-09,3.12,0.87,4.49,4.01,17.16
2025-06-10,3.12,0.87,4.47,4.01,16.95
2025-06-11,3.12,0.87,4.41,3.94,17.26
2025-06-12,3.17,0.88,4.36,3.9,18.02
2025-06-13,3.18,0.88,4.41,3.96,20.82
2025-06-16,3.1,0.87,4.46,3.97,19.11
2025-06-17,3.17,0.88,4.39,3.94,21.6
2025-06-18,3.16,0.88,4.38,3.94,20.14
2025-06-19,3.16,0.88,4.38,3.94,22.17
2025-06-20,3.13,0.88,4.38,3.9,20.62
2025-06-23,3.12,0.89,4.34,3.84,19.83
2025-06-24,3.06,0.88,4.3,3.75,17.48
2025-06-25,3.04,0.88,4.29,3.74,16.76
2025-06-26,3.04,0.89,4.26,3.7,16.59
2025-06-27,3.02,0.88,4.29,3.73,16.32
2025-06-30,2.96,0.86,4.24,3.72,16.73
2025-07-01,2.91,0.84,4.26,3.78,16.83
2025-07-02,2.88,0.83,4.3,3.78,16.64
2025-07-03,2.8,0.8,4.35,3.88,16.38
2025-07-04,2.8,0.8,4.35,3.88,17.48
2025-07-07,2.86,0.81,4.4,3.9,17.79
2025-07-08,2.92,0.82,4.42,3.9,16.81
2025-07-09,2.94,0.83,4.34,3.86,15.94
2025-07-10,2.92,0.83,4.35,3.86,15.78
2025-07-11,2.97,0.83,4.43,3.9,16.4
2025-07-14,2.95,0.82,4.43,3.9,17.2
2025-07-15,2.95,0.81,4.5,3.95,17.38
2025-07-16,3.0,0.81,4.46,3.88,17.16
2025-07-17,2.91,0.8,4.47,3.91,16.52
2025-07-18,2.93,0.8,4.44,3.88,16.41
2025-07-21,2.89,0.8,4.38,3.85,16.65
2025-07-22,2.9,0.81,4.35,3.83,16.5
2025-07-23,2.83,0.79,4.4,3.88,15.37
2025-07-24,2.82,0.79,4.43,3.91,15.39
2025-07-25,2.84,0.78,4.4,3.91,14.93
2025-07-28,2.82,0.78,4.42,3.91,15.03
2025-07-29,2.86,0.79,4.34,3.86,15.98
2025-07-30,2.89,0.78,4.38,3.94,15.48
2025-07-31,2.86,0.79,4.37,3.94,16.72
2025-08-01,3.13,0.82,4.23,3.69,20.38
2025-08-04,3.02,0.82,4.22,3.69,17.52
2025-08-05,2.98,0.82,4.22,3.72,17.85
2025-08-06,2.98,0.81,4.22,3.69,16.77
2025-08-07,2.95,0.8,4.23,3.72,16.57
2025-08-08,2.94,0.8,4.27,3.76,15.15
2025-08-11,2.94,0.8,4.27,3.76,16.25
2025-08-12,2.93,0.79,4.29,3.72,14.73
2025-08-13,2.9,0.78,4.24,3.67,14.49
2025-08-14,2.89,0.77,4.29,3.74,14.83
2025-08-15,2.88,0.75,4.33,3.75,15.09
2025-08-18,2.88,0.75,4.34,3.77,14.99
2025-08-19,2.9,0.76,4.3,3.75,15.57
2025-08-20,2.94,0.77,4.29,3.74,15.69
2025-08-21,2.95,0.77,4.33,3.79,16.6
2025-08-22,2.88,0.77,4.26,3.68,14.22
2025-08-25,2.8,0.76,4.28,3.73,14.79
2025-08-26,2.78,0.78,4.26,3.61,14.62
2025-08-27,2.78,0.78,4.24,3.59,14.85
2025-08-28,2.75,0.79,4.22,3.62,14.43
2025-08-29,2.82,0.8,4.23,3.59,15.36
2025-08-31,2.84,0.81,4.23,3.59,15.36
2025-09-01,2.84,0.81,4.23,3.59,16.12
2025-09-02,2.92,0.82,4.28,3.66,17.17
2025-09-03,2.88,0.81,4.22,3.61,16.35
2025-09-04,2.84,0.79,4.17,3.59,15.3
2025-09-05,2.83,0.79,4.1,3.51,15.18
2025-09-08,2.84,0.8,4.05,3.49,15.11
2025-09-09,2.87,0.8,4.08,3.54,15.04
2025-09-10,2.84,0.79,4.04,3.54,15.35
2025-09-11,2.78,0.78,4.01,3.52,14.71
2025-09-12,2.79,0.77,4.06,3.56,14.76
2025-09-15,2.75,0.75,4.05,3.54,15.69
2025-09-16,2.79,0.76,4.04,3.51,16.36
2025-09-17,2.79,0.76,4.06,3.52,15.72
2025-09-18,2.71,0.75,4.11,3.57,15.7
2025-09-19,2.72,0.74,4.14,3.57,15.45
2025-09-22,2.69,0.74,4.15,3.61,16.1
2025-09-23,2.71,0.75,4.12,3.53,16.64
2025-09-24,2.7,0.75,4.16,3.57,16.18
2025-09-25,2.76,0.76,4.18,3.64,16.74
2025-09-26,2.75,0.75,4.2,3.63,15.29
2025-09-29,2.74,0.75,4.15,3.63,16.12
2025-09-30,2.8,0.76,4.16,3.6,16.28
2025-10-01,2.81,0.76,4.12,3.55,16.29
2025-10-02,2.81,0.75,4.1,3.55,16.63
2025-10-03,2.8,0.75,4.13,3.58,16.65
2025-10-06,2.76,0.74,4.18,3.6,16.37
2025-10-07,2.82,0.75,4.14,3.57,17.24
2025-10-08,2.84,0.75,4.13,3.58,16.3
2025-10-09,2.95,0.77,4.14,3.6,16.43
2025-10-10,3.18,0.81,4.05,3.52,21.66
2025-10-13,3.18,0.81,4.05,3.52,19.03
2025-10-14,3.11,0.81,4.03,3.48,20.81
2025-10-15,2.95,0.78,4.05,3.5,20.64
2025-10-16,3.04,0.8,3.99,3.41,25.31
2025-10-17,3.04,0.8,4.02,3.46,20.78
2025-10-20,2.99,0.79,4.0,3.46,18.23
2025-10-21,2.97,0.79,3.98,3.45,17.87
2025-10-22,3.01,0.8,3.97,3.45,18.6
2025-10-23,2.96,0.78,4.01,3.48,17.3
2025-10-24,2.88,0.77,4.02,3.48,16.37
2025-10-27,2.8,0.76,4.01,3.48,15.79
2025-10-28,2.82,0.76,3.99,3.47,16.42
2025-10-29,2.76,0.75,4.08,3.59,16.92
2025-10-30,2.85,0.77,4.11,3.61,16.91
2025-10-31,2.94,0.8,4.11,3.6,17.44
2025-11-03,3.04,0.83,4.13,3.6,17.17
2025-11-04,3.13,0.83,4.1,3.58,19.0
2025-11-05,3.05,0.81,4.17,3.63,18.01
2025-11-06,3.13,0.82,4.11,3.57,19.5
2025-11-07,3.15,0.84,4.11,3.55,19.08
2025-11-10,3.02,0.82,4.13,3.58,17.6
2025-11-11,3.02,0.82,4.13,3.58,17.28
2025-11-12,3.02,0.83,4.08,3.56,17.51
2025-11-13,3.09,0.84,4.11,3.58,20.0
2025-11-14,3.07,0.83,4.14,3.62,19.83
2025-11-17,3.13,0.84,4.13,3.6,22.38
2025-11-18,3.2,0.85,4.12,3.58,24.69
2025-11-19,3.17,0.84,4.13,3.58,23.66
2025-11-20,3.17,0.85,4.1,3.55,26.42
2025-11-21,3.19,0.86,4.06,3.51,23.43
2025-11-24,3.15,0.85,4.04,3.46,20.52
2025-11-25,3.1,0.84,4.01,3.43,18.56
2025-11-26,3.0,0.82,4.0,3.45,17.19
2025-11-27,3.0,0.82,4.0,3.45,17.21
2025-11-28,2.95,0.82,4.02,3.47,16.35
2025-11-30,2.92,0.82,4.02,3.47,16.35
2025-12-01,2.94,0.82,4.09,3.54,17.24
2025-12-02,2.92,0.81,4.09,3.51,16.59
2025-12-03,2.89,0.81,4.06,3.49,16.08
2025-12-04,2.88,0.8,4.11,3.52,15.78
2025-12-05,2.85,0.79,4.14,3.56,15.41
2025-12-08,2.89,0.78,4.17,3.57,16.66
2025-12-09,2.89,0.79,4.18,3.61,16.93
2025-12-10,2.91,0.78,4.13,3.54,15.77
2025-12-11,2.88,0.78,4.14,3.52,14.85
2025-12-12,2.91,0.8,4.19,3.52,15.74
2025-12-15,2.91,0.8,4.18,3.51,16.5
2025-12-16,2.98,0.81,4.15,3.48,16.48
2025-12-17,2.99,0.81,4.16,3.49,17.62
2025-12-18,2.95,0.81,4.12,3.46,16.87
2025-12-19,2.9,0.8,4.16,3.48,14.91
2025-12-22,2.88,0.8,4.17,3.44,14.08
2025-12-23,2.83,0.79,4.18,3.48,14.0
2025-12-24,2.84,0.79,4.15,3.47,13.47
2025-12-26,2.86,0.79,4.14,3.46,13.6
2025-12-29,2.87,0.79,4.12,3.45,14.2
2025-12-30,2.84,0.79,4.14,3.45,14.33
2025-12-31,2.81,0.79,4.18,3.47,14.95
2026-01-02,2.83,0.79,4.19,3.47,14.51
2026-01-05,2.81,0.79,4.17,3.46,14.9
2026-01-06,2.79,0.79,4.18,3.47,14.75
2026-01-07,2.79,0.79,4.15,3.47,15.38
2026-01-08,2.76,0.79,4.19,3.49,15.45
2026-01-09,2.74,0.78,4.18,3.54,14.49
2026-01-12,2.74,0.78,4.19,3.54,15.12
2026-01-13,2.75,0.77,4.18,3.53,15.98
2026-01-14,2.76,0.77,4.15,3.51,16.75
2026-01-15,2.71,0.76,4.17,3.56,15.84
2026-01-16,2.65,0.75,4.24,3.59,15.86
2026-01-19,2.65,0.75,4.24,3.59,18.84
2026-01-20,2.73,0.75,4.3,3.6,20.09
2026-01-21,2.69,0.74,4.26,3.6,16.9
2026-01-22,2.64,0.73,4.26,3.61,15.64
2026-01-23,2.68,0.73,4.24,3.6,16.09
2026-01-26,2.69,0.74,4.22,3.56,16.15
2026-01-27,2.71,0.73,4.24,3.53,16.35
2026-01-28,2.72,0.73,4.26,3.56,16.35
2026-01-29,2.77,0.74,4.24,3.53,16.88
2026-01-30,2.8,0.74,4.26,3.52,17.44
2026-01-31,2.88,0.75,4.26,3.52,17.44
2026-02-02,2.81,0.74,4.29,3.57,16.34
2026-02-03,2.85,0.74,4.28,3.57,18.0
2026-02-04,2.86,0.75,4.29,3.57,18.64
2026-02-05,2.97,0.76,4.21,3.47,21.77
2026-02-06,2.87,0.76,4.22,3.5,17.76
2026-02-09,2.84,0.76,4.22,3.48,17.36
2026-02-10,2.86,0.77,4.16,3.45,17.79
2026-02-11,2.84,0.77,4.18,3.52,17.65
2026-02-12,2.92,0.78,4.09,3.47,20.82
2026-02-13,2.95,0.79,4.04,3.4,20.6
2026-02-16,2.94,0.79,4.04,3.4,21.2
2026-02-17,2.94,0.8,4.05,3.43,20.29
2026-02-18,2.86,0.78,4.09,3.47,19.62
2026-02-19,2.88,0.79,4.08,3.47,20.23
2026-02-20,2.86,0.78,4.08,3.48,19.09
2026-02-23,2.95,0.8,4.03,3.43,21.01
2026-02-24,2.97,0.81,4.04,3.43,19.55
2026-02-25,2.94,0.8,4.05,3.45,17.93
2026-02-26,2.98,0.82,4.02,3.42,18.63
2026-02-27,3.1,0.85,3.97,3.38,19.86
2026-02-28,3.12,0.86,3.97,3.38,19.86
2026-03-02,3.03,0.85,4.05,3.47,21.44
2026-03-03,3.08,0.84,4.06,3.51,23.57
2026-03-04,2.97,0.82,4.09,3.54,21.15
2026-03-05,3.0,0.82,4.13,3.57,23.75
2026-03-06,3.13,0.84,4.15,3.56,29.49
2026-03-09,3.19,0.85,4.12,3.56,25.5
2026-03-10,3.06,0.84,4.15,3.57,24.93
2026-03-11,3.09,0.88,4.21,3.64,24.23
2026-03-12,3.17,0.91,4.27,3.76,27.29
2026-03-13,3.28,0.93,4.28,3.73,27.19
2026-03-16,3.27,0.94,4.23,3.68,23.51
2026-03-17,3.22,0.92,4.2,3.68,22.37
2026-03-18,3.2,0.91,4.26,3.76,25.09
2026-03-19,3.27,0.9,4.25,3.79,24.06
2026-03-20,3.24,0.88,4.39,3.88,26.78
2026-03-23,3.19,0.88,4.34,3.83,26.15
2026-03-24,3.19,0.87,4.39,3.9,26.95
2026-03-25,3.17,0.87,4.33,3.84,25.33
2026-03-26,3.21,0.88,4.42,3.96,27.44
2026-03-27,3.42,0.91,4.44,3.88,31.05
2026-03-30,3.46,0.93,4.35,3.82,30.61
2026-03-31,3.28,0.9,4.3,3.79,25.25
2026-04-01,3.16,0.87,4.33,3.81,24.54
2026-04-02,3.17,0.86,4.31,3.79,23.87
2026-04-03,3.13,0.86,4.35,3.84,23.87
